ch0,ch1,ch2,ch3
0.00022715337655591363,0.00021307045839606188,0.00018067751033841364,0.00020868339234385302
0.00022361277129729295,0.00022124977673292903,0.00018322039390747087,0.00021837226295493592
0.00021901916317954083,0.0002291250782055842,0.00018975007610073447,0.00022558030762300256
0.00021573515766194198,0.00023350724013659787,0.00019754044166719366,0.00022762790922823566
0.00021556523095715035,0.00023263982473302122,0.0002033287319230673,0.00022396404854574262
0.00021901615186826475,0.00022692070516428116,0.00020467106965011447,0.0002163904722548935
0.00022509257324206632,0.00021873371133466612,0.00020095817789836726,0.00020831140040106027
0.00023171004944162027,0.00021146134219379763,0.00019366903647718937,0.0002033212630014582
0.00023655400468809912,0.0002080873178832753,0.00018575651250070878,0.00020371628812255863
0.00023803068434343237,0.00020996632316455438,0.00018041959024180662,0.00020954610741447924
0.00023591950960893926,0.00021626840111376713,0.0001797720129017203,0.00021859687737789564
0.0002314600272107603,0.00022432623858055847,0.00018396083771626815,0.0002273112257895895
0.00022683944237384312,0.00023074052563585483,0.00019110218460213497,0.00023226271224378653
0.00022429266153648744,0.0002327857547098776,0.00019806234963918928,0.00023157377051855055
0.0002251849520661024,0.0002295353178993309,0.00020176107035207958,0.00022569055240487506
0.00022945323870987762,0.0002222413690725687,0.00020045599826176664,0.00021719510449823547
0.00023563387518108815,0.0002138132803561365,0.00019447403649734837,0.000209734001821994
0.000241463788598451,0.00020761114736782531,0.00018608383904295174,0.0002065078451489455
0.0002448072658622841,0.0002060537405107689,0.00017855995569074096,0.00020894695712506735
0.00024452837165554937,0.00020961673654352336,0.00017482520619096673,0.00021612073743266591
0.00024095273274307803,0.0002166355078924132,0.0001762342572473451,0.000225124108341101
0.00023573173457041826,0.0002239940154433321,0.00018200440868361596,0.00023228032776022528
0.00023116707809090853,0.00022841494949539325,0.00018953230172367324,0.00023466231336017685
0.00022927361067194,0.00022781758877832227,0.00019546802302050918,0.0002313036453905088
0.00023096361084125197,0.0002221816605070875,0.00019710304203416186,0.0002235993247300624
0.0002356839362779098,0.0002135594730448638,0.000193496499102698,0.00021473147348547838
0.00024165075798176497,0.00020523053438545455,0.0001858708833627563,0.00020835778113544598
0.0002465821193343757,0.0002003473975891604,0.00017710969727631476,0.00020710434504873096
0.0002486264922178078,0.00020063209795423875,0.00017056187906343149,0.00021148445813225572
0.00024710803171638105,0.00020566215304608135,0.0001686464527318088,0.00021968834038230947
0.00024278703141564044,0.00021304195487322972,0.00017183609761700093,0.00022832912648311368
0.00023753417034312,0.00021938977976033476,0.0001784439827468248,0.0002338362865275201
0.00023355685330576784,0.00022173351699927748,0.0001853073109116583,0.00023392159865843622
0.00023249711247325924,0.00021873886613952475,0.00018908989647428264,0.0002285141450399091
0.0002347697428260186,0.00021126228864804816,0.00018766820894042057,0.00021978078332252253
0.00023940771494153606,0.0002019993473509648,0.00018102778342720337,0.00021122590695009548
0.00024447235197554314,0.00019437247289789662,0.00017129610385078066,0.00020624323228969935
0.00024785486553568657,0.00019111653763322328,0.00016189259259057726,0.00020671683813073486
0.00024813809714231705,0.00019314600812135311,0.00015614036265118489,0.00021224680303973207
0.00024516638005417894,0.00019917189898378362,0.0001559077217416075,0.0002203163221123667
0.00024009445259605107,0.00020622771981729235,0.00016083751768637282,0.0002273292529347535
0.00023490155273563345,0.00021088850811843058,0.00016848269849673218,0.00023008963966694338
0.00023157529875165073,0.00021068071862791123,0.00017529509766578104,0.00022711471927672438
0.0002313024037416771,0.00020510154981985546,0.00017806406285381788,0.00021924350785006228
0.0002339965016897753,0.0001958271678699472,0.0001752163672599912,0.00020929419660093102
0.0002383517001079294,0.0001860240317960103,0.00016744529677520387,0.00020091461899516622
0.0002423933596102186,0.00017904798943736174,0.00015741193012941824,0.00019709986480612328
0.000244294680498565,0.00017706889131972374,0.00014864244859489023,0.00019898459899259818
0.00024312178959988114,0.00018018932805203514,0.00014407529595188563,0.00020540113058309655
0.00023920337179395978,0.00018642161340225614,0.00014485548742638245,0.00021337719261550373
0.00023397822652621134,0.0001925315171745803,0.00014987136244859077,0.00021936132336596763
0.0002293896245395736,0.00019539745232531773,0.00015622356756599213,0.00022066778550931755
0.0002270801121190751,0.00019331892987762823,0.00016043267246413905,0.00021654807941172503
0.00022771916962185257,0.00018672767671262862,0.00015988813410305663,0.00020845553806997692
0.00023073785047749175,0.0001780016481516838,0.0001539420336161778,0.00019940562989940693
0.0002345746386320908,0.00017045488165555299,0.00014419673324968707,0.00019270752292236212
0.00023732609955430376,0.00016692073738413046,0.00013386629241938342,0.00019059813023904778
0.00023753117628254032,0.00016851940497554957,0.00012647127269349307,0.0001933437458046631
0.00023476611508606367,0.0001741295681708115,0.00012439969573568177,0.0001991743435610505
0.00022980796142690223,0.000180796426220121,0.0001279217280883559,0.00020506630113763203
0.0002243037430323644,0.00018492132224086247,0.0001350602535764276,0.00020803656565118625
0.0002200854806153873,0.00018375133556742878,0.0001423704004347103,0.00020640142961832693
0.0002184147818278723,0.00017655603829868353,0.00014631153080381376,0.00020047234212758168
0.00021946697444395356,0.0001649991343657801,0.00014465607364950311,0.00019240022821004254
0.00022226414612573696,0.0001525375186240002,0.0001373676254016608,0.00018523809035965984
0.00022508154739422562,0.00014307756018298108,0.0001265992541958122,0.00018161954216606632
0.00022615888765520326,0.00013942549164424055,0.0001158210854777875,0.00018261184320671181
0.0002244256900196032,0.00014215890496179704,0.00010843696890297603,0.00018722921161791177
0.00021994687515863788,0.000149380891427855,0.00010645075945430772,0.00019281624674022843
0.00021391071603344585,0.00015746320459601346,0.00010971373454373009,0.0001961472001806888
0.00020816755035607445,0.0001624839380034072,0.00011604097083563452,0.0001947861764229034
0.00020450774047672238,0.00016178206826464596,0.00012212870916100335,0.00018814135545814844
0.00020396870643275041,0.00015500196140623467,0.00012488377020820462,0.00017776994891747632
0.00020644401273605293,0.00014420664543598853,0.00012262026406543395,0.00016679902206915306
0.00021074162798781498,0.00013301629653995396,0.00011564850572549044,0.00015869302486430257
0.000215056656030476,0.00012512441445635737,0.00010604276823815602,0.00015587043869394116
0.00021766056128169994,0.00012279701537168137,9.671633197166473e-05,0.0001587366672474843
0.00021752942679799695,0.0001259663091441243,9.021135956646057e-05,0.00016553087464892522
0.000214667817768494,0.00013228674629704642,8.771342893145514e-05,0.00017305035088470064
0.00021001536946836516,0.00013812708615549988,8.868787944147543e-05,0.00017795477616355804
0.00020499462511172633,0.00014008819927998533,9.125976472765642e-05,0.00017811350751322582
0.0002009002600480679,0.000136419888689203,9.314063330471663e-05,0.00017344073271245968
0.0001983851603150054,0.00012775027653874095,9.26790334223463e-05,0.000165874130078699
0.000197248207730998,0.00011682270440476188,8.957169760786881e-05,0.00015850627388058498
0.00019659621494758957,0.00010734332449783331,8.493236275198147e-05,0.00015422917188365973
0.00019529511629406634,0.00010241088093776354,8.070328772073147e-05,0.0001544563855335173
0.00019250861002959886,0.0001031773459180263,7.868493032841964e-05,0.00015845956344277693
0.00018809276559520827,0.0001083001651758066,7.96262798780983e-05,0.00016360712738638494
0.00018268220867321953,0.00011442782834558685,8.279027851902654e-05,0.0001664232611561546
0.0001774368134493478,0.00011753882240770307,8.619836703530406e-05,0.00016404582502809774
0.00017356040272288945,0.00011460095802252792,8.745710238346888e-05,0.00015549109167581343
0.0001717956341516073,0.00010487804842732084,8.480914510094854e-05,0.00014220168013092185
0.00017210514518016485,9.03428675450603e-05,7.794490895253817e-05,0.00012763523282780832
0.00017366809068541022,7.500823194970608e-05,6.820770790703402e-05,0.00011603265538683884
0.00017518919365062382,6.342121112832763e-05,5.808474590437984e-05,0.00011083320873654309
0.00017539011290350522,5.8904917791548277e-05,5.018795433063897e-05,0.00011334801015405564
0.00017348249246015943,6.22409588319332e-05,4.615746225794873e-05,0.00012220645154246848
0.00016943564692850199,7.131849972058383e-05,4.5965115646758904e-05,0.00013379126087750175
0.00016394113979411717,8.189847541527958e-05,4.793264841042918e-05,0.00014349694779014618
0.0001581022973012919,8.920346074613563e-05,4.9474899216351426e-05,0.00014733395543076698
0.00015298605323574863,8.971902966637075e-05,4.826146461774268e-05,0.00014327836453982817
0.0001492231908523725,8.250968653590509e-05,4.329746063230517e-05,0.00013187852623432292
0.00014681349284750757,6.954371357430558e-05,3.544247875592e-05,0.00011592620996625762
0.0001452000261408671,5.490974164697529e-05,2.7114603936766873e-05,9.935972303849652e-05
0.00014356268059371666,4.3239076003604056e-05,2.1271800074532457e-05,8.584728666236681e-05
0.0001411934882720794,3.795173013867222e-05,2.008138447689967e-05,7.759390267557615e-05
0.0001377904816057306,4.000276150033493e-05,2.3842394208784153e-05,7.479468973668052e-05
0.00013355089015550407,4.7599230341638724e-05,3.06440229765146e-05,7.587966115628038e-05
0.00012903666394687655,5.697216252357248e-05,3.695253301789418e-05,7.837731509504654e-05
0.00012488456767563482,6.387707024025063e-05,3.8934942681419704e-05,7.99961780533695e-05
0.00012149698246753378,6.522266170814507e-05,3.400893906570137e-05,7.947163214705542e-05
0.00011885229990688228,6.019483594199397e-05,2.199065433212445e-05,7.686117714989036e-05
0.00011651659374694456,5.0458747691988805e-05,5.35069909148294e-06,7.322839679572025e-05
0.00011384779837972088,3.9394197918650974e-05,-1.1565706367237544e-05,6.992074882826698e-05
0.00011029981540963641,3.0697742652790495e-05,-2.4083448090217972e-05,6.780699883775741e-05
0.00010569244255093655,2.691952986329238e-05,-2.892003591884471e-05,6.683319972378404e-05
0.0001003300686757175,2.8506097146754807e-05,-2.5413783909662615e-05,6.609164609857124e-05
9.491839736945184e-05,3.369899387418605e-05,-1.5770532927389738e-05,6.435234679142907e-05
9.031406523681007e-05,3.9289105018311724e-05,-4.225910259884457e-06,6.079087311392124e-05
8.720988874286791e-05,4.189189102916046e-05,4.5503221319269024e-06,5.555445670503943e-05
8.588072167831952e-05,3.92219524460781e-05,7.180432589304515e-06,4.9879080603303615e-05
8.60844202629817e-05,3.0874486922167696e-05,2.7590722689527225e-06,4.567184388317141e-05
8.714502869820728e-05,1.834471213460931e-05,-6.964502124145577e-06,4.471622314210569e-05
8.817188627527166e-05,4.334816510212676e-06,-1.8448471676717117e-05,4.783616324143111e-05
8.832062404999941e-05,-8.322294988381655e-06,-2.7888571367167122e-05,5.4389408876080085e-05
8.699847799749794e-05,-1.7664363246997286e-05,-3.2774900388788004e-05,6.233412382170456e-05
8.395469269304422e-05,-2.3135240243823182e-05,-3.283497008507697e-05,6.887763452499582e-05
7.925591507526586e-05,-2.5488253671308945e-05,-2.9988660812414226e-05,7.147093074939272e-05
7.319696338862802e-05,-2.6171233467516008e-05,-2.736102807140467e-05,6.876108738243701e-05
6.62155054658444e-05,-2.6520487178192627e-05,-2.7797588219640265e-05,6.112073302923192e-05
5.885809112363495e-05,-2.7149472514078802e-05,-3.2536292695048e-05,5.0537469769132036e-05
5.179757698253135e-05,-2.7802448392272086e-05,-4.062164127757183e-05,3.989961155346247e-05
4.585460592790449e-05,-2.7711149754153095e-05,-4.9326493449813394e-05,3.1953453703379076e-05
4.1955361772634325e-05,-2.6250357365267913e-05,-5.54095858070965e-05,2.8333831050044442e-05
4.097839881649681e-05,-2.3545359252662763e-05,-5.666649553383009e-05,2.903358922818635e-05
4.3498620983038424e-05,-2.0704649210414638e-05,-5.308809128485423e-05,3.249618834467732e-05
4.950164175005151e-05,-1.952567891607402e-05,-4.708949804473715e-05,3.626601534035754e-05
5.818435541203319e-05,-2.1772048735457328e-05,-4.265769834844668e-05,3.791670035044648e-05
6.795261835775244e-05,-2.8334317893371976e-05,-4.372927594763669e-05,3.588522385499689e-05
7.666945565565543e-05,-3.8665318160361565e-05,-5.2456701544320426e-05,2.9902251999194352e-05
8.21161038824728e-05,-5.078416820552845e-05,-6.81012726098102e-05,2.089446561756781e-05
8.253960593041597e-05,-6.190757612825767e-05,-8.70610064718596e-05,1.0459609703753836e-05
7.711293752703845e-05,-6.949140700524058e-05,-0.0001040888018392505,1.825487671982878e-07
6.615046528916798e-05,-7.226962915037434e-05,-0.000114262185433294,-8.89832689123898e-06
5.10006405292399e-05,-7.085075872726114e-05,-0.00011493539155550439,-1.6462386173857153e-05
3.365050787718e-05,-6.759291666715329e-05,-0.00010687970478292148,-2.2690401131878623e-05
1.6178756250391106e-05,-6.576648232282878e-05,-9.411861449188264e-05,-2.7823446587820294e-05
2.443975174378372e-07,-6.83105751396769e-05,-8.247634964278861e-05,-3.176313291550513e-05
-1.3224026246415435e-05,-7.667078542427627e-05,-7.737793232223062e-05,-3.3950495868632897e-05
-2.4059363236565143e-05,-9.019034776688278e-05,-8.175417700984996e-05,-3.3614151404888945e-05
-3.2640641074264894e-05,-0.00010631523664326792,-9.48830163540876e-05,-3.028247400422129e-05
-3.955844509331185e-05,-0.00012154786943174281,-0.00011264095630666337,-2.4302579577382037e-05
-4.5321452320371935e-05,-0.00013277664114177393,-0.00012908382382511462,-1.7075912361498114e-05
-5.0226117480454025e-05,-0.00013844759933692664,-0.00013874528822626454,-1.0828570342466572e-05
-5.441925705454366e-05,-0.0001391005272753896,-0.00013874971124171848,-7.941606580036658e-06
-5.808040564419517e-05,-0.00013704630264574802,-0.00012990368660996984,-1.0081761029711878e-05
-6.158596890016785e-05,-0.00013531442593784843,-0.00011633475350943036,-1.749666867117256e-05
-6.552271613185273e-05,-0.00013630513385637803,-0.00010382607544826137,-2.8806420663189566e-05
-7.04946596107089e-05,-0.00014071173238931745,-9.751906432406708e-05,-4.14376738933221e-05
-7.678189460636652e-05,-0.00014717740258183917,-9.990969675180618e-05,-5.25786510407588e-05
-8.400918675326892e-05,-0.00015285357532192703,-0.00010994399938141747,-6.029605278012091e-05
-9.101542726107825e-05,-0.00015465273906425594,-0.00012357062531461404,-6.435484672596061e-05
-9.605810513584772e-05,-0.00015069044209140698,-0.00013551407882480748,-6.637270408884077e-05
-9.735462915737547e-05,-0.00014131444955276721,-0.0001415327181045277,-6.91965391358491e-05
-9.380569107058712e-05,-0.00012926846797040067,-0.0001402259829440533,-7.571027190212044e-05
-8.563247509614053e-05,-0.00011887815277921324,-0.00013363913220123207,-8.753726044416238e-05
-7.464529161471846e-05,-0.00011454326416692207,-0.00012640846092748035,-0.0001041753569878483
-6.396503717225131e-05,-0.00011911105303172789,-0.00012379463580795805,-0.00012295478190738808
-5.72112639597707e-05,-0.00013277104456226358,-0.0001294184370134557,-0.00013988839955830887
-5.738202859061677e-05,-0.00015291902001536047,-0.0001436479080624525,-0.00015111574339684038
-6.579724007863837e-05,-0.00017506113053501456,-0.00016332903960986398,-0.00015437836312644942
-8.14942787648775e-05,-0.00019441699362124582,-0.00018300432034602787,-0.00014992103468112263
-0.00010133445166352153,-0.00020759941953326142,-0.00019714643685122863,-0.00014042089486669814
-0.0001208407544321248,-0.00021371372329391405,-0.00020250134733175402,-0.0001299311326560732
-0.00013552557846994312,-0.00021444882897576027,-0.00019956729443916247,-0.0001222362298494878
-0.00014227941027592937,-0.00021313630033331952,-0.00019256827425267656,-0.00011928208906350908
-0.00014035216545312264,-0.00021317079227446814,-0.00018788299178370285,-0.00012034808723006477
-0.00013158770224226568,-0.0002164473787252523,-0.00019152157626920136,-0.00012235346581967468
-0.00011982602273189236,-0.00022246964650301685,-0.00020664492372532244,-0.00012123637429677575
-0.00010967518348321974,-0.00022851448642312671,-0.00023212741454098817,-0.00011388858217663671
-0.00010507057181752193,-0.00023081005701765348,-0.00026276395786902136,-9.986057070053285e-05
-0.00010810395874849525,-0.00022626405725645446,-0.0002910728151559518,-8.20917813327156e-05
-0.00011849650802292708,-0.00021404009880096242,-0.00031000608589706435,-6.627078875122427e-05
-0.00013385191136849076,-0.0001963202412391993,-0.0003155091628775412,-5.896523483353805e-05
-0.00015054945441355486,-0.00017790008572012733,-0.0003079221005565768,-6.517473572481638e-05
-0.00016492581984286196,-0.0001647198567310439,-0.0002916735510642086,-8.6242607489948e-05
-0.0001743243972439827,-0.00016186021523950477,-0.00027340075715970454,-0.0001189869408468814
-0.0001776804320511282,-0.0001717552872678475,-0.0002592628078797592,-0.0001564878658698769
-0.0001755154335228765,-0.00019330625219917053,-0.000252541625283367,-0.00019034472016112665
-0.00016944748786224123,-0.0002222410859608608,-0.00025251011212629263,-0.00021362974240367717
-0.00016149124202875767,-0.00025259064429103157,-0.0002550316710914607,-0.0002234465588863849
-0.00015345969774982623,-0.0002787243343777469,-0.000254644962542011,-0.00022209030173350616
-0.00014668325010669755,-0.00029717780966832276,-0.0002472690742565659,-0.0002162873052858431
-0.0001420804867950749,-0.0003075930945861588,-0.00023239050825594928,-0.00021469856247215732
-0.00014043514895971615,-0.0003124431625014055,-0.00021378136125887342,-0.0002245412443113218
-0.0001426363441096682,-0.0003156892745190828,-0.00019837918373628226,-0.00024855905951531073
-0.0001496680302148362,-0.0003209326874779819,-0.00019370459487625053,-0.0002835003396668575
-0.00016227495878713626,-0.0003298106789175023,-0.0002048042999177362,-0.0003207529612207288
-0.00018042016258504488,-0.00034127782910176735,-0.00023193564580549944,-0.00034901398139576594
-0.00020279504638984333,-0.0003520524827324164,-0.0002699553211973843,-0.0003581189864245465
-0.0002266743111044903,-0.00035803968706710643,-0.00030973183640932504,-0.00034270166724622447
-0.0002483001392133262,-0.00035615137440358634,-0.00034111814068139954,-0.0003043731223560902
-0.0002637704739511319,-0.00034578547718415746,-0.0003564049507750391,-0.0002516056364644466
-0.00027017981253864867,-0.00032935883211829915,-0.0003529715155380969,-0.00019730422143957705
-0.000266615789611664,-0.00031165940092549587,-0.00033414217640679895,-0.0001548645408115397
-0.0002546204836969292,-0.00029824415563369113,-0.00030793291727945185,-0.00013405302190778697
-0.00023789167561252128,-0.00029347919279155087,-0.00028416941253425385,-0.0001381092454604066
-0.00022126925373483486,-0.00029895562370532843,-0.0002710663908249003,-0.00016303919589171119
-0.0002093225214102772,-0.00031286932841040755,-0.0002725418680431202,-0.0001992975775764248
-0.00020501687683953894,-0.0003305863963955708,-0.00028723118919684,-0.00023522648871721855
-0.00020892382762331015,-0.0003461748333806814,-0.00030949095213830846,-0.0002610234305550933
-0.00021924603004832443,-0.0003543376510725338,-0.00033191076037122815,-0.0002718614872824094
-0.00023262969992328669,-0.0003520608874549862,-0.0003482857452453384,-0.00026912258639517504
-0.0002454455567329549,-0.0003394290769592748,-0.00035586367375682316,-0.0002593987576363731
-0.0002550506674479675,-0.00031939431400820727,-0.0003560142154911538,-0.000251709566956203
-0.0002605642568103217,-0.0002966749412475138,-0.0003531327442721963,-0.0002539914444742314
-0.00026289288005728256,-0.00027625303184608774,-0.0003523147071823633,-0.0002701270654187161
-0.0002640436357387471,-0.00026203011782570374,-0.0003568267893490592,-0.0002985396827281658
-0.0002660466591719483,-0.0002560690128101104,-0.0003664629177633825,-0.0003327831470228085
-0.0002699562487237452,-0.0002585672974585476,-0.00037748669262229525,-0.0003638392771640128
-0.0002753541479307272,-0.00026840263782827896,-0.00038418901360196114,-0.00038325087917434516
-0.0002805581854249531,-0.0002838897638306394,-0.00038140767329621436,-0.0003859707772476136
-0.0002834357363275803,-0.00030336872549772595,-0.0003669442975571191,-0.0003719645099937068
-0.0002824602690230755,-0.00032539671071165737,-0.000342842228282141,-0.00034608828338723494
-0.00027753992864536497,-0.00034855854005783624,-0.00031494666785214124,-0.00031638390770445175
-0.00027023713490191857,-0.00037112497294698206,-0.0002908705501486203,-0.0002914616416577043
-0.00026325268997745257,-0.0003908718895628371,-0.00027715089505596596,-0.0002779004525572434
-0.00025936297384250226,-0.00040528885774446656,-0.0002767306376655107,-0.000278512619218294
-0.00026024332664446203,-0.0004121938017362561,-0.0002877942660694328,-0.00029195221636931087
-0.00026568012891232647,-0.00041053349506175497,-0.00030445995397911015,-0.00031364831358124856
-0.00027353414148633304,-0.00040100396736307813,-0.0003190934419218654,-0.0003376011322610686
-0.00028051999768490476,-0.00038614831348779595,-0.00032535375572626706,-0.00035834349884786645
-0.0002835294671648253,-0.00036978356469655226,-0.000320771394346109,-0.0003724028285059745
-0.00028098680610075526,-0.0003558951748804623,-0.0003078232345091847,-0.0003788596167419218
-0.00027368434665673994,-0.0003473913334079115,-0.00029304502749252315,-0.00037896781916800466
-0.0002647282155131718,-0.00034521054408173787,-0.00028448773913391893,-0.00037513482362370873
-0.0002585611812666149,-0.00034816638750440526,-0.00028847810042656886,-0.0003697383822616381
-0.00025939148257528744,-0.00035362539065795785,-0.00030692928860611785,-0.0003642392348749701
-0.0002695998373339935,-0.00035876155401598134,-0.0003362514389809029,-0.00035886478654800346
-0.0002887231113764871,-0.00036186498709742646,-0.00036830886288640634,-0.0003528819881681727
-0.0003134084553737973,-0.0003631256787381934,-0.0003930949168314893,-0.00034525320457739236
-0.0003383733306534795,-0.0003645071402094352,-0.0004021462029413726,-0.0003353568983766743
-0.00035803304775210436,-0.0003687029248489005,-0.00039144385257239875,-0.00032348047673686126
-0.0003682129958128049,-0.0003775813932144248,-0.00036275231534894475,-0.00031092370501790306
-0.00036734147403104785,-0.0003907941118316061,-0.0003229415428907998,-0.00029971937548262464
-0.00035672674963724337,-0.0004052221986731376,-0.0002815929206977101,-0.00029211159938869635
-0.00033987455362895295,-0.0004156398804874579,-0.0002478120219126951,-0.0002899859170457386
-0.000321159733114022,-0.0004164857407734283,-0.00022742826712609957,-0.00029441570103217444
-0.00030438863682544974,-0.0004041396454013607,-0.00022156518946548937,-0.00030540895263533803
-0.0002917934995031734,-0.0003788139879335431,-0.0002270045081475992,-0.00032185734985661204
-0.000283791807127934,-0.0003452206454631177,-0.00023806987009992943,-0.00034164441504461407
-0.0002795128623480542,-0.0003115787034666675,-0.000249195235209168,-0.0003618731449142057
-0.0002777784368373595,-0.0002871484367276825,-0.000257130134331845,-0.00037920590864766305
-0.00027805308065352206,-0.00027908168809049304,-0.00026193866188860905,-0.00039033390001032384
-0.00028091925284294273,-0.0002897240174989677,-0.0002664750100849065,-0.00039257762136173146
-0.0002878614964928422,-0.0003154321261605099,-0.00027464683131445426,-0.00038455609130623957
-0.0003004624390904753,-0.00034747787424172893,-0.0002892568551043871,-0.0003667752475891808
-0.0003193850424582871,-0.0003748599119410901,-0.0003103581222829706,-0.0003419230437204774
-0.00034362428652360275,-0.0003881092667080839,-0.00033482194047704955,-0.00031466848822798337
-0.00037041005220170005,-0.0003827406827323069,-0.000357305564684726,-0.00029086796390061313
-0.00039587244439719485,-0.00036105212431023566,-0.00037223030283228115,-0.0002762664425083501
-0.000416253669226616,-0.0003315191695062113,-0.0003759714676925748,-0.0002749844623925528
-0.0004292042044634377,-0.00030588883796216313,-0.0003683782387897356,-0.00028822345665194943
-0.0004346405897105045,-0.0002949398975838822,-0.00035300993353058296,-0.0003136323568606572
-0.0004347968936124189,-0.00030441866694003265,-0.00033598185445358445,-0.00034562948569597754
-0.0004334123066845867,-0.00033266235690004636,-0.0003238545375502663,-0.0003766969549886521
-0.0004343391116736526,-0.0003708617461128535,-0.0003213629141642925,-0.0003993453414617346
-0.0004400901391573806,-0.0004059779503125507,-0.0003298302857283145,-0.00040819576951214685
-0.0004508768514257713,-0.00042534894819469955,-0.00034683627209680103,-0.0004015418099839892
-0.0004645042908017384,-0.0004213626534165404,-0.00036722419897024694,-0.0003818793892001621
-0.0004771606969348602,-0.0003944897100166566,-0.00038503405684037987,-0.0003552004903712583
-0.0004847985632958256,-0.0003535101460235834,-0.00039562296038252057,-0.00032923959664297683
-0.00048458525363852516,-0.00031275298580374074,-0.00039720126894980396,-0.0003112082839390969
-0.00047588929085316285,-0.00028724751323428696,-0.0003912678064095189,-0.0003057311819351698
-0.00046046298540618685,-0.00028746618942124486,-0.0003818600625861419,-0.0003136386366543236
-0.0004418000839459046,-0.00031552993780183385,-0.000373971501946404,-0.000331991710145852
-0.00042395788274545473,-0.00036426451347994356,-0.0003717637309411787,-0.00035530580702064767
-0.0004103130344503767,-0.0004195039951061934,-0.0003772238614934875,-0.0003775396213876318
-0.00040270319178490764,-0.0004648847381969794,-0.00038969772638435733,-0.0003941641942187647
-0.00040121056149596663,-0.00048747419097062126,-0.0004063704538410129,-0.0004036102424910767
-0.0004045603535752748,-0.0004822606459324006,-0.0004234155258952464,-0.00040761634482447894
-0.0004108621226320559,-0.0004539125513336711,-0.00043732415855331485,-0.0004103875067193583
-0.00041831880285665235,-0.0004151679824961563,-0.0004459244107944464,-0.0004168877048900881
-0.0004256043278215426,-0.00038239934211166686,-0.0004487826190673275,-0.00043088670731122365
-0.0004318217628425109,-0.00036989391619245864,-0.0004469563076671304,-0.00045345803706997676
-0.0004361941502653827,-0.00038484340406603546,-0.0004423177091447774,-0.0004824564287708217
-0.00043779065764026177,-0.00042478527234956505,-0.00043679392403555965,-0.000513150731338222
-0.00043557338294068597,-0.00047837709874920065,-0.0004318377612959418,-0.0005397773099700031
-0.0004288664412109081,-0.0005292201631058534,-0.00042828646191560044,-0.0005574546485116942
-0.000418081732319243,-0.0005613935222835882,-0.0004265668375956317,-0.0005637757186418724
-0.00040531574835413805,-0.0005647842189893819,-0.0004270570156418385,-0.0005595133579133997
-0.00039437940739464844,-0.0005383980582951112,-0.0004303776856533253,-0.0005481924193218215
-0.0003899913872877945,-0.0004905622488089278,-0.00043746486321190217,-0.00053468784330377
-0.000396209660148652,-0.00043601941368213147,-0.00044942374621995655,-0.0005233569559762977
-0.00041456290388932135,-0.0003909740022152943,-0.0004673033025318469,-0.0005163841148495987
-0.00044260254151585543,-0.00036781798266533207,-0.0004919960994011446,-0.0005129460848844679
-0.0004735901808416009,-0.0003713131159876553,-0.0005244285276238007,-0.0005095207183990168
-0.000497723702043025,-0.0003974451641550744,-0.0005660839815246512,-0.0005012585477055227
-0.0005047720862580658,-0.00043520899271685585,-0.0006197549334173352,-0.0004839567830249187
-0.00048742065066457215,-0.0004705810914019999,-0.0006903179244880375,-0.0004559505770302661
-0.0004442471540163847,-0.000491238287940681,-0.0007853146760015239,-0.00041924668961581906
-0.0003812272962815967,-0.000490416904307289,-0.000915206346521901,-0.00037946854777480977
-0.00031105386389553133,-0.0004687054347075978,-0.001093306892643224,-0.0003445773318316321
-0.00025024254979373026,-0.0004333555783649514,-0.001335532408043519,-0.00032274671376570095
-0.00021476049911330368,-0.0003955800742090432,-0.0016601690947804567,-0.0003200582406096171
-0.00021547704188460602,-0.00036696357927820797,-0.0020878377803420917,-0.00033875098286101287
-0.00025488219658575235,-0.00035632558509851017,-0.0026417340258734203,-0.00037657995208905163
-0.00032617098994117545,-0.00036809561591581025,-0.0033480980726021837,-0.0004274742354011563
-0.0004150508292141932,-0.000402625133932457,-0.0042367733812495815,-0.0004832625475127361
-0.0005037424046651219,-0.0004581247047157832,-0.005341681240116953,-0.0005358962055834179
-0.0005759200134962715,-0.0005333579531135132,-0.006701069894559016,-0.0005794627155723347
-0.0006210321671855504,-0.0006300421096657793,-0.008357453646535819,-0.0006113922232013778
-0.0006366690399146168,-0.0007541431390472934,-0.010357190637159733,-0.0006325725434604514
-0.0006283216140391068,-0.0009157943581296399,-0.012749623278296082,-0.0006464925252984896
-0.0006067673725902458,-0.0011281829659414043,-0.015585626417262593,-0.0006578820076277166
-0.0005841025591998391,-0.0014061907347021755,-0.018915321449651648,-0.0006714833387806344
-0.0005698450612833362,-0.0017656702767681121,-0.022784689760861534,-0.0006915140008842674
-0.0005684200395359609,-0.0022239534628379354,-0.02723091589121015,-0.0007220909042305178
-0.0005787678383433499,-0.002801639884968533,-0.0322765246874156,-0.0007684931351888586
-0.0005960036114228855,-0.003525119402444967,-0.0379226994748436,-0.0008387917115115896
-0.0006143165617869,-0.004428879845517563,-0.044142478340759565,-0.000945209060715681
-0.0006298973446062797,-0.005556601671691163,-0.05087470371795928,-0.001104658747539395
-0.0006427639325328831,-0.006960373054299314,-0.0580195594725761,-0.0013382335006732254
-0.0006568728030449424,-0.00869795244323539,-0.06543625732508078,-0.0016698425278528486
-0.0006786422760280753,-0.010828639740476181,-0.07294300909268762,-0.002124581858879904
-0.0007146843920069584,-0.013408750766984227,-0.08031899114384927,-0.002727597480773534
-0.0007698781367094065,-0.016487752010058913,-0.08730773773788743,-0.00350408301603714
-0.0008467892993285835,-0.020105768407921106,-0.09362140689632087,-0.004480660938270911
-0.0009469017869769671,-0.024292541969542204,-0.0989456610924437,-0.005687854058597892
-0.0010733844643981767,-0.029067221238405716,-0.10294539249284773,-0.007162852879253579
-0.0012344686913511797,-0.03443786095726828,-0.10527200722759107,-0.008951512953627219
-0.001446213532695913,-0.04039940736469532,-0.1055732516308911,-0.011108590539205205
-0.001733613324074503,-0.04692930443835721,-0.1035064600515657,-0.013695640494359649
-0.002129597844038337,-0.053980588328459034,-0.09875559419333704,-0.016776628296464688
-0.002672267552790604,-0.06147321925180352,-0.09105163514256161,-0.020411935132557874
-0.0034013931572932986,-0.06928515381918476,-0.08019499858340173,-0.024651839081661478
-0.0043555209415682816,-0.07724504443973737,-0.06607792568186777,-0.029530587398964823
-0.005570828792380414,-0.08512834173886268,-0.048704460862227496,-0.03506181792500013
-0.007082226270277428,-0.09265800450549422,-0.02820574793759753,-0.041235469727027255
-0.008926309754327377,-0.09951016840687286,-0.004848898850990373,-0.04801567658844388
-0.011144985349214487,-0.10532425223179748,0.020961558811338467,-0.05533871698364919
-0.013788148936430787,-0.10971634656544685,0.048689886001321195,-0.06311008443410314
-0.01691392597123114,-0.11229450193645496,0.07768262264238657,-0.0712001827513937
-0.020585596301449648,-0.11267473480941126,0.10718864830841614,-0.07943891554138163
-0.024865254933585698,-0.11049707516111677,0.13638495145522153,-0.08761027373035499
-0.029805176050873093,-0.1054415613526388,0.16440717920358655,-0.09544863173071005
-0.0354384478079344,-0.09724449710444788,0.19038391076252603,-0.10263860803745384
-0.04177053634874084,-0.08571533694237196,0.2134733212890485,-0.108819944392888
-0.04877300671043149,-0.07075420501141187,0.23290049841436397,-0.11359800788599084
-0.056379846355795904,-0.05236937178874637,0.24799326283225842,-0.11655947439732585
-0.06448599519531581,-0.030693228008930512,0.2582141031508869,-0.11729182825281353
-0.07294709188063392,-0.005994669538300891,0.26318591686931075,-0.11540478502135589
-0.08157931580207141,0.021314429738381335,0.2627097129651794,-0.11055174293666592
-0.09015858681664721,0.05068070718446703,0.25677320732841125,-0.10244983586506544
-0.09841914683525568,0.08142005641825872,0.24555014959190147,-0.09089787358308395
-0.10605242021921982,0.11273784320355504,0.22939103306417968,-0.07579210768824815
-0.1127077221784871,0.14375765271904797,0.20880637416408293,-0.057140080673786425
-0.11799660777248078,0.17355665060431077,0.18444393272938325,-0.035072664896773596
-0.12150232554655419,0.2012050238408959,0.15706114734546842,-0.009853831377798515
-0.12279503279180043,0.22580678232442003,0.12749385437274213,0.018113065642625367
-0.1214523660433927,0.24653939403829692,0.09662224766323517,0.04828432119830545
-0.11708393544583098,0.2626901522921644,0.06533515592732238,0.07998224612621009
-0.10935759530902642,0.27368765899354447,0.034494073263637015,0.11241046852999381
-0.09802509673556022,0.27912721413589814,0.004898839910448398,0.1446787860863696
-0.08294495900276933,0.27878916869032366,-0.02274279212855662,0.17583685318326744
-0.06410096660929684,0.2726494561359719,-0.04783948371096018,0.2049146469260688
-0.04161538219480193,0.26088166211849284,-0.06993277548776411,0.23096665006341446
-0.01575653070866415,0.2438502324540322,-0.08870484644492982,0.2531162495834818
0.013059297617404243,0.22209482839103842,-0.10397782045819434,0.2705970298505114
0.04427168618415827,0.19630641092879467,-0.1157058911681764,0.28278830659088033
0.07718593797047298,0.16729628919618342,-0.12396217357539482,0.2892431461769598
0.11098940146590519,0.13595996592483928,-0.12892230085187883,0.2897079630814027
0.1447747539260081,0.10323801903683966,-0.13084640659520894,0.28413338501547236
0.17757037962639832,0.07007638580979168,-0.13006048305615786,0.272676361694208
0.2083772803792216,0.037388261138470075,-0.12693749183640984,0.25569356001832694
0.236211016635284,0.0060194623645143126,-0.12187829612078288,0.2337261215242773
0.26014622774954066,-0.023281323138627658,-0.11529260329286109,0.20747604838146308
0.2793605813547878,-0.04988638269539791,-0.10758057017749667,0.17777493947774914
0.2931747648610027,-0.07330616993937589,-0.09911627372170981,0.14554648929566955
0.3010854453063862,-0.09319928127943662,-0.09023456542755863,0.1117649282463345
0.3027889217313139,-0.10937483070302129,-0.08122266112693699,0.07741218981996738
0.2981942768583456,-0.12178712024713517,-0.07231711343317551,0.04343682081942792
0.28742593189494947,-0.13052297786562306,-0.06370575086289214,0.010717393337077009
0.27081636785773744,-0.1357827937127209,-0.05553310230409915,-0.01996752984771403
0.24889024779633168,-0.13785701552365545,-0.04790715908307473,-0.04796179904825712
0.2223412533761675,-0.13710046536590467,-0.040905340585442804,-0.07274635245511732
0.19200277540839797,-0.13390709737580142,-0.03457825899425341,-0.09394679798412056
0.15881339458115745,-0.12868758034304792,-0.02895108069601709,-0.11133487738408081
0.12377807360260609,-0.12185135023728352,-0.024023511347620957,-0.12482473109359915
0.0879262766285891,-0.11379369252499097,-0.0197702070440998,-0.13446457175699547
0.05226880437499435,-0.10488727262953264,-0.01614340779940878,-0.1404240350836593
0.01775579874750661,-0.09547667166407756,-0.013078768092859655,-0.1429773280542203
-0.014761148228654184,-0.08587417188130864,-0.010504014143755885,-0.1424824641909087
-0.044559817493503996,-0.07635537097456044,-0.008348708634192056,-0.13935735060496895
-0.0710687273468544,-0.06715406723283832,-0.006552605307351124,-0.13405412164842817
-0.09387778246721135,-0.058456938038174686,-0.005070199184831951,-0.12703366719656728
-0.11273840681020994,-0.050399428724117804,-0.003870152576954637,-0.11874255139481964
-0.12755476596610055,-0.04306462015173655,-0.0029299586204488606,-0.10959431938965666
-0.13836865766735396,-0.03648647279113618,-0.0022278881658730904,-0.09995654491409331
-0.14534092745699748,-0.030657828527638306,-0.0017353079682969777,-0.09014402425170821
-0.14873180937961458,-0.025542207841192086,-0.0014124215453339404,-0.08041751352822102
-0.14888160367687603,-0.02108723106150841,-0.001209319104934884,-0.07098659773653783
-0.1461919711255263,-0.017236864158714185,-0.0010723056674186897,-0.062014869961778366
-0.14110728056695487,-0.013939910810838726,-0.0009534855269797287,-0.053625664575733055
-0.13409521499683513,-0.011153228086187909,-0.0008202535684572344,-0.04590706562784802
-0.12562630884729814,-0.008839723466043883,-0.0006611989872024584,-0.038915625369148416
-0.11615306261370151,-0.00696278701656115,-0.00048606238437579025,-0.032678949078179996
-0.10609035060126655,-0.005479886236462219,-0.0003194278168152288,-0.027197821290833066
-0.09579952246406422,-0.004338223908715284,-0.00019005450414885653,-0.022448734580289627
-0.08557853103446003,-0.0034745515599621324,-0.0001193483722819612,-0.01838751545562419
-0.07565949350948276,-0.002819700692832586,-0.0001128434979178247,-0.014954310091672553
-0.06621353097394034,-0.0023066561242504275,-0.00015754936792316735,-0.012079655377051206
-0.05736101878213955,-0.0018796496518388361,-0.00022597025091173088,-0.009690898458417849
-0.049184105549840186,-0.0015012724234930758,-0.0002852525866596316,-0.007717987800890138
-0.041737998046790487,-0.0011551711668852471,-0.0003081187138399139,-0.006097714951571202
-0.035058243190945124,-0.0008433237225732816,-0.0002816575254113155,-0.004775822518966417
-0.02916286437888985,-0.0005786945898050018,-0.00021087952558080465,-0.003706911811007619
-0.0240501944557332,-0.0003756249808507016,-0.00011589487031013877,-0.0028526316215586765
-0.01969490485057617,-0.00024106899019355477,-2.3915639269336554e-05,-0.0021790461149583493
-0.01604546232025157,-0.0001694775237711003,4.084917328163089e-05,-0.001654238019607782
-0.013025765491864584,-0.00014285738444840462,6.563354276945834e-05,-0.0012470487400925048
-0.010542166265228711,-0.0001357371111709032,5.282751813292627e-05,-0.0009274256552393587
-0.008495003128180776,-0.00012308201828210445,1.7747977443158643e-05,-0.0006682603981879483
-0.006791913389448449,-8.821031054242124e-05,-1.8471671156746546e-05,-0.00044803713080571525
-0.005359243106709795,-2.7815662186390767e-05,-3.7967737552743784e-05,-0.0002532492211323317
-0.004148219803298396,4.772492726252321e-05,-3.3589173665979593e-05,-7.951794127256649e-05
-0.003134115275393739,0.00011887137679572512,-1.1759139725028362e-05,6.930840622862167e-05
-0.0023088788283601993,0.00016464947058490676,1.037191508100133e-05,0.00018416727017229982
-0.001669873574176797,0.00017082708630517836,1.2364568109394494e-05,0.00025527349476294424
-0.0012086250565203189,0.00013562727185298813,-2.0412212774187653e-05,0.00027687448654366883
-0.0009034185711727425,7.095767500677696e-05,-8.964352285746728e-05,0.00025082831185400186
-0.0007181664553787412,-1.260377972226134e-06,-0.00018179759941943342,0.00018780807347011243
-0.0006077044146090413,-5.633985778790541e-05,-0.00027178237213218415,0.00010560959047768838
-0.0005273759431642041,-7.507517513914111e-05,-0.0003313109580809396,2.4949915614887194e-05
-0.0004432566758354954,-5.008393130637517e-05,-0.0003389158969475187,-3.6002077108694645e-05
-0.0003392023035189333,1.1953740968972742e-05,-0.0002878581741272133,-6.66248879452136e-05
-0.00021813161170119752,9.287824398862646e-05,-0.0001889086561972586,-6.669512266142862e-05
-9.712264763293675e-05,0.0001694662208704643,-6.687230743259043e-05,-4.60479517524699e-05
1.8013778513766303e-06,0.00022135937028836737,4.792954062327112e-05,-2.1035679713950385e-05
6.174593742653454e-05,0.00023770475136386524,0.00013009392894372868,-8.861122816293142e-06
7.816585212855242e-05,0.00022022714952278644,0.0001676184476530195,-2.1630160934725827e-05
6.06632735910603e-05,0.0001817746052288583,0.00016527542029119968,-6.212699831132368e-05
2.890559582425046e-05,0.00014100875957006088,0.0001416382896268555,-0.00012277996781202144
4.479640541406112e-06,0.00011526239761508789,0.00012092213810172957,-0.00018821423782440809
2.06070488648353e-06,0.00011418053136747307,0.00012278176628516762,-0.00024054126717429667
2.3519405892563256e-05,0.00013640417393567797,0.00015401593474577684,-0.00026555444538884645
5.74113966315598e-05,0.00017039985429808418,0.0002054366708453721,-0.0002576494364013574
8.41395508751294e-05,0.00019901896248008632,0.00025522127023876623,-0.00022171403521401752
8.47757325575425e-05,0.00020604474598785852,0.00027759072682922287,-0.00017130340482696417
4.998249585594373e-05,0.00018232233928721172,0.0002535804512366579,-0.0001237570602115834
-1.4688851783264072e-05,0.00012928699824544618,0.0001797786909576862,-9.40360015500091e-05
-8.952573461015325e-05,5.870118325127646e-05,7.156073447523358e-05,-8.95400283225159e-05
-0.0001474763496199025,-1.1201260358436745e-05,-4.067525863184805e-05,-0.0001078117400988221
-0.00016467427052263792,-6.1698844964785e-05,-0.00012117877074771741,-0.00013795918767264131
-0.0001306466981136881,-7.953519271192804e-05,-0.00014109087355253092,-0.0001652240516417287
-5.4066666316938494e-05,-6.078901528876494e-05,-8.887202267968803e-05,-0.00017691415984870631
3.85915223497898e-05,-1.1446604598135932e-05,2.4936549140963204e-05,-0.00016737578971187116
0.000111523077203246,5.5305047348482475e-05,0.0001705046488098779,-0.0001400289445199984
0.00013245126977726412,0.00012388320725829438,0.00030825542606422574,-0.00010561742392206938
8.526592982171431e-05,0.00018135867617651293,0.0004019121929895124,-7.73189898803961e-05
-2.2379978668354673e-05,0.00022093717595469034,0.0004304994691019665,-6.464738782242251e-05
-0.00015973535846140256,0.00024276682057749002,0.00039506855378985896,-6.864550252839115e-05
-0.0002821962670456736,0.0002520429082624942,0.0003177628150370669,-8.046622944401382e-05
-0.0003462767888859833,0.00025541011326182177,0.000233552991912289,-8.418147086563861e-05
-0.00032517457379944146,0.00025725801673655546,0.0001775852153605431,-6.300387027659315e-05
-0.00021930398500520995,0.0002574614585838602,0.00017265339926591882,-6.679005070950246e-06
-5.77130062120066e-05,0.00025147356160350816,0.00022126466906480203,8.28250269227764e-05
0.00011059807357548694,0.00023270208129383917,0.00030512144202951173,0.0001897536769758936
0.00023284564263827167,0.0001961718937435844,0.0003921824372550692,0.00028813837546991954
0.00027070895896365164,0.00014195076383085513,0.0004487392120975079,0.00034963323503373343
0.00021427415040322067,7.688349438724305e-05,0.0004521316168478014,0.00035308229497285165
8.656932351431076e-05,1.3804698150008937e-05,0.00039947664008534395,0.00029247866429216965
-6.328300961396655e-05,-3.166083059284005e-05,0.00030919418216437684,0.0001803658335906155
-0.0001763331422493207,-4.5702365080129116e-05,0.000214682592632381,4.5216311897767035e-05
-0.0002041565996249668,-2.0794361451870297e-05,0.0001523146622803515,-7.660491006860747e-05
-0.00012635370728235248,4.148054050954179e-05,0.0001479898001771974,-0.00015176429066514265
4.097129439434787e-05,0.0001302190260829476,0.00020705430901395155,-0.0001601752740530832
0.00024898805989701807,0.00022768778560824525,0.0003112781298911406,-0.00010109421114964844
0.0004312906868674338,0.0003137393273728151,0.00042414087250718915,6.92933922159019e-06
0.0005256263900369153,0.00037080296114947586,0.0005027810488493008,0.00013217747300979263
0.0004950541415827214,0.000388003807853862,0.0005126111587041833,0.00023983471941794473
0.00034141554214569387,0.0003633370039576177,0.00043961729209789096,0.0003025873251284354
0.00010643370657361613,0.0003035018013881485,0.0002960891677687519,0.0003082634086372963
-0.00014020639571134987,0.00022172192591696672,0.00011771657297869053,0.0002621732431049796
-0.00032214690500653747,0.00013439687144724196,-4.711007306663456e-05,0.00018372976593640584
-0.0003802476126360828,5.7597786859756766e-05,-0.00015233496461876711,9.890969498827808e-05
-0.00029140837222430503,4.24059889305288e-06,-0.00016869378166976367,3.1439928443274215e-05
-7.626354912242247e-05,-1.7633163138249544e-05,-9.287576789941634e-05,-4.187813769891864e-06
0.00020673079288724674,-5.467430991089653e-06,5.155712143483813e-05,-5.6824850072638336e-06
0.0004789328485834863,3.8020750653789336e-05,0.0002217139994447286,1.864999442351233e-05
0.0006652743729436102,0.00010553522999531522,0.00036883834515296266,5.4911619759360073e-05
0.0007166716650160889,0.00018617281432354798,0.0004532691407393215,8.97114236315346e-05
0.0006241606021772205,0.00026667965661849295,0.00045609107106936144,0.00011489089526058973
0.0004205625006594067,0.00033312935877832816,0.0003838637084995124,0.00012922400800836022
0.0001694833573457686,0.0003731089129693031,0.00026516771629616953,0.00013684779094844208
-5.460374883863001e-05,0.0003782594826192572,0.00014039614800447759,0.00014357409626047487
-0.00018879847602086246,0.0003466920623084531,4.835291010098283e-05,0.00015304218133739702
-0.0001997922998638985,0.00028454805729757497,1.4112870673987663e-05,0.00016458510815386057
-9.216739657702335e-05,0.00020595949423010028,4.199829449756645e-05,0.00017377428823531227
9.509528880098135e-05,0.00013096009552389913,0.00011568779231988454,0.00017529434048609824
0.0003022396929013709,8.145943155642714e-05,0.00020505224503257512,0.00016666839354200264
0.0004677949205341619,7.605078383807269e-05,0.0002771310351213539,0.00015090350033384177
0.0005469535945467527,0.00012494685623701368,0.0003074320295387094,0.0001365636896715407
0.0005237029705365011,0.0002265128601516398,0.00028782459112029865,0.00013492652842271601
0.0004133959838513706,0.0003665828959238563,0.00022860712202054493,0.00015524640609060125
0.0002556033939618239,0.0005210444574119003,0.00015437528734270705,0.0002001329211458921
0.00010010635358533968,0.0006612480755943283,9.537871618161623e-05,0.00026319914916852225
-9.165332609355203e-06,0.0007609276547833484,7.744575759955214e-05,0.00033032967770094373
-4.711640904897052e-05,0.000802785316824164,0.00011384895043776706,0.00038445410890130394
-1.3555281980419457e-05,0.0007828908759222014,0.00020163967864693258,0.0004121774582667888
6.906799293739013e-05,0.0007115978481874229,0.0003233449992581705,0.0004096654412962096
0.0001649580664900141,0.0006106379988807059,0.0004530876091598732,0.0003852525682074797
0.00023786927357910342,0.0005071462453726269,0.0005647909537915652,0.0003573739707612867
0.00026323854003816745,0.0004262628154176498,0.000639614141277492,0.00034821880436667935
0.00023570555172276113,0.0003843896604918854,0.000670249105798798,0.00037526872849740585
0.00016987193020451307,0.00038500983437122593,0.0006609776334711725,0.0004438982638044159
9.444139716515234e-05,0.0004182552741962709,0.0006239449566582114,0.0005440199420346163
4.200344245120337e-05,0.000464336694402008,0.000573399497780983,0.000652364348876425
3.8008887882576455e-05,0.0004998371945826394,0.0005202356614104822,0.0007398829502531978
9.256875765112382e-05,0.0005050384985181996,0.00046888692761126434,0.0007817464677421761
0.0001976182768152091,0.00047013573152044665,0.0004175946053391079,0.0007662826843099233
0.00033012698297240576,0.00039849682733797366,0.00036172096837593483,0.0006994393306814813
0.00046003412652882215,0.00030595733122715544,0.00029858587544044125,0.0006029350991829133
0.0005600966435873188,0.00021628130673847275,0.00023171019935286938,0.0005066136323998926
0.0006143192442013308,0.00015404652022279423,0.00017255247337340013,0.00043775482333313935
0.0006222283526079569,0.00013700646554152185,0.0001387450940512193,0.00041134873144312196
0.0005977271649591381,0.0001702069768499835,0.00014914005816045635,0.0004250776983817841
0.0005631208236216322,0.0002437064270838275,0.00021719841019504963,0.00046103019502061714
0.0005405104608046698,0.00033476148065384684,0.0003449712154954907,0.0004936050759602076
0.0005435954324385899,0.00041405317479483567,0.0005198703483706643,0.0005006258733263559
0.0005727281624141618,0.000454298365748405,0.0007156226571624053,0.0004733242551709614
0.0006149141042429056,0.0004387818262589407,0.000897502090026691,0.00042113648833824995
0.0006487348281176289,0.0003672186853571609,0.0010305637465556506,0.0003691354218618515
0.0006524737808582793,0.00025699726428441544,0.0010886041927487137,0.000348723932990346
0.000612612741354437,0.00013911950379260252,0.0010612629013498948,0.00038489504257696204
0.0005297161503366198,4.971303241057862e-05,0.0009571573382919918,0.0004848815623270798
0.000419582381926836,1.938540423700435e-05,0.0008020595091858037,0.0006327460553630828
0.00030912800387474133,6.349166838673999e-05,0.0006325328480547554,0.0007924336502433227
0.00022825118236065962,0.0001763057881973766,0.00048673231493390136,0.0009187281601479506
0.000200295165177724,0.00033109027828876793,0.00039485437705723877,0.0009725403626658069
0.00023423849681668144,0.0004863945575616256,0.00037179278627199946,0.0009351500674803399
0.00032120316707848207,0.000597054017496526,0.00041391066947269253,0.0008161383750187828
0.00043647366712558366,0.0006268729468197883,0.0005006831880208747,0.0006518058167493425
0.0005464278483200524,0.0005593363640639107,0.000600636835135671,0.0004941786183585101
0.000618194787566493,0.0004031465155497324,0.0006798828941068872,0.00039408513281110274
0.000629002734375089,0.00019082331592136344,0.0007109131635226629,0.00038401068302403144
0.0005723365002900064,-2.9371812469551015e-05,0.0006793454838290231,0.0004666814568995096
0.0004591188626404325,-0.0002059477662227641,0.0005869428981078499,0.0006134622232714234
0.0003137781846898292,-0.00029756857992358795,0.0004502882241311877,0.000773312931415947
0.00016669799356843173,-0.00028350932787777667,0.0002956767821553407,0.0008894054973911523
4.561556388644241e-05,-0.00016830408310725034,0.00015177487105792596,0.0009178399858405821
-3.129456177706363e-05,2.050484404799675e-05,4.212438712960083e-05,0.0008421586079975394
-5.866814728835705e-05,0.0002405325677290706,-2.047381684796079e-05,0.0006787939160733281
-4.291712861341161e-05,0.00044595599672035636,-3.626474424513784e-05,0.0004716909231126888
2.2150611937802862e-06,0.0005987024448594997,-1.7074275759469763e-05,0.00027801668573950664
6.156585216129129e-05,0.000676318369197223,1.8308522201267933e-05,0.0001498343504077575
0.0001236865452014278,0.0006747203627010105,5.0411384397557326e-05,0.00011786160802849671
0.0001834750607068085,0.0006057998391685343,6.510462553060285e-05,0.0001825681106504335
0.00024170150759765145,0.0004914536526534816,5.759740259218501e-05,0.0003152495595490898
0.0003020734073475103,0.00035650468604390815,3.329461877556599e-05,0.0004683035570342359
0.00036740044130930923,0.0002229035452803462,5.39549394364335e-06,0.0005909235137562059
0.00043665902223953773,0.00010667940723514373,-9.870219897517308e-06,0.0006448349455691842
0.0005042624286025947,1.7764086149638246e-05,1.25060637444873e-06,0.0006150007275048091
0.0005618360374490506,-3.838260227484187e-05,4.56013551600692e-05,0.0005122147539347211
0.0006016956558539034,-5.898529479240325e-05,0.00012117692824894336,0.00036740574244446285
0.0006204744594031546,-4.337964229276663e-05,0.00021822951346778003,0.00022023011080774245
0.0006212400754863586,5.906051792761358e-06,0.0003229104631457863,0.00010620453629186513
0.0006130278301915703,8.113095528008322e-05,0.00042205322488369677,4.671539762057595e-05
0.0006077565823566285,0.00016792600458650462,0.0005073028869806455,4.483607038300623e-05
0.0006155776506788574,0.00024609459413821495,0.0005770437287805215,8.759762470797487e-05
0.0006404047590587443,0.0002934525108513549,0.0006354020075475697,0.00015307427320453707
0.0006774027471066222,0.0002921605215066884,0.0006887281584849012,0.0002191734427767084
0.0007135521247693049,0.00023561946454746648,0.0007409853290654574,0.0002708148196732767
0.0007312988495510469,0.00013323064968837604,0.0007899979851588739,0.0003031986076631925
0.0007141594083499784,1.060476427432156e-05,0.00082631265163119,0.0003206111639383711
0.0006524080945839969,-9.58387273063983e-05,0.0008355171635154512,0.00033197595691192034
0.0005469033708165003,-0.00014892165237652633,0.0008035465686625069,0.0003454641167503635
0.00040973649595750657,-0.00012250783658083358,0.0007232426988360587,0.00036456738592211213
0.00026147228011525196,-1.1082968766974288e-05,0.0005997160637608136,0.0003871601814971534
0.00012589765863690086,0.00016654134966617235,0.0004522040827572597,0.0004076582803569151
2.3986563837967727e-05,0.00037132109176648534,0.0003111521373728998,0.0004210230030013686
-3.103924331067609e-05,0.0005551637627126742,0.0002108576498048944,0.00042660308091285834
-3.61537773555854e-05,0.0006758834376678833,0.00017966618299344438,0.00042992467814617467
2.003777166930705e-06,0.0007109927000942173,0.00023079081733490964,0.0004414469033083646
7.011041859155262e-05,0.000665459370211847,0.00035690323349470577,0.0004726021687364245
0.00015234999796404926,0.0005703928268250497,0.000530614228071948,0.0005306054572078689
0.00023436966015160803,0.0004726778542088956,0.0007111153645928351,0.0006140853512119205
0.00030589032902258214,0.00041879767773504435,0.0008551972877952254,0.0007113516727610199
0.0003615377589612752,0.0004383129734502429,0.0009293089864055139,0.0008021767140930988
0.0004001812754180244,0.0005328267111873826,0.0009188468201498405,0.0008626991518367957
0.0004235401397703118,0.0006745444080867328,0.0008316749281351956,0.0008719422270286483
0.0004348834504443264,0.0008152688063580017,0.0006947410552084125,0.0008178752630402806
0.00043833695391356625,0.000902970720719863,0.000544942472681454,0.0007011214539700036
0.0004388093921792463,0.00090027775578131,0.0004173225857061493,0.0005352283681662878
0.00044212119761441584,0.0007983645517179259,0.00033455704586627636,0.0003435489246256169
0.00045476854538298924,0.0006211843701084555,0.00030119601992485137,0.00015381649806325576
0.00048295235652152257,0.000418293629136369,0.00030442966711433225,-7.907892780339813e-06
0.0005309417779442892,0.00024854238471082746,0.0003208358264635376,-0.0001222436507241735
0.0005993024962121365,0.0001602015271007784,0.00032647637207495117,-0.00017931528638415054
0.0006837639958185613,0.00017446752597281064,0.00030658262659118574,-0.00017906716017539962
0.0007753845508660041,0.000278197233970285,0.00026131266531671804,-0.00012951367917993575
0.0008622215460909566,0.00042852813888001086,0.00020557678189901674,-4.3843520570832975e-05
0.0009321113132672301,0.0005678517777147904,0.00016314790173960203,6.263775046343872e-05
0.0009756729447452941,0.0006439219690894285,0.00015737823645603673,0.0001750203470721745
0.0009885041591317094,0.0006280240130187402,0.00020205548142979493,0.00028048713739483623
0.0009718208068291126,0.0005247874362003207,0.0002958116482572031,0.00036929994464991907
0.000931401763769451,0.00037017398855392677,0.0004221069635939531,0.0004353477226694373
0.0008753816213535048,0.00021836768874716492,0.0005546890936818476,0.0004764605952745377
0.000811883582496598,0.00012223550780664856,0.0006663848384340816,0.0004944840813309744
0.0007474922573786199,0.00011430513253293936,0.0007378901455030928,0.0004949159188866281
0.0006871093691952395,0.0001950080933310885,0.0007633245199052683,0.0004858743317054299
0.0006350062325616124,0.0003323411802294801,0.0007506469513511409,0.00047634280902159216
0.0005962168704667418,0.0004730443592185301,0.0007170572208189518,0.00047395774209471
0.0005771353670525302,0.0005613329958524546,0.000681429470272883,0.0004829187314390912
0.0005844683443572323,0.0005585978942638271,0.000656893908313996,0.0005027365318255603
0.0006224776890875073,0.0004572102014664993,0.0006464907531095847,0.0005283836179660563
0.0006894179196570323,0.0002837012653167546,0.0006434645681197854,0.0005519901880823303
0.0007747890891414673,9.033381371560765e-05,0.0006358078674820035,0.0005656720609998347
0.0008591088376069629,-6.191152958372453e-05,0.0006129013844435385,0.000564599782010216
0.0009172082073629598,-0.00012305220950120828,0.0005712546464674794,0.00054922402577337
0.0009247535523436582,-6.989513510474634e-05,0.0005167716462121474,0.0005257690197848029
0.0008662585247560038,8.716914413132038e-05,0.00046248246569789903,0.0005046543514875407
0.0007418669075086742,0.00030822020668925913,0.00042266874516101467,0.0004972265940901754
0.0005701396077475275,0.0005368633341220497,0.0004059396226335967,0.0005118180445389661
0.0003851246262352235,0.0007175725615274483,0.000410387718014397,0.000550460606201719
0.00022785995664041246,0.0008115108106016367,0.0004231968262292528,0.0006074383623089737
0.0001345266197357157,0.0008059571450784652,0.0004252565284704425,0.0006702947888402536
0.0001249553201611831,0.0007149772274388996,0.00039918774831550425,0.0007231062724318048
0.00019546430814390862,0.0005720535926357997,0.0003375888306293199,0.0007510676779919866
0.0003188437496368145,0.00041792901922624347,0.00024797124100042235,0.0007449730471371756
0.0004520087165204856,0.00028807861440965975,0.0001519755875011397,0.0007041750672786267
0.0005491791332915838,0.0002037524968258801,7.865581747648013e-05,0.0006370700784716164
0.0005763688620174841,0.0001687768414033838,5.4044417243027075e-05,0.0005589229521069739
0.0005222822812322612,0.0001720522853382797,9.088224131921854e-05,0.00048766181610642324
0.0004017609833729466,0.0001938247400147294,0.00018259173159691734,0.00043887352156267087
0.00025040698492376397,0.00021295247169270028,0.00030413584627037504,0.0004214374145840535
0.0001120928054172991,0.00021271308638592164,0.00041983485799156214,0.000435006403704782
2.3649768673829168e-05,0.00018385982631414187,0.0004954879282172012,0.00046998112128410544
2.138096752661925e-06,0.0001250235097521742,0.0005103507486196536,0.0005099209855789432
3.928519711474121e-05,4.1532051437374266e-05,0.00046441224259758263,0.000535711278658439
0.00010516952688465126,-5.608305436408436e-05,0.00037810378256814665,0.0005304210137510785
0.00015989955135923712,-0.0001531660032139172,0.00028445694911429886,0.00048370750235121157
0.00016909450448808483,-0.00023175937248492867,0.00021669042266295803,0.00039481429717332523
0.00011751099489589853,-0.0002720079155214406,0.00019606614537261803,0.0002735670208406728
1.5750415952591933e-05,-0.00025502806719901683,0.00022482110366945816,0.00013917964644324249
-0.00010255023454777309,-0.00016744575184257326,0.00028699952810131053,1.705677915718588e-05
-0.0001921765567427058,-6.688980088761926e-06,0.0003568141650120293,-6.59184539824283e-05
-0.00021238243522976203,0.00021486714522077994,0.0004110135121177664,-8.688032646046484e-05
-0.00014172821716624629,0.0004690946908633782,0.00043992304017044027,-3.2339682258351475e-05
1.3693917301927307e-05,0.0007161205467530338,0.0004521751140753022,9.763708216150088e-05
0.00022166218438039498,0.0009130284926091117,0.00047061635640516843,0.00028746999500439175
0.00043435185595595073,0.001025225908241467,0.0005205798139136095,0.0005071584656836016
0.0006041433105201614,0.001036997742961132,0.000615172685073594,0.0007167758739723342
0.0006989566996336868,0.0009574710709727579,0.0007440011128465412,0.0008739843100641254
0.0007115956588547658,0.0008193477452791318,0.0008709669035601587,0.000943330284579905
0.000659881437326255,0.0006700559728546161,0.0009435420841084648,0.0009053297067520135
0.000577849986470581,0.000557652063498456,0.0009113694039303677,0.0007629788982955397
0.0005016409832575251,0.0005158731631879785,0.0007478839744273193,0.0005435631778960355
0.0004556488854928931,0.0005533592668293775,0.00046660972089123477,0.00029455007589055803
0.00044428940437101606,0.0006508884256021122,0.00012485629915978555,7.380927491204605e-05
0.0004524459211690056,0.0007678298380437097,-0.0001884173992258631,-6.39576114393535e-05
0.000454187183267031,0.0008558200329645726,-0.00037811212228819585,-8.135034729702469e-05
0.00042604338039917903,0.0008750692448409855,-0.0003741113538064795,3.0839244741144384e-05
0.00035928992475632766,0.0008076916445727347,-0.00015740956763963764,0.0002493068465421525
0.0002660522907600361,0.0006634456017902094,0.0002285072702888549,0.0005222874842956651
0.0001764899229767741,0.0004759479924809402,0.000686272758877005,0.0007815550824428782
0.00012790033762233305,0.00029082805880127735,0.0010917498284157565,0.0009596272184614096
0.00014990019173170087,0.00015015956137693465,0.0013315196662327805,0.0010077250558633236
0.0002515635375403953,7.878395462282848e-05,0.0013385378591636626,0.00090951614912272
0.00041580832013805207,7.73336072329506e-05,0.0011138022539165437,0.0006865814403509083
0.0006036004761381403,0.00012418775958706962,0.0007262526682731502,0.0003937173131502703
0.00076671971403392,0.00018522546667446176,0.000290419698197552,0.00010502510452400877
0.0008643935688723388,0.00022736450169847945,-7.095498280265748e-05,-0.00010557334287623747
0.0008774329916717046,0.00023058960495937438,-0.0002667394789058029,-0.00018404589947677554
0.000814308646665007,0.00019395906509614598,-0.0002660476106488008,-0.00011065892610685339
0.0007066459804030439,0.0001336102407492489,-0.00010582780526790902,9.49913389256948e-05
0.0005957514712975475,7.405169854873017e-05,0.0001251381682273434,0.0003797218802953068
0.0005154060148054193,3.6727726049429775e-05,0.0003200550131104266,0.0006715639269617559
0.00047781809593648106,3.088424818155029e-05,0.0003936390837765342,0.000899298158849951
0.00046859176334925834,5.072042639341839e-05,0.0003131738007891631,0.0010110940994282325
0.00045314379328142734,8.008018283570548e-05,0.00010993139277351846,0.0009870120750308116
0.0003924639104307911,0.00010261672304120348,-0.000133150862101974,0.0008420742456903768
0.0002622039615198214,0.00011281411249620801,-0.0003130677737121048,0.0006194974269422959
6.73794055721405e-05,0.00012256563273118542,-0.00034612097541638677,0.0003765962537553769
-0.00015375867430225725,0.0001595633233078435,-0.00020066927421361603,0.00016790859345272553
-0.00033923053832558484,0.00025702662019637493,8.884985614213107e-05,3.0660111519913083e-05
-0.00042364811179403073,0.0004380476203657177,0.00043202440064408815,-2.3347812003209428e-05
-0.00036237326966677115,0.0007005543559374027,0.0007133764918277679,-7.57792219496091e-06
-0.00015057170427209833,0.0010094132325015586,0.0008331720989783985,4.6853336785813234e-05
0.00017043303282844526,0.0013001317554919075,0.0007435329679002915,0.00010318391874737827
0.0005228003770410747,0.0014945958198740008,0.0004668011283758204,0.00013126046189258374
0.0008153483061457724,0.0015246953990214831,8.936348712556763e-05,0.00011620416361729169
0.0009726988272862329,0.001356268708269433,-0.0002671304047382533,6.118463099870321e-05
0.0009603094785164225,0.0010048989159028477,-0.0004871644716136544,-1.5854015808933807e-05
0.0007964017977528117,0.0005372289781086842,-0.0005008727847609396,-8.967537807010173e-05
0.0005462158280145422,5.6023365384680515e-05,-0.0003078495264979678,-0.0001364271194698303
0.0003002248637403494,-0.00032731456405495703,2.299904069524901e-05,-0.00014048017873653052
0.000143699282021029,-0.0005245758737288703,0.00037734498978631833,-9.744610877830112e-05
0.00012819309890427892,-0.0004968727211498898,0.0006345399481741953,-1.3028599059210371e-05
0.00025493237126695265,-0.00026650388576798025,0.0007081902993445263,0.00010105337382085102
0.00047587681540655827,8.955025211496769e-05,0.0005741870271116314,0.0002318994245162512
0.0007119058692908265,0.00046269054240515267,0.0002768359171438136,0.00036886716141240443
0.0008814436401028373,0.0007451106384296739,-8.8400573991508e-05,0.000504360834388273
0.0009291310677717647,0.0008613180233351702,-0.00040883467843873977,0.0006320668758023388
0.0008442425283855361,0.0007888925878717638,-0.000592827847056095,0.0007439658138304974
0.0006623964200786125,0.0005622377858125209,-0.0005989874023007637,0.0008280479101440408
0.0004503015008187719,0.0002587111275515376,-0.00044656259881800913,0.0008683820509975047
0.0002795210783399799,-2.7768611351076936e-05,-0.00020434185309495126,0.0008481541938095361
0.0001992162096091466,-0.00021667136938753026,3.6917954569548215e-05,0.0007549333831340101
0.0002180805903854807,-0.00026462102988402243,0.0001978664480153227,0.0005863059762151459
0.00030212843989604833,-0.00017571419858853897,0.00023749834812004372,0.00035361610991571337
0.000388985920339305,4.085915668326751e-06,0.00016432205935708788,8.205314599663428e-05
0.00041312495371531306,0.00020557956002728575,2.8599778478966757e-05,-0.00019343681818202317
0.00033239167311025983,0.00036095341197990815,-0.00010042470132614519,-0.0004354371063582541
0.00014574099642568057,0.0004258249584947267,-0.00016304122162259799,-0.0006123819130888543
-0.00010455947784802984,0.00039157658558115326,-0.00013233564290618407,-0.000705347914134303
-0.00034712751786732224,0.0002846141360309864,-2.3613693266305303e-05,-0.0007112903064440667
-0.000506775870318022,0.0001538547874724728,0.00011308294870773712,-0.0006419701437637258
-0.0005315029828927565,5.166353583347154e-05,0.00021396051478995686,-0.0005193279850806754
-0.0004111591769921126,1.5312156074789708e-05,0.0002275471242121612,-0.0003692140263874251
-0.00018096257010108088,5.53178318247445e-05,0.00013573685903525484,-0.00021574399215595644
9.125303420848536e-05,0.00015414775647046427,-3.8190793578638816e-05,-7.799570303722045e-05
0.0003291123347062865,0.0002748967030854387,-0.00023750428398432063,3.0448569212841836e-05
0.00047401789759805586,0.0003760842943691639,-0.0003927865369084794,9.994400574769429e-05
0.0005039764562047292,0.00042686468916588863,-0.0004476566944654535,0.00012291550459021084
0.00043820959550485756,0.00041723451594767835,-0.00037983241808340555,9.341014597621082e-05
0.00032632873037459237,0.0003600084168265201,-0.00020977272822385453,8.942185511497694e-06
0.00022672019084749162,0.00028449453081209116,6.182668656219914e-06,-0.0001258742096233192
0.0001827767457698379,0.00022474839087315978,0.0001955507862814608,-0.0002956908287882471
0.00020622880535535275,0.00020697959411399572,0.0002950626157687626,-0.0004731445629667182
0.0002738810566388306,0.00024062086020892106,0.00027249230408739734,-0.0006217856274727998
0.0003387269153621059,0.0003159037409719632,0.00013726733594036575,-0.000703586499319407
0.0003507776476865197,0.0004082439993493968,-6.365304421389052e-05,-0.0006894529940796104
0.00027918542364083394,0.00048730805447171294,-0.00026283488942188096,-0.0005695189941979145
0.00012679585723049863,0.0005271781534917394,-0.0003960654924648067,-0.000359410388508938
-6.872069541967811e-05,0.0005140004689931598,-0.0004242727034777056,-9.949745767041045e-05
-0.00024773360938822525,0.0004487734748920499,-0.0003461684484878827,0.0001537320079907541
-0.00035061021852476724,0.00034492850747684894,-0.00019761100548044044,0.00034232769904681356
-0.0003403144115504607,0.0002222670682862197,-3.8401603445484066e-05,0.000423359521870656
-0.00021693137358315612,9.994555271396649e-05,6.853244866600404e-05,0.00038196935361485887
-1.8514976301698793e-05,-8.810895934155565e-06,7.83052047696062e-05,0.00023647250384627126
0.0001920895886481003,-9.861530698062385e-05,-2.138231849470799e-05,3.3395747644868434e-05
0.00034944254598269324,-0.0001703542846201868,-0.00020667854092709594,-0.00016635007926930938
0.00040834037860744757,-0.0002274820379421223,-0.0004254914644513307,-0.00030589343671825147
0.00035877437213478486,-0.0002722318857926722,-0.0006136527661284941,-0.00034944050469119423
0.0002276557836304912,-0.00030359619738562217,-0.000713792937010032,-0.0002922741552689923
6.709556167023545e-05,-0.0003179315323296954,-0.00069108216249958,-0.0001603855449915267
-6.584986986071704e-05,-0.00031172839463257314,-0.0005415802119481089,3.219855368529246e-08
-0.0001299514086783819,-0.0002850209516873838,-0.00029165628031637927,0.00013945608265577541
-0.00011317630881885413,-0.00024355465171443556,1.0261233400491834e-05,0.0002222501856513054
-3.3924693817259974e-05,-0.00019832943618213638,0.0003063869244017398,0.00023809343261780444
6.962199293058036e-05,-0.0001622858587646505,0.000542880258065584,0.00020358878321314125
0.00015705573340874267,-0.00014522326563576646,0.0006805207051258672,0.00015361728060399242
0.00020260568920816907,-0.00014897816783505265,0.0007009217433516385,0.00012578980902042014
0.00020426434071709701,-0.0001650359259102305,0.0006079505478101202,0.00014394447706273758
0.00018157784753149324,-0.00017599704411110027,0.0004251013912511662,0.00020705979498142124
0.00016341775137151656,-0.00016092107547846765,0.00019002107179707676,0.00028800757486592283
0.00017139831325922215,-0.0001030392204328653,-5.266740183517966e-05,0.0003429306510023244
0.00020656941976443635,2.7545863928059227e-06,-0.0002593209900900728,0.00032801470175063206
0.00024574694317014266,0.00014541877977979802,-0.0003951721505495079,0.00021751298307153797
0.0002498091056524553,0.00029825580669321595,-0.0004411458991625324,1.618305897269814e-05
0.00018110790140065823,0.00042477135105229726,-0.0003982920844167008,-0.0002388805722339797
2.2950785397640616e-05,0.0004884760137382286,-0.000288451110060624,-0.0004882931177913794
-0.00020731298683383508,0.00046377884876647673,-0.00015021800413582632,-0.0006692481260569711
-0.0004580076910330645,0.0003445929997082947,-3.0330404011643682e-05,-0.0007367960651693147
-0.0006572052285639637,0.00014784565685952146,2.7952946168112547e-05,-0.0006799893112326358
-0.0007369259529514472,-8.941157975824127e-05,-3.393554399811879e-06,-0.0005269062108123044
-0.0006588062110857677,-0.0003186460859669932,-0.00012873873766060058,-0.0003363142821910984
-0.0004313495848096432,-0.0004918359077082874,-0.000326619902211223,-0.0001783800823146013
-0.0001114970099521679,-0.0005734041333635754,-0.0005550527538529756,-0.0001107490047133946
0.00021115225880484893,-0.0005487605489469421,-0.0007632058241992729,-0.0001581090528141731
0.0004426284917700954,-0.0004272084041528954,-0.0009060910761151965,-0.00030236007582043326
0.0005156219894639779,-0.00023870826740762972,-0.0009576718846627065,-0.0004870460912090339
0.000412103081381771,-2.5786695542943553e-05,-0.0009180742366262997,-0.0006349470341416241
0.00016917055531534103,0.00016684059051843788,-0.0008124221966526021,-0.0006732912716880795
-0.0001342185776095515,0.0003019703301497584,-0.0006816274393253429,-0.000558448223744428
-0.0004049692515125545,0.00035653623072345864,-0.0005682601854316997,-0.0002920616551045247
-0.0005679819361351504,0.00032399745472954777,-0.0005023818027932537,7.666791424336907e-05
-0.0005910077029464555,0.00021277715950556038,-0.0004922441731592842,0.0004633957217618582
-0.0004932623099446929,4.216583563719887e-05,-0.0005230043325685971,0.0007719320756493092
-0.0003349521483036654,-0.00016244977924829702,-0.0005636860361121042,0.0009212854108281847
-0.00019205820480308226,-0.0003734951235702177,-0.0005796197568420993,0.0008683241086047406
-0.00012625329527120858,-0.0005635965077797075,-0.0005456372924717988,0.0006195252150811946
-0.00016156923043646556,-0.0007068073472483992,-0.00045512954360309957,0.00022881771097918465
-0.0002767052322467646,-0.0007797174955059883,-0.00032175806613963143,-0.00021721227225647834
-0.0004157173746172634,-0.0007635399409254922,-0.00017348930719278036,-0.0006218896108375817
-0.0005126228688263773,-0.0006476409585349332,-4.157348785269642e-05,-0.0009020647059724567
-0.0005199873558151936,-0.00043393687064146994,5.103517351221827e-05,-0.0010063518144873926
-0.0004299746065355777,-0.0001405887624959816,9.725248733313012e-05,-0.0009237411819384403
-0.0002792691391826418,0.00019702632421857177,0.00010661828397282819,-0.0006815098472221243
-0.00013561972882250237,0.000529694670549885,9.92666946621526e-05,-0.0003344410537376039
-7.104333947675631e-05,0.0008024954801390852,9.593694160970206e-05,5.057655278052514e-05
-0.00013212623865870889,0.0009663851928627698,0.00010843179016792484,0.0004099459995311154
-0.00031922350329288576,0.0009903814340536964,0.00013465351355623087,0.0006950170249856972
-0.0005831022009625342,0.0008706997585474411,0.00016031736822996328,0.0008780580283572941
-0.0008409063884786057,0.0006335890399146282,0.00016649997799649533,0.0009525740008077334
-0.0010057987785860258,0.00033020835666146384,0.00013956388399789213,0.0009294788090095671
-0.0010191761323251492,2.426471873241554e-05,7.884200625173801e-05,0.0008312507775329458
-0.000873118928429374,-0.00022446772660151713,-1.6852749551050182e-06,0.0006859719196226977
-0.0006142636229593853,-0.00037603779440192604,-7.8919482455088e-05,0.0005223901210111154
-0.00032727847531324825,-0.00042075453772383276,-0.0001313264434571581,0.0003662976320121667
-0.00010392292476453724,-0.0003807590371709804,-0.00015016215566463338,0.0002379656807604837
-9.273433083220806e-06,-0.0003019871713516726,-0.0001459342877233581,0.00015027727401872184
-5.791804680550412e-05,-0.00023883555956612332,-0.00014639263843642934,0.00010747215949900334
-0.00020923944841455812,-0.00023626910034748423,-0.00018573543497692635,0.00010479867361618434
-0.0003836893258921723,-0.0003150545355195141,-0.0002886006791143632,0.00012956414056217093
-0.0004939475055004746,-0.00046489258196709686,-0.0004551725265310284,0.00016390846377799817
-0.00047912772338408504,-0.0006477005715731076,-0.0006541010299213896,0.0001891110604167543
-0.0003289554219000696,-0.0008099813685754399,-0.0008275260871203293,0.00019058427110028194
-8.860538059972137e-05,-0.0009002135079945795,-0.000908039138867598,0.00016220779063043833
0.00015776626420651376,-0.0008855391864206069,-0.0008425316274260032,0.00010858148986296783
0.0003186293317925581,-0.0007622910071898529,-0.0006144985458583986,4.42252425362869e-05
0.00032985685692412943,-0.0005570047356709605,-0.00025597773878242077,-1.0368445845130054e-05
0.00017945951353012853,-0.0003177904783602948,0.000156665880608651,-3.4900647524431916e-05
-8.713241455664913e-05,-9.916099315798227e-05,0.0005233435101342351,-1.5911189172743758e-05
-0.0003832493851398573,5.447489586100602e-05,0.0007513168191384549,4.813708245828917e-05
-0.0006124723416862301,0.00012117336654401481,0.0007863997092330808,0.00014502963802626547
-0.000703482018539062,0.0001058181717670541,0.0006330505836443642,0.0002510140581679268
-0.0006351069259594465,3.5543891033856326e-05,0.0003553479572985319,0.00033664406654084
-0.00044223894495549863,-5.159150809613851e-05,5.7259334590462584e-05,0.00037472059036273997
-0.00020067008436598923,-0.00012027691637878129,-0.00015197463870510013,0.0003481006474736221
3.0106416429508484e-06,-0.00014901771358628998,-0.00019580231331740535,0.0002550906076741625
0.00010465498458738984,-0.00013494712405892696,-5.83139227678484e-05,0.00011075232607823935
8.60554979374081e-05,-9.128687648609325e-05,0.00020822009733429845,-5.6440100931300246e-05
-2.023578604392621e-05,-3.9200309793918916e-05,0.0004997665804966495,-0.00021185655569581254
-0.00014632924629615546,2.201321842916807e-06,0.0006959996303845038,-0.0003240137004920398
-0.00021826031901160136,2.3489381165292544e-05,0.0007029056236856472,-0.00037340869572875427
-0.00018726462758367982,2.722105723960638e-05,0.00048762437799634503,-0.00035838676197096395
-5.0463080812162715e-05,2.4350469568759712e-05,9.290165597847233e-05,-0.0002962486355474295
0.0001474510350135322,2.6742458284213376e-05,-0.00037459521163332905,-0.0002190324036273362
0.0003323901912934531,3.9452468080797254e-05,-0.000778713986527479,-0.00016485651116809628
0.0004318329502854536,5.652412309023935e-05,-0.0009994631832560656,-0.00016700958480257282
0.00040623956191568247,6.251602769806865e-05,-0.0009740974059732586,-0.0002437531818511045
0.0002681439402450456,3.9422627766541986e-05,-0.0007191822453845066,-0.00039180781669585535
8.072233159176463e-05,-2.3848067424606188e-05,-0.0003256580333730018,-0.0005856506195307406
-6.44640920440972e-05,-0.00012367084110282691,7.166604265838525e-05,-0.0007832258973775755
-8.26594617533667e-05,-0.00023944699503514232,0.000339740226691386,-0.0009368356983724588
6.918243612481723e-05,-0.00033871337966808173,0.0003921883821346485,-0.001006350183982545
0.00037135102014482555,-0.0003884370781844877,0.00021786810678017451,-0.0009709701192930729
0.0007429202023725103,-0.00036855715530301984,-0.00011681500368373662,-0.0008359375978319299
0.0010663365347591699,-0.0002824637258861057,-0.000492462914000541,-0.0006318815663814718
0.0012268892101050697,-0.0001597760734662378,-0.0007792547534037873,-0.00040660304863238085
0.0011531634212772694,-4.937109526559e-05,-0.0008823752708018648,-0.0002114510704988048
0.0008439089152130923,-4.228201581180785e-06,-0.0007742771542052253,-8.62760027587374e-05
0.00037143578207459674,-6.294987347065309e-05,-0.000502602594842097,-4.7629176198646806e-05
-0.00014002874043635106,-0.00023449166815577016,-0.0001713872090033236,-8.408750126554128e-05
-0.0005536828139935003,-0.0004919507334416855,9.727526670885028e-05,-0.0001604683223203774
-0.0007636202381897418,-0.0007783430871826993,0.00020706149128692578,-0.00022987357807912473
-0.000727542692943032,-0.0010231267032799612,0.00012096330825063159,-0.00024986634376367774
-0.0004778410047966341,-0.0011642946990662942,-0.00012725374025098976,-0.00019754202561434592
-0.00010796078835462056,-0.0011686340840716715,-0.00044730661187853803,-7.840134946390451e-05
0.00026036951488373665,-0.0010431014425682228,-0.000726635621141981,7.419207857078773e-05
0.0005170822262945633,-0.0008331595890099276,-0.0008717698531857717,0.00020913417148926347
0.0005970319534690472,-0.0006083664628859092,-0.0008416167142852732,0.00027421230403677777
0.0004958376954173377,-0.00043993730555580424,-0.0006607076963205984,0.00023386820283074344
0.0002643377531611601,-0.0003778221507052121,-0.0004079760397171367,8.216706781081703e-05
-1.4527377175490783e-05,-0.00043502775769647603,-0.00018567602580814302,-0.00015348516470376286
-0.0002566896729219951,-0.0005843887747765571,-8.025117721761205e-05,-0.00041930429915072037
-0.0004041159472120467,-0.0007686599194945062,-0.00012971312214762193,-0.0006506201039241689
-0.00043896062606848044,-0.0009202126514076744,-0.0003094651589491265,-0.0007908607788241866
-0.0003812062106523569,-0.0009834101517813415,-0.0005415446405025656,-0.0008078165997884405
-0.0002728431914675606,-0.0009320207146803448,-0.0007235903763200685,-0.0007019367221696854
-0.0001564937179054822,-0.0007760106656267826,-0.0007666744581012325,-0.000504193146457662
-5.776772594375326e-05,-0.0005559558120707636,-0.0006280756014160616,-0.0002646541917373374
2.176511397843084e-05,-0.0003276744204181378,-0.0003271614945742629,-3.605594890262326e-05
9.911468102391172e-05,-0.00014293824501497576,6.107628214623018e-05,0.00014178284942528707
0.0001955027160342529,-3.314082094504553e-05,0.00043205801988031867,0.0002514354812722004
0.0003203276137568774,-1.3279669603544209e-06,0.0006874196475266312,0.0002984362993519868
0.0004611366484753819,-2.468121286452324e-05,0.0007675179656669862,0.0003035700781691131
0.0005844293600140472,-6.569251289091638e-05,0.0006691782506078256,0.00029058111830666117
0.000647258868846954,-8.731410137841761e-05,0.0004429852769906456,0.0002745678304284459
0.0006148078400657793,-6.633806415555499e-05,0.00017208998584911095,0.0002558060179888551
0.0004763975839901062,-4.07918214213876e-07,-5.8812115406106646e-05,0.00022135625791913811
0.00025286487626690127,9.319131719258411e-05,-0.00019243808893358583,0.00015350593477461705
-8.29268612416445e-06,0.00018562571794411564,-0.0002152389313501389,4.118716404921327e-05
-0.0002485782725780393,0.0002477526726685775,-0.0001557668837221032,-0.00011083211131059784
-0.0004190263706832821,0.0002600264081739495,-6.686202604023767e-05,-0.0002793978815085821
-0.0004975198283665057,0.00021763800574979564,3.8041228920572545e-07,-0.00042882234897546195
-0.0004959321452730862,0.00012973727003477709,1.9959347992593024e-05,-0.0005234017242266437
-0.00045409498900147354,1.4065029852156075e-05,2.1006539396746515e-06,-0.0005419015209466721
-0.0004228170950605148,-0.00011002595147446143,-1.2278324698147824e-05,-0.00048810437784407856
-0.0004425813751640327,-0.00022698458051466364,2.8557004723143986e-05,-0.00039262907981341133
-0.0005263542416067829,-0.0003269505257769978,0.000161114440278394,-0.00030433808393881545
-0.0006534158227113097,-0.00040414915203509233,0.00038526649944919944,-0.00027363411504030544
-0.0007768458539193848,-0.00045362752875980836,0.0006566932461439801,-0.0003332968519095536
-0.0008419515738056008,-0.00046894574690445334,0.0008971714333059766,-0.00048390224344695143
-0.0008086005504293475,-0.00044283420107092165,0.00101983171452074,-0.0006896692620338846
-0.0006688184264838568,-0.0003711263944853097,0.0009605878589490462,-0.0008871199706652969
-0.00045275459988494693,-0.00025828194273079617,0.0007042311380109807,-0.0010044100533936826
-0.00022052367407922324,-0.00012149591126366446,0.00029523027716935393,-0.0009852195301049416
-4.278058198298185e-05,9.547996661713604e-06,-0.000171455369017557,-0.000809159986932477
2.288596843749713e-05,9.867310710192506e-05,-0.0005771730159994451,-0.0005015197493732464
-4.88369949994405e-05,0.00011387539138082645,-0.0008153163442568799,-0.00012859329733158273
-0.00024298566405957234,3.9217227452346265e-05,-0.0008241083349318085,0.00022034286977173044
-0.0005100509208609688,-0.0001166746092895743,-0.000605503053409305,0.0004588208537880012
-0.0007828588591919095,-0.00031948099780580025,-0.00022407565701117356,0.0005285059186325792
-0.0009980656323717446,-0.0005170042727628485,0.00021338133322823354,0.0004159777070143339
-0.0011144114458194673,-0.0006541665298074699,0.0005903987547329946,0.00015577327658745747
-0.001121595898561735,-0.0006904599329084805,0.0008145801908082386,-0.00018092550475766467
-0.001037598719916731,-0.0006137294586228102,0.0008417619297734699,-0.0005079130682849077
-0.000896827387093721,-0.00044505016724398147,0.0006836122644275746,-0.000748689268845814
-0.0007347992272909529,-0.0002324278768596373,0.0003976999509454262,-0.0008564748467376239
-0.0005758895624337693,-3.5079641542968415e-05,6.499971306908083e-05,-0.0008237015600957992
-0.00042878086471838167,9.636409237402666e-05,-0.0002364290080852983,-0.0006789831565440253
-0.0002905280277137952,0.00013666069203235355,-0.00045246498181368815,-0.0004737859300885071
-0.00015623534548277022,9.356189814469819e-05,-0.0005624223448728687,-0.00026415427060787894
-2.8892633145705116e-05,3.2929639242028352e-06,-0.0005756781022825325,-9.390744241155602e-05
7.603115628314686e-05,-8.453122040341307e-05,-0.0005189904205891096,1.549007610552114e-05
0.00013412570468847307,-0.00012693804427564744,-0.000421135205538748,6.604908734870671e-05
0.0001227073518690336,-0.00010492797821858631,-0.0003016683953116402,7.639023740546938e-05
3.403183905880888e-05,-3.1287612499319994e-05,-0.00016803948683742002,7.052954990399707e-05
-0.00011522901627157925,5.4453873995968793e-05,-2.1141468768680035e-05,6.696554777748179e-05
-0.00028351247119445117,0.0001023831731840185,0.0001345446550355141,7.194348887307363e-05
-0.00041473118691277497,7.387105892039643e-05,0.0002821414935092174,7.869741675692495e-05
-0.00045680542063726223,-3.978317077647743e-05,0.0003902469144917008,7.201753621079166e-05
-0.0003819140593627167,-0.00020929786992647222,0.0004198344284261285,3.56218150845064e-05
-0.00020059470778369115,-0.0003738344023149511,0.00033837955275401024,-4.0842547867533593e-05
3.652882176446645e-05,-0.00046048709093568074,0.00013583156855716263,-0.00015769321445062174
0.00025137518330376266,-0.0004104277591868775,-0.00016443662032496802,-0.00030501175268905605
0.0003620761157806414,-0.0002024763351783453,-0.0005052632562053655,-0.00046570178437502305
0.0003100240096828369,0.00013466486147045036,-0.0008077864975509303,-0.0006200587074725642
8.093827263407939e-05,0.0005266027664535757,-0.0009931359755161184,-0.0007499285548028347
-0.000287700603341887,0.00087333499479566,-0.0010069326672228645,-0.0008412133074922209
-0.0007159262625403683,0.0010790905220092858,-0.0008381938148839395,-0.0008845724595155779
-0.0011045354800529004,0.0010822347645724237,-0.0005256739939517477,-0.0008750953795526972
-0.0013646456781285041,0.0008752981326624681,-0.00014872849138895317,-0.0008120345231508513
-0.0014436656921415743,0.0005083710848641375,0.00019495015037013274,-0.0006992916630608561
-0.0013390810310762013,7.462000915021624e-05,0.00041778224969479685,-0.0005465047959879408
-0.0010958017526190179,-0.0003173994056489116,0.00046774903779596834,-0.0003697882517971741
-0.0007886183477763507,-0.0005756621345762826,0.00034257416125794797,-0.0001909093381375739
-0.0004964368604062435,-0.000650637513018082,8.816333441041516e-05,-3.4158792964361824e-05
-0.00027756942603620336,-0.0005473068333593583,-0.00021785433664101494,7.8772289463809e-05
-0.00015454834962081365,-0.0003200245011206267,-0.0004916671344896882,0.00013444127788848114
-0.00011309378541704313,-5.267213141638288e-05,-0.0006691972948746618,0.00013169280942821807
-0.00011449080005963776,0.00016884129579106244,-0.000723854807206225,8.218571013273961e-05
-0.00011574767932493574,0.00028262340227098824,-0.0006706912317264967,6.670061436577372e-06
-8.9306227647722e-05,0.00026731726384497553,-0.0005563911202618938,-7.203797047434921e-05
-3.4651024960815984e-05,0.0001446321253663491,-0.00043942682344448044,-0.00013692638896674596
2.2397998083395184e-05,-3.177276484420066e-05,-0.0003678865225305794,-0.0001824090952967312
4.200489442534157e-05,-0.00019638677425891872,-0.00036290273310610616,-0.00021522547095465693
-1.0962776479571986e-05,-0.0002938138776323637,-0.0004132134811674015,-0.00024989141717024737
-0.00014942943375928258,-0.00029556010848512447,-0.0004821381914092523,-0.0003002181464963064
-0.0003548822193729247,-0.00020692784288331925,-0.0005237315864459992,-0.0003702476657026439
-0.0005802424262446606,-6.290230966464801e-05,-0.0005017179806265807,-0.00044856111106518633
-0.0007640253009187157,8.453241718649157e-05,-0.0004040859703347528,-0.0005089254160485211
-0.0008507050639878734,0.0001828611756000725,-0.000248104335843671,-0.0005179172935996486
-0.0008098851618492128,0.00019396783392838587,-7.422473338151295e-05,-0.0004473377738765308
-0.0006473286277996586,0.00010341159504245531,6.854374854313645e-05,-0.0002870142905106706
-0.0004038971764337226,-7.77693888949618e-05,0.00014017687492792934,-5.292749011752762e-05
-0.00014281673595043976,-0.00031807264822147517,0.00012360788561593624,0.00021311323148300455
7.02008737006644e-05,-0.0005748854920269069,3.015974654124515e-05,0.0004531470942724788
0.00018707761170416113,-0.0008049837458790374,-0.00010526319366480453,0.0006095420392107391
0.00019098631170722094,-0.0009733674683824352,-0.00023715061119492534,0.0006429954467742781
9.925087877031272e-05,-0.001058736105678222,-0.0003255688255259986,0.0005458497536043696
-4.479663613101504e-05,-0.0010551978687639262,-0.0003496114313333933,0.0003458462893365004
-0.00018753656649229825,-0.0009708174666400599,-0.0003133962012476164,9.862222747819267e-05
-0.0002825432227221299,-0.0008241025131330572,-0.00024277960542987514,-0.00012883152387880485
-0.0003038505795835631,-0.0006395469380555158,-0.00017441357604909536,-0.00027832294268471643
-0.00025097109964080245,-0.0004431004229593251,-0.00014149933385146384,-0.00031748888455559706
-0.00014485109620175198,-0.00025815468597825377,-0.00016162346232514202,-0.00024807867537473757
-1.7188801032969968e-05,-0.00010246804083763841,-0.00023106991045636702,-0.0001029960439424946
0.00010235173778810297,1.362296050517652e-05,-0.00032741950544004454,6.640638236196556e-05
0.00019619615172949178,8.744882499735647e-05,-0.0004190807563614022,0.00020792011655781993
0.0002628190844734887,0.00012268420625777116,-0.00047783580652373584,0.0002846031991180553
0.00031380715052491245,0.0001268180021349887,-0.0004894712881283701,0.0002839668528812618
0.0003658657111441511,0.00010819782924550133,-0.00045843786088667343,0.00021764946204538304
0.0004313567781935542,7.367102508225095e-05,-0.00040487718784230214,0.0001127253018450361
0.0005112425263876726,2.7714732268877234e-05,-0.00035534337711163515,-1.108304773622833e-06
0.0005931451618725465,-2.6600045668487434e-05,-0.0003309918020026535,-0.00010294623761900245
0.0006551532463604051,-8.527300878952294e-05,-0.00033799139421117547,-0.00018617050394027996
0.0006738280675188341,-0.00014087086833036467,-0.00036407079309561357,-0.00025630508676320276
0.0006333783511904567,-0.00018136850834350035,-0.0003827535556355317,-0.0003229296974604005
0.0005326517414953037,-0.00019149927780738292,-0.0003638566598313712,-0.00038995283937614416
0.0003874594772278272,-0.00015681113042242888,-0.0002863399533072806,-0.0004492368730258495
0.00022741448150004033,-6.937225135731666e-05,-0.0001485453124550606,-0.0004810498974198884
8.82966085650856e-05,6.695135473273444e-05,2.8328883673718574e-05,-0.00046171349804760824
2.3439316344071534e-06,0.000234019508939493,0.00020527418127775062,-0.00037542452246279337
-1.0596009727221014e-05,0.0004014400868488836,0.00033766196680944533,-0.00022501049197878192
5.14835505012011e-05,0.0005332817742195596,0.0003904713254038177,-3.634351899641727e-05
0.00017213028878828608,0.0005978501429410461,0.00035114058122500877,0.0001465810537915285
0.0003206681046790445,0.0005774786209019836,0.00023525583128411188,0.0002751303992159938
0.00046001847348446054,0.0004748897586249603,8.267875685152271e-05,0.00031355766249576664
0.0005559955960952258,0.0003135820263611628,-5.4948669777310806e-05,0.00025385682202540044
0.0005857112153842734,0.00013166170155059842,-0.00013127668825490017,0.00012164552659731177
0.0005430442987141502,-2.9114515719018115e-05,-0.00012108837156891817,-3.0229922954175764e-05
0.0004398828910727507,-0.00013548398494171298,-2.934377535287768e-05,-0.00013911349091293856
0.0003028394943501066,-0.0001718332646315146,0.00010992161306228092,-0.00015531876746821885
0.0001661804773304731,-0.0001431747737156182,0.0002447430204060177,-6.208982887472138e-05
6.26099553307908e-05,-7.100011812438844e-05,0.00032281773254678537,0.00011496720862669324
1.4139761919666934e-05,1.6255832181753886e-05,0.0003096228947990335,0.00031325885676821265
2.5412584968291085e-05,9.433068192610532e-05,0.0002008356816377696,0.0004524245922476138
8.142995519528877e-05,0.0001513966353213919,2.46833674002688e-05,0.00046130148291566656
0.00015067584433946896,0.0001901689105624211,-0.00016675092484752865,0.00030342204613043424
0.00019327081144764725,0.00022306477033835054,-0.00031445682391297003,-8.012280754516332e-06
0.00017234575806593445,0.0002625362088286225,-0.0003719911588722553,-0.0004112806453987474
6.569531409359602e-05,0.0003108629005925351,-0.0003209413594631415,-0.0008134410252038451
-0.00012564544793891675,0.0003541792661838748,-0.0001771037285063898,-0.0011181193966244172
-0.0003747191136796654,0.0003640305040900593,1.4713210332301848e-05,-0.001254414331985424
-0.0006332160144048613,0.00030679593795285797,0.00019545536137727265,-0.0011971637429612327
-0.0008426147951124402,0.00015799391748724586,0.00031108444633299817,-0.0009719332077322997
-0.0009491825707218246,-8.389093260814776e-05,0.000329756622864227,-0.0006435505497824001
-0.0009187587635781165,-0.0003898274510498047,0.00025113365874623823,-0.0002928213649908425
-0.0007470461172629874,-0.0007028289682049866,0.00010484912765724073,9.914741906908792e-06
-0.0004622487504030273,-0.0009511168476253335,-6.1021095977553105e-05,0.0002249436634937105
-0.00011905080159042535,-0.001068315637210701,-0.00019714747292084073,0.00035030590318853967
0.00021452609467395432,-0.0010142581894241323,-0.00026955094772285453,0.00041426641777033335
0.00047372211132483226,-0.0007892991830576385,-0.000269729078210307,0.0004570761819879339
0.0006124212691762244,-0.00043690647451537126,-0.0002148837389408803,0.000509907983530519
0.000613087503235306,-3.312539212975497e-05,-0.0001385238817613556,0.0005796651382607214
0.0004887777752673022,0.00033404932286665236,-7.528229620119502e-05,0.0006457910928272751
0.00027722228480272994,0.0005889010648127513,-4.5913387142893704e-05,0.000670271072986674
2.9315682997718183e-05,0.0006881041353944705,-4.833935424947387e-05,0.0006166342764795798
-0.00020416902164849073,0.0006304658003475942,-5.830823321215564e-05,0.0004700234319061771
-0.000383694573668242,0.00045364224505832853,-3.955730050688778e-05,0.0002497569235299607
-0.00048710860557329397,0.00021959992346690465,4.0305656568024844e-05,8.543231617939634e-06
-0.00050999487774227,-5.751589633559717e-06,0.0001943039661574012,-0.0001823954716627785
-0.0004614072871747969,-0.00017172884318207663,0.0004071302076168182,-0.0002574966696403534
-0.00035751014521652095,-0.0002547661261644897,0.0006365995830595382,-0.00018166475747262832
-0.00021589070676715383,-0.000259980195863888,0.0008255928539108786,3.365209699563694e-05
-5.246596529737257e-05,-0.00021325459061216713,0.0009206136165283882,0.00032968633426539985
0.0001185931573319057,-0.00014796190433797094,0.0008904584886029798,0.0006161318449261499
0.0002829886830229364,-9.190764234572797e-05,0.0007382055196505794,0.0007988132042472616
0.0004244049082927178,-5.93043776575774e-05,0.0005019326681694771,0.0008101951929520724
0.0005244329051253281,-5.0024883497780165e-05,0.00024352947500467346,0.0006324453562820514
0.0005651637582493471,-5.516824470874044e-05,2.9245184168719997e-05,0.00030512714750594895
0.0005338958431499918,-6.54363684101972e-05,-9.134030902122363e-05,-8.526292786422145e-05
0.0004281921440711801,-7.795467980569457e-05,-0.00010056963479633833,-0.0004306099634426128
0.0002590550680911653,-9.824742309768567e-05,-1.6826162878935333e-05,-0.0006331316195732626
5.048853975159564e-05,-0.00013654895751673106,0.00011387807508292293,-0.0006337020633839746
-0.00016498786154421846,-0.00020038581119385447,0.00023573283369493644,-0.0004277435439778987
-0.00035373597505726755,-0.00028719630489623064,0.0003038616343580486,-6.42424568674789e-05
-0.0004889652353266855,-0.0003808739792130005,0.0003003958591036144,0.0003708837568228027
-0.0005565956466092417,-0.00045447593360127634,0.00024005432574011605,0.0007808600525523598
-0.0005570534274462282,-0.000478631571346332,0.00016326615759980128,0.0010847351447612875
-0.0005025274650051934,-0.0004325824141399961,0.00011948597837273549,0.0012363449699210518
-0.0004109150752109815,-0.00031340878773504326,0.0001469982439490173,0.001230506987274621
-0.00029892261341833584,-0.0001394747523686085,0.0002568343360929772,0.0010961233956661236
-0.00017706061046549265,5.370541544725974e-05,0.0004269245741506879,0.0008803065177976615
-4.8458363424151805e-05,0.0002239797619431852,0.0006088168957965536,0.000630242952225679
8.817695564766238e-05,0.0003356635377542443,0.0007446091676017322,0.000379497267998582
0.00023289591351398364,0.00037035363135613395,0.0007879006500974603,0.00014302479386908056
0.00037880582315062846,0.0003314416755137153,0.0007210063791271411,-7.861892912171785e-05
0.0005091898468098212,0.00024081882759167386,0.0005619934189323855,-0.00028902736925608304
0.0005993352198781241,0.00012938105540590689,0.0003588196198071647,-0.000484962223571203
0.0006231647266583184,2.5384020477739553e-05,0.00017261370925580216,-0.0006499025955051764
0.000562797234796433,-5.4558954748800325e-05,5.616616379760901e-05,-0.0007552632122587656
0.0004177598472142215,-0.0001083148689480474,3.550087290594777e-05,-0.0007691316301531412
0.0002102866563240646,-0.00014414805580750876,0.00010128895954174852,-0.0006692125692212923
-1.5873253220242533e-05,-0.00017204785942425424,0.00021324928789648182,-0.0004548283214421242
-0.00020374451334321565,-0.0001948819063393953,0.00031589073795317696,-0.00015296907184402485
-0.0002968022825276238,-0.0002039350596563772,0.000359764083446446,0.00018457443363908673
-0.00025443712416885157,-0.00018147340578925607,0.0003203596934425179,0.0004928084336593623
-6.477014496633496e-05,-0.0001097456058567058,0.00020766424533884232,0.0007105599426156326
0.0002491160416622381,1.7341019762396074e-05,6.284721197082717e-05,0.0007976483884257355
0.0006317603160056915,0.00018534959966800104,-5.669950769716958e-05,0.0007467586062371227
0.0010065516524533418,0.0003581288277939546,-9.846018783256577e-05,0.0005862202684905353
0.0012930456010335199,0.0004863591050590278,-3.4287122698610636e-05,0.0003727614156140561
0.0014261058761129478,0.0005238389373743771,0.0001288336455620214,0.00017639021025690283
0.0013720418476182686,0.00044590076253240635,0.00035062762949797046,6.186165844939743e-05
0.0011376076127437846,0.00026269937985251844,0.0005712467922970524,7.201592899397553e-05
0.0007694709243208673,2.1299228996075968e-05,0.0007318134914866426,0.00021746698268594502
0.0003440868936470181,-0.00020574225750305943,0.0007943573477483676,0.00047504474677749107
-4.975436800947559e-05,-0.00034254554501328047,0.0007540656550605507,0.0007947882174868873
-0.0003316416568866424,-0.00033566068671643913,0.0006396930154970331,0.001112981169978777
-0.00044860039705328376,-0.00017421865327013004,0.0005023382563745797,0.0013673652043013013
-0.0003878569524840724,0.00010333995216473967,0.000396957760579319,0.0015105392593508086
-0.00018004212755260405,0.0004193597592608848,0.0003634203581155621,0.0015185349821300266
0.00010824396168921746,0.0006813106949088892,0.00041377847811623384,0.0013932054929521368
0.00039102851698877685,0.0008124371199352685,0.0005298729364403175,0.001158813230546811
0.0005848962032530816,0.0007780907505598432,0.0006714464227091858,0.0008545485933227758
0.0006308604398805855,0.0005982277348065817,0.0007911386158954024,0.0005253606008943215
0.0005104711323570023,0.0003411928444868442,0.0008504895890411761,0.00021339712074984994
0.00025160615041258693,0.00010050066656058773,0.0008311580006447078,-4.828515406455804e-05
-7.813560031342897e-05,-3.7514411825453805e-05,0.000737816938998393,-0.0002389774943037407
-0.0003892638037408015,-2.3849587938115817e-05,0.0005926415062953628,-0.00035064068900915576
-0.0005950599712535575,0.0001359638143985456,0.0004245428502128511,-0.0003860072008658663
-0.000636449282113032,0.0003838690495979646,0.0002580676841230687,-0.0003554677515586385
-0.0004999586016855551,0.0006299430902797578,0.00010653972420787727,-0.00027372753143031
-0.0002232017131803289,0.0007844432453258195,-2.8192275303648575e-05,-0.00015698208123072094
0.00011432411839695786,0.0007898405567636024,-0.00015012630623602275,-2.1021015547671468e-05
0.0004130948504520378,0.0006413937187285119,-0.000260969305807523,0.00011968434157864193
0.0005821208964570775,0.0003889051527152145,-0.00035394044884190957,0.00025214472981856603
0.0005659395109626634,0.00011905267377745863,-0.00041303044077868595,0.00036468638581547
0.0003618706870235144,-7.534020480158295e-05,-0.00041867803404511245,0.0004469169496704035
2.202156554286697e-05,-0.00012807146461631341,-0.00035773937811373996,0.0004901820079386536
-0.00036098134464354094,-2.2670568240988807e-05,-0.00023333913183564087,0.0004886339369838526
-0.0006805663085256444,0.0002023015811996179,-6.973269426860385e-05,0.0004407217398928065
-0.0008472337672270656,0.00046747099047524283,9.103001443372047e-05,0.0003506138033769411
-0.0008146404086242002,0.0006811023046685457,0.00020064903992751551,0.00022889574954347593
-0.0005928011047019123,0.0007714869427226522,0.00022084476320330783,9.193547009663949e-05
-0.0002444309800469792,0.0007117215556262434,0.0001385128132717255,-4.039006115221369e-05
0.0001342872488915097,0.0005282387804441482,-2.6268118904214897e-05,-0.00014841184384452655
0.00044237489507203325,0.00029040088595775357,-0.0002232134639475209,-0.00021708108834165974
0.0006031807427333717,8.525921891795708e-05,-0.0003857760262222427,-0.00023991217078804007
0.0005850444128646431,-1.3241147381716956e-05,-0.00045192402514175004,-0.0002211937585855424
0.0004075342960976571,3.040443762897271e-05,-0.0003848230934882478,-0.00017551988434013103
0.0001320900471842518,0.00020215935847881688,-0.00018613116297553235,-0.00012438063980464286
-0.0001590921384044367,0.00044503494091696107,0.00010306795615584122,-9.043563412852197e-05
-0.0003885518373392054,0.0006804328174661296,0.0004144391385024742,-9.090081030545824e-05
-0.0005051198180611358,0.0008361584063555328,0.0006737930386249511,-0.00013193062355271792
-0.0004951046567669966,0.0008709355082873365,0.0008244753482624613,-0.00020578178704803041
-0.0003806058185767651,0.000786872764773335,0.0008447099867523325,-0.0002918744419452954
-0.00020696089030220363,0.0006259564945394541,0.0007529203590849109,-0.000361782285987291
-2.4824849246825605e-05,0.00045250717827979717,0.0005992688223065983,-0.00038699460692011994
0.00012632718004449442,0.00032848885506673144,0.00044651439231272643,-0.00034736720469182264
0.00022771589027298977,0.00029085602300677827,0.0003470421604809021,-0.00023782353964087784
0.00028139028066704507,0.0003390346837877801,0.000324216221405873,-7.122795349100196e-05
0.0003023660557386071,0.00043667992890131496,0.00036459673018541465,0.00012364085011139312
0.00030712183831293436,0.0005265591700903465,0.0004236414700442377,0.0003087090217312122
0.000303850402968777,0.0005527265561015909,0.0004427101036406861,0.0004461594558037834
0.00028867954024410197,0.00048173383821218524,0.0003712302302677447,0.000508333848756383
0.0002492301195580536,0.0003152434606358322,0.00018616183506742125,0.00048519835758268747
0.00017356608304699137,8.973103618421796e-05,-9.802510622552996e-05,0.0003871828941769441
6.016798633962659e-05,-0.0001363011446642668,-0.00043221586306723195,0.00024245006346258237
-7.599086821805968e-05,-0.00030276528746878226,-0.0007472095251836383,8.920165964036719e-05
-0.00020464275374465274,-0.00036870445374854966,-0.0009748564860376525,-3.494917113461629e-05
-0.0002890480872577536,-0.0003260446197318849,-0.0010686029952451485,-0.00010363009036399272
-0.0002994916092168205,-0.00020180472222191886,-0.0010167578283197445,-0.00010939176945270156
-0.00022626206734554935,-4.83321010119938e-05,-0.0008445370055523427,-6.617724236876107e-05
-8.668360544810717e-05,7.474555043889428e-05,-0.0006048673694869881,-5.727555338017401e-06
7.730630151283561e-05,0.00012047987883168619,-0.0003616117955102631,3.12693158960862e-05
0.00021111374103294483,6.971291089768192e-05,-0.00017106438072784277,7.007769958149602e-06
0.0002654067561464633,-6.350092206318814e-05,-6.761086526364205e-05,-0.00010178604676832357
0.0002139226053658361,-0.00023754737260068713,-5.751605284457992e-05,-0.0002955824696644089
6.473063120974185e-05,-0.00039762588996364095,-0.00012173042590802978,-0.0005495287324703392
-0.0001394983356299978,-0.0004937377650926439,-0.00022557566322416438,-0.0008175810685562634
-0.0003329922387130266,-0.0004962767959430757,-0.00033122389933106,-0.0010424489672324188
-0.0004468462311531928,-0.0004043381140974543,-0.00040858513477644645,-0.0011689706895254368
-0.000431121447950409,-0.00024451954584621665,-0.00044146672721363626,-0.0011576062810691775
-0.0002718268052980333,-6.120402123969363e-05,-0.0004280215402923777,-0.0009946589690384817
2.9097098861495876e-06,9.800978806107346e-05,-0.0003766555541937144,-0.0006966378526046743
0.0003296840994160169,0.00019675629075505997,-0.00029993146874872584,-0.0003076400897534834
0.0006276471972474123,0.00021965670921581578,-0.00020919126118712256,0.00010962934732168007
0.0008217597734010433,0.00017465526996814345,-0.00011174062392719391,0.0004870240284701108
0.0008642352577955196,8.781921955319273e-05,-1.100439118226302e-05,0.0007651546614810692
0.0007476352460907823,-7.056827429812243e-06,9.126472820359353e-05,0.0009053043377356138
0.0005058588957186005,-8.017582071285275e-05,0.00019233747480873042,0.0008964112870273643
0.0002031388678576079,-0.00011477002039880866,0.0002869086632812756,0.0007557590314812455
-8.517217449366789e-05,-0.00011060003446610508,0.00036727722856880283,0.0005235673150703526
-0.00029393263272180356,-8.114421667904798e-05,0.00042507577169918894,0.000253089170812462
-0.00038527689786628126,-4.592476182665875e-05,0.0004536226974107397,-1.2519468568471248e-06
-0.0003567152869215261,-2.1061175741913813e-05,0.0004498186274514617,-0.00019489753128239598
-0.0002385641670037686,-1.1680018657084256e-05,0.00041489363288105307,-0.00030099982877013036
-8.227662000742045e-05,-9.085633077082983e-06,0.00035396514201994477,-0.0003136539558844468
5.622506805969853e-05,6.13476015117999e-06,0.0002749147662982525,-0.0002462683922304235
0.00013302286073111225,5.6055176571168444e-05,0.00018725173916436105,-0.0001259411273284135
0.00012782032036819102,0.00015524665073359087,0.00010134898872130775,1.4483749558879405e-05
4.786247356136468e-05,0.0003022702939471352,2.791666456906797e-05,0.00014464805429531677
-7.624815012253604e-05,0.0004762345544723533,-2.283613706205597e-05,0.00024328987699653447
-0.00020096494579352042,0.0006402490660660422,-4.2903186833227226e-05,0.000301843690260535
-0.000283056928565931,0.0007512907491033735,-2.9101279132668278e-05,0.00032442106285720103
-0.000291903938673968,0.0007736859496326894,1.4130627880261891e-05,0.0003244279346147546
-0.0002176363750846033,0.0006918954067212216,7.316355066485173e-05,0.0003188537622816469
-7.329165394145737e-05,0.0005181402273764992,0.00012635438006391696,0.0003218116412993584
0.00010917307141094982,0.00029177699019452695,0.00014877281880617074,0.00033910373984810324
0.0002876364397599438,6.98640308380204e-05,0.00011990286422471376,0.0003653731027159248
0.00042088832376444447,-8.871825984261897e-05,3.2181046933314476e-05,0.0003847933576240261
0.0004791498823160733,-0.00014088991618979363,-0.0001028052877404683,0.00037534297708759933
0.00045141614905511146,-7.311406158316148e-05,-0.00025354725607876634,0.0003157017279562712
0.0003478418009973619,9.344641585051197e-05,-0.00037492457998260405,0.0001929499222541387
0.00019663400059857469,0.0003084987748679232,-0.0004208052448591617,8.810003963936801e-06
3.629679972730343e-05,0.0005076108536133991,-0.000359518872195591,-0.00021766308909624754
-9.471841991624476e-05,0.0006321122920222412,-0.00018703162874634686,-0.00045221998506919127
-0.0001681675094071219,0.0006475487373115938,6.738120922669176e-05,-0.0006523502284611089
-0.000173156316150432,0.0005545497034266473,0.0003461918345790973,-0.000777513277359744
-0.00011821080186822386,0.0003882900680371905,0.0005791270799366983,-0.0007999936869224236
-2.761695068354602e-05,0.00020644974006523922,0.0007049625248341187,-0.0007132322767060869
6.693053235768002e-05,6.948331074059586e-05,0.0006926151373096873,-0.0005349473922341634
0.00013684000389326196,1.9754865385136395e-05,0.0005539805869562477,-0.000303713440175125
0.00016597589932769143,6.667149421559938e-05,0.00034312091031001756,-6.955879805243167e-05
0.00015577335507213942,0.0001830779062235965,0.00014077190694775196,0.00011898467374030484
0.0001243133070853034,0.0003144190487961322,2.8305334175802462e-05,0.00022771494800352812
9.952490395742682e-05,0.00039778741920695824,5.9418008015350474e-05,0.0002456641522569072
0.00010871231702535715,0.00038446350720651716,0.00023932257015820294,0.00018732180623766978
0.00016798798551119143,0.000258185520200015,0.0005193210710732486,8.741112604283523e-05
0.0002753968620108828,4.2684896448281085e-05,0.0008097814201731889,-1.0243463078900648e-05
0.000410383087295161,-0.00020439557347491335,0.0010082528671671062,-6.63449783971184e-05
0.0005401022077442213,-0.0004094305852616944,0.0010339158095970268,-5.802503280477924e-05
0.0006306322893320719,-0.0005067006809630489,0.0008567952637523537,1.4658507468610828e-05
0.0006592579596451796,-0.0004602203959744787,0.0005113253687196893,0.00012955613185801842
0.0006234100931615404,-0.0002761071198326764,8.873545839691238e-05,0.0002501477586200937
0.0005428274517908344,-1.2712241517040968e-06,-0.00029020612822277213,0.0003374977782533179
0.00045378887108231685,0.00029115011695358235,-0.0005136993072348277,0.0003624959571050431
0.0003970771045644046,0.0005247040483644451,-0.0005160555630150418,0.00031448029883086176
0.0004036769347820038,0.0006431915282059428,-0.0003008523539818427,0.00020368278663782438
0.00048320633153537773,0.0006270987294402432,5.817248385666392e-05,5.7091102023385934e-05
0.0006193122317764435,0.0004976560307485225,0.0004394224364326157,-9.04895953539425e-05
0.0007739433239572638,0.0003075916821909592,0.0007120291968442626,-0.0002069252403283704
0.0008993273725655661,0.00012215855152659306,0.0007781640518338504,-0.00027128515023348073
0.0009537210889303646,-2.838683251928609e-06,0.000605058240893594,-0.0002778931720770493
0.0009155699061448206,-3.855636199868877e-05,0.0002360248261543157,-0.0002351702832482158
0.0007911586281773426,9.437448501682948e-06,-0.000223238961942906,-0.00016044703959455518
0.0006130285704717591,0.00010567617131992169,-0.0006385022476042249,-7.322152359046677e-05
0.0004296228178691923,0.00019900101415249062,-0.0008896957681095202,1.0425385616706992e-05
0.000289670077601247,0.00024102650375968482,-0.0009082701024985436,8.039139763747108e-05
0.00022663940745324616,0.00020233515010946565,-0.0006970082420071612,0.0001317456252514647
0.0002485394639396827,8.111119426134245e-05,-0.0003261944170582865,0.00016174111207065318
0.00033642052067952525,-9.807923000642827e-05,9.18579881258204e-05,0.00016673619768566077
0.0004518589893982428,-0.0002940754879096114,0.00044065112990878633,0.00014101651524609223
0.0005505728517953434,-0.00046334514571649154,0.0006365289667525863,7.847631922491111e-05
0.0005972531502882867,-0.000573360277300082,0.0006524222459229115,-2.3387992009327857e-05
0.0005764243441601038,-0.0006106747988802103,0.000520886826957592,-0.00015902684015535565
0.0004957298669583201,-0.0005815962363246686,0.00031650260078998967,-0.0003122947645307818
0.0003808696793560569,-0.0005062226748102988,0.00012495515067741347,-0.0004576265926277607
0.0002644429545824487,-0.00040891827935989365,1.0573334496602368e-05,-0.0005653028218653596
0.0001730693877645523,-0.00030922564578688045,-5.784783052163365e-06,-0.0006094210702015969
0.00011762838781791533,-0.00021654172709211175,4.922446303058474e-05,-0.0005758591421928544
9.013864652087543e-05,-0.00013002174929586474,0.00011629772512071376,-0.00046720331913711075
6.822809770394044e-05,-4.2949410879656184e-05,0.00013104226768927274,-0.00030252608077366484
2.529017570414806e-05,5.088144743764324e-05,5.332869675903216e-05,-0.00011173697302950068
-5.765960374989727e-05,0.00015177617716589172,-0.00011306416620607005,7.369391915847785e-05
-0.00018297718697105525,0.0002520337834269085,-0.0003183599514417451,0.00023035475829196996
-0.00033366002200970385,0.0003378514604911531,-0.00048352670687037394,0.00034930131295812415
-0.0004779580136104394,0.0003942379479123906,-0.0005300337815483888,0.0004368253904598598
-0.0005796807887187541,0.00041075776474023824,-0.00041177611550550553,0.0005092759916002182
-0.0006104939406443444,0.00038572643125967226,-0.0001371885300922955,0.0005839560050078332
-0.0005598117059284816,0.0003272449704410798,0.00022721301658853955,0.0006697341787448002
-0.0004387976687150638,0.00025080409244318156,0.0005741773351950941,0.000761246638137858
-0.00027711168412946924,0.00017451283236637733,0.000788848004410539,0.0008392666777115225
-0.00011359742461602502,0.0001137871471547019,0.0007868083486830188,0.000877448664270233
1.5827125071079696e-05,7.732304926186662e-05,0.0005441063281166166,0.0008530968400803211
8.894388359887987e-05,6.548252237151427e-05,0.00010871887454267803,0.0007578718121450635
0.00010312689298109008,7.12170287087961e-05,-0.00041102028678129793,0.0006041395256941905
7.458283248950242e-05,8.2799476648908e-05,-0.0008778327134456127,0.0004241271462173399
3.147172648214892e-05,8.725439850368935e-05,-0.0011668840813069295,0.00026166865464968424
3.4526190506141625e-06,7.35252711544448e-05,-0.0012038895743420395,0.00015912548597146758
1.1255681826365766e-05,3.489197553319405e-05,-0.000987688325941884,0.00014398156541171715
5.968370034264448e-05,-2.938771718776227e-05,-0.0005901016276910677,0.00021988166056916876
0.00013613965099734595,-0.00011307190095889645,-0.0001332811740542472,0.0003653680038928424
0.00021487372198328018,-0.0002026195334154563,0.00024800432528055446,0.0005408162883443747
0.00026531329814906684,-0.0002780004628232173,0.0004469929940816373,0.0007011060372278258
0.00026167263163444165,-0.00031528467776596313,0.0004156495096868398,0.0008095034659055042
0.0001908521570623661,-0.0002914232461715777,0.00017617010082479558,0.0008478703173763046
5.6395839569622e-05,-0.00019084945087610608,-0.00018962004341176788,0.0008197781529550454
-0.00012235911332786426,-1.2440740337205667e-05,-0.0005687194795334796,0.0007458390547591617
-0.00031532650928659266,0.00022551522983643507,-0.0008534698092633459,0.0006535063371671305
-0.0004891718166317684,0.000484869401782381,-0.0009742017139299421,0.000565616175002536
-0.0006150567735198399,0.000713293418185198,-0.000917857630526303,0.0004922567706074168
-0.0006746378042586285,0.0008558471617973553,-0.000727435427212379,0.0004290548226189885
-0.0006630719371430501,0.0008699144476091351,-0.0004835324492572467,0.000362260823726707
-0.0005887433166767632,0.0007391790659400984,-0.00027498174654889745,0.00027817633915828185
-0.00047028252318621287,0.0004817960932081071,-0.00016873110640944214,0.00017263640149296875
-0.0003319863535778257,0.00014913289408821027,-0.00018881182479897602,5.6184932063358e-05
-0.0001988785283297318,-0.0001857821877178552,-0.0003107494581198342,-4.7684665705260406e-05
-9.24412173492442e-05,-0.0004474956893716182,-0.00047238970409957615,-0.00011097571325593487
-2.7640409734533845e-05,-0.0005794909567733469,-0.0005967086766703305,-0.00011319260090530603
-1.1432374198629082e-05,-0.0005608535159546056,-0.000618518404877905,-5.205365050871792e-05
-4.260371554578091e-05,-0.0004124819664083021,-0.0005061655856295501,5.176548222101326e-05
-0.00011262546948269531,-0.000190295124106896,-0.00027145645657767513,0.0001584674982084862
-0.0002071847737705329,3.277372489886868e-05,3.4751720690531334e-05,0.00022093491856370957
-0.0003081401845209994,0.00019024800093991973,0.00033907772631816665,0.0002007219150762165
-0.0003957544299935408,0.00024319640703357071,0.0005683062740896299,8.258781971953602e-05
-0.0004511256101490184,0.00019171148653977232,0.0006707339279769515,-0.00011789347102819894
-0.0004587258525373144,7.278637013356551e-05,0.0006296574863311915,-0.0003568711678520703
-0.0004088624610024507,-5.463838691796121e-05,0.0004655143055966785,-0.0005745977763363882
-0.0002997345605794242,-0.00013209478515891567,0.00022708304553804645,-0.0007138083753213533
-0.0001386318265012369,-0.00012338758906553244,-2.4432828125065496e-05,-0.0007380052153645137
5.821097317444516e-05,-2.788039638158238e-05,-0.0002327809093035688,-0.0006434336456109725
0.0002674614429070628,0.00011953511864294935,-0.000360051605463845,-0.00046061379576916277
0.000462279509979348,0.0002617021704256138,-0.0003926394368523136,-0.0002448380959959836
0.0006172230083313401,0.0003407256234523982,-0.00033924742542815363,-5.879628842670511e-05
0.0007135396484169828,0.00031973986024240523,-0.00022314150143024303,4.688030105315705e-05
0.0007435505710378279,0.00019682937510969893,-7.245997255389135e-05,4.8765087815446766e-05
0.000712780478554897,5.976879878197576e-06,8.761446891587021e-05,-4.3313380848916216e-05
0.0006388689686230511,-0.0001952029930099834,0.0002384443933648961,-0.0001909138587416037
0.0005470914272236269,-0.00034622943060967556,0.0003670941780567292,-0.00034029930931693016
0.00046334840082751954,-0.0004051586816056324,0.00046286644433041874,-0.00043964070188395995
0.00040643805152189646,-0.00036262265145209767,0.0005140652443515496,-0.00045431962944977443
0.0003819502023299309,-0.00024341196443516762,0.0005075146570156456,-0.00037556710942347933
0.000379939354934061,-9.534435837892403e-05,0.0004318673341377569,-0.00022025624996966237
0.0003775819278605136,2.9962298223391344e-05,0.00028371685552150145,-2.2806927257036153e-05
0.0003465073806931573,9.675940698250274e-05,7.38435318824235e-05,0.00017727268774073922
0.00026286563046590207,9.760943780331955e-05,-0.0001696863553287638,0.00034754804608144713
0.00011701975444203783,5.3921211444863233e-05,-0.0004040601278635637,0.00047045152843654483
-8.048369583237345e-05,4.709212555000224e-06,-0.0005804302260842347,0.0005446008687970275
-0.000299108621566256,-1.1572747986536076e-05,-0.0006569018400243463,0.000580068587211363
-0.0004952678815805805,2.548000469820502e-05,-0.0006119245787713666,0.0005901745889402008
-0.0006243288079999574,0.00010869979792120973,-0.0004534931414201454,0.0005833965018793838
-0.0006541205321352538,0.0002058049526064033,-0.00022046519284530514,0.0005586175211703193
-0.0005755710943196335,0.0002729267390316932,2.5376076476372594e-05,0.0005054117575982702
-0.0004067600152169044,0.00027367925992351596,0.00021489065004699136,0.00040904438799957345
-0.00018867711614039537,0.00019582319607849732,0.00029050260189948944,0.0002581039914940162
2.628777827835558e-05,5.836199750796744e-05,0.00022282380760464432,5.1790086354067035e-05
0.00018956830464024097,-9.434354292327807e-05,1.9774849562255252e-05,-0.00019590942751093705
0.00027039476158951365,-0.00020959582828127224,-0.0002748263061882074,-0.0004567673720824337
0.00026383790140430125,-0.00024798339114191943,-0.0005930079975193949,-0.0006935958447751813
0.0001902002958472669,-0.00020087165214997197,-0.0008612913441569559,-0.0008687530227760861
8.602433331977735e-05,-9.627795745701194e-05,-0.0010206486773140986,-0.0009534473090388278
-1.0035195650803807e-05,1.0028453074123012e-05,-0.0010418090152035724,-0.000935267828506702
-7.135190462002468e-05,5.5574492052469455e-05,-0.000931480191125582,-0.0008219566685972182
-9.231805205548468e-05,-3.2580529267466052e-06,-0.0007279827299782835,-0.0006404843398814787
-8.88836099892542e-05,-0.00017103165025027434,-0.00048812895535209615,-0.00043165543889596463
-9.047545957130133e-05,-0.00040675177807761846,-0.0002698294774307145,-0.00024146586635291406
-0.00012639292168608988,-0.0006345737818345703,-0.00011601681070384242,-0.00011108413926738962
-0.00021194902874935501,-0.0007688278409411112,-4.472718418996671e-05,-6.758429552135035e-05
-0.0003398548865293429,-0.0007448987477421546,-4.7893642456374284e-05,-0.00011743603752781943
-0.0004804817849586717,-0.0005448871846535367,-9.840211275191299e-05,-0.00024429827578243774
-0.0005913249542205501,-0.00020839971916803362,-0.00016228553128782517,-0.0004119021021998778
-0.0006324468036446357,0.0001761594687252261,-0.00021146742364417737,-0.0005718046338540981
-0.0005822365778333859,0.0004975694310114088,-0.00023265220686354525,-0.0006746679337144732
-0.00044745014194684616,0.0006566207811349681,-0.000229644739210911,-0.0006826872105760656
-0.0002633955090842255,0.0005980837359911717,-0.00021890276242530652,-0.0005801583358053158
-8.36586573569003e-05,0.0003289491940103498,-0.0002205572109994918,-0.00037922915152788954
3.7360835342849534e-05,-8.325311721305655e-05,-0.00024862445738917636,-0.00011878209185843669
6.305838713163426e-05,-0.0005314356474199948,-0.0003042004413426432,0.00014394102022257489
-1.2281116974371622e-05,-0.0009020803616311072,-0.0003741160643738559,0.00034731645290587683
-0.00016073399257627292,-0.0011094202123181894,-0.0004353835557030615,0.00044143500686207477
-0.00032953039535469784,-0.0011195576991928496,-0.00046359118723468307,0.00040186062630049284
-0.000458462558527169,-0.0009571857777338086,-0.0004419998242247782,0.0002369179884607539
-0.0004998859341797337,-0.0006937054299410089,-0.0003679401082837086,-1.395372861888206e-05
-0.0004343670630713399,-0.0004217699015905309,-0.00025421092557068926,-0.00029064549820951636
-0.000276623675554628,-0.00022544834872085642,-0.0001250863245450239,-0.000528752220435348
-6.991566328371027e-05,-0.0001559585258114554,-8.519035469645495e-06,-0.0006770515984557569
0.00012882761913613616,-0.0002202247947028525,7.254745398609292e-05,-0.0007108022996686319
0.0002676459158583804,-0.0003845650414274078,0.00010664411887127361,-0.0006368415225420256
0.0003153275882453203,-0.0005905176969099881,9.58588994592453e-05,-0.0004890917670481885
0.00026903606893455506,-0.0007760876419892547,5.3092391565203275e-05,-0.00031621424318744744
0.0001517185070827996,-0.0008946999474146085,-4.14475619080185e-06,-0.00016569585223439042
1.0911498794152958e-06,-0.00092598363087038,-6.0796210283902655e-05,-6.972754858598822e-05
-0.00014499732853575343,-0.000876197647960604,-0.00010939000131367162,-3.7436738789960725e-05
-0.00026099267502989996,-0.000770093736359951,-0.00015131414172480273,-5.565843732077019e-05
-0.0003392998613119179,-0.0006387678887408723,-0.0001939111637696236,-9.733299834420152e-05
-0.0003876494295697513,-0.0005086923943860434,-0.00024475499513600325,-0.00013393492020838358
-0.0004201346428760401,-0.00039566870681663317,-0.00030561340455013313,-0.00014704798056561824
-0.0004464642317957214,-0.0003047468653238008,-0.0003687578991014586,-0.00013476453465594538
-0.0004645911110065858,-0.00023447762794471166,-0.00041740285934701834,-0.00011075940832765542
-0.0004603009268620849,-0.00018231617703208942,-0.00043046907679099403,-9.681944369528396e-05
-0.0004142315545701228,-0.00014810646285649053,-0.0003901679411445575,-0.00011216144369405173
-0.0003134271885128296,-0.00013410220310534988,-0.00028972531064431974,-0.00016406031990656627
-0.00016230386469508098,-0.00014207808031703898,-0.0001383490582482289,-0.00024368713381373903
1.2232619841020539e-05,-0.00016971133521552316,3.862038378926649e-05,-0.0003288855920059457
0.0001647004745981796,-0.00020880691914071373,0.0002048433414804198,-0.0003927664705277496
0.00024365440570621886,-0.0002469461698022061,0.0003220741963704415,-0.00041461055143181155
0.00020906876929146758,-0.0002722682710736787,0.0003605289886446732,-0.00038859795336930187
4.831858343104522e-05,-0.00027927030908041775,0.00030737529506409157,-0.0003267190907373144
-0.00021537698891173975,-0.0002726482470638465,0.00017076757555670088,-0.0002545421570353063
-0.0005258001873036195,-0.0002667771013055805,-2.17484033747245e-05,-0.00020139103153267663
-0.0008077287741995921,-0.00028026154672610565,-0.00022990401594938023,-0.00018877225923781392
-0.00098796447298592,-0.0003272987800863666,-0.00041040683509000093,-0.0002216557388965877
-0.0010166974168335494,-0.0004093406427225176,-0.0005268645687632398,-0.00028613777214883435
-0.0008822716586232283,-0.000510874018574673,-0.0005572851445354056,-0.00035451038072363366
-0.0006146115123566889,-0.0006017918914965201,-0.000497457521998243,-0.0003958183157418025
-0.00027638163717113467,-0.0006462636663866841,-0.00035988404402719984,-0.00038778192817151395
5.5006096664831435e-05,-0.0006152544720705237,-0.00016922474883816763,-0.00032539220885620406
0.000308596419903772,-0.0004980568979688366,4.3987500920709965e-05,-0.00022278950571209214
0.00043769011656380377,-0.0003082051509318345,0.0002494929834737092,-0.00010771259943512061
0.00042922814463245334,-8.104930789581922e-05,0.0004219533666149078,-1.0785122359408656e-05
0.0003029131486907418,0.00013660459155137757,0.0005435831534342933,4.600909597942727e-05
0.00010170108690877563,0.00030125329832994194,0.0006050396372512395,5.697594113145523e-05
-0.00012217897466503685,0.00038646017961274995,0.0006052866546173499,3.337526877366e-05
-0.0003207610730761395,0.00039044628276878844,0.0005511089781584794,-3.139458549491223e-06
-0.0004596010332961161,0.00033460889321783663,0.00045653628814693037,-3.1525008634709396e-05
-0.0005212032987158262,0.00025355866572670215,0.0003419056178989438,-4.2078142574705595e-05
-0.0005034877613422912,0.00018060382874272342,0.00023196190242111975,-4.2140575764574445e-05
-0.0004157412291089742,0.00013445115712910558,0.000152486029856444,-5.396664750553955e-05
-0.00027467780745612624,0.00011246341697539186,0.00012547133836531693,-0.00010512328670679409
-0.00010213723701542939,9.323224397999458e-05,0.000163649824681103,-0.0002149674475379476
7.573537351676651e-05,4.748258245515155e-05,0.0002658598478427407,-0.0003826295336979337
0.00022934390154661787,-4.710157577818286e-05,0.0004149984309483601,-0.0005817129742216685
0.00032835488237239465,-0.00019326562854744128,0.0005799011015801062,-0.0007646005174415452
0.0003471623546817625,-0.0003692132878150567,0.0007214683688871251,-0.000875667891787486
0.00027224905029798584,-0.0005337840449639725,0.0008019936677122128,-0.0008692007129645456
0.00010889601808497691,-0.000640272459995761,0.0007953985276773299,-0.0007257535038018813
-0.00011603299167067989,-0.0006538442361232327,0.0006954191328719852,-0.00046092063662361155
-0.00035773048223007933,-0.0005658581564212464,0.0005190289931030524,-0.00012299040746423934
-0.0005638503130991242,-0.0003993442628680288,0.0003035525712934174,0.000220158312151289
-0.0006892625297195681,-0.0002031046911311618,9.772936636898849e-05,0.0005007070304219249
-0.0007105175978270005,-3.6183708274774296e-05,-5.1113190792470564e-05,0.0006705039303102414
-0.0006347254764467805,5.184625616895533e-05,-0.0001102439332026639,0.0007140125149607338
-0.0004989449587223544,3.7653018032775265e-05,-7.117163026992834e-05,0.0006503484369132506
-0.0003592800699815067,-6.815962661600034e-05,4.731286571518778e-05,0.0005240227412731391
-0.0002726270560797911,-0.00022523484570351887,0.00020391355149823598,0.00038797258442944266
-0.0002769908995180967,-0.0003779520805021752,0.0003463231220296181,0.00028506876164725165
-0.00037727560066327936,-0.0004748817286959056,0.0004262455408471366,0.0002346154941029327
-0.0005419262779731981,-0.0004861303146372481,0.00041357281484918906,0.00022833041767970214
-0.0007121855729632989,-0.0004124350118705077,0.0003054601630352871,0.0002367087068688989
-0.0008212707870107611,-0.0002830700619261585,0.0001274732423074132,0.00022288694582919127
-0.0008171100956946564,-0.00014383867095746003,-7.36859602833706e-05,0.00015852171552856176
-0.000680791404517149,-4.001671875517726e-05,-0.00024383270372480004,3.5698343382420394e-05
-0.00043419541055003674,-7.379967305320978e-07,-0.00033733231128117713,-0.00012940407797332187
-0.00013399031873199269,-3.040930001166342e-05,-0.0003307432583233294,-0.000302155219353728
0.0001460567295103396,-0.00010975828240752938,-0.00022997359647010385,-0.00044201662324554886
0.0003383833272164391,-0.00020528901534404287,-6.877360915849562e-05,-0.0005171339779932423
0.0004025407626270308,-0.00028278320102559373,0.00010102483546194085,-0.0005155642165617074
0.0003366369574382827,-0.00031924906327715497,0.00022464417116339896,-0.0004491652021395842
0.00017570128292840326,-0.0003087963154631279,0.00026039701727091635,-0.00034900125626989575
-2.1952901222643817e-05,-0.00026076980027506247,0.00019190042356469206,-0.00025422569986550264
-0.00019511032983508814,-0.00019186284935027165,3.291448127085237e-05,-0.00019864393727594964
-0.00029936883255024527,-0.00011642201828818144,-0.000176536305498097,-0.00019977018759489984
-0.00031938723273908926,-3.9718124556137324e-05,-0.0003815254045343129,-0.00025404333713469063
-0.00026993150420685785,4.2611177194618044e-05,-0.0005276785378388812,-0.0003394875443053502
-0.0001862790284242015,0.00013874586652738718,-0.0005762215076063129,-0.0004244292190477561
-0.00010841139664982333,0.0002514205556866378,-0.0005143682613392361,-0.000478890181815933
-6.543145594830463e-05,0.0003700122007272155,-0.00035827470288384705,-0.0004846197898606408
-6.609666709568585e-05,0.00046852902988855916,-0.00014801122388018173,-0.0004405223681900605
-9.85856273014521e-05,0.0005117005688215492,6.370709791533868e-05,-0.0003620646946892736
-0.00013877629208217113,0.0004678296199688223,0.0002256249824876544,-0.00027536822429816143
-0.00016295568527736892,0.00032379562321933897,0.00030088311292314485,-0.0002083381442218868
-0.000159306429175346,9.600684273920745e-05,0.0002753701652562085,-0.00018185386050023622
-0.0001332867107171759,-0.00016802794158459313,0.0001595939576382599,-0.00020365361360556722
-0.0001047532468825274,-0.00039968282607783477,-1.5885207997549944e-05,-0.00026638818536736664
-9.821637675300199e-05,-0.0005286072492184796,-0.00020965334684619474,-0.00034991118339298966
-0.00013051210272713165,-0.0005055317810936655,-0.00038037907901886103,-0.00042671958372238195
-0.00020126492965216736,-0.0003206422704733619,-0.0004964295303563487,-0.00046886052123300964
-0.0002903806468268766,-1.0649615374752619e-05,-0.0005418234328995672,-0.00045460650808652747
-0.0003639320795820189,0.0003487509077985118,-0.0005174696513447138,-0.0003735804775616483
-0.00038635845061676943,0.0006633915900718795,-0.00043806390623966907,-0.00022951665505548287
-0.00033427956353004884,0.0008479180778919182,-0.0003261453878331162,-4.0277933374405564e-05
-0.00020647648281801878,0.0008511413974755522,-0.00020536006095065937,0.0001649258184513898
-2.600357621652949e-05,0.0006712229073813358,-9.486221255236224e-05,0.0003508683948473812
0.00016659464849128058,0.000355778266036999,-6.140664212381242e-06,0.0004835263839585435
0.00032657554317122583,-1.3013632164021738e-05,5.735029204210172e-05,0.0005379839098315214
0.00041993072008643384,-0.0003432896560769741,9.823828430586753e-05,0.0005052855107693655
0.0004344908723835708,-0.0005602278888718615,0.00012201913669966993,0.0003962505778568326
0.0003832198244725568,-0.0006261705916389276,0.00013381691945303642,0.00024058647155132673
0.00029867271488311954,-0.0005482288238234587,0.00013614383491348473,8.066039534361524e-05
0.00022085910063474306,-0.00037183987332477936,0.00012821953550847497,-3.9149375463523595e-05
0.00018307527991928002,-0.0001633934900689485,0.00010685862703680143,-8.496359766414774e-05
0.00020080617496125858,1.1661567254760141e-05,6.846180684027224e-05,-4.411924582287119e-05
0.0002674208097399808,0.0001079145163625922,1.1359904154065702e-05,6.956721652552622e-05
0.00035771276098188476,0.00011059687069487831,-6.229638359984643e-05,0.00021835431842257003
0.0004374524025505949,3.537660924706962e-05,-0.00014575147138707798,0.00035097425151667944
0.00047512726730036814,-8.116563355271139e-05,-0.0002283009744209134,0.00041823725817758534
0.0004516416255241351,-0.0001960126830096911,-0.0002973304813056203,0.00038915078204758424
0.0003649521815965173,-0.00027374156639306535,-0.00034128722917059495,0.0002622464550762968
0.00022882278674124512,-0.00029567213103002046,-0.0003528319395232688,6.800150546217021e-05
6.71252385909954e-05,-0.00026206120600078507,-0.0003312814634691784,-0.00013902392807869923
-9.350302929314602e-05,-0.00018799923996113636,-0.0002835393849515242,-0.0002962998537343886
-0.00022977818483643775,-9.571022061275001e-05,-0.00022303602045423468,-0.00035274544494524884
-0.0003249413721643779,-6.655153535720104e-06,-0.0001667137070649343,-0.0002851710445473214
-0.0003689579189195061,6.386027950719885e-05,-0.00013068093092454854,-0.0001062477360546446
-0.0003571428043411956,0.00010846848611174506,-0.0001256508712410102,0.00013877324751046874
-0.0002891020750458856,0.0001265026438983627,-0.00015350028357087215,0.0003856264599016706
-0.00016925895509040806,0.00012139567173217471,-0.00020611197230371023,0.0005704549161156397
-8.864570190586507e-06,9.84507350142369e-05,-0.0002670892855969015,0.0006487062458416818
0.00017198969054154495,6.393468843776434e-05,-0.0003160848113153293,0.0006073743718379224
0.000344479529120284,2.5308444058526314e-05,-0.0003346172761599473,0.0004668291710015647
0.0004748677984551253,-8.453104222503846e-06,-0.00031165742842766586,0.0002721009880292031
0.0005320652894444701,-2.7635639762766664e-05,-0.0002471869183072426,7.705570259161371e-05
0.0004970116373012139,-2.4187774779837947e-05,-0.00015246165292026243,-7.286145724830738e-05
0.0003705292834468056,4.810048622289032e-06,-4.672270089176923e-05,-0.00015347971333903952
0.00017615843228598396,5.412853523569525e-05,4.871638666774467e-05,-0.0001664279499162364
-4.412778028170354e-05,0.00010962275453407698,0.0001171237250196251,-0.0001345925859279032
-0.00024090776714875972,0.0001508805613562171,0.0001515041791839529,-9.100948653689126e-05
-0.0003718701141042207,0.00015709932701520952,0.00015642889307948663,-6.579003659644151e-05
-0.00041505010800810434,0.00011449215793681548,0.00014580777633117832,-7.59311958408881e-05
-0.0003758412109775887,2.2538531031673123e-05,0.00013729846113191333,-0.00012129135458969917
-0.00028480442956965333,-0.0001035572810584195,0.00014529932954500483,-0.00018735556754692916
-0.0001865473118496542,-0.00023566102481012142,0.0001750827849052796,-0.00025277399194582884
-0.00012332604350730842,-0.00034030696591629515,0.00022032069083478172,-0.00029807077585522024
-0.00011921653808931129,-0.00038874224350406324,0.0002650932107991252,-0.0003119376249085516
-0.0001707745013541579,-0.00036594100436510176,0.00028983710583359393,-0.00029301208465108626
-0.0002479170300024844,-0.0002752923577761431,0.00027916533715478,-0.00024726062730929903
-0.00030504700847243393,-0.00013714702919046104,0.0002286573281121564,-0.00018303663063692
-0.000298571992595079,1.8338923463144576e-05,0.00014793409993982943,-0.00010672294556509046
-0.0002044228568748506,0.0001614628189658677,5.8576243832030646e-05,-2.1276302634607943e-05
-2.8975473861376664e-05,0.000272525296348588,-1.2693095531507464e-05,7.17089123300802e-05
0.00019093108732440463,0.0003471081707868671,-4.332017749911484e-05,0.00016778700523811102
0.00039921182891441254,0.00039516165562229505,-2.3403643545463033e-05,0.00025599097854079033
0.0005391359102829086,0.0004344030235818113,3.9875651418733415e-05,0.0003184028824242186
0.0005726467574939842,0.00048078049346713503,0.00012378988208793212,0.0003342772333863303
0.0004933890672793252,0.0005399419893876236,0.00019737665635562136,0.00028783003713171035
0.0003286992906147406,0.0006032791150268721,0.0002321949324800331,0.00017676505308840583
0.00012986822716863335,0.0006503135312675927,0.00021279458462336248,1.769078888376848e-05
-4.570404076346648e-05,0.0006566498857678789,0.00014307664474642445,-0.00015468865044701344
-0.00015389665458690464,0.0006044358153904253,4.602547853064646e-05,-0.0002955151357243626
-0.00017776629178342234,0.0004911571587424973,-4.3423652279032186e-05,-0.0003628901185535567
-0.00013108788684109926,0.0003331167483350587,-9.015501959613113e-05,-0.00033184311387858675
-5.0626874848719624e-05,0.00016192065807704196,-7.130264981850824e-05,-0.00020402160924796445
1.9544131941207757e-05,1.4973490164187851e-05,1.5016922961590056e-05,-9.14700950651275e-06
4.549053257854047e-05,-7.667335820716955e-05,0.00014785496835144582,0.000202888774175878
1.5967271133314014e-05,-9.868588359218102e-05,0.00028931044431554056,0.00037696621747876607
-5.44906944277993e-05,-5.818562841107418e-05,0.0003962966315955084,0.00046967775900126597
-0.00013272299971844512,1.8912789495676176e-05,0.0004342719973513232,0.00046232662733190863
-0.00018114578555573416,9.699646431780064e-05,0.00038829572534312566,0.00036539799218375545
-0.00017317160691678531,0.00014294263053951878,0.0002676814859572392,0.00021304658929070084
-0.0001037323186524497,0.00013696854650122877,0.0001027455748354183,4.987038307733112e-05
9.089330023872048e-06,7.830008601317096e-05,-6.51179399272693e-05,-8.48913033484473e-05
0.00013167161402920273,-1.6158199035629846e-05,-0.00019653238029081278,-0.00016972344238761307
0.00022836801324818663,-0.00011930560092667214,-0.0002659039010312714,-0.00020523747388336485
0.000275304462080982,-0.00020436728766988577,-0.0002679696277146648,-0.00020934894414110635
0.00026886181776424555,-0.00025433540561849713,-0.00021721065736589765,-0.0002057176604419315
0.0002255231144616558,-0.0002668203365875694,-0.00014079603031894185,-0.00021065597762250147
0.00017335525319209303,-0.0002527549706831906,-6.796881624765167e-05,-0.0002242854838234458
0.0001388377365719097,-0.0002298891438067255,-1.9884664986516063e-05,-0.00022989561293682066
0.00013465679277421976,-0.00021405242247303464,-3.5029909713379557e-06,-0.0002019500684344141
0.0001536858214050534,-0.0002119524198455378,-1.1417905072176062e-05,-0.00011942239960063253
0.0001718338430930855,-0.000218523509281979,-2.718684762053178e-05,2.1318931764853914e-05
0.0001587838538709768,-0.00021987509337023105,-3.366693965417782e-05,0.00019995182289946176
9.233502878326306e-05,-0.0002005172808233854,-2.0865664826208555e-05,0.0003754601774583967
-2.9556948966044433e-05,-0.00015172691329050535,9.803983224027655e-06,0.0004987433709197709
-0.00018420958189614597,-7.739099750648457e-05,4.640206512385644e-05,0.0005301497482873279
-0.00032945134792242874,5.3585442947494475e-06,7.190225515932579e-05,0.0004551855470761423
-0.0004171782175660679,7.131264678564078e-05,7.181371751322933e-05,0.0002919802203357182
-0.0004104098121584141,9.637422942554404e-05,4.079407265852484e-05,8.704285893566127e-05
-0.0002975025689371162,6.727714527727116e-05,-1.4457524279216206e-05,-9.967311483635082e-05
-9.807018620479726e-05,-1.2014037633569869e-05,-7.71933558716311e-05,-0.00021512030487698725
0.00014185341548403427,-0.00011991814668652734,-0.0001266886908962441,-0.00023132964759937116
0.00036392660227741163,-0.00022332661985105458,-0.00014597275378473528,-0.0001544319635521064
0.000515992823987191,-0.00028817090880935706,-0.0001281798750223768,-2.0958845537147675e-05
0.0005684618778809331,-0.0002907329841581275,-7.907597802284855e-05,0.00011723629362288432
0.0005228893961073885,-0.00022561531711788623,-1.4860602976315447e-05,0.00021359331871488593
0.0004099328425965971,-0.00010746646876403984,4.37953060124766e-05,0.00024486596727331476
0.0002776960225093555,3.417575708875026e-05,7.908707389247955e-05,0.0002193200748986755
0.000174835470854121,0.00016506010462198452,8.195998757841026e-05,0.00017170086217282532
0.0001344705860209961,0.00025774831772659896,5.440364468343881e-05,0.00014685018119206425
0.00016436636386921183,0.0003003780719480286,7.536696506450595e-06,0.00017853841679369217
0.0002463505132617496,0.00029960866652894644,-4.344042564425122e-05,0.00027225757389899856
0.00034449992456688346,0.000276849384987127,-8.516362962082816e-05,0.000399444905390069
0.0004185921771689353,0.0002593086077659449,-0.00011043309535104686,0.0005062602005894946
0.0004377570675585487,0.00026922935753040324,-0.00011932596978236295,0.0005342470986047375
0.0003896525324217008,0.0003152451277285374,-0.0001169592600779355,0.00044522018204024277
0.00028253563000962703,0.0003889275290587509,-0.00010926199546503423,0.00024054561796272545
0.00014040282618852027,0.0004676585821265946,-9.896631251309262e-05,-3.340324913540242e-05
-6.185453487439951e-06,0.000522676936477611,-8.386672548049766e-05,-0.00029690914125205794
-0.0001297934212277442,0.0005293474836937449,-5.8293345175980523e-05,-0.0004625335116916051
-0.0002129014374063381,0.0004760093274328666,-1.7177338689135008e-05,-0.0004659919271024431
-0.00025003696728108306,0.0003683676904891462,3.925253395991744e-05,-0.00029109717156818407
-0.00024558350370776713,0.00022803795015031671,0.00010260200502029828,2.0771167352190294e-05
-0.00020925101535333436,8.590088833818681e-05,0.00015712065614264365,0.0003809325760888491
-0.0001517404993274977,-2.7345439767585184e-05,0.0001845191882560285,0.0006806282848518888
-8.247282216839805e-05,-9.022645814081311e-05,0.00017130666761983277,0.0008261982984039172
-9.802906625564525e-06,-9.621689423200684e-05,0.00011581146544925299,0.0007701242976537703
5.7346250744879886e-05,-5.44997386201721e-05,3.178963088192424e-05,0.0005270894683614459
0.0001082930366443298,1.4174006136199381e-05,-5.3447908304168565e-05,0.00016936993768225159
0.00013144611201719415,8.48808470163898e-05,-0.00010646635684725238,-0.00019689245423790185
0.0001175947289078019,0.00013660712055321134,-9.855838500944289e-05,-0.0004663004268004203
6.450885919654517e-05,0.0001584236157946209,-1.6316542662879636e-05,-0.0005677394342015366
-1.938760161724205e-05,0.0001519590069824859,0.00013201399159572163,-0.000485455870506881
-0.00011458601752421831,0.00012967464611623254,0.00031708528949311377,-0.00026088490944517197
-0.00019452662477917315,0.00010978019798168158,0.0004962248086842322,2.4657676537349855e-05
-0.00023344736014032687,0.00010959210447200845,0.0006261556354677606,0.0002796280237869032
-0.00021553500854442622,0.00013947423254960858,0.0006764835866979733,0.00043340856761740055
-0.0001418585829309206,0.0001991800014778901,0.000639344601914575,0.00045808066445872787
-3.195613678547233e-05,0.00027760030677296513,0.0005318360270992866,0.00037378099035646626
8.128479600438475e-05,0.0003558903231223287,0.0003903294934582171,0.0002368091852690631
0.0001622777995348969,0.00041299866649677935,0.0002585903206399208,0.00011586199719002682
0.00018542446155318261,0.000431990683993183,0.0001737765233982302,6.572079320769073e-05
0.0001452047825563289,0.00040537323784525586,0.00015507520438043116,0.00010807318768619968
5.963256474444999e-05,0.0003379055612324235,0.00019871549544797705,0.00022594925475812586
-3.474765798845681e-05,0.00024603562835292733,0.00028076912546040004,0.00037285682852705336
-9.507271747817353e-05,0.00015397885461105004,0.0003663869419697634,0.0004922206504812815
-8.754391016499614e-05,8.735764932053108e-05,0.0004219425921546165,0.0005392079850165975
-5.254921477384957e-07,6.603421033703682e-05,0.0004257411005574432,0.0004966649303380103
0.00014953951593978652,9.810385472787571e-05,0.00037374612976945137,0.00037964693865657714
0.0003218914460974727,0.00017684586682588507,0.0002788181273877025,0.00022768240487464357
0.0004639767856756034,0.0002817380980044584,0.00016441311098017522,8.858415592253872e-05
0.0005286322811687929,0.0003835579207223513,5.561929376145995e-05,5.399675713764571e-07
0.0004900602711261805,0.00045238219806683494,-2.8897682912562062e-05,-2.0636779037939718e-05
0.00035304082601162726,0.00046631503878770885,-8.120261547573207e-05,1.5284398314000663e-05
0.00015213724118839792,0.00041835346079408344,-0.00010359457309703016,7.964933303914595e-05
-5.887035365259488e-05,0.0003191549939663893,-0.00010430224523348707,0.00013802212961444398
-0.00022370106558469184,0.00019457685433644113,-9.183884086035434e-05,0.00016397810985858746
-0.00030073978698907174,7.843393997342498e-05,-7.079850950233177e-05,0.00014808454313788074
-0.0002749184559873198,2.494291624758867e-06,-4.095597484608121e-05,9.89665928328486e-05
-0.0001605566324007783,-1.3237090467112245e-05,1.768596772279028e-07,3.684182123782874e-05
5.3528426331639e-06,3.319541043258502e-05,5.290660725821997e-05,-1.7003240739446417e-05
0.00017662085158028388,0.00012502054896824954,0.00011156493456214358,-4.987399591461269e-05
0.00031312215781176505,0.0002320861207320698,0.00016368136553477806,-6.22580522725946e-05
0.0003925300778089857,0.00032063350295313234,0.00019310219495557134,-6.56109508565257e-05
0.0004147827884164964,0.00036433978224049415,0.00018615692170405752,-7.472416615987294e-05
0.00039834609014161373,0.0003529207666060389,0.00013837609646478424,-9.847939533355133e-05
0.0003703123718310666,0.0002953115204380641,5.8679097365376244e-05,-0.00013348783856705288
0.0003544348328060258,0.00021623913054757884,-3.12994204852415e-05,-0.00016381334683230535
0.00036164738268319773,0.00014728218649028967,-0.00010322604819406429,-0.00016725842292046947
0.0003863970350019355,0.00011547642429197372,-0.00013167882961389807,-0.00012572165024846778
0.0004097658606541715,0.00013345860914795921,-0.00010390823282500753,-3.518565547768501e-05
0.0004078103169300837,0.0001946704933248858,-2.589491021016228e-05,8.918992588489625e-05
0.0003617365180649879,0.00027539959098267367,7.802203527367235e-05,0.0002155482434864254
0.0002660657071015314,0.0003430121974841634,0.00017236568681291774,0.00030502156319994815
0.00013189518872095394,0.0003675008990794039,0.00022238003036278878,0.0003252556103273611
-1.5724532812652018e-05,0.0003322419970440624,0.0002063898504977811,0.000262676476623301
-0.0001451604803761491,0.00024010486472631891,0.00012409742040901602,0.00012867976985323035
-0.0002276352477958914,0.00011270837707146271,-2.4408335868081246e-06,-4.287751542377601e-05
-0.0002455688673990892,-1.6909185457134686e-05,-0.0001358065761476213,-0.00020622578736331033
-0.00019729755579154487,-0.00011555221021987408,-0.00023587803547243865,-0.00031854805624043217
-9.704724017452933e-05,-0.0001609852947270806,-0.0002736769424389341,-0.0003537825966355567
2.937033998567675e-05,-0.0001489077621604555,-0.0002413793503867795,-0.00031038872906014416
0.0001514654880793913,-9.33434917680716e-05,-0.00015479396659173292,-0.0002104002719436941
0.00024143120360080433,-2.0464376861121397e-05,-4.734864224189238e-05,-9.037900527005228e-05
0.00028007735207531264,4.169121828408054e-05,4.2241130553831964e-05,1.2124861527748428e-05
0.00026022413434266306,7.363808438596225e-05,8.409684289967865e-05,7.144673625876871e-05
0.00018731506087095424,7.103924729043477e-05,6.789550487563636e-05,8.131749197297578e-05
7.766311910233466e-05,4.5030936964073325e-05,6.250694055614714e-06,5.4553935363157524e-05
-4.4970607950781376e-05,1.6288015051069363e-05,-7.043524979386173e-05,1.5582657401424626e-05
-0.00015378565504255018,5.297710849869907e-06,-0.0001256570442346295,-1.0813850693016064e-05
-0.00022378509212195877,2.2819869072765033e-05,-0.00013061442189711594,-9.83551476482162e-06
-0.00023653899340900835,6.44796670868471e-05,-7.497044090441107e-05,1.8009167331818035e-05
-0.00018423243490785864,0.00011185342572846827,2.9420884929149733e-05,5.8481383487782583e-05
-7.21708549507791e-05,0.00013985693082022184,0.0001531221996861166,9.109833557357227e-05
8.113551195386377e-05,0.00012769812408872701,0.0002602190121881495,9.91318660467302e-05
0.0002468963759380344,6.909970085542556e-05,0.0003216713217299834,7.776537715990509e-05
0.00039187186898660665,-2.243875732496544e-05,0.000325870068020393,3.689448808552584e-05
0.0004860655041338202,-0.00011586018820599025,0.0002824776799874811,-2.675460938592373e-06
0.0005103858053750274,-0.00017201783989072582,0.00021821200384617426,-1.8121160972847897e-05
0.00046201299580126196,-0.00015736948027438854,0.00016627916361290043,5.066667908110135e-06
0.00035558630138475143,-5.710073292767937e-05,0.00015351775349574278,6.561484209232344e-05
0.00021945440339575056,0.0001171871581176193,0.0001901078916346781,0.00014508584555692072
8.779223939407661e-05,0.0003283727050153696,0.0002656550886845346,0.0002134253733317829
-9.155609418770388e-06,0.0005235173132998847,0.00035300976818894523,0.00023954798637732964
-5.365493224188816e-05,0.0006495016469843001,0.0004182790757743236,0.00020305634065822007
-4.507400965383297e-05,0.0006695542196773395,0.00043322823874866875,0.00010267837672933076
1.0631331004865377e-06,0.000575183305251379,0.0003854830655209253,-4.181419828871974e-05
5.923441056619928e-05,0.0003894715872901073,0.00028288402599003625,-0.00019504108653383545
0.00010313078356208891,0.00016054270131636344,0.00015059982615262674,-0.00031694054484547157
0.00011466897076427496,-5.27285672515793e-05,2.2295855185256678e-05,-0.00037535560423968277
8.963054775800488e-05,-0.00019814264557599024,-7.124802789506158e-05,-0.0003559200192711844
3.8002699568656645e-05,-0.00024515088084253495,-0.00011192214414020019,-0.00026595585330913257
-2.0927942489667038e-05,-0.0001927101043732002,-9.913529560113665e-05,-0.00013131148208277198
-6.671494180768114e-05,-6.779234406878356e-05,-4.8378427266294356e-05,1.2430880256685266e-05
-8.591484020425938e-05,8.456891848830964e-05,1.548328420186186e-05,0.0001310935281279321
-7.709945994127494e-05,0.00021612128116622257,6.735302749599596e-05,0.0002015325497121226
-5.0810478013923023e-05,0.00029015812658707545,9.000925416342582e-05,0.0002167435717388682
-2.4560754454680392e-05,0.0002915551062006678,7.842151837572902e-05,0.00018527352614545176
-1.4961031848898188e-05,0.0002292565253980269,3.9211786955807744e-05,0.00012586256724109017
-3.0209056920181955e-05,0.00013102893315453416,-1.3861045645797033e-05,5.9794924099752615e-05
-6.605471595883726e-05,3.281170167398475e-05,-6.610261349290986e-05,3.927715312307357e-06
-0.00010698398800451466,-3.345431589492397e-05,-0.00010711093865791799,-3.328558868672879e-05
-0.00013227530187412368,-4.949725875682924e-05,-0.00013310981187882455,-5.18923457015724e-05
-0.00012459521027299674,-1.506141533973767e-05,-0.0001459222866104018,-5.7357979357619375e-05
-7.770841531162229e-05,5.387187324321172e-05,-0.00014963024029207355,-5.611367833759009e-05
-1.2977652335025795e-07,0.00013171444409069023,-0.0001468880752202766,-5.180462492092308e-05
8.693236936057442e-05,0.00019205320190069514,-0.00013683018833884767,-4.371314505681326e-05
0.00015677921359010362,0.000215530473948739,-0.00011559574254639809,-2.7717318677300713e-05
0.00018696306651497393,0.00019448687985999455,-7.913615180916989e-05,9.758492011645303e-07
0.0001678879011340873,0.00013344161448224957,-2.679744388096872e-05,4.475258630780819e-05
0.00010692657757009182,4.600708770893889e-05,3.62843384358047e-05,0.00010159086672756334
2.6350324225645535e-05,-5.0087104837327496e-05,9.9459544293053e-05,0.00016494987206534112
-4.431149293831647e-05,-0.00013787875530405294,0.00014979116613375934,0.00022548399258298137
-7.874328923239025e-05,-0.00020444867809295665,0.00017710016861282978,0.0002737648726664852
-6.33067121012707e-05,-0.00024201543673315912,0.00017871709769030214,0.00030288174899421524
-1.998805520660174e-06,-0.000247262940779475,0.00016173156914593353,0.00030999646967203205
8.492926319607266e-05,-0.00021993732702695295,0.000141411607418946,0.00029649859963793703
0.0001681761745837172,-0.00016179921272169726,0.00013599336172238127,0.00026703437542588025
0.00021975325935186685,-7.654459256071448e-05,0.00015960097656482573,0.00022807240317713898
0.00022270798575905635,2.9419197623485865e-05,0.00021599041666271399,0.00018666495784216454
0.00017670523781102487,0.00014607788856661882,0.00029569776230826787,0.00014972101378594397
9.755703746814823e-05,0.00025975420954483467,0.00037800490793901253,0.0001236498885541338
1.1061243588854526e-05,0.00035456989125831964,0.0004373364070284114,0.00011393659206414969
-5.641145145333752e-05,0.00041543901864101243,0.00045196254729473403,0.0001242530366104936
-8.703221555133103e-05,0.00043184607428699544,0.000411894948076379,0.00015508576684654103
-7.702929811788644e-05,0.0004011437387216052,0.0003230330045808068,0.00020237160341250162
-3.677593381721123e-05,0.00033007110178698024,0.00020591675687926282,0.0002569803635157318
1.427591525818674e-05,0.00023369014036170137,8.938945360467665e-05,0.00030582191875466
5.563153179277778e-05,0.00013179929162203483,1.3383777647034498e-06,0.00033482082945464516
7.357112975889214e-05,4.378909283029187e-05,-4.0241754771892227e-05,0.00033317120194310823
6.581128370261005e-05,-1.6489337998375556e-05,-3.2739440845498506e-05,0.0002975133520038897
4.14284084853433e-05,-4.420537010052343e-05,1.088458667413035e-05,0.00023434917290136772
1.6358312807481857e-05,-4.425378227931962e-05,6.713632667401052e-05,0.00015937271740199248
6.4687560613924545e-06,-2.8973771777871492e-05,0.00011032087844412052,9.339605105701271e-05
2.1032669175225036e-05,-1.36682129057231e-05,0.00012113223591276711,5.5863188473387684e-05
5.9125810739785786e-05,-1.1432228007285383e-05,9.25110053332256e-05,5.805165033497418e-05
0.00011020463173404575,-2.8997264220097848e-05,3.09180183469932e-05,9.84704634965465e-05
0.00015842681918991786,-6.49061926989501e-05,-4.706840573079872e-05,0.00016242075890845684
0.00018883958444319837,-0.00011050429806518396,-0.00012122995157593354,0.00022630373540535702
0.00019292964915718167,-0.0001532608665222768,-0.00017466637843991436,0.0002655084367111319
0.00017141262762194152,-0.0001811686613124634,-0.0001986871829110998,0.000263248925232642
0.0001333371952714239,-0.00018666504292903785,-0.00019409824824375907,0.00021714670399023295
9.207788863140748e-05,-0.0001687684604147852,-0.00016886615482190935,0.00014096256492921247
5.998136435864283e-05,-0.00013281893216030103,-0.00013355040372386518,6.052088658893085e-05
4.385727718219084e-05,-8.808876885704146e-05,-9.663805333903611e-05,4.975194419730043e-06
4.303610336906915e-05,-4.4272058082843804e-05,-6.173914277026165e-05,-3.640810100475592e-06
5.0585903306686955e-05,-8.208757212488458e-06,-2.7631275428338523e-05,4.115396895377094e-05
5.697580421905324e-05,1.7959091632201944e-05,9.178539044332919e-06,0.00012703497509480193
5.452968846291732e-05,3.6592253766364304e-05,5.080900450682964e-05,0.00022619797481773877
4.079158091824391e-05,5.2510228129371605e-05,9.513939467996159e-05,0.00030431823475261663
1.9476625129463752e-05,6.999515968202896e-05,0.0001351825188289844,0.00033212613248003966
-1.2567882331669387e-06,9.009980511934795e-05,0.00016111182582752005,0.00029556065481123686
-1.2366826380266696e-05,0.00010939738329505944,0.00016413805617188646,0.00020088921387012402
-7.769070002962397e-06,0.0001207596575919458,0.00014055941054432478,7.292453279886324e-05
1.3122144360101768e-05,0.00011596580627157775,9.416092951575086e-05,-5.3096399841527815e-05
4.5112382571054545e-05,8.921471200240848e-05,3.577992946613573e-05,-0.00014316425634091444
7.918876112353117e-05,4.0207345262081054e-05,-1.9981403462491793e-05,-0.00017563879581284877
0.00010579874341705373,-2.4457970579829153e-05,-5.971366692384756e-05,-0.00014805472660032646
0.00011805539198940153,-9.228785536446012e-05,-7.590952059361296e-05,-7.734125913069144e-05
0.00011362617729539546,-0.0001481668061448273,-6.954680922622062e-05,6.451907459861686e-06
9.472234931079073e-05,-0.00017893508072020875,-4.947754769114827e-05,7.05765769330624e-05
6.64624822385413e-05,-0.00017776546059001754,-2.881009829645495e-05,9.045564037823517e-05
3.455137842357e-05,-0.0001467966498157054,-1.966666703599046e-05,5.7300566978433804e-05
3.4085485642364535e-06,-9.698610505685338e-05,-2.8350535513772227e-05,-1.991865482319237e-05
-2.4463895484795324e-05,-4.5040732636188684e-05,-5.2804760188583134e-05,-0.00011846434870511826
-4.7783818010009094e-05,-8.277246098314255e-06,-8.334837046726203e-05,-0.00021002250405865373
-6.508607737632928e-05,9.84123687433982e-07,-0.00010639644074123027,-0.00027001484407662365
-7.362221244708252e-05,-2.035154257555745e-05,-0.00010971593077511489,-0.000284814599922577
-6.943467309489904e-05,-6.477061213623701e-05,-8.719333060027786e-05,-0.0002546623058490526
-4.887187003499362e-05,-0.00011619188365417075,-4.1310130739626206e-05,-0.00019178719282612221
-1.1010240426784267e-05,-0.00015489071771532476,1.756384352673664e-05,-0.00011496391144835935
4.016605580864287e-05,-0.00016378815395824632,7.471524305159092e-05,-4.2837893603388764e-05
9.509400222060908e-05,-0.00013408942496713694,0.0001160635572091437,1.1515418191863545e-05
0.00014024930001899858,-6.842197412487263e-05,0.00013268087548748468,4.312433762711747e-05
0.0001619077644061788,1.9586862653984147e-05,0.00012323321789212626,5.4392459752694794e-05
0.00015091569578868646,0.00010919259352108252,9.360035658181529e-05,5.203035675913645e-05
0.00010671164559351909,0.0001786357479475261,5.404854639713924e-05,4.3310446236713126e-05
3.889256423298627e-05,0.0002114904950098342,1.523334280926754e-05,3.3277418774450515e-05
-3.461755019077491e-05,0.00020121934642800644,-1.5349598953923248e-05,2.3847436637125074e-05
-9.251496879705633e-05,0.00015251877936783059,-3.517346777057905e-05,1.4732311946770838e-05
-0.00011667923569003537,7.914384157399024e-05,-4.627685474837848e-05,5.293426541315436e-06
-9.812632658074723e-05,-9.042348981171285e-07,-5.312405512756427e-05,-3.883350967116402e-06
-4.021064797211281e-05,-7.107599164866605e-05,-5.987986549341504e-05,-1.059967547424728e-05
4.2163879832045445e-05,-0.00012087332907551293,-6.83825097467616e-05,-1.2023555454057258e-05
0.0001271593388821474,-0.00014784774997622045,-7.766299523183293e-05,-6.433219916150988e-06
0.00019289732566744812,-0.000156507853938427,-8.507401134591144e-05,5.326518053300449e-06
0.0002242457621326751,-0.00015481530789652922,-8.831893826117949e-05,1.9627662365922724e-05
0.00021715279874912454,-0.00014983523257421246,-8.725825585453143e-05,3.1426178744508974e-05
0.0001790876493403017,-0.0001443775629019523,-8.449695393131e-05,3.672648198397004e-05
0.00012558032148868867,-0.00013601651241018544,-8.435969734288734e-05,3.5003672669878326e-05
7.426565726213217e-05,-0.00011887569246097275,-9.066378118845271e-05,3.0299047793154324e-05
3.869604257246691e-05,-8.740136713073945e-05,-0.00010433459742601218,3.017691431422663e-05
2.4173857814935906e-05,-4.047276933347184e-05,-0.00012207594593427557,4.26495189515789e-05
2.699264195574246e-05,1.6028376052225238e-05,-0.0001369126508026568,7.215542269328894e-05
3.711751562393041e-05,6.953376325472308e-05,-0.0001406192573705256,0.00011627492013654803
4.3020146051358675e-05,0.00010422183685689464,-0.0001271773767690667,0.0001647821144150879
3.662291185151045e-05,0.0001065231264909049,-9.585048148441107e-05,0.00020184197069824023
1.6382543372559993e-05,7.070696474407979e-05,-5.249125826433553e-05,0.0002109396421696137
-1.2601069003678256e-05,2.336104915103758e-06,-8.3256971490549e-06,0.0001809566834071793
-4.129642092241055e-05,-8.19963994969045e-05,2.3545361933090783e-05,0.00011117254935127938
-6.096014044664139e-05,-0.00015894878434889812,3.272463735314786e-05,1.3166300487438414e-05
-6.697501921190468e-05,-0.0002055441670385456,1.5451724089798522e-05,-9.14026181257315e-05
-6.0642791461057574e-05,-0.0002067931607614676,-2.3679321934287905e-05,-0.00017669358371924523
-4.819024395505113e-05,-0.00016116165513602835,-7.299178635392075e-05,-0.00022044726573256884
-3.7471768520057645e-05,-8.183924596108906e-05,-0.00011762153797240194,-0.00021103424245311984
-3.386336312408832e-05,6.844382987126758e-06,-0.0001446369928376396,-0.00015137294641203545
-3.72174820807732e-05,7.682477884222804e-05,-0.0001474774671452079,-5.8339704393588866e-05
-4.132462306157327e-05,0.00010512902659028897,-0.0001280367118385421,4.216317619737703e-05
-3.627612185000661e-05,8.11698664488175e-05,-9.561327130188513e-05,0.00012283502882319788
-1.2874772148650045e-05,1.0036883087275041e-05,-6.315908531421478e-05,0.00016277603335409173
3.2687164997921136e-05,-8.932560966246967e-05,-4.23042373548155e-05,0.00015296510186496153
9.587732607201018e-05,-0.00019040492167497172,-3.9100966302867124e-05,9.782469296526985e-05
0.00016399064513684432,-0.0002676910850529069,-5.2125784898445426e-05,1.2689982006489932e-05
0.00021962895236744834,-0.00030459924234657837,-7.362443171751861e-05,-8.161983936592074e-05
0.00024636743521921244,-0.0002980975236481215,-9.316195809185379e-05,-0.00016507906086587869
0.00023456603400663135,-0.000258609197663735,-0.00010224049302489486,-0.00022348367495300355
0.00018514232356139405,-0.0002054484364816316,-9.797272264020342e-05,-0.0002508375336728967
0.00010982504131849718,-0.00015959697310202162,-8.430084959493618e-05,-0.0002488300437904385
2.769132355447194e-05,-0.00013647836656716748,-7.026601728897229e-05,-0.00022421571227452635
-4.083577729864011e-05,-0.00014124947086081773,-6.605015736734758e-05,-0.0001855200389011335
-8.041690332241585e-05,-0.00016808755542992667,-7.843619894731867e-05,-0.00014045549418943405
-8.539797263547658e-05,-0.00020342166379696533,-0.00010758615262821333,-9.482792356911292e-05
-6.102649908880869e-05,-0.00023162358089452934,-0.0001465132532335928,-5.2868087527322164e-05
-2.0986848633271645e-05,-0.00024086807322461234,-0.00018353283351556826,-1.8234183471493046e-05
1.770523807355693e-05,-0.000226970315060287,-0.00020675748791099805,5.299641782971877e-06
4.05047559499409e-05,-0.00019393361309896686,-0.00020885012646075908,1.4150567629369064e-05
3.97486264521157e-05,-0.0001513008434075665,-0.00019011234705779972,6.249241452991933e-06
1.6230939324771393e-05,-0.00010965120273357579,-0.00015862587495110703,-1.728675863054121e-05
-2.2352772043689848e-05,-7.623420370981184e-05,-0.000127328714967725,-5.114721524372123e-05
-6.519460056908368e-05,-5.254997698901107e-05,-0.00010912971349318106,-8.634425983306235e-05
-0.000102726967177543,-3.47714181149203e-05,-0.00011195479658408226,-0.00011246295616830456
-0.00012979701047690837,-1.6652680928937885e-05,-0.00013565722519124103,-0.0001210294587283365
-0.00014653980947883444,6.498226032167231e-06,-0.0001719958021151562,-0.00010873555652030064
-0.0001568551831693205,3.4648513578422924e-05,-0.00020768010910884838,-7.91259030456243e-05
-0.0001653945377132858,6.217807540769617e-05,-0.00022928230376433284,-4.1840965002993874e-05
-0.000174533892068582,7.982213563207371e-05,-0.0002280990902511062,-9.450976100818133e-06
-0.00018273186876680169,7.86758842600938e-05,-0.00020309757808109033,7.06435205941649e-06
-0.0001850044808039013,5.456703835934343e-05,-0.00016086824292753905,2.4774726018647847e-06
-0.00017529006159846443,1.0846873096088982e-05,-0.00011271348568183431,-2.058266155992788e-05
-0.0001496376901242443,-4.178332735062175e-05,-7.013270647559676e-05,-5.255363914423477e-05
-0.00010878165615683185,-8.861468010380817e-05,-4.0568998063170896e-05,-8.067705530729691e-05
-5.891124863818307e-05,-0.00011632128306388479,-2.5120587398630174e-05,-9.416771258922437e-05
-1.0198439893428486e-05,-0.00011834638304859775,-1.9066941254358753e-05,-8.876444215214009e-05
2.6413881927196467e-05,-9.808916452793537e-05,-1.4870908399911118e-05,-6.875358815487692e-05
4.292670820566149e-05,-6.843516753651761e-05,-6.285272395108638e-06,-4.5492655674266404e-05
3.704200515402189e-05,-4.753310094402752e-05,8.260197755032e-06,-3.285056375473941e-05
1.2876062643924407e-05,-5.218834707456063e-05,2.4500924391695597e-05,-4.1276005296879555e-05
-2.0641433727624638e-05,-9.12461123436896e-05,3.396767362335141e-05,-7.287177191925376e-05
-5.303436367196172e-05,-0.00016146722354857726,2.776817598056135e-05,-0.00011958643176656397
-7.591888454215124e-05,-0.0002475770924199283,9.394835095589954e-07,-0.00016549578283659098
-8.56058405889213e-05,-0.0003266791372223213,-4.4507256721168086e-05,-0.00019255074408856338
-8.37153753384602e-05,-0.00037561590438767785,-9.92456571256662e-05,-0.00018773379929141584
-7.568306704967793e-05,-0.00037873823122443515,-0.00014931615754844638,-0.0001488731566143363
-6.78953801087898e-05,-0.0003333349493351415,-0.00018091182324254376,-8.672210995344578e-05
-6.472564103033798e-05,-0.0002507732775302014,-0.00018545068304711565,-2.222691815776034e-05
-6.673636894628035e-05,-0.0001529171970721452,-0.00016293334239737427,2.029407136173527e-05
-7.078105441895473e-05,-6.507146156294184e-05,-0.00012220250635968765,2.1734265409432014e-05
-7.190755805548397e-05,-7.9247422841645e-06,-7.790680505546229e-05,-2.4560793652907657e-05
-6.618612726129705e-05,8.710594542979901e-06,-4.525958517020542e-05,-0.00010963407363767216
-5.318263876406823e-05,-1.1747192252581918e-05,-3.456241258131907e-05,-0.00021116385409696437
-3.6938227861245095e-05,-5.4874723547914146e-05,-4.757939174442256e-05,-0.0003004932298336472
-2.493994951253785e-05,-0.00010107770088033772,-7.714888043123527e-05,-0.00035205573868528003
-2.5413744610784824e-05,-0.00013281342451915943,-0.00011017367289028817,-0.000351896122564551
-4.3989593998251304e-05,-0.00014057458278460259,-0.00013282615449818655,-0.00030227118960428524
-8.108191912899305e-05,-0.0001255679609621741,-0.00013595259871190108,-0.00022070601370961673
-0.00013107429299982935,-9.831336283564986e-05,-0.00011859402282096124,-0.0001338654642719859
-0.0001836991674585995,-7.391034756595752e-05,-8.828372485285942e-05,-6.844824367615318e-05
-0.00022714436359133174,-6.590329445579679e-05,-5.8039706784358326e-05,-4.234172439057298e-05
-0.00025174586060418817,-8.109420116790789e-05,-4.124902610289877e-05,-5.9120491597405425e-05
-0.0002529095696033336,-0.00011718273585430581,-4.644168443287435e-05,-0.00010770352848294402
-0.00023222446856595216,-0.00016396627490164386,-7.39670832422742e-05,-0.00016708977735124537
-0.00019644859959752492,-0.0002074660751386277,-0.00011582061750131206,-0.0002142783500032531
-0.00015487146652982278,-0.00023528067496536082,-0.00015863191795903786,-0.0002324112861661713
-0.00011614882807006955,-0.00024109058581500906,-0.000188609832136671,-0.00021622398989797775
-8.583690719152394e-05,-0.0002266602112246614,-0.00019651693560876027,-0.00017299737821960885
-6.548483321577967e-05,-0.0002007080834228905,-0.0001807899975643309,-0.00011892948968685353
-5.3445134029733276e-05,-0.00017522959380099123,-0.00014769754016930866,-7.252200563795096e-05
-4.6833723588117406e-05,-0.00016078940076604206,-0.00010860912772004587,-4.758880520066238e-05
-4.361995944938819e-05,-0.00016261328925992188,-7.55666037373739e-05,-4.849168073333471e-05
-4.383786480272628e-05,-0.00017891283814446628,-5.695636290275379e-05,-6.923850792724312e-05
-4.936649821945887e-05,-0.0002019564452732103,-5.495693679573278e-05,-9.654860570548413e-05
-6.242474446092563e-05,-0.00022133332261315761,-6.564892905815058e-05,-0.00011549906924311084
-8.35548187177666e-05,-0.00022805690142770605,-8.155964913375097e-05,-0.00011547296349011379
-0.00011014966384828966,-0.00021791173881690538,-9.543173915636794e-05,-9.414211297870833e-05
-0.000136380883706007,-0.00019282600963819302,-0.00010354955736948041,-5.8083448502176674e-05
-0.00015478092282019667,-0.00015987142741366765,-0.00010720290655634161,-1.9976543862477758e-05
-0.0001589783452587627,-0.00012841545484409684,-0.00011169977922994643,6.375499701618821e-06
-0.00014650400573870925,-0.0001066174681042742,-0.00012340502767357447,1.1207713782089535e-05
-0.00012044082580161148,-9.863070910158727e-05,-0.00014613588393559666,-7.81015130411802e-06
-8.906670054982453e-05,-0.00010351052722551901,-0.00017853458120647384,-4.510763087144684e-05
-6.340704587468283e-05,-0.00011610919208683836,-0.00021364392694105512,-8.966660919906952e-05
-5.346965358739297e-05,-0.00012945948696610856,-0.00024099609525252047,-0.00012928250186640766
-6.452926263434146e-05,-0.00013761796125444413,-0.00025046472081396444,-0.00015491605096789275
-9.490545304298952e-05,-0.00013784308663900485,-0.00023636211533627753,-0.0001635053985756119
-0.00013617968450207384,-0.00013133006485683613,-0.00020010581861677908,-0.00015831043894845852
-0.0001759003578123659,-0.00012234556511533132,-0.0001503032382086644,-0.0001468680726626409
-0.00020186965879623385,-0.00011623862017244167,-0.00010010498886799239,-0.00013753967713261137
-0.00020646732260503709,-0.00011719884067843396,-6.275802105269488e-05,-0.000136090289395741
-0.00018940406575916743,-0.00012665294772763996,-4.701652217650986e-05,-0.0001436082039305671
-0.00015785060583757918,-0.00014285779998955846,-5.414958640139165e-05,-0.00015644903022762774
-0.0001238562113100349,-0.0001617245686541275,-7.768423579693365e-05,-0.00016805072896873498
-9.99878236761816e-05,-0.00017842090709967358,-0.0001059755314189267,-0.00017175897467618464
-9.479699869908645e-05,-0.00018904021455100177,-0.00012661355928548248,-0.00016349072259065145
-0.00010979473967034751,-0.00019168434784347138,-0.00013098375757768953,-0.0001432360296526185
-0.00013905168019103247,-0.0001866264709517306,-0.00011726074464021093,-0.00011494292971524493
-0.00017155499811665777,-0.00017564630879302,-9.074464619614043e-05,-8.499741625895272e-05
-0.00019541873910720035,-0.00016097046320691973,-6.148994462583084e-05,-6.0023184643255524e-05
-0.00020235422883989367,-0.00014436547680445383,-4.021850509774064e-05,-4.489429049165956e-05
-0.00019072254752327752,-0.00012678809024883864,-3.414450336207834e-05,-4.164693593006598e-05
-0.00016604007636240376,-0.00010867830355906825,-4.4328564048193785e-05,-4.952071278578466e-05
-0.0001387778281600876,-9.064286005165747e-05,-6.553822751886128e-05,-6.58730846799768e-05
-0.00012031459018616033,-7.40777992966012e-05,-8.858553768164997e-05,-8.74036929912851e-05
-0.00011858710770875575,-6.130850248294722e-05,-0.00010414259905445756,-0.00011110951140398456
-0.00013507436445043609,-5.5067350018504096e-05,-0.00010648265681673124,-0.0001346411892542644
-0.00016423104897352606,-5.746892782962994e-05,-9.566606406279088e-05,-0.0001561012513106401
-0.00019555414527859318,-6.892193827044772e-05,-7.73450637795753e-05,-0.00017362756742210785
-0.00021748316194433346,-8.7503090915825e-05,-6.0327085472996296e-05,-0.0001851960107469274
-0.00022166782151624735,-0.00010916403576399927,-5.292436431018465e-05,-0.00018891879701600088
-0.00020602855862307702,-0.00012880738686761226,-5.957807539710264e-05,-0.00018379611400279824
-0.0001755111902924831,-0.00014189326165618406,-7.910434013117825e-05,-0.00017056377457316574
-0.0001403049049223268,-0.00014598575690097457,-0.00010523560458688884,-0.0001521342076252377
-0.00011221968938500299,-0.0001416326845293704,-0.00012920204341695024,-0.00013323887059200817
-0.00010056234437542042,-0.0001322067432903653,-0.0001432873559711828,-0.00011921236152549254
-0.00010898427497710458,-0.00012273129941150758,-0.00014392083798082207,-0.00011426846979600666
-0.0001343714984130381,-0.00011810973435615353,-0.000133072604287113,-0.00011991637907721673
-0.00016807894676571032,-0.00012141234642566872,-0.00011740978327386494,-0.00013420088196450087
-0.00019897416163993333,-0.00013285270486831908,-0.00010556657655356322,-0.0001521832609735531
-0.00021715596395268868,-0.00014981501751479756,-0.0001046233788042166,-0.00016760242976272073
-0.00021705278635177883,-0.0001678856205383033,-0.00011719007347214382,-0.00017516089039487258
-0.0001989111005241372,-0.00018246048229796227,-0.0001402364760571893,-0.00017257850808565357
-0.00016831257323216735,-0.00019029860209203038,-0.00016611805655323305,-0.00016158939373493988
-0.00013405842433904683,-0.00019044465054669072,-0.00018538791440414612,-0.00014742935531080316
-0.0001052746579513075,-0.00018422359790071246,-0.00019030378788844823,-0.00013693719747589808
-8.875644402395702e-05,-0.000174394306405089,-0.00017769233813071496,-0.00013594616747145935
-8.736242578817233e-05,-0.0001638775400136482,-0.0001501062915964537,-0.00014694683922342693
-9.98077313163595e-05,-0.0001546140869991397,-0.00011488318569564428,-0.00016792889543734566
-0.00012168665273537046,-0.00014701085428546517,-8.15160441684868e-05,-0.00019287626886369867
-0.0001471780749255251,-0.00014014845196613313,-5.8364120058006924e-05,-0.00021376301637853273
-0.00017076677127107732,-0.00013258161418631682,-4.9935745144914605e-05,-0.00022332174055596273
-0.00018845495707647272,-0.00012331306326155507,-5.5703761135870306e-05,-0.0002175598906793007
-0.0001982420945366083,-0.0001124677186811852,-7.079151808275785e-05,-0.0001970992756385772
-0.00019996809834359105,-0.00010135485819172721,-8.8148750679376e-05,-0.00016687015042968963
-0.00019481445393175985,-9.190405779867543e-05,-0.00010130214930143683,-0.00013432129876315467
-0.00018477845819946987,-8.576000690419883e-05,-0.00010661084705916243,-0.00010686183632895729
-0.00017230511099875485,-8.348584972806298e-05,-0.00010422103386380221,-8.951240168471406e-05
-0.00016007225196735885,-8.427922679745976e-05,-9.747055089686166e-05,-8.361646500704774e-05
-0.0001507867363278724,-8.636821560472751e-05,-9.111045397315956e-05,-8.700762861403263e-05
-0.00014683528266982873,-8.793083175122254e-05,-8.91426182396439e-05,-9.543743264074449e-05
-0.0001497459879983774,-8.811767484499886e-05,-9.31627904575752e-05,-0.00010458234497177248
-0.00015959008326277627,-8.76759395485446e-05,-0.00010183278016335714,-0.00011176150321834041
-0.0001745884780996697,-8.881986774815151e-05,-0.00011161072147629347,-0.00011667469346821448
-0.00019119933108260954,-9.431336507180824e-05,-0.00011835481563153907,-0.00012092757801572453
-0.0002048242774565903,-0.00010609130790117938,-0.00011908914202996695,-0.00012664918568195847
-0.00021102865156315482,-0.0001239897131721443,-0.00011319911093003732,-0.00013489673192138875
-0.00020692711253274276,-0.00014516768049630847,-0.00010259896471739166,-0.00014462266800240563
-0.00019225360007070849,-0.00016456612486333982,-9.085661133021242e-05,-0.00015271913137202518
-0.0001696864326680462,-0.0001763459759817551,-8.168420045065114e-05,-0.00015517000858031055
-0.00014423312832808786,-0.00017584116744509548,-7.743724600621851e-05,-0.00014883935657746677
-0.00012181394690348284,-0.0001613177119672536,-7.822746253488815e-05,-0.00013312184234886074
-0.00010748908595510686,-0.00013485691193334398,-8.197582650274881e-05,-0.00011070698827486507
-0.0001039274039012,-0.00010197869028068587,-8.533885750605479e-05,-8.705653513429654e-05
-0.00011064687800671665,-7.008056831873943e-05,-8.509751804341298e-05,-6.872020787714733e-05
-0.00012428780197086932,-4.621165720845172e-05,-7.943896960639282e-05,-6.110135044359172e-05
-0.00013980915285579341,-3.4954798586644964e-05,-6.8638436921023e-05,-6.652772686243855e-05
-0.00015216868678141413,-3.715264725405107e-05,-5.49149118202058e-05,-8.33815319689242e-05
-0.00015788526586439817,-4.989858766287977e-05,-4.157062158228336e-05,-0.00010663581022141155
-0.00015594859550494174,-6.774410512667278e-05,-3.17909097805949e-05,-0.0001295970718469784
-0.00014780724441779483,-8.463404388336232e-05,-2.7577855954169506e-05,-0.00014618794938567672
-0.00013652257681714096,-9.584004369700416e-05,-2.9193862076705435e-05,-0.00015290663008363584
-0.00012548197832092968,-9.920880211074581e-05,-3.525750243656145e-05,-0.00014974758036487984
-0.00011720097409665883,-9.534803236081833e-05,-4.337084443380157e-05,-0.00013979538560840096
-0.00011266303268933978,-8.680828482255406e-05,-5.0974655670305014e-05,-0.00012773213232683545
-0.0001113895578596924,-7.670404811819555e-05,-5.609061140046667e-05,-0.0001179123700218096
-0.00011211270223132272,-6.739925045812223e-05,-5.771500554367648e-05,-0.00011279356614418007
-0.0001136752117289544,-5.9795073924302083e-05,-5.5813047382155534e-05,-0.00011231802018525985
-0.0001157065229520117,-5.344992421241895e-05,-5.103555221713102e-05,-0.0001144139709208375
-0.00011874995735623381,-4.737180744062569e-05,-4.436500718972558e-05,-0.00011630464108234109
-0.00012378409494902612,-4.102286357213214e-05,-3.6868287542381195e-05,-0.00011598662829418946
-0.00013137423704437032,-3.499363522022764e-05,-2.9618669621575555e-05,-0.00011319756810218963
-0.00014087914699506196,-3.097395167189765e-05,-2.3719385039144836e-05,-0.00010944793191938491
-0.00015013966921490277,-3.0991294083300425e-05,-2.0287471182621475e-05,-0.00010712734548092885
-0.0001558844416397094,-3.625242366254999e-05,-2.0280213611188758e-05,-0.00010812028008106572
-0.00015478077599543477,-4.6145147656884156e-05,-2.415497032976638e-05,-0.00011259419772167642
-0.0001447634662284404,-5.792986235425568e-05,-3.1488262321830145e-05,-0.00011855554966954535
-0.00012611645432005977,-6.73770432261106e-05,-4.076568343619382e-05,-0.00012243371380101647
-0.00010183369528612637,-7.019735259224114e-05,-4.953463922612554e-05,-0.00012049420894382629
-7.703386840609422e-05,-6.373918259101885e-05,-5.498099896140973e-05,-0.00011049909904407851
-5.755616084315287e-05,-4.825873379613044e-05,-5.479856498638927e-05,-9.289294439480955e-05
-4.818464834983535e-05,-2.718490067920437e-05,-4.805325643686409e-05,-7.096298167547088e-05
-5.11104448235461e-05,-6.1716304298325975e-06,-3.56863359040685e-05,-4.983664328375714e-05
-6.517774196728582e-05,8.787944266383518e-06,-2.0395014181488758e-05,-3.4666909585090444e-05
-8.61925666041756e-05,1.3513003274907842e-05,-5.851168282500208e-06,-2.8711054729319008e-05
-0.000108200504134702,7.232614799266429e-06,4.51377000161568e-06,-3.207806067198615e-05
-0.0001253005814112959,-7.014667496467453e-06,8.728715070613347e-06,-4.1668746184372885e-05
-0.00013338193772118034,-2.3383243477259272e-05,7.03601964145012e-06,-5.235885415751096e-05
-0.00013121149810405713,-3.5291561431865636e-05,1.8534577026600718e-06,-5.897177598072206e-05
-0.00012054408330983146,-3.7804822804307116e-05,-3.088847984198534e-06,-5.82621155239757e-05
-0.00010527655121427004,-2.943343105806656e-05,-4.147025721271819e-06,-5.0120365333056194e-05
-8.999382897845187e-05,-1.2658637740203121e-05,8.182721999185072e-07,-3.75202343970496e-05
-7.844054072031481e-05,7.024743693941071e-06,1.1551814939128602e-05,-2.5238197878248853e-05
-7.243812053733811e-05,2.3192681040538204e-05,2.540549237637843e-05,-1.7872110459424967e-05
-7.157113339580079e-05,3.0914166738223864e-05,3.825976473764703e-05,-1.7968008732568638e-05
-7.367113619045906e-05,2.8591662927845984e-05,4.6035143407827106e-05,-2.501509759649358e-05
-7.584568693266847e-05,1.8524279642585795e-05,4.622624674897359e-05,-3.570828507991775e-05
-7.563413498204441e-05,5.990195371778639e-06,3.887098287663239e-05,-4.535402652353429e-05
-7.187051797537952e-05,-2.7873825525388807e-06,2.6577716803688305e-05,-4.982477281515428e-05
-6.498230657519394e-05,-3.0038546103387798e-06,1.3594306805969104e-05,-4.7244439259852555e-05
-5.668317408012019e-05,6.934850800454501e-06,4.27345791089058e-06,-3.870424220691823e-05
-4.923664121367355e-05,2.48588218460348e-05,1.5222273989706422e-06,-2.7716501319535042e-05
-4.459727232643089e-05,4.569854495884221e-05,5.826578654968134e-06,-1.864408493433209e-05
-4.374073104291068e-05,6.340025933434731e-05,1.5213018090527372e-05,-1.4774517974006085e-05
-4.6387948853923115e-05,7.313425889541453e-05,2.613969960455582e-05,-1.686009009129949e-05
-5.116569621762103e-05,7.295116467254635e-05,3.494640758935994e-05,-2.2753602877473994e-05
-5.609341638741945e-05,6.428484505574365e-05,3.9280959447576336e-05,-2.8311514569369367e-05
-5.919751441153809e-05,5.117033319730277e-05,3.8941945350597735e-05,-2.920130607621252e-05
-5.9049763326855104e-05,3.854928818444042e-05,3.5822818683063314e-05,-2.28605156551466e-05
-5.5090791609202494e-05,3.03739042963342e-05,3.300905769212687e-05,-9.775076913822595e-06
-4.769399983767242e-05,2.8263628843175174e-05,3.341921773171403e-05,6.4886203341267545e-06
-3.8007749744644465e-05,3.1209927154024486e-05,3.8555707184462695e-05,2.0556365324560233e-05
-2.765751078430065e-05,3.637666240793348e-05,4.7873649004058754e-05,2.7341044129259445e-05
-1.8391932678170353e-05,4.059443205493146e-05,5.9013134968481526e-05,2.412564859117193e-05
-1.1734627282645321e-05,4.187910150417256e-05,6.878185625719171e-05,1.1784647263158796e-05
-8.680818789161965e-06,4.032212574893055e-05,7.44693221702078e-05,-5.3746825339866244e-06
-9.4710955149159e-06,3.7988212263944787e-05,7.49450895932519e-05,-2.1122382582033916e-05
-1.3482667034089846e-05,3.7888915994695486e-05,7.109188101949863e-05,-2.959642147423898e-05
-1.9285929095624182e-05,4.249613470783207e-05,6.540640045284051e-05,-2.748476852466094e-05
-2.490034947024225e-05,5.245326709141414e-05,6.0947275063006305e-05,-1.5246044284820612e-05
-2.82378372018742e-05,6.605600889467817e-05,6.007680285982059e-05,3.1071066498239777e-06
-2.76522568435425e-05,7.974820004616923e-05,6.352150082495061e-05,2.157092982774415e-05
-2.2447953753392327e-05,8.944889013442689e-05,7.013570854429434e-05,3.4439782386545565e-05
-1.3173137490022843e-05,9.21741321492613e-05,7.745376279628529e-05,3.842241586109749e-05
-1.5611365561541551e-06,8.728704164396423e-05,8.278557918571961e-05,3.376685591415765e-05
9.915638477082933e-06,7.685540769137536e-05,8.438600031974845e-05,2.3980812061563227e-05
1.877738642427386e-05,6.495660492967115e-05,8.220267525867626e-05,1.4298551554188868e-05
2.3332050752404056e-05,5.6195789225522486e-05,7.788950271881264e-05,9.53931162620339e-06
2.3260061144251762e-05,5.402046928271024e-05,7.408493462259872e-05,1.222875439790274e-05
1.976308671816293e-05,5.9493719115134906e-05,7.32650274878751e-05,2.1726408662992296e-05
1.5192134450654413e-05,7.099919223223515e-05,7.66598530914581e-05,3.46761260410452e-05
1.2257379084004965e-05,8.49733033022362e-05,8.369438976714632e-05,4.6550910044708936e-05
1.3085072188012432e-05,9.734920446948637e-05,9.219361259890684e-05,5.36220243757908e-05
1.8459167764701186e-05,0.00010512077862312509,9.92696227552894e-05,5.45235499895786e-05
2.7531949785704205e-05,0.00010740298118334265,0.00010252150184508833,5.076817760289737e-05
3.812232627827699e-05,0.0001055861771430288,0.00010104642542902353,4.601726558842327e-05
4.750192222310987e-05,0.00010256164992476805,9.583852220742438e-05,4.443055395093836e-05
5.3381388483632114e-05,0.00010137494699208864,8.940708072478239e-05,4.8802131517272785e-05
5.4727676898198917e-05,0.00010388756182084912,8.477100055955135e-05,5.9273371960833865e-05
5.210316717074422e-05,0.00011000663533376947,8.424575399840526e-05,7.316852792663408e-05
4.739962919719044e-05,0.00011779021328146868,8.852432750298099e-05,8.602842003233077e-05
4.3074676717769266e-05,0.000124360805227215,9.642948544007576e-05,9.341817112778336e-05
4.1193240846033354e-05,0.00012722035879340375,0.00010543370207221148,9.276285534726597e-05
4.2653140098607763e-05,0.00012539621900172412,0.00011272318910907314,8.445235407944987e-05
4.689962427325764e-05,0.00011992601472917987,0.00011635753567132846,7.175730681163218e-05
5.223675805485174e-05,0.00011347398217152474,0.0001160403747834427,5.958641431083291e-05
5.660188326028174e-05,0.00010924069600255265,0.00011318363780004511,5.258951771942963e-05
5.848070976065316e-05,0.00010962699242998916,0.00011024751247183919,5.337593902492437e-05
5.7582260280676656e-05,0.00011521634966300617,0.00010964388360642125,6.156587343482286e-05
5.4990222218779795e-05,0.0001245060054548482,0.0001126741281066862,7.404748338730996e-05
5.272217753534415e-05,0.00013450298503187345,0.00011895566306852598,8.631754406405182e-05
5.287387039268488e-05,0.00014193921387025153,0.0001265826757759056,9.434329046415543e-05
5.670142743118215e-05,0.00014460150321957935,0.00013295322441171116,9.61777704749766e-05
6.402682994370725e-05,0.00014222492931045702,0.0001359097519621459,9.267276670428954e-05
7.322538132657353e-05,0.0001365809148440985,0.0001347038534640519,8.701333780726877e-05
8.18180016173481e-05,0.00013072708520031086,0.00013036726054125144,8.32873683394376e-05
8.744126034824903e-05,0.0001277342014673297,0.0001253205260237422,8.469960293779256e-05
8.880674270245e-05,0.0001294210610797,0.00012237434841713276,9.217997308463961e-05
8.625646617608028e-05,0.00013562197418358351,0.0001235394988814196,0.00010396489159961122
8.167731999978603e-05,0.0001442868485962162,0.00012914887307008638,0.00011632085780783553
7.779360838413898e-05,0.00015236555929859047,0.00013767053156855358,0.00012510326234778463
7.710968174138102e-05,0.00015710183980451544,0.00014630408301593016,0.0001274972858323545
8.092112888773368e-05,0.00015719338897323743,0.0001521234152000284,0.00012321457098833822
8.87919244071482e-05,0.00015333385208811715,0.00015329480287294602,0.00011464756070136544
9.871266529337056e-05,0.00014791327084695,0.00014986035396705657,0.00010591690305194418
0.00010788366292066487,0.0001440067740217588,0.0001437513485661118,0.00010120570751281218
0.00011381523214414456,0.00014407880925171334,0.00013801363231681635,0.00010306802993702651
0.0001153079970569641,0.00014894787041396947,0.00013555654853721,0.00011140727001571172
0.00011292172423643657,0.00015744570195000635,0.00013794032757922026,0.00012354122599663386
0.00010874472658399395,0.0001669123000688976,0.00014470793499382368,0.0001353210736221392
0.00010555581158583783,0.00017431655593251757,0.00015354736975751746,0.00014283800089595784
0.00010571431132356054,0.00017752947395835986,0.00016122857834933372,0.0001440124715619961
0.00011022250135425232,0.00017621279592289237,0.0001649364268177735,0.00013941447962281366
0.00011833461839572763,0.00017194757761678729,0.00016345192382115635,0.00013198486335594788
0.00012786602824300844,0.00016754722253772708,0.00015769000901453436,0.0001257832894473287
0.00013607417654806864,0.0001658436726025794,0.0001503627263885439,0.00012428896706376922
0.00014075384745121882,0.00016845940424925124,0.00014489555642566295,0.0001289605004996204
0.0001411054595422357,0.0001750870365368985,0.0001440344450347701,0.00013864848531503794
0.0001380300052642296,0.00018358782250782083,0.0001487131420835097,0.00015009704352582397
0.0001337385371139341,0.00019087717342212922,0.00015764881931411626,0.00015931784268774849
0.00013084208425001424,0.00019423273997651455,0.0001678386921720854,0.0001632600956655517
0.00013129644785077647,0.00019247797571834407,0.00017576182628593992,0.00016108101947142738
0.0001356311406337947,0.00018653922791613515,0.0001787997588973199,0.0001544910856360488
0.00014277151720812318,0.00017913033253990515,0.00017629702264827866,0.00014703514395655173
0.00015051808280532102,0.00017368042275239272,0.00016982720334709074,0.00014261277747004228
0.0001564779513349697,0.0001729382914097934,0.0001625534620851142,0.00014385553915299533
0.00015906056424455073,0.000177827487403731,0.00015794240022779573,0.0001510354460487479
0.00015812733303453816,0.00018703017146443453,0.0001583550101193857,0.0001619559789505225
0.00015503097397331016,0.0001974823578277555,0.0001640892801663624,0.00017286757757268027
0.00015203394743832884,0.00020558917530827265,0.00017326458353854847,0.00018002461774664673
0.00015135174464750195,0.0002086702549798811,0.00018259368742059619,0.000181236265586511
0.00015422031985124607,0.00020604617987773232,0.00018872524858871436,0.0001767683929751479
0.0001603750064974135,0.00019931942882233278,0.00018960694011821398,0.00016922486389635941
0.00016815640221852014,0.00019173024398135366,0.0001853123045170665,0.00016246063429399822
0.0001751983997540935,0.00018684581947425683,0.00017799569380520187,0.00015998001064545874
0.00017941243492285313,0.00018711499202662762,0.00017099802823299483,0.00016348514851758164
0.00017985956593281454,0.0001928772990478679,0.00016747410417119188,0.00017217545926337418
0.00017714849438429304,0.00020223083530075702,0.00016910681369146512,0.0001830856980047613
0.00017319363629310125,0.00021181282232817007,0.00017543526702396153,0.00019231955258910017
0.00017043179796590242,0.0002181736768682147,0.00018406887421972668,0.0001966653485838051
0.00017081975292832874,0.00021918266625747815,0.00019169354058875063,0.0001949240365548612
0.0001750258108248639,0.00021489066270475465,0.00019545033870338897,0.0001884009186528287
0.00018214895982730962,0.0002074983385450102,0.00019411551333595574,0.00018036041754891928
0.00019008218921197844,0.00020044499044959656,0.00018859540630582997,0.00017467284726187872
0.00019637158036430144,0.00019699347765146294,0.00018153515382442304,0.00017421554544508496
0.00019921881193654632,0.00019889263501569898,0.00017620738525698344,0.00017969028106984628
0.0001982157361944643,0.00020566557783764563,0.00017514457147366357,0.0001893442266816405
0.00019450980148513392,0.00021481431155990469,0.0001790833282728622,0.00019970623254668182
0.00019033289180350258,0.0002228542234739685,0.00018665805062754743,0.00020702977466656233
0.00018808740415624472,0.00022675133604164714,0.000194969464123125,0.0002088428519799164
0.0001893647150979559,0.0002251706018201688,0.00020079050965298036,0.00020496324065923414
0.00019429824195976264,0.00021902242068137727,0.00020190795742872536,0.00019756127737945324
0.00020151524623393785,0.00021108415301279026,0.0001980425148899948,0.00019024816943531169
0.00020870537370146634,0.00020485426894421464,0.0001909657145467146,0.00018657128626232213
0.00021357097796057534,0.00020311211087229873,0.0001837655036965397,0.00018854197071727812
0.0002147683923307506,0.0002067764324172009,0.00017956572264126613,0.0001958056580314669
0.0002124542445714825,0.0002145317785357908,0.0001802310579549761,0.0002057959281042145
0.00020821418886986348,0.0002233748636145285,0.00018559480531257886,0.0002148054093371727
0.00020440557625559078,0.00022985414699581262,0.00019352962728341343,0.00021952686494731969
0.00020318598807685424,0.00023149090374381115,0.0002008316208282285,0.00021842438337563657
0.0002056275567578303,0.00022779638312008028,0.00020455058636970047,0.00021236685442665022
0.00021128039135155912,0.00022046713144525622,0.00020321437009060514,0.0002042631149788794
0.00021836277156341146,0.00021267984652295014,0.00019743924408300326,0.00019785240669449664
0.00022449779410926062,0.00020777818753570744,0.00018967316335423429,0.00019615328225244664
0.00022769202686094182,0.0002078938790446582,0.00018317863317716626,0.0002002143113411134
