ch0,ch1,ch2,ch3
-0.006835169706773121,-0.003946864967108138,0.001612067139357569,0.0018917409565749497
-0.008654025636363973,-0.0013116351744765081,0.00306037746422113,-0.0006846507136094061
-0.007993038749962642,0.0011376701971747283,0.0048587732388074845,-0.003112098142224004
-0.005125424492798698,0.0023634304415907914,0.006268850434272135,-0.00437755028643215
-0.00123710379918625,0.0018371762626611388,0.006714195187555144,-0.0039485698719997145
0.0020656132564379724,-0.00024061371632103784,0.006018697633506827,-0.0019931034666554326
0.003421583023280536,-0.0030238959531613194,0.004478746984850443,0.0006901610823443725
0.002277836822271062,-0.00537283629486085,0.0027397780197671723,0.0030019293958542526
-0.0008828636235382326,-0.006327600472827745,0.001528651690994344,0.003996418010984035
-0.004743590888520596,-0.005507130973292133,0.0013528874626684215,0.0032718123571886387
-0.007699799630836238,-0.003267182034665715,0.0022912331704465425,0.0011358417800888601
-0.008524026754150898,-0.0005520706424944899,0.003961991066608911,-0.0015217418728828702
-0.006873357709918322,0.0014980332856295436,0.00568178874827658,-0.003596864370752892
-0.0034298157590606435,0.002020884076805299,0.006748684840850137,-0.004226906629074073
0.00038384177686070706,0.0007900431745922754,0.006732247994581567,-0.0031461938494164177
0.0029945338741900994,-0.001691760757434449,0.005650676762214507,-0.0007944326423762194
0.0033304847300625467,-0.004402351251555518,0.003962068274912828,0.0018664381152976722
0.001264132160106523,-0.006225461487239917,0.0023739926104798803,0.0037509461365222013
-0.002336749154747574,-0.006414754544209915,0.0015506217337402234,0.004099230349209393
-0.005970225806341849,-0.0049036442286107835,0.0018387362115455108,0.0027907652413568865
-0.008123416572834712,-0.0023323438069482103,0.0031256902221190874,0.0003928986912447221
-0.007899193039626676,0.00021877096566510004,0.004887438644168546,-0.0020758137946838007
-0.005386811743930929,0.0016783348903836454,0.006405936054251476,-0.0035694747662393597
-0.0016234176010477136,0.0014288288842529973,0.007065304918437508,-0.0034504001611285473
0.001836912893057055,-0.000437756599029962,0.006604044271047174,-0.001755898607975783
0.0035673713594715772,-0.003159402801237783,0.005219360702170772,0.0008145360833867361
0.002858607191115123,-0.005621851367291424,0.003481450002492198,0.0031869256847642177
1.0496440402074647e-05,-0.006822212569175201,0.002094477456535765,0.004357049307387617
-0.003794828915646427,-0.006285480180378042,0.0016043134363806916,0.003807992695005466
-0.006985239236455117,-0.004260886670975655,0.0021745919653195084,0.0017284645502577134
-0.008251341047590226,-0.001616789233488819,0.0035236235839973262,-0.0010587823010984598
-0.007088637349580852,0.0005218039952489817,0.005047369213617953,-0.003429772556488797
-0.004004307686281648,0.0012420679325859454,0.006076179288046678,-0.0044171431912995995
-0.00030322806943075195,0.00022360288038186966,0.006157562380155367,-0.0036052338756447366
0.0024574388202468662,-0.0021277127471777055,0.005246836945110283,-0.0013003883826070706
0.0031182319612945465,-0.004847389366776332,0.003726318273105083,0.0015932624860430233
0.0014017744528188655,-0.006811278114554394,0.0022454081236739157,0.003941392950736117
-0.0019698632024271953,-0.007199696786157542,0.0014486494748401323,0.004839617168525559
-0.005573914485378174,-0.005834053351726584,0.0017053828780378526,0.003977769128941766
-0.007878179392865142,-0.0032469356943591876,0.0029537686033493174,0.0017597861980670482
-0.00787969658280703,-0.00045797408902377434,0.004724085152768585,-0.0008686453169911221
-0.005525770606855038,0.001449696229087541,0.006331404592212819,-0.0028125363021905686
-0.0017421626163770174,0.0017749321970535054,0.007157195145820583,-0.0032780719482952414
0.001944267955525672,0.00048026527154385393,0.006902506984080643,-0.0020960515753801756
0.0040333303864380915,-0.001806726559822447,0.005707492648145521,0.00021368750087592814
0.0036707503047823387,-0.00407102910853592,0.004087998184303058,0.0026617914369120033
0.001003156374661085,-0.00534841317408373,0.0027164369890075243,0.004201015582563937
-0.0028781157942880387,-0.005138616394279094,0.0021391882116013963,0.004159669007497299
-0.006381859856579297,-0.003618508342255189,0.002549181861250055,0.0025185404707397715
-0.008067813497154713,-0.0015644857937207601,0.0037090822262037665,-8.1733584626216e-05
-0.007236058483382553,-1.5936849921793783e-05,0.005057227814131968,-0.0026044863239859765
-0.0042130950547437235,0.0001787426671070111,0.0059516225524553976,-0.0040421965130868764
-0.00021767307599339716,-0.0012585646203508369,0.005948939337402127,-0.003827546827714622
0.0031377429330048112,-0.003893421557504252,0.005000188591269758,-0.0020617836310804286
0.004504673168804579,-0.0067376258389059,0.0034790346453356796,0.0005320374010242754
0.00334580302083593,-0.008647161689813582,0.0020286236810360472,0.0029096782755464803
0.0001485176416950694,-0.00879624218100182,0.0012892173974221877,0.004134851992157927
-0.003780394750063405,-0.007030413313400041,0.0016200024828437742,0.0037597045591988287
-0.00685193172511148,-0.003949584990037738,0.0029326219015071847,0.00200098880453399
-0.00784170056718803,-0.0006822515451773703,0.004709074232872729,-0.00035832640103665436
-0.006381037389142891,0.0015603636387287456,0.006200856346011793,-0.0022986446853899972
-0.0030933223390220144,0.0019697054399421543,0.006730734028172702,-0.002986386043133088
0.0006761233999483182,0.00046637577936078055,0.00597458813110241,-0.00211457163399624
0.003420822977945579,-0.002266975995531585,0.004106867427915106,-2.1871332321052317e-05
0.004090777845044413,-0.005061547872429489,0.0017472548026326584,0.0024564255813629247
0.00251252275515141,-0.006736023512761639,-0.000273568919549258,0.004340704884836413
-0.0005583227729009932,-0.0065758508959570805,-0.001237374453513452,0.004914242476832864
-0.00376823704076093,-0.004623516777925427,-0.0008222132501582054,0.004015670597480536
-0.005738271436552589,-0.0016622087888989168,0.0007673687398152898,0.002096288784486172
-0.005637433955846496,0.0010997879730601512,0.002876741973341382,2.072090057661513e-05
-0.003519336662828401,0.0025150314553034764,0.004654728441559716,-0.001303438719640615
-0.00028572057644554727,0.0019558295421418376,0.005384085703308214,-0.0013105578522155381
0.0027027998075187243,-0.00043880183673394163,0.0047584153897233805,-1.4852768351697465e-05
0.004201939811594821,-0.0038252824833294938,0.0029969982771672343,0.001998154208790976
0.003602667835668552,-0.006997286564834351,0.0007542525280482965,0.0038225121287868286
0.0011780226759959822,-0.008864607651425466,-0.001137713955523867,0.0046194863929612945
-0.0020418161859825923,-0.008872925255588943,-0.001989665655033973,0.003979180418128142
-0.004709271058865344,-0.007195858313058509,-0.0015122639392368825,0.0021040858932605405
-0.005725882710776314,-0.00462704401924733,8.90036716281184e-05,-0.0002633752870661171
-0.004696600166031947,-0.0022246408355608913,0.002212743006536691,-0.002140684702266152
-0.0020826882638713615,-0.000861783840486241,0.0041083745749721234,-0.0027090889053843353
0.0010070318182094778,-0.0008725071649784491,0.005167467578103185,-0.0016545757427616908
0.0032938371095156127,-0.001939281397100541,0.005142628046105602,0.0006953596737103544
0.003870308911296756,-0.0032644821763248982,0.004210772209685021,0.0034964251164409897
0.00257490776833684,-0.003947715102808856,0.0028641166508865668,0.005723302821318568
4.262000042157266e-05,-0.0034044598018253755,0.0016831436913926912,0.006579282891445146
-0.002586364629662996,-0.0016449624552924182,0.0010918067639356793,0.005812410977605521
-0.0041717091389011085,0.0007077194602611459,0.0011979833458129058,0.003809528485994515
-0.004072406768973965,0.002670584197107289,0.001781736557509156,0.0014309725398809134
-0.0024242326716163096,0.0033191694511491253,0.0024284394931156257,-0.0003450674741764595
-7.438071272527352e-05,0.002195107774831201,0.0027415388801776963,-0.000822184908643768
0.0017996801057057962,-0.0004710110077722207,0.002537094525907547,0.00013389332603258586
0.002223083298862491,-0.003819459499633901,0.0019326426318434092,0.0020475196133153267
0.0008766175463218312,-0.006684594058533555,0.0012912898751627003,0.0040353159951658155
-0.0017301621158850693,-0.008052228079434946,0.0010469668273278207,0.005173707700523755
-0.0044479536726679675,-0.007464993993357143,0.001490159433653021,0.00488075315267536
-0.00596605720941263,-0.005209378654924629,0.0026119912092361364,0.0031571780296487106
-0.005380920701093805,-0.002206592576906398,0.004080040645505087,0.0005906704690258335
-0.002612378546340985,0.0003499749961357497,0.0053620716883943185,-0.0018752443155707066
0.0015155775677791888,0.0014649301827612884,0.005948438482998791,-0.003311380069117603
0.005574147882457303,0.0007296564598139599,0.005578595397642255,-0.0031616475886335343
0.008093586129457792,-0.0015253585357914226,0.00437191561926557,-0.0014480280509366894
0.008161402310256693,-0.004373016327972885,0.0028009918110950063,0.001254993802752638
0.005805035279571186,-0.006665938100529137,0.00151140245394632,0.004058374620645934
0.0019942228134898557,-0.007492613286351549,0.0010580443327384836,0.00610604731712916
-0.001745798075804137,-0.0065301845091720965,0.0016663549987867982,0.006889291873815831
-0.003956649919175933,-0.004156223794276038,0.003120148320389135,0.006404897568713777
-0.003850011552157461,-0.001282091723278091,0.0048280425985135315,0.005103337541357597
-0.0016404377004486468,0.001016686759720378,0.0060474754669002555,0.0036615824110182577
0.0015351363735705455,0.0019185755036046689,0.006179141581038508,0.0026852529462430413
0.004084644760657022,0.001154525482841522,0.005013161335144803,0.0024679439642518036
0.0046272549201736915,-0.0009260429513220023,0.00282526374897743,0.0029038387651642503
0.0025855869241497506,-0.0035351942841038222,0.00028066717064684915,0.0035787934513119984
-0.001543090184173767,-0.005784836423562503,-0.001818649739196175,0.003986791849106129
-0.0063546652086440905,-0.007035544515255669,-0.0028429155073167317,0.0037671454841412474
-0.01008361765649857,-0.007111905385357359,-0.002574987506972181,0.0028545728361655254
-0.0113083753440892,-0.006304846250917425,-0.0012840018942214867,0.0014792177765761139
-0.009530322061985204,-0.0051767261920940486,0.00039862578352616723,2.541581955071287e-05
-0.005388470922913216,-0.00426929756979165,0.0017507437767775892,-0.0011762910705314586
-0.0004181722374237626,-0.0038519086668741542,0.0022669881939052228,-0.0020195063670092606
0.003552669264641331,-0.003822676868120295,0.0018743826403099725,-0.0026696406532559294
0.005128174814915468,-0.0038012689304721126,0.0009642749550177812,-0.003463441368969547
0.0038977622677788815,-0.0033623116629831334,0.00022347635753124095,-0.004707506696277952
0.0005944450859302203,-0.002293633106412271,0.0003304705351062989,-0.00647477090949132
-0.003205815387420121,-0.0007524201386595597,0.0016400588345901052,-0.008504306404618793
-0.005721834103603603,0.0007602100249818212,0.003987851235694055,-0.010266014497862772
-0.005684009701692819,0.0016011874620451005,0.006700493765843012,-0.011176083090102353
-0.0028413373019757007,0.0012754954404146923,0.008816079554015505,-0.010875004902677402
0.001943555377599028,-0.0003186644097947222,0.009434275433311955,-0.00944177165347947
0.007045122753860461,-0.00280664327577497,0.008061565618468568,-0.007435286067514809
0.010724273268570339,-0.005462988065070298,0.004815881966476782,-0.005722738583956902
0.011810044361579019,-0.007498731128059653,0.00040785313793220007,-0.005147166512452048
0.010137949980560126,-0.008386947301934303,-0.0040976575699624065,-0.006163033117332836
0.006572928085994627,-0.008080214006056796,-0.00765032384499377,-0.008594552980760416
0.0026175590798989115,-0.007016242280849488,-0.0095730943852728,-0.011631986053555261
-0.00022373201619339117,-0.005899676702462622,-0.009774731788019603,-0.01408913801066667
-0.0010566645033427413,-0.005349770329332801,-0.00873768159278513,-0.014837076401407093
6.726685784685937e-05,-0.0055701380575215315,-0.007291095893609149,-0.01324970447371536
0.002223948050231017,-0.006196570890417363,-0.006262653401454411,-0.009481444530168665
0.004057236210986637,-0.006408566219282652,-0.0061489366590952495,-0.00445564146489065
0.004391455107013997,-0.005277179566500503,-0.006934437948726541,0.0004463751991495707
0.0027503379594990933,-0.0022135134687154626,-0.008127954743572051,0.0038851547135075604
-0.0004397744590396938,0.0026736179659318515,-0.008996941631078469,0.005061238379291656
-0.004047056137587927,0.008478269820056145,-0.008900655764068309,0.0040152973107811935
-0.006742931810771152,0.013725599577939871,-0.007583488326310443,0.0016079718048847072
-0.007598598359889866,0.01686310116076381,-0.005306344956833135,-0.0008174737354863723
-0.006506376571195738,0.016835233240522923,-0.002759607485989279,-0.0019595554364691473
-0.004237121028304876,0.013515558908623358,-0.0007897841849292941,-0.0010632330077288768
-0.002101622136566672,0.00781563563435661,-4.809558035083483e-05,0.0017958960727103481
-0.0013569243207522952,0.0014116146958176728,-0.0007026142013788518,0.005760741597697093
-0.0026137702895041998,-0.0038196560962296122,-0.002332829734321966,0.009553147718180138
-0.005508467889118532,-0.006444650212803549,-0.004055459263835652,0.011996362967318958
-0.008796047658026204,-0.005950567357091992,-0.004840344989565766,0.012483497383993333
-0.010844428905140905,-0.0028725423601972874,-0.003900465500531483,0.011198001851138575
-0.010335079781193288,0.0014739016630267998,-0.0010094614528440154,0.008995320483097645
-0.0068783680130704294,0.005540670240682943,0.0033746150905503702,0.006997235035650022
-0.001274783738298868,0.008147230033760423,0.008229266656801293,0.0060730771970786
0.004709623422499601,0.00888534739093405,0.012291182518202534,0.0064330037391880646
0.00898785572095806,0.00816469744103096,0.014468973720504166,0.00751486552179878
0.009973540004567648,0.006889949252737254,0.014199052390154593,0.008224000905624779
0.007252929049812812,0.005920708274162148,0.011621226597519983,0.007434100708437891
0.0018280983501114956,0.005564433911759467,0.0075173584308590655,0.004540226431385783
-0.004185801401717766,0.005344869612672304,0.003041575440734884,-0.00017725220704271905
-0.008312530893057626,0.0041740290691411955,-0.0006577415997949115,-0.005549950512544267
-0.00863877111464581,0.0008792494915222243,-0.002791163008025885,-0.009906949214219595
-0.004558594112348546,-0.005128628551668145,-0.0031396668935579075,-0.011712092967860542
0.0029503427593401965,-0.013342567811139166,-0.002063869831643604,-0.010202866113574963
0.011631248172802117,-0.022058522343329823,-0.0003245224011158149,-0.005765648566749288
0.018724697219336936,-0.02878939925560848,0.001208587314931519,0.00012360025354907905
0.02192969244078187,-0.0310873992120773,0.0018509435357827652,0.005395142227455921
0.02019464887823818,-0.027486944937045628,0.00130215867246165,0.008142219265802927
0.014053206072096973,-0.01820342562869504,-0.00030583874595402696,0.0073495860451522135
0.00539668994517177,-0.005288130647781601,-0.002508279469340083,0.0033034118564108407
-0.0032118029468498066,0.00787106175242662,-0.004701311343757578,-0.0024920538561887806
-0.00941123487531366,0.017569235033744524,-0.006351509157882802,-0.00787549459051759
-0.011778897250900143,0.02098431632568761,-0.007148768526442986,-0.010861121318355496
-0.010176196346469763,0.01713220048719395,-0.007061326119841699,-0.010422162401350243
-0.005616804356363525,0.007225147052994941,-0.006292702019190757,-0.006913952657410322
0.00024132470366323988,-0.005710218817659481,-0.005174530370128633,-0.0019584624966237085
0.005743704864149712,-0.01783170099029255,-0.004044713323920271,0.002180529514328483
0.009760759118590805,-0.02574783827870515,-0.003154369542085672,0.003500972511326708
0.011898125389189142,-0.027604415664658148,-0.002625933351890604,0.0010981390223752802
0.012362542024588304,-0.023611462450261474,-0.002459985572030525,-0.0043975353014328485
0.01160334974472585,-0.015838913156098366,-0.002571090232581577,-0.01096450783814884
0.009938299502766857,-0.007378293495218,-0.002829038356882141,-0.015880222462256496
0.0073603393311955576,-0.0011961210362627303,-0.0030902562503536957,-0.01671129380046442
0.0036186700381792697,0.0008934869484040868,-0.0032177863732194834,-0.012238892001034146
-0.0014776675186373503,-0.0012296599368587131,-0.0030985031270736596,-0.002973124488838269
-0.0077042887859822,-0.006106286126091428,-0.0026671558941838945,0.008939975303565481
-0.014221630899109848,-0.011384657265382115,-0.00193819577405736,0.020391309115342905
-0.01967454329196669,-0.014785045222026484,-0.0010335878024147413,0.028321104836595147
-0.02259718231866776,-0.014957019207442898,-0.00018621338136699112,0.03070925550059232
-0.02197835515263919,-0.011907887501866193,0.0002992023507550623,0.027196689430135042
-0.017747981451311463,-0.0068658363256066945,0.00013092829924346225,0.019133215487122726
-0.010953633044101959,-0.001671332062526544,-0.000858026391067003,0.009060535371383235
-0.0035097536180849175,0.0020276117905902065,-0.002609768682030403,-0.00015917267943105565
0.0024228914664293257,0.003437363392226174,-0.004798258826517389,-0.006244017819807112
0.005206865677896341,0.002875103749488142,-0.006876060855704226,-0.008109255753157466
0.00434638426099361,0.0015368423953275173,-0.008214873064464098,-0.0060145245359840335
0.0006964203805466529,0.0009004467208248157,-0.008306637083100197,-0.0012438644589312133
-0.00384212908113718,0.002034477155895595,-0.006961746947185737,0.004506466205636463
-0.007041388736280449,0.0051130026746804,-0.004430717858488621,0.009766467344038205
-0.007207216679258992,0.009339156547988715,-0.0013925251062389052,0.013712354169035247
-0.0038420834507851866,0.013299939656006685,0.0012063862562549238,0.016240051300757542
0.002159622087038092,0.015589228850561514,0.0024264316432983848,0.017722693912941408
0.008870845802243094,0.015423439649613548,0.0016416523137197893,0.018614127381955836
0.014108949710547242,0.012981290618349739,-0.0012225749641480536,0.019111198713475268
0.016320311141673843,0.00932117584843889,-0.005608940375943939,0.019040412770699303
0.015211636444927817,0.005913788652078464,-0.010447260280361364,0.01801457383384969
0.011863839870369347,0.003994959885535239,-0.014451707265667045,0.015768267936163885
0.008272074339466043,0.0040227085843931015,-0.01651311740486395,0.012489367128847129
0.00649152817001411,0.005479299678950649,-0.01606538853242672,0.008958280135309728
0.007736428804020014,0.0071115325958389375,-0.013305056183970139,0.006390237014814493
0.011808554564228288,0.0075127947163924624,-0.009183212947732864,0.006011961057890397
0.01710609605573644,0.005799161491452067,-0.005157733340982837,0.008532676363374764
0.021231521686812638,0.0020840388280457013,-0.0027700175427861767,0.013733002123713894
0.02197057367183737,-0.0024664612089362187,-0.0031696866566865434,0.02036372464914503
0.018253986331654547,-0.0060426761136693485,-0.006733070444958772,0.02643018648885341
0.010706484938361066,-0.006913918573328209,-0.012898385115812164,0.029784181241602647
0.0015406765463029,-0.004174952224155121,-0.02027791858471492,0.028817814282985466
-0.006191507758385156,0.0017940734173199097,-0.027023813453926158,0.023006660292705372
-0.009720434120977187,0.009357445268823449,-0.03134488185143662,0.013103465516030997
-0.0076283399775840185,0.016152945736681926,-0.03202232226481501,0.0009171371600481537
-0.0004507684209176452,0.0199276101111226,-0.028768675913047416,-0.011230064386335285
0.009433665937114102,0.01935994105211806,-0.022319301619505565,-0.021156619832908594
0.018598821124255177,0.01454801313651239,-0.01422628971391219,-0.027347568058462786
0.023763517208113837,0.006971453903794042,-0.006416572087381528,-0.029182168284111323
0.022940894997104035,-0.0010583091564714958,-0.0006500838248105767,-0.02682992944822679
0.016122062392897898,-0.007243879147482389,0.0019541311501735173,-0.02092406736210308
0.005250288743316695,-0.01011319808991104,0.001177670927670009,-0.012207182007940992
-0.00648891564165574,-0.009483385968720032,-0.0023278222957662763,-0.0013351521936786175
-0.015782784675333596,-0.0064068663821907935,-0.0073412088947151476,0.011073487811295248
-0.020291738783259107,-0.0026390057046889043,-0.012530430869727289,0.0241982999461415
-0.019339587241283047,0.00014246997808171902,-0.01690243001682245,0.03676277644693892
-0.013971508944883321,0.001040735558882025,-0.020080441824684145,0.046976187688759594
-0.006408029799053359,0.0002786599068377721,-0.02230682551691167,0.05281050569265955
0.0008512857777875533,-0.0009587554904522816,-0.024171995304217916,0.052595833078311914
0.0059075617478574,-0.0011025315798753599,-0.026177682784388114,0.04574348064479454
0.00799723477887613,0.0010517872180804064,-0.02831600634343769,0.0332929397300298
0.007519193668442156,0.005745347995997956,-0.0298543347144015,0.01798808801173167
0.005611200077071443,0.012063890734969104,-0.029450766705080827,0.003731847523751164
0.0035111998398716926,0.018239758773785558,-0.025604024479959964,-0.00549765474842475
0.002005248970038842,0.022329521768482602,-0.017305296083147695,-0.0069510183093187405
0.0011953711237440157,0.02299125203943492,-0.004658638970395548,-0.00017479796137574027
0.0006543009741005745,0.02004124183342522,0.01078643876292059,0.012587894532176735
-0.0001525249877811774,0.014557125920628015,0.02617391656712558,0.026893837044198406
-0.0014198298067292642,0.008477381987736912,0.03798345228685196,0.03741299017495574
-0.002776562377958501,0.003851367348257473,0.0430243321421516,0.03966767226291056
-0.0034132417107149357,0.002036361138763678,0.03948011387737685,0.03161562791794035
-0.002515187405677785,0.003160961406942218,0.027646212761562237,0.01450586919400304
0.00020699779944242241,0.006068835544178915,0.010069701263229248,-0.0073410927974463455
0.0041648983065155284,0.008766382391787376,-0.009020580918384327,-0.027812631445391027
0.007929744598560821,0.009199416338149982,-0.024869145108127585,-0.04094868658072599
0.009702071082044756,0.006056921285505189,-0.03359620808872068,-0.0429043131855394
0.00805200301926045,-0.0007062238299769402,-0.03339759137664378,-0.03325306435678285
0.002622511663929447,-0.009820775421585853,-0.02513089495883498,-0.015166901480709594
-0.005529862234357873,-0.019134714390591844,-0.012062504272898388,0.005606992634138032
-0.014154638757712387,-0.02634711421322331,0.001173359596558874,0.02263121826914109
-0.02055822066409183,-0.029759479919934842,0.010078337634499602,0.030878602324462052
-0.022623103574699727,-0.028768877153198286,0.011758244731885494,0.028324486601677766
-0.019693577836095575,-0.02394376171145117,0.005853428070166856,0.016487862000129236
-0.012947979602372171,-0.01669552721387925,-0.005397642422490176,-0.00024747688960212455
-0.005062017702172454,-0.008713951564385536,-0.01799328557644623,-0.01626815660402685
0.0007528538737388499,-0.0014105982444537896,-0.027615913229902325,-0.02672521992286507
0.001989065468609663,0.004415833778616138,-0.03118169674148709,-0.029173847404292713
-0.002122331429138112,0.00859524568525541,-0.02793741053695941,-0.024288304952933104
-0.010210234715988184,0.011334960222326329,-0.01970503517024769,-0.015426761852134256
-0.019191287903104676,0.012868076123561178,-0.010179994754963053,-0.007239553604263135
-0.02539874028740287,0.013198787271001778,-0.003535066382616442,-0.003853405433987378
-0.025996495531331855,0.012079019260076273,-0.0028416721503463083,-0.00730154755420985
-0.02012968702866916,0.00922521912925052,-0.008894551669066386,-0.016760585861905056
-0.009345491492615904,0.0046554810573400315,-0.01988251331109825,-0.02884610170404235
0.0029094491222493093,-0.0010441701009091045,-0.03203593625104169,-0.038829078944885506
0.012548562487560443,-0.006694999664650161,-0.04101493582273745,-0.04230945320426807
0.016389680607637964,-0.010807461173682729,-0.0435184337634853,-0.036738005504213876
0.013385080195822338,-0.012090328849175241,-0.03850362671636412,-0.02225924655603414
0.005046275821637546,-0.009988919375016128,-0.027546532255974324,-0.0016160980492968512
-0.005120727883525328,-0.005017182599515696,-0.014198530585862394,0.02079521224708171
-0.012966108992624487,0.001285585917005727,-0.002580512856914567,0.040336517646788556
-0.015312991519705235,0.006796996814245594,0.00424258862559504,0.05348518441856361
-0.0112040150551734,0.009510364774503746,0.005467505629590266,0.058680481917526436
-0.002275963763349674,0.008231953419235076,0.002850258483990023,0.0564278134521385
0.007901735823676027,0.003005011447658447,-4.5743786238811035e-05,0.04872288380619519
0.015278446756348554,-0.0049124175178381635,0.0006204020006504093,0.03810166863405061
0.01699638534710364,-0.013515312091263144,0.007250199327403419,0.026726232132631256
0.012618208499864288,-0.02078594936917237,0.019590443050835932,0.015850637901520415
0.00440182623310368,-0.02540602370926571,0.03453769744662714,0.005813968949609375
-0.0035154993435752412,-0.02716466038922663,0.04709934040723989,-0.003532264512261244
-0.00672978442337133,-0.026902748644612125,0.052196820859248864,-0.012235895592516428
-0.0023602677070786587,-0.02602349784325287,0.046649584636703684,-0.019818203396051087
0.009690493693091183,-0.025778378187723466,0.030574416849455305,-0.02523695506220485
0.026523881519820602,-0.026632379698495398,0.007624726847467983,-0.02726922905562716
0.04319925872906638,-0.02798257650694233,-0.016084541176327488,-0.025137585135059648
0.05451999107349903,-0.028360249471773,-0.03402221509496521,-0.019075568636136013
0.056983145051279466,-0.02604737301004705,-0.04152603907200031,-0.010537207836833998
0.050144310014910404,-0.019864630506434226,-0.03747631544948934,-0.0018984813674985668
0.0368576530514751,-0.00981163585468084,-0.024707181066604692,0.004282441148638596
0.022272609379232193,0.0027076496158260042,-0.008961046030734755,0.006177382837880307
0.011942795695151179,0.015181356428223037,0.0032619230870007745,0.0034062156958126408
0.009747815211722369,0.024712519910727735,0.007176898766934829,-0.0027531494982107538
0.016410624141724582,0.028909535203860748,0.0015810501925146297,-0.009788905355041587
0.02917811308081712,0.02662621746729326,-0.010613312747670831,-0.014888125461072196
0.04280016606998381,0.01829899589058013,-0.023421938767582064,-0.016037734611222848
0.05145569718841225,0.005788490285186174,-0.030060106693561545,-0.012864103580624817
0.050917116391910974,-0.008181809892212687,-0.02561779831448984,-0.00686030268610824
0.0401522676910143,-0.020762177446427367,-0.00913545844828535,-0.0008728649024013144
0.021769696107411897,-0.02962837956063375,0.015727937342643137,0.001994623458959899
0.0011407673771510612,-0.03336336081353176,0.04173844097028459,-0.00033506794846824284
-0.015480173107942509,-0.031524728195752735,0.06051450903801504,-0.007935680093366884
-0.023150668163982563,-0.024491775388826353,0.06548533472351781,-0.01861146727432464
-0.019953609352212763,-0.013256169282920338,0.05430769725454719,-0.028499107784943814
-0.007616716421000751,0.0007065857301981615,0.02984284893971452,-0.03337399683326815
0.009169606941095476,0.015453425616430067,-0.000695214146382156,-0.03022244990369579
0.024470261201572578,0.028571396838451238,-0.028147013057473177,-0.01851601165456298
0.03322598130154562,0.037323104140467855,-0.04452671258184442,-0.0007002055260535572
0.03301260666932878,0.03907696774579992,-0.045742011781747374,0.018333072311134818
0.02482257634876023,0.03202685605261954,-0.032940840605732685,0.03266977686785876
0.012615589735769744,0.016022969377692927,-0.012004777716584626,0.037253422726151925
0.0018272375102759697,-0.006810122711549212,0.008620544971106897,0.029601675450344186
-0.002615944443634761,-0.03201837302480451,0.02096711211137947,0.010773374240024041
0.0019267349572243573,-0.053542425450307476,0.02035701763992863,-0.014765751839085146
0.014845591331621593,-0.06517196149482432,0.006977752581150826,-0.04037079318373518
0.03243074166009808,-0.062376048547288974,-0.014327238916295157,-0.05916771051413666
0.04904995095729432,-0.04393435015198796,-0.03594427746409541,-0.06611083313436272
0.058929437124579626,-0.012762974867981357,-0.05033441548365504,-0.05949094886855123
0.057938937476774845,0.024471693324381004,-0.05278283093823784,-0.04141121127171169
0.044818733538808164,0.058976043090215605,-0.04305179023462695,-0.01708009889930863
0.02150358475062434,0.08227691878154014,-0.02535670364377187,0.006849351963983227
-0.007491882523926123,0.0887508458063311,-0.006710939299363811,0.024361222662973508
-0.036370765157285344,0.07740183827870527,0.005717564261549915,0.03191675775626842
-0.059598979609058814,0.052258592931798055,0.0072463576114067535,0.029473723710463584
-0.07323805802378046,0.02120354954956942,-0.0026519601953959165,0.020372565719466357
-0.07572438907618884,-0.006423276873790157,-0.02023744555356334,0.010138476661333246
-0.06795751236082594,-0.022673801416282557,-0.03894687138454175,0.004589220551774145
-0.0527730639259794,-0.023355517246017768,-0.051821062125086546,0.007852001561702307
-0.03403192418778596,-0.009132436921835713,-0.05399773934216849,0.020915136022188613
-0.015620076555035375,0.014974685977347621,-0.04435712192249605,0.04116904997911419
-0.0006236694543540061,0.04146874634593649,-0.025750829003752057,0.06308304849743028
0.009151168789926667,0.06294335660464487,-0.0037886160818717263,0.07981619834040926
0.013263838955009016,0.07442636057081133,0.015307029175577476,0.08527845938849446
0.012387894515785328,0.07470741156038978,0.026941703713420376,0.07602482534653282
0.007853199838464067,0.06625966220537843,0.029646940409805513,0.052416911523834764
0.001141507711108533,0.053895858017583384,0.02531064302762982,0.01870383914184104
-0.006515613602261487,0.042754034941635335,0.018116815333064036,-0.018009668914831023
-0.01433113400353836,0.036416996227865844,0.012664150223151614,-0.04961900268561478
-0.02191041746957243,0.035860846995890254,0.012030693811305847,-0.06917656063688105
-0.02899169298533058,0.03955486860368013,0.01654663051955529,-0.07274585830937287
-0.03509136525570794,0.04455457180890478,0.023739687522384513,-0.06043979399939798
-0.03921394216993237,0.048037724651050204,0.02944916414986821,-0.036363927570953004
-0.03978721149800517,0.04858548306829373,0.029648540991278137,-0.007493720447465428
-0.034924905179178845,0.046660922428740856,0.022247041393592414,0.0181911269529011
-0.023007340295927922,0.04411537064615785,0.00815617468541427,0.03379405539402998
-0.00343478412472982,0.04299521327815663,-0.008803875884191258,0.0352411267223889
0.022703320347007,0.04423869100354223,-0.02313658744446926,0.022214425160827903
0.052336131478517435,0.04690714733646732,-0.02958676913483741,-0.0019425801285354038
0.08071625658924617,0.04836224589161109,-0.025035386877189078,-0.03127844163490995
0.10236439945347098,0.04537647980412404,-0.009677331583428572,-0.058914418883326575
0.11246333766720915,0.03572915893818075,0.012941080635157393,-0.07886167073674022
0.10830373828267562,0.01958352661836376,0.037027607027347885,-0.08747041381986302
0.09029097932876007,-1.8314045480929964e-05,0.056385228733888834,-0.08413748344997167
0.062099889851088184,-0.01787116302678155,0.06633249784208219,-0.07113123130130682
0.029811383129812546,-0.028361805471192277,0.06504380729537161,-0.052654575604701576
0.0002114084407281655,-0.027631075253291646,0.05388458861875484,-0.033479415361369426
-0.021241553016172962,-0.015285123136809506,0.036691507026854614,-0.017586986419573035
-0.03209781511896702,0.005084564344479507,0.01831991898484883,-0.0072133581685446535
-0.033623779402573425,0.02688271753870547,0.0030149241655467608,-0.00254441100308566
-0.030213041690289218,0.0427208265077549,-0.006818651123363896,-0.0020841098523122284
-0.027631778920811922,0.04707787151933503,-0.011061147929645342,-0.0035061361560980372
-0.030675344964569473,0.03841079536626259,-0.01146555382297176,-0.0046594487858703446
-0.0410812921485841,0.019878455678165777,-0.01062980152942792,-0.004374122592474598
-0.05651451713421833,-0.0016570643565262944,-0.010795496996256138,-0.002806917175199153
-0.07109765666991436,-0.01803755838131349,-0.012934451627999482,-0.0012401260246743123
-0.07740883755614196,-0.022760688186773195,-0.016432216751786778,-0.001440833431903401
-0.06930341485584104,-0.013383389457066602,-0.019425474784795456,-0.004835276503330328
-0.044551629302326694,0.007529764256265933,-0.01960146770159852,-0.011807049580004378
-0.006274694762225981,0.03328023175675861,-0.015116324027329837,-0.021374103742762135
0.03746287923138515,0.05541065152385666,-0.005283347715243851,-0.03136042121915908
0.07590282054466614,0.06669106029611865,0.009190439595915832,-0.03900429751796103
0.09899603005673996,0.06359665038162554,0.0264443661884445,-0.041796553183468435
0.10079835686164888,0.04736057769318608,0.04402428357247958,-0.038267982582217766
0.08163167191950457,0.023242681460086775,0.05951136891780791,-0.02846801035019897
0.04816860619089995,-0.001651440900645021,0.0709885294608439,-0.013984437681358597
0.011316961687059299,-0.021109773650057687,0.07722756272231278,0.002492282752309373
-0.017423293956795143,-0.032020349846542825,0.07762835626429344,0.017910701641667914
-0.029875421117783844,-0.03518908986991957,0.07205342134878712,0.029665792522585333
-0.023977173126704276,-0.034489657509773994,0.060727384627749945,0.036223862851721314
-0.004419784699643242,-0.03475154828206013,0.04430348987084293,0.03738918276859156
0.019134841885476928,-0.039310483213467536,0.024073287342346636,0.03416110116762743
0.03564934541171194,-0.04828415017502844,0.00217448793092459,0.028262957218338353
0.036833143613267144,-0.05833662630355762,-0.018402314379904264,0.021520795565190598
0.020289655639641392,-0.0640738828483084,-0.034160967800623054,0.01530174719790832
-0.009480018890504115,-0.0605202084311615,-0.04181765548861631,0.010183394543791358
-0.042614561055488734,-0.045644049751089585,-0.03923169195404856,0.0059345549485357064
-0.06743883480670305,-0.021834116957718225,-0.026253021261097922,0.0017785938906289753
-0.07474119104870372,0.004388417488811129,-0.005152111670669347,-0.003180087109941214
-0.06122108524421952,0.024441538837467754,0.019610907367684838,-0.009529258440652347
-0.030837104562968468,0.03082589194833124,0.04232155165896884,-0.017270813846053036
0.006453453513099797,0.020152556670800015,0.05745187137601107,-0.025778603230648213
0.038120138380128135,-0.005153061120347298,0.06120906643298434,-0.03399347237936408
0.05341559328734513,-0.03722185481590078,0.05271472536410061,-0.040777047901045166
0.047091243966057475,-0.06516688988981634,0.034415083413814315,-0.045297478917374207
0.02114282677008418,-0.07875553253174554,0.011539806331055915,-0.047316591762500054
-0.01601560056369993,-0.07201591876534415,-0.00928321396119722,-0.04728640534151699
-0.0526087426801748,-0.04545054058963501,-0.021880716006122614,-0.04622808685806963
-0.07764355722486808,-0.00601719004088129,-0.02231965417243889,-0.045435520163842426
-0.08462429705667358,0.03515086353520733,-0.010096088163181584,-0.04609682450993577
-0.07351907723215456,0.06648275974322014,0.01163208752636968,-0.04894615616182766
-0.05033527256948139,0.07982764636176125,0.0368465141458362,-0.054042103306328464
-0.02455864814286134,0.07305583548516531,0.058276874045340224,-0.06072626249822399
-0.0054885766161114,0.05050030095994818,0.06935555096223156,-0.06776186964839757
0.0011294518818059929,0.0211375622503788,0.06596441064815439,-0.07360497057041768
-0.005059523464985588,-0.004766610277774467,0.047492062915667425,-0.07673274635125044
-0.019321859165634676,-0.019281669837265144,0.016930785585043857,-0.07595048647751394
-0.03405018571307524,-0.019386616090184976,-0.019976410077059643,-0.07061680576292012
-0.04194825998163865,-0.0076123538506655125,-0.05626235618913571,-0.060756074926081156
-0.03891216257069501,0.009376222733319936,-0.08548658518814638,-0.047055723986507446
-0.02550525222273882,0.023613307801438707,-0.10322586458471059,-0.030764962228950338
-0.0065154536680161095,0.028937029721329322,-0.10792445256568478,-0.0135176427635601
0.011147263165301197,0.0231804750318175,-0.1009294712048502,0.0029005763122409217
0.02131273770962064,0.008676552557301579,-0.0857768137401688,0.016823649749329008
0.021002839265768465,-0.009004272708365922,-0.06699601013822845,0.02699343603043485
0.011505567927641173,-0.023474870087798118,-0.048812542812788615,0.03282801091208204
-0.002319427992500199,-0.03008478660193079,-0.034118335585321284,0.03461247406747047
-0.014176550622965514,-0.027587638593686844,-0.02396686084646036,0.03354074583165785
-0.019013548349822707,-0.01831698663374029,-0.017670372868281114,0.03154432201287855
-0.015146898757234881,-0.006901577232152928,-0.013391298240188709,0.03088287079958399
-0.004977804676110538,0.0018546780093623427,-0.008983969800615499,0.033540262911816984
0.005977646603930516,0.0049906272881027475,-0.0027941890786609986,0.04055151126847407
0.011341120690408286,0.002455500167710317,0.005829017759944556,0.05145229079891889
0.006496422160385144,-0.0031806610608533584,0.01643450383838059,0.06406106730182656
-0.009463024232582029,-0.008180517420663953,0.027757845800155424,0.07475180473895843
-0.03323115487042425,-0.009560601624054687,0.0382445457023313,0.07925181288427313
-0.058417279038326844,-0.006589725320203101,0.04658978313628949,0.07383130733506527
-0.07784659430491236,-0.001169316294326428,0.05209496176628748,0.05658927618387097
-0.08612252179601781,0.003099383718501429,0.05473119643939583,0.028444388900150816
-0.08145671939736496,0.0027642423177031833,0.054925671248080475,-0.00654155711455565
-0.06608387946198278,-0.003539850624071847,0.053199927072714606,-0.04173069606531259
-0.04515290093585712,-0.0139708124292553,0.049846001183612,-0.06933808968015165
-0.024589890104088123,-0.023769085967536296,0.044804486980894655,-0.08241080547427283
-0.008820418167464556,-0.026962308653392178,0.03781573243769355,-0.07682360980741154
0.0007337833558110421,-0.018869946880443154,0.028787581456636152,-0.05268334800129139
0.005809038253409662,0.0015995112843002895,0.018211919964265168,-0.014652036425157859
0.01009556863748284,0.030856532718619573,0.007415656034469047,0.02900782825589982
0.017224547640608497,0.06131527140417935,-0.0015254638163754285,0.0684740176892738
0.02882286223628475,0.08374007884724229,-0.006259151696242561,0.09493973954429483
0.04347756559430352,0.09045963602345954,-0.004904173421034781,0.10296555215970063
0.057073016902360274,0.0782572646496203,0.003172836532596736,0.09188134401737569
0.06439517302343059,0.04980170586627472,0.01685063585148177,0.06578650573732758
0.06136894441509321,0.012987949696307437,0.033256881497658264,0.03213642646443511
0.0470180296045289,-0.0216687555047975,0.04836185102240532,-0.00063389037008783
0.024322901668788477,-0.044692974432330765,0.05803302617929067,-0.02567263250235048
-0.0004316884315798408,-0.05103597685690329,0.0592385013879987,-0.03961536486985384
-0.019645834773989554,-0.041919382304561985,0.05100312450765243,-0.04320839726082954
-0.027033757165031425,-0.0244057633572701,0.034775894433186086,-0.04047443230539076
-0.019935603505453273,-0.008795935743806972,0.014050651055900809,-0.03675873102435108
-0.0004532134686999773,-0.004763886500040053,-0.00666491342754677,-0.03639471714843475
0.025029449357512806,-0.017627835287118657,-0.023204050134132,-0.04086492371688811
0.047801506238883754,-0.046132562465485354,-0.03296649196603922,-0.048149411768529465
0.059594324424102174,-0.08258648755059075,-0.03559595366355513,-0.05350973296912327
0.05522721404691085,-0.11534948693197905,-0.03287894616340702,-0.051412281540114964
0.03425454461804656,-0.13281471055903815,-0.027912296826796558,-0.03785366305225656
0.001103590340939542,-0.1274825156165486,-0.02385396723095224,-0.012183119665176073
-0.036284990257187774,-0.09868585072847609,-0.022727349564824847,0.02230539276133067
-0.06881402782459113,-0.05300585300201287,-0.0247309394772723,0.059275142035941926
-0.08879767805763675,-0.0022363879180454897,-0.028314843636203194,0.09142808128342535
-0.0919514142350544,0.040382760301086305,-0.03099060733005176,0.11298110786972082
-0.07827099336733516,0.06435209092613003,-0.03055147178285071,0.12157828889986329
-0.051666280516902,0.06508911704218828,-0.02620828598972335,0.11888117170143117
-0.018606244894287416,0.04505567114887058,-0.019162534354509587,0.10958919390097549
0.013716127826100932,0.012538220796539793,-0.012342919614538133,0.09926958885101256
0.03913762212029265,-0.021395342202178487,-0.00935345969430006,0.09187430435189864
0.053763938102314605,-0.0466334363984764,-0.012999247850900647,0.08798366920561052
0.05648964879875672,-0.05714058458908061,-0.023947728344975792,0.0845606029224385
0.04882460304159042,-0.052433188386799834,-0.040069239196531395,0.07640651308115548
0.034208126341116515,-0.03701936677768006,-0.056777031232272554,0.05880215463793233
0.01704724410392956,-0.01815178429992428,-0.06832987848448151,0.03027455606755327
0.001692000017168572,-0.00282137671402034,-0.06969878531044882,-0.0057137860744429295
-0.008491242437800913,0.004861642526948918,-0.05836806361612515,-0.04101810511200059
-0.01182582492560436,0.004956201274336686,-0.035430319280530295,-0.06515002369757028
-0.008698865533389291,0.0012378504710201937,-0.005555231808510433,-0.0690021677174534
-0.0014984200406381668,-0.000746805631215923,0.024210945634262092,-0.04862359355970117
0.005950988924376878,0.003673245885821984,0.046457454522842695,-0.00755124670485794
0.009417809980950348,0.01597911475377753,0.05559340042597577,0.04338061647972912
0.005568040490519829,0.03337790783947207,0.04950323067674676,0.08895671694658137
-0.006797689754379721,0.0493940139162703,0.030150860272656715,0.1143998398716537
-0.025992989055985426,0.055977446916625304,0.002963833075723586,0.11047644166340935
-0.04753287401309473,0.046427565452234414,-0.024769279445746542,0.07703347015155773
-0.06518785041459088,0.018129714543953387,-0.04594653008372255,0.02355558311396047
-0.07280587992949496,-0.02586060514692215,-0.055491945632034925,-0.03366369063341228
-0.06638470579813874,-0.076994694308129,-0.0514476752693844,-0.0769227471359293
-0.04570004913789338,-0.12322054319553866,-0.03506752907145022,-0.09327880125217644
-0.014856141983354103,-0.15225862720682196,-0.010008681586902388,-0.07929504014428837
0.018563350622182288,-0.15521491130473355,0.019000143195026048,-0.04258722674227536
0.0455922346208269,-0.12944454478576534,0.04751509121977261,0.000532715292117826
0.05860468702075244,-0.07976583674060582,0.07232765774407396,0.030634476025787553
0.053759629415095246,-0.017580212000856625,0.09179149724824746,0.0320936031788007
0.032294787178932784,0.041949364754336374,0.10556999049611701,-0.00106938231972422
0.00016169353708316708,0.08393905929439979,0.11405515036204084,-0.06255999447685112
-0.03392824965889541,0.09793907560374462,0.11778498572850794,-0.13542980462975474
-0.06139035532349847,0.08101511721770556,0.11711830156279451,-0.19749191587091738
-0.07656202042721624,0.03881946219253734,0.11225824414642283,-0.22871227461613242
-0.0783884368845744,-0.015756011883358012,0.1035310935414193,-0.2180171573953126
-0.07037515132227787,-0.06607842543631881,0.09170746398769145,-0.16712433886217273
-0.05883248492993419,-0.09652060787557196,0.07814692099469303,-0.0900343084479819
-0.050096095910752356,-0.09713671828905199,0.06464838705512116,-0.008346952563468926
-0.047819623643498954,-0.06688923055147425,0.05304379672658776,0.0559509445149598
-0.051427655767504646,-0.014392795882646062,0.04470540832092686,0.08768841144729311
-0.056377672243480066,0.044185414159701744,0.040184985287626485,0.08318390808850279
-0.05616697099324468,0.08960026980770694,0.03914399607974649,0.05079776077544956
-0.04530904776257634,0.10516518828577051,0.040597016560558086,0.007267518096785046
-0.022078277099950992,0.08191327279060107,0.043341732703779605,-0.02875240898060538
0.010136088975843057,0.02169758735975064,0.04636096545979665,-0.043542327462947505
0.04351367121394488,-0.06280819335686234,0.049000201433275915,-0.03306337901427143
0.06837596451358759,-0.15134401123018604,0.05084390204170512,-0.003926347000157676
0.0767281562582777,-0.2216717825346447,0.0513814882391355,0.02966062493087622
0.06541141735088929,-0.2559225745115703,0.04968865106209952,0.05171372547104632
0.037592999082107975,-0.24575703140569227,0.04438021373394482,0.050807088124582435
0.0019189506336183687,-0.19472720473235142,0.033989282438142754,0.02451442080109023
-0.03045280877765103,-0.11707165458567217,0.017725915516369564,-0.01968740736605512
-0.04987572249774168,-0.03329440641946806,-0.0036503248987812507,-0.06733186596664578
-0.05177017160988019,0.0360875076989452,-0.027245123839928363,-0.10251814413663371
-0.03831006148364612,0.07664011551962155,-0.04810930934264128,-0.11394232069629912
-0.0175199161622868,0.08400589606052453,-0.06016468271293527,-0.0990818069064403
-5.416888248104337e-05,0.06453548463839986,-0.057844182395012586,-0.0649408727720915
0.005145377569666071,0.032412042401061214,-0.03800103010546204,-0.02509773071263808
-0.005371502660547211,0.004290803505414914,-0.0014538025648846084,0.005782665778414752
-0.027878485058632854,-0.006698326450100052,0.04643729229124549,0.017834133804480845
-0.05264816458978909,0.004460022160989695,0.09650989131011702,0.009985337305037173
-0.06765726617369783,0.03302944340093404,0.13778873201406214,-0.00949840000241722
-0.06347658318736289,0.06635262830892588,0.1602295740410202,-0.02617264099971301
-0.03746828746369976,0.08846977363550475,0.15743152815370048,-0.025102298035661462
0.004410909155356577,0.08589490423657402,0.1284903156521241,0.0030587849853576515
0.0490583718964281,0.052547563388497025,0.07839978107569244,0.05790042770880083
0.08057112194055172,-0.00783640099700456,0.016847715725041436,0.1286016057280377
0.08600405274247452,-0.08259125404655801,-0.04425130551019246,0.19708955486412366
0.06044454193752255,-0.15393479910925634,-0.09375666359442125,0.24390669631101056
0.009463907847191078,-0.2043544736433674,-0.12395904713712551,0.25469219662857706
-0.05210179140186976,-0.22173178122789405,-0.1321536458302222,0.22497853028612197
-0.1047737820029429,-0.20254701719040194,-0.12075395489112613,0.1616421519720847
-0.13092832405214072,-0.15225025909555043,-0.09603461846113553,0.08057867457505767
-0.12090948238052437,-0.08290570295547119,-0.06599501836468234,0.0015281701160679943
-0.0765716271892079,-0.009134723876920797,-0.0380499990687828,-0.058048454285784645
-0.010938897043371268,0.05612725242205175,-0.017225943531288854,-0.08789410305782575
0.055968360013917556,0.10463611584933212,-0.0053030517608048285,-0.08708030243143988
0.10372823382245212,0.13378287526433175,-0.0010003808952424812,-0.06283783480793222
0.11825507173431668,0.14550149356431646,-0.0009765335873428947,-0.026827583398908825
0.0963486926310746,0.14392430946573592,-0.0012197123852359625,0.009530857739471939
0.04650177955112483,0.13294848580518462,0.001628829293459328,0.03883644370081095
-0.014259821742801526,0.11475582893259913,0.009356856813560521,0.059251282040619274
-0.06633351614848804,0.08978909118924526,0.021815596414088728,0.07346248064795399
-0.0941620536961996,0.05797829263178901,0.03707098983564783,0.08578176169535973
-0.0912042906695355,0.020437710778896855,0.051924445834817035,0.09882964100003677
-0.061580538463931314,-0.019342867239918106,0.0626306009171897,0.11135539711367771
-0.017943188282790526,-0.055535965836157004,0.06567365265795869,0.1182031996332149
0.023523505916566816,-0.08138189643892631,0.05850850470577562,0.11248262546687626
0.049079470660060596,-0.0914432864812435,0.040188625766943195,0.0890321471614186
0.0522044696607114,-0.08375057710792558,0.011781376147945964,0.04767208318872006
0.03550750458665811,-0.06085698407411623,-0.023558349275427295,-0.005231019596597317
0.009198117017726042,-0.029235937106004056,-0.060977044377190745,-0.05773153307767024
-0.013188352474861796,0.002859732977779521,-0.09481230275677202,-0.09565205162897258
-0.020148714731175982,0.02828693054277593,-0.11986599114592707,-0.10719795811416753
-0.006654457385510286,0.04349446736507477,-0.13276397532614587,-0.0871767165159026
0.023920672997944772,0.0495528900628044,-0.13298299326436103,-0.03923981870144791
0.06102379531600335,0.051246950453425456,-0.12313793552434776,0.024750222933556235
0.09077303649847142,0.05454100530231805,-0.10830493820593044,0.08809514818331562
0.10098180809097951,0.06343484508277628,-0.0944711279082994,0.13425821506560687
0.08553123141373681,0.07754624297469334,-0.08654607386370361,0.15178698745152636
0.0465591666698061,0.09153416845026925,-0.08660461266644418,0.13750916426262486
-0.006237871156296322,0.09677653847866997,-0.09303895999021997,0.09698600730415402
-0.058852416535079506,0.08480073036126962,-0.10103926043344574,0.04219046913541051
-0.09755243888077615,0.05119602579426573,-0.10436053995337177,-0.012663775723726033
-0.1131912256088812,-0.0015655850397028413,-0.09782805602089502,-0.05562862794168224
-0.1038076934730669,-0.06366316013078216,-0.07967964729617973,-0.08033074112541105
-0.0747535565527373,-0.1202449716204699,-0.052803339772570304,-0.08707966201388899
-0.036474092707548415,-0.1559072100412675,-0.024254532492019393,-0.08162335270839877
-0.0008527477657345739,-0.15983603124534093,-0.0030419373901729475,-0.07224365178066544
0.02256023233723182,-0.12976924275877433,0.0031533477231000494,-0.06640988723989581
0.029192682827312227,-0.07326932857942081,-0.008826301836910432,-0.06824355463729727
0.020223655988239393,-0.005714989076407065,-0.03574656688837939,-0.07761393346349033
0.0014445092029340655,0.05441230781108139,-0.0683021928877609,-0.0909827011239325
-0.019186622951098888,0.09137794459871873,-0.09374241563764349,-0.10343331799564591
-0.034325901669920375,0.09716914716041977,-0.10005682658134654,-0.11091958174566414
-0.03940255605083972,0.07386631656208759,-0.0803263014201069,-0.11178222755540476
-0.03354178985126167,0.03259262509164826,-0.03566407657929116,-0.10697637665809898
-0.0191511103347324,-0.010565296044275353,0.024432355145433148,-0.0990426751480773
-0.0005451579427925429,-0.040203727138503266,0.08463573886904832,-0.09039146079430606
0.01774510136734165,-0.04681580026569529,0.1285310639407034,-0.08173848482297214
0.03233867868969294,-0.029759489435922777,0.14399224228272092,-0.07143722950924788
0.04164709497371968,0.002999598720652959,0.12733016632962038,-0.05605105490983517
0.045744106293694436,0.03817961659562892,0.08470387476103695,-0.03197291007576781
0.04572096477211973,0.06224130230769008,0.03020703982493348,0.002549209804170033
0.042934037325740505,0.06635391521833583,-0.01878749893087336,0.04581066383588992
0.0385033974656986,0.049499019662486494,-0.04744334324045582,0.09216253400821399
0.0332235794487614,0.018665745060283744,-0.04840029406846805,0.1329253975510177
0.02780587384900963,-0.013835734093057186,-0.024076863052325356,0.1584872191564848
0.02319885931930902,-0.03489198311144333,0.014503260387788645,0.16095137612834778
0.020704204065831403,-0.03527693077189379,0.051952218307647624,0.1365168369094982
0.021723981625567025,-0.012865029439011268,0.07429747476993781,0.08686985653354323
0.027183168083364094,0.02669157318894591,0.07419225174782784,0.019188720785241024
0.03686840974370459,0.07194686816665934,0.05363550000911989,-0.05521921920946559
0.04901885815333612,0.10950741032707799,0.023174620030930494,-0.12326100942948613
0.06044867704435292,0.12835608455063527,-0.002151910922988047,-0.1727821710061709
0.06728962772480451,0.12320103758758102,-0.00866928691611868,-0.19504789357209093
0.06618907331650051,0.09583349502400852,0.010426835239333642,-0.1864870060686704
0.05558472073721031,0.05422087371468565,0.05196017733215698,-0.14941029045468757
0.03659133525731832,0.009822887592103185,0.10326164573596314,-0.09162274280692716
0.013118866858712802,-0.025867793378094518,0.14616324997684757,-0.025017883093306034
-0.00892472028962845,-0.04444019935553954,0.16313699942812693,0.03662984957728601
-0.023185704659973695,-0.04247928609695917,0.14343397940256447,0.08034869120646158
-0.02473712357707757,-0.021922425115207367,0.08706446815032093,0.09669547570672529
-0.011691680601617696,0.010978144867623683,0.005217015816391167,0.08200001276115751
0.013984613271284821,0.047563776802223144,-0.08303553050642193,0.03958139421389029
0.04677712817016605,0.07891672022341788,-0.15660600022033888,-0.02050323783660278
0.07902791564171571,0.09772956162765878,-0.19883475203193102,-0.0833449739847766
0.10307427519164476,0.09960981406730218,-0.20235354917437343,-0.13246282823529315
0.11350112330754042,0.08374693889366322,-0.170828850325428,-0.1537912024161505
0.1088164786681691,0.05298255207878355,-0.1171613820101167,-0.13936373747364206
0.09199963497691531,0.013331430693683538,-0.05893348806978454,-0.08962315902077289
0.0696906089436137,-0.027034004175125328,-0.01277089154921767,-0.013572295023871049
0.050198801691409424,-0.05931051028662758,0.010470901036515032,0.07342945238076629
0.04088811732132522,-0.07596189762828312,0.008221339353951716,0.15369265706366997
0.04572655041266589,-0.07265010072579012,-0.014150055322204962,0.21189397728927567
0.06378909045440453,-0.049676720925895416,-0.046072534596082224,0.23900760570094176
0.08925640196631822,-0.01236789938572784,-0.07568323058467077,0.2342327156469286
0.11301546537547913,0.029976021416145155,-0.09344667388531175,0.20431691196412682
0.12546350973598502,0.06652599181213456,-0.09434750647040746,0.1605580496527036
0.1196971614812754,0.0881963765862063,-0.07822059041203774,0.11458284096898402
0.09407655153170713,0.09074103872119711,-0.04855036795177918,0.07444408900012699
0.05327217530623997,0.0765399370002201,-0.010592601662902405,0.0424645057536516
0.00732147000661626,0.05423450086407071,0.030240281586254907,0.015600839412716335
-0.031166246730319647,0.03604466856089616,0.0691260205106328,-0.01186751082766243
-0.05089695261407258,0.03345086920979211,0.10168024917135457,-0.044447495365218345
-0.0456865950832757,0.05263821174232061,0.12340102598370914,-0.08198344718922482
-0.01690916698457129,0.0913758332240067,0.1294379091789618,-0.11819005803574038
0.026314346294933837,0.1386753616693619,0.1152408652549848,-0.1419849150793183
0.06942480923585198,0.17769155621471538,0.07814600518010356,-0.14134777067372284
0.09666324910377712,0.19117085848644738,0.01936303225090486,-0.10838090165075595
0.09599240643254517,0.16773217733642548,-0.05457154895953773,-0.043642342853523336
0.06314617751053958,0.10677963769699887,-0.13180779578041502,0.042068220174314365
0.003442960123559064,0.020131869972883,-0.1971423743478664,0.12947211452653168
-0.06934061461376184,-0.07053278373059171,-0.2356572121362867,0.1958658311750846
-0.13680541488912978,-0.1398886851558898,-0.23701905702258963,0.2219641707404095
-0.18134135444091637,-0.1669622833930183,-0.19899066974261614,0.19826552468984385
-0.19141869803668535,-0.1422840415158626,-0.12880278818362792,0.1286968119683646
-0.165050728411262,-0.07168851019284221,-0.04167477917388282,0.03013418254306823
-0.110284138535297,0.024715800451600708,0.04325603387242708,-0.07222714929270885
-0.042541365618305405,0.11828817280550913,0.10838421590339903,-0.15224718973543314
0.020312581276974072,0.18056949428430624,0.14268738077217313,-0.19057874588099263
0.06353967394443442,0.19215950508773233,0.14465810557781225,-0.18023111878129872
0.07988433500784414,0.1488268302622416,0.12208530308924133,-0.1281507030122189
0.07129147581986565,0.06281104422539446,0.08874418546361515,-0.052368487280357534
0.04748639097189901,-0.04111872067862614,0.05915508983178179,0.024227541456980348
0.022010649388995114,-0.13352024918475952,0.04327679174208756,0.08131606655898532
0.007185011171379478,-0.1894174140922467,0.04304011907771443,0.10724228019491414
0.009813682061134449,-0.1957020777094607,0.05197464841648791,0.10182087732970357
0.029130147443855572,-0.1544364714745824,0.05806321478726582,0.07508942493080711
0.05763022434005738,-0.08115158260541441,0.04877916856783476,0.04269937384199774
0.08436003238484405,0.0010335496451721864,0.016450577451183376,0.019769597737178207
0.09932678233111622,0.06926310071206485,-0.03804672478390013,0.015464727924822376
0.09731448092512357,0.10800050855264366,-0.10468224018613191,0.03016762445727341
0.07965765807553585,0.11296364955642829,-0.16706367036728595,0.05607025196283
0.053347745674058526,0.09085601217731673,-0.20771911320464248,0.08072097994778518
0.027901616188315534,0.05537447074117949,-0.21405126316676013,0.09202217740758036
0.011301593920836073,0.021276259672892803,-0.18288097102903106,0.08274260447792074
0.0066777520039000005,-0.0011381852576158417,-0.12196686086176026,0.052921141362768404
0.01110209601211394,-0.009103054479920665,-0.04792259722539924,0.00943451047086067
0.017013387066370327,-0.007076478949046117,0.01881329030348984,-0.03688813299384727
0.01572100996547308,-0.0034685116354830235,0.06029965845554652,-0.0753292877464165
0.0015680126702119178,-0.005975532051011739,0.06662587000887293,-0.09890559750637723
-0.024983287032735405,-0.017564003000119302,0.03885793647154506,-0.10622858819317012
-0.05670589811198294,-0.03479577940323702,-0.0115209649331004,-0.10107401517801819
-0.081831531522669,-0.0491734379031111,-0.0664326794174243,-0.09007187904062071
-0.08843082928619662,-0.050922897223636056,-0.10699976097131361,-0.07964037445764567
-0.06933581668124784,-0.033623984936408904,-0.11943635722013761,-0.07349647950314989
-0.025687443132708706,0.0022596634743537406,-0.09919669060853056,-0.07172629610258557
0.03237386777144023,0.04847818198517637,-0.052168381008209655,-0.07166111984114355
0.08833033804820772,0.09121680961777483,0.007328216025688283,-0.0700034314971838
0.12443862391413113,0.11570475185517817,0.06098365170771956,-0.06511871535926603
0.12764707553091417,0.111521344404416,0.09194290582893427,-0.058368980714852414
0.09417115292410501,0.07660201509433565,0.08960399657402066,-0.05381821628226906
0.031057800407568226,0.018402155024845455,0.05243549804054062,-0.05638777564739089
-0.0458640061875208,-0.04828094243635876,-0.011846487015784914,-0.06925895991965135
-0.11694872079607022,-0.1060966503219412,-0.08859766795870135,-0.09170241735534718
-0.16486974055702486,-0.14085158139524137,-0.1602382764520961,-0.11839199260344001
-0.17977686070546314,-0.14612396481453754,-0.210724668949539,-0.14067669418608497
-0.16172056677647356,-0.12517368968107717,-0.22930673292605092,-0.14947337523492377
-0.11962321592555494,-0.08952489265982189,-0.21269930240444532,-0.13873620529477654
-0.0673577691217431,-0.054784882732882734,-0.16530105820482444,-0.1081506441264985
-0.01853316573208349,-0.03521576247804857,-0.09762018695321942,-0.0639256037768294
0.018008856996629737,-0.038957681103651234,-0.02347426380518055,-0.01724080279625704
0.04035082678541001,-0.0655003794296071,0.04325708210202745,0.019213386814428413
0.05266346898189861,-0.10615145237861055,0.09154754931962646,0.03542974356115602
0.061938404703951594,-0.1471852500108806,0.1151995722283054,0.027531484497646967
0.07380361675061795,-0.17446522744196719,0.11354812407835646,-0.0007632391359372603
0.08925899228976275,-0.1779183220394215,0.09087148152573472,-0.039194170733815245
0.1037435600637734,-0.15441420922479665,0.05476946375528946,-0.07417056891566753
0.10894931680370606,-0.10825711558802588,0.013975716434231386,-0.09303372622078886
0.09663355982303826,-0.04936164228334394,-0.023832210135917378,-0.08792992056959892
0.0628229448234311,0.010065584109302833,-0.05369035059086206,-0.058045414257919356
0.010597101438698455,0.05912973854013688,-0.0740916305491969,-0.009578385516915894
-0.04982432820014313,0.09099735717831176,-0.0866816392301974,0.04637411938120682
-0.10389891970587853,0.1040932260974832,-0.09506163477189769,0.09715842848781825
-0.1375141416540496,0.10165147145353007,-0.1031058116711645,0.1319666072222187
-0.14189386195425674,0.09005720867077521,-0.11333990524152765,0.14426414018794237
-0.11675948318517965,0.07669366566545675,-0.1259045720650369,0.13269416090478806
-0.07048197780857221,0.0679862281655085,-0.13843589515479587,0.10052209454291737
-0.017108304742438123,0.0680847060576717,-0.1468897327601379,0.05416873814642224
0.028642842054637567,0.07829995491998584,-0.14701438337265693,0.0015570828727110263
0.056523325544402966,0.09716235333153961,-0.1359489331840062,-0.04916369645042292
0.06407884128678307,0.12088163634790958,-0.1133776221203453,-0.09033627744332387
0.05689784583998947,0.14404768391770711,-0.08182716201472395,-0.11516888097667108
0.045729398790423634,0.16053016378077428,-0.04600276162891999,-0.1181826853030381
0.04164082890206203,0.1645998680761416,-0.01140835539177408,-0.09606300293244885
0.051159443248381994,0.15223678219691605,0.017243999193489127,-0.048907469133818
0.07335302129503753,0.12242286912734354,0.037261965733618924,0.018550087966247505
0.10004114038039753,0.07803499589619488,0.0484154931555983,0.09643231868901309
0.11908763354780977,0.02588380212237682,0.05248520099387882,0.17057674482779794
0.1194891861897994,-0.024417115357591102,0.052160644823638976,0.225015661254889
0.09623370024075734,-0.0627164339775169,0.04978317663891918,0.24571381898818592
0.05295249978748239,-0.08123235782774292,0.046473526489891115,0.2245967789907278
0.0012225750870638874,-0.07722985368932343,0.042003564017842485,0.16257937262488412
-0.0433278840021148,-0.05448108559867388,0.035437370926712834,0.07043406741159393
-0.06669729205788083,-0.02277804756173762,0.026217351510208826,-0.03307289217877678
-0.06182762083010659,0.004643041456733447,0.015155748022212274,-0.12548396083407085
-0.03150567480021973,0.01516266420598598,0.004808118753477149,-0.18625767580435515
0.012321707577498715,0.0010960688166972085,-0.0010440276764893293,-0.20204597585614104
0.05264260122827461,-0.03720811559558102,0.001313995098546395,-0.17004511615764983
0.07341460511235377,-0.09069629422795605,0.01394306298478427,-0.09840920168786782
0.0653221149243012,-0.14383227118589978,0.03603468630007388,-0.0036516599169081274
0.029128253918749153,-0.17919941837616218,0.06364503422421036,0.09408108224905001
-0.024614190406200005,-0.18308962432751055,0.09061608203483956,0.17633626177036787
-0.07937196562710924,-0.15024011038769214,0.11045368269311272,0.2306480879788698
-0.11853454764506197,-0.08605873013351875,0.11852348407530189,0.25261613897783763
-0.13122454887082147,-0.005456336271294188,0.11374754414605359,0.24541389533701158
-0.11589534072443047,0.07146702992284198,0.09912354772899842,0.21725768603188067
-0.08045567233134578,0.12554490696383608,0.08080591024839817,0.1779855437266999
-0.038978355549783746,0.14447639017408126,0.06603007752515686,0.1360395393146363
-0.006319781655233201,0.12658236270010217,0.06061702699311869,0.09679694874038534
0.007280414431677956,0.08110632790221861,0.06697934389962251,0.06252931578960805
-0.00039416492647168823,0.024942254295286206,0.08338008390289994,0.03357340377373541
-0.02332202854650712,-0.02311034617375506,0.1047267929160117,0.009858364531169964
-0.050170552109704857,-0.04861659168931591,0.12459267256099987,-0.008086770763820327
-0.06911898857290558,-0.046176082548706074,0.1376760079843177,-0.019141535492464692
-0.07264716894294238,-0.020921656739903875,0.14173137062477972,-0.022525058455603736
-0.06043367773662736,0.013630423489997105,0.1382093684774695,-0.019033187345938094
-0.0392942368354884,0.040606849493814025,0.131352979696785,-0.011752205201079287
-0.020269900451109234,0.04593595266521252,0.12611978243483227,-0.005622517899774563
-0.014080525089786534,0.023530337034319462,0.12578387281748782,-0.005764942760945604
-0.026765300841104667,-0.02225697229655477,0.13022114479016833,-0.015123883884431633
-0.057215144001210166,-0.07771152364319711,0.13562862019531255,-0.03243434763502776
-0.0975231703504792,-0.12398983729345041,0.13586434740438247,-0.05155859059959361
-0.135956944933609,-0.14309376561000295,0.12493764929812183,-0.06280477323299015
-0.1613349577329759,-0.12364524712202002,0.09969115749589537,-0.0560759649161484
-0.16706697312579227,-0.06464397916673598,0.061596082736876556,-0.024896550480109816
-0.1532888202263004,0.023904704160918507,0.016888401088131656,0.030143645854066654
-0.12630755068436253,0.12358269550085048,-0.025104184344238625,0.09996309547844945
-0.09565423743612912,0.21247667784943605,-0.05489446086110866,0.16842142355427814
-0.06998930478406748,0.2708862349801424,-0.06597255366041749,0.21647260027254875
-0.053547448040714145,0.28617219033288877,-0.05698581146892246,0.22788142200171319
-0.0445764593692906,0.25548682250204563,-0.03213961693531145,0.19467318115796511
-0.03641310324996724,0.18585022890022862,0.00034217627876569155,0.12043187174142797
-0.020771622653543334,0.09182710098719868,0.031128732003964283,0.02018091927635246
0.008083176365119599,-0.008334332312455605,0.05298043981594307,-0.08332014911715446
0.0499912236655241,-0.09696833249460798,0.06304604770886443,-0.16582483253400637
0.09780741752486619,-0.16061528581251133,0.06342360128911055,-0.2084703435175135
0.13914261472699663,-0.19229977273197296,0.05982210390818236,-0.2030973142945906
0.16042008041619882,-0.1922028626591631,0.05889177185006943,-0.15433144915051444
0.15181641430832238,-0.1668578153389083,0.06529721189556684,-0.07779637840995231
0.11126502322063453,-0.1272434271652573,0.07969404686269457,0.004909677971344936
0.045985477064916944,-0.08623970784291365,0.0984037445163904,0.07280453535888372
-0.029137885969682042,-0.05589782295529365,0.1149080025551668,0.11155135641313098
-0.09588401182974683,-0.04493059227569879,0.12256647459493081,0.11705779655208437
-0.13831234263159736,-0.056796534031938926,0.11747920915150875,0.09564579825469821
-0.14777653724567236,-0.08872591401706385,0.10035418610968874,0.06095606089292836
-0.12563222253965028,-0.13197595863252512,0.07662219439449129,0.028802513377761692
-0.08271847427158477,-0.17344963983705342,0.05471570245625389,0.01178220989681969
-0.035785326609758826,-0.19854599757903674,0.04313342605322888,0.015401232835417791
-0.0020588255001989207,-0.19476878390603788,0.047377291125873036,0.0368510662590819
0.006266334358486437,-0.15530423037969726,0.06789864805434863,0.06661223685183584
-0.014170624597302518,-0.08161658285501497,0.09981278793215323,0.09211977327513482
-0.05697733138426879,0.0157936914363814,0.13448531543146452,0.1021151579373302
-0.1081889195878634,0.1189401825465494,0.16241286104220531,0.09021057052109803
-0.1507728814466628,0.20608191423411282,0.17636854913524572,0.05659191554691931
-0.1699842428369801,0.2568591840162119,0.17371922018663477,0.007505297058922049
-0.15790031262978033,0.2575630260626488,0.15715388571260683,-0.04706717926682921
-0.11579863608715622,0.20510562780562863,0.13364978262268945,-0.09659450447128523
-0.05376429565239896,0.1085127315874668,0.11211457806268572,-0.13293602237133026
0.01223090054353275,-0.012618963687389646,0.10055632620289533,-0.15214934597007015
0.06481719299856077,-0.1324355995875211,0.10371269919237389,-0.15477579406173098
0.08994678177085039,-0.22486836278087907,0.12181977750339301,-0.14476755645979253
0.08054826718502223,-0.26985899051067974,0.150745381358318,-0.12764041207580412
0.03821801484331798,-0.2581510511451028,0.18324483622405552,-0.1085942839330114
-0.027347551295854138,-0.19340964586070009,0.21079361333240287,-0.09122418352070176
-0.10086316205902696,-0.09115147881084766,0.22540071852420995,-0.07712910657087006
-0.16513860149216314,0.02518562743311256,0.2209835654317181,-0.06635569625613916
-0.20496183725263611,0.12997103402079627,0.19417124208602035,-0.05832523415772992
-0.21027032450253533,0.20142207214090596,0.1446483414432263,-0.052774794058726045
-0.17796906876874632,0.22645887346061744,0.07524453291511592,-0.05031073557277904
-0.11213351165459842,0.20324933549267316,-0.00810701765763351,-0.05237314813654954
-0.02272103847028383,0.14095694702263273,-0.09660403302128759,-0.060654561818329095
0.07677742053124684,0.05691876893757459,-0.17922233535846832,-0.07621686291600258
0.17213695187974243,-0.027913128479492552,-0.2440078256818085,-0.0986486183259995
0.2510124968847107,-0.09407557340637263,-0.28006236295383885,-0.12558531139268808
0.3048406392281063,-0.128005911168235,-0.27994912890650137,-0.1527992584074567
0.32971858166227586,-0.12477112865162616,-0.24191812081006553,-0.17489756289586716
0.3262187131487023,-0.08858287755190955,-0.17119198672560648,-0.18649254544712254
0.29835741943307137,-0.03111635241783607,-0.07967304561689646,-0.18356896898977726
0.25212471814972415,0.03183635685928664,0.016158699245886005,-0.16469385789011604
0.19404712372746238,0.08448216823090884,0.0988075492396181,-0.1317153274801521
0.13017976268396278,0.11487140325605484,0.15389169082467835,-0.0896846663723496
0.06572612194287314,0.11753362362495713,0.17365602085551404,-0.045906144480646185
0.005226849306572835,0.09429501409827215,0.15878062870167242,-0.008247251908361047
-0.04696962987087415,0.05314369464059848,0.11788005618975972,0.01692043244345018
-0.08635700876481997,0.005521915501495294,0.06480638592351808,0.02660176459275678
-0.10839458509884399,-0.03715691723943926,0.014574815951925101,0.02228627621767852
-0.10925109808545463,-0.06675941055706744,-0.020828823716149046,0.009825594252696957
-0.08702159924309671,-0.08051474540227282,-0.035483766300886,-0.002064971714294119
-0.04299931722802305,-0.08133654410902383,-0.030553959085827895,-0.004402276410667278
0.017549288591218865,-0.0763240190018718,-0.013125949603034636,0.009057356940120213
0.0855835460803117,-0.07394890381970302,0.006582708651743878,0.03932942192806145
0.14965953627518072,-0.08085884594452936,0.01860640596444483,0.08112478512810348
0.19827096956956836,-0.09936508439635047,0.016075924500976328,0.123727767253027
0.22257717851930148,-0.12647208447078614,-0.0032953392456831956,0.15378067709559345
0.2187194579041657,-0.15480215389805188,-0.03733529600626437,0.1592739324821222
0.18897168746693588,-0.17512621245059307,-0.08080751344340475,0.13355062588076977
0.14128244420760172,-0.17964751354563396,-0.12734803275353446,0.07800183752431133
0.08725142523377959,-0.1648982028161857,-0.17116189583034233,0.0024421751434417598
0.03908173180569488,-0.13321177783399296,-0.20796037456411448,-0.07715103775443616
0.0063880209461923045,-0.09220701967104522,-0.23505610957891793,-0.1429871802810394
-0.006203099447261086,-0.05240654756304017,-0.25093323499676734,-0.18060998251709115
2.6278132859675757e-05,-0.023777292786048163,-0.2547946989609233,-0.18320497077809253
0.018659118306519867,-0.01238141159021065,-0.24648913012637141,-0.15362592139186287
0.04029704279341363,-0.018311984218343284,-0.22690141075263903,-0.10340715546111087
0.05537198776325533,-0.035652528513395634,-0.1985256022514286,-0.049023706798032515
0.056743442347822866,-0.054491295783389855,-0.1657215372019445,-0.006605164823879697
0.04135251991277404,-0.06429298217019433,-0.1342150595253886,0.013136324215635688
0.010573290677334509,-0.05744741672736339,-0.10973311241788944,0.008050017422465857
-0.03064963123875685,-0.031756727091790046,-0.09612838382598964,-0.015300495411284146
-0.07542514374009732,0.0089858952481635,-0.09372419982804805,-0.04449918639757797
-0.1166917876446886,0.05647412500244143,-0.09869670427668611,-0.06611431640675419
-0.14861668362131436,0.10082493638520827,-0.10401964428613628,-0.07076431531065842
-0.16734343944492008,0.13385985311648457,-0.10190434165390047,-0.05658103857175419
-0.17112000812077682,0.15152564627886123,-0.08699807720692569,-0.029813096736325612
-0.16005868355421954,0.15461332520075446,-0.059145006574721756,-0.002347422754782554
-0.1358341219686468,0.14761187653706961,-0.024494640531813446,0.012947634232783042
-0.10150989829801446,0.13626065753543834,0.005768609174727428,0.007348803680129322
-0.06147693032787714,0.1248583433735919,0.018944906749693798,-0.020024161591407085
-0.021306241326951164,0.11445419756725386,0.005541260632758473,-0.06133628615709541
0.012732815675209893,0.10266348691630027,-0.03646149830217328,-0.10237518274085139
0.03462026432968373,0.08516611674652227,-0.09948586119808997,-0.12732437291570142
0.03988928014158813,0.05823913110196697,-0.16744761255962712,-0.12431304220358116
0.02692301368456568,0.021225773889667482,-0.22003744273206288,-0.08979237319237562
-0.0022537972171679244,-0.02215837338800842,-0.2389920394382139,-0.030193877078674974
-0.042115722436736565,-0.0643294034927527,-0.2143216914573572,0.039724597369863016
-0.08485771300620217,-0.09606438456345037,-0.14831726237316198,0.10129070767413875
-0.12244795056272378,-0.10965060404844928,-0.05579811805041761,0.13759782870551876
-0.14890616499248688,-0.10173414148066971,0.039708583369578256,0.1385691912709567
-0.16203673257288978,-0.07471482364073277,0.11276954379345536,0.10378973086095346
-0.16396481955583775,-0.03607259190952606,0.14367488478615212,0.04230152602573822
-0.16020731700059793,0.004184348067021261,0.12440338280009736,-0.03039538724861816
-0.15753041060225623,0.03700343342701086,0.06095620755101411,-0.09699531100517768
-0.16130984370031226,0.057358054918133936,-0.028693278455083272,-0.143104623335973
-0.17333462572207536,0.06568842500818672,-0.12030894745719362,-0.16056986315105543
-0.19087910699016902,0.0671218559142577,-0.19082059728121217,-0.14857890699698043
-0.20743784266975102,0.06876617694939877,-0.22500691304546538,-0.11253697946169666
-0.21492096929725935,0.07616742608034764,-0.219307621912247,-0.06145494552554422
-0.20656319599789624,0.09040755824841659,-0.18170342525477026,-0.004962290437768234
-0.17951311157907163,0.10711753115208045,-0.12798899459234542,0.04902516624792018
-0.13615572288831676,0.11795100805102678,-0.07596687758892584,0.0954029538212772
-0.08365662397699888,0.11407334186807003,-0.039685541180551336,0.13175383950362168
-0.03184609912394357,0.09035419586041094,-0.02564922819318021,0.15749059344703015
0.009843741064932288,0.04856263637370271,-0.03205734521527526,0.172929597724716
0.03533424168471581,-0.0018690612412908206,-0.050948773743157955,0.1787976307256107
0.04373009906746475,-0.046092142388211646,-0.0720923843008851,0.17629218957545018
0.03940582174107519,-0.06853874606418744,-0.08695803756755532,0.1674223724713909
0.03034491990064564,-0.05851303159326922,-0.0912771358662966,0.155155040535496
0.025331741386994712,-0.014655307589495827,-0.0854386202743051,0.1429821313250751
0.0309729050577128,0.0534685896103171,-0.07293067890947327,0.13386498854870788
0.049548009757409445,0.12745843814810465,-0.05782384870732879,0.1289288500176899
0.07836342423069229,0.18536873749050908,-0.042586107697726805,0.12655550292445567
0.11074052984383598,0.20854193399573367,-0.027231726947915855,0.12249003335433759
0.13821488125596654,0.18771180243027163,-0.010089002576430344,0.11121131983215751
0.15315234132671657,0.1262763143252842,0.01033980868695341,0.088248811328516
0.15091952032929212,0.03956254838059808,0.033494839577182904,0.052605456791532564
0.13097769923566732,-0.049738527325940037,0.055949738291196253,0.008222629185541824
0.09669127151357204,-0.1184810675806246,0.07227833844755072,-0.03635429122037707
0.054083696699577286,-0.1500347422313723,0.07738922079991198,-0.07031643655466589
0.010076175470226888,-0.1390327256641894,0.06935986980163164,-0.08432022141992039
-0.02918299869149769,-0.0924028394421508,0.05143697226965778,-0.07430277181789971
-0.059439311415629775,-0.026479726023207032,0.032086853536528064,-0.04384865194367052
-0.07872284174999186,0.03867337935069164,0.022721746649122417,-0.003942786948728943
-0.08710856192265573,0.08570630161375789,0.033706220209731366,0.03016189825844528
-0.08611758171706188,0.10499953103307934,0.07006024744297351,0.044121059724853806
-0.07804922619409008,0.09668048312965355,0.12856613578723397,0.0299716108760191
-0.06542821734495216,0.06919619733873666,0.19759885039805708,-0.010165917476081402
-0.05060321556473774,0.0352328829919583,0.26004682818921854,-0.06376639147307349
-0.03543160191973701,0.00665543761064929,0.2985219641736384,-0.11144617948539312
-0.020982013482313818,-0.009630005567866251,0.30112491747137005,-0.13344140558913747
-0.007270346110522654,-0.013462140508642794,0.2657128052133647,-0.11688779665984314
0.0068477610581022495,-0.010400856478154846,0.20106155919540925,-0.061276219140540364
0.023457501949098836,-0.00851798859846016,0.12438269993095123,0.020093101051948083
0.04493587144161949,-0.014413618199611806,0.05595734601739899,0.10353783796914771
0.07294719467913954,-0.030081734715827847,0.012702801978568268,0.1624600092736065
0.10737114593640147,-0.051835799473164086,0.0028899278132269272,0.1764707948241992
0.14559304112782095,-0.07165156056129993,0.023825408626695535,0.13901799265997997
0.182561776302819,-0.08033462857677676,0.0632489560261538,0.060681345596679905
0.21180028978806373,-0.07123790822924912,0.10386754072050672,-0.03333333805663688
0.22719650804441913,-0.04308510703888854,0.12935101399633558,-0.11099516539322496
0.22504399433569214,-0.0008413050011581258,0.1296490116009264,-0.1441318742344914
0.2055992060597819,0.04566169218375111,0.10381711899578552,-0.11843234543246758
0.17348992692959697,0.08479677292367417,0.05951864606197773,-0.03925258668791609
0.13665956132084328,0.10676671581195694,0.00961232470469028,0.06900562367056351
0.10405788599438384,0.10650112498306515,-0.03272948002471228,0.17005525248903075
0.08279652426503165,0.08488383700444271,-0.058484390041835,0.22729202093673406
0.07576809408862918,0.04803040888524425,-0.06522910846600677,0.2160466045155217
0.08064422349755107,0.0050449817892338775,-0.05685902359661266,0.13242897569695933
0.09071727346031526,-0.0348266257351151,-0.04096724709046912,-0.004312198760520029
0.09738008474533459,-0.0646303474966339,-0.02515749899474641,-0.1569073607530287
0.09339528539840058,-0.0809948542353658,-0.013893468631881737,-0.28118636073084646
0.07574752676246946,-0.08407685181424224,-0.007152304399504565,-0.3397068501893008
0.046961087310216004,-0.0764881096096323,-0.0013142828553049215,-0.3135113288145873
0.014297638180167795,-0.061853549857088845,0.008256628035977166,-0.20819206931313897
-0.012955913912378991,-0.04365460036386816,0.024199541977181105,-0.0522690151625211
-0.02713834420827891,-0.02473482399269796,0.045129272190675244,0.11162411413019231
-0.02540724815000176,-0.007439507069284187,0.0655650867772456,0.23992096851083738
-0.01117612581576362,0.005973547730393604,0.07792466055105973,0.3014465655030912
0.006888416677998006,0.013124305321232342,0.07578165061113934,0.28664424909490577
0.018073337173466156,0.011817047003194121,0.05700671416814808,0.20982709334814903
0.01391072737886231,0.0008410810916271161,0.025408356152620548,0.1038520883507215
-0.008064277455617998,-0.019101114957717942,-0.009932029907167052,0.009052527997547303
-0.04260848495244078,-0.04487811471906728,-0.037509724660294244,-0.03993302711228196
-0.07794522034968282,-0.07126605307604099,-0.047410241761274195,-0.02519936464450223
-0.09959446761446841,-0.09223044789932212,-0.034961460692696525,0.048980705948652864
-0.09560949746620989,-0.10279879402566133,-0.002597938485106601,0.1579035886392368
-0.06136274552055322,-0.10082648891432419,0.040819453460756744,0.2646461958533368
-0.0020815448226629367,-0.08789386299978989,0.08300806464960289,0.33198309867850406
0.0679351482182371,-0.06884604021833939,0.11247321968516104,0.3341559823041035
0.12933116754454385,-0.05001266725474874,0.1223406326443745,0.2648010769593888
0.16368219392281505,-0.03671395595049501,0.1123833101854117,0.13866247088161854
0.15945305914158087,-0.031028115575442987,0.08852503451508913,-0.013253769297815384
0.11587146230262685,-0.03078439385020733,0.060086878233775495,-0.1533630303736399
0.04335622004991784,-0.030324904690330536,0.03591308162183213,-0.24884802537723616
-0.03967616669131377,-0.022888467966437454,0.020927183847454928,-0.28108675493834284
-0.11254619897963744,-0.0037767395700754043,0.014469906175354895,-0.25031408724829873
-0.15863304160331654,0.026945119241676738,0.011041628757182766,-0.1742664398051571
-0.17015264264360774,0.06339239023503832,0.003106662788280418,-0.08149133318892907
-0.1498421428331643,0.0950733861446064,-0.015203652081168886,-0.0016538420976761198
-0.10911912512137102,0.11014081833282358,-0.04500573849022899,0.04396609176926297
-0.06352817920268217,0.09962101759616765,-0.08146650731146471,0.04876149855158498
-0.027203066112634268,0.06108527102616042,-0.11502007916979137,0.021964460581594233
-0.008335698032975585,0.0003209756688930885,-0.1345794589047712,-0.015528255215078881
-0.007175917367244845,-0.06977899717672605,-0.13154807973137453,-0.03917171393177146
-0.01708352630699208,-0.13288735979575073,-0.10312726310604252,-0.02992508433482617
-0.028005165827101615,-0.17427858898325177,-0.053685057757156554,0.01849753756744843
-0.030886593730059954,-0.18546844447524063,0.006315435935750497,0.09667832635821935
-0.021268776665017704,-0.1667732308445527,0.06342525019831628,0.18185596832882417
-0.0007313403577237244,-0.12682516965419632,0.10522512641163717,0.24489389506781523
0.024243095326289175,-0.07919020838029531,0.12383488814772192,0.259669273577839
0.04537200836781535,-0.03732229840461497,0.11775763328302716,0.2118966416072876
0.0562718438928086,-0.009735242106585511,0.0915677380921408,0.1045402907045366
0.05518819189506874,0.0027826433324425366,0.053759186257670816,-0.04199070080418074
0.045629418719966994,0.006843724750797083,0.01370258512073501,-0.19505134659948042
0.03465753589760058,0.013146524097205466,-0.021115103732851744,-0.31886409409381516
0.029561134760470127,0.03146249056928184,-0.04663386939166014,-0.38476682830777686
0.0343094048294933,0.06591455233996646,-0.06219099134047182,-0.3794662715313282
0.04729723465783975,0.11248039112558761,-0.06922579079708926,-0.3087512075827197
0.06139510107128016,0.1598369103605643,-0.06950272397266086,-0.19552002588377132
0.06640748878634936,0.1933783601262119,-0.06374634907796105,-0.07274813620481682
0.05307473667286677,0.20097055417832033,-0.051304412146982364,0.026397210229406397
0.017103602175529538,0.1782398949320019,-0.03093159092826428,0.0782017732160653
-0.0383627072275928,0.13125312273944378,-0.002251809806510835,0.07481727448335124
-0.10288785031737878,0.07533291942751341,0.032859679134331334,0.025513045175642474
-0.16160132044839834,0.030169823764626666,0.06970476450575183,-0.047479860201280116
-0.1998649126695014,0.012816126005254908,0.10138145394077613,-0.11702234832939981
-0.20814522318202897,0.03104496279286359,0.12045968051215288,-0.16025938326758363
-0.18537323678216328,0.07957052860969155,0.12112578581458305,-0.16586528815959117
-0.13957549962597135,0.140714752516084,0.10100283369988289,-0.13696775248282142
-0.08550296226338452,0.18957447522040677,0.06197845043542624,-0.0888872576408353
-0.040023040309632926,0.2021301242388639,0.009763991253252958,-0.04262921546265715
-0.016806923730282364,0.1636238524130762,-0.04760373562618113,-0.016539353979193993
-0.02207134285647339,0.07433427420303595,-0.10173038015849492,-0.019166565892601083
-0.05275340516093656,-0.04932330224434742,-0.1455992193207532,-0.045942965354879226
-0.09765683037795153,-0.17890505683731606,-0.17455166746415787,-0.08092835173640316
-0.1411123969063685,-0.2820469720812224,-0.18637091235308295,-0.10304297955941363
-0.16789148496981407,-0.3320217178774051,-0.18072619304206491,-0.09456614494016807
-0.16776417500562796,-0.315709950850044,-0.1584734304193557,-0.04879616863111412
-0.13829636139384172,-0.23748695873050535,-0.12128172622215638,0.026020730181618823
-0.08513311374599433,-0.1178793980889418,-0.07178618037223153,0.10813006989746171
-0.019869559328014725,0.012458218374820432,-0.01409161804019738,0.16883748441741828
0.04363435026002494,0.12144279990896763,0.04584146897603406,0.1821176366432579
0.09322670519830607,0.18419586830101153,0.10045182428113,0.13401102151294647
0.12149398283821172,0.1890590444324302,0.14176197275941615,0.028503772581403703
0.1270523528727665,0.1394392193101972,0.16334347489878343,-0.11230915004816998
0.1139478428678926,0.0513494127296043,0.1624616525165306,-0.2540751229431461
0.08963042951743969,-0.052157199045085596,0.1415455935548256,-0.36029568182995064
0.06235319273930147,-0.1476558520393391,0.10822051769329251,-0.40345460396584426
0.03890028084942418,-0.21705298758168706,0.07358169324902541,-0.37351271395159247
0.02329049273850396,-0.2508708310303772,0.04903672860363055,-0.2809535120596145
0.016664724647426205,-0.24866082111465285,0.04264932799921366,-0.15336046776010392
0.018120851761010158,-0.21707534922128557,0.056230106574959964,-0.026655451992438593
0.02596497686684849,-0.1667464286406008,0.0842847423231782,0.0661065788323684
0.038787812886460896,-0.10920938401820185,0.11535996975065742,0.1047113226609741
0.05594098037792712,-0.05472795924255713,0.13550916439572122,0.08731736081517985
0.07729318502199478,-0.01126095688016276,0.13282501958036935,0.029876546537313177
0.10246457523130734,0.015740235507597337,0.10154904646076263,-0.040154292824639934
0.1299522553209053,0.02326695169836553,0.044343948109738796,-0.09351734859487
0.15660225789144894,0.010869826660012367,-0.028103148440984806,-0.10891679471159865
0.17775035220696253,-0.018969255665094886,-0.100087317326403,-0.07959081777786836
0.1881023536141722,-0.06054099020554442,-0.1555562083981459,-0.014651621502344673
0.1831452859304485,-0.10522001192678537,-0.18293145142072853,0.06498611568743179
0.16066758585540664,-0.14278093723817797,-0.1785225301571218,0.1344174983006613
0.1218873097570299,-0.16368433320607106,-0.14746126017307304,0.17343080351356893
0.07176654045406393,-0.1617620524197144,-0.10192483108058842,0.1730375035134008
0.01830576231901519,-0.13635566406150829,-0.05730681481681095,0.13772635103817019
-0.02909619088603502,-0.09296036388893686,-0.02762807289979531,0.08291858998016269
-0.06184414153072157,-0.041860517722146495,-0.021646990306726448,0.028806713136180395
-0.07433820089475038,0.005021544564059189,-0.04079995434434373,-0.007036251118823916
-0.06553260975685356,0.0380892520487887,-0.07942541175099924,-0.015590553972715939
-0.03936573201421682,0.05342726146846751,-0.12695928130455664,0.0011489667502453775
-0.003848425760923334,0.05421224146964616,-0.1712082177983565,0.03184384042345878
0.03102798249590323,0.04947945018413447,-0.20159250963724262,0.060753091646532364
0.056039103177477574,0.05052757683280473,-0.2114341452643785,0.07395126248179704
0.06536306506089018,0.06620294439066267,-0.19883052684062186,0.06448047912269972
0.058305811232909635,0.09884972211404705,-0.16619260245684148,0.03461550945240942
0.03953238515840767,0.14259215130771322,-0.11892866095660717,-0.005418319790639591
0.0176415086486323,0.18482384090095416,-0.06389350256036641,-0.041590815529715455
0.002434856212230568,0.21058160159764347,-0.008092673858687935,-0.06137028476177965
0.001680236215259534,0.2083207368694204,0.04215951819685329,-0.0581414406737171
0.018392406722734303,0.17494403199536154,0.08171944588250069,-0.03313740507353908
0.049557402846334,0.11806152677686585,0.10697122213099156,0.005691618361849213
0.08680770144685349,0.054375843693770666,0.11625297538256614,0.047255799555798034
0.11893067334088958,0.004493526917508345,0.11034545369172326,0.08182369116373955
0.13546066646200744,-0.014154838724299339,0.09279181113552629,0.10462701314040666
0.13018676032084098,0.0062250905097989626,0.06970591146239921,0.11717909309980477
0.1033685488895205,0.060388424494776195,0.04881264318147332,0.1258609852779112
0.061834164164227934,0.13114774445423952,0.03773563973145187,0.13842593289893218
0.016832289610493573,0.19482263097063807,0.04189764805795002,0.1598946877464244
-0.01970537473415194,0.2292798830421377,0.0626682577498349,0.18955080344711908
-0.03923970685312207,0.22176407855335387,0.09644404899036911,0.22031417026541264
-0.039607634943088804,0.17366894831710122,0.13512268565614913,0.24084493415844804
-0.025809935382061666,0.10039884956868317,0.1679944792959401,0.23966539764836242
-0.008240859617474647,0.026187598426275646,0.18457787393598774,0.2097888595235028
0.00109585963011431,-0.02442800655145321,0.17756039860233402,0.15211138068636554
-0.006909930405022364,-0.035508916455635024,0.1449233748774044,0.07624038994259416
-0.03485850333796525,-0.005784426579516645,0.09057191680587207,-0.0016545624394364803
-0.07745576420395836,0.05038886074785384,0.023280353991271995,-0.06331655767759962
-0.12294473144754556,0.1076862666322304,-0.04568044207228762,-0.09371723759950637
-0.1569360099466064,0.1385943443938188,-0.10544811305302487,-0.0854319600092112
-0.16733779744028543,0.12329708296136911,-0.148089893886598,-0.04062931280598171
-0.14865024426769466,0.057186256999505004,-0.17002012454588797,0.029929146963660915
-0.1040737522889656,-0.04672317422592332,-0.17203119069312342,0.1104484480902369
-0.04463535164600717,-0.16144843921087076,-0.15815459342942978,0.18493229008514955
0.014401586562026815,-0.2546262520090368,-0.1339384012284311,0.24162176099698007
0.05859487243353393,-0.29915398545293104,-0.10483476400739895,0.27559268065700887
0.07905527434715343,-0.2822608947256202,-0.0752168173025213,0.2887814457923087
0.07516412476221282,-0.20990042853142296,-0.04818443768252505,0.28765449027768175
0.05431149487029588,-0.10495088006269188,-0.025940551320237114,0.27956395090180086
0.02877171574983298,0.00017169185063710922,-0.010289725023077598,0.26925015068214175
0.010877521050139439,0.07398826237292144,-0.002821556353284755,0.2568244782289002
0.008274581153514083,0.09600068598641545,-0.004574921712560024,0.23795811399594233
0.021003109843972002,0.06298562311486804,-0.015316661120120638,0.20614710433396766
0.04147405522531449,-0.01045306786543126,-0.032844206036640386,0.1561381068510868
0.05733598174488314,-0.09709270454379983,-0.052797984525236014,0.08716369964676093
0.05616369011344105,-0.16615864595103091,-0.06929827627339452,0.004700638707718696
0.03023659768157587,-0.19313555176051972,-0.07636824527482947,-0.08000364511384173
-0.02034230636337174,-0.16709764167337005,-0.06972315779329921,-0.15258907175733882
-0.08730722484768305,-0.09331570911578237,-0.048270139566913214,-0.1995942934331205
-0.1567575593353034,0.009410487891626223,-0.014692913326227849,-0.2124996318956604
-0.21359546733374118,0.11546340206643055,0.02519913873666778,-0.190449376445802
-0.24624845008742993,0.20067573593919802,0.06420935760709753,-0.14073491379495687
-0.2500055658445035,0.2493415976158238,0.09598709782906617,-0.07686195629728568
-0.22787086036467324,0.25781214821715603,0.11693271853202217,-0.01481748381484857
-0.18879944112811886,0.23385904724184825,0.12704311213069946,0.03127345883634145
-0.14415235522315842,0.19249837565813654,0.12936072534750442,0.05274206688914181
-0.10381371190238808,0.15010055207486098,0.12823784448619957,0.04814516107425193
-0.0734352494460891,0.11899709912918147,0.12711345047442996,0.02276215957280351
-0.05372235697970319,0.1043586426361828,0.12672109054951927,-0.013872606730698995
-0.041789938746593765,0.1040903963971358,0.12450217248565047,-0.05146727029255745
-0.03376305935271641,0.11130137744835093,0.11553418587641175,-0.08227036122344047
-0.027322823504706675,0.11800830853481628,0.09467369920440685,-0.10306778551435161
-0.02299023926123613,0.11844534645471406,0.0591000140502373,-0.1152730772925942
-0.02355370600769409,0.11072358066087848,0.010236559315232305,-0.12319423801003421
-0.031918158598610955,0.09641773396025612,-0.045783007357802,-0.13120720561448607
-0.04841560100267239,0.07858430132085137,-0.09941100229367827,-0.14095231621110305
-0.06893910616301024,0.059354942067857304,-0.14038593864105148,-0.1496667424685954
-0.08499348675453028,0.03835725208914115,-0.16092939090777042,-0.15037352532287315
-0.08598624580476599,0.012774099965296848,-0.1583133716516914,-0.1339960263332049
-0.06311355771461473,-0.020932065679565716,-0.13587204709833844,-0.09277145369422717
-0.013423211788105825,-0.06439349062403428,-0.1020776631771086,-0.023831302905032836
0.05760863204843722,-0.11503619128492562,-0.06798724114458662,0.06832545239776353
0.13623499963358413,-0.16527177143170466,-0.04393594218601729,0.171459452032517
0.20362956897262,-0.2037902515040108,-0.0365948116552393,0.26768375103125663
0.2412737204264434,-0.21872273552227725,-0.04734303646096243,0.33760458673808935
0.23680685951670816,-0.2016570287443885,-0.07240334949708575,0.3654006767124255
0.18831382237113137,-0.1510706406691379,-0.10455334554320371,0.34335763783173756
0.10546808761886722,-0.07386506670300068,-0.13569772421714538,0.2744509611152437
0.006995160651430861,0.015693233158331765,-0.15935653972939712,0.17209355690663372
-0.0848019821198668,0.09942367998675988,-0.17225756304147863,0.05698591160420528
-0.15066872718549223,0.1600326035703396,-0.17463780300674192,-0.0481178463525545
-0.17996423200672756,0.18574594317935836,-0.16937565293467527,-0.12425816641290623
-0.1733126492013134,0.17331133151804692,-0.1604808662893645,-0.16103781187116914
-0.14150380751698552,0.12846853000587322,-0.15161535358435274,-0.15890516068081434
-0.10111774279868507,0.06384285890353117,-0.1451729112250913,-0.12828020758081327
-0.06847799735557852,-0.0049441536428118035,-0.1421039322469963,-0.08580490210260497
-0.05408293756842342,-0.06362266701808464,-0.14230256229690513,-0.048883340842816356
-0.059433433703775934,-0.10270641204940492,-0.14514822314973666,-0.030210640604400082
-0.07726475971949423,-0.11905364234219876,-0.1498043456977497,-0.03399615018521793
-0.09494245226730441,-0.11531443244960529,-0.15510238253309433,-0.055054777003423774
-0.09965521128668002,-0.09775467780486974,-0.15915398944548198,-0.08102971570694897
-0.08343836845090753,-0.07343945949719832,-0.15907068999446486,-0.09700621372256059
-0.04619321586668551,-0.04785341784226449,-0.15119635507356483,-0.09100066722375119
0.004337355758268484,-0.02373281219813949,-0.13204130648486356,-0.05851608070696479
0.05552676009954216,-0.0013284783085376374,-0.09973513335526205,-0.004645395936978054
0.09457211043280872,0.020261086321098663,-0.055460517038309357,0.05700861712346327
0.11315953666531686,0.041431627533811646,-0.004174116198611924,0.108295143700295
0.110363196433645,0.06089337561470623,0.045929887911717496,0.13211302929738095
0.09275111126866782,0.0755073181260051,0.08532535716203082,0.11785358105206731
0.07172426291436938,0.08121113830665322,0.10597888884730128,0.06493323542164894
0.05912897373199079,0.07463931611696822,0.10418145082644775,-0.01673111935870234
0.06278797027781573,0.05475134917536173,0.08232250409911951,-0.10946842701156288
0.08358504617912252,0.02377496315919811,0.04880020292284712,-0.1929502332115542
0.11513514240851466,-0.012961629790107933,0.015868800397656244,-0.2500195956497291
0.1461131815578784,-0.04830620941554714,-0.004027618443535904,-0.271419476432361
0.16435817997072372,-0.07524537174394011,-0.0022795529211190775,-0.2579732472355365
0.16125709579332798,-0.08887722759990571,0.02288002306890294,-0.21962112729290134
0.1348517182467416,-0.0877183517492176,0.06548197085249104,-0.17174501956464455
0.09060296416304178,-0.07391555858702992,0.11344395302107366,-0.13007538384769973
0.039595562972138176,-0.052325677390130915,0.1522414864705463,-0.1058834043472715
-0.00513979079437267,-0.028818430758449753,0.16943017539005711,-0.10299259553064664
-0.0328834956357516,-0.00840965605605964,0.15851002090089344,-0.1174675733542626
-0.03860616697796489,0.006137447103957711,0.12084847230634904,-0.13989710162287838
-0.024361889022098022,0.014796055900558372,0.06506329088834321,-0.15931250527130625
0.0017036768110513436,0.01973220738566494,0.004156987336906487,-0.16727077143334257
0.02831896702348229,0.023979181842197488,-0.048538064978458514,-0.1606510903154334
0.04497824572125418,0.029834039029483964,-0.08318131583928062,-0.14224234179629486
0.04545014413033347,0.03756128918385395,-0.09575458845681792,-0.11903696247718717
0.029770861615578424,0.044874616232842224,-0.0882576400600649,-0.09898835625881995
0.004122282609372797,0.04740534986984486,-0.06694058368012998,-0.08753324622867625
-0.02130819265256865,0.04004495646960258,-0.039444429295980785,-0.0852366314272229
-0.03575721079853693,0.01876804524609845,-0.012041732099949732,-0.08747211953989315
-0.03149880011829183,-0.0176174861085177,0.011993641199768345,-0.08627143398395037
-0.006512705207669363,-0.0663453161557368,0.032415344239292807,-0.07365007759695855
0.03460538165840369,-0.12058646734873792,0.05066619608106636,-0.045143759810596935
0.0817622005926274,-0.17049605513340985,0.06796736536015366,-0.0021823089740941465
0.12218221095509975,-0.2052353927696711,0.08381833267272562,0.04767281429238802
0.14409753618268828,-0.21552411884798273,0.0956423694126903,0.09283441453907477
0.14024127330205569,-0.1961090199402314,0.09974668327348503,0.12148438338394493
0.11012477212153876,-0.14751287821480874,0.09313588246086424,0.12575607966378155
0.060412606973251404,-0.07655994365632773,0.0752991837344117,0.10480674682666227
0.0032338572237101716,0.0045580686606721665,0.04907073392145561,0.06561615236619832
-0.04715131308945013,0.08056549251808082,0.020052511329422696,0.02110454052086381
-0.07842705062031591,0.13628038849944998,-0.005273550307921759,-0.013913284691733193
-0.08388294583565209,0.15997420168216012,-0.02200765480308598,-0.02764830164119057
-0.06456366696442617,0.14610781560433767,-0.028818734949985568,-0.01549099372486271
-0.029187201816486458,0.09674791723386926,-0.028539171817827197,0.018044224555098617
0.008273554507631387,0.021267465715305613,-0.026994343893458887,0.06033493594599813
0.032756415589278776,-0.06564371452209425,-0.030433240934179852,0.09441701208122733
0.032857384118561116,-0.1471975564465754,-0.04255679355108561,0.1043767911185626
0.00472462045049589,-0.2081704161194424,-0.06238892473979045,0.08067943975041114
-0.04618533792414856,-0.23810805465262497,-0.08397627506095526,0.023716965806418307
-0.10620463992362542,-0.2333025277696099,-0.09821570498445031,-0.05561528893694902
-0.15727194298647304,-0.19711498428715113,-0.09625345483876646,-0.13859224797975722
-0.18245640999244367,-0.1386738070824594,-0.07321604542566562,-0.20385033812411837
-0.171541363327269,-0.0704056863542894,-0.030805780375011145,-0.2335730194339034
-0.12487074319243666,-0.005128797531130932,0.022363257210650786,-0.21882298823676688
-0.05408656724000557,0.04652423683868099,0.0730084699639783,-0.16241364222394686
0.02070499677772561,0.07777796123822256,0.10735046925343969,-0.07843871660207899
0.07667081270312223,0.08624736843041995,0.11579577877140612,0.011434663746933867
0.09523231592062169,0.07346603437254666,0.09645220210653319,0.08385817250625191
0.06812362129751254,0.043804341574459435,0.05615830393056363,0.12020306247972279
0.000534571904059436,0.0032506784897576935,0.008568618764480609,0.11166508196428887
-0.08980839872557378,-0.041582825087290734,-0.030115572920445345,0.06166257552257403
-0.17750388949543625,-0.08409875970470909,-0.04633079494663202,-0.015098150502167436
-0.236875071126522,-0.11810130267105858,-0.03347681757773249,-0.09657777037814239
-0.24963084013031972,-0.13816718298490463,0.0060891453571193035,-0.15924689027367955
-0.21036336132446676,-0.1402057955662822,0.06203517406465813,-0.18420829232102723
-0.12810572330832376,-0.12223887123776536,0.11961539906439761,-0.1619731213521523
-0.023425170770561478,-0.08519890796322066,0.1645285279160975,-0.09469001359272859
0.0780250984933087,-0.03337743502405857,0.1873890840851964,0.004648452094703071
0.15341329012729923,0.025851731226812828,0.18632828559935166,0.11568499105075294
0.18953715099576762,0.08322048948695504,0.1669547624334634,0.21584891911474452
0.18634869204290344,0.12952350165787804,0.13985209185517877,0.28579592749049587
0.15611339105811478,0.15785899385676097,0.11662086186799796,0.31376522645628335
0.11857931909581981,0.16545823548945576,0.10589914058411587,0.29784628382877765
0.09384975439147847,0.15444135391999375,0.11069284851605735,0.2457400665583713
0.09538577635830003,0.13113292394078946,0.12779300661081217,0.17225073685194597
0.1254711036285554,0.10404444564288738,0.14928487167510204,0.09528233521422266
0.17459460839776064,0.08111673721434876,0.16545812745584237,0.031415212094266974
0.22485906748078713,0.06712717777169362,0.16804520890524632,-0.00785379515004173
0.2561758289437873,0.062170379277324446,0.1527439345479557,-0.018378561330331583
0.25311211586247356,0.061790784518282516,0.12035538738383,-0.003738370697314381
0.21010959282210012,0.058782640730792576,0.0764031747595165,0.026200706185085184
0.1334137467901637,0.04607266077199574,0.02957748732771674,0.05805094083631211
0.03920301132101668,0.019684495356301433,-0.010393531472886755,0.07825992901580577
-0.051327604259440086,-0.01928518571459987,-0.034846679193530655,0.07627384159029102
-0.11822435460996175,-0.06443163144704316,-0.03785739918496285,0.04685102233938839
-0.1483396500543267,-0.1056992358746848,-0.017326946239651794,-0.00887701934291148
-0.1385309353209604,-0.13240967252228308,0.024508909561285666,-0.08370057227502074
-0.09570445278694627,-0.13664079718513192,0.08111587911443685,-0.1658124931445326
-0.03398424660455303,-0.11579769819981167,0.14228439470266446,-0.24110803406571435
0.029833921340659278,-0.07349512055898225,0.1954533170987535,-0.2958381411730691
0.08097411897069322,-0.018466698344427802,0.22779907649139025,-0.31914322165401043
0.11009873803020036,0.03808662111548439,0.22893873882587867,-0.3050555417520918
0.11463498571244649,0.08575573717909443,0.19376568475332806,-0.253662081020096
0.09798018364381161,0.11765173184477941,0.124640858599433,-0.1712466640009318
0.0672396718411811,0.1317017558249001,0.03207870627436058,-0.06937146225786861
0.030503554052787197,0.13017667440302277,-0.06668379066594599,0.03698977876800405
-0.005385774085884469,0.11779198959701681,-0.15127209599567287,0.13199760006188108
-0.03600116809620815,0.09925259886059228,-0.2032098352110176,0.2017589586192276
-0.05936787421559243,0.07729015336358536,-0.21106187992263914,0.23689377371456893
-0.07522951730836745,0.05200184615209011,-0.17407604040783659,0.23432797850398882
-0.08409288589623429,0.021736113841962012,-0.10299086546157535,0.19788301648880485
-0.08652489206340762,-0.014894677163897332,-0.017470188791716145,0.13744984958266326
-0.08291409137124794,-0.0567984504826316,0.059295393843661934,0.06684343198526904
-0.07361376347280912,-0.099046771960767,0.10728130131879068,0.0007632521412053849
-0.05919819200751703,-0.13314720065549912,0.11553293853289726,-0.0484541884101876
-0.04056320889039964,-0.1490927446679709,0.08534311500494651,-0.07350166919503831
-0.018763178412552685,-0.1386169150598805,0.029595633335814674,-0.07350301161080984
0.0053036954114605754,-0.09854096295800974,-0.03157544374758052,-0.053775707425463795
0.03110073241498575,-0.03295126423748676,-0.07740889422531469,-0.024018338862712225
0.05830017155588832,0.04673739664246453,-0.09322106831213792,0.004568356181989721
0.08620502748394722,0.12409183184009955,-0.07494681394490826,0.022404611908006914
0.11294525798198451,0.1817877248142944,-0.030014285768346867,0.02400225550380644
0.1348664569072883,0.2063422838387836,0.02567145310513213,0.00908697623274311
0.14657301400770004,0.19198052836654472,0.07350371946438308,-0.01789996914894335
0.14190234487329106,0.14239769584923817,0.0986276087465063,-0.049677099005849754
0.11574116012438534,0.06983295641976961,0.09479419141602957,-0.07869268645206715
0.06618797088578403,-0.008280671651523798,0.06596145857826448,-0.0994955200971302
-0.0037064069582389697,-0.07406618198238546,0.024197086197098136,-0.11010680581355597
-0.08538865898488424,-0.11391158958219397,-0.01521587918496602,-0.11196748232177786
-0.16590120669479588,-0.12175306270452044,-0.03958220302010543,-0.10856248124695905
-0.2305531386899601,-0.10004133233414096,-0.043347183088899316,-0.10331773406729618
-0.2665157075554955,-0.05825403043067054,-0.029770141559881086,-0.09764533389714275
-0.2662989873909263,-0.009572120217234876,-0.009207438808283595,-0.08996678043499057
-0.23001053884705236,0.03314785197008797,0.00523191303246795,-0.07617864584363786
-0.16562340236670992,0.06085131926074171,0.0029435770839364144,-0.05146363581866519
-0.08709061091004477,0.07023720382591749,-0.019997691578500856,-0.012796553426003509
-0.010829070229228792,0.06376542006570556,-0.05926825796935027,0.0388396047785438
0.04838362323776635,0.04793756256084876,-0.10382503803645875,0.09748687124249245
0.08088410826767806,0.030572135835780525,-0.13985489911411003,0.15305627624967727
0.08399001921622636,0.0180241116592732,-0.15559356680467656,0.19389950979059017
0.061831940243193495,0.013210774312414214,-0.14521385248206184,0.21036059863913387
0.02339260795908788,0.014966426183953427,-0.11042437511449636,0.1981227655563038
-0.02045911214643884,0.018792904932907445,-0.0593536240028308,0.16013385287823284
-0.05991501885012658,0.018653411871927088,-0.0033388833259909816,0.10630549172410292
-0.08826670018288914,0.009192075970447407,0.04701396969916313,0.050913315332461094
-0.10258112613342588,-0.012296451028342967,0.08496139546314789,0.008430158853223596
-0.1031032880022904,-0.04469127976801045,0.108845877938445,-0.010886086792083121
-0.091922134654543,-0.08295249168781257,0.12116203260937475,-0.004176987538797774
-0.07161859893356609,-0.11910752332276775,0.1261099676399515,0.023170701500948722
-0.04448479553953912,-0.14405660000937437,0.1268587842260118,0.059362089443120186
-0.012539917401109517,-0.1497640357351684,0.12378149325697647,0.09014407318685459
0.021859838617935296,-0.13133045317445274,0.11442677650929683,0.10355829507345538
0.05532474532775647,-0.08846835262440475,0.09518782109291063,0.09388985877698897
0.08320772772825323,-0.026018345671931682,0.06386074612689624,0.06346639468984178
0.10019267516064564,0.04667007524929952,0.02187848512092055,0.02170143020360124
0.10164021659950956,0.11743358225601395,-0.024872307842739947,-0.018263131871951183
0.0852403150393625,0.17375657339167488,-0.06714931826978662,-0.044119474026835075
0.052298336786147134,0.20547766367012393,-0.09505100723572639,-0.048547573392743015
0.008037175490409545,0.20710498514483544,-0.10130292229480561,-0.03150655297144206
-0.03937607072927357,0.17913916673999314,-0.08384629760170527,0.000106286911544691
-0.08089507849316588,0.12800716114538077,-0.04669268040545686,0.03523804683868284
-0.10912792987765124,0.06455298488119532,0.0013127738404568358,0.06282696015341338
-0.12049014240390828,0.0014290276538174579,0.04934998067652115,0.07575010669218384
-0.11621246131439877,-0.04993446747472893,0.08800105342600253,0.0731057309797905
-0.10181348856475311,-0.08194948967902016,0.11186065616713592,0.06000924891608036
-0.0851791661194222,-0.09234188705316117,0.12043721574883719,0.045036525664173155
-0.07388539065717821,-0.08407070382368548,0.11712465939795862,0.03635296242427804
-0.07267354134508508,-0.06377128718780761,0.10682317015127396,0.03807794011909617
-0.08193935790697503,-0.039269526324450375,0.09332920874509243,0.048351323432823605
-0.09774031650354252,-0.017014136428994894,0.07767331693965471,0.059914934733251476
-0.11329423723222692,-0.00028921095622416737,0.0581349121285741,0.06303854064008232
-0.121424331560369,0.011216020940771471,0.0318960771292095,0.04967959543445511
-0.11708721782103108,0.020396989628085685,-0.0024626915307782056,0.017233693972444328
-0.09910981534478577,0.030729225158925306,-0.042845115639761594,-0.02967369421385882
-0.07055536657405856,0.04408745163466069,-0.08301623017787689,-0.08020018123271905
-0.037627075694086014,0.05927885600066299,-0.1139851265762218,-0.12088716068139436
-0.007524147228268361,0.07191879765157802,-0.12703839798446678,-0.1406050038326705
0.013986631865802145,0.07576908352848667,-0.11729959456023767,-0.13500532323978814
0.024444535852026328,0.06508916414189242,-0.0863474118272151,-0.10872556940863506
0.02538644654847508,0.03713265405501648,-0.04267645150800488,-0.07434737675270126
0.02164557611898076,-0.006181556906340823,0.000442022028084469,-0.048281508718637164
0.01951956611076949,-0.05813320988766911,0.029133471889668066,-0.04491518837696273
0.024440091337216075,-0.10876989925975425,0.033712993011834586,-0.07107650185488645
0.03892667001528635,-0.14772733928364878,0.012340227746303629,-0.1228606386879225
0.06150051440198543,-0.16736660866302577,-0.027899695373401617,-0.18610051199582683
0.08691656623135383,-0.1651411665570509,-0.07303650633106817,-0.24050372238442302
0.1076529559613345,-0.14434481150528905,-0.1067890976626907,-0.26616371028529523
0.11620997562037186,-0.11294328964859628,-0.11613086691179732,-0.250261740115037
0.10752899311901129,-0.08086225040685846,-0.09589276862853058,-0.19164181296295615
0.08080830097623339,-0.056652103506164786,-0.05075106166308331,-0.1016284941674811
0.04016670361360465,-0.04467755063313447,0.006142956672867647,-0.0007368104065853254
-0.006070962125561191,-0.04380254101800815,0.05744434744778522,0.0876548043808218
-0.04731222414143823,-0.04802198856939152,0.08732761537507347,0.14453893696378406
-0.07336981955281269,-0.048814271068879034,0.08665397642224329,0.16097615861637682
-0.07717319322356024,-0.0383929893046707,0.055829066552308904,0.1403531982054343
-0.05679536140073337,-0.012730848641145327,0.004425855291881997,0.09651059990130885
-0.016229910487361526,0.026684478239720935,-0.05220439517346405,0.048491632383414904
0.03533975622476233,0.07296023374002952,-0.09807428195839926,0.013825967821459152
0.08565192213610051,0.11573448857306112,-0.12164183301485262,0.002729335436054421
0.12236266640539659,0.1442892827967303,-0.11912535766881087,0.015214039005756724
0.13617261369714964,0.15081732371580167,-0.0950479985721884,0.04201422064975956
0.12325915570333576,0.13279530181529015,-0.060024493670943084,0.06883656248220824
0.08633762952848485,0.09373766522472188,-0.02675024571603303,0.08225932905918618
0.034019799367410314,0.0421463594991016,-0.005695885832160172,0.07504737569675272
-0.021402893419554037,-0.010955086080090265,-0.001981557847122409,0.04891981662466201
-0.0671746128714857,-0.055098030136469967,-0.014357744714690757,0.01378953177279929
-0.09340678628604179,-0.08311235048432178,-0.036394471815148065,-0.01618021564470154
-0.09558485397702005,-0.09275589548880092,-0.059203179616073354,-0.028177562531237654
-0.07553037100774335,-0.0868347191668041,-0.07456577755756394,-0.01587570084428564
-0.040548288652446834,-0.0718904963019738,-0.07735571401346117,0.017839562105791858
-0.0010361536164326963,-0.055937972468475206,-0.06655175835418597,0.061585820720369444
0.03269525626623017,-0.045964546408498154,-0.044761878329363326,0.09940675786295936
0.05339851246162179,-0.04591108590012482,-0.01673044195846657,0.11648633678662484
0.05874798791884709,-0.05566298355640635,0.012412757832897858,0.10458558324075654
0.05154087187574832,-0.07126885984593524,0.03846649929191445,0.06523488758954621
0.038255540316160935,-0.08626620930486628,0.05867818100656791,0.0095252268818561
0.026526493618947156,-0.09371376013120981,0.07154453152500047,-0.04544194450118006
0.022440892550181307,-0.0883663332649821,0.07628949631388776,-0.08220757783715844
0.028587175376782292,-0.06840355162826156,0.07249297699578114,-0.08875117897448703
0.04348318756198915,-0.03623461305431953,0.060164184345844945,-0.06245347317379271
0.062491149438174666,0.0018775958623716872,0.04022501890855162,-0.010922731933654012
0.0797819112134935,0.037339540283990155,0.015066428613049722,0.050511751421655614
0.09054387840338177,0.06155960545437049,-0.011278619758402726,0.10370041838975816
0.09257911396829649,0.06850171232786734,-0.03367086501987035,0.13326428874188642
0.08670746505547164,0.0567445496815736,-0.04710704862554038,0.13102627820952678
0.07589838925412387,0.03038473786495039,-0.048293954621628075,0.09792717695775724
0.06357200842887238,-0.0016235629957774347,-0.03694123702191546,0.04299565857706611
0.05184755278578937,-0.027682757433816405,-0.016182764135539734,-0.020050379445855707
0.04053177915761242,-0.036828964181159204,0.008167587784226162,-0.07725946251411761
0.02732233481073002,-0.022181137898519124,0.02936142033941441,-0.11842195444954234
0.009175617589677325,0.016501936332586835,0.04186893083238746,-0.13934853513442932
-0.015732665736307626,0.0720699368313988,0.043135338505012326,-0.14194090336207638
-0.046326603707857114,0.13147288573872423,0.034249369092023293,-0.13234947677933187
-0.07804676448964781,0.17925117415751773,0.019240254273505675,-0.11812186844635646
-0.1037782920010481,0.20209311478974595,0.003265425594218002,-0.10546135152441884
-0.11609848971814335,0.1930805910236992,-0.00958771994621204,-0.0975035033898684
-0.11008107478477988,0.1542156562079181,-0.017982579490159162,-0.0940107756584457
-0.08559189828629023,0.0962707556501782,-0.02378113410275428,-0.09230604355557943
-0.04811418315693757,0.03582413944878766,-0.03103551351052926,-0.08884607805156584
-0.007632293968590841,-0.009722180552076843,-0.04390393951455254,-0.08071545749921813
0.024190349437571288,-0.027610275750385476,-0.06434109930472096,-0.06650647943474705
0.03764560299595709,-0.01388972981194519,-0.09054890209358868,-0.046421969558352524
0.028180171369267586,0.02517053149746153,-0.1169073886325698,-0.02181171972700632
-0.001987869843670018,0.07500514572129231,-0.1355315272422331,0.005436099117126603
-0.04445479858301285,0.11748101206216208,-0.13894093717530834,0.03325777505832908
-0.08726605120917863,0.13692161321001703,-0.1228509414078351,0.05937403963769047
-0.11871549159040436,0.12541962048505403,-0.08799449779378507,0.08099585573423837
-0.13100770032146591,0.08561465169002075,-0.040217694562464795,0.09464141742864036
-0.12253749290371571,0.029940172512831667,0.011263312656744018,0.09644074977229497
-0.09804902858135783,-0.023457586120678258,0.05684654819735606,0.08309084473051892
-0.06670599632357699,-0.056769833477052827,0.0896775012522085,0.053275914519980566
-0.038844360621251295,-0.05848484005684966,0.10775887048365176,0.009043969477125362
-0.02261312475743068,-0.027210908194263684,0.11423765522287245,-0.043506872995601555
-0.02167990835120372,0.027947886903617387,0.11575933482470153,-0.09474175731946308
-0.034710724121598355,0.09056997054149306,0.11951903575266241,-0.1333245830570875
-0.0566209043901661,0.14251035400159662,0.13014405206799068,-0.14899710704329536
-0.08092255997633079,0.16993331414194363,0.147613413186808,-0.1355035488768362
-0.10212712895090655,0.16767670929586254,0.16702825941760113,-0.09270147785458142
-0.11723605334852559,0.1404667628710731,0.18034106909952263,-0.02708261580408791
-0.12582347632048319,0.1006534868090531,0.17940326815521437,0.04959082368938457
-0.12887474998612963,0.06339104209021951,0.15918643286471865,0.12321041082069521
-0.12710904354747984,0.041084715036324534,0.11996384586358513,0.18094957121349742
-0.1197394506521425,0.039141231637497775,0.06762949702966412,0.2144872962301709
-0.10440851606390121,0.05452135878591182,0.01202774270227741,0.22184550706119027
-0.07846761881546432,0.07751342145146062,-0.036098897258922395,0.20731973490405398
-0.04108753439335669,0.09593447949819305,-0.06844138850928543,0.17961516582441106
0.004804780059140527,0.10007845139412457,-0.08155775559009498,0.1488777194732101
0.051838054593636995,0.08649608750029633,-0.07759224822164329,0.12363092079125512
0.08941493073695231,0.05918820930141635,-0.06311170616907752,0.10859023720261046
0.10673000742685662,0.027820515991302613,-0.04657221855180807,0.1039576425098696
0.09666758949081633,0.0037253807626243737,-0.03538807889000743,0.10624918116493007
0.059137111840253186,-0.004701718123722165,-0.03365084059988746,0.11018453997499264
0.0024203525397686783,0.004604628325783414,-0.04123196793461641,0.11085606444376536
-0.05829635031234026,0.026514941742326784,-0.05444047562382891,0.10539139568483866
-0.10503733697837177,0.050683715759978334,-0.06782631125877561,0.09360398937656682
-0.12260323221032891,0.06557381762987576,-0.07634344407523475,0.07755988680350454
-0.10372516492494349,0.06293709369106996,-0.07704242398428257,0.06039963969500779
-0.05193128877582485,0.04099703622401876,-0.0697401986333753,0.04498712217928727
0.019062697541264256,0.005099322587537532,-0.056578078675665874,0.03293990486928461
0.0894502163565194,-0.0344073959199406,-0.04082570177782836,0.024361319180021726
0.139674025989123,-0.06621662883827675,-0.025539875997862102,0.018258897295295538
0.1568961606484581,-0.08244657362923294,-0.012656374233358346,0.013345226637459337
0.1393389562214214,-0.08165084002267249,-0.0028182211937020814,0.00879158039423937
0.09690500326707921,-0.06929375929098539,0.004135044526305684,0.004580581001979597
0.04775082178926762,-0.0555210985300388,0.008400447100582038,0.0013314045727908924
0.011916914854289858,-0.05110999128808902,0.009651905986466223,-0.00026272017689801114
0.004192819897270796,-0.06318362301482468,0.007031326649960135,-6.242933575244941e-05
0.028720777194531342,-0.09235699296219033,-0.0002760214133961138,0.0011665138284414622
0.07727981166344942,-0.13241402223609702,-0.012176658982542716,0.0018753802040208448
0.13192626311296907,-0.17262896708752534,-0.026998373323532873,0.0002873022656468202
0.1711380967774285,-0.20182320911700663,-0.04145296322805606,-0.00487227430884133
0.17736153494446594,-0.2125876935237826,-0.05140430873640128,-0.013819469037884828
0.1433388153602783,-0.20405239980250367,-0.05323912223309021,-0.025605149797183493
0.074997154696009,-0.18215780571622808,-0.04532305557852839,-0.03852287162943706
-0.010135210706488127,-0.15734906867338438,-0.028918341020849576,-0.05084948301669456
-0.0884670994755964,-0.14059373367096178,-0.008103138324444545,-0.06156719401957725
-0.13794658399718615,-0.13924190862441,0.0113867981273357,-0.07070861475336834
-0.145131347028582,-0.15427523138394006,0.024028020190699488,-0.07913198825984323
-0.10933557276391795,-0.17993185143602952,0.02640149549986012,-0.08780373070061546
-0.04249688456969922,-0.20577926021310267,0.01836112541479798,-0.09691861192631643
0.03510034917417734,-0.22039607124017552,0.002982017611414506,-0.10530405289189271
0.10168908150654937,-0.21526546430925014,-0.01474084991767221,-0.1104687033063547
0.14106462858772031,-0.18747633368943797,-0.029969441774774806,-0.10938909769069628
0.1474109158617279,-0.14035118105816308,-0.04006559869449326,-0.0997875356510253
0.12635016140568167,-0.08194529467186848,-0.04576744750802961,-0.08138710359492524
0.0920195418358001,-0.022154331062850703,-0.05097749003661024,-0.05656337614827344
0.06136696037218833,0.030379789882587115,-0.06117363290625412,-0.029996728212798834
0.04778479227592617,0.07041901617398849,-0.0810051014696957,-0.007309416429997842
0.056352938832825175,0.09668157885201754,-0.11198592819502871,0.006896336317021598
0.08231099140743647,0.11085474321541601,-0.1512053988880203,0.010877503566713883
0.11317936758587357,0.11575128203855956,-0.19162528509639037,0.006706189525032992
0.13364249265587735,0.11357605985661454,-0.22395451621760862,-0.00014920354496657934
0.13135848173014733,0.10510898010768335,-0.23950073394134674,-0.0026147760300394216
0.1015920890714834,0.09009905877861282,-0.2330195212217231,0.005368622607441739
0.04905181329960488,0.06854206630931985,-0.20456067322536514,0.026312217473261665
-0.013649299969811759,0.042064475819264285,-0.15965569530193657,0.05769859681022779
-0.07028232222055832,0.014563042506687031,-0.10777237981094888,0.09220131159872291
-0.10646877934769428,-0.008411798401068392,-0.05956388029649629,0.11966792883722788
-0.11439234952378882,-0.02143719791558265,-0.023840640285857306,0.13028561134933547
-0.09515148697687247,-0.02147349417088184,-0.005253571976667249,0.11788515242205302
-0.05802300102760022,-0.009584397990050451,-0.0033870173184369946,0.0822384602899324
-0.01700039948651892,0.008766896709246106,-0.013441613816426508,0.029516451804710228
0.014105835077509229,0.025198784628817146,-0.02814083585052555,-0.029303903306274443
0.026278811109545382,0.031281133248259416,-0.040120759187618676,-0.08158444497613465
0.01806297863817166,0.021766824451122862,-0.043983769102068,-0.11668321104245824
-0.00436616098254871,-0.0030969514065470743,-0.03741703871480116,-0.12891235863360795
-0.029728196413955736,-0.03719631807144511,-0.021185436301423912,-0.11884267442161377
-0.04578265344367388,-0.07043078309926154,0.0017674669066357201,-0.09259284098956985
-0.04361761354902423,-0.09227591963215895,0.027601601722844482,-0.05944813752906969
-0.02063540801689115,-0.09574778874509239,0.052701180517187945,-0.028714598241331886
0.018696736267158256,-0.08024705862080463,0.0742775354230403,-0.006929412218245952
0.0644654513181659,-0.05211089822458004,0.09040353793120336,0.0036515263516316843
0.10463941645223546,-0.022531657190815034,0.09970664116600841,0.004893614285989764
0.12892290017918476,-0.003506531480586758,0.1010749104923391,0.0011979954874181062
0.13185396910738675,-0.0032746286944405666,0.09366187101658699,-0.0027508015581465053
0.11419971653681793,-0.022959922664068575,0.07725816710251499,-0.003953309530847521
0.08232119743176664,-0.055750249487491535,0.05284511957896559,-0.002016878450570747
0.045860714663455704,-0.08903254088265097,0.022985514980929475,0.0012532353091515777
0.014614271141018736,-0.10880636880150263,-0.008276162664897849,0.0033078801564389096
-0.004361382294743024,-0.1048246292987605,-0.03613781876120645,0.0026372980243795016
-0.008527498727383655,-0.07459660545705767,-0.05623419569759224,4.5721458178061766e-05
-8.618518766621494e-05,-0.024761820358071257,-0.06589729464084114,-0.0011925110395930713
0.015257307306437718,0.030728030276998587,-0.06498564441471505,0.0035747481496090257
0.030446692811383187,0.075037979545235,-0.0559055468562685,0.018440534111083887
0.039368599221350796,0.09397146353698546,-0.0427438270116096,0.04493187353531437
0.038563380768124815,0.08067981634116625,-0.029787680666816634,0.08076648675693057
0.027902910828847806,0.03795399957923018,-0.01997430724419915,0.1199305439180252
0.010171342517103266,-0.022640984152545562,-0.013873039116024336,0.15413416170175276
-0.01015871017324672,-0.08442213339030406,-0.009619498237927963,0.17517417224177256
-0.02844896591205817,-0.13072776760702315,-0.0038588983453913817,0.17738655323601404
-0.04119401438713942,-0.1497912372011625,0.006645464765348242,0.15933660696328306
-0.04673022914563263,-0.1377935494484094,0.023361115928658922,0.12418164340634899
-0.04524595879855374,-0.09926457591370727,0.04495555667716748,0.0786312333669002
-0.038237519442386604,-0.04496496343345776,0.06732812280423867,0.030930303873837127
-0.027718996764348525,0.011784829238733375,0.08474776037087572,-0.011391376739022789
-0.015522086900993697,0.05895018385592246,0.09171622624450128,-0.043237539312089526
-0.0029233297407942407,0.08855023169436121,0.08489335904688414,-0.06263300829390189
0.009337185754406369,0.09766095669463726,0.06438919424536213,-0.07031779131820327
0.020755465870494615,0.08771209123471159,0.033957875661522786,-0.06860643032061961
0.03069965524167433,0.0627540481377356,2.8809069960115258e-05,-0.06010968579824364
0.03820747090226458,0.02762949010267209,-0.03007545343026309,-0.046884190728260146
0.042081034550471984,-0.013182663305793306,-0.05011575533924013,-0.03030359532024025
0.041271371085693453,-0.05575895308765176,-0.056460364657484455,-0.01156145995971112
0.03540579958896637,-0.09621352867427402,-0.04872069913114861,0.007604741837899779
0.025231963457138053,-0.13008914186390969,-0.02941681653273314,0.024494262801809635
0.012762792926620147,-0.15229773367734575,-0.0029389117481771632,0.0357110244663961
0.001003310025283994,-0.1579342232611649,0.025723832505557397,0.038161279147661965
-0.00671277688159207,-0.14378769958957494,0.052023524981307794,0.030435327664426276
-0.007604778001613275,-0.10993270598807069,0.07239606825945791,0.013966734030023124
-0.0002839553567984404,-0.06061522626780591,0.08432037365848546,-0.006644687726354001
0.014714040787873875,-0.003847804534716198,0.0861393658305277,-0.024490390016596007
0.03488202616377376,0.050374419518495764,0.07696155745330735,-0.032283277500325516
0.05621476126585469,0.0927375304914482,0.05684963032012481,-0.024793937288258617
0.07408459020253795,0.1172322816832664,0.027264749394405416,-0.0009494806309574416
0.08428667612324783,0.1227570990323964,-0.008504640132791116,0.03521816668228664
0.08398149342771073,0.11306811715961879,-0.04531369128352769,0.07524135968454113
0.07230487032760807,0.0950713859989985,-0.07682672988173635,0.10842225915854327
0.0505212243698656,0.0761081807718893,-0.0968989516567976,0.12494158070976676
0.021724917412286236,0.061294737802907374,-0.10134587738586985,0.11888598515308246
-0.00979494402983222,0.05196294596592807,-0.08950233359358528,0.0901944163518491
-0.03935072701453232,0.045801483626258556,-0.06491998218996169,0.04485823596137811
-0.06263757250208518,0.038591721931032844,-0.03477230645421832,-0.006720228061062972
-0.07637006929265404,0.026757313560896778,-0.007970903848891387,-0.05270091726794581
-0.0787094332742721,0.009585345127214304,0.0075085190647431535,-0.08317179148633289
-0.06947035680744428,-0.00990768303513001,0.007233444034221303,-0.09285940238029877
-0.050122170264692345,-0.02593221014277837,-0.008067296459274438,-0.08237772248762572
-0.023596863661581435,-0.03238738975083365,-0.03251746555858667,-0.057704415579910635
0.006095478561874444,-0.025825046362690108,-0.056839851341619715,-0.028144804993803507
0.034441119844573626,-0.007618573761367743,-0.07132011661292176,-0.0034945324266100405
0.05715149718435157,0.015718412132066893,-0.06901392238596243,0.00869919831888867
0.07094971855472532,0.034413240871289864,-0.048100301462837496,0.004991695114599383
0.07425179104566343,0.038963238576281485,-0.012556074833582013,-0.013425812643577568
0.06754487316635265,0.02402454268946065,0.02909692375588507,-0.041503586615717375
0.05329471228340302,-0.008886863525816364,0.06654495446025682,-0.07202782025374552
0.035320891712107845,-0.051078864854893234,0.09098328982819731,-0.09763283168429121
0.017741079677829327,-0.08909417160535327,0.09783026025926303,-0.11254374479504331
0.0037528770144168444,-0.10914538994385725,0.08794714914104489,-0.11364994577166157
-0.005371977549605739,-0.10203737862851642,0.06700615772529937,-0.10077730708885423
-0.010716773665384888,-0.06675567915586605,0.043312817566729646,-0.07627034101676802
-0.015354536186070803,-0.01130131954661771,0.02492053500612868,-0.044141167232896704
-0.023221521761299813,0.04968481191671041,0.01708071473197781,-0.009071007180624688
-0.03754068433219078,0.09978621087737564,0.02088705946662438,0.024508276337439145
-0.0593105086156938,0.1264873548005807,0.03348212773397832,0.05311571261666448
-0.08641804218463595,0.12562384850107844,0.04959671619256804,0.07464394271307168
-0.11377977046565949,0.10295015110428682,0.06372050072068382,0.08848128665532931
-0.13459253046789907,0.07217358023024201,0.07203019273175118,0.09532935283081984
-0.14238758474862662,0.05007097359780804,0.07337934079850875,0.0967382273385081
-0.1332592526144608,0.05037257298135469,0.06909171278239717,0.09443703588291463
-0.10750940986480212,0.07857205215530307,0.06180812897181106,0.0896179362920423
-0.07007671915460682,0.1295233352285315,0.05400471402277088,0.08240014731670628
-0.029482389564964996,0.18871768385279492,0.04688439316396952,0.07170673269508365
0.004487266141788793,0.236846304702613,0.04012135757510911,0.05569419099231501
0.02369118988595143,0.2561073534253261,0.032516854824703,0.03268837063663692
0.024217009607171776,0.2361191066852213,0.023191889334511117,0.002355925621523862
0.007769426972534417,0.177457217170603,0.012687202750685753,-0.03332950741532669
-0.018652262836384135,0.09167335336100216,0.0033737483946519944,-0.06979186974293888
-0.04475804500536201,-0.0021371810073821246,-0.0011162570942668086,-0.1005263792649479
-0.06006550639963746,-0.08300495897307726,0.0027210085302117257,-0.11871147901964343
-0.057128248968303534,-0.13409325586151494,0.016605130407789603,-0.1193432700629661
-0.033867847776228886,-0.14713317601613546,0.039272238871167854,-0.10118675418218473
0.005736155485907814,-0.12401193969031457,0.06631541957936948,-0.06777976801992366
0.05281116144847569,-0.07525699005756667,0.09124877075123804,-0.026960488390438117
0.09622098654707616,-0.016181715357908896,0.10748083650622253,0.01113169937866701
0.12580209824297445,0.03786683229724507,0.11049126108312096,0.037065125711121305
0.13517583353690507,0.07559435755221958,0.09938553370219093,0.045174289644271476
0.12328153061185587,0.09203224537012067,0.07721400672371209,0.035576339614623864
0.09423087180358754,0.08860110721451706,0.04990554834822917,0.014321892682940124
0.05565276003984976,0.07135113447500827,0.024200659634566357,-0.008536906587491094
0.01617920634584498,0.048294380317198765,0.005359259070256556,-0.022431053451854116
-0.017047370839305843,0.02686294530577383,-0.004494260114073372,-0.020165612387897595
-0.04005323034484012,0.012252700916795284,-0.006779479451664877,-0.0008295165453373193
-0.05246199969985599,0.006910990794831408,-0.005506946995872064,0.02940736087115607
-0.05671334227209866,0.010933157033750161,-0.005385735516228122,0.05904754514226072
-0.056528718683866115,0.02284757283461297,-0.009776957260533299,0.07510413245361101
-0.05528902827116208,0.04027974554019216,-0.019321883937361367,0.06776848897810496
-0.05492713975625431,0.06024110952364595,-0.03178003254547453,0.0342758883742866
-0.0556539548393843,0.0791305392471429,-0.04310374419167118,-0.01946332622058932
-0.05646019968128243,0.09278204340028429,-0.04926100384657272,-0.08016917351995918
-0.05602609726897209,0.09691395078790835,-0.04801019133315844,-0.1311186694895568
-0.05354905131621396,0.0881204804100384,-0.03985737906490326,-0.157434250359798
-0.04910236010859616,0.06520090979145185,-0.027779001205835988,-0.15095110941887618
-0.043406099708326575,0.030318322252086062,-0.01582522814894483,-0.11298109913432974
-0.037196736750659584,-0.010618109606590575,-0.00721032831974119,-0.053994827254565246
-0.030584753592237043,-0.048769731879704625,-0.002737756704336323,0.009691873604740414
-0.022797964387238308,-0.07438941316838293,-0.0002920224410547616,0.061095861942471574
-0.012518388813571889,-0.07955991423054223,0.004304428305226531,0.08783086982856633
0.0012818237176589857,-0.060798290863740716,0.01535049903372554,0.0856677871302081
0.01837641518052354,-0.020604032323843006,0.03501032598527188,0.05922865519580572
0.03668334021163651,0.0326937995583922,0.061698533724813466,0.01968904827479122
0.05241202403706817,0.08689141393794406,0.0898630272060402,-0.01957158914323176
0.061050141050732004,0.12915004806364622,0.11139827205803203,-0.04772990313929003
0.0589102122636724,0.14953978013272812,0.11827602732565687,-0.059961250087728846
0.044670005358763684,0.14377350870456562,0.10546751207472407,-0.05838956846713716
0.020270358418347224,0.11427018290140477,0.07306107333402372,-0.0503422697561332
-0.009272594471563783,0.06923726245116944,0.02673164906253657,-0.04472905987829209
-0.03718806037780119,0.020113355038299564,-0.023693607393557956,-0.04804618679277553
-0.057003625526519545,-0.02176900005046057,-0.06712586375216315,-0.06159850995572597
-0.06461181954757803,-0.04823200659568322,-0.09456504854321665,-0.08100679292115316
-0.0595805581848876,-0.05610656032893378,-0.1017337583454368,-0.09813893704385682
-0.045190691299341515,-0.04744140140701504,-0.09007921178094884,-0.10463688096394382
-0.027154313032627546,-0.028188415082286464,-0.0658322006238948,-0.09558233764004326
-0.011476817820731178,-0.005961644071192346,-0.03752852284813828,-0.0717969444151979
-0.0022713726625733927,0.012309802375069373,-0.012952469436947077,-0.039820830256086945
-0.00037137929198630126,0.022099480323528306,0.003357182208414397,-0.009540768635125717
-0.0032880598166007205,0.021963460003007557,0.011155177071408628,0.009619537536068784
-0.006534005408306898,0.013193821971354137,0.013796883729835946,0.012448616349174102
-0.005782703777108905,-0.001197679023491896,0.01619526762074836,0.00013811892505768975
0.0010204940890227027,-0.017659007824235677,0.02233149803826303,-0.019992376800189015
0.012488792850963736,-0.03300622446157438,0.03336463116549082,-0.03719237284140524
0.024104336703282492,-0.044856745912853616,0.04710667868974534,-0.0414092700923386
0.029959264943479974,-0.05164757445163657,0.05904742605548778,-0.027286972160790304
0.02528430600551889,-0.05247419763527621,0.06446600991018625,0.003502364727234534
0.008760825825705976,-0.04700391504670677,0.060714996336513005,0.04251380018311598
-0.016360792311246326,-0.03558897635311327,0.04868864677825285,0.07731984551453172
-0.042892317254801506,-0.019510893871887446,0.03281896034709471,0.09582538419111525
-0.06197889579803624,-0.00113668679903723,0.019546310616265872,0.09052058228277539
-0.0662440469873167,0.016254694100735677,0.014842307058714595,0.061108822639239925
-0.05265296041903315,0.029091840268986185,0.021765772506401947,0.014559825062797412
-0.0239807445316274,0.03447291645693273,0.03904407451065754,-0.03739537600800019
0.011753266117831042,0.031158113785184804,0.061283741020596784,-0.08236046617624372
0.043784188430074845,0.020188578864965653,0.08077855937951833,-0.11141984009527085
0.06220201170784053,0.004811494997817856,0.09025195625876882,-0.12180967154231123
0.061381111009081064,-0.010368867561085106,0.08549453755333772,-0.11718167433401297
0.041989630308508524,-0.020789404866694262,0.06688783988181872,-0.10546218540229653
0.010820378599464393,-0.023408656616693377,0.039231649136577305,-0.09522483974723721
-0.02153200960020049,-0.017731155742176794,0.009947865291832406,-0.09204134595058525
-0.04433658302440679,-0.005978652273322248,-0.013638887098081698,-0.09624765913611673
-0.05042791780893795,0.007681102038828821,-0.026891565839442813,-0.10298071077397739
-0.0386212616715656,0.018581294854647844,-0.029330643550009243,-0.10443524606794352
-0.01398839820302019,0.023150135040841097,-0.024441617246227808,-0.09341438083803422
0.014075397637483528,0.020063918978389952,-0.01793744502598247,-0.0667391659287061
0.03525976453312928,0.010541578758724343,-0.015202181565059862,-0.027135013230230376
0.04196523581206322,-0.002301486199985464,-0.01896027379599661,0.017197629714008275
0.031836391179396864,-0.014756139017005603,-0.02811829914524868,0.05522411846887149
0.008324393842764843,-0.023944707147795195,-0.038251543244877936,0.07696495157462943
-0.020850368189432283,-0.028801774786564007,-0.04354454162380063,0.07717801414478803
-0.04668678061616791,-0.03024015944528824,-0.03940490618639915,0.05743785744452397
-0.06217943648464271,-0.03047547297657993,-0.024687038964972055,0.02580333133232366
-0.06465702875088719,-0.03183134586996153,-0.0025998121181321464,-0.005844264697694397
-0.05635834751658266,-0.0355568185326856,0.02012173708513822,-0.025851402649440167
-0.04312275339864377,-0.041171612358767866,0.0355223682990567,-0.026782250806778263
-0.03179674971796515,-0.04662204240242486,0.037365279093071926,-0.007927391105472338
-0.02742741999644779,-0.04917906967880922,0.02359222986005357,0.024544283339108415
-0.0313527014830365,-0.046688871054285985,-0.002646960476810227,0.0598119295409487
-0.0409038436345676,-0.03863126236757139,-0.033822610837548346,0.08618348736152394
-0.05077196256967565,-0.02651856894173665,-0.060447072548325584,0.09507690712921871
-0.055424967388604994,-0.013445374805799073,-0.07423213397721175,0.08381596435769498
-0.05155558602069455,-0.002961109761185774,-0.07085089015854834,0.05631625144797129
-0.03955098665342624,0.002270650802028991,-0.05132208262207536,0.021508642234435646
-0.02338841048104135,0.0014651731021734192,-0.021545584318572494,-0.009858903097883981
-0.009008506645808188,-0.00405776100711646,0.009805996468206873,-0.028868679388152636
-0.0018377011852872618,-0.011512397698442367,0.034247740434945856,-0.03126361187117041
-0.004475878564980999,-0.017877971018840526,0.046221831333435034,-0.018548725780887405
-0.015500274210679427,-0.021192656148361286,0.04466380930470929,0.0028976603814893018
-0.029889146535712917,-0.02134710676095594,0.03290930643922453,0.024265810446639453
-0.04091931650306843,-0.020023165427597335,0.017080537825937492,0.0373751732292351
-0.04279905610146272,-0.01979131647148458,0.0036380445249668374,0.03728376623605936
-0.032997464737323165,-0.02275338594210458,-0.0029510645021866844,0.023621309588422817
-0.013342367025754413,-0.02933446225622957,-0.0015796305682712689,0.00032806828816481226
0.010562845952586459,-0.03779101372791118,0.005531297266467228,-0.025951539430245342
0.03139556887430318,-0.04471676331862448,0.014138407085835213,-0.04814929926016878
0.042857561609435,-0.046405749672158825,0.01995254285491818,-0.060911985013914045
0.042047647753168826,-0.040546838494654486,0.020459748935907445,-0.06193598272716399
0.030545492311466554,-0.027540597851138313,0.015870288516927643,-0.052195186397098706
0.013785641327509916,-0.010834781093568141,0.008862459103079867,-0.03517197427900734
-0.0010386280835377668,0.00396119407448961,0.003284840480815107,-0.015511271730602821
-0.007735205737198721,0.01093758261019577,0.0023920321852859937,0.002370696804689265
-0.003476041866041387,0.006063966867182642,0.007356901382654633,0.01528721763399335
0.010142534104194679,-0.011139321531869004,0.016669443377083717,0.021688012221743866
0.027744794481402657,-0.037112234793734544,0.026660657427827666,0.02152486260864281
0.042273446248305056,-0.06519786889202052,0.032932824065895344,0.015804159035798203
0.0477326943493061,-0.08772864098930233,0.03211734346474214,0.006095240604227531
0.04152547645875605,-0.09852507238224391,0.023256817998902418,-0.005820141835918634
0.025492525049682177,-0.09490540975274084,0.008262440812651107,-0.018116821674414862
0.005257791370302314,-0.07847605675415315,-0.00873559040384362,-0.02899878856023181
-0.01187207198345203,-0.05442504617508907,-0.022895123729774314,-0.03680634124356273
-0.01966189286583446,-0.029600379074179402,-0.03044851011151395,-0.04024091209719226
-0.015321634464525682,-0.010105422256281305,-0.030089139006710133,-0.03868352617659433
-0.0006129104944605224,0.0006898654841524313,-0.023438112692214283,-0.03247984791846731
0.018722079270664042,0.0030036100864525156,-0.014424039627259605,-0.02302567995789602
0.0349974699472438,9.8675042751439e-05,-0.007816762753294064,-0.012538586075165808
0.04133972925597777,-0.003375212631779482,-0.007463761185412331,-0.003525114969058961
0.034163328622024224,-0.0034462172323356,-0.014874239090914738,0.0019071211178596503
0.01448248926737068,0.0015506661741742783,-0.02865238180597235,0.0026545002266304824
-0.012392206677745394,0.010419728395759643,-0.044960341222261946,-0.0010896733936192893
-0.03864054175788625,0.019809219902078366,-0.0588186285701566,-0.007973726646804583
-0.05655225194295384,0.02583672754016049,-0.06576512753675642,-0.016008574770669096
-0.061058018353774716,0.025922108302112685,-0.0632929481076463,-0.023265927303713074
-0.051313443242448006,0.02003694203964726,-0.051596971406245085,-0.028473617821650463
-0.030837265917818775,0.010829047998894073,-0.03342571072488038,-0.03126984894573109
-0.006220143825246667,0.0025545403681094675,-0.013152063723077142,-0.03202309305984272
0.0150976735794741,-0.000746301758469993,0.0045732566032454635,-0.03131334818204751
0.02719784398249178,0.00293356831119029,0.01612104208050434,-0.02932343179408668
0.02742224293339849,0.01253411362187027,0.019740337564351285,-0.02543884262138269
0.01695838253709944,0.024147002249789468,0.015772970304758493,-0.018276145608410798
0.00016821792319448095,0.032448877339819965,0.006263025779651911,-0.0061812900128224435
-0.017027398761146895,0.032808529061191416,-0.005814133284333105,0.011967656512910915
-0.02911968735015146,0.02323435824644634,-0.017401302833764273,0.03596836178954385
-0.03269020821839313,0.0053670664380394695,-0.02602865687712412,0.06385500342254218
-0.0273030330789341,-0.01591741048152967,-0.030170553020552777,0.09204299116127893
-0.015411400625382071,-0.034187373038731816,-0.029302278493439103,0.1160781446691857
-0.0014012962828512318,-0.043799060809397786,-0.023769132253598363,0.13178131163675472
0.009861164411441591,-0.04201057748767337,-0.01460168623573875,0.1364201483911595
0.01450929861229672,-0.030043334010155694,-0.0033599153723803815,0.12951360500191555
0.010761861888164623,-0.012662628902993148,0.00799551294029062,0.11299308184491366
-0.0006447221524208541,0.003585119747562482,0.01727235282433398,0.09066317191514703
-0.016731951077968987,0.012822975012147783,0.02233221408137176,0.06714242781657578
-0.03312948907437653,0.012057683470410214,0.02151132485243787,0.04663324306689067
-0.04524256657681729,0.002318331674230529,0.014100463788346299,0.03191054460215348
-0.04943310460109866,-0.01171368029080505,0.000723768114833219,0.023822431167139085
-0.043935783169466315,-0.02344632867262851,-0.016568258490596163,0.021404547025493492
-0.02930589111237865,-0.02683795582596042,-0.03461587997118836,0.02249906517597071
-0.008301839878070483,-0.0186604734786045,-0.049868844662293146,0.024616103284118146
0.014774950576579297,0.00026902769176143787,-0.05933947798445985,0.025730053305933254
0.03514110929011119,0.0253278218659959,-0.06150243076079745,0.024770760840536823
0.048751031015292066,0.04968735347607736,-0.056826118640656516,0.02171173036072728
0.053373592069819946,0.06666638497364966,-0.047709738906790346,0.01731212456124167
0.04923015748844508,0.0719734372467496,-0.03778356654212314,0.012676442255314758
0.038984415978648046,0.06504475073348054,-0.030749235852238162,0.00882190293562346
0.027034854325592234,0.04904344174445174,-0.029113154550422373,0.006392389654521859
0.01826077413849305,0.02958820537917404,-0.03323276808884707,0.005564393999469515
0.016554925603625245,0.012732082935684102,-0.04102075258004517,0.006102669175640479
0.023575589215258798,0.002947946558591291,-0.048453972784839525,0.007479382288934017
0.03812121454113793,0.0018220914941180777,-0.05077422041354638,0.008982572721869388
0.056364004180051545,0.007849717440360393,-0.044032208182963564,0.00979062277786582
0.07291689001049546,0.017298322147008754,-0.026495405660517085,0.00904380513756177
0.08243335733533513,0.025726098171234085,0.0005387781772024508,0.0059670273076544295
0.08124755501059677,0.029550485207908987,0.032812738389501016,7.359636915436549e-05
0.06852761713065443,0.027112905433179797,0.06408187926785033,-0.008580703478852113
0.04656057413606497,0.018936963799038906,0.08773076889447419,-0.0191875684561297
0.020070189910779104,0.007212422858100581,0.09856654478331073,-0.030142534677617763
-0.0052062074719228905,-0.005182630666925852,0.09425993858435044,-0.039258091927198153
-0.024205007596157582,-0.015687244708842314,0.07600253171957938,-0.044235685957582996
-0.03392638805008259,-0.022722310740665393,0.048179541924849176,-0.04328734517105286
-0.03408083953833211,-0.02584898059949303,0.017150005034862897,-0.03571215947163779
-0.026819166241256506,-0.025492822143762243,-0.01050846680555393,-0.02221650493804843
-0.015703393795993517,-0.022471906328914135,-0.029775301519300898,-0.004836411159044873
-0.004339798919860877,-0.017597956638125613,-0.03846460052980291,0.013544277509515514
0.004806034748002508,-0.011518674374168418,-0.03763797777877094,0.029936243911244012
0.010993237939085798,-0.004800306283185021,-0.031046147009075847,0.04200059950711845
0.015027342650704094,0.0018963146940932027,-0.02378372267620533,0.04856090609248892
0.018467934341252434,0.007741430188377647,-0.0205761640837449,0.04970533267335528
0.022608601009087806,0.011887627746442503,-0.02422573518693865,0.04647267230287147
0.027687943678140696,0.013819240358393789,-0.03469235368013028,0.04027956595380945
0.03267121768885807,0.013722626214346091,-0.049090186124402926,0.03234507103309063
0.03568380007113797,0.012636031252981211,-0.06259998402535864,0.023359011877376067
0.03488964683459235,0.012204042387345765,-0.07001501260507104,0.013523809994280725
0.029411783087450766,0.0140392408460729,-0.06744099300207941,0.002923669555642869
0.0198708569051273,0.018904948188664464,-0.053619235756978634,-0.007984182763206837
0.008281671839428878,0.026075039504684955,-0.03045478606842275,-0.0180322261174162
-0.002672136437425525,0.03321886883425382,-0.002575323810168298,-0.025381274296130074
-0.010687574965097835,0.03698303296274855,0.02395239554236265,-0.02799484139596601
-0.014763565780162868,0.03415558539856871,0.04335729655535158,-0.024404500021310026
-0.015580279755663968,0.023018489646825357,0.05181494276696876,-0.014462862458391651
-0.015144184491692279,0.004347165839156078,0.04850423348850043,0.00025760495559657565
-0.015821472956826593,-0.018416421930698562,0.03574659017974991,0.01665293518368969
-0.019158832348381585,-0.04001200512847031,0.01819587908053357,0.03087503866322315
-0.02500723717191896,-0.05503044086915074,0.0013494954919791302,0.039482129200051064
-0.03136385965196213,-0.05984639937597484,-0.010134849571821095,0.04054481129808435
-0.035061442392637865,-0.05408799676071428,-0.013777106751344012,0.03428333852482669
-0.03307566194228481,-0.04102512168365839,-0.00985101885730175,0.0229669572963185
-0.023937351231446455,-0.026623446736468506,-0.0010416576218453266,0.010081451997823204
-0.00865177633588717,-0.017508192220766782,0.008663450846907728,-0.0009397347894131713
0.009311775624681877,-0.01852295968374084,0.015444711022231904,-0.007939873024258463
0.025043159702912876,-0.03077619069506348,0.01696730127957189,-0.010737590570919407
0.033899426389253,-0.050944330774644116,0.013098806131344821,-0.011013312354890559
0.03326724464726275,-0.07217443174791713,0.005804904367340852,-0.011416925275083492
0.02368393527942237,-0.08634753850912598,-0.001703363538107669,-0.014250487346646669
0.008832204767292691,-0.08694318995127898,-0.006233789669750203,-0.02026959059689261
-0.0056605357685160715,-0.07148641679764076,-0.0058150044476921875,-0.02812216113740298
-0.01422313717652103,-0.0426707058301058,-0.0004002698308809699,-0.03470368877177116
-0.013416265811044496,-0.007704271990535944,0.008167298368007544,-0.03634054829666344
-0.0032957578187944245,0.023937862620962987,0.0168889568750032,-0.030361889016178277
0.012480732174177379,0.04359068138486649,0.022746302703165164,-0.01642965866077164
0.027887209149113964,0.04622810150495452,0.02379973582589348,0.0029481695185511123
0.03667934151519753,0.03204744900344414,0.019837187035234315,0.02300352311329687
0.03467971304252135,0.006259107030820277,0.0123438854624905,0.03825136985209537
0.021350193671993863,-0.022820564199217207,0.003831071123888221,0.04445537574215973
5.8437443918854526e-05,-0.04666487406702123,-0.0031908908765371745,0.04027848611534817
-0.02307059223626906,-0.059367858548508325,-0.0071772895154565974,0.027957767463428748
-0.04129757632449649,-0.05940426171908875,-0.0080678237545396,0.01268274020511223
-0.04961308465369179,-0.049728910492639514,-0.007161138304583498,0.0008380625004401343
-0.046417583820092596,-0.036252561060875266,-0.006410848954724199,-0.0022868361509304214
-0.03392779523912541,-0.025329639925469938,-0.007445992483801754,0.005510481364123437
-0.017185856557520203,-0.021239333388243513,-0.010734373553857946,0.02240429705733454
-0.0020759669420003166,-0.02461013301878188,-0.015253559978779856,0.04303434773392138
0.00687939677572879,-0.032349460391530666,-0.018830546130906203,0.06029472776047806
0.008104865321898372,-0.03904994681100655,-0.019036742751298536,0.0677947650764858
0.0033565198968091934,-0.03928145102340206,-0.014288959911768644,0.0621091669806389
-0.003201702171239669,-0.029856516619190747,-0.004705345405674393,0.04400193227517275
-0.006828831515526726,-0.01119309592006832,0.007657609212746847,0.018181128411410008
-0.00420264709181559,0.012731414727325335,0.019330342911336534,-0.008318488240894699
0.0052070095839159974,0.0357875323625059,0.026564099597480885,-0.02852418064736279
0.0189111822147309,0.05189631124649399,0.026671584695680595,-0.037807491698276255
0.032381588642728325,0.05717493591972894,0.019072410998773562,-0.03523709454844284
0.04082119570967971,0.05122232610787267,0.005632677457269121,-0.023543800646217028
0.04100801366211622,0.0370968339442531,-0.00985927763624643,-0.007772581825624458
0.03248425170306063,0.02005165974326484,-0.022918372100042973,0.006807235970720929
0.017642321697515437,0.005561749131458939,-0.02986024671698883,0.016694159073609924
0.0007110409879597032,-0.002580802475999136,-0.02903165868328359,0.021271578553397043
-0.01391460856690055,-0.0033930697863373063,-0.021326284225859096,0.022637942887081014
-0.023305554816946825,0.0013214069599803424,-0.00979898465290735,0.02426304743047977
-0.026933802987911835,0.008048257286308178,0.0014760594931500157,0.029060134759725898
-0.026555949595138774,0.013189052326661305,0.008879244454156707,0.037703669896062234
-0.025134787414163758,0.014550653322762574,0.01050791683259869,0.04793006818538446
-0.02529004446040488,0.01210575590041248,0.006768594430400621,0.055167331933675706
-0.027962571203434445,0.007763688832793988,9.689106014740267e-05,0.05430113932071261
-0.03188252889259026,0.0043117530228169755,-0.006067151224451339,0.041910219365998966
-0.03409013034830634,0.004025113469220208,-0.008643248670813383,0.018081068153066898
-0.03130796471927248,0.007562510924093248,-0.0060896810340299035,-0.012966419507137285
-0.021592325720548054,0.0136236526651234,0.00104646318468999,-0.043784982221596463
-0.005551968543635832,0.019507395917807552,0.010401171494004893,-0.0659079176339646
0.013422797178931193,0.02232150379637199,0.018761455328742425,-0.07262610043753723
0.030088133068914363,0.020316789832642637,0.023337475683596662,-0.061359233956897546
0.03912921117383823,0.013764637845319061,0.02283676151438259,-0.03475996989637688
0.03713353271222063,0.00498715423058585,0.017924437866578477,-0.00012026314279633618
0.023987018235790136,-0.0024969839696310538,0.01089978706368416,0.032759202146597416
0.0031241458689459656,-0.005377457232242868,0.004728682820410949,0.05453896566556115
-0.019507768382102414,-0.0019398930951862597,0.0018225191789063636,0.05916433712453111
-0.03741780214862707,0.007134660442076862,0.0030500925486783986,0.04561744221297987
-0.04575883982436417,0.018898817974581705,0.007373708136982432,0.018054072120577053
-0.04292721234651698,0.029167082850402287,0.01225343760446252,-0.015659875758661748
-0.030987169484190336,0.03405385926972576,0.014661621166454811,-0.04646515868978236
-0.014776476913956135,0.03142648431288196,0.012311302470764847,-0.06681195540351828
-4.6414349129601795e-05,0.021709344375791216,0.004619440759592069,-0.07267595180475786
0.008652266787464453,0.0077288334112854944,-0.006970714574497151,-0.06430815481352312
0.009543241825857675,-0.006336638004568837,-0.019435563838238048,-0.04560819401649084
0.0040860048883123515,-0.01649121914219563,-0.02921750657469414,-0.022478295674466547
-0.003810966122389639,-0.020348620590858513,-0.033475672130479965,-0.0008153954395063723
-0.009481310281127711,-0.01791113437039875,-0.031071196201498577,0.015160099688764764
-0.009415358409987529,-0.011421505889698036,-0.022923999119848888,0.023748423049824205
-0.0026507236349965976,-0.004373023904122676,-0.01162162106513203,0.02565297871049327
0.008885023106821946,-8.623146339603593e-05,-0.000445243030694889,0.023123987434745658
0.02118297186465493,-0.0004167844450398868,0.007806395357132193,0.01881119314106726
0.029766432797270717,-0.005091213659519436,0.011749213527451785,0.014797734075972603
0.03145960673985031,-0.011907997994711615,0.011763024263409833,0.012126480989070099
0.025618627589547964,-0.017697073866491206,0.009652560168291212,0.010872026324957249
0.01435974616038107,-0.019638682716352246,0.007782863632444376,0.010573858281802885
0.001721395151438078,-0.016414843881495153,0.008049103334849081,0.01072635678882114
-0.007888240111397368,-0.008748273736177523,0.011093370320350553,0.011057116095806105
-0.011340814859720594,0.0008646034014543891,0.016071604986707386,0.011483815001642014
-0.007899755084439842,0.009101983472473749,0.021048734702627855,0.011836474335623452
0.0006107335580052848,0.013063998346057253,0.023849431930959668,0.011569583603936305
0.010606126956020225,0.011336821067855642,0.02301372869004386,0.00970192693834987
0.018163422369534513,0.004481418566377619,0.018469018203393778,0.005105501130975895
0.020492058503256486,-0.005208969622132409,0.011644951597268915,-0.0029256009796340306
0.016889813126302722,-0.014555059319408814,0.004978334623732747,-0.014068724007958937
0.00884751178686162,-0.020595606286488044,0.0009944400601431813,-0.02664107377417055
-0.0006849249027424814,-0.021531318415849363,0.0013167266105694048,-0.03778077788996779
-0.0085320286137259,-0.01718332924417068,0.00598637849966939,-0.04418119081232055
-0.012510811248059417,-0.008851251576897468,0.013357107863060783,-0.043178204454425245
-0.012155664664628335,0.0013074146901276423,0.020615411181730055,-0.03380851625335764
-0.008698560975462913,0.011087119299492243,0.02474445472536243,-0.01741747016561565
-0.004367841918009742,0.01890666868297161,0.023587700966121353,0.0024739589358133696
-0.0013412139711993336,0.024114592227186246,0.016634498177868995,0.021073954108600634
-0.0008097378908802477,0.02687781614522057,0.0052530840161777725,0.033735941530512945
-0.002537027466614633,0.027784631476045887,-0.007704979851178156,0.037416243028631876
-0.005069973073424036,0.02739748682357426,-0.018785930923744212,0.031662271014278466
-0.0064749043479491175,0.025980439232560604,-0.024996962327008126,0.018769406629024328
-0.005255829949840779,0.02351341828084237,-0.0246996316132842,0.0030331688257160885
-0.0010476620728603059,0.019948265494403594,-0.018056194591015998,-0.010654996303488644
0.005211324222240465,0.015534580744815063,-0.006914765087882925,-0.018385299665341505
0.011689534106909365,0.011005315270997781,0.0057917327584368836,-0.01843801235793155
0.016462165844861508,0.007479610327054777,0.01690992258352618,-0.011717600867138418
0.01834316235388274,0.006081863813843839,0.02391046197756315,-0.0012894894887131025
0.017382247250601557,0.007425739731592537,0.025468002077371377,0.008783397952348317
0.014810131768475066,0.011199549332002234,0.02164465552924047,0.014867458196676814
0.012457129313939719,0.016071538415755468,0.01368421155993664,0.014938597171667123
0.01190045326117134,0.020012849662898485,0.0035394062896624973,0.009120526514052069
0.01371507091351723,0.02096092784050909,-0.006689326305726981,-0.0005612755190528701
0.01716128791750958,0.017591095254076546,-0.015236452402862461,-0.011061238798053166
0.0204569396821562,0.009897120735196496,-0.02096961919488949,-0.01946290993327135
0.0215316001711297,-0.0006643894651267718,-0.023477623129516997,-0.02395798979430372
0.01895055726636882,-0.011553345907469828,-0.022987764679414796,-0.024315261074444636
0.012616432610538388,-0.019936712692559123,-0.020184445481712388,-0.021717645537530337
0.003940989450518146,-0.023615086658285097,-0.01599796367168243,-0.01809381580994919
-0.004605129535380524,-0.0217513279445552,-0.011407963265595556,-0.015252139908013648
-0.010399880560471225,-0.015137054032492934,-0.007279181519969273,-0.014173832446519142
-0.011677081186061262,-0.00590453846796388,-0.004232772120618407,-0.014728823512900332
-0.008228151647848313,0.003202355608658121,-0.0025581334692882686,-0.01588808504306581
-0.0015106068651322621,0.009725017131383788,-0.0021800538989206857,-0.01630112782741196
0.0058886357787208965,0.012229908375933657,-0.0027007868841498837,-0.014969398983478044
0.011228809058109787,0.010640347526622615,-0.0035260603586951588,-0.011726116989493784
0.012647587272265531,0.0060755429505529035,-0.00405736720047379,-0.007331393015625527
0.009845807582628263,0.00030219778405279896,-0.003900661144570475,-0.003161433212067334
0.004160193161978534,-0.004958284651320061,-0.0030207138812902937,-0.0006391521281228218
-0.001995751390096223,-0.008590739731764191,-0.0017756284501201196,-0.0006522950082817336
-0.0060925541836852615,-0.010318064164184626,-0.0008015970973415665,-0.0031979101218569256
-0.0064625173560193955,-0.010559410603424094,-0.0007738153131088832,-0.007387607539323972
-0.002911197981563432,-0.010029505169267539,-0.0021238938230858373,-0.011794525598076883
0.0032657490218612195,-0.009292550746300435,-0.004822776766360767,-0.014985845161710074
0.00984578882530904,-0.00848360122580414,-0.008324935592880986,-0.016019330572744128
0.014576940318116134,-0.007315553704487127,-0.011714824939043467,-0.014711548773989266
0.016037464191815638,-0.005346614080963642,-0.01401870595846523,-0.011591688966488184
0.01411395455866274,-0.002356755827385964,-0.014574182254949206,-0.0075898138645599245
0.0099215996129958,0.0013710382832512816,-0.013316165431263086,-0.0036140976735885774
0.005225926568585674,0.005024867566685964,-0.010858516611692265,-0.00020553477893485786
0.0016305464927036037,0.007532642692569362,-0.008321221871215659,0.0025895334644143522
-0.00011400101733201329,0.008021717218837716,-0.006948763563169827,0.005094024455012204
-0.00038499627361546045,0.006265406802317897,-0.007649649163542334,0.00770126098574497
-0.00043383093560465415,0.0029018293001228275,-0.010625719323412885,0.01055592003188709
-0.0017206835669820383,-0.0007022783185289634,-0.015235286446025342,0.013371017734891813
-0.005132800040690118,-0.0029201874708138856,-0.02015310824040776,0.015470661659581664
-0.010434864591879103,-0.0024948082403587063,-0.02378197619316713,0.016043676282911753
-0.016205724153557546,0.0009245535662831261,-0.02477618391806974,0.014497304438635623
-0.02031286449322675,0.006569478676211729,-0.022492911631950455,0.010754706135821735
-0.02074837645735403,0.012772369719457999,-0.01721137055470086,0.005363652151661961
-0.016491932583490305,0.017553465824135084,-0.010043058367781153,-0.0006350503627899073
-0.008043460067132649,0.01935523219186866,-0.0025682708312737904,-0.0060285631588265845
0.0026085442843590094,0.017635730854600393,0.003668225656510961,-0.009812794913248327
0.012596554601395346,0.013080659470544466,0.007622446484861028,-0.011481432753091048
0.019145404875614603,0.007341911206065518,0.009018032137814266,-0.011114883348861439
0.020543090834578982,0.0023999865920679084,0.008334131709639848,-0.009248700874557744
0.01674378423899189,-0.00019883589389396022,0.006539212442176229,-0.006594478486104373
0.009374590709086163,7.411944259262497e-05,0.004686806947113278,-0.003744276814750022
0.0011446319578808858,0.0025608533095393873,0.003531894266933122,-0.0009880030564761062
-0.005119175840310804,0.005730117865823919,0.003306753633543949,0.001685933861946029
-0.007448652377897685,0.0078450973645538,0.0037235842181913004,0.004425164312390893
-0.005366157898628203,0.00771116134351349,0.004178606502718313,0.007279487452346606
4.5528457342264295e-05,0.005194602353866859,0.004056290092883601,0.010026662832666428
0.006634474865933243,0.0012950207681541037,0.0030019325056999738,0.012156965955313806
0.012021705796475796,-0.0022638173418394886,0.001055409369812771,0.013038970169162892
0.014463312640776174,-0.003761046722675819,-0.0013948481460278883,0.012199442408174315
0.013413032791329688,-0.0022261507575234984,-0.0038004132879292836,0.009588884811616932
0.009598531219696116,0.0021041031895939755,-0.005689715398667939,0.005700370979368444
0.004621324058389151,0.007815952177337465,-0.006845765127197201,0.0014669610735387334
0.0002709652040557148,0.012836330640181186,-0.007351176259141029,-0.0020414078847984796
-0.0021609148038632536,0.015238591812974024,-0.007490852971334158,-0.004008458207526162
-0.002304008215576192,0.014015665297330542,-0.0075676492758128405,-0.004189063879436274
-0.0007317214393727234,0.009507431444031815,-0.007723747045469215,-0.0030138831567999135
0.001386275147524138,0.003303483072152391,-0.007854794407654228,-0.001424209288240285
0.0028261730070093527,-0.0023492739061402174,-0.007658635662960468,-0.0004920503385617975
0.002809600563692123,-0.005406008220705236,-0.006796686953103197,-0.0009743137907838595
0.0012627926902703743,-0.004813144865401249,-0.00509249303953062,-0.0029846471584893813
-0.0012450512876215104,-0.0009152296683859196,-0.002672746440027029,-0.005924722835614946
-0.003823333014319842,0.004682824471372105,2.022934683663935e-05,-0.008713334801898287
-0.005676399590442669,0.009745385264295994,0.002359173265826929,-0.010228117684169868
-0.00642395366497666,0.012280426694631284,0.00375622724504502,-0.009782450841817544
-0.006193729750611736,0.01131489064108868,0.003887853059357689,-0.007439061100635136
-0.0054672558998130494,0.007267297743706012,0.0028239402151842355,-0.004023154836255469
-0.004773375826756635,0.001773659626542877,0.0010037337353208942,-0.0008185334508744729
-0.004388745488805367,-0.0029614818011068217,-0.0009339161728058459,0.0009384712802406048
-0.004193026598036664,-0.005031262125890182,-0.0023957815366390314,0.0005646641384329798
-0.003746986630865645,-0.003569783075848862,-0.0030517183866654793,-0.0017737142872260928
-0.002552355732780509,0.0009154415434488722,-0.0029326574174793514,-0.005103153367486568
-0.000363786704553018,0.006745153128853605,-0.002369191187388777,-0.008017157704776887
0.0026039300340104238,0.011717023414494938,-0.001800802667137745,-0.009239699336436001
0.005683800907977821,0.013941934787426967,-0.001543531390494353,-0.008153274288022882
0.007991078364353185,0.012541486412510322,-0.0016236778064781451,-0.005075195331734707
0.008788821419660281,0.007942848013213391,-0.0017573126931338043,-0.0011624672440442435
0.007823320437850338,0.00167131130582647,-0.0014908394609186512,0.002026706947206025
0.005473978819403553,-0.004260675405144826,-0.00044402657679076113,0.0031471148498095833
0.0026388112218643962,-0.008115996072701168,0.0014538543032668327,0.0016140311736736988
0.00039144676557894414,-0.009046198843828838,0.003848431075070829,-0.0021367576750745444
-0.00045173129578562204,-0.007326724152235564,0.006032519311696571,-0.00678640049593187
0.00032922868303576075,-0.004144501942416681,0.007194483156565373,-0.010621255995076326
0.0022616208465428,-0.0010486373181218395,0.006751566513814526,-0.012185190119673929
0.004375640854258109,0.0006970697487179434,0.004631942162018884,-0.010841784015550198
0.005616039383001266,0.0005947244054481417,0.0013794924528800767,-0.007025486955840932
0.005299111726603576,-0.0009569807959998022,-0.0019802338157998978,-0.0020818439892179505
0.0034204683783899785,-0.002912437487592824,-0.004279979729687272,0.002241835201555867
0.0006783417478656746,-0.004081647549941872,-0.00463702743362282,0.004456675623121645
-0.001804175122007031,-0.003660032318411905,-0.0028033347622478805,0.0038858427310788264
-0.002946334974531204,-0.0015600348795060809,0.0007020959002926458,0.0008971849841559985
-0.0021717035301926646,0.0015864123113102264,0.004741694444009275,-0.0032718512823854545
0.000331351561865853,0.0047393797771219295,0.007944706841309476,-0.007022680968009912
0.0036648682078333356,0.006926847849572322,0.009191930397301557,-0.009032576640095144
0.006574431646057546,0.0076694681712211055,0.008019672200786363,-0.00876711008134276
0.007956015681271494,0.007167311965574352,0.004789436378599209,-0.006667407417224429
0.007305275289064328,0.006170732474969673,0.0005566671456265146,-0.003942991184342069
0.004919877720010818,0.005598442984512415,-0.003314179261312458,-0.0020583225565685426
0.001768079718821619,0.006077625191720455,-0.005644141467885777,-0.002121643189738759
-0.0009224503105272064,0.007615347168493623,-0.005857999142234477,-0.004420948227644161
-0.0021821010040257716,0.009553308829798754,-0.004170252876566229,-0.0082906232476512
-0.0017027368704686796,0.010833869892145492,-0.001472659734461008,-0.012359149708169571
4.650697559119982e-05,0.01046794583537565,0.0010281906340708531,-0.01507719865092036
0.0020428129913203294,0.008003886680809202,0.00228007583668529,-0.015316514807498613
0.0031784947026342464,0.0037906139982177706,0.0017798836454207476,-0.012805543793942428
0.002772981763363991,-0.0010885397604752664,-0.00025463116552002993,-0.008235722738019702
0.000903057203073987,-0.005197149068973237,-0.002995018218215951,-0.0030038599692772776
-0.0015998178154597448,-0.0072936686946534525,-0.00534275648963232,0.001302323327028107
-0.003495331180984884,-0.0068234422829994285,-0.006361273212054538,0.0034726770991621303
-0.003684227411632747,-0.0041502269144197135,-0.0056293751648340915,0.003080772685908534
-0.0017292722309249428,-0.00042653210785049966,-0.0033825743621139796,0.0005825853976550166
0.0018825973303208364,0.0028508307370019095,-0.00039641755442296027,-0.0029125948049185946
0.005865009479829222,0.004424000981965399,0.0023314239940025183,-0.0060922854347027
0.008611658955631839,0.0037619040508867253,0.003967057780033992,-0.00792630959978527
0.008845911688795026,0.0012560642354051575,0.0041402680607175515,-0.008000312178192928
0.006175610394988812,-0.001953872023634876,0.0030457707255950248,-0.006582341385377666
0.001316275703214003,-0.004452631025129418,0.0013178411552006858,-0.004421222931058011
-0.004126025836423071,-0.0051266719757172684,-0.00025745819728250144,-0.0023823548046242315
-0.008243139699818595,-0.0036116432439517315,-0.0010661408605588969,-0.0010836181671101813
-0.009560495499086207,-0.00042969566463618714,-0.0008921889333044298,-0.0006807396601674421
-0.00762812578950766,0.0032356543577011995,4.084405515272782e-05,-0.000877105535527882
-0.0032249242365368636,0.006030954083755424,0.0012173641572036306,-0.0011320914182728712
0.0019162462833888852,0.006986451694090193,0.002091147953029747,-0.0009583970100299696
0.005764276800807357,0.005904522535876457,0.002340219257510454,-0.0001673796885148099
0.006773225609578701,0.0034256780790943298,0.0020026022354233224,0.0010469168492074632
0.004484889249655779,0.0007490799639199991,0.0014364625015418006,0.0022158684482774804
-0.0002899678614220816,-0.000873223230475173,0.0011274550958024765,0.0028381928973145176
-0.005786663564100174,-0.0006573383776550049,0.0014340831949360214,0.0026372467811844047
-0.00997560312336257,0.0013910511272261575,0.0023892884160884656,0.0017101836124506775
-0.011353293247748988,0.004485039340899569,0.003651739190250816,0.0004967518744903327
-0.009522122717820068,0.007387239346812978,0.004634201625320928,-0.0004204425637273218
-0.005329892783307921,0.00892254724223742,0.00475754097693885,-0.0005935112249189772
-0.0005162765385220112,0.00845909556840316,0.0037214123084567327,6.419014008102186e-05
0.0029893538458004854,0.006159403827292022,0.0016716663020597345,0.0012114532062915961
0.0038355527191729494,0.002901392001243598,-0.0008146721376065596,0.00221139264350545
0.0017744178836247987,-9.296265748298671e-05,-0.0029299894072584935,0.0024117399591409502
-0.0022625589272594893,-0.001762754905604888,-0.003946044257798033,0.0014530763888516846
-0.006563247654036472,-0.0016350846771576513,-0.003508124806326056,-0.0005332645126775275
-0.009341401438108236,2.6483996240431185e-06,-0.0017908315094718186,-0.0029331343449488165
-0.009461439620791566,0.0022527138134692537,0.0005530592539741766,-0.004872270256539506
-0.006887746018963711,0.004010926252456171,0.0026355109595971454,-0.005568819597443779
-0.002679883806181089,0.004450044517240639,0.0036738452872600857,-0.004670243895471857
0.0014580489458869018,0.0033764360777537167,0.0032936047769914073,-0.0024292567198215664
0.003883928120519636,0.0013089324737346614,0.0016719050515442702,0.0003639801320721534
0.0036875103441705373,-0.0007525971133126724,-0.0005368269717849188,0.0026760059210842665
0.0010494782176958557,-0.0017695240919958222,-0.0024630454292784328,0.0036369449996141168
-0.0028540626104049255,-0.0011284846814006572,-0.0033665086431221777,0.0028951776327354323
-0.00635676752628944,0.0010717308055074523,-0.002924188324644611,0.0007712990363333283
-0.008003445103575934,0.00403508934152591,-0.0013464459970590967,-0.0018580550509218613
-0.007154859511280608,0.0065826353437009235,0.0007232918449652029,-0.003905845076424337
-0.004245335910043668,0.007637234451300521,0.0024816923566036986,-0.004513228168118045
-0.0005882516544798017,0.0066767729850239176,0.0032977277315324027,-0.0034032792198853273
0.002186990915845951,0.003965230887137565,0.0029670780263065487,-0.0010033731880237373
0.0028297570054577545,0.0004623097158412276,0.0017851080183391745,0.00171781483490549
0.0010035380301961008,-0.002554439865989362,0.0004104452943512228,0.0036365118363357873
-0.0025626711938042668,-0.004001262809135785,-0.00042211349842463664,0.003928683866038729
-0.00637154569661761,-0.003423536451120493,-0.0002186802968169657,0.0024088167690641815
-0.008780803101747676,-0.0011754089916390792,0.0010591128615187462,-0.0003867316878960539
-0.008694080379954845,0.0017304965905039077,0.0029713338614972447,-0.0034082271516905037
-0.00603143262067006,0.004041475049148341,0.004778255525414034,-0.0055104791636369985
-0.0017817932417036851,0.004778805401307679,0.005746030928957907,-0.005911704300495008
0.002387792242814199,0.0036358111834269846,0.00545276829550251,-0.00450713807236194
0.00480784461435535,0.0010965346772012566,0.003968165424440756,-0.0019095452736882339
0.004490066708341067,-0.0017725835890694576,0.0018322454272285404,0.0008003349335504728
0.001537281456867351,-0.003770421417617714,-0.00015824797566953153,0.002512168302173934
-0.0028903842555906417,-0.0040620622794631245,-0.0012679895892384677,0.0025348915848728976
-0.0070412125455840135,-0.0025253359593437746,-0.001115182740848257,0.0008734484581538193
-0.009280182042904893,0.00019984324598099068,0.00018167505543849674,-0.001778798120900725
-0.008750595670060302,0.002978602213470141,0.002061307185787816,-0.004327842150481442
-0.0057186319107581565,0.004652807471511269,0.003756043086041664,-0.005728331157661842
-0.0014602518894897137,0.004521098338492728,0.0046083044794229325,-0.00540997946838816
0.0022626149525129015,0.002628276891737946,0.004336301486328131,-0.003506714350261359
0.0039216258672257545,-0.00025519265957825443,0.0031402006451642095,-0.0007957436174682864
0.002842723311883885,-0.0029539564177677446,0.0016069656425754947,0.0016267854136038165
-0.0005252458998362408,-0.004374794981705343,0.00045580910014045295,0.002798700858421911
-0.00480210198424004,-0.003957511310738848,0.00023192803626917446,0.0022861263899171917
-0.008247225590037557,-0.001903107419291658,0.0010767687484723176,0.0003569848877768289
-0.009473817924954935,0.0009142057206716347,0.002670196881778643,-0.002136758394806905
-0.008012986766031762,0.00331312333142991,0.004367585710387409,-0.004117965003682222
-0.004497343063671909,0.004296283971866863,0.005473278511631534,-0.0047346141909530015
-0.00039135638254543526,0.0034619327860124782,0.0055351240931718546,-0.003714436171922006
0.002617588253999714,0.0011658464018246828,0.004536375009500104,-0.0014769353535672124
0.0033146259890437513,-0.0016323203003784786,0.002904517325681269,0.0010432206262812743
0.0014524693273831046,-0.0037726882934984232,0.0013333752498012469,0.0027876003114006287
-0.0021564876362148364,-0.004379636289423637,0.0004930027552765004,0.0030172119205835457
-0.005986220550099772,-0.0032251144825640177,0.0007488232407920903,0.0016230436362402734
-0.008435446366815046,-0.0008201209098173401,0.002007658236366651,-0.0008254624933788646
-0.008492551313651429,0.0018025149924910389,0.0037553307724361613,-0.003314618238743766
-0.006151750465848416,0.0035221760697803084,0.005270545907805263,-0.004806571360358183
-0.002409449503295684,0.003599460678759367,0.005926095583071576,-0.004671084703519431
0.0011556361870272477,0.001984338401280414,0.0054518157340925355,-0.0029496330925607994
0.003042642447864962,-0.0006646553994372195,0.004049420841727089,-0.00034164077468278736
0.002454124347071651,-0.0032574068981746987,0.0023108537008463548,0.0020823065348433353
-0.000372566593945807,-0.004729031829594716,0.0009735427225841808,0.0033222232165954976
-0.0042649143342553125,-0.004485375468682322,0.0006139484184027322,0.0028628959469844013
-0.007603568354810464,-0.0026511712223807223,0.001406705285495493,0.0008888939701001963
-0.008995923656308857,-1.7493019710660557e-05,0.0030496985534281974,-0.0017891001150575972
-0.007855062965745535,0.002289226550965362,0.004886706265149067,-0.004066900026413599
-0.004643907162951169,0.0032781795087567928,0.006177283503115,-0.0050014703463712555
-0.0006836233765524363,0.002508456267308029,0.006402381498026244,-0.004200025621174004
0.0023938512214040086,0.0002737176416774817,0.00547918997867583,-0.00198276628130023
0.0033218818538421763,-0.0025197396663162175,0.003796124972912998,0.0007482548612682272
0.001723487305170704,-0.004730615163381163,0.0020532652827629644,0.002880335593690775
-0.0017331581067012887,-0.005458424849076979,0.0009740542370278854,0.003548402880133389
-0.005612142109133116,-0.004419116400795203,0.0010073703543662816,0.0024913051824729457
-0.008304824236643582,-0.0020639028262093677,0.0021430584892582673,0.00015906175348314247
-0.008695711107524012,0.0006082232910273929,0.003917059626610882,-0.0024732228150841124
-0.0066234202674015676,0.0024662019404594546,0.005603841904425484,-0.004307976917330775
-0.0029461429781097864,0.002717698922164981,0.006516403788378811,-0.004578109984402345
0.0008149907555211333,0.0012389276550846054,0.006289739506169442,-0.003163316795810436
0.003106454975058877,-0.0013738144832405805,0.005030662067233363,-0.0006392127809211438
0.002985392296675271,-0.004052321787612747,0.0032723143229573537,0.0019608747205740185
0.0005089893149434824,-0.00570102896617021,0.0017525635387941052,0.0035729694277991317
-0.00329065559079832,-0.0056528879023363746,0.0011082732861220773,0.0035419144679369914
