ch0,ch1,ch2,ch3
0.0003890686558609968,-0.014383837946376328,0.004271712015533696,-0.006370567282592488
0.0009586435991768144,-0.013443991522288708,0.006794529505872962,-0.00527891712281834
0.0024654736851589254,-0.0088949045040225,0.0076605323517635986,-0.0028183057760587937
0.004270350224295519,-0.002622160326374204,0.006525569166314638,-5.521113269263411e-06
0.005608671572166574,0.0027722784047127663,0.003875465356813809,0.0019943459532416018
0.0059076046148951525,0.005047635811803702,0.0008271522307710076,0.0023484028715671686
0.005024482647564665,0.003253245514414055,-0.0013330672633440864,0.0009007568124415194
0.0033072932973423202,-0.0018762182123917281,-0.0016833568350749263,-0.0017610697047208135
0.001451676042014946,-0.008223417398599497,-5.085817277737138e-05,-0.004546310278043218
0.00021321276855310045,-0.01316409780872499,0.0029134174147846317,-0.006309478053845782
9.397612914898573e-05,-0.014653516128776467,0.006001677211980812,-0.006322757913317767
0.0011332704936461852,-0.012073580510717982,0.007948888408203195,-0.004577420184683073
0.00288959477612611,-0.006489547882985849,0.007958251266297442,-0.0017894092828474456
0.004621758899638709,-0.00020952135300864386,0.006034435910051622,0.0008940372480567838
0.005594537838826838,0.004171176357675367,0.0029853108489977416,0.0023665477146115194
0.005382490625325455,0.0048450658161839355,8.99625192927328e-05,0.00201926492999821
0.00404613662185388,0.001541517326058145,-0.0014306068567399022,-6.463745755681122e-06
0.00210742242777813,-0.004361006280696744,-0.0009211453142451143,-0.0028752170441351194
0.0003345267401594666,-0.01040649083134157,0.0014327971017147056,-0.005400239960986551
-0.0005749117362505753,-0.014080285577064533,0.00467778493466936,-0.006532304324294371
-0.0002809090742654334,-0.013853252074524869,0.007484772070323761,-0.005793511943339788
0.001060356537266334,-0.009818058382904643,0.008699371373986915,-0.00347694405468665
0.002863915646577307,-0.0036530939664236872,0.007822383013898713,-0.0005290406573310452
0.004361019323840264,0.0020720873507719534,0.005220716782057697,0.0018378816744624923
0.004919724523333887,0.00496283769909471,0.0019798259851066813,0.002644187551563322
0.004307539384675291,0.003795523147455078,-0.0005428267974995071,0.0015474844416446323
0.002786684286888677,-0.0009696071762293271,-0.0012793678447492601,-0.0010138287133182634
0.001002175848777792,-0.00737258287358962,0.00010434103123545257,-0.0039980868582332255
-0.00029073656738332065,-0.012760319042370752,0.003066825473456141,-0.006187012221467038
-0.0005461580289166518,-0.01488311923373594,0.006411561837251601,-0.006686764776002975
0.00033936387850326544,-0.012827836705342714,0.008779956319312377,-0.005297472790201506
0.0019780923723909365,-0.007401189956373528,0.009213229209817202,-0.0025987552684738763
0.003648006403647132,-0.0008035045489467457,0.007550222222929059,0.0002849701832332366
0.004591043094757316,0.0042736806890615875,0.004495326113432438,0.0021441221247133074
0.004329258902978819,0.005754368762676973,0.0013271007123334122,0.002180586363193132
0.0028675594277365463,0.0030325818770547755,-0.0006326094527626669,0.00033768168039214307
0.0006983047399978098,-0.002778246262757543,-0.0005691359784247702,-0.0026723554016636897
-0.0013949443325500521,-0.009304053719209712,0.001484055851163027,-0.005655481998318217
-0.0026540184464209932,-0.013887777844573953,0.004656903360460207,-0.007420792966293596
-0.002652596956211251,-0.014682258326291445,0.007603741825293775,-0.007265334467348311
-0.0014662000175255999,-0.011407384511937915,0.009065177486560425,-0.0052606407767648855
0.00036405886126824466,-0.005459397917059811,0.00839773730510121,-0.002223806902016498
0.0020582565953840906,0.0006718601215422483,0.005850210214066079,0.0006151391339138251
0.0029204158657439652,0.004435949376752849,0.002469706481072545,0.002113680350921382
0.002623215566211791,0.004277411774486886,-0.00032610295733759287,0.0016807234298098217
0.0013369788913809785,0.0002773927240773827,-0.0013348920437722817,-0.0004851917511793369
-0.00034948170430531417,-0.005883528507141578,-7.10776068965635e-05,-0.00348005448527839
-0.001681682048796082,-0.011624977732885525,0.0030263655793035388,-0.006065738398682935
-0.0020592172202064975,-0.014538382325474497,0.006767958986526781,-0.007176208883227437
-0.0012882823102199244,-0.013386272176669267,0.00969964468656953,-0.006351670261443926
0.00033841456242192196,-0.008615325065043387,0.010700437674085073,-0.00392390773822246
0.00216685543168001,-0.00217089305745876,0.009444015697941451,-0.0008783671675750906
0.0034582087957803175,0.003309753494174547,0.006531674283412378,0.0015491942355474065
0.0036992863503301186,0.005590860437583008,0.003239839572377806,0.002375617679914342
0.002815660771274618,0.0037650558865245792,0.0009856278973225802,0.0012672687822531427
0.0011976252137456747,-0.0013704173866644909,0.0007321413009699351,-0.0013299785821943855
-0.0004713533870920623,-0.0076438828587902935,0.002581723132253938,-0.004378521681834564
-0.0015101104715886798,-0.012408845445865346,0.005728531227634309,-0.006675198966636389
-0.0015327742937496641,-0.013640155072550293,0.008792796876015349,-0.0073397075066132245
-0.0006136461497226256,-0.010772520996652449,0.010399629026042786,-0.006165239912185885
0.000747292084222001,-0.004934122162849219,0.009761698396479898,-0.0036896167924766674
0.0018443578715437031,0.001521113482524275,0.007021319181840187,-0.0009611599601651727
0.0020778562916166834,0.005988280732218514,0.003205850461205823,0.0009008943606533606
0.001223193649039992,0.006688980679396363,-0.00018915945624112165,0.0011682227792939107
-0.0004602432163246309,0.0034048472992232875,-0.0018185046211929567,-0.00020298767701965037
-0.0023307196279359066,-0.002436624052329417,-0.0010504450937912392,-0.0025657991680927625
-0.0036365026200962935,-0.008358806842031899,0.0017625706418162475,-0.00486284625904803
-0.0038445128326553696,-0.011866816461704816,0.005423034805374526,-0.006073818003134557
-0.0028838771785465594,-0.01148399012995515,0.008384548172413861,-0.005642443238423625
-0.0011960906673484512,-0.0073632578337598335,0.009401719950648375,-0.003705372878114621
0.00043616551562027095,-0.0012194182428083358,0.008062901078337056,-0.0010290755485791586
0.0012151359898754568,0.004389321852657828,0.004979552199214345,0.001316874018986898
0.0006740831978716555,0.007131424741963675,0.001546026908490955,0.0024118897848276824
-0.0011045094203433192,0.005877921989768588,-0.0006381213854388876,0.0018718074104229834
-0.003496866962770767,0.0011768712757009303,-0.0004482229761497737,9.173098674181146e-06
-0.0055774003780609815,-0.004972871873767021,0.0022656825378906953,-0.0023008216791465877
-0.00649714633198567,-0.009956399411792494,0.006572762067238076,-0.00399276540381166
-0.005846563721787823,-0.011639948217265828,0.010803441599327428,-0.004265995037674067
-0.0038491163491921054,-0.009273684968683374,0.013209437695109221,-0.002931381417807466
-0.0012975139898146054,-0.00382195578416622,0.01267752323689312,-0.0005037354084632892
0.0007511806123961101,0.0024209113325854986,0.009205317238941524,0.0020008627110686406
0.001404488441850444,0.0067749430783872275,0.003939472178328296,0.0034808179007985145
0.0003149143840983498,0.007291060322051917,-0.001247907926814798,0.003206891431382357
-0.002146727981371263,0.0035778691246730106,-0.004480901324950368,0.001132891692029448
-0.005004044383975476,-0.003006424884131602,-0.004612336634962785,-0.002070132105651667
-0.007038791707389025,-0.009882063822741809,-0.0016725428127291886,-0.005271976094762532
-0.0072678919018333565,-0.014284487422435495,0.0031480373048792983,-0.007329238758838695
-0.005346714551528492,-0.014388020248411078,0.0079770807922888,-0.007537503599168258
-0.001736671836874537,-0.010057013094821224,0.011007490954390086,-0.005905635375370519
0.0024343783861562607,-0.002915877548072189,0.01121194217198811,-0.00314127880066091
0.005770167543050243,0.004292801714164209,0.008736381789018581,-0.00035519816757870887
0.007111680440731145,0.008802334204883813,0.004814661345662663,0.0013929393855815903
0.005956803698193021,0.008924275601177159,0.0012418233015873345,0.0015206437027307854
0.00263402125019227,0.00471276371115064,-0.0003761912233583263,0.00014676363720228514
-0.0018330217782093206,-0.0020755859054270576,0.0007124997632442023,-0.001975861017985525
-0.006112348034564639,-0.00870479883263145,0.004099382472228338,-0.0037884553695678932
-0.009047555442939136,-0.01256678054158275,0.00839302838337247,-0.004377454885090672
-0.010050643393248855,-0.012220246397797715,0.01180571941518517,-0.0033617466976721064
-0.009257185831234818,-0.00794137678266018,0.012905178523630212,-0.0010569402729720262
-0.007396294455380176,-0.0015699852659924012,0.011218565747055396,0.001649344746258441
-0.00544312081318471,0.004274946777902189,0.007436505008727385,0.0036579473433608484
-0.004206026931837928,0.007279956790208805,0.003130393549165812,0.004105131251353769
-0.004020183534957721,0.006373588282235845,9.854007685183852e-05,0.002713265538883701
-0.004667622857125579,0.0021338607134969156,-0.00038795217827798656,-9.554717015219753e-05
-0.005543754155458928,-0.0034907808605449675,0.0018749793250761593,-0.0033644982193117706
-0.005984910559560359,-0.008019391869034845,0.005926289179653821,-0.005972901174549454
-0.005605188237617527,-0.009479201708119583,0.010028472622974433,-0.007057861397069237
-0.00449116471833106,-0.007214916059405302,0.012384998318868296,-0.0063155930545002355
-0.0031689854788971433,-0.002135508166603378,0.0118896558664403,-0.004066357409599
-0.0023607374617483773,0.003693667779667481,0.00859447370162468,-0.0010691017629479993
-0.0026413713599130195,0.007931702075394093,0.003697051783433462,0.0018229416331896203
-0.004152585528129664,0.00893989290817054,-0.0009530602765499864,0.004010759904647068
-0.006506106574558444,0.006446018481435712,-0.0036277445279944837,0.005351478093085851
-0.00892565589714853,0.0016226737042137548,-0.003451941207254179,0.006132355901996948
-0.010570427289549152,-0.003442145789163723,-0.0007842970441353792,0.006839279638534361
-0.010899675556429775,-0.006647308669501813,0.0029205429324079685,0.007834939811042062
-0.0099152800568185,-0.006764221587061178,0.005720950536231395,0.009103086999046096
-0.008168488480866164,-0.003928573217425683,0.006022624945348991,0.010186540126418127
-0.006518774223673588,0.00046675632446416607,0.003291796056203819,0.010359892865498273
-0.005743638632727109,0.0044238901763457295,-0.0016572336601577628,0.008970417069971995
-0.006169619577276256,0.006249112544503187,-0.006935151068385936,0.005799384858896382
-0.007493626005550036,0.005320595935870975,-0.010316469131960534,0.0012773498393320593
-0.008887332488542551,0.0023773113985862473,-0.010153114792204931,-0.0035590268562930016
-0.00935578307875451,-0.0008017462028218035,-0.006090815155145063,-0.007375244352485946
-0.00820562950161903,-0.002194685001943617,0.0007135038127356608,-0.009005215065947633
-0.0054194843358340156,-0.00046780682835522586,0.00797935683578066,-0.007895016840645891
-0.0017595685935259241,0.004365614468563171,0.013157583360308665,-0.004343139128868023
0.0014704030129271458,0.01085502197897232,0.014421282706103176,0.0005688849250412714
0.0029322014734805384,0.016647777199465662,0.011398389905753457,0.005340322873165951
0.0018333093060302515,0.019439200772581693,0.005346568064975356,0.008575935671799158
-0.0016630179617908667,0.017944122104782557,-0.0013112249732052453,0.009471112837968317
-0.006389108843601346,0.012477944312858173,-0.005917792476880311,0.008070360276618619
-0.010540393360030528,0.004890995156300955,-0.006617640582388271,0.005201143058407541
-0.012344674069116282,-0.0021330849829215934,-0.0030892781057616087,0.002114295862490498
-0.010785094176303078,-0.00613695373675207,0.0033186999208415363,-2.1024060635421726e-05
-0.0060877774125479706,-0.005874268795921797,0.01010640100148251,-0.00056340530168357
0.00024098116695224492,-0.0018105852638120035,0.014595674070413685,0.00039105775709102897
0.005877806961788405,0.004073146594046381,0.014975655166555276,0.0021131104022211744
0.008500433231188768,0.009101063771635179,0.011008962504771222,0.0036057648153386274
0.0066675241737661865,0.011013556884505324,0.004120290210744941,0.004069894473680422
0.00042625729709876506,0.008911807304578856,-0.0031663404459933084,0.0032689408513767934
-0.008598109710351319,0.0036432321242211296,-0.00821738048989596,0.0016360111649666859
-0.017689302603136794,-0.00253625225246832,-0.009313722750855659,7.69766094238511e-05
-0.023945630914142868,-0.0068890627126077415,-0.00630405739589944,-0.0004466285548088422
-0.025283009317597423,-0.0073332781692488636,-0.0006321191272022769,0.0006242814317705542
-0.021169446797509053,-0.0033228707328327584,0.005267206928084522,0.0031466210515233503
-0.012818348754040448,0.0038925902544576507,0.008956720138641641,0.00626913359379665
-0.0027660727513973277,0.011737481361976346,0.008972889965247331,0.008733299305464862
0.0060124443235215486,0.01731779957672855,0.005399392707633167,0.00936486501920053
0.011124684656305922,0.018555327376011833,-0.00018756902896762198,0.00755715925565777
0.011544229226376032,0.014986959560704505,-0.00537494735118197,0.003546767784130651
0.007876197131557738,0.007909283840728865,-0.007902012009654416,-0.0016354648808676138
0.0020222696738433233,-0.0001785521844087229,-0.006583962057437394,-0.006523441647836692
-0.0036092785544560844,-0.0065907592103659485,-0.0018000434328022995,-0.009743647573698416
-0.007034523801937646,-0.009501296293598388,0.004647035787227104,-0.010501952313626245
-0.007406690203054192,-0.00858877335519824,0.010241243462004397,-0.008837392102784544
-0.005246017887183915,-0.005026329008937371,0.012747424728259404,-0.005547997988724865
-0.002117080417135167,-0.0008465895214495658,0.011093898757744566,-0.0018294098570269257
9.781425604402094e-05,0.0020209190702255055,0.005796337649688427,0.00121556729156716
2.5120296200158154e-05,0.002606356713143427,-0.0012384466196226906,0.0029884577843898863
-0.002609845031159637,0.0012702638676788912,-0.007443428360180054,0.003558252541727591
-0.006863735856095052,-0.0005708722593168493,-0.010563253035979533,0.003517264408810797
-0.010968004040852294,-0.001231203022130041,-0.009485592682245012,0.0036058822891872726
-0.01306779187708964,0.0003147244947625978,-0.004615697054013018,0.004284021438384335
-0.012003203478838053,0.0038024423163746483,0.00233373035595473,0.005450925445191022
-0.007814927931675906,0.00766763719026084,0.009032177156887068,0.006449773637500052
-0.0017695989512287423,0.009701848799434809,0.013412240925535434,0.006366308480754647
0.004105363014912041,0.008113235307065203,0.014392237515494354,0.004495850856013936
0.007791082541179956,0.0025266749747777373,0.012171738698405543,0.0007696156782845687
0.008044338615868469,-0.005550825293006517,0.008016197025307571,-0.004062531953487242
0.004859803586956445,-0.013071164204023378,0.0036563846003792796,-0.008599254066578119
-0.0005506139663698575,-0.016528544537154882,0.0005755850895756247,-0.011262944170521663
-0.006245270520033194,-0.013390022565660272,-0.0005159855225710473,-0.01090317106027057
-0.010306268837870974,-0.003294400539246102,0.00017976490044119622,-0.007281155461188155
-0.011556536010968038,0.011508531202324535,0.0018161861868676715,-0.0012233205358721522
-0.00995943287945153,0.026729382850839478,0.00341685436620167,0.0056404773670501104
-0.006553470972311098,0.03747272679522706,0.004378634055704296,0.011468583578711417
-0.0029649391359381494,0.040022276364703235,0.004722843553534429,0.014901447240189884
-0.0007101862511532109,0.033293769625098904,0.004983008309486012,0.015576887492094686
-0.0005788194475476599,0.019366974538791874,0.005796023265701049,0.01424759889677001
-0.0023483060786531063,0.0028451192238431386,0.007410586411911266,0.012437701224057292
-0.004937990056463365,-0.010758269122245076,0.009374846520155418,0.011764145277498875
-0.006926231064165442,-0.017016458266990296,0.010590058032898052,0.01319365653077905
-0.007204525508199694,-0.014214127635308996,0.00974918160987559,0.016544786214213993
-0.005488351611469117,-0.00396961313223697,0.005991872154528843,0.02045722016421988
-0.002467394795014337,0.00939741719730346,-0.0005152558803708379,0.02286777912705293
0.0004693327181535395,0.02052097502014054,-0.00836247050350469,0.02182582133660858
0.0018191107797251305,0.025034354635452852,-0.01520104667399557,0.01633364246244695
0.0006168754611173624,0.021217841852405828,-0.018509281720488824,0.0068720587720679585
-0.003121208685914763,0.010612378037965726,-0.016554282235969484,-0.004617750409247549
-0.008350556293266476,-0.002633464422145966,-0.009172558940711145,-0.015318095708841385
-0.013372992033640688,-0.013419505677471459,0.0019679102442485344,-0.022483441766129028
-0.016485814747322164,-0.017696726214273067,0.01377854962554484,-0.024403046787128173
-0.016644870864972516,-0.014027974456544662,0.02272962306453717,-0.021011351013755133
-0.013875912693769962,-0.004098179066977195,0.02606145274958947,-0.013908196454986574
-0.009271503994079527,0.008013287343412431,0.02278044061435082,-0.005774844642444432
-0.004579008011175778,0.017492378952133764,0.014054848596147215,0.0005958817525897192
-0.0015489620250369734,0.020709063582272966,0.0028412772071939457,0.0032879393853560424
-0.0013051395400329405,0.0166265434016912,-0.0071379892441702925,0.0018954210005376476
-0.003981004305898969,0.0071465377351023,-0.012696642320788203,-0.0024323020372524692
-0.008750808323037384,-0.003728978629868332,-0.012283750956589026,-0.007535367394958407
-0.01421760158602333,-0.011560529119898133,-0.006473552062904224,-0.011148902320715127
-0.018975423252301272,-0.01327106122991474,0.002329444580992145,-0.011801637744150089
-0.022099813360272377,-0.00835008230482473,0.010844461397112214,-0.00934967119567005
-0.023365015355765774,0.001017447010172548,0.01615099414806556,-0.004940806751811029
-0.023117142446416102,0.010929958131703978,0.016728982647315597,-0.0004400202273439069
-0.021892077220652548,0.01743243824852107,0.01291016744665123,0.0024320263556548566
-0.019984306214221356,0.018163128287311522,0.0065882359307768736,0.0028781742304639993
-0.017195462673627752,0.013297655693899783,0.0003322944737531794,0.001387590453082052
-0.012907314622625038,0.005403998284429834,-0.0037173537638092308,-0.00047766094691076635
-0.006468527231533822,-0.0017190642050227654,-0.00471405231646424,-0.0007895149562327664
0.002274215538914444,-0.00471965874537468,-0.003381721025336938,0.0018402415054869503
0.0125600792328239,-0.002168738164503803,-0.0016048433088069747,0.007542356479408551
0.022648477510021643,0.00479961954698116,-0.0015198769106434598,0.01498093982274433
0.030204945064466564,0.012965319383000454,-0.00450328634806197,0.021770372921009702
0.03304579013272235,0.018424520355506905,-0.010492380325987663,0.02537795657537793
0.029976766640679754,0.018326961416209073,-0.017933337939944692,0.024163048098606546
0.021386947305910668,0.0122048076703353,-0.024384942350047928,0.018130512265728305
0.009322431147887254,0.0023083960219068556,-0.02752718834522669,0.0090730876781724
-0.0030506266047370736,-0.007226447164316627,-0.026148137592702375,9.637444354953714e-06
-0.012445904519192967,-0.012062847385338027,-0.020685166148843824,-0.005895336683631647
-0.016574661351244,-0.009512704591859156,-0.0130793742510395,-0.006531209400629508
-0.0149631461688529,0.00022443986675656571,-0.005990430987190019,-0.0016968923199353614
-0.009139926917484761,0.013976437533564432,-0.0016938687552698478,0.006733328402197952
-0.002087560628786393,0.02674401393766037,-0.0011275431128882612,0.015424358439687195
0.0028686873969757387,0.033642963274026785,-0.003504211968366318,0.020768782144350302
0.0033370203409322785,0.03186640476682842,-0.006678373788951565,0.020218653308995128
-0.0011794460843736893,0.021861089257980963,-0.00813839386596732,0.013266479930789232
-0.009015438929127678,0.007215317417679862,-0.006219905800866871,0.0017047727921280925
-0.016899827191330277,-0.006725421873469022,-0.0010205294964533984,-0.010941675151282828
-0.021156026215892174,-0.014974782787503901,0.005406002231535353,-0.020610670312353238
-0.01911650131790165,-0.01489989726763263,0.00971793197871313,-0.024093439705980255
-0.010226630881839767,-0.00727080621650324,0.008602996358484064,-0.020120879770423296
0.0035856699253336635,0.004086894363035207,0.000246717086179727,-0.009761949552808517
0.018435326135538166,0.013921702502480388,-0.014644358157438545,0.003991852562906451
0.029733207872967127,0.01782006741375572,-0.03272056811332841,0.01728378895263869
0.03372909126288401,0.014175505146745026,-0.04889331440515182,0.026692349091772177
0.02879552656310287,0.005027576188359584,-0.05799238596638799,0.0303044468586674
0.01599452355951292,-0.0046250988819278235,-0.05659311535113829,0.0281957048959738
-0.0012718790836774296,-0.008818173818036335,-0.04433350328751849,0.02218770960694682
-0.018395548805350007,-0.0031561678399343422,-0.024204000275641322,0.015024217679788836
-0.031070324124343424,0.013128892546199988,-0.0016596165136940795,0.009312319336654096
-0.03663938899998222,0.036460565105761254,0.017160226532228984,0.006636222546945701
-0.034820256603329935,0.059903511311650774,0.027479577845909486,0.007154430377410217
-0.027584759913564287,0.07554642494500247,0.02746592172935279,0.009781682640270968
-0.01828337984553812,0.07741255523761907,0.018769376009859493,0.012822918149764944
-0.010369953900738055,0.06379083256085798,0.005826735615888132,0.014760974696975293
-0.006206798041667683,0.038071955114737224,-0.005810937812275564,0.014864384204714537
-0.006371165460840919,0.007726765785276209,-0.011510990230968556,0.013383099106394505
-0.009672193011728988,-0.018231648277266428,-0.009208383148618368,0.011289561361599677
-0.013810293473672013,-0.03237802369658085,-7.722497122126387e-05,0.009717908340134314
-0.016376818284221335,-0.03143956748434033,0.012000914114748545,0.009374160146632587
-0.015787741744727996,-0.017346337317047218,0.0219499579932817,0.010188095721920226
-0.011803688887748881,0.0036095267419272437,0.02541399393154673,0.011358784449623547
-0.00547751089021907,0.023168068020287053,0.020358920412320514,0.01176457531647609
0.0013920337156604484,0.03413057463864082,0.007780075493414217,0.010543785315751446
0.0070329929090078985,0.032880539653378185,-0.00871843182630138,0.007574776239637135
0.010364020985196488,0.020469736219474413,-0.024282471542531464,0.0036260904124292143
0.011287656927309542,0.0019105888039703048,-0.034573650250489404,9.041344347962554e-05
0.010528592383109135,-0.015988794748953428,-0.03727932719101723,-0.0016007708292875844
0.009134133676685705,-0.027359900378205015,-0.03282439910104973,-0.0006398266077028286
0.007894500008920526,-0.029498093600331624,-0.024060496960982503,0.002704086552314411
0.006962596735172195,-0.02372623508433968,-0.015096912087596268,0.0070530274847402374
0.005850831087607138,-0.014606924128982974,-0.009747252168688204,0.010353588318538887
0.003803415368890131,-0.00787329068379787,-0.010182862703811519,0.010629272287221048
0.00036534935691751036,-0.00794825507583756,-0.016273009047561744,0.006769283633495937
-0.004128916127779388,-0.016066738062067674,-0.02580613849375394,-0.0009548381977631387
-0.008400215274840677,-0.029753180136142296,-0.03544430532489394,-0.010856794124853665
-0.01051880419074262,-0.04384856669833178,-0.04199826143666266,-0.020317661895292896
-0.00857063659106266,-0.05265347742709077,-0.04352121651066872,-0.02661735708052433
-0.0014501899206249072,-0.05230750144396136,-0.03982907373800047,-0.027817373188533744
0.010537656990629196,-0.04243627099272815,-0.03230893852964058,-0.023378171873093996
0.02552751244651206,-0.026396810343816385,-0.02316693041690848,-0.014296333261417663
0.04049114673215577,-0.010016552749561352,-0.01447383884969932,-0.0027276104607384666
0.05207084847085865,0.0006759280636856463,-0.007415088154065423,0.008748806082374029
0.05756756289500715,0.001829314091939739,-0.0020305265486096,0.01794491950959478
0.05574039470290473,-0.00668462864645112,0.0025003866525668585,0.023663198393181865
0.04714212787532672,-0.02117007516645414,0.007209800185232797,0.025883558615379193
0.03388639082844065,-0.03549544307073598,0.01265597190957909,0.025508170566480505
0.018948119379950425,-0.04343460237944657,0.018523924760447286,0.023803524630618238
0.005259881408783661,-0.04105820281536432,0.023690318317970187,0.021785237763665317
-0.005077714567467834,-0.028260005688787206,0.026712658730903154,0.019795902931059872
-0.011219504205838282,-0.008843901131580383,0.02650878034018974,0.017433249980342506
-0.013536967136647218,0.0108472213017725,0.022906436842426783,0.013836543321578187
-0.013200136728854991,0.024228079581956465,0.016801056813626224,0.008195010129786445
-0.011593503975200578,0.02682456558517772,0.009835623456208226,0.0002593795330377048
-0.00981222758989999,0.017817985268131595,0.003732783705015938,-0.009354750456286254
-0.008415089393531004,0.0002422655428874279,-0.00042918356797227997,-0.019193327225576137
-0.007475418342900509,-0.020185583640684963,-0.0026696776529422928,-0.02731003246481689
-0.006833683720659973,-0.03711851588995032,-0.004070326455996948,-0.031802665937436185
-0.0063761475647808805,-0.04573486568416664,-0.006241514105255586,-0.03134805275690782
-0.006174735610945295,-0.04422452534853292,-0.010502484948983183,-0.02555849618989174
-0.006414241535209697,-0.0341302476249575,-0.01712463763461243,-0.015061607512367112
-0.00715785900527896,-0.019520819883602027,-0.024980787697931092,-0.0013112527973470206
-0.008099572720463286,-0.005399076975706515,-0.03178911276698912,0.013773889590641287
-0.008473777397462988,0.004012837223898655,-0.034898629655900945,0.02820868294764023
-0.00722539618849534,0.006492720708333361,-0.03233118992321052,0.0402605052304149
-0.0034162912894182135,0.0021796096355707964,-0.02366966456867186,0.04863276699221387
0.0032857579193625447,-0.0069188822334797576,-0.010418791680989414,0.052525299049674595
0.012258351720975419,-0.01794722062419596,0.004344877201083088,0.05162798131955326
0.021909401562248965,-0.028271426962325867,0.01694553210516947,0.04610629917228967
0.030065541960515668,-0.03617842113859117,0.02436663714086366,0.03660292741096356
0.03466392678840158,-0.041012315784690626,0.0253333792416459,0.024231398466268095
0.0345028169686967,-0.042833138873595515,0.020806303798700323,0.01050621102067456
0.02975314567765108,-0.04188760822772879,0.01368222037120433,-0.002840517196510531
0.022001951510584268,-0.038227094315386435,0.00778913451795225,-0.014160946436305423
0.013769345506348249,-0.03168692109675862,0.006524588667889384,-0.022252592780090577
0.007648826983799071,-0.02222175309613221,0.011621768164722386,-0.026666900202999333
0.005381839633611989,-0.01038415305958016,0.02248416185974548,-0.027842807084034478
0.007221921886865646,0.002361618731910844,0.03632453285823256,-0.02698601835657627
0.011846946470051942,0.013734922236995052,0.04905522940962726,-0.025700336855361768
0.016872293922600902,0.021194560052290333,0.056612367800845,-0.02547320787330625
0.01978213679054315,0.022774481385860912,0.05625263136315261,-0.027183639143122773
0.018924674266894113,0.017857817836823844,0.04738715661333426,-0.030806386190465346
0.014181813118621517,0.007537439787979536,0.03169635582241792,-0.035424566144371256
0.007043183634143947,-0.0056361322785728335,0.012530330335571813,-0.03955419844742376
4.491484253583283e-05,-0.018465067717097935,-0.00615723946539555,-0.04166945491588913
-0.0042147350544970985,-0.028173907955443382,-0.02095531127719693,-0.04074165694842453
-0.004098958878678477,-0.03331401102799134,-0.02984445952676143,-0.03659898011134866
0.0004097361533926605,-0.03413200552589549,-0.03251287696718208,-0.029980858619755413
0.007681111395204731,-0.032248066095469874,-0.03011417166577329,-0.02227556454902172
0.015052880165955159,-0.029780175561678654,-0.024636673821544306,-0.01504675289280439
0.019847403977513226,-0.02829058644367812,-0.018162215703470617,-0.00952934936284304
0.02038438914678628,-0.02801450772772057,-0.012282879836820196,-0.006278902222396299
0.016585574641006174,-0.027717537068749794,-0.007835140138180877,-0.005091913782395735
0.009932866789730412,-0.025260934318819414,-0.004958083782530907,-0.005206110612214265
0.002805405970154464,-0.018643877673563403,-0.003353830846651175,-0.0056832799783346905
-0.00252383869636353,-0.007072432471577746,-0.002574518529089631,-0.005814787126087843
-0.004810716730121331,0.008425965428571422,-0.002194765051950924,-0.005393385892994262
-0.004294387620732653,0.025146489888979003,-0.0018246717255095898,-0.004758957372326192
-0.002493189040506036,0.039597228949366424,-0.0010237258121560608,-0.004620716986566478
-0.0014318582773231933,0.04879965966607239,0.0007627604753842922,-0.00574391926943861
-0.0026376905281114485,0.05146973944638517,0.004135440051420171,-0.008631611495398664
-0.006352379116700453,0.04857447065216882,0.009510824750673125,-0.013318462697662098
-0.011326458752325866,0.042998397929792605,0.01680509893419626,-0.01933573713203019
-0.015321751123609034,0.03841548463235571,0.025186243506927233,-0.025833616307307315
-0.01614027152055135,0.037796360753374815,0.033056724184246586,-0.031792360906953546
-0.01275324798496344,0.04214806522893154,0.0383542791564216,-0.03623859657483479
-0.00602811944773899,0.0500084085709633,0.039127527030585287,-0.03840784792823872
0.0013143768585148763,0.05792443153948857,0.03421092859532843,-0.03784017749253013
0.00558121248241884,0.061749847226559074,0.02374997638020951,-0.03443418344551692
0.0035445572232390594,0.058260488319497136,0.009351156564599946,-0.028493327601483657
-0.006103926301085479,0.04644924469848889,-0.006248280088183275,-0.02077312131365236
-0.021876587668804723,0.02798285121997217,-0.01992028211340829,-0.01249446162994329
-0.03960316080777944,0.0066363497622476935,-0.02906270737737971,-0.005256755483967104
-0.05358602663340625,-0.01306735156253901,-0.032376840952648596,-0.0007914526462413501
-0.0584458805583857,-0.027464308583373186,-0.030224341125030127,-0.0005514026684204087
-0.05101677768121642,-0.03495696989054417,-0.024426661202092484,-0.005217375678912534
-0.031592959502621844,-0.0363450389851504,-0.01757238743945447,-0.014281987579496055
-0.004038293258238242,-0.034169258895988944,-0.01208146946431981,-0.02589944993881456
0.025327929270863983,-0.03137120429455452,-0.009368218916319546,-0.0371388200613713
0.04970617516762344,-0.029860191933062302,-0.00940916463011289,-0.044652667988343456
0.06396579775892569,-0.02961857070943989,-0.010868903483048586,-0.04561209603418322
0.06620778944373712,-0.028748629477020338,-0.01172450229977938,-0.03862607053408929
0.0581910420034862,-0.024459980782747144,-0.010138452628308287,-0.024319798344024396
0.0444895051314881,-0.014583036914108907,-0.005235744893468876,-0.005326064907487452
0.030715530606620148,0.0010533031740644072,0.0025202961428443804,0.01436961821298656
0.02148507503240812,0.020014394691208505,0.011500498320691693,0.030556310755477524
0.018883196420439903,0.03775903306861707,0.019561160278867187,0.04003310197874022
0.02198202073331007,0.04912778776587204,0.024913954002883563,0.041520992289934264
0.027548303120464898,0.05027920641072156,0.026863999205722376,0.03591378141690695
0.03161515817912092,0.040314660702647956,0.026112430191314387,0.02576316685763341
0.03126236671633299,0.021917025015023274,0.02448691441932058,0.014182517037026776
0.0258801938923635,0.0006899168471676334,0.024187837125943617,0.003588328083296864
0.017409228188604464,-0.01661598491959621,0.02683319586657387,-0.005219709826707358
0.009467069388397004,-0.02436285575555728,0.03267568606160399,-0.013253253503166189
0.005726247366649034,-0.01994196875629963,0.04031415899564325,-0.022695038541908925
0.008216557330221669,-0.00463472232269764,0.04704510135151585,-0.03565371324247185
0.01626535658095355,0.016896527035534584,0.04976196660172011,-0.05281163286523824
0.026542907235991543,0.0382830818705745,0.046098781862383933,-0.07254651747187918
0.03424142329253615,0.053647277430191875,0.03540843558797028,-0.09095961166641933
0.03495764248064831,0.05949623249717255,0.019206564441931123,-0.10290724411746886
0.026550885801483678,0.05562668858556588,0.0008872517832945077,-0.10373163489913376
0.010231811408197775,0.04476169758504879,-0.015233520423088044,-0.09107671859278434
-0.009587253531351328,0.031145256896023668,-0.025253742149850145,-0.0660854968076769
-0.026684107202811076,0.01872154886516074,-0.026966384279574637,-0.03345704757285196
-0.035186664114718325,0.009661705497144466,-0.020655545930469213,-0.00023960025917730415
-0.03172121694619483,0.0038226515433002397,-0.009126985482758171,0.026291606885580337
-0.0167538003325986,-0.0006917252682587111,0.0030630302773682894,0.04095600010163858
0.005386703210552152,-0.0061723439776378355,0.010957656955428552,0.04235891978004611
0.027837942607378707,-0.013793188243013108,0.010716919596945575,0.0333170608611887
0.04342874586428299,-0.0226503775592643,0.0008341147046580649,0.019825174630473074
0.047019646026143315,-0.02981536242780912,-0.017326648376889263,0.008902462831834775
0.03714522569383141,-0.0314243354760337,-0.03984142485024177,0.006078479167919081
0.0164057998776272,-0.024369860935159932,-0.061296914913117374,0.01342669613107521
-0.009488584605378918,-0.007882008257845026,-0.07630307697033217,0.028866067574723247
-0.03364210514849657,0.015695773529035374,-0.08100163088447851,0.04699076549235627
-0.05016316090013841,0.04131972273247096,-0.07413155643780386,0.06112497143093329
-0.0558633267228923,0.06275279595649469,-0.0573507122424233,0.06584461337472541
-0.050928412456543136,0.07462066688892971,-0.03473685911291578,0.05903426261856354
-0.03842520464645658,0.07423636313734205,-0.011632825745590741,0.042722416173105404
-0.022929581237142276,0.06249142836674227,0.00681272768823178,0.022396699912930446
-0.008847013261810081,0.04347363900224032,0.01697953366447333,0.005068119905556348
0.0009524983781219916,0.02297088072942245,0.01760702339402114,-0.0031856589938964036
0.005748037824620973,0.006454424099398087,0.009907791256740017,0.0007115193483118523
0.006724338420879184,-0.0026739982299228762,-0.0030281950652385307,0.015897072240038244
0.006102512562364244,-0.003914962966258477,-0.01731475388100661,0.038060964370118876
0.006084999277239291,0.0006800407303119843,-0.02947122381690449,0.061116642528794805
0.00806303891066915,0.00781565657138178,-0.03735711223541291,0.0793681702967733
0.012357123257761761,0.014599404122681438,-0.04055448224838113,0.0893341798494979
0.018487893465376687,0.019791062893045816,-0.040108332616843115,0.09056647831065123
0.02573259931541083,0.024112569831662545,-0.03776021002985848,0.08523301732180022
0.033616051293782714,0.02950410563345901,-0.03498950139347058,0.07674237308287543
0.04205565179763096,0.037690625382435686,-0.03224718583678404,0.06806293152292694
0.05108743053007501,0.04874699683372668,-0.028699360081482952,0.06048362307118226
0.06034228269643737,0.060376518496981946,-0.02261005085878376,0.05334039764969882
0.06860130444388722,0.06832809700458471,-0.012245897054422068,0.04479048146530016
0.07375566787599716,0.06788691745298348,0.003033968094368846,0.03324263266569641
0.07332315695752575,0.05588549636460118,0.021947539767756957,0.018747735833527013
0.06540244071175484,0.03240505651161985,0.04111079653892967,0.003652076438974257
0.04969883902841499,0.0013977838474856855,0.055692700207708806,-0.007877914184154663
0.028150337478053268,-0.030151341897494882,0.06078600303438274,-0.011359218324203668
0.004782779426082781,-0.054334908358597424,0.05308562681343406,-0.003951976193374632
-0.015295357327656743,-0.06499199482296929,0.03229745474655041,0.013946847162438318
-0.027490979191044547,-0.059955573647158096,0.001727743098182695,0.038210780994508364
-0.02936364379425418,-0.042007269157051504,-0.032263282773505854,0.061923349148447646
-0.0216623678400875,-0.018121796470959097,-0.061886492663612847,0.07751418459648729
-0.008290415150182924,0.0027873813569773837,-0.0801804055561689,0.07935276364372892
0.004897958210415977,0.012845887272398222,-0.08318676121373055,0.06582954509007657
0.012117284859614344,0.007865006060108481,-0.07129964947090167,0.040100808154707145
0.009790042211333148,-0.011283174303597265,-0.04927335793172096,0.009153837702580327
-0.0019914085914864207,-0.039036602786274514,-0.024805449065315878,-0.01851660708756072
-0.019274767097454414,-0.0670966690670672,-0.006102456240740692,-0.03578857144670232
-0.035481463108452335,-0.08723423076304804,0.0007872128364283474,-0.03928704396665239
-0.043689962497267726,-0.0939361163665873,-0.006031446114656298,-0.030367095040370412
-0.03918315166554278,-0.0859812728500319,-0.023685300449208198,-0.014346647873545289
-0.021339213989673398,-0.06646947037740181,-0.04554906550962874,0.0016982199913381235
0.005850891951346894,-0.0414137683718754,-0.0635734306184745,0.011706185313834737
0.0348786137615966,-0.017519487497460805,-0.07112894265994268,0.012883235780261595
0.05708419744799287,-1.5378025299630366e-05,-0.06536052719015607,0.006554914414165149
0.06548348481267836,0.0087007283092209,-0.04819577266454687,-0.002702972077835916
0.05706364956799167,0.009226282910536359,-0.025615854430618964,-0.00928559722111924
0.03373658378737826,0.00425044209998952,-0.005422815050859602,-0.009213496987499105
0.0016174965988326323,-0.002894743354450561,0.005703208405183104,-0.0021147130953921983
-0.03110100775782896,-0.009557926834253293,0.004777617824707578,0.008314838950120727
-0.056905225737199513,-0.014443729243059637,-0.006258687322511686,0.015619454181963581
-0.07135475961040098,-0.017474237767646866,-0.021157127030235645,0.013192026132671286
-0.0742709328480343,-0.019068846373101064,-0.031656462821938465,-0.0028289651280184874
-0.06933296970045161,-0.019331900208955005,-0.030649298420614153,-0.03153824864921642
-0.06229067290932666,-0.01764394207552081,-0.01505683982353375,-0.0669765195459394
-0.0585110325004925,-0.012913270608744316,0.012687703628964188,-0.09978271362560102
-0.060808744783511684,-0.004377808413769557,0.045170287273846185,-0.12024300131180163
-0.06838225529006028,0.007470658188871958,0.07243808254747403,-0.1216411199787992
-0.07723960835108784,0.02038158497387719,0.08553252992880761,-0.1026757615722784
-0.08192044206316518,0.03064798599279153,0.07985413898076263,-0.06804351665924578
-0.07782236145432231,0.034241729054574656,0.057109503286880775,-0.02696461280110299
-0.06321046995897031,0.028396235433459566,0.0250613681798936,0.009807654225488516
-0.040113906668359116,0.01298064088454802,-0.004924596995441637,0.03339867675313299
-0.013743796764819849,-0.008983062327063047,-0.02174162365592401,0.0394178783209453
0.009361589434376413,-0.032003752130659674,-0.01848036000663352,0.02886628659689071
0.02376394395081991,-0.04986088074664094,0.004958375044550708,0.00712352904345188
0.027193687211206123,-0.057785119918538505,0.041545884652552434,-0.0184731632142627
0.021452196122703708,-0.05422163282445861,0.07928097299636463,-0.041432265130787294
0.01176940515149597,-0.04142435446493603,0.10512547417783302,-0.05817531270920223
0.004816484463594596,-0.024565785989693764,0.1093878295365343,-0.0686068687361169
0.006083844942194456,-0.009648514594673363,0.08904700384195241,-0.07508071268829371
0.01758829161389906,-0.0010266183112421154,0.04886394118732215,-0.08033885665316065
0.03677513018044698,0.00043969463728032315,-0.00011009572764351244,-0.08543035969281293
0.05706587464200552,-0.002224282786437458,-0.04411929298956447,-0.08861699910620074
0.06991951113492216,-0.003427562779913816,-0.0711557839399698,-0.08584021997611457
0.06773407193132464,0.0024074260184692164,-0.0747671932812676,-0.07263354931848769
0.04660775476567274,0.01802793501923201,-0.05595316005536741,-0.04670045076064114
0.008011811974026,0.041499841388711975,-0.02256606340104493,-0.010018116915735065
-0.04121378701427526,0.06621936080050894,0.01350008923445788,0.03056611661392694
-0.09057439023413202,0.08298240991129341,0.04030294284151887,0.0647313206509549
-0.12881581190126265,0.08347026816875318,0.04963455084699423,0.08177239534410655
-0.14709546231616485,0.06387113698530475,0.03933677068093294,0.07436465903581502
-0.1414520636458402,0.02718645766804459,0.013461404400985137,0.04162577972696551
-0.11384114892842444,-0.01683296036063858,-0.01962984409765292,-0.009746976579205764
-0.07147138765770379,-0.05433477105678028,-0.050421774959150886,-0.06685215347378909
-0.024705578261420627,-0.07182894342395713,-0.07147037050915836,-0.11417124280511853
0.015792539543734038,-0.0609522777538208,-0.07957004888412517,-0.13824968947257626
0.04180328819984901,-0.021805970771921323,-0.07620086811951052,-0.131916013012561
0.04941976327455706,0.03643204102155215,-0.06626605034571495,-0.09659517625113953
0.03959020269198267,0.09798358786289889,-0.05575393789688275,-0.04190272555165968
0.017308148319060523,0.1452935507445912,-0.04930455478561207,0.017367511895367914
-0.010184504441324915,0.16459036892537154,-0.04861575589469999,0.06585882956902782
-0.03557304765107755,0.15027437287214906,-0.052226677211436756,0.09232962120682837
-0.053375818573284405,0.10661453867508623,-0.05663763089880238,0.09285686553111382
-0.06108373481610686,0.046179095712998844,-0.05819782734925116,0.07156224519362342
-0.05931212107218298,-0.014419206615205744,-0.05491767396729513,0.038723273330052065
-0.051047548637110154,-0.059941587254895415,-0.04743687033445634,0.007015490016708127
-0.040315903130274534,-0.08120333053923416,-0.03875954160649748,-0.012775262473267442
-0.030721701866641457,-0.0774284011021253,-0.03289177310351654,-0.015123690580136906
-0.024295473227550782,-0.0555765883312169,-0.03297226023422624,-0.0011638911303614823
-0.020957250477309057,-0.027058668730212412,-0.03969354361325754,0.02221065425952449
-0.018707207823671183,-0.003184747011321626,-0.05069200964149374,0.04508033544048972
-0.014445761215508696,0.008909615626541405,-0.061192225676498305,0.05802211270824685
-0.005156516247576737,0.008381193184418597,-0.06568468881055911,0.05519805087783427
0.010906847320098893,0.00017476427900903896,-0.059997456111364575,0.03603520982090947
0.03338639824509155,-0.007736242496392352,-0.04295597930755377,0.0050778396789961065
0.05960039478009471,-0.008144834645735732,-0.016975719415220063,-0.029764898564126827
0.08503434488475967,0.002126789396636908,0.012661249235956844,-0.05985243786876725
0.10443959828030629,0.020790129870477552,0.03959032915844454,-0.07840204553398286
0.11325351171343323,0.040998820889410884,0.058547337636557596,-0.08223743099966893
0.1089399539498782,0.0541668840449689,0.0671351394056586,-0.07227386143444435
0.09184137749889784,0.05350408827043719,0.06651588749064513,-0.052773291654012386
0.06524862823778657,0.036812328727295465,0.06077650348335659,-0.029774709698765434
0.034611489022595025,0.007411916720265862,0.05521408844046918,-0.009280757193412238
0.006075376913841846,-0.027159528143751645,0.054191762821929106,0.004260450250381929
-0.015241952769672495,-0.058125584987459726,0.05937374566370367,0.008839026822143492
-0.026704764066540317,-0.07890032522250078,0.06900503132875711,0.005045309889172921
-0.028865242223760756,-0.0875643960351647,0.07851259793957671,-0.004372457893309482
-0.02515579911054086,-0.08737344252065019,0.08221794324269578,-0.015335156267384522
-0.02062465113408387,-0.0850828612461135,0.0755444373719949,-0.023422059234395127
-0.020099468417489625,-0.08776073945034024,0.05692352793264526,-0.02485041146298434
-0.026383444068517392,-0.09938440513079706,0.028711403280577127,-0.01732170233934408
-0.03911279275569164,-0.11862691244830606,-0.0032224276723816017,-0.0006250917709351234
-0.05471023800284017,-0.13879198633071005,-0.031110856364061214,0.023123943530795756
-0.06750830890717771,-0.15002273851322603,-0.0475756943380851,0.04973065980282622
-0.07170644018333046,-0.14301459043074422,-0.04783451333078029,0.07371572464207146
-0.06351067726547555,-0.11285365371657105,-0.03112001773564053,0.08958522674181955
-0.04270359735956541,-0.06151452992276971,-0.0008806274342939083,0.09332361807177356
-0.013054212215762057,0.0019791127145182795,0.03626316070762174,0.08370235554793738
0.01864034740441777,0.06387980233303538,0.072438596663953,0.06295125101666595
0.044613646925699135,0.10976965697189366,0.10069581966322005,0.036458213832696186
0.05861865627702042,0.128958208690991,0.11677739083417829,0.011439102775991233
0.05799456705259947,0.11772357301090405,0.11999045853210544,-0.005126079585679226
0.044575436341513244,0.08032106095615146,0.11299703603963385,-0.00868932338607378
0.024086982995655797,0.027482602672389556,0.10067452272402666,0.0012651975367178603
0.004199930744804237,-0.026998403020616013,0.08845799147117445,0.02081925400997888
-0.008112947816594485,-0.07037742722424521,0.08068735485925943,0.04265790722636315
-0.009006538656793052,-0.09438183318293221,0.07942976786595762,0.05830227459522541
0.000875781961693127,-0.0968982381352,0.08406577285850536,0.06085727510874325
0.01660713832229979,-0.0815578736409994,0.09168526959311772,0.04737216284753197
0.030703023823417358,-0.05561355536783978,0.09811226318892034,0.020000997718405314
0.035787730266369965,-0.02705664283263802,0.09922523704169663,-0.014465906640162035
0.02728257398394866,-0.0020826816812359455,0.09219263710893466,-0.046578869365728706
0.005177937425742709,0.016249037444586306,0.07629803008348603,-0.0670740690277659
-0.025739415872169744,0.027871548751760414,0.053160093036798924,-0.06964835272637207
-0.05730175315553769,0.03440335263140663,0.026319009875472123,-0.05275774959802903
-0.08055108610762768,0.03742877919262873,0.0003218883441717755,-0.01988631482745488
-0.08863551761695565,0.0372074887118687,-0.020439378394055255,0.021727743070294236
-0.07904153949015405,0.03239678949554797,-0.03282804014732406,0.06339493517233959
-0.054425830046881465,0.0208867032990801,-0.03571002080697887,0.09747271168857106
-0.02179006300778419,0.00134435286244846,-0.030151368561343442,0.11922288492312827
0.009702132205237766,-0.02525580562310399,-0.019014661381293936,0.12749341931295524
0.0315285306166535,-0.05485476142810163,-0.0060705785776335175,0.12416482820793767
0.03831908754568033,-0.08073714272204967,0.005115524036487688,0.11275793648217848
0.029297530349182838,-0.09514845879312263,0.012186297902337863,0.09686127592382575
0.00826341199627812,-0.0916183466595962,0.014570967554140446,0.07901265447225328
-0.01778474913534108,-0.06721809697882433,0.013450693227371802,0.060390398974417975
-0.040861792917477734,-0.02397194320136417,0.011117897559909239,0.041269346382101495
-0.05430319385467143,0.03109269854713222,0.009945734622629848,0.021853788402776474
-0.05447119607035783,0.08733417719192674,0.011333803625529236,0.0029612946472100145
-0.04142946517838267,0.13295218407912296,0.01502720960900765,-0.013849573988924942
-0.018529065272612312,0.15782270419708114,0.019094557577309643,-0.026801112268592782
0.00881097442612399,0.15593752735189087,0.020623024102656533,-0.034803317635295664
0.03465006161594535,0.12682024802879133,0.016918429836305586,-0.03824913405618524
0.05391725766949373,0.07560284558177721,0.006782663328336078,-0.03921018936390144
0.06332244430910904,0.011813370301658955,-0.008632964738189024,-0.04080092709852624
0.0616940569493203,-0.05276407934580213,-0.025789550953501723,-0.045873939437883454
0.049853147084225106,-0.10661467067493,-0.039657913404173045,-0.05556551854135487
0.030233339973128968,-0.1408310763440318,-0.045327387108819346,-0.06835745593633483
0.006433346864358699,-0.1507900211120114,-0.03980754914036496,-0.080172734765702
-0.017218274749755375,-0.13686962936906277,-0.023375282954324367,-0.08562040324792083
-0.0361235620952769,-0.10411647336437219,8.039350768344888e-05,-0.08000698052687802
-0.045993373734358425,-0.06096982296749262,0.023951351285220527,-0.06135113318322862
-0.04359310837920489,-0.017319315320875946,0.04085062882219922,-0.031552787499904165
-0.027581918729360853,0.017703455325175938,0.045016520758987516,0.0038598249578364816
0.0007703677667574779,0.03773510265888777,0.03438344769724081,0.03743834806413259
0.037284755329225525,0.04054456639954042,0.01157812318503651,0.06240604435176056
0.07524896721001519,0.028416366246481844,-0.016578538148122234,0.0751463127711964
0.10655375940408973,0.007425593469442151,-0.04099448341420997,0.07656507789264808
0.12342530045416614,-0.014253582279830281,-0.05309416454779076,0.07169076779975306
0.12034939677052495,-0.028597809929541133,-0.04758989411631752,0.0675553383484941
0.09565140732919786,-0.02995312277143384,-0.02432508624225861,0.07011250985682584
0.05223543014370982,-0.01660638081676942,0.011443598677936366,0.08140377438092039
-0.0028000944543159455,0.00874725565777737,0.05045784836192632,0.098174351226499
-0.05962944668570102,0.03978547369681963,0.08214162562269417,0.11264148298608329
-0.10788197118938492,0.06835832299760618,0.0977171441718901,0.11529559007894338
-0.13895498387641447,0.08676064175820168,0.09277220739122445,0.09878097408796001
-0.1478386950576537,0.08978746609878549,0.0684832563176269,0.061390826630848085
-0.13399363100447909,0.07596505212902764,0.031143246388316784,0.008746152201950876
-0.10111464270373494,0.047635835080141194,-0.009806318953806846,-0.04716982272080727
-0.05594089192042635,0.009964945444993333,-0.04457172429041327,-0.09148394583653344
-0.006519928301027933,-0.030711533667304437,-0.06573251830060169,-0.11130067632191784
0.039567839522341795,-0.06858879587593764,-0.07006959578371251,-0.10025009392096326
0.07658525359285664,-0.09958151405795033,-0.05900741806170757,-0.061020406302721215
0.10136404888115752,-0.12168407308251258,-0.0376571460369789,-0.004842197614806082
0.11335561837567881,-0.13454207468082752,-0.012891700915562614,0.05202556018547697
0.11416377564489397,-0.13858567723767798,0.008849939588285886,0.0936496750148716
0.10679940083127007,-0.13421904001473356,0.023318812963243604,0.10974356630478747
0.09487710507691692,-0.12148110672231008,0.029283920446338808,0.09904033749554614
0.08189073639598177,-0.10033018084395831,0.028302171236727014,0.06947187154342124
0.07061711241167622,-0.0713758509084858,0.023658952101661156,0.035052764233882525
0.06265468320502422,-0.03663412387493403,0.01894358962411316,0.010572789031926651
0.05812043179056446,0.00017059811246037532,0.016771118923553402,0.006018839499345008
0.055578519137802165,0.03405876619807091,0.018030093482804953,0.022767384106556102
0.052306790730097114,0.05997361542741141,0.02179873891019569,0.05295829807777985
0.044974092312177805,0.07430362620118885,0.02583014669014741,0.08230664673659303
0.030685997483473018,0.07615865993604831,0.027349111211148455,0.09535344531766504
0.008189399429662621,0.06784051021778145,0.02387000098435684,0.0812619721581803
-0.02112268617431987,0.05422614992985313,0.013821527226532218,0.038062082344656
-0.052814652550259016,0.0412028424630262,-0.0031070451447379743,-0.02619548893485333
-0.07992480540181898,0.03368844483411665,-0.02587177583387752,-0.0957985527979328
-0.09444485408533729,0.03396943488202986,-0.052158068893430894,-0.15241294749568424
-0.08947714473814898,0.04099877914285753,-0.07859206714586647,-0.1810274058909358
-0.061486409166009184,0.05093836417796503,-0.10108806023494335,-0.1747408171902711
-0.011925365725382895,0.058742316455799345,-0.11538167239677882,-0.13678362849115672
0.05238499041088325,0.060155371552038234,-0.1177771252294106,-0.07917886423586962
0.12040320731260866,0.0533227673918552,-0.10604415445093252,-0.01863710620837597
0.17934962278011263,0.039358361950475144,-0.08027162845368632,0.028792125024386134
0.21787086795121152,0.021645164625181516,-0.04338669561050375,0.05244731879752958
0.2289606330323805,0.004177863681641525,-0.0010471689238195567,0.049633651112766734
0.21173397882160117,-0.010321905152099818,0.03925539626884132,0.025387604625981827
0.1714845407244045,-0.02166372995468553,0.06980516087587071,-0.010200108492072691
0.11799464852742722,-0.03220767211503107,0.08463402536730401,-0.045908062086072544
0.06263646603295922,-0.045553657156798905,0.08130409980345754,-0.07304097435084037
0.015198622807728566,-0.06440392959533112,0.061910806397732485,-0.08757600684459624
-0.018546711658036945,-0.0885180733450422,0.03288500489651678,-0.09026413771262319
-0.03779081039660946,-0.11372985127161467,0.0035131214353531642,-0.08499522943285773
-0.04593131577793794,-0.1326311120127881,-0.016496033322158668,-0.07637253741659036
-0.04849110864646829,-0.13687341947046167,-0.01972989940665439,-0.06763687995742174
-0.050546712804742905,-0.12034476438600639,-0.0032656782019549885,-0.05978701446676872
-0.05464481436362614,-0.08203085479674466,0.03035407957477515,-0.05211586682410253
-0.059970372862748825,-0.02736987161581274,0.07370353487267127,-0.04370604437789255
-0.06303596008765139,0.032611036251970656,0.1164743137750353,-0.03499449301737878
-0.05957422086698343,0.08428860979198502,0.1483095202004776,-0.028504866297526632
-0.046853536297644285,0.11565137125945024,0.16162210550145645,-0.028253107653813614
-0.025473713140396752,0.12028066712714003,0.1535582229484897,-0.03797457588418011
0.00010565072534163278,0.09965518049660671,0.12654544423194758,-0.058917603015947104
0.022571048272874657,0.06287031945687413,0.08731914347864055,-0.0882350814815277
0.033978558806937564,0.023770897141862094,0.04479431484434376,-0.11884733309357196
0.028411567542331068,-0.0035629851862760305,0.007487433154491539,-0.1410960241808295
0.00411465632000305,-0.009416799698866569,-0.018712070670967706,-0.14577640372236933
-0.03567241215961017,0.008486743408531195,-0.0317877545351685,-0.12751961487474314
-0.08348819964295351,0.04451981392483497,-0.03358414179148342,-0.08725510127715884
-0.12976061045957904,0.08741575397243836,-0.02867840295338316,-0.03272913854328709
-0.1655155601626415,0.12440410756635412,-0.02261087435575212,0.023287046560468996
-0.18475461982966068,0.14567663987218749,-0.020095516581454472,0.06663622943545375
-0.18572977787182987,0.1475526542917767,-0.023758956731938924,0.08610582614067322
-0.17077829642975584,0.13323139322474858,-0.03371315438064352,0.07700312334200644
-0.14492132332206606,0.11095222817481583,-0.04795414199503,0.04275108011636806
-0.11386734618836294,0.09037064140248172,-0.06331330061365212,-0.00605815061457779
-0.08223098618916885,0.07861993048984912,-0.0765543613611478,-0.054853460365786325
-0.052622001254873915,0.07761201899365304,-0.08523721051623775,-0.08946752317028375
-0.025850347852167273,0.08360792314614429,-0.08812521280777123,-0.10028136078356048
-0.002001534338071294,0.08916788808094467,-0.0851202983952917,-0.0848186052502602
0.018236059223718497,0.08663661107574117,-0.07688461204955872,-0.04803709302609038
0.032711508354779824,0.07170671461304143,-0.06438850059292836,-0.0003552079728472157
0.03792695566244431,0.045575174603586094,-0.04859592737050807,0.04581303349148651
0.030196426649294058,0.01477414720648787,-0.0303890333144091,0.07980705400181895
0.00742815589779398,-0.01130404389250707,-0.010700286845476373,0.09554587069700884
-0.029221607760022673,-0.024229273201248576,0.009278244312464743,0.0926275910588539
-0.07460707619246268,-0.020178681386291315,0.02796737531986241,0.07553700438940542
-0.12025058188305267,-0.0019140288408122097,0.04346944138324968,0.05143286940361571
-0.1563644652045807,0.021772040109510685,0.05385764915957754,0.027405242988244878
-0.17465307894265542,0.03902539705069436,0.05761711876399596,0.008172224120767915
-0.17095100633778842,0.03925033851377709,0.054107561583717656,-0.005068087225966623
-0.14673436687698593,0.01716602709759151,0.04390594540376569,-0.014380288245925868
-0.10888829531421083,-0.024945153186846335,0.028919728787959082,-0.023676913087022338
-0.06771037671544988,-0.0776769856945735,0.012216984241900833,-0.036754574731087314
-0.03376230854117759,-0.1274996862593506,-0.002422705850747813,-0.05550959346587158
-0.014615069331981971,-0.16123281382087334,-0.011185119828265828,-0.07893223996360138
-0.012599260809029202,-0.17035544662024915,-0.011035829419195058,-0.10317317240450709
-0.024337666976719456,-0.1535935387390388,-0.0005442701433994168,-0.12261307429073824
-0.04221546413048544,-0.11688944220147722,0.019450024987161165,-0.13156468759336404
-0.057257437265840365,-0.0708537940968195,0.04552636161486807,-0.12607450127357075
-0.06238083829126599,-0.026740737262222924,0.07191829638171982,-0.1052934024230157
-0.05486185442924516,0.007485990952954373,0.09141537446062448,-0.07202656632872519
-0.03714341097783921,0.02951221777081426,0.09690030093450319,-0.03229861513528266
-0.015718372884003413,0.042625900660840266,0.08328008028136397,0.005980145465547209
0.0014756913758607777,0.053390951954038715,0.04935770876239873,0.034938960665966176
0.008173128222543666,0.06806145687130591,-0.0009376575110465399,0.04880118001771958
0.002249890655263315,0.08923395058937506,-0.05850871190246125,0.04554576941660479
-0.01336716355394421,0.11412141609628515,-0.11054375081361068,0.027705982447534586
-0.0316843174374047,0.13517813703243925,-0.14336173470324995,0.0020060486212656707
-0.04414944677221094,0.1428697952167794,-0.14606623755281467,-0.022191564572653675
-0.04375201331381541,0.12953311989063077,-0.11404014110092539,-0.03533166175575111
-0.027564450347404287,0.09283100681322834,-0.051177733028691975,-0.030411751628179794
0.002215023402237247,0.037446242074852185,0.030036795866857428,-0.005262549634492512
0.039097729375754425,-0.025689402014689694,0.11094804103994302,0.03636751507373644
0.07469428935589907,-0.08241901734735733,0.17124201661564975,0.08538456798135796
0.10175030709798641,-0.11959868085606727,0.1944309638743903,0.12957855036556393
0.11667217327640547,-0.12907987679186428,0.17274781695715707,0.15698302783563037
0.12057300486576447,-0.11008104474076513,0.10990848950821895,0.15941758228938174
0.11842344553101661,-0.06919464662246622,0.02072634004612247,0.1351102418079433
0.11661387501419247,-0.018125097775605115,-0.07253151535001541,0.08949877026728983
0.11985686107070452,0.029972775986712885,-0.14614099191219987,0.03383817790147012
0.12864709659006823,0.06426469869893196,-0.1815703342565202,-0.01805438362884996
0.13833487760404525,0.07889351788033229,-0.1707859215901063,-0.05394002804365471
0.14030538590924116,0.07379363220637952,-0.11855264251781272,-0.06685316242416484
0.12498492535383901,0.05364682342173027,-0.04095394649911996,-0.05710888006526432
0.0856922014672572,0.025608554008048255,0.03947130263530919,-0.03190963593929213
0.021975305218104466,-0.0032219773717095113,0.10049805736611615,-0.002644957617478714
-0.058829737090155765,-0.027673467989779526,0.12678642674429455,0.019213503984814275
-0.14253320689038132,-0.045200076438703204,0.1141977221033318,0.02620176196917049
-0.2114083120225937,-0.05543647400770035,0.07051675965547877,0.017492450525037777
-0.24896034720671828,-0.05910259049628985,0.012404869418568401,-0.0008887057291172284
-0.2446886814683463,-0.05694320507726832,-0.040367910244180266,-0.018359882301577493
-0.1973302092715208,-0.049256197725817324,-0.07148645281524896,-0.023788625337485655
-0.11552590503062768,-0.036191484029914164,-0.07329040537388576,-0.009771057506979954
-0.015663172368477623,-0.018571966397768237,-0.04893590732153654,0.02436584160205808
0.08245450208949184,0.001303662169172451,-0.01088276689350553,0.07194004642440696
0.16077397315590197,0.01943893971722443,0.02369339604793817,0.12091321613248143
0.20741599711896255,0.030806466298609295,0.03895093869835249,0.1578070730829088
0.21905534844895813,0.030793614188784114,0.02582977597052004,0.1721399412578869
0.20065618566674814,0.016921535723051932,-0.014912594726229618,0.1598089941205953
0.16283904584663142,-0.009864262895267114,-0.07302647084160024,0.12424646422826335
0.11791112015626118,-0.044936223948866774,-0.1322493698014865,0.07500621367424509
0.0759696025235842,-0.08100244417265326,-0.17568003326063722,0.024376102360129034
0.04236844321556377,-0.1101555984314016,-0.19119706621630023,-0.01669281252327673
0.01727660751569201,-0.1262910089013276,-0.17513057101463386,-0.04185483303764327
-0.00273943603167719,-0.1270515915153777,-0.13305897569461395,-0.05071964592801269
-0.021915355432799155,-0.11459131583170923,-0.07762071158777559,-0.04794439163428502
-0.04249387553420791,-0.09485097404083112,-0.024235783494268283,-0.04060200138559792
-0.06310524184139979,-0.07556149146572341,0.013721323099505491,-0.03498795711213844
-0.07899533009292262,-0.06363776852334278,0.028674908925455968,-0.034171174695463755
-0.08401820760664094,-0.06283781080152348,0.020387464210199692,-0.03721237723559044
-0.07358215193997036,-0.07246630817703939,-0.005009806943629288,-0.040234814715723405
-0.047315840167604456,-0.08754152924788415,-0.03790243159674799,-0.038747599372588204
-0.010273525564257004,-0.10035487305988766,-0.0687886777292909,-0.030114716255523494
0.02798059349553663,-0.10290708069581196,-0.09124576350846927,-0.015037851780557363
0.05625990931295226,-0.08945007675653407,-0.10328636257962986,0.002618264131326306
0.06566692185658285,-0.058367649451420964,-0.10681718200158823,0.017582371963312075
0.05309744196382328,-0.012866750485433492,-0.10565693332282997,0.025724834409925887
0.022940305043616258,0.03967518106480368,-0.1030878218510003,0.026231071028682544
-0.013854558602489471,0.08948208334381952,-0.1000203796439447,0.02236188481075726
-0.043241314738916584,0.126770793709981,-0.09452786642816324,0.020348889582880877
-0.05301972703596342,0.14415038024350035,-0.0828995012122853,0.026778159800692158
-0.03755779174348399,0.13846513304259234,-0.06171978080513475,0.045500755623011827
-0.0005389829300841455,0.11167910330408426,-0.03005656113047405,0.07537934474912525
0.04544587569659635,0.07061683097896197,0.009206411305132538,0.10990667706172975
0.0825949138478812,0.025598498990582284,0.04951668245800518,0.13900920929404564
0.0938419789000145,-0.011787677933607667,0.08231719020080977,0.15246270244641183
0.06913426454068777,-0.031358734931723725,0.09966308297418994,0.14365752622443373
0.009860258354865337,-0.026908454592846204,0.09684435798925661,0.11225001885015713
-0.07026271416366679,0.0019276660395463226,0.07404812080694272,0.06462043466060245
-0.14842050245003446,0.04906056598402137,0.03644144789954484,0.011888431066889034
-0.1992543475047293,0.10292657339009481,-0.007367007162150843,-0.03381109546497006
-0.20275444938906131,0.1490369457337422,-0.04794234478638839,-0.06339713498733655
-0.15095370333244634,0.17363282937116328,-0.07779575231177238,-0.07371355488239124
-0.05115701702993794,0.16757053410384165,-0.09336392431909335,-0.0681221118550077
0.07550287664162605,0.12933821383862415,-0.09556300424392399,-0.054633943361949246
0.19988917893393826,0.0661920800294728,-0.08882051589443457,-0.04236874221780677
0.29331680853631026,-0.007163125179629309,-0.07903692012703828,-0.0377880271396199
0.33598372865429826,-0.07222291128450974,-0.07128473478379488,-0.042222540766274186
0.3226791304902423,-0.11176849655140472,-0.06809323648079571,-0.05167073528331857
0.263927227500078,-0.11492686713766012,-0.0688902881975855,-0.05890391289069252
0.1822082910388095,-0.08060066084149108,-0.07069920277379557,-0.05695744990005645
0.10451403241282531,-0.018053248278972547,-0.06970699202140862,-0.042510147467343974
0.05369739417225469,0.05571872135686946,-0.0630149446326082,-0.01769687310448726
0.04145725156427258,0.12114224260973969,-0.049861643573141136,0.01044842670257358
0.06522468307294926,0.16217141277600994,-0.031866045454580084,0.03272566286867234
0.10988387823923067,0.17133996471528423,-0.01225988064714692,0.04155383663582224
0.1536231483860699,0.15202291529905015,0.005509423285524458,0.03421221060962683
0.17583024495025137,0.11705294847448633,0.01918513610264288,0.01413309177654493
0.1642923209749262,0.08407360392271598,0.02851968990492619,-0.010366988815185236
0.11925273460107122,0.06917383083453693,0.0351743797132275,-0.029458299538554382
0.053004767265624524,0.08101230220717458,0.04176410890504759,-0.035901041126844856
-0.014732172898756198,0.117538516346016,0.05047012318875886,-0.02814976448957195
-0.06395189057067147,0.16655136480421645,0.061821658683817865,-0.011087236090080822
-0.08147036467531918,0.20998638856236784,0.07417471536807664,0.006030783231455773
-0.06551156852433683,0.2304638122762331,0.08412588472749555,0.013668244687173956
-0.026196376158580448,0.21775895446920118,0.0877121969864941,0.006481533181064371
0.01818695437292813,0.172813720688364,0.08192308436842394,-0.01373778746846996
0.047780201287665344,0.10773912923882907,0.06591994551479738,-0.03802602570802926
0.04829026747616434,0.04168888529983171,0.04147479355195929,-0.05335727011909157
0.01617579705640701,-0.005994465646578446,0.012453924542897753,-0.04784617706370396
-0.0398946183705825,-0.02290570856587852,-0.01644328096935018,-0.016057613570846407
-0.10178656332374811,-0.00834001658453062,-0.04118335111385891,0.03773614112258208
-0.14787873790292194,0.02615439051659817,-0.05954009471573186,0.09982120699520136
-0.16023165924952815,0.060784900197924284,-0.07143959515608053,0.15099153164747758
-0.1305465184103922,0.07476118905718493,-0.07840785086827148,0.17290985689670024
-0.0629810832665628,0.05421672195618674,-0.08240013432070467,0.15461644722710355
0.02701117382712203,-0.0020941472180575887,-0.08455555943785559,0.09677599962477411
0.11731889276493221,-0.08150495347323986,-0.08445655881888767,0.012033522108938086
0.18568125968642235,-0.16119533212250198,-0.08026064318475634,-0.07872745304172585
0.21594288130340789,-0.215824460045081,-0.06969318635099281,-0.15290902467308637
0.20214259277573166,-0.22642371363114444,-0.051498791374586045,-0.19315960001924726
0.14934807185613397,-0.18740005970475837,-0.026709482310211412,-0.192290610344951
0.07126636472613451,-0.10909213840237511,0.0008911346453562632,-0.15448482270376968
-0.01432467968260816,-0.014844400406211718,0.025441413974149608,-0.09257743241312799
-0.09069928561228754,0.06651000044263006,0.04069583310497977,-0.02269363546016509
-0.1462467331611591,0.11022399700147041,0.042182988952414596,0.04151141178512956
-0.1763994474917076,0.10396718371370439,0.02902164038873453,0.09272399502032919
-0.18318031508630514,0.05200141424533568,0.004643895762796743,0.13055939101105107
-0.17292700692637925,-0.02628621760012038,-0.023967828756773148,0.1589222628933476
-0.15325671716955175,-0.10302245222797837,-0.0483839208005147,0.1816052842380528
-0.13040585709938549,-0.15138513922742344,-0.06150156192527122,0.19836337398417953
-0.10775028952897446,-0.1547533192809038,-0.060016850223846036,0.20349827622430905
-0.08575627855243548,-0.1123214017765913,-0.04566764454205974,0.1878741006037587
-0.06306307110837608,-0.03926327252326457,-0.024716952623971052,0.1437078627874776
-0.03805266485685942,0.038573171681005894,-0.005765772917562691,0.07010060666282784
-0.010213628018924874,0.0935733814010082,0.0033943471131579394,-0.023300183984559467
0.0191798296255304,0.10577728183650399,-0.0012144349978213962,-0.11659033679069564
0.04720432728651743,0.06959035520194232,-0.01800785174244417,-0.18445531303130444
0.07004823268745279,-0.004457865816074828,-0.04006375292997631,-0.2042974778177552
0.08403083916414242,-0.09341166562363824,-0.05736078709431697,-0.16483838601750167
0.08652230759996739,-0.1696691334800754,-0.06035090669933358,-0.07186342305904689
0.07654970022822032,-0.21010780336886864,-0.0436714277691113,0.051459021757524336
0.05505079719980087,-0.20343405275316573,-0.008687081438125223,0.17040718439018088
0.02485097136621789,-0.15333520019112953,0.03611069368378081,0.24913598259306566
-0.009555201635923067,-0.07652807724573048,0.07713446237249175,0.26231677263527786
-0.04241102368169092,0.0034223452958671574,0.09964092795733413,0.20391748276297894
-0.06736650272116138,0.06422211528202898,0.09240140773116298,0.08985997052471631
-0.07848344304228452,0.09203766296914237,0.051637683158292695,-0.046651007411784934
-0.0715356099728966,0.08532864837255714,-0.01705635260797017,-0.16574292294572612
-0.04536303288784234,0.05416751678886048,-0.09948870216439365,-0.233874653514395
-0.002852724106186428,0.015516968532002556,-0.17620335216115954,-0.2347190563435301
0.048937972174061345,-0.013658830933904298,-0.22746468583394117,-0.17410389877223215
0.09984561225921149,-0.022877202287498212,-0.23849249352224955,-0.07726452561735783
0.13882775262088354,-0.011876127323919433,-0.20348501931925989,0.020597220740766142
0.1568799851278205,0.009673870911409971,-0.12733463086181598,0.08704798509766909
0.14980312875713725,0.02628767962644617,-0.024607670748247913,0.1038693755065112
0.1198678764650293,0.02303975123955726,0.0838860301304104,0.0731162981092122
0.07565861785168465,-0.008170375167838792,0.17598982078233827,0.015664698040091046
0.029922292251483587,-0.06476839787955083,0.23329725763046635,-0.03712689398889388
-0.004068123156526011,-0.13350948665062212,0.2452174262105192,-0.055511844852423164
-0.01655030723353654,-0.19441074516522394,0.2111162120888631,-0.02273210327769833
-0.004389352408554672,-0.22730757522762382,0.14016016720923544,0.0584896863949855
0.02781826243361635,-0.2188098979322855,0.049034326795431085,0.1666760443002182
0.06910486058900736,-0.16728025606884994,-0.041855090093327406,0.26920061903630543
0.1055638482481547,-0.08410841839302699,-0.11282432736876652,0.3339200604542726
0.12472119059453979,0.00921523443773544,-0.1490736777916835,0.34054194458941317
0.11935821718274658,0.08734077829832018,-0.14374926246398573,0.2875990248295986
0.08947836050363375,0.1286464451519983,-0.09932129454141383,0.19257380271018754
0.041776660889602364,0.12177623935120009,-0.027007281117652316,0.08526356358648614
-0.013116092301387937,0.06908019532952973,0.055677749146689534,-0.0030590353209195547
-0.06452560218004964,-0.01409246671160666,0.12880203291080733,-0.050657726807961316
-0.10526856042974916,-0.10398684535325603,0.17456755786395317,-0.05251936938809369
-0.13350603112607887,-0.17546412783871423,0.18155491575612964,-0.021218480156305564
-0.15228086735540386,-0.2092820246123966,0.14765216642756582,0.018659124690154814
-0.16704599465658923,-0.197446379129474,0.08085779296684545,0.04029343260635367
-0.18231286408910136,-0.14510195090927308,-0.0024105669326975263,0.024896637112275168
-0.19891775414816276,-0.06852911380958733,-0.08125722090271778,-0.03130977294515027
-0.2131562601840483,0.010002823335307059,-0.13561740076594736,-0.11586562001983196
-0.218256177444229,0.06887311279038505,-0.1515800913666907,-0.2048694004247988
-0.20764925746848356,0.09322681082771128,-0.12523941318232698,-0.2718713382144156
-0.17867253116697557,0.07882489094630765,-0.06389186458182808,-0.2975017922292674
-0.13503441168798436,0.032650362591290116,0.0159053624396914,-0.27632141774386904
-0.0867725980552085,-0.029695658657668565,0.09298501938040693,-0.21850943938278983
-0.04738985959404738,-0.08884380749839925,0.14764322075184366,-0.1459552834958671
-0.029021896185471078,-0.1272127624783484,0.16733905967327584,-0.08434202039084507
-0.03740436352721883,-0.1336568556990553,0.15025770380779818,-0.054169854106940335
-0.06867435831874649,-0.10599410224657443,0.10558250781923315,-0.06390517176947944
-0.10951039642467741,-0.05092236252724455,0.050339342729177436,-0.10753007577765138
-0.14093856658212678,0.018382576005993728,0.00378506620763611,-0.16710318409803
-0.14473042328179558,0.08608284946352601,-0.018859068000798833,-0.21916929916117311
-0.11022382135460657,0.13773199297101363,-0.011275021238199037,-0.24261510519192014
-0.039056310077269105,0.1634936593245305,0.022103964071748337,-0.22526302473936485
0.0541092181008592,0.15984771905571635,0.06788876645876386,-0.16715761473914037
0.14543473291868864,0.12962458229283547,0.1085636993297893,-0.07980584142024065
0.20925609949568014,0.08066992735276307,0.1286921942702282,0.017944285900576434
0.2265185868183564,0.023713549851493848,0.12035044519037855,0.10568256455265922
0.19137358180782071,-0.02994581152819581,0.08589286447721023,0.1668693323184
0.11354563382742591,-0.07047494378980589,0.03707572513978678,0.19235342548150314
0.015502836907111295,-0.09102015188903831,-0.00915574694649758,0.18131358311214868
-0.0747168170013211,-0.08864946433777847,-0.03672530400646511,0.13993294090686426
-0.13260992907678315,-0.06475275614179785,-0.036169154585457906,0.07877625472602096
-0.14510429163985744,-0.024902980926477962,-0.008003674801522587,0.009990193358052606
-0.11449935187352131,0.021887682845155507,0.03750372683453798,-0.0548717239623279
-0.057084903623952674,0.06460237988879476,0.08409234581135983,-0.1061537531025824
0.0030427596044048343,0.09232960827242133,0.11544855827443852,-0.13677691340581832
0.04274058279738743,0.09680716957903748,0.12118040865465328,-0.1427331619022597
0.04801852205282425,0.0748802817950679,0.10064817309632038,-0.12367973412224337
0.018764849650460498,0.030153649958275387,0.06323533681289627,-0.08354034566948591
-0.03164571285605256,-0.026873260823012547,0.024930365169525244,-0.030662740045645898
-0.08164584969132682,-0.0806075308694503,0.0024351664081659202,0.023020513474308446
-0.10969021386508451,-0.11398294488407179,0.006930501300568357,0.06412330460561766
-0.1023766909115281,-0.1131457418325409,0.0397736833336244,0.08098634597815701
-0.05953036484865215,-0.07194066882356984,0.0917200112184424,0.06708069651902264
0.005558089159532986,0.00523905996330332,0.1459898455203964,0.023469097118493543
0.07077278385396815,0.10337833584903128,0.18410784190921542,-0.04072945615011062
0.11296528374149147,0.19994896752306537,0.1924285236682855,-0.11034349012758529
0.11606817181662887,0.2706272210519416,0.1670045416902982,-0.16822606052145603
0.07663715351983495,0.29613245201195787,0.11504725513163833,-0.2001919730285514
0.004912310059091575,0.26817493608849907,0.05245874994742829,-0.19917610284507076
-0.07886536535787209,0.19258992627795676,-0.0016683519425937307,-0.1671467668234072
-0.15145212719044995,0.0884679462891638,-0.031599453277058966,-0.1140558441491856
-0.19435727131792202,-0.016722333022649232,-0.03020951251469783,-0.05416966625177408
-0.19962898842519153,-0.09474629032007034,-0.0010855354828419005,-0.001100218873662939
-0.17175592330436357,-0.1247347175165733,0.043208951253776266,0.03664099406898594
-0.12523338395330852,-0.0993441289879797,0.08599433030723355,0.057927694784555714
-0.07889779357729594,-0.02697946896982042,0.11262213398289045,0.06832262865597405
-0.04921031527324772,0.07070150771838567,0.11563397266654613,0.07673172301631777
-0.044903167760486654,0.16530177713482352,0.09706214332164537,0.09077932416764542
-0.06475161988895689,0.2302213385476924,0.06709118525117751,0.11279322059590077
-0.09899088849643636,0.24854799775130648,0.039663409791988374,0.13807117240818778
-0.13355395502060724,0.2178209911453007,0.026741860321861714,0.15621995695561025
-0.155365495908018,0.15018572568068647,0.03342434931824832,0.15514666338132066
-0.1567088215518114,0.0679496390541209,0.05576017221528756,0.12620837238191931
-0.13721413532031507,-0.003959105937328164,0.08209160423845287,0.06851206804465572
-0.10303852078060392,-0.046133226445556674,0.09741427864387947,-0.009388705517519469
-0.06389238538632239,-0.050764588827510476,0.08912039035487837,-0.09121633424302743
-0.029292277436344497,-0.02371015287108278,0.05197479636185956,-0.15765653497035215
-0.005536180487935638,0.018051572808608394,-0.009537699089138145,-0.19243419192286773
0.0055858376892514985,0.05263923947633563,-0.08237878864079372,-0.1876523637731345
0.006166336692064659,0.06103064608277982,-0.1492239692674321,-0.1465014094502368
0.00027202180210729107,0.03376672278966776,-0.1942816742892409,-0.08236992368343748
-0.008165901863826104,-0.02560261908262034,-0.20855806335781144,-0.014658636912992554
-0.016653354444392466,-0.10141259302401968,-0.19268180639147164,0.03725871459037658
-0.024143152892921592,-0.170754609210039,-0.15631057181024163,0.05988136871824627
-0.02998193766782465,-0.21067913454707035,-0.11439278065579982,0.049328564498383666
-0.032585448940605874,-0.20538425017067766,-0.08169074684116628,0.011884766780385452
-0.028782977192240662,-0.1511326989018197,-0.06757243288855946,-0.03861568215984422
-0.014437570096711622,-0.057454612111346115,-0.07293900717133808,-0.08546954555992106
0.01371905680816012,0.05557058635140187,-0.090340170630206,-0.11416621025841356
0.05579156558644685,0.16292994632455504,-0.10715052451945004,-0.11619463934830584
0.10710947412913875,0.241345778297403,-0.11057559946535217,-0.09057560470888354
0.15831849567182082,0.27497900332394376,-0.09262543450523861,-0.04299772266555063
0.19756842587500545,0.2586285673417953,-0.05325339544586501,0.016745016524370535
0.21429940466043002,0.197808465632424,-0.0005671895938074616,0.07787341511044409
0.20333979713408284,0.1060998543262118,0.0518986139007495,0.1312106335161516
0.16769593384691145,0.0009416448442635828,0.08980734193398396,0.17059772102211795
0.11872171323295906,-0.10068847040683535,0.10285871100455468,0.19310212080942502
0.07323577081652975,-0.18547883884091795,0.08814182686796551,0.1984600678540509
0.0482967938493875,-0.2452501525946757,0.050895883022379976,0.18834951972582042
0.05531756303781007,-0.27676780295155146,0.002533727419974781,0.16590349039413288
0.09560094747448922,-0.28053150668350857,-0.0432478559242344,0.1354905437458301
0.15902234400389656,-0.25937667502840067,-0.07482145809834248,0.10244627417571661
0.22655468464593082,-0.21755085556461,-0.0859222939820036,0.07234507674439489
0.27598751040324193,-0.1605009766253438,-0.07683399155792732,0.049630440172264215
0.28901885395483984,-0.09513245846043568,-0.053243868457854907,0.0358737372143446
0.2573382589383221,-0.029991901589719663,-0.0233979488195588,0.02837067683580687
0.1855957290962098,0.02518789585028148,0.005245154936557599,0.01994962411632473
0.09018429991164298,0.06085699220074828,0.028570732058973623,0.0005979780619038721
-0.005806890485640599,0.06974938343479957,0.04667685796845475,-0.03915349290946792
-0.07979558127123805,0.04909929892551994,0.06286299459338848,-0.10397587543279967
-0.11665825032351114,0.002135927735562612,0.08128459320132458,-0.19013745571110507
-0.11313138599104908,-0.061875539307280014,0.10431486601175999,-0.2841813238425778
-0.0782651840857457,-0.1293638887244144,0.130731344645443,-0.3649589097716537
-0.02989863122403539,-0.18568029326981228,0.1554912213247216,-0.40898283349485104
0.011536220787343223,-0.21899450374544954,0.1712235459905862,-0.3977685297061063
0.029729241721788126,-0.2237068067334515,0.17089396676845048,-0.32485065756493015
0.017502614213598652,-0.20226842128088507,0.15063879587209827,-0.1999187724143294
-0.021417065707555354,-0.1647210884483243,0.11168312250737544,-0.048205133544949
-0.07422577322014803,-0.12593879546457332,0.06057438066109211,0.09527839885615697
-0.12361015835846713,-0.10127303348961096,0.007557133883870609,0.19528527038912244
-0.15336172560989444,-0.1018384354253119,-0.03642808303336546,0.22683841724299014
-0.15315004714853075,-0.13085105328989632,-0.06314885121300316,0.18329549212055146
-0.12103468602651425,-0.18217881750740386,-0.06975632680554644,0.07915401744014279
-0.06319713346111526,-0.2416460784629492,-0.05982093635624492,-0.0536244229381249
0.008650467485772802,-0.29082807023636015,-0.042336885325509346,-0.1748779740595109
0.08102723235788731,-0.3123143229896622,-0.02894939063696797,-0.24829647640261915
0.1422620077317986,-0.2949409919806816,-0.030222849038321307,-0.2524396883764705
0.184834946535543,-0.2374422641251921,-0.05207844922362,-0.18714928725759383
0.2060497572560706,-0.14937894660631967,-0.09349742154507171,-0.07325036546440516
0.2072644091588985,-0.04896245215065811,-0.14622779024450971,0.054359386236542476
0.19234821040731487,0.04170775535879506,-0.19665818024516546,0.15794873295707165
0.1661178653603005,0.10269625501892116,-0.22939843944450453,0.2088196237240036
0.13326497286261305,0.12185275007678788,-0.23160783292746762,0.19594070663720745
0.0978880375438037,0.09835194622059225,-0.19687318657937497,0.12862975236632584
0.06339779674246976,0.0430639253947908,-0.1275263345982423,0.032605468614846346
0.03243754858919241,-0.024429019714030456,-0.0346827035337655,-0.059052202426837425
0.006588722392254174,-0.08136490608927069,0.06411718817872285,-0.11686063179925557
-0.014079886821270718,-0.10830270479920165,0.14912692412076994,-0.12413452227109856
-0.03129155219044294,-0.0946876022412321,0.20340053752054316,-0.08150912684816146
-0.048262576372160186,-0.04182406822799599,0.21724309102150732,-0.00558054061865941
-0.06860426367069193,0.03764193374579241,0.19085019128885783,0.07751019545641384
-0.09459661822779719,0.12358055022813087,0.13432538748944617,0.1410867251203058
-0.12542208723118636,0.1944034321428722,0.06496612257210904,0.16638428933917657
-0.15617451726245885,0.2334151725803406,0.0024866806480328537,0.1477097999338642
-0.17834001557877552,0.23355081749655354,-0.03652067254850051,0.09292551808947369
-0.18197077440802323,0.1990743527047203,-0.04329708848554001,0.01957255574756922
-0.15909266545210277,0.14378337343391384,-0.01938291695202446,-0.05160173482672253
-0.10726921545488097,0.08637948443243626,0.023966706790492658,-0.1032515615496125
-0.031964362622653425,0.04455705640645589,0.06932272634803462,-0.12595424511287923
0.05342852869778694,0.029737906986897378,0.09856577995795587,-0.11942936402036536
0.13031644132149484,0.04411106822420564,0.09865010560802402,-0.09057118066047955
0.1798521346016068,0.08081838582969277,0.06583554055746119,-0.04954346151825696
0.1886712329372546,0.12704173430913362,0.007004664360609859,-0.005714407929952834
0.15354900058074322,0.16877326012320001,-0.06241773933591743,0.03500785147037373
0.08329677435236035,0.19552490330239608,-0.12332917364455044,0.07068182024093123
-0.002971064199543725,0.20333643065483883,-0.15904984782822665,0.10193489711965184
-0.08089301360245892,0.19512589627544305,-0.1606631065760116,0.12970242807934335
-0.1277952290752109,0.1784363530207992,-0.12981234474038317,0.1533994585140906
-0.12936896070126194,0.16159393976873365,-0.07799678121452913,0.17047516195907852
-0.08396800791974032,0.1498512549008526,-0.022584388538600023,0.1775414851921947
-0.0031365761658688216,0.14304371608947725,0.019111725515976872,0.17245186849409372
0.09181210166178336,0.1356605544055319,0.03566395595465707,0.1562005926246856
0.1760728836383484,0.11927013808877986,0.02525312842419863,0.13354318924141306
0.22848812803977323,0.08631227383703535,-0.004005872820410409,0.11179297311797559
0.23733120805904273,0.03373449984799292,-0.0372324582509976,0.09808907917002169
0.20302763817628106,-0.03498955372585599,-0.058297257265954125,0.09619138450530042
0.13715863071041628,-0.11028966199112505,-0.055698684794673076,0.10419819857588007
0.05830508384842731,-0.1792511078621971,-0.02667892029617068,0.11433420622735237
-0.013752926150678847,-0.22965996587209203,0.021900106388138225,0.1151928723163545
-0.06357283882551387,-0.2538136642459665,0.07621055296943935,0.09583126527450012
-0.08367804458558875,-0.2506716781395836,0.12062549255911117,0.05030107745417093
-0.07541233518309806,-0.22558336862726527,0.14344285309761778,-0.01910241664634941
-0.047136654597935077,-0.18778738491001534,0.14099697678170448,-0.10123488108994919
-0.01071325863770502,-0.14674688424100554,0.11859330283853278,-0.1785964577163236
0.02237061849842987,-0.1088179974890891,0.08791165403713502,-0.23225382827545085
0.0439926062961422,-0.07557089968886993,0.06189055555709918,-0.24759773807792848
0.05076400797680111,-0.04436598382725257,0.0491097770169152,-0.21897934597049426
0.04372151932462147,-0.010825195814858288,0.049935624184665545,-0.15161350479236566
0.02685818434245897,0.027971808715970655,0.0560660078808146,-0.060073640655978755
0.00528123324821785,0.07105451967514032,0.053823518131035156,0.03610886414858064
-0.016295709918415717,0.11306125920840857,0.030068173370569252,0.11822399123260366
-0.03435304816420079,0.1460073240626284,-0.021501105813620844,0.17357226764122996
-0.04668695289514886,0.1626459143486877,-0.09617674746469101,0.19835564194209698
-0.05216255848049023,0.15998281042104887,-0.17805550546057308,0.1974302827545946
-0.05046366089744747,0.1413277848502162,-0.24426951491407511,0.18122832546867845
-0.042046347760983815,0.11577960247404667,-0.27241208373280906,0.1611529982895833
-0.02825028207925599,0.09506884993656345,-0.24864709083434713,0.14523491599870827
-0.011326933797688746,0.088821811114921,-0.17357209846721874,0.1356409617641021
0.00587548590924912,0.10008894804402381,-0.06354801152718136,0.1288433798069896
0.02065660629561719,0.12305460222939016,0.05328186774752453,0.11819659605494692
0.03144451930427254,0.14413176294289703,0.14520339024812395,0.0977416788734313
0.03858589607466507,0.14638419218237408,0.1867524833820522,0.06561357101893034
0.044474637513005746,0.11588036273778535,0.16686483487653248,0.02562443330741123
0.05275138457841081,0.047699214471723664,0.09255582183614514,-0.013650111098861098
0.06669661251501285,-0.050745376702485474,-0.0131914915677202,-0.04194510285916277
0.08735546768924274,-0.16054708399195844,-0.11868918812692514,-0.05133099672075188
0.11217678039393524,-0.2563346155819296,-0.19355535615679925,-0.03958054355638914
0.1348800619325859,-0.3139487118112252,-0.21813298757205735,-0.01149832203909466
0.14686639438211432,-0.31818296746718955,-0.189196827067863,0.02239712265519768
0.1398911970044232,-0.26787317705010416,-0.12012650938982661,0.049432291879635486
0.10915100063098139,-0.17648935758340717,-0.03563958763570964,0.0592972738968843
0.05564621256465424,-0.06795334465339686,0.03696809146654455,0.047842801716190285
-0.013180900490269529,0.030898948320646977,0.0769851923839435,0.018707666780833538
-0.0849814323241524,0.09859797687270602,0.07672081632725389,-0.017887838124887874
-0.14587348410427722,0.12520844220980487,0.043136219547062024,-0.04880038169808543
-0.18459835811506942,0.11433039245310085,-0.0056564565819959296,-0.0627712280999187
-0.1960337056705712,0.08042297262969578,-0.04755065728202914,-0.054629391394639015
-0.1827878560833301,0.04264434262260351,-0.06455882378145747,-0.02732785598987348
-0.15424120186455664,0.017624997203192237,-0.04896802222848238,0.00897955720817503
-0.12331118197355578,0.013881230697613618,-0.005456164089855227,0.040540536825048816
-0.10205844625261548,0.029837839990433004,0.05136504974167985,0.05501951906485687
-0.09769779828510389,0.05596622789731923,0.10283636361932635,0.04611991781260581
-0.11044521583234011,0.07993307196154902,0.13322899378713854,0.016115255564129103
-0.133957470898699,0.09252193015315487,0.13518822087838384,-0.024685320680788648
-0.15815120641250488,0.09186649428712895,0.11170763345473031,-0.06142563731986349
-0.17329177285864195,0.08428874279044304,0.07408300021357501,-0.07997014073103978
-0.17376574474788314,0.08145185736754876,0.03683537179926927,-0.0721139195651383
-0.16008442938330258,0.09504370339059874,0.011710284973977081,-0.03887805105983007
-0.13836355260307617,0.1312016280312681,0.003145558007770277,0.00933184732116844
-0.11752000927295142,0.1869837689545489,0.00696556545030216,0.05585222510140264
-0.10533309373768501,0.2503600360928634,0.012762836272280139,0.08318058449121464
-0.10497774357321073,0.3037818423747697,0.00897016792978227,0.07888222966969263
-0.11346439952373476,0.32996699077974573,-0.011436833489300613,0.03998148842242361
-0.12267387077831102,0.3176752518684336,-0.04693510806452341,-0.02567886987253988
-0.12264223838872773,0.2652889600588397,-0.08684959583222163,-0.10161728650830776
-0.1058335732169909,0.18092249878503713,-0.11456617101495802,-0.16775157005885424
-0.07070078933482177,0.07918388060170498,-0.1135160422092671,-0.2066526803499309
-0.02305844745378193,-0.023974771942214933,-0.07378902147837055,-0.20896126926341377
0.02539876935745181,-0.1161872860689718,0.0030870289853217013,-0.17619429119465735
0.06100604435248679,-0.1914538562042977,0.10308188788232837,-0.12004217685277163
0.0730846595670506,-0.24983892933009125,0.2029156090915813,-0.05842548463379833
0.05811256634817387,-0.29452015845502705,0.2767081024348045,-0.009647902581221768
0.021514489207486474,-0.32777681259256997,0.3038840518679884,0.013408422886034384
-0.02368044846320985,-0.3479564999108756,0.2757045684009029,0.007148624534397939
-0.060929207489428955,-0.34900740414125725,0.19821765257174895,-0.022022362428099622
-0.07562314881206239,-0.322992494801724,0.0906014093562999,-0.0602791595408045
-0.06000285473370006,-0.26460485883236373,-0.02059338835739591,-0.09128682225267261
-0.015834987205541644,-0.17568002025260987,-0.1094385097260115,-0.10173280257343748
0.04605406816514561,-0.0675105099798281,-0.15827753658869778,-0.08561603449360916
0.10918348769630465,0.04046945599405776,-0.16259417570948642,-0.04591166967052825
0.15654883012906123,0.12562328829304728,-0.13161670890256477,0.0068309777226040515
0.17571902513185308,0.16912846131506648,-0.08459504185067347,0.05833776425078619
0.1622372784127511,0.16251850450214345,-0.04408889157107598,0.0954720699566515
0.12033954529888433,0.11117449597189744,-0.028525967671888985,0.11038572684452158
0.0609837917569973,0.03320551408088278,-0.04643902415324082,0.1025572166482959
-0.0019068450672087619,-0.046148593119570494,-0.0941485606065382,0.07812353897692016
-0.055569536186798475,-0.10273592027445329,-0.1574659972131885,0.04690610200857664
-0.09151690044050177,-0.12140820931589061,-0.216665402106338,0.01835100360944346
-0.10679244126255058,-0.10073876868679006,-0.2529527255671691,-0.002042634414402703
-0.10329410858955936,-0.052795013088497274,-0.2542713396714469,-0.014466710742035772
-0.08579939545064746,0.0019396191925486958,-0.21862022624967237,-0.024108360022075566
-0.05969476732771076,0.04256741234030127,-0.1539796190992222,-0.03834875416028635
-0.029336635176827983,0.055666310804204755,-0.07510576559639184,-0.06300314829051128
0.0024696042936233845,0.040086877207098096,0.0015277599337788356,-0.0991230463883267
0.03396883225513272,0.006879417788385772,0.06283084589375663,-0.14167592577291688
0.06349126303670896,-0.02553589876777963,0.10253143530547737,-0.1807066131337507
0.08872872306744434,-0.03900481896613814,0.12191094089292966,-0.20463070087448876
0.10675114213902356,-0.023061859178312955,0.12780118330813328,-0.20447169025669823
0.11482058109366897,0.020759043416421902,0.12876449353367786,-0.1774490101333383
0.1116035099999573,0.0793707401815709,0.13097943983987986,-0.12851495426250192
0.09813047032665534,0.13309222438636145,0.13540056626540709,-0.06916546234788232
0.07792652853008612,0.163106795105866,0.13725092932683136,-0.013850775289243167
0.05610431078022622,0.1584538199179809,0.1280299497689797,0.024782534742501347
0.03770441807660542,0.11982951466523872,0.09928695888202305,0.04011840278387685
0.025954729965588647,0.05879701200108966,0.04674872008260325,0.03372104611677171
0.02121245926684808,-0.007127738902375398,-0.026772132132829665,0.014593475747459318
0.02109227990337616,-0.06139907165310553,-0.11086321604847456,-0.004221043045165554
0.021771943190410408,-0.09449555858710337,-0.18974575774981284,-0.010480006819322664
0.019925070210978148,-0.1066548898631671,-0.24664039091565698,0.002735198621880052
0.014406087742222046,-0.1062768938721016,-0.26887175822314363,0.034475032568722544
0.00686725367487699,-0.10483078417526186,-0.25200135325636275,0.076299942609306
0.0009242005862377528,-0.11059384349327453,-0.20154291549914757,0.11544800876837276
0.0001358379702073309,-0.12405574765493343,-0.13158451768716029,0.13962132903269742
0.005652291989573212,-0.1371221127824337,-0.06066515835346338,0.14161023727978117
0.014644002455420926,-0.13661958066326294,-0.006187606807863682,0.1220259204537621
0.020413100129447498,-0.11071341694484495,0.020827687871815756,0.08911313554472926
0.014454689236868537,-0.05549090560897547,0.0189192189520008,0.055708275205797415
-0.010085565459834925,0.021269396189641278,-0.0037726440512677933,0.03448495305754038
-0.05478959943265059,0.10109246912753915,-0.03262182812745934,0.03328141802410617
-0.11365344516905368,0.16060463528284574,-0.05175066436916373,0.05227922191622584
-0.173221596724379,0.18014142617847434,-0.0496111797829242,0.08410280674662265
-0.21549045904931013,0.1518566568472395,-0.02300776963999491,0.11679489044253481
-0.22288697017516912,0.08399706748970145,0.02182670542585083,0.13851524050013764
-0.1837991301170635,-0.0006628326132597957,0.07148485398685195,0.14213685046629404
-0.09682033106615458,-0.07202422477065992,0.11019997227781687,0.1279400754918451
0.027787780143419732,-0.10307196987613693,0.1255518181391812,0.10333302790714441
0.17001323008238683,-0.07968576030278585,0.11305974088691051,0.07968544055116833
0.30486092570891266,-0.00612341766816598,0.07802376684891957,0.06751042090178533
0.40848488969908625,0.09602751576805826,0.03391932307346865,0.07191546985116257
0.4637762460801907,0.19520686440445592,-0.0021442748937431227,0.09018985330137277
0.46375129953750976,0.26092363501484583,-0.015347531733402985,0.11259963237769827
0.41190993749719396,0.2744196959508363,0.001599361997389439,0.12621274671841587
0.3198109700518938,0.23499272467431004,0.04575654375030583,0.12034843157699393
0.20302730737779479,0.15963975578297396,0.10478090216627209,0.09151994467860874
0.07706185253514276,0.0762185691571096,0.161034257690616,0.04582131673418279
-0.04540933651808443,0.012796041577563986,0.19756721126722754,-0.00239920497389059
-0.15532675658970818,-0.01270116335700056,0.2038943068759967,-0.03534380090486967
-0.2463477036922228,0.0014330674554164976,0.17952853170299027,-0.03843432881395219
-0.31325319121419104,0.04114643873458159,0.13401669359771495,-0.006399499745643401
-0.35087928071023183,0.08332538718554078,0.08344514554168823,0.053609745089615066
-0.35443184882821105,0.10596050882792973,0.04463583974969497,0.12329766515770826
-0.3212699783783233,0.09764453117945227,0.02908144714352752,0.17875632488778093
-0.25339961240013875,0.06253398470781041,0.03877721555114626,0.19852374616451102
-0.15938757815359242,0.01871330089765212,0.06545235021446225,0.17140379718609672
-0.05444362698762909,-0.009455500562817475,0.0935123830080192,0.1012142183773452
0.04195489156928983,-0.0019731088042862985,0.10569515492140663,0.006589044167817415
0.11053702910676183,0.04745992414590977,0.08947826038705955,-0.08435947688450807
0.13750754488246772,0.1272818968898391,0.04199513947656709,-0.14289972852362812
0.11880455954462288,0.21099111746460225,-0.028281524164438625,-0.14913978205019873
0.06171695543622819,0.26629679018099806,-0.10372434980328733,-0.09886003638087681
-0.016932051217718222,0.2671662503514797,-0.162916349096634,-0.00531560924653658
-0.0956288117301081,0.20420708808010024,-0.1874293165435293,0.10471159363147181
-0.15452014433666444,0.08934213101351937,-0.1677793433117121,0.19936649139633483
-0.18115742832562423,-0.04717796208170989,-0.10661478481801973,0.25187798755225016
-0.17369357946970124,-0.16651446647982432,-0.018127847809733297,0.2490183530902213
-0.1404875555337941,-0.2342729218475984,0.076072650567066,0.1950386533739047
-0.09636155021629567,-0.23211043838919326,0.15326107745182727,0.10980560863169112
-0.056957499774679524,-0.16371615030984787,0.19606073225900245,0.02185066647502637
-0.033295346759133045,-0.05305387809105075,0.19710497864962162,-0.041233357433947675
-0.028495600882026358,0.06437784371240428,0.16058570409374157,-0.06174876025646912
-0.03774927109311698,0.15396258318780404,0.1004136835331901,-0.03719268349258499
-0.05134213911709681,0.1934789078932608,0.035757094889800146,0.01978282498987749
-0.05936494461754088,0.1795914570352419,-0.014559286049370422,0.08654863971681846
-0.05612398728865042,0.12719539104811226,-0.0371168038090907,0.13883970977766863
-0.04244596536987397,0.0622243055828432,-0.027080865301183865,0.1592439295917265
-0.024970504044218696,0.010951258767572521,0.01116445803448839,0.14286489107632555
-0.012782447712837295,-0.009997197695384537,0.065800351381567,0.09827130777397526
-0.012848698094574267,0.0008458764361559262,0.12102571608510082,0.04357055712673271
-0.02624213062004677,0.030622129781940975,0.161119986776995,-0.0008181635772294485
-0.04684346072620239,0.058663926418026584,0.1740920384748802,-0.019980632360805713
-0.06321824019808589,0.06583554564990017,0.15417555809521394,-0.010061640091870723
-0.063060211391905,0.04284432432182066,0.10281742625173837,0.020417219653486866
-0.038494609029736906,-0.005785106872301025,0.028156745069799496,0.053883445204474724
0.00990778219033766,-0.06354485569789262,-0.0567652527952177,0.07040936847022405
0.07214822680076798,-0.10869412166807108,-0.1366889167832068,0.055308014552781726
0.1314730686865436,-0.12309126277329924,-0.19726199106375975,0.004864811027498993
0.16991642903819576,-0.09951034496044031,-0.22809212593140132,-0.07186425932961849
0.17476993688652917,-0.04453650561277828,-0.225153758252756,-0.15583692736202698
0.14358860740485507,0.024029317348193382,-0.19197477043741146,-0.2244084352624343
0.08579257262211198,0.0841033189868017,-0.1391553437315694,-0.2590672439890287
0.0201216663369687,0.11772475700073379,-0.08207837202476523,-0.25181473375484414
-0.03129551759468199,0.11754466467278413,-0.03713518090976081,-0.20797184555724435
-0.050245281003200554,0.08885607500727152,-0.01729678419467749,-0.14444970049909772
-0.028563807794919252,0.04648213653853621,-0.028227635834673692,-0.08408995971017483
0.029044221460343668,0.00794012647040205,-0.06618478950336348,-0.048017329000712046
0.10648006677641327,-0.014206571659544353,-0.118573504222932,-0.04859788385171905
0.18147993207560537,-0.017605877101515344,-0.16728978444120757,-0.08535614324983512
0.23275721126060617,-0.010798740474827992,-0.19407594585307197,-0.1451742780642326
0.2465961054259938,-0.00904311614797474,-0.18635179360408438,-0.20664641654939503
0.22070581190706023,-0.027011398376081457,-0.14165969612039592,-0.24708841167091383
0.1641831145921911,-0.0714025296486338,-0.06914990367254412,-0.24986488136722945
0.09383436892581828,-0.13659028759518987,0.012602444720065378,-0.20965255919027778
0.02835192255182865,-0.20524835022960286,0.08096897780487221,-0.13399914061425205
-0.01751976561136429,-0.2539222896373213,0.11623521806151382,-0.04078796532749747
-0.036858666500537374,-0.26154163191524826,0.10793510718841162,0.047448526974673666
-0.031375083278066006,-0.21766263533088656,0.058427412174066,0.11044773335433573
-0.009251768604913705,-0.12727505097249311,-0.017565187833836662,0.1361322967655189
0.018824720576608396,-0.010272124355247336,-0.09740765547227039,0.12370144333584712
0.04374086634077425,0.10432641770808423,-0.15759403381970594,0.08305812494698613
0.06059629444979368,0.1873669583644716,-0.1810757903631585,0.030935611418074
0.0691031751806983,0.2185865308109034,-0.1624560096637087,-0.014882010738366331
0.07193527867344718,0.19254316652289744,-0.10935119027257051,-0.041313553296737034
0.07205132661982115,0.11953706320253213,-0.03953877705564979,-0.043878919364832486
0.07036385959580957,0.021475187342011644,0.02504802213491873,-0.027588938770818246
0.0648685361453977,-0.07557529161911059,0.06536269930734884,-0.0046825322746103645
0.051624568642880626,-0.14935390610712596,0.07092100842670816,0.009927341188229095
0.02710649778112991,-0.18715890296387883,0.04227596069508485,0.0039497756933098115
-0.009197312375335545,-0.18771543367853905,-0.010334677377209143,-0.027965982211080265
-0.05321346677672284,-0.15908901640254788,-0.07140838880144068,-0.08223700330885683
-0.09660754081826202,-0.11404336392586657,-0.12585447194342403,-0.14724891265339873
-0.1290798035337004,-0.06501507687785982,-0.16378177961867746,-0.2068062443675347
-0.14186016882848207,-0.020701357565725338,-0.1827358189696522,-0.24500964377362167
-0.13107391136827942,0.01471964657048212,-0.1868121169962837,-0.25103948759177186
-0.09961867444250869,0.040021507949038485,-0.18332575617997096,-0.22240440360096525
-0.05670846501461146,0.054351706066504704,-0.1786399519371145,-0.16572381498641606
-0.015105400200637425,0.05533116541017155,-0.17499594911859168,-0.0948818771175838
0.013059417517517918,0.0390474413956737,-0.16966716688813838,-0.027173223682482057
0.02041832228295285,0.0021055439083086,-0.1567121584908758,0.021376268265638675
0.006976726795004735,-0.05523770777247801,-0.13046337755961995,0.04014526089325282
-0.019750605799140824,-0.12652430049288838,-0.08913324985000148,0.026369502213636188
-0.047156815610994274,-0.1987167284742661,-0.0368574450391827,-0.01467582380810291
-0.06170233871146896,-0.2547267150431395,0.016846900329344956,-0.07165663546591465
-0.053415337950775216,-0.2783191560505437,0.06012476635425204,-0.130596603368385
-0.019245490603498994,-0.2597188989585777,0.08315182991294479,-0.1786410648515794
0.03578986195641322,-0.1997426451906673,0.08202979795817972,-0.20706933784285636
0.099963337969842,-0.11066147943102503,0.06053243169771741,-0.21278000811153425
0.1581770831690396,-0.013156178943696957,0.028859991557603916,-0.19800940744691659
0.19617466038825657,0.06978632053556721,-0.0002226712210943206,-0.16860974340260118
0.20433636607739822,0.11996599878697484,-0.016383006899046287,-0.13162824087085306
0.18001621420829186,0.12953007565564623,-0.015839059071811795,-0.09306828076241294
0.1279195651407873,0.1029951397624527,-0.0028667636183251407,-0.056549961987927985
0.0586369724370563,0.05502608323990117,0.012029082665551106,-0.023194559392400175
-0.014069509167781949,0.004847380298524318,0.01666034310696434,0.007417551741715868
-0.07641476522331819,-0.030596875166336288,0.0026527501139386664,0.03575369536656388
-0.11741859124790975,-0.042202780167632105,-0.03034038039067205,0.06100674457297989
-0.13089915495513146,-0.03102204390335799,-0.0735228159671063,0.08054763411416987
-0.11640829068500716,-0.0066814652295928475,-0.11157960544541087,0.09042852011825223
-0.0791125861682054,0.017219543864191934,-0.12820045397938265,0.0867849945680576
-0.028745084296531758,0.028732684166100697,-0.11245659024873195,0.06761665504321229
0.022203901496963503,0.0219192099168961,-0.06354829057832918,0.03424974551554996
0.06085196305296234,-0.0016945574833523783,0.008028052855624728,-0.00813268162752977
0.07655412332335725,-0.03490845799525148,0.08352259035582496,-0.0511980110761064
0.06336626143099847,-0.06884272621714008,0.14219899529620367,-0.0852871796804916
0.021786360186026345,-0.09719327446733103,0.16855961460607477,-0.10184068893677942
-0.04079178088628328,-0.1187697050012326,0.1578271933991277,-0.09569591400746266
-0.11128616682763691,-0.13717003857666,0.117582810761545,-0.06655289850587755
-0.17376799070995072,-0.15778487528235519,0.0648864799846401,-0.01916807523043261
-0.21339203358079384,-0.1835881443552232,0.019920466615624105,0.037764326388739486
-0.22041549902724372,-0.21180583994477797,-0.0014653607715912516,0.0936853850191988
-0.19310625159620462,-0.2332627824276033,0.0065119105629995126,0.13857908658665588
-0.13853096339246904,-0.2350857277281073,0.03772736495994542,0.16504720091038882
-0.07078787263107633,-0.2059438612600959,0.07688466032347847,0.16955110992714278
-0.00705054127573399,-0.1417671160709685,0.10574858392921184,0.152625145246581
0.03744988552517821,-0.04944808137954256,0.11043799698392956,0.11819032435897825
0.053940425876017536,0.05336210127139576,0.08693057125576652,0.07232714235560656
0.04263554003443922,0.1428005975887769,0.04262819968909929,0.021934375384468453
0.012401230363158756,0.19637056587504892,-0.0066251104777632925,-0.026390352766309255
-0.02237798862184731,0.20089385902490686,-0.04289158151179168,-0.06709914520071869
-0.04669924520311113,0.15781262882360314,-0.053338182696099135,-0.09610984163289285
-0.049951003991702686,0.08361892439428806,-0.03541822773556935,-0.11103281255235664
-0.029322452268472604,0.00491305511211074,0.002051252789039913,-0.11133846507908568
0.009538804056222658,-0.05040261571605072,0.04238987578285418,-0.0984878285790946
0.054794642764504915,-0.06276458358408388,0.06778638858420863,-0.07591814024241646
0.09274069330323917,-0.027957471133167794,0.06660988768610278,-0.04870558145655873
0.11259380075575123,0.04112332638443321,0.038373548531010174,-0.022773625333652417
0.1100151525246508,0.11871995624282643,-0.005691283417512603,-0.003676525702869256
0.08814725623401233,0.1750617362932433,-0.04678430258462339,0.0047983259498276636
0.055896866728338136,0.18671844855841957,-0.06587144151471427,0.0017961462355559343
0.024234623753788116,0.14479236086672176,-0.051370655443043846,-0.01011662410394637
0.0020090278918740018,0.058054583201910995,-0.004148608090482883,-0.02543770350936279
-0.007089215827903193,-0.050044502694133214,0.06222274057002065,-0.03718654466286032
-0.005275333485063059,-0.14936100331632307,0.12618618352525587,-0.038982332477589615
0.001069015992111396,-0.2131473836329651,0.16618844144024517,-0.0271224297052099
0.004818131782853639,-0.2266712516229329,0.1689148539190505,-0.0019699306207794035
0.001727373878727935,-0.19141416293187197,0.1345819393946997,0.03186702930253691
-0.00729705331778067,-0.1235760087973973,0.07717158473127513,0.06670531731392107
-0.01628906504085334,-0.047688250018911416,0.01940202474112249,0.09399329025859515
-0.016713571593212295,0.0121569514198502,-0.015744619628294668,0.10687151815477311
-0.001398989315076045,0.04023808636733584,-0.013761115837741924,0.10226065298366119
0.03167720403169835,0.033566276751039306,0.025714160910177877,0.08179081808317534
0.0773447304373271,0.0014134657536366453,0.0885091875060518,0.051271926325363065
0.12390269254397442,-0.03941398294025714,0.15104423857468763,0.018898132332891473
0.15642209877339705,-0.07146469065952422,0.18910553148668813,-0.007195823058737619
0.16159210788516915,-0.08297196492620701,0.1869888341909514,-0.02120765219330525
0.13238306254508275,-0.07133814274355466,0.14355520902888752,-0.021045311791811155
0.07081904312875303,-0.042761160843371934,0.07287205036783276,-0.008434519898009285
-0.012179483704082507,-0.008558313298951913,-0.000864365856709591,0.012149841803240406
-0.0998591687276856,0.020023228059160667,-0.05227401213955192,0.035225423509304424
-0.17452686373275977,0.03628030659147573,-0.0642831835183996,0.05601939225087739
-0.22255380567762584,0.04006344331230212,-0.03460645477730996,0.07154938770198838
-0.23778112447500652,0.03672544203689459,0.023229782608028587,0.08077920463271357
-0.2222627351895224,0.03373162732600042,0.0847474858595847,0.08397763526490022
-0.18430519112945587,0.03659484950601057,0.12349656345758858,0.08174479390287712
-0.13476334717266714,0.04599238214156727,0.12085415996485734,0.07428234983515397
-0.0831400505894576,0.05732307139661441,0.07303400240585757,0.0613252799419842
-0.03499928018977497,0.06285309582368741,-0.007276662105193083,0.042792286753469314
0.008431672914866501,0.05546017102799942,-0.09525832010022534,0.019809303343214714
0.04855571063887308,0.03229822037455805,-0.1626957244314592,-0.004499760565623414
0.08657184693488901,-0.003254086825572322,-0.18793524962594,-0.02504667530445987
0.12095143644026302,-0.042258904316037196,-0.16347311478925536,-0.03592023352370815
0.1465076420263948,-0.0732828596996342,-0.09848189560212166,-0.032424447514259366
0.15563557781973536,-0.0866258787288192,-0.015444031022856016,-0.013322648566673244
0.14133444275449575,-0.0779871836790266,0.05781072241267023,0.017655617792655655
0.10079416859496544,-0.05006898961113198,0.09775220269472067,0.0518722930470896
0.03798408980482348,-0.011469316754729487,0.09304251408711692,0.07774550106172756
-0.03602471003576655,0.026669761933212827,0.04795849584952848,0.08425949207826056
-0.10543816865020958,0.05487742939954839,-0.0196987583313757,0.06498971724611459
-0.1541989854736993,0.06871462080762274,-0.08526237215554458,0.021248135506066624
-0.17104360884655107,0.0699364907245149,-0.12590768316153314,-0.036930403716335033
-0.1533463731476683,0.06504093767828746,-0.12828266503256913,-0.09263362095701952
-0.10829412606722869,0.061879328760950064,-0.09246741092715136,-0.1264995881821135
-0.05084975255598522,0.06580919718223578,-0.031099851205231566,-0.12254572032182899
0.0008956009411699439,0.07705195836456646,0.035727886734621975,-0.07361227394070394
0.03143871580781643,0.0904068735996583,0.0877486777505726,0.015404083665163368
0.03271317433894696,0.09747769201191156,0.11129379660562219,0.12776609216035173
0.006438221534404812,0.09050156031190107,0.10324946813245067,0.238755220398517
-0.0367806451533493,0.06617176905595426,0.07105510468504965,0.322195426115718
-0.08121062768741974,0.027807093034844754,0.0290923301547179,0.3577538307098422
-0.11124854487743575,-0.015137570188010457,-0.0069386904283404004,0.33680420961485563
-0.11635242896715525,-0.05015775025269126,-0.025490227724312288,0.26502325949648986
-0.09402335348016119,-0.06625931370629107,-0.02258289704653487,0.16087511524151854
-0.049974253016428244,-0.05823915725133963,-0.0021925627145137766,0.050412140327676234
0.004354749709810719,-0.02899488063234231,0.0261727224125908,-0.040035321868224755
0.05587409801516882,0.01109751035859223,0.05149603854328068,-0.09106557240623729
0.09399521408523812,0.04758385541895671,0.06522796783725601,-0.09516180660327841
0.1134519869049973,0.06689407881989856,0.06379453028008562,-0.057998912188524175
0.11500358484004822,0.0610552206801698,0.04895048309411458,0.00412610853801754
0.10406872747689665,0.030442599693019465,0.026200074919847063,0.06976152979633374
0.088076795937241,-0.01639784881268782,0.002215819033343866,0.11884121976249734
0.07368320248896613,-0.06572757240799634,-0.01756451092490631,0.13824730839108587
0.06488092851692326,-0.10324677581627631,-0.030242755130512996,0.12478564396626007
0.06253740269175956,-0.11867660702139612,-0.03535653578471415,0.08489461405587743
0.06523291471070643,-0.10869204874401539,-0.0337235446222238,0.031494627768775416
0.07075327673906306,-0.07729971880101769,-0.026024831783498653,-0.020739212476982724
0.07740212041864175,-0.033748061077114616,-0.011948560566772883,-0.06001166533793937
0.08450003862373298,0.011046577021681638,0.009641735729476516,-0.08047601535867598
0.09191387375498913,0.04811515272726201,0.03961152147903665,-0.08293468088392034
0.09898263146562584,0.07277775275674604,0.07712834173814566,-0.07325063723358716
0.10353742110474982,0.08502372917973935,0.11870710169798535,-0.05932064125042137
0.1017022182513614,0.08808388303722627,0.15835259829019718,-0.047865300151491014
0.08881292881987488,0.08605329746882018,0.18893912698747384,-0.04221498891044789
0.06125618530289596,0.08171437615575605,0.20439043647736233,-0.0417799181139971
0.018542170379502593,0.0754955561038397,0.2018129145285482,-0.04319585420301453
-0.03529316041395113,0.06590542370266295,0.18267875043188456,-0.04250237319153113
-0.0917016636182294,0.05108159314746859,0.15249145659662178,-0.03736601978776372
-0.13930630169990205,0.03059676373415633,0.11896327168294835,-0.02841405974700391
-0.16687080640674973,0.006578513589827299,0.08934799095815435,-0.019151146513643226
-0.1666403587701052,-0.016453165834054345,0.06794621430768187,-0.014519319172319814
-0.13692659610530927,-0.03301311167139162,0.0547698652052782,-0.018701831946791498
-0.08301270543839279,-0.03872597519760803,0.04591936726554842,-0.033063216635231006
-0.01600374816630941,-0.03211538529625094,0.03555565735442964,-0.055062508933323054
0.05005715409752326,-0.015281433529767956,0.01870575324545725,-0.07860671610461825
0.10190088317731151,0.006874633982349977,-0.00621605016935961,-0.0957740654698718
0.13040431882344364,0.02857223322631934,-0.036210644924127094,-0.09933297008918343
0.13260274303638223,0.04539137188248744,-0.06436795031367823,-0.08519390131494328
0.11181674800391003,0.05584134003011722,-0.08224079777089031,-0.053953557607044775
0.07601491589500217,0.06154895898797334,-0.08307736698139467,-0.011005029249741366
0.03509516098273523,0.06596515379967838,-0.06470889229039846,0.03482683672728068
-0.0019508976180696407,0.07216367584269029,-0.030977895493887717,0.07368338157951036
-0.029103776621358338,0.0807500512939004,0.008898791168640067,0.0973461395360001
-0.044102412540979796,0.08890569033538982,0.042897517459308046,0.10137624747950465
-0.047950942192634544,0.09113850033673702,0.059854008048798,0.08611743613966803
-0.043586749634701445,0.08157367291970613,0.05299815105837661,0.056343352504877244
-0.034365473501596036,0.05690358615507875,0.0221687871968764,0.019747517216163295
-0.02295376644582098,0.0187353199363268,-0.026022010806629935,-0.015209854528627626
-0.010937083058338647,-0.025788318938946682,-0.08010491139722536,-0.04145750544668587
0.0009104102725057683,-0.0655899256159383,-0.1270910464352212,-0.054908284285445835
0.012025549410187221,-0.08909135585825464,-0.1561369812001328,-0.055158342073340624
0.02154712016377877,-0.08830189502642533,-0.16139638941076484,-0.045237612989158044
0.028203944075961128,-0.06201937048015392,-0.1432532237155904,-0.030600913663479265
0.030658685126436054,-0.016836821357780734,-0.10770535016602727,-0.01768784015459466
0.028112568419665446,0.03458543905859072,-0.06426512007226481,-0.012402050983378259
0.020835267368002702,0.07750272518859455,-0.023159228897414202,-0.018797239961989794
0.010315240251101997,0.09996365332391152,0.007276783369947859,-0.038160299828797345
-0.0010939187835994034,0.0968309339813829,0.022305468880693412,-0.06859756972337919
-0.010916448938825872,0.07145901086366153,0.0212815144907204,-0.1051764343340564
-0.017388189611168826,0.03437960551430803,0.007043212356054686,-0.14063939705740647
-0.020038605733738918,-0.0005538542939740217,-0.01538134872748433,-0.16666000417610577
-0.019791532287348725,-0.02116602036006555,-0.040233325246772506,-0.17552293788541865
-0.01856874764667856,-0.021277593870466245,-0.06222520717646178,-0.1619835062043235
-0.01859270877947455,-0.0027704546779547205,-0.0772826654496952,-0.12492912881837447
-0.021696361873876198,0.025326478244764104,-0.08284994000582696,-0.06838799177672425
-0.028909311066783072,0.050343921864001565,-0.07792253292832232,-0.0014700162395285404
-0.04042425062166893,0.060726740799176414,-0.06298364789118685,0.06298457370282698
-0.05584092776328557,0.050251500624002,-0.039930682066199104,0.1109537277440537
-0.07444380180852217,0.02016178067512658,-0.011954919220102191,0.13051171196855876
-0.095270179041954,-0.021505384789073746,0.016740991406107866,0.11506247020439946
-0.11687445150523634,-0.06305252965509651,0.041489329736588754,0.06562964078843417
-0.1369207757993492,-0.0934478076965265,0.057965745219309146,-0.008561554198355768
-0.15192333460485455,-0.10616833611464553,0.06311603135805478,-0.09158581264355695
-0.15748953501023982,-0.10113018790641487,0.055948436361637335,-0.1642218408802828
-0.14925896065986205,-0.08406432738269105,0.03792235803022012,-0.2085114567664123
-0.1244146950483663,-0.06371318806100322,0.012759313127210133,-0.21232526287005932
-0.08330186076676027,-0.04806201473075856,-0.014322352740051683,-0.17269141102317198
-0.030482068892445754,-0.041157205675022845,-0.03775853750381696,-0.09690872895775333
0.025394136870931425,-0.04177783331826283,-0.0528575006588283,-0.001034125917825434
0.0731763070374854,-0.04444123157372008,-0.05674841251905034,0.09394764672444166
0.10201737041455904,-0.04225927526225426,-0.048821010563834616,0.16730464782549698
0.10462116490013272,-0.030405745308607637,-0.0305888913676323,0.20372017906657108
0.07986177238168848,-0.00870738236860576,-0.005088021546734683,0.1970508151567864
0.03377270742521563,0.017771959383312195,0.023956857772152708,0.1516724016316684
-0.021633811311594593,0.04046753088452219,0.05293881032162126,0.08107380981190473
-0.07153927174677885,0.050732493633218564,0.07895307816779036,0.004119931591015431
-0.1025807969640555,0.04359471401122199,0.10007910099092324,-0.05996087571260962
-0.1068446849802268,0.02032663941812063,0.11539239545332576,-0.09648571709135163
-0.0842383521869034,-0.011275017377730246,0.12480484422387732,-0.09881574848213344
-0.042382317376656216,-0.0391393500308746,0.12883718733316976,-0.0695740332746931
0.006005665234533025,-0.050966996545275825,0.12838791419578355,-0.019373956005247203
0.04738571567042455,-0.038628908742493716,0.12451369255118955,0.03646238006802423
0.07187960998915867,-0.001305225004523583,0.11821177467376015,0.08219890739603242
0.07641599208151538,0.05381374663636099,0.11020831390395745,0.10578663467361342
0.06544830956688662,0.11356551200951095,0.10079501642295435,0.10170082737800443
0.04901477999247674,0.16290376850280497,0.08978781326678041,0.0718643242624038
0.038858958814470754,0.18961488467246732,0.07667290310466979,0.024570907905799317
0.04402211395189745,0.1880308866067722,0.06094525704046883,-0.028138468882947472
0.06749756025532609,0.16049153124394128,0.04255091033758304,-0.07382615528421244
0.10513446667830313,0.11613326376021146,0.022261066431765137,-0.10280166510024906
0.14714341654930446,0.06753692779942874,0.0017828381690305102,-0.11027123315856041
0.18159953157238323,0.02649731463135929,-0.01652222466018317,-0.09704167013922566
0.19861806110689642,0.0004266436109419888,-0.030294916541054838,-0.06874306372637282
0.19365923693310086,-0.009402556174769545,-0.038020237410072516,-0.03391292701373497
0.16878024001898076,-0.007298132039858421,-0.0397387844938312,-0.0015334771429417852
0.13144915892099848,-0.0006614463953073108,-0.03730188466761633,0.021310937599263436
0.09146157234450844,0.0033587618179493385,-0.0339753003447007,0.03108280326164308
0.05720166427095485,0.0007526940859194052,-0.03343419511332662,0.028391991331167148
0.032702866228385724,-0.007991927049299644,-0.03845071680064853,0.01747227543207093
0.016614086758074523,-0.01848938592145767,-0.04974710693462572,0.0047310238507331515
0.00340940692528352,-0.024674276075689578,-0.0654868066751847,-0.003220012404967651
-0.013705904175750419,-0.021690136504273788,-0.08168141150597476,-0.0015340602542766452
-0.03939823316214156,-0.00827266895988877,-0.0934597770664992,0.011413028619019626
-0.07370153649220057,0.012323098121282955,-0.09679813992641972,0.03346596814570616
-0.11142692340342315,0.03322463892950158,-0.09008725242366908,0.059206143147389104
-0.1437476025408859,0.046341926377547804,-0.07491732585535829,0.08144237676623206
-0.161365593921629,0.04536956302064165,-0.05571349313774694,0.09331237547811302
-0.15804770706472718,0.028272569356855015,-0.03827399819869453,0.09043645387421312
-0.1331729187993807,-0.0016705769824740535,-0.0276962086831581,0.07250293122073771
-0.0923121380295373,-0.03666865689665455,-0.026449993618350737,0.043770572801662196
-0.045611507116153666,-0.06680276135893734,-0.0333529607188671,0.012241211514831823
-0.004577671309645961,-0.08318001277068646,-0.04389979994357201,-0.012371708558821677
0.021551164627586734,-0.0807813129681299,-0.05189827627188736,-0.02137532369692219
0.02854056481478973,-0.06004768160319828,-0.051851983539233676,-0.009762229039336587
0.018067569952633866,-0.026692979476406045,-0.041205861733344104,0.022012679015620568
-0.0034187190575280177,0.010165465113650012,-0.021572911347935413,0.06776166575610607
-0.027333381074569153,0.040913320226944765,0.0015934316829333654,0.11699725943829581
-0.04601252403908681,0.05841788389730695,0.020844307770160955,0.15774206735779245
-0.055027884726928024,0.0601231817141648,0.02947360864854228,0.1799247036769415
-0.053966101472016005,0.04862532312005071,0.024150316631251938,0.17832925824198947
-0.04554220284212668,0.030602060294448435,0.006438099615689613,0.15414678221525258
-0.03359714051152136,0.014496880741519606,-0.017427676237218803,0.11458059836357937
-0.020952593047802594,0.00773185771878885,-0.038503621073492575,0.07057014309240572
-0.008098783109813958,0.014335606151963047,-0.04818753741696467,0.033325334949856296
0.006716909370049307,0.03370349543277268,-0.04127193606945499,0.010789718317442902
0.026073496471965222,0.06082620020370272,-0.017889941788782098,0.005215353468323941
0.05130791989570121,0.0878596729563072,0.016372829480260427,0.012691678691832416
0.08078274944355579,0.10651051644988448,0.0522633190646357,0.024821252105872833
0.10936809041054366,0.110491761010313,0.07991115634474946,0.03199005689346285
0.12952511645279696,0.09731940241535625,0.09204824037503605,0.027098388585352993
0.13370609218103854,0.06895067327773365,0.08624607377594139,0.008415769402281816
0.11720603253998613,0.031129788552107802,0.0653931726943573,-0.019509169709461892
0.08035417136163092,-0.008309189919544283,0.03629707918481834,-0.04728909133726712
0.029127287164409505,-0.04164300267969816,0.006993461520580011,-0.0640546474660359
-0.02616613820456058,-0.063307599780624,-0.01618741596342701,-0.06157435936785419
-0.07375945574829187,-0.07121982114499209,-0.030685628304877983,-0.03765204403430426
-0.10389080262689797,-0.0670423022912146,-0.03816172508553052,0.0024910560609928897
-0.11164989268623385,-0.05538866530360561,-0.04323125872301903,0.047470073946235355
-0.0982193422697119,-0.04227473137081869,-0.05105546681022188,0.08331784719472565
-0.0701085882494673,-0.03332054650007018,-0.06479777313341709,0.09822565796293396
-0.036710724251069166,-0.03224307801787883,-0.08399071706200176,0.08680011742175589
-0.007109153737741658,-0.04004847495661864,-0.10448039342503088,0.0522910953716557
0.012703247015874167,-0.055085489859513996,-0.11997753037103245,0.00590514163238658
0.021237134235067068,-0.07384274186567305,-0.12459894740018052,-0.03667661069688842
0.021156526942650557,-0.09215373690969149,-0.11538433517707675,-0.06045739113579845
0.017457194783023162,-0.10638340801300816,-0.09377637570713314,-0.05620792833896913
0.015009545356386336,-0.11423076151978939,-0.06545349251680829,-0.0236936054662212
0.016495573538394943,-0.11496315064124421,-0.03854408328097499,0.0281265057014271
0.02154757702142969,-0.10912618270784863,-0.02087707281352632,0.08405731432749439
0.027359940818702615,-0.09796174050992383,-0.01729209817888499,0.12779495373050287
0.030418153821751493,-0.0828451408813527,-0.028003361326664547,0.14744801121110185
0.028526960443735816,-0.06499538143732825,-0.0486013926688942,0.13950735100229303
0.022207131444163593,-0.04554848793283936,-0.07165230589662669,0.10984284609501269
0.014808985097875014,-0.025885532749346192,-0.08926105167287805,0.07134855368734788
0.011243010086195056,-0.007961434389675455,-0.09563241403308277,0.039055242632639764
0.015826020893621486,0.005644858783880578,-0.08871209779398859,0.024452421819206784
0.03013940738107515,0.012126064509737172,-0.07038807088784936,0.031073822363145827
0.05182911057937828,0.009247084355574777,-0.04531032366234742,0.052978077129065396
0.07492670122597014,-0.0037088221260195373,-0.018910242318729314,0.07674016510416701
0.09167337888798419,-0.02523771576051397,0.004536507541948381,0.08631507293124721
0.09522023402816317,-0.0515205810338549,0.023050955248149922,0.06908949761625412
0.0822017900776073,-0.07711236056491752,0.03693502634653925,0.02097724702260705
0.054189127676301754,-0.09629957527454938,0.0477563373670659,-0.0512895870498249
0.017426701402334793,-0.10472958143514391,0.05691330970587487,-0.13156652414925074
-0.019106106926850185,-0.10075767708556098,0.06451126774008711,-0.19901224656463673
-0.04663540427975634,-0.08600298717817731,0.0691023320420093,-0.23457154330235078
-0.059477829872975035,-0.0648514108361242,0.06841889046250019,-0.22706068728668038
-0.05682582192430359,-0.04301356506601114,0.06075039680145724,-0.17681758060427144
-0.04279518405309926,-0.025602327510547848,0.04628876711272158,-0.09570832998372916
-0.024742908525422484,-0.015398548383800413,0.02774517361874413,-0.003518399635378283
-0.010503223643256752,-0.011936125267699278,0.009837829850798827,0.07803446135903888
-0.005581811266108398,-0.011759699536272362,-0.002254708211960915,0.13166496156944701
-0.011345454554664597,-0.00978468722588762,-0.004897551609835911,0.14919836107522905
-0.02485112797718772,-0.0012766848926391312,0.0023745943059836523,0.13313631411160182
-0.040326858487382135,0.01627528725499163,0.01635498362122561,0.09478286121262999
-0.05168777291904533,0.042090438107937084,0.03111276204371738,0.04976396324269601
-0.05508278012760691,0.07223754058708068,0.04013092276495,0.012593937043550593
-0.050465535846895386,0.10093636395826305,0.03885588524996754,-0.007846793352865323
-0.041566137304816626,0.12252753699983839,0.026651534162341797,-0.010497696886419716
-0.034261051764789316,0.13336195615884713,0.0073216536180239,-0.0014430016619787801
-0.03396319149339053,0.13289258485016542,-0.01211281091448519,0.009131797744177508
-0.04304683167248494,0.1235645221940709,-0.024015028828382398,0.011088908890553008
-0.059335457966453425,0.10957417978546402,-0.023173357342141425,-0.0019383338440415038
-0.07630780778960171,0.09501889709418176,-0.00911297889842275,-0.03048717593551403
-0.08505354529243966,0.08220375835616942,0.013273198127084797,-0.06940944139014119
-0.07736158398615878,0.07081050496605143,0.03512572770629379,-0.10992891582347614
-0.048885598595483915,0.058283434841540395,0.04663991481005719,-0.1426842860164787
-0.0012611142285583188,0.04128498351925332,0.040657811947582084,-0.16059471160686972
0.05762639418477752,0.017620162051693814,0.015519078337315431,-0.16060131947250392
0.11541467993541882,-0.012189487497805792,-0.023917379742742474,-0.1438777057906662
0.1585891102699708,-0.04438928008391227,-0.06753115449523302,-0.11472484217173831
0.17634377898337275,-0.0728312530851048,-0.10310634336699664,-0.07881860565764924
0.16377341302717865,-0.09092340981569703,-0.12033354699223942,-0.0415992914267633
0.12339199385919329,-0.09397425577627236,-0.11425633353511278,-0.0073687930156073125
0.06449812639913383,-0.08102317133958235,-0.08695407762940635,0.02077556865183728
0.0005789901521036228,-0.05541177265657628,-0.04687328599360727,0.040477996353480435
-0.054453073768228485,-0.023821512968775757,-0.006048906920408072,0.04967526948662984
-0.09005281246340137,0.005901216107042556,0.023807597888635207,0.04663944345457261
-0.10173824547831524,0.027325206521288208,0.03500068904966676,0.030661980846007672
-0.09192262022870615,0.037435178612829995,0.02608343636319306,0.0031006594685148853
-0.06869376924296418,0.03728021652291985,0.001938604385283961,-0.031807231888236864
-0.042972327446614084,0.031023665910116252,-0.028210020132791166,-0.06700159585874531
-0.024952756773278538,0.023787014980668743,-0.054061904876625176,-0.0938764317965062
-0.020920653315493695,0.019176893940113654,-0.0675888842884444,-0.1046148120731422
-0.03139967553608369,0.017534093729218103,-0.06532627615719439,-0.09489050793498953
-0.051162844752853646,0.015674886184480333,-0.048915964339068536,-0.06593451933303522
-0.07107563978889724,0.008302318982828155,-0.023882392403710317,-0.02503581190688716
-0.08119025778151875,-0.009423809743871796,0.0027462021573165067,0.015986700861627158
-0.07413950389318806,-0.03918090432313574,0.024996691178837967,0.04408774955494598
-0.047789353456533616,-0.07778514078606431,0.039739071349051795,0.04911932659032823
-0.006324837382530847,-0.1173105245066836,0.04712812074519773,0.027407880687832092
0.04059781138685052,-0.147160073633121,0.04968680022016521,-0.0165171511849864
0.0804293845201755,-0.15745939252696622,0.05054603694575635,-0.07079436569899442
0.10131345895453744,-0.14258539051170163,0.0516473092572175,-0.11958678807100548
0.09563937813983096,-0.10351733038671498,0.05267449649927004,-0.14793197854625012
0.06250331991784729,-0.048068251415119556,0.05114456001419242,-0.1465246491799127
0.008311523247839195,0.011203046742045093,0.04359853654391503,-0.11482859889711086
-0.05471189564380443,0.06075664719054692,0.02738995225553819,-0.06143402851246205
-0.11173538838922228,0.09024214647575518,0.002334372452249437,-0.0014871276202818168
-0.1493508644785406,0.09563142592721338,-0.02846045412237263,0.04799369104885409
-0.15926038670211148,0.080222929457529,-0.058954164191044794,0.07338363908654058
-0.14053073504219238,0.053181037776897574,-0.08165554256802374,0.0685753544936735
-0.09973640566675228,0.02615269425517265,-0.08975891622804902,0.036634979124601605
-0.04893703985450534,0.00918227369938833,-0.07924529216750759,-0.011488604565168384
-0.0020903869797108676,0.007375477524740076,-0.05027930200086699,-0.060686687164842476
0.029017002576553437,0.019462942016669236,-0.007471743784367851,-0.09653866576591055
0.038087664212103245,0.03870138905076515,0.04106380370648536,-0.10965706293238678
0.025879128838489016,0.05569393230861076,0.0855800972286694,-0.09814890600530449
-0.0004323992900433192,0.06203027799940834,0.11697382116986348,-0.06752011307672387
-0.02984555057633605,0.05338955846511719,0.12888627066065553,-0.02824978532814006
-0.0512223792827422,0.03099791998417343,0.11913445263240362,0.007970556487948003
-0.05687250549914958,0.0009826292930112876,0.09017889317468458,0.03196480630291694
-0.0448870615747939,-0.028039851018518504,0.048568399477690045,0.03952974790222185
-0.019504097509014384,-0.04816454412772929,0.003511815431420748,0.03193983274895777
0.010554640649233057,-0.054960479255114346,-0.03511925810150172,0.014568133041327511
0.035167326644866825,-0.04878860822296989,-0.0589609689884201,-0.005646665621524272
0.04625338882374878,-0.034259016734392744,-0.06307042952435327,-0.02282188143322214
0.040419531534013356,-0.018134590049579832,-0.04717288146154733,-0.03386512457989861
0.019955878482769702,-0.006565197433448362,-0.015921913241234067,-0.03879337683486521
-0.008093782354813055,-0.0027530645941985163,0.021982257161250643,-0.03971807320895915
-0.0344084182014365,-0.005937044947251658,0.05573114072048245,-0.039101064285102516
-0.0505275744809865,-0.012037887734870984,0.07503910195561511,-0.038126478844805606
-0.05157762409454966,-0.01564867804513849,0.0728582894819319,-0.03591428676594254
-0.03769801377964108,-0.012539751044364215,0.047447406855596584,-0.029892379101269243
-0.013758394403900788,-0.0016673367708069861,0.0031426357374924954,-0.017125829567094096
0.012446334326367641,0.01411245916152664,-0.050521955729407715,0.0040099985821127095
0.032835112758343235,0.028911317701605932,-0.1012343301406684,0.03256829143270473
0.04158962847954694,0.035937299627948505,-0.1372591269279625,0.06476150860431865
0.036784557233935866,0.03009073946316386,-0.15076229893054288,0.09485065708246143
0.020644655878035593,0.010066790188737448,-0.14006473912022477,0.11688275116044089
-0.0015239905400197956,-0.02080713722939355,-0.1100539747777447,0.12661941750981928
-0.0232387712201364,-0.05530943748654857,-0.07054294801436588,0.12291978037434957
-0.038861534170544706,-0.08439292753898621,-0.03304423614700912,0.108054082778385
-0.04506281241703353,-0.09989166154909608,-0.006993996289142601,0.08683990324823815
-0.04133766955395324,-0.09698410563945482,0.0033007706601662287,0.06494162783088912
-0.02957043126623417,-0.07564681141357724,-8.3716434318995e-05,0.046979080567288244
-0.012984949544880855,-0.04069085609047467,-0.009714421534163097,0.03513816014857611
0.005017719940859661,-0.00043267220202010404,-0.01579294989079067,0.028755945084678276
0.021686876528756706,0.035548647008547055,-0.010075580418971728,0.024961693299624974
0.03519570690974517,0.05889434431545361,0.010691075951048746,0.02005369915069817
0.044429782472832635,0.06451816027434282,0.043108061940209996,0.011037693742717847
0.04857799937573025,0.05174575405661276,0.07792335707306418,-0.003262490423588435
0.04687081800700363,0.024346608683035016,0.10310142995534964,-0.021894675132347864
0.03869106816519068,-0.010451747081526463,0.10812908027801824,-0.04229356395146147
0.024049596970525645,-0.04366904162308031,0.08802885132250614,-0.06131659033236541
0.004184856477899027,-0.06659520606875514,0.045599951934031935,-0.07631762947811625
-0.018075387625001563,-0.072717643904908,-0.009000801162548804,-0.0858148225694484
-0.03849846915888117,-0.05918888408291568,-0.0612900416539795,-0.08953561973779936
-0.052273193922576615,-0.027554506326724366,-0.09710841089526123,-0.08792892327689952
-0.055290529656562455,0.016428304893419746,-0.1072905588278095,-0.08148188488686028
-0.0454594272733463,0.06390729210650532,-0.09071371712820832,-0.07025744941966358
-0.023564774859250848,0.10483128349395765,-0.05463547467659619,-0.05394420044046666
0.006699059416290006,0.13027111819020415,-0.012183232174441158,-0.0324390585015123
0.03959977686557913,0.13464289477538668,0.022131818857021437,-0.006688897591452117
0.06888881608803885,0.11724487829200453,0.037301470274848474,0.020664174147912544
0.0894672396755754,0.08261431727181569,0.029396544756309283,0.045266225792759796
0.09862791860220196,0.03948180129870443,0.002599641653986042,0.06186433177957851
0.09646290789733093,-0.0015031543205132163,-0.03261853436806312,0.06579633145071799
0.08534214298850983,-0.03069604007472651,-0.0634687422258306,0.054675569992111525
0.06872252196046164,-0.042181061596984565,-0.07949347746140356,0.029627391098293196
0.04979380745698547,-0.03542939507572855,-0.0762188889742246,-0.004476131072817316
0.03050926131765132,-0.015308004043155424,-0.05652692106740629,-0.04001226038013018
0.011366889334298566,0.009632541033878103,-0.029320614605947176,-0.06861768796987947
-0.008024694982821967,0.03008097223691756,-0.006046096497760209,-0.08359772712228863
-0.02790712264410915,0.0391436117990448,0.0036035733756192533,-0.08192838360820578
-0.047385787449449636,0.0346890851515733,-0.00478129523858125,-0.06514601526672043
-0.06401291446598603,0.02002065697528786,-0.028820008404228357,-0.038787680699541825
-0.0742219561374779,0.002604144086527798,-0.060338815295784796,-0.010551937839015256
-0.07452535582798712,-0.008728777964345638,-0.08842585033452569,0.012191700593208163
-0.06303354233367768,-0.007115783021875693,-0.10336405788914232,0.024679456066836268
-0.04066364312437314,0.009672123410559572,-0.09998821261837135,0.026028394899173524
-0.011469283722341024,0.03823069130732232,-0.07928165953841856,0.019089726853357327
0.01817377698570371,0.07058694611571431,-0.04772166273712662,0.0089830444296953
0.041356995917077026,0.0969707941184049,-0.014725638722658599,0.0008979556295399815
0.05283525401186487,0.1092942488037822,0.010775281359958012,-0.001987600104683039
0.05085760663537656,0.10405811111154992,0.023347232332044693,0.0003196790091930385
0.03793985184492402,0.08360159281962846,0.02259006172449535,0.0048002394341213825
0.02023160948364653,0.055218180106566275,0.012749993228574633,0.006853972693369147
0.00562121640207415,0.02845751328083519,0.0007010029616759256,0.002421253536177878
0.0011784918777447417,0.011617834061187271,-0.006826134555624974,-0.01004886675770602
0.010788213737204976,0.008743728998316116,-0.0056711162272614045,-0.02857403001162025
0.03377946482394848,0.018256453676737207,0.004553939803213449,-0.047994931086854535
0.0650219053985907,0.033725926120317495,0.02083091718397707,-0.06162696446072333
0.09645914282771317,0.046478242908885886,0.038378158501993345,-0.06362535862645138
0.11956207279536282,0.04903239426658708,0.052798075666583164,-0.05119986478655416
0.12788499169035783,0.03804491066425737,0.06181682909965975,-0.025853573240487766
0.1188971679475988,0.015634277562848797,0.0659350728851082,0.006833826303345095
0.09453769683649399,-0.0114154422218639,0.06780254795337709,0.03883309946689117
0.060394102509198744,-0.034252802486319324,0.07067261405849654,0.06214781792219991
0.023867367613121478,-0.04534637575632604,0.07666252544601419,0.07129013859093926
-0.008006161049623484,-0.04135026468221972,0.08559724981459277,0.06489569011217777
-0.03035194779960735,-0.024348424301902684,0.09493910032008193,0.04593966726295937
-0.041351572062703054,-0.0010162300741344416,0.10082656227521228,0.020522314481764864
-0.04207780147002556,0.019949579357896926,0.09976729740323947,-0.0042997356432277235
-0.03549700826888745,0.03111279016909218,0.09025095417000627,-0.02283486415600429
-0.025123867385740198,0.02900840663212073,0.0735796702081141,-0.03240285324606135
-0.013862929331520085,0.015242137784076286,0.05354058601060151,-0.033754353031565654
-0.003414592697910751,-0.00441144202821106,0.035027446039205344,-0.030182120927544662
0.005659289691808553,-0.02250527735230459,0.02215737014654904,-0.025731083663375787
0.013398695174897075,-0.03297713502557004,0.01664418800375001,-0.023240171100755793
0.0197970713985134,-0.03352567913251351,0.017094338168470675,-0.022995098905308674
0.02439909482352732,-0.026353826977859256,0.019525246786568556,-0.022525400793686458
0.026343262107415777,-0.016999223281281027,0.018918563643464652,-0.01763594098452266
0.02481129857556122,-0.011753266721772137,0.011208531984340402,-0.004288450450299908
0.019639616824637426,-0.014747731796716122,-0.005066286571200042,0.0193830150987086
0.011760875400460905,-0.025929096831181983,-0.028085168267901577,0.051707130253354806
0.0032110034107691397,-0.04078737133413078,-0.05329427287068566,0.08732674866095518
-0.0033733738920193775,-0.05199869146842742,-0.07495748655688912,0.11840679965478615
-0.00561400952352796,-0.05236170251407319,-0.08810282787176682,0.13685780871372658
-0.0022852792953475393,-0.03786899202319952,-0.09012291844530004,0.1368675880106637
0.006114196089431478,-0.009674010926782838,-0.08144676661350754,0.11690777913414062
0.017359185875096883,0.025873165222087782,-0.06508274983864482,0.08053770452777423
0.02809805677290267,0.05920158598560974,-0.045281135007438744,0.03570916027075963
0.034860071284634045,0.08080041576842803,-0.025897825769652945,-0.007248414525671511
0.03512145439839335,0.08458156044273074,-0.009128704740423474,-0.038370679396384146
0.02806386727332688,0.07005594965994787,0.004902584227130337,-0.05071990419402218
0.014779086885961405,0.042501594468743055,0.017598094086367918,-0.04219575283626912
-0.0021194634768468626,0.011063312866157568,0.030684158989532133,-0.01599901941931338
-0.019307694277393105,-0.014495790216147247,0.044930334668701014,0.0203377045585671
-0.03368111186836964,-0.027174308171449682,0.059386847513966515,0.057024365460427384
-0.04309125950821703,-0.025001994736368396,0.07150612788182896,0.08457186490382718
-0.0466818349832782,-0.01140463925653528,0.07812438069122382,0.09612002503103186
-0.04478895746437453,0.006391300002449467,0.07689563576748931,0.08893712170781566
-0.03853175859375153,0.020233201442875052,0.06755428844390997,0.0647668352142491
-0.02930860154542915,0.024064391705516323,0.052425784889220076,0.02903582530560689
-0.0184034826799306,0.015963479634317296,0.03589571109713059,-0.010765632509144349
-0.006814041612383661,-0.0014934102339344002,0.02297062703138404,-0.04703484378478652
0.004711615495240082,-0.02255832245195493,0.017449311967741382,-0.07381399924676821
0.015537437103518861,-0.04068418493888414,0.02041279778661085,-0.087937945687612
0.025034914528905043,-0.050940738995560515,0.029653609270818046,-0.0893599264238826
0.032596247037547446,-0.051527903679273915,0.04032623367504737,-0.08067415228316838
0.03775877412363235,-0.04387726825494996,0.04663883031797845,-0.06605184220348734
0.040352719769895545,-0.03145216576051246,0.043998012979362636,-0.049928000847555776
0.04055772090469249,-0.01789580219745275,0.030823336812588857,-0.035801341246237434
0.03879830998251632,-0.005412646324123173,0.009344864713772608,-0.02544544566220902
0.035502968680686045,0.0058890529378657075,-0.014946104077671985,-0.018699811659063665
0.0308458695011935,0.017438157455424763,-0.03503726812839022,-0.013849454959858282
0.024631003686808497,0.03074626136258908,-0.044735686238748476,-0.008448576402907977
0.01643410372965272,0.045807241688248866,-0.04079410969905617,-0.0003313457636323555
0.005998490057136596,0.060190333199031006,-0.02407894809759044,0.01149354259853222
-0.006263276632201165,0.06937533688455831,0.0006287368432666904,0.02633596605098553
-0.01890928296151473,0.06832630698919262,0.02613032973609066,0.04187083178724818
-0.029492926545489993,0.05372122392825311,0.04509006049495279,0.054746969288694394
-0.03509086078130681,0.025901212056490833,0.0523272697633523,0.06159873789473012
-0.03324448002861154,-0.010363875664953164,0.046366690188424806,0.060166699867642955
-0.023014809011434913,-0.046773065922196634,0.02976855733162411,0.05017764906529075
-0.0057325282404331115,-0.07388149756079715,0.008186751602330969,0.0336811639678897
0.014933896145306528,-0.08418278460840198,-0.011475387423539186,0.014685840296033141
0.033761242878934665,-0.07476004692168921,-0.023170898202054334,-0.001852507504697374
0.04546355961546264,-0.048482345228509055,-0.023398908802879273,-0.011426877560538527
0.046450045356712086,-0.01323521166394027,-0.011992742921289698,-0.011350119021093827
0.036238413121627476,0.02059710129149115,0.008142322076007954,-0.0016662687222753284
0.017962458605653736,0.04351681685684113,0.03213808932442221,0.014718852798577632
-0.002317414725992714,0.0499484205291211,0.05467073058768375,0.03278169720449497
-0.017383262809124264,0.039834783058614084,0.07135312702745815,0.04681918944763785
-0.021187038243869846,0.018246746962571017,0.07961592452157511,0.05216639202386042
-0.010969585569126708,-0.006790665242587063,0.0789152705125041,0.04666557452948776
0.011579088649349867,-0.02738731951854991,0.07035775767177377,0.03141139104145199
0.04057853272978422,-0.038602210751097606,0.0560101065409183,0.010507835514328403
0.06762317730848066,-0.03993556566971235,0.03820869373714733,-0.010120041665626352
0.08435046343192953,-0.03499710150931416,0.019104160632134198,-0.02451069414692251
0.08507588073063291,-0.029576816799626968,0.0005197907711828719,-0.02849517840633948
0.06861234331729907,-0.02896513863444715,-0.015956565825096476,-0.02099081321027617
0.03865505400823253,-0.03563814114947432,-0.02882255042279877,-0.004340795229803948
0.002598945680343946,-0.04824004011686704,-0.03662834833414805,0.016416325806226775
-0.030807206453966403,-0.06224055109085445,-0.038150425490442126,0.03511733913940906
-0.05416990170485406,-0.07194822605113796,-0.03273702297683156,0.04638036760297749
-0.06361029098925684,-0.07300642473145896,-0.020684784236505133,0.047230696176422185
-0.0596704150521332,-0.06430988215622407,-0.003465018766448981,0.037923802684988114
-0.04671660520595331,-0.048530640688447466,0.016342141578300537,0.021710020129253688
-0.031121438720809715,-0.03102715883282144,0.03544551286414652,0.00363786151688213
-0.018921154406503538,-0.017588776909832494,0.05049094751449751,-0.01118741013379796
-0.013797869543120391,-0.011960834676851835,0.05878520417371476,-0.01929509584899053
-0.016077314876765364,-0.014200342321955294,0.058890614570669304,-0.01991904178449114
-0.023030761367607518,-0.020582701257827615,0.05092553436973705,-0.015092690812490022
-0.03028007926822444,-0.025147537294870626,0.03649724457362501,-0.008752951019334581
-0.0337110934914958,-0.02229128013211231,0.018301854629477254,-0.005178396280727644
-0.031144686383087972,-0.009362315744540113,-0.0004872261416085308,-0.00731659596974437
-0.023145837359114976,0.011821793655034413,-0.016879315508814944,-0.01559370802405214
-0.012707255520667426,0.035214874457633896,-0.028621681552174073,-0.027633735965386638
-0.003983063283700877,0.052536129585692384,-0.03454472172591927,-0.03900167757859027
-0.0006001954343039032,0.056313561701371875,-0.034656081381034085,-0.04473107081303776
-0.0042114342314327965,0.042834715829937295,-0.03000150453115552,-0.04112268910477779
-0.013832376056942652,0.013862113668894366,-0.022350483246191613,-0.027200401577662306
-0.02618326547921674,-0.023586534766483064,-0.013784084598741093,-0.005316614274290865
-0.03686743161025398,-0.059374678784315876,-0.006265769750084693,0.01932270685494275
-0.041912817438811326,-0.08356160663973417,-0.0012702634103212151,0.04008794258963552
-0.03909402724817329,-0.08971185831456714,0.00046606940395975405,0.050870384490137775
-0.02857036413936484,-0.07701346146961179,-0.0009714343216301741,0.04793093921125783
-0.012661889717108438,-0.050458077675792974,-0.004774701893525787,0.031071336865915976
0.005080296251208892,-0.019046670307039798,-0.009671583607779376,0.0037622548791255254
0.021104198846650775,0.007303907685564527,-0.01427998688393551,-0.027807182741929677
0.03290929280200584,0.02103052882279585,-0.017462054372083438,-0.0564587624330261
0.0395622112951482,0.01922316380782749,-0.018576879045928217,-0.07600060858003935
0.04156629245532165,0.004203368096715867,-0.017557890308355625,-0.08285628888349714
0.04024438925802998,-0.017715843976696517,-0.01479844218378542,-0.07688172295779805
0.036971009199592675,-0.038729539977415586,-0.010898400016899706,-0.06116911905448387
0.032607764079928186,-0.05232402840618581,-0.006379140113244985,-0.04095113067700259
0.027359421502320652,-0.0553343388011997,-0.0014897413465704418,-0.02198050362872565
0.02104650348610517,-0.04860736977443178,0.0038079393355179153,-0.00889206661878059
0.013587714337767853,-0.036166538986184465,0.009663832740279564,-0.004022638126850452
0.005392592544596807,-0.023335016936659014,0.0160511387020219,-0.006991635362967846
-0.002578825593023068,-0.014620158799809425,0.02250555479253725,-0.015095329295200598
-0.009155409787471896,-0.012175043961840134,0.02804017026860996,-0.024324310113698525
-0.013545023850137103,-0.015353387746353805,0.0313243294323033,-0.030650917548059223
-0.0158764224659924,-0.02140120976020754,0.031106303065347098,-0.031192792823182325
-0.0173818313279053,-0.026880643346210188,0.02674369512355568,-0.02493918803351925
-0.02004871505223605,-0.029172895858502967,0.018631824253000265,-0.012889144738653914
-0.025805972738273536,-0.027441959208880644,0.008326280612549558,0.0023649168155502037
-0.03554221735189575,-0.022722399776844822,-0.00175071895086569,0.017427120199396455
-0.048376362780975006,-0.017190124571630834,-0.008977935595624112,0.029008323685236138
-0.06154951399657302,-0.01301359023983209,-0.011378768366835705,0.03471482736973515
-0.07108932168351745,-0.011328132620960024,-0.008347714134358426,0.03354903554901977
-0.0730923867082845,-0.011780195431395961,-0.0009763547790711882,0.026057835088062968
-0.0651979730088981,-0.012806996270161429,0.008182533220232668,0.014156592693664607
-0.04770209343440391,-0.012481215640043317,0.015878258953757933,0.0007142191257966703
-0.023846179661395336,-0.00950666098788339,0.019219009459094237,-0.010997398538913742
0.0009108208832004291,-0.0039002631486034917,0.016662708357221837,-0.017896329144722403
0.020460382181077444,0.0029480226067439552,0.00858445611361116,-0.017651048220177296
0.02995265740285343,0.008858393167972052,-0.0028002164652664308,-0.009144474771941826
0.0273925977416627,0.011819217995243284,-0.014150490246972618,0.007223075667795331
0.014353785420723464,0.010886913237314999,-0.02211383694781143,0.029460032693088882
-0.004466087849931369,0.006623429839036202,-0.02444544180835577,0.05419624817843951
-0.022722388480441794,0.000873176700115854,-0.020731173424024522,0.07720126573929251
-0.03444445838223343,-0.004027852193103396,-0.012453453607619375,0.09415938784001343
-0.03592011389305528,-0.0062694750171605265,-0.0023824314497365787,0.10157047868436395
-0.02681409544710205,-0.005370857616133581,0.006471576279901657,0.09757718989880503
-0.01016341070011905,-0.002421174756220959,0.011941988233423753,0.08249650001420551
0.008714277655186686,0.00035096877029136553,0.013410851207103735,0.05887704899458078
0.023993283946777386,0.0005023686928464499,0.011867945715833434,0.03101307538578565
0.031173387669279653,-0.003590515483207782,0.009312422547539022,0.003994977793877322
0.028366519605214767,-0.012015573549170187,0.0077486556304763345,-0.017479250657480308
0.016653678714333396,-0.02321719049987806,0.008195653713914224,-0.03021764440965196
-0.0005258656320101321,-0.03452925818697483,0.010132406769027921,-0.03325955239132894
-0.01865734540355709,-0.04311669138406324,0.01163423096832638,-0.02799854575532891
-0.033607368385950215,-0.046932779062263175,0.01017900411164388,-0.017661665267814153
-0.04275043422081813,-0.045310051787164275,0.0038235341672971344,-0.006297588892226144
-0.045436115977033426,-0.03897473419143061,-0.007720086800594911,0.0024214846730493435
-0.04274424986412531,-0.029530917870618664,-0.022568660828963645,0.0062206567953507486
-0.036739108433916104,-0.018687003222319337,-0.036979888779010685,0.0047591602608772765
-0.029584925932887515,-0.007594997635919781,-0.04645066059797993,-0.0004671630771618668
-0.02287692282472479,0.0033982650422727384,-0.04725080167203162,-0.006802676894556152
-0.017394261454242665,0.014495912137936134,-0.03785081446006782,-0.011446442270364676
-0.01326909511769625,0.0258479251871869,-0.019707529956375015,-0.012457563329793152
-0.010384522294358628,0.036932471611183,0.0029220409725580973,-0.009416009501213359
-0.008738896927953543,0.046276214982991254,0.024131818240394978,-0.0035272843581022617
-0.008568790175793123,0.05172195811558524,0.038130437120227435,0.0028474278103362595
-0.010173598935096756,0.0511982996246985,0.041037916549228504,0.0070577643283304126
-0.01355591117966843,0.043695765689735606,0.03211084979815031,0.007117455837571979
-0.01810126501757135,0.030020567373080176,0.013981204304483453,0.002411278598875988
-0.022516793658239782,0.012947054318177088,-0.00816994763667201,-0.00608529686607305
-0.025131069790322032,-0.0033881080123882718,-0.02822010586456851,-0.016140868518202664
-0.024480129358425126,-0.014699450892377675,-0.04095171857189334,-0.025030306508667024
-0.019948912045053974,-0.017957188051216044,-0.04352924238505574,-0.030450979682876664
-0.01217767540615125,-0.012456008964847727,-0.03614612681052493,-0.031271091311563054
-0.0030131620461327224,-0.00012118319882902656,-0.02168237870360009,-0.02785308854781889
0.0050385412622789075,0.015097963700944524,-0.004556474344673361,-0.02184892700451973
0.009688012924079552,0.028549508921539415,0.010783594882198395,-0.01555151786271588
0.00974090392336967,0.03643827610176054,0.021195695626174915,-0.011041722505752038
0.005622236712083173,0.037049086982117174,0.025575643235497072,-0.009438857616390284
-0.0006921328473960403,0.031187385480285698,0.02480632653795443,-0.010521893725959467
-0.006350797832138919,0.0216938792342308,0.021039391797967592,-0.01285399740380334
-0.008678508432550356,0.012248358350126998,0.01665397278895909,-0.014362963644492141
-0.006210054944978465,0.0059481195337232895,0.013319204295463988,-0.013167899157534536
0.0007007084982472711,0.004220281323975131,0.011502184278319807,-0.008354758121752811
0.009953561360276,0.006476414084798907,0.010554793300464785,-0.00042003700888706974
0.0184541242279124,0.010605684152694228,0.009270135859523354,0.008783337527490439
0.02327537784864109,0.01405823396232315,0.0066193722744065705,0.01659133138913565
0.022788178803665675,0.01503551369850709,0.002329556117796651,0.020388009143040453
0.017318954957927124,0.013274580612687683,-0.0029447707295068987,0.01849087634522386
0.00906528661598889,0.010099270547778504,-0.007913849558569178,0.010761916841325533
0.001283025051017933,0.0077330573976742145,-0.01126132487847583,-0.0012671014324635577
-0.002956798773752916,0.008189973748475493,-0.012286125776148148,-0.014806064026559401
-0.0019684390948567984,0.012244809148845617,-0.011282587517464332,-0.026627834583697635
0.0038576271172855447,0.018952705006905164,-0.00947774284405082,-0.03403654610053661
0.01215280447492445,0.025952764662028782,-0.008535399744674703,-0.03567052962865047
0.019438129268407725,0.03044864614386268,-0.009824396512059873,-0.03188067243237332
0.022446055109524812,0.030455903607111964,-0.013755727110747018,-0.024562771530841243
0.019401504793578148,0.025771823464215124,-0.019475716040076356,-0.016499563223929897
0.010775329537113444,0.018220334071626265,-0.025066331357585805,-0.010426896743513284
-0.0007834016449655918,0.011017731945289502,-0.028202905660990363,-0.008127721771974843
-0.01132414042882058,0.0074763227061803335,-0.027033677496230805,-0.009848688615217344
-0.01696636825323676,0.009558468231322878,-0.020948535293342677,-0.014230326010362823
-0.015267505145690738,0.01688621152364926,-0.010935204391732695,-0.01877634517050892
-0.006091589078573462,0.02665550648311779,0.0006308938719588298,-0.020713428246758522
0.00833001078575478,0.0345545914291505,0.010707797891537378,-0.017965339652204274
0.024156001023088014,0.036379843761929966,0.01657300084178514,-0.009925000736856343
0.0372241783078861,0.029743251283935852,0.016727453147364613,0.002231526734266631
0.04440153582370453,0.01519814566130566,0.01139764434811344,0.015802763581724125
0.0445193534247672,-0.0036915652404796093,0.002459425060134454,0.027324508413078916
0.038586688984940914,-0.02142030531388465,-0.0071866453407653,0.0336089133046877
0.029251015298611877,-0.03239243156303444,-0.014566246356132847,0.03273909465071971
0.019748835807155887,-0.032890692873277436,-0.01757718650560504,0.024705672411796876
0.012759254905609661,-0.022435222759059,-0.015610113835647137,0.0114775120172401
0.009580464254253705,-0.004022767096367584,-0.009647762041611472,-0.0035282381614480107
0.009898396712331652,0.016852633901487352,-0.001834554454106744,-0.016425081370413708
0.012173999216507282,0.03404639447714118,0.005308865505957407,-0.023991163054720932
0.014438735408885281,0.042809862851907854,0.009738870804645493,-0.024611949387441885
0.015148195931751693,0.041304801622351686,0.010516232796764901,-0.018740323838508093
0.013750071499005354,0.03106353347695945,0.008010543923817382,-0.008729710757440001
0.010764630490253592,0.016270864125521062,0.0036437840070055114,0.001910516584739036
0.007389640791822815,0.0021762575313155202,-0.0007030687358268381,0.009608184649387591
0.004838064336796601,-0.006753272163133386,-0.0033892869933455777,0.011831726904744322
0.003717280377368154,-0.00826695074100492,-0.003569733473396265,0.007862368311482182
0.003726230517465706,-0.002869509959458061,-0.0014264111347346911,-0.0010019332480124508
0.0037999181566191684,0.0066547662769416704,0.0019765946996550265,-0.01186857417002972
0.0026332522247040323,0.01647043428370317,0.005132611360203654,-0.02115941900374327
-0.0006488671694478954,0.0231508092715758,0.00664928034561485,-0.025716774585699292
-0.005973440361444111,0.024807799301478736,0.0057209213160415995,-0.023758981959774314
-0.012191090831378988,0.02150870172030872,0.002361940735411794,-0.015393074290646867
-0.017415570824266854,0.014910138465101416,-0.0026564586475213287,-0.0025393153524945495
-0.019715454051608544,0.007353267438502889,-0.008116608670932966,0.011687063905101464
-0.01789384345575787,0.0008530139369316465,-0.012782423805461317,0.023921296076818685
-0.01204798044755511,-0.0035905151622843603,-0.015788805444641417,0.03151158482453069
-0.003678624671916285,-0.006112542884465409,-0.01686554180667188,0.03319918493372798
0.004712169841956923,-0.007561621072595677,-0.01633866482056409,0.02932517170790977
0.010403078084771568,-0.00880000099811823,-0.014933927404984254,0.0215393864396608
0.011340697502750022,-0.01009677937506663,-0.013471311195981897,0.012152134350237067
0.0068186297017027685,-0.010916326664553194,-0.01256634855485017,0.003376274965313227
-0.0022867738420818164,-0.010200486538363529,-0.01243879065623428,-0.003278075894070212
-0.013796799886749395,-0.006998790141941505,-0.01288191476550063,-0.007272304806664187
-0.024916140116628405,-0.0011279610303148446,-0.013386176291316339,-0.008925750488130935
-0.033077316640023065,0.006481501599717247,-0.013360200227576988,-0.009018549894680705
-0.036656365701460226,0.013956839218156096,-0.012365773721462858,-0.00830650151640927
-0.03533648705072734,0.019140855688758437,-0.010287037052874072,-0.007158773189019696
-0.030035003206296228,0.020472951106533785,-0.0073826579810300115,-0.005460751612072504
-0.02246598244011997,0.017709171133429357,-0.004211401647484916,-0.002802266228654855
-0.01452729358152631,0.01214382124172858,-0.001461836991591678,0.0011539154757851874
-0.0077376443533545,0.0061947857238786805,0.00025599324069004725,0.0063064704770008535
-0.0029006974766905835,0.002484819666286456,0.0005917005686312954,0.011935585969622268
-6.696522437844854e-05,0.0027765528229076603,-0.0004445010870597066,0.016813257857629695
0.0012533333844104433,0.007200676356503677,-0.0024874847241320233,0.01958402224803564
0.0017556884172605924,0.014114650312287189,-0.004923809116254237,0.019276489018100598
0.002034193294566375,0.02068048499624056,-0.0070648575988856155,0.01574011426160006
0.002409339835794916,0.02395510468951237,-0.008334599138837509,0.00981806642049153
0.0029203443411575936,0.022067939561606693,-0.008417864647880816,0.0031617012219013058
0.0034355304768965284,0.01501111059446001,-0.007328337627755005,-0.0022704987458154746
0.0037924958010048665,0.004712525603064739,-0.005380271721324249,-0.004860099058757894
0.0038862938723852464,-0.0056542263038993,-0.0030770564041109347,-0.003887308351568197
0.0036695326544551182,-0.012861184951871885,-0.0009544928104756115,0.00021011549187160972
0.0030867401108516726,-0.014849982610278048,0.0005706991848889453,0.005982976107485494
0.0020061286027038445,-0.01150101879207742,0.001300339688973362,0.011478033558054178
0.00021479207329886535,-0.004639263438099478,0.0012746488015756702,0.014927104882024297
-0.0024925075363009808,0.00272620951106492,0.0007134735629123479,0.015367989081513218
-0.006157102900606941,0.0076228895994828565,-9.224287260961236e-05,0.01297033757677371
-0.010506851474061676,0.008303252133897526,-0.0008928865243933055,0.008948055454304923
-0.014901508350827278,0.0049212915084797595,-0.0015513832713310652,0.005093027245727341
-0.01843148677347184,-0.0005748535269799598,-0.002046948445960411,0.0031048659002190226
-0.020165026967398025,-0.005287669069301365,-0.0024152738237291603,0.003964977409153497
-0.019468660888216888,-0.006605923123404106,-0.002658560460515144,0.007583030523683351
-0.016280791071495146,-0.0033254419914274247,-0.0026750910216557094,0.012838533087626822
-0.01122075742106017,0.003804302742874431,-0.002252996855549916,0.017990862756311555
-0.00546887300458021,0.012333748063216549,-0.0011467273838298223,0.021295411508106557
-0.0004377290944472395,0.019067621533481613,0.0007832752842795512,0.021592993143190894
0.0026617712384449377,0.021336035616976074,0.003421767622226752,0.018659733249216895
0.003208942215934568,0.018069543574449357,0.00631049492847236,0.013205020701635109
0.001375127243449202,0.010244834783747533,0.008677886278539639,0.006544329802426488
-0.0019380844901129152,0.0005223365230714802,0.009605054891927707,9.610726063166014e-05
-0.005405699816679724,-0.00777725988144639,0.008293930061886959,-0.005090220689291446
-0.007723039919961018,-0.011946035614192682,0.004356907215096361,-0.008595483196980107
-0.00802910011596765,-0.010903436868639333,-0.0019735540887392267,-0.010600235232887882
-0.006162672651755536,-0.005553665140453232,-0.009801424367573378,-0.011608636545572606
-0.0026694200733313744,0.001644069316902405,-0.017726165510497868,-0.012075131854136181
0.001428280129249046,0.007704584734124213,-0.024173188417196977,-0.012117295999274823
0.005001531230205844,0.01031989396982093,-0.027802898230373057,-0.011452233868015207
0.007183451311127735,0.008749744914628124,-0.027873165965122737,-0.009587485443921864
0.00760607984450979,0.004049456317824704,-0.024440359693974817,-0.006176606962109567
0.00643619018471666,-0.0014386929745899418,-0.01833483408466303,-0.0013670463046312961
0.004223200106583398,-0.005103147766318997,-0.01092057293805137,0.004039434517422426
0.001642946715481975,-0.005160016825724291,-0.0037190779011129216,0.008720171251248538
-0.0007480283733759946,-0.0013769678899373666,0.001980840026457778,0.011239963905361782
-0.0026517327438815505,0.004864516232378345,0.005407636855497638,0.01059026378604911
-0.004022604408833189,0.011177679948477653,0.006409848565943524,0.006643607114351108
-0.004945708238356737,0.015181041502689091,0.005368736211373543,0.0003233422500946437
-0.005478692344619965,0.015480679938175979,0.002977930115089532,-0.0066104697868035744
-0.00554697348562936,0.012214272653323838,-1.3921084280943408e-05,-0.012109440332985957
-0.0049492473418837404,0.006937934264313356,-0.00300254701341586,-0.014532230783255079
-0.003471879022123786,0.0019168351384850624,-0.0056122359476620184,-0.013229529600462947
-0.0010536183937633337,-0.0008686795546869082,-0.007663910342423402,-0.008790302655057976
0.0020869999403172745,-0.0005729926209698186,-0.009076417462234147,-0.0028418708847489076
0.005436482240267604,0.0021721678962400917,-0.00977322002598522,0.0025354576463767174
0.008308937959146195,0.005567161797060974,-0.00965362105488956,0.005567941465073251
0.010067701617026456,0.00747148000085578,-0.008646237667274376,0.0054379411476265585
0.010357398363597115,0.006391928434814079,-0.006812878040835212,0.002574800076603004
0.00924553579566624,0.002204240968702878,-0.004437209569666194,-0.0015286054027048232
0.007205283100267745,-0.0037097581473031077,-0.0020315785741380904,-0.00490869508839812
0.004936068336683627,-0.008982052785992276,-0.0002292018677210149,-0.005909647119520911
0.00308873116036594,-0.011229777973980754,0.00041638457445692875,-0.0038490382557392205
0.0020066920590675885,-0.009077772048340205,-0.0003481552742842266,0.0006880194259483163
0.0015933370112826972,-0.002803136979676643,-0.002330905203321427,0.006044550580361623
0.0013671007424005677,0.005677418937312256,-0.004901676700990246,0.01010782401041839
0.0006884549903605902,0.013488892909015174,-0.0071716760444187275,0.01111384947975292
-0.000931033388142509,0.01788407817524196,-0.008294971293656063,0.008333777001864176
-0.0035666594433828684,0.017301517995669348,-0.007783702196194956,0.0023788791938481046
-0.006781152378494571,0.011969832120236893,-0.005712236121563942,-0.004994570735492837
-0.009740873295087264,0.003814344991856719,-0.002719724949493879,-0.011508689365514732
-0.011513240922258245,-0.004296752398384673,0.00020471491579693302,-0.015180849449051126
-0.01143412625265348,-0.00966344051475862,0.002083069436460555,-0.015026600534778507
-0.0093996785673559,-0.010776772736069631,0.002320912632333,-0.011386563599406123
-0.005960740349034977,-0.00784773050249088,0.0009438525042831797,-0.005760391159305562
-0.00217172889422481,-0.0026399372841635765,-0.0014028015016236683,-0.00021920938493820777
0.0007588781140418378,0.002312034079918951,-0.0037016204313486817,0.0033734988861338147
0.001890275232786412,0.004769767445188894,-0.00496912680702314,0.004034541113793265
0.0008861081313946556,0.003704501759514728,-0.004663414911982043,0.00197649205904063
-0.0018608725055925812,-0.0003113433522675575,-0.0029284924789373876,-0.0015421318929526237
-0.00536377376081402,-0.005382816006719568,-0.000568904568300839,-0.004759163673505741
-0.008385434530126953,-0.009112098022806367,0.001247851434339163,-0.006122152050342507
-0.009862333598484027,-0.009610306845835581,0.0014541737382146244,-0.004892196317820584
-0.009251977647083923,-0.0062801784082760215,-0.00046751806252836453,-0.0014087217700593686
-0.006680259431784574,-5.1127212816637346e-05,-0.004227961071611552,0.003075531199845688
-0.002845072318529082,0.0070189912705033025,-0.008778709287300627,0.0069099506022776425
0.0012733146299494097,0.012596638285344255,-0.01265929711407755,0.008698640127673102
0.004773467083097074,0.01501544893999227,-0.014520801288240515,0.00783066891433272
0.007123349368691342,0.013914277664565627,-0.013629496709130919,0.0046857590735837895
0.008274598534715502,0.010310923172117903,-0.010156283285762756,0.0004482669038121251
0.008572016075762363,0.006094537234887565,-0.005135807489242767,-0.0033806346438987195
0.008514872984824472,0.003166183592562627,-0.00010452332076483811,-0.005566785623666748
0.008484611420006082,0.0026034332808567706,0.0034491129014530553,-0.005587422482912607
0.008561352892324847,0.004210106557882232,0.004615292692731275,-0.003766477699836228
0.00850746602362605,0.006643491987916986,0.003373278139328688,-0.0010630777044563708
0.00792010908976809,0.008060859522044383,0.000564735047589679,0.0013818239724631004
0.006479028294813838,0.007001576383664748,-0.0024568717437001668,0.002740720901746166
0.004173079930326978,0.00311678170758143,-0.004362660760390068,0.0028270050469641587
0.0013969286318185753,-0.002579657470910721,-0.004361441886686674,0.002122275482348692
-0.001135384958105494,-0.008062609515075328,-0.0024915957183339645,0.0015018874553367292
-0.0026342391775231455,-0.011115006395357296,0.0004176875729580108,0.001785874866552191
-0.0025403329230085786,-0.010275848794766642,0.0030944737793257154,0.0033155844003902174
-0.000766969174765833,-0.005514199197512811,0.0043390831025900065,0.005744115203097186
0.0022252629311982908,0.001667180165290133,0.0035001966524501604,0.008136813323827374
0.00555995199505744,0.008761288298373922,0.0007250698203251776,0.009345482319969817
0.00823853947734464,0.013217900111116634,-0.0031103473561269745,0.00850220801140994
0.009486503794628351,0.013450082413545214,-0.006756640168597283,0.0054249782711957295
0.009020210816959673,0.00947367009556431,-0.009083710185637459,0.0007601802396993429
0.007133112126146939,0.0029117224351388887,-0.009511324872562996,-0.004206733748495534
0.004570701481793407,-0.003646545185582245,-0.00820689615996388,-0.008005230796252545
0.002245860696022249,-0.00767809919876751,-0.005977540997048975,-0.009521510024929423
0.0009068391544840154,-0.007732924651610865,-0.003908959777802326,-0.008413138339083387
0.0008851806654096295,-0.004006275157499295,-0.002905631674458023,-0.0052307182539436115
0.0020153036025821885,0.001756919920118491,-0.0033239356939977933,-0.0011975565918535963
0.0037466318801571835,0.006986361487581527,-0.004847629922515438,0.0022648571892526365
0.005392582149704266,0.00934313201810269,-0.006651879426343536,0.004076462324778755
0.0064094083380327035,0.007676649948231834,-0.007780932958632313,0.003889530927065607
0.006591857110637776,0.002490988919226278,-0.0075759201905947066,0.0021787207144873255
0.006112707250020805,-0.0042683486337099785,-0.00596969529401299,7.161160563984303e-07
0.005401462915833835,-0.010016765512578685,-0.0035230156262731835,-0.001472671898022762
0.00492457636882801,-0.012589910519089254,-0.0011864479726606467,-0.0014540252002177081
0.004967705700628558,-0.01112351978687929,0.00011088809527617927,0.0001318979020294396
0.0055146584784950825,-0.006392978091315626,-0.00012975647038866722,0.002623704622576911
0.006271693876630666,-0.00047611446144537467,-0.001746315034273832,0.0049082075857509455
0.006820463081034817,0.004117325770842881,-0.003966262428651279,0.005893741927300966
0.006826547852329529,0.005486370747297645,-0.005722210397514693,0.00497494118780023
0.0062073678105879215,0.0031177860353347915,-0.006104282051372659,0.0022970689847476213
0.005182635798765345,-0.0019181611697145582,-0.004760320807385785,-0.0012883167269831276
0.004183579058510559,-0.007433179926265819,-0.0020729288419312486,-0.004557209616789508
0.0036604394384022014,-0.011050501133229342,0.0009677138273571223,-0.0063987680571642655
0.0038736744255351303,-0.011208648770231311,0.003150809452531919,-0.0062536754341634
0.0047627740765151735,-0.007819463342111473,0.003537933931345799,-0.004326948263294703
0.005953853235770537,-0.0023052430581362304,0.0018608369977329425,-0.001490512982065914
0.006907168443719247,0.0030006193519855756,-0.0013422046874350113,0.0010815364631047708
0.007144277364588912,0.00583895094786839,-0.004913566337417515,0.002393120443196728
0.00645832031804712,0.0049835440710957885,-0.0075176710987041795,0.002024155453943105
0.00501584086825857,0.0007707032121295337,-0.008162358361783511,0.0002844620653749408
0.0033031108765175093,-0.00502504816190065,-0.006590926610578099,-0.0019362940465951078
0.001935514945437311,-0.009921377684282487,-0.0033855314258187438,-0.0035567603222896108
0.0014073984376672954,-0.011763379859981438,0.00026196164957106513,-0.0037666888603366117
0.0018866668179275126,-0.009633239051044969,0.0030212944463985647,-0.0023714773218977275
0.0031414366627258473,-0.0042534953382569254,0.003948473401555332,0.00012397895016849625
0.004631783850919682,0.002288544851584605,0.002852706942334138,0.0027255611720165412
0.005730603460009864,0.0073864987162129275,0.00035804401300362776,0.004365556511667975
0.005982794521079554,0.008984390992233734,-0.0023641784398918952,0.00435002007665996
0.005294723554756978,0.006428536539623442,-0.004082309652021072,0.0026516531702033865
0.003973918640782892,0.0007478553888097261,-0.004011881696388428,-7.345385434204266e-05
0.0026009145249517975,-0.005756877637920627,-0.0021366142492967033,-0.0027521401673882145
0.0017854021197598463,-0.010449363877351237,0.0007877300403483778,-0.0043332176621554
0.0019078981916444832,-0.011436462257368385,0.0035475555424270694,-0.004217607181239064
0.0029552296937299105,-0.008345757060010048,0.004974492552559752,-0.0025019552999601125
0.004519852242910738,-0.002481186828359558,0.0044308079876748206,6.442446625440357e-05
0.005965029387130775,0.0037087675838815976,0.002077916059928256,0.0023907775237549805
0.0066884238278693,0.007632962622814737,-0.0011824076121943715,0.0034950935842588265
0.006374787203654364,0.007618440854263761,-0.004070404606605616,0.002907057439188468
0.0051319453260264825,0.0035946230737182935,-0.005446199743845756,0.0008577139619321619
0.0034520675132202056,-0.002879845700181169,-0.004771350016735662,-0.0018214702507728595
0.0020126493756156966,-0.009257710230112196,-0.002325401773046177,-0.004047029545082723
0.001398638729881982,-0.013046675626107736,0.0009107542883362747,-0.004934061775451012
0.0018606610238036808,-0.012826055162969044,0.003656383826560231,-0.004161835354910395
0.0032101119949531874,-0.00881864535178857,0.004852332489734455,-0.0021032069132946654
0.004895575086023306,-0.0027842899927516263,0.004088677348677974,0.0003349439885287561
0.006229809613574527,0.002718092119328608,0.0017639429230521739,0.0020929642828998105
0.006673701191843719,0.005392816018933239,-0.0010880847673336996,0.0024021487257394197
0.0060593611368576945,0.0041539090411579355,-0.0032311479833116857,0.0011060667607021499
0.00465932706321354,-0.00043514219292270506,-0.003739578666409428,-0.001274203564962037
0.0030725001643650326,-0.00640842503244269,-0.0023798162527369007,-0.0037579530931361738
0.0019737093953408717,-0.011226504153555257,0.0002965729132471187,-0.005314985834898117
0.0018308814881228992,-0.012841290875324391,0.0031858383897082933,-0.00529709785843574
0.002707802354660546,-0.01055371416335138,0.005093646915206789,-0.003710928550253345
0.004235306061809252,-0.0053076669901884165,0.005233634078834638,-0.0012180451463738307
0.005763821303686248,0.0007018133641174609,0.0035561238139828026,0.0011384825608831556
0.0066345187538023685,0.004943148600477933,0.0007706906988428752,0.002367853355738858
0.006456382640134702,0.005605294285377149,-0.0019469067103809311,0.0019454062711505016
0.005273350241370132,0.0023574981895030517,-0.0034421002137038706,3.406252577997648e-05
0.003550820710466557,-0.0035049540986469008,-0.003061251332020218,-0.0025797127683176435
0.0019857779267699292,-0.009591027985275793,-0.0009247615562880118,-0.004810066748423089
0.001218424103029074,-0.013401600638293813,0.002120068730207647,-0.005722395673179351
0.0015648643910220542,-0.013365554580909905,0.0048475143607529525,-0.004923680269212888
0.0028824634405720945,-0.009494502870403224,0.006159425247902944,-0.002729963454672829
0.004625008310858131,-0.00338372146735981,0.00553943484293877,-4.0222143735141325e-05
0.006066169289431217,0.002442580992738419,0.0032671509332116017,0.002032574644890872
0.006599550967040154,0.005571825072082023,0.00030320212839041183,0.002621454616852918
0.005991141829820558,0.004699381575620679,-0.0021077890148016865,0.0014662426429268224
0.004478942638931768,0.00016831205960728818,-0.0029522892483707514,-0.0009748461396206099
0.0026773912523277987,-0.006171275421250889,-0.0018677666769940302,-0.0037103017399036046
0.001325027253173544,-0.011725662638433262,0.0007067483340085449,-0.005621956787185401
0.000979158154008758,-0.014228369574785876,0.003712324735004713,-0.005925998391186165
0.0017838748169313606,-0.012675634146696757,0.005909287520798404,-0.004497974644069352
0.003408011155351942,-0.007739572928978089,0.006392221024376685,-0.001926872192492917
0.0051796435063386215,-0.001488122117922791,0.004967313715864022,0.0007251888173856452
0.00636234541437887,0.0034722553695991365,0.0022351322092096296,0.002359512881190219
0.006459381609253037,0.00507615442432606,-0.0006562882218355826,0.002294050202961726
0.005419941375988904,0.002654110367782181,-0.0024864740034573757,0.0005461647269091804
0.0036615937821178396,-0.002791184183753216,-0.0024691818245722516,-0.002172399627476871
0.001898981503378576,-0.009001647291356857,-0.0005805323233708526,-0.00474722069816578
0.0008490376183712678,-0.013400830784237212,0.002428118415998423,-0.006120034992856939
0.000934429978477827,-0.014162904249588146,0.005338920992986789,-0.005725776540764865
0.0021080751903261447,-0.01097055095606319,0.006970835308572822,-0.003727302069023483
0.003871769997416133,-0.00514752615843541,0.006669326802533092,-0.000950281316292094
0.00548174364020132,0.000889309249430573,0.0045792710592547844,0.001455753183925811
0.006256426096987851,0.004631626744703157,0.0015871635405729743,0.002491056759698837
0.005859113634563755,0.004519927430394741,-0.0010444495368747038,0.0017188617646689865
0.004438278653888204,0.0005912260076479589,-0.002199645206600466,-0.0005526578850864501
0.0025669968121517645,-0.005534679386326721,-0.0013725583795621416,-0.0033954367525424614
0.0010061293615163114,-0.011325173915046172,0.0011208999573595196,-0.005642839143787454
