ch0,ch1,ch2,ch3
-0.0002467041506232616,-0.00015200223506738297,-0.0001010008500750535,-0.00019498695419183489
-0.0002427792331777809,-0.00015001888890826202,-9.444127643197297e-05,-0.0001830762609392484
-0.00023721719310401668,-0.0001426486804819883,-8.624375108709704e-05,-0.00017526026555567066
-0.00023131610546551367,-0.00013154883691009688,-7.831939275879433e-05,-0.00017369013440681093
-0.0002265035357228249,-0.0001199056307273291,-7.245469264385482e-05,-0.00017791731140295468
-0.0002237426618187004,-0.00011112116011922002,-6.957857755337561e-05,-0.00018507359957358052
-0.00022312749399555902,-0.00010740964355245475,-6.938251544285593e-05,-0.00019105392951589882
-0.00022383725013218662,-0.00010888211889076781,-7.044907086575227e-05,-0.00019221398814413726
-0.0002244717471976079,-0.00011349748737897025,-7.083535267850456e-05,-0.00018688062640781554
-0.00022363123520036197,-0.00011790097369774829,-6.887120792193279e-05,-0.00017604909020525148
-0.00022050121782021565,-0.00011880528324729935,-6.384435407759252e-05,-0.00016297665429331295
-0.00021519867627712653,-0.00011434575731188482,-5.6291669897258955e-05,-0.00015183871554761287
-0.00020873325157686048,-0.00010485102740149035,-4.777796986404686e-05,-0.00014600200370447618
-0.00020259581598083918,-9.271099849367205e-05,-4.0253972217584076e-05,-0.0001466292360290702
-0.00019814199019037467,-8.13956028719035e-05,-3.5257403404664184e-05,-0.0001521937222673604
-0.00019602506513312156,-7.402769178670111e-05,-3.328473205967521e-05,-0.00015910679629756684
-0.0001959147667752376,-7.209753559379037e-05,-3.3590166875803115e-05,-0.00016320058689299997
-0.0001966218866129538,-7.484872604881888e-05,-3.4492780471034054e-05,-0.00016145398290337218
-0.0001965814011848556,-7.958933888052623e-05,-3.4064362995705425e-05,-0.00015324771954706637
-0.00019449730978202899,-8.280139978162737e-05,-3.091534955025231e-05,-0.00014062797233449595
-0.00018988318753424146,-8.159264216610091e-05,-2.4757318489935414e-05,-0.00012746715229027743
-0.00018327288747886563,-7.489273938060862e-05,-1.6513532495485757e-05,-0.00011786672772355514
-0.0001760102656405221,-6.390023561568699e-05,-7.935072795476608e-06,-0.00011446116378017014
-0.0001697004830015679,-5.159384542625955e-05,-8.825801241910992e-07,-0.00011732418252144916
-0.00016554679804573781,-4.150652829202706e-05,3.4305972239339483e-06,-0.00012393063416763807
-0.00016384690180069075,-3.626474789704425e-05,4.924221965117194e-06,-0.0001301914563325001
-0.0001638600063261057,-3.649354780812706e-05,4.66941951491294e-06,-0.00013213551475847003
-0.0001641048218290861,-4.053981185060066e-05,4.435702803877711e-06,-0.00012754411921288424
-0.00016297072785115827,-4.513172963098704e-05,5.956169289054016e-06,-0.00011686280980704349
-0.00015939305337168128,-4.6708843433901836e-05,1.0214328977270048e-05,-0.00010301320872425083
-0.0001533132448054092,-4.288124234184563e-05,1.7044825377928244e-05,-9.018230593531567e-05
-0.00014572946699458562,-3.342158827570685e-05,2.5209326978917028e-05,-8.208960492714639e-05
-0.00013830929351379214,-2.0382450402007244e-05,3.291271637270024e-05,-8.044900879746386e-05
-0.00013271618611639027,-7.286985463842593e-06,3.85443931698292e-05,-8.426236713668985e-05
-0.00012992157106556817,2.281725025834319e-06,4.1338949708954656e-05,-9.023796903121026e-05
-0.0001297844673509782,6.122257106946742e-06,4.168615614983127e-05,-9.416184956700328e-05
-0.00013107538967464284,4.30380088563471e-06,4.096641397512278e-05,-9.265503354068355e-05
-0.0001319424504487919,-8.570621084167665e-07,4.09835822755922e-05,-8.458920616754022e-05
-0.00013063753722103704,-5.721690835933145e-06,4.323145354822988e-05,-7.157352067538357e-05
-0.00012621261042544468,-6.782046707101366e-06,4.829584900270456e-05,-5.7308650776815954e-05
-0.00011890512832229668,-2.054192255680537e-06,5.563522054996271e-05,-4.607241159685065e-05
-0.0001100546353456325,8.147271149248035e-06,6.382432254536867e-05,-4.0960694986689875e-05
-0.00010158043318346521,2.1360738484332224e-05,7.115416148811805e-05,-4.260932594498399e-05
-9.522710649447624e-05,3.398647705869296e-05,7.633627035480103e-05,-4.8924430413836294e-05
-9.187874757913715e-05,4.27391057033814e-05,7.901980042714996e-05,-5.593274945889671e-05
-9.121564729413926e-05,4.5954899712183e-05,7.991120060638605e-05,-5.940109258348531e-05
-9.184973005790928e-05,4.422972829860926e-05,8.045347840499433e-05,-5.655699493409906e-05
-9.188268853269825e-05,4.013935441914016e-05,8.220508326710398e-05,-4.7201826553130814e-05
-8.966147706521957e-05,3.7167241294526737e-05,8.618130105658506e-05,-3.3759922943125313e-05
-8.442800876278986e-05,3.82835425892466e-05,9.243334487029047e-05,-2.0248188017067898e-05
-7.66047584830681e-05,4.4754040247519224e-05,0.00010003806240838881,-1.0597347918073576e-05
-6.760676918883329e-05,5.5656758686918476e-05,0.00010749797559136547,-7.023442335193095e-06
-5.9262369843785076e-05,6.829069623593396e-05,0.000113379968976712,-9.125390105947184e-06
-5.308158867261994e-05,7.929708911552663e-05,0.00011692273666771801,-1.4081078923099545e-05
-4.9669366729615115e-05,8.602765472491409e-05,0.00011835840731972314,-1.785644422953761e-05
-4.851741578008157e-05,8.760148202552131e-05,0.00011881528404664404,-1.6919780706019152e-05
-4.825085127409072e-05,8.522760660753604e-05,0.00011984479952646703,-9.742776246287656e-06
-4.721898334395338e-05,8.167538448371018e-05,0.00012277259567919748,2.541509626673112e-06
-4.418072797152448e-05,8.01228041137634e-05,0.0001281456950390193,1.66017145474828e-05
-3.8800642985319035e-05,8.286146201549137e-05,0.00013550551653212665,2.830146581831789e-05
-3.175476715569858e-05,9.038643412601422e-05,0.0001435784876978296,3.444141703373482e-05
-2.44107055484789e-05,0.0001012329029109019,0.00015080070113758742,3.411935934460056e-05
-1.8224425421752032e-05,0.00011261079345961384,0.00015595422092490088,2.913338046174385e-05
-1.4112758140517965e-05,0.00012156320004922836,0.00015864830576399868,2.3250173261407984e-05
-1.2067374471792108e-05,0.00012616721033022356,0.00015944700375069174,2.0634935139278627e-05
-1.1170795030680412e-05,0.00012628915648697363,0.0001595958813060078,2.4093478384867623e-05
-1.0002548042762285e-05,0.00012359889005607956,0.0001604707680939795,3.3862622742175435e-05
-7.256882652543394e-06,0.00012085629112434335,0.00016298829644921503,4.746393050226457e-05
-2.3031667383876858e-06,0.0001207788380781198,0.000167232311173124,6.06978132706251e-05
4.555123490380248e-06,0.00012496073198123048,0.00017245602210502232,6.938026281423215e-05
1.2236965263959633e-05,0.0001332786930233785,0.00017745714156443986,7.110983501605147e-05
1.9389554179538658e-05,0.00014400680800745697,0.00018116136074070217,6.63300555024355e-05
2.5022643013930247e-05,0.00015456531668642134,0.00018315745756402213,5.823414080432118e-05
2.8989447611967514e-05,0.0001625715241851442,0.00018394487129866116,5.153112556625979e-05
3.209190310474874e-05,0.00016675059383856362,0.00018477523459919107,5.056191195131204e-05
3.574622358017631e-05,0.00016734154551242903,0.00018714283592474257,5.752694951106332e-05
4.133606912214594e-05,0.00016586115282294107,0.00019213215783522994,7.155032123347271e-05
4.952417126397499e-05,0.000164365136767085,0.00019989819961874775,8.897097148636971e-05
5.982602489882285e-05,0.00016455305237729413,0.0002095073583368262,0.00010475581799985058
7.065319541841946e-05,0.00016711384837342477,0.00021922160678466106,0.00011447373944903935
7.984461272431863e-05,0.00017158537034071527,0.00022712593990552917,0.00011604029824264779
8.549790296751657e-05,0.00017676076202469663,0.0002318543768118934,0.00011053453083549001
8.677505838244786e-05,0.00018142536115180115,0.00023312389818910817,0.00010176408632921592
8.434769053814806e-05,0.00018505977742753457,0.00023185871624731551,9.476030278935001e-05
8.02756726677904e-05,0.00018816375890437715,0.0002298501789340414,9.381419865404042e-05
7.73317349894502e-05,0.0001920329502632862,0.0002290839984625398,0.00010084306441242134
7.800767454390138e-05,0.00019807815922139526,0.00023100000871277473,0.0001147338166066252
8.357503961735598e-05,0.00020699924855853966,0.0002359755989791417,0.0001319043373944253
9.35664467255819e-05,0.00021821179138491274,0.0002432319572469345,0.00014782547368399174
0.00010589160203661603,0.00022983102945642862,0.0002511904603544335,0.00015885958836722513
0.00011756150161904373,0.00023927980905126805,0.00025812578732987285,0.00016365470719281646
0.0001257586666267417,0.00024430534528514184,0.0002628466243033544,0.0001635322065763637
0.0001288538550266636,0.00024398717370296454,0.00026513073119412665,0.00016173553704304115
0.00012698609966267814,0.00023928881565975007,0.00026574864636592574,0.00016188729313473663
0.00012198843536993803,0.00023287044405754295,0.0002660832441733242,0.00016633145671555256
0.00011669245134786512,0.0002281777956487062,0.00026751804180761337,0.00017507953208748136
0.00011388278372919124,0.00022813239949269915,0.0002708569554816442,0.00018581664242288637
0.00011530439614284758,0.00023393824198350305,0.0002760162311480933,0.00019496710448043937
0.00012109936268891484,0.0002445038693666378,0.0002821070296207184,0.00019936078970749188
0.00012987675634669498,0.0002567536064894812,0.00028785816347920044,0.00019777549706530414
0.0001393682975187835,0.000266751585030138,0.00029218524148366936,0.0001916708859977215
0.00014739345064694302,0.0002712273714570203,0.00029465546863240025,0.00018476271054332057
0.00015274128384358917,0.00026891076840810865,0.000295649457769445,0.00018157546042988108
0.00015561784548415983,0.000261135833835531,0.0002961584549187289,0.0001855531811168023
0.00015748894732840486,0.0002514469717171848,0.0002973168489109751,0.00019751555600208692
0.00016039515466510887,0.00024432927563784734,0.0002998851387614899,0.0002151278133661113
0.00016602869029656343,0.0002435370079413076,0.00030391756202419185,0.0002336515437416772
0.00017495548975141116,0.0002506653942131662,0.000308763423507389,0.00024772017884147277
0.00018630315632315686,0.0002645287405011656,0.0003133995579220235,0.0002534518216872547
0.00019804365543174703,0.0002815999534123868,0.0003169404111940076,0.0002500527737602726
0.00020775698520846637,0.00029735199095033953,0.00031908918424499583,0.00024024797248236446
0.00021356744153891265,0.0003079845262867493,0.00032031624043344503,0.0002293310130202942
0.00021487595927594796,0.00031186246054112476,0.00032167105063772225,0.00022317537842942055
0.0002125969181224407,0.0003101015823540851,0.00032429952577187754,0.0002259691943145084
0.00020880988840936117,0.000306069883343149,0.00032887659077947967,0.00023855736114661644
0.00020597277089786335,0.00030399994714477895,0.0003352117387219189,0.0002580459064249873
0.0002060162444493304,0.00030725926721683356,0.0003422188740174574,0.0002788332923803604
0.00020968037139074223,0.0003169613716658623,0.0003482868126824974,0.0002946767449903357
0.0002163475771087501,0.00033146667803790435,0.000351909167847754,0.0003009996821395633
0.00022441779601659224,0.000346970965487331,0.00035231004848177566,0.00029655787379877577
0.00023204874188302756,0.000358950605582534,0.00034979136624070217,0.00028383990992737057
0.00023793962002125954,0.00036389738005338304,0.0003456377366631491,0.00026807627929562126
0.00024182946004323858,0.0003606647379333708,0.00034160231004751835,0.00025527038506022257
0.00024451293358443947,0.000350904403842011,0.0003391821076990279,0.0002500302940933248
0.0002473898261555717,0.00033843319002024516,0.0003389930468326477,0.00025403085266940224
0.0002517674941932349,0.0003277899358994779,0.000340524549146098,0.0002656593788074183
0.00025824100430848346,0.0003225547600530891,0.0003423988060254025,0.0002809132540216204
0.00026643699291992347,0.00032408502080486304,0.00034304246407923684,0.00029512419905992036
0.00027524008203700734,0.00033114540292324807,0.00034149074485327456,0.00030478012713578323
0.00028339658731700416,0.0003405479014898897,0.00033796921882860045,0.00030871745091691683
0.00029020754138257414,0.00034851815663763046,0.0003339748819435767,0.0003082531027405942
0.00029596505345168994,0.0003522271198728837,0.00033178044200593456,0.00030628465839166235
0.0003018846655992888,0.00035087923052710165,0.0003335328574420006,0.00030581381756539694
0.00030950640716201545,0.00034594382148760204,0.00034030495795251477,0.0003085666872796647
0.00031978846520392475,0.00034047106030576745,0.0003515035648166608,0.0003143089301027085
0.0003322905588759702,0.00033780096625330667,0.0003649122390785129,0.0003211251312371064
0.0003448566290632588,0.00034020585336531943,0.0003773960999870706,0.00032649605887282785
0.0003540389339715139,0.0003480132423189622,0.00038602001321723844,0.00032865404233975936
0.0003562138363286285,0.00035954175890020484,0.00038914532032555094,0.0003275769910467658
0.00034903571297544657,0.00037184064719462164,0.00038705696990890405,0.0003251455542435242
0.0003326852266945786,0.0003818976934917011,0.0003818461374271589,0.00032436337407651725
0.00031038006475714216,0.0003878035941997501,0.00037656905500904527,0.0003279642068504835
0.00028784294694522683,0.0003894011402223217,0.00037400251034832926,0.00033701753145023094
0.0002717906664357007,0.0003881813799614572,0.0003754952675909206,0.0003501691676695803
0.00026788521711336053,0.00038651264613231745,0.0003803928997268139,0.00036390022887009015
0.00027882796170616907,0.0003865634958400763,0.0003862922207874466,0.00037376027482182876
0.0003032793435419443,0.00038939256226990025,0.00039004512060991756,0.0003761084971628946
0.0003360351100418439,0.0003945841730622088,0.0003891160090977725,0.0003696601903406283
0.00036946648234807645,0.00040055429724050723,0.0003827348015347337,0.0003561888382887297
0.00039578591279088623,0.00040535089843961574,0.00037235212152030814,0.00034006048267856784
0.000409395875422441,0.000407558456808697,0.00036117696660017615,0.00032674525146526184
0.0004085318468259189,0.00040688177680875756,0.00035295338104448793,0.0003208686045412335
0.00039564578200444636,0.00040414336841909074,0.0003504585254785535,0.00032455849056094746
0.0003764126259374725,0.00040071007863042983,0.0003543416520753597,0.00033673218623239383
0.0003577235286032419,0.00039764158880177395,0.00036280673829823534,0.00035359237652264207
0.00034538058969195125,0.00039499905123853424,0.00037230894956394496,0.00037011886050187067
0.0003423006969106462,0.00039169540167258436,0.00037901630638743976,0.000381948417034097
0.0003478366697868223,0.00038602718365310113,0.00038045399862958885,0.00038689226661014293
0.00035840676285482165,0.0003767022153311869,0.00037664294409798827,0.00038550559619991557
0.00036914352833336187,0.0003639117035499519,0.0003702212348136038,0.0003805261486297235
0.0003759078670150758,0.0003499143863481612,0.0003654369600140313,0.0003754697600210565
0.00037689794445624027,0.0003387548639667594,0.000366368425525911,0.00037301300076819177
0.0003732558586144857,0.0003350794928344971,0.0003750727059810564,0.0003738644880231482
0.0003684692349469302,0.00034240790386450394,0.00039043705403631095,0.00037659918070459205
0.00036682951818011356,0.0003615011146195768,0.00040826568038963043,0.00037850245407371815
0.0003715675207612215,0.0003895090317020506,0.00042265968444089316,0.00037702627305154945
0.00038340489354192194,0.0004203436884798557,0.0004282222045663949,0.00037118916333064806
0.00040009468450015646,0.0004462852401912346,0.0004222551415830736,0.000362272277683819
0.00041713986463222223,0.00046034856029491183,0.0004060640268850667,0.00035346909371250447
0.0004294231361536957,0.00045860794422605746,0.00038478940116679777,0.0003486072649089935
0.0004331284498087443,0.0004416353535854663,0.0003657325814922186,0.0003504802331071973
0.0004272187966573997,0.00041448594914062214,0.0003557337391993874,0.00035952044359445614
0.00041389994398814776,0.0003851710349259614,0.0003585591447118326,0.00037342553393268673
0.00039788297207398035,0.0003621080388325588,0.0003732974559669689,0.00038795708005523173
0.0003847141040289842,0.00035142179474697226,0.00039442167834199087,0.000398629285794377
0.00037879532491403016,0.000355040673383309,0.00041356423582909643,0.00040260495285837834
0.00038183867706861473,0.00037025199833989094,0.00042240548236163896,0.00039999325117146147
0.00039233503266815887,0.00039085338730507357,0.0004156399566666802,0.00039396058802757043
0.00040623514827956903,0.00040945640050209784,0.00039293266658676595,0.00038954248609104127
0.0004185810898368547,0.00042008455478669015,0.0003591372397835046,0.00039158868485998145
0.00042546325448631066,0.0004201160345185965,0.00032268755643629347,0.0004026588512018468
0.0004255499301686178,0.0004108864208961952,0.00029275282445878734,0.0004217449630760547
0.00042059271672247153,0.00039678625781303063,0.00027620358177241885,0.000444392373699298
0.0004146956431676543,0.00038326266160597356,0.0002754965059670729,0.00046423842328067793
0.00041260606144109964,0.000374543250029178,0.0002882253983940488,0.0004754057185652815
0.0004176658759897733,0.00037198855188216184,0.0003084434280689895,0.00047481573836246396
0.000430208848069719,0.00037371437802318364,0.000329186386072703,0.00046348641605195926
0.00044704534302572444,0.00037561338757136265,0.0003451799478190111,0.00044625670000671944
0.0004622889282856214,0.00037334572678474434,0.0003546680758879255,0.0004299979380600132
0.00046928841221567847,0.00036448022627892066,0.00035967008375745445,0.0004209818743701964
0.00046301243468321374,0.00034990141064327,0.00036461276593664175,0.0004224306809355731
0.00044204450618584633,0.00033387943832995223,0.00037393846824147444,0.0004332260544738891
0.00040945652395468974,0.0003227209843887609,0.00038970140415066676,0.000448312751300374
0.00037220315978808444,0.00032247742440824606,0.0004101704227636874,0.000460666891838878
0.0003391880716101267,0.00033656642674811444,0.000430054449337937,0.0004640739954081863
0.0003186169246992376,0.0003642169834121438,0.00044231564943806776,0.00045562749663040955
0.0003155078640618748,0.00040035398416521026,0.00044089216581108537,0.0004369537998160719
0.00033018641735433913,0.0004370078047048712,0.0004232712870240878,0.0004136626957002039
0.0003582628301327393,0.000465768193089817,0.00039188638545187304,0.0003932204585651205
0.00039208936034385066,0.00048041390816893416,0.0003537458815969273,0.0003820708471259104
0.0004231965569945062,0.00047878529988235123,0.00031837129474783597,0.00038313552122126065
0.00044488333277497644,0.0004632483673482881,0.00029476471077880765,0.000394685024263191
0.00045409686239655415,0.000439617623894353,0.00028849543586070066,0.00041103644558948955
0.00045199667442505,0.0004149653955599397,0.00029995088027762206,0.0004248136834104019
0.00044306144147535466,0.00039513828404012937,0.00032435909383370635,0.0004298853923883408
0.000433104775010658,0.00038288461778339237,0.0003535324088060275,0.000423820883120631
0.0004269412578817956,0.0003772452547449067,0.0003786577581850014,0.000408886097440862
0.00042655611256432735,0.0003743746922341959,0.0003931053167160619,0.00039117068497107474
0.0004304427684132937,0.00036942553557033346,0.00039426921878308083,0.0003781705246238703
0.00043434813290709026,0.00035874605631586805,0.0003838621301948061,0.0003757600664820519
0.0004331533945956012,0.00034154593461912445,0.00036668917955401934,0.0003857363389332838
0.0004231976667330953,0.00032040658424799067,0.0003484866602054887,0.00040490449437219844
0.00040417151045453985,0.00030045901583353044,0.000333714292929744,0.00042608621259834084
0.00037983467408071476,0.00028755248585011475,0.0003241334380023756,0.00044069611219604897
0.00035720921634230284,0.00028610496375918327,0.0003186301410877104,0.0004419319609655427
0.0003444338051975933,0.00029743024473308536,0.00031421692830223947,0.00042739051234060016
0.00034795541192429377,0.0003191464403960989,0.000307687984784379,0.00040013711408771406
0.0003700095755883123,0.0003458657792211782,0.00029718786050491887,0.0003678347457671744
0.0004072976014622818,0.0003709012236728906,0.0002830544639024612,0.00034025184240359726
0.00045141129499478324,0.00038837234390072983,0.00026765076782854546,0.0003260472437523912
0.0004909926981187991,0.00039497457963261163,0.0002543436875781781,0.0003299634064636703
0.0005150301702879655,0.0003908250256367591,0.00024613195030664226,0.0003513726162715807
0.0005162792413102725,0.00037914800874363857,0.0002445294234611915,0.0003846033129175704
0.0004937019255251838,0.00036497892540713077,0.00024914736619453777,0.0004208329689393259
0.00045308560327682844,0.00035339238807603757,0.0002580763045153947,0.0004508129798768359
0.0004055574357814283,0.00034788815530208453,0.0002688077268505915,0.00046747210233044135
0.0003643802259814359,0.0003494623633060677,0.0002792200109766121,0.00046758380411787855
0.0003409845649962978,0.0003566061701042541,0.0002881726792855534,0.00045209556952960784
0.00034147009658738183,0.0003661254012785314,0.0002954882119920037,0.00042522407759138534
0.00036469547776529483,0.0003743953089212258,0.0003014313835753207,0.00039282011116278904
0.00040259718729545023,0.0003785521195509018,0.00030605878069780014,0.0003606635529972248
0.0004426777117402651,0.00037720684851296794,0.0003088745787518995,0.0003332352819785206
0.0004719061779187964,0.000370500155588198,0.0003090563335877164,0.0003132137353170704
0.0004808068644956813,0.00035959885173289123,0.00030618479968711425,0.0003016092939200516
0.0004664312691056249,0.00034595100918794256,0.0003010851405681398,0.00029822531618887684
0.00043325195687223575,0.00033068469162915746,0.0002962338725012014,0.0003021000894469707
0.000391677525339192,0.00031443431924084415,0.00029530626627792,0.000311723745476822
0.00035465672536804933,0.00029765595262414485,0.0003018087611630796,0.00032504345010645787
0.0003334653372517762,0.0002812437626861759,0.0003172127952694814,0.00033944506596977425
0.0003340437049727831,0.00026709023514654036,0.000339366280241064,0.000351938025136011
0.00035508054794086577,0.0002582166430789961,0.00036201788230863616,0.00035965542735640104
0.00038847124816879654,0.00025825203425482884,0.00037597213188327077,0.00036057762185375333
0.00042199996717422325,0.00027030571416677713,0.0003717845878431168,0.0003542069452689581
0.000443361364840743,0.00029555925447090326,0.0003432298601531602,0.00034186773890373387
0.00044419399061383825,0.0003320876697846937,0.0002903124857646577,0.00032642194908125697
0.0004227936729697113,0.0003744245791601859,0.00022056553505367155,0.00031143395062167324
0.00038461516131079685,0.00041419418376791993,0.00014786102894895326,0.00030007764570514316
0.00034040830135034723,0.00044179711289168196,8.880597576353494e-05,0.00029422570827648223
0.0003026241012767186,0.0004487671985749556,5.772033583505597e-05,0.0002941109741008979
0.0002813006353876644,0.000430141328100019,6.183331228128703e-05,0.0002987083331338039
0.0002808050033324881,0.00038610880635720504,9.841728968648872e-05,0.00030665072013241296
0.0002985098622015328,0.0003223711950070951,0.0001550254433800464,0.00031721778333943266
0.0003258234743480981,0.00024900886930015996,0.00021297108094793548,0.0003308594790066934
0.00035119608211196053,0.0001781060563808287,0.0002530388380726048,0.0003488972378746523
0.00036406412457180815,0.00012078484630586347,0.00026157167739649187,0.00037242485469318363
0.00035839154236941794,8.450545753221748e-05,0.000234863217034724,0.00040085233623307794
0.00033462407316875757,7.142818650769715e-05,0.00018030973688205543,0.0004308041575484733
0.0002994296168306068,7.831236255997361e-05,0.00011387491915496885,0.0004560527255491748
0.0002633597471453521,9.794695735001869e-05,5.470748534639982e-05,0.00046881198401823893
0.00023726998217279312,0.0001216216648476229,1.876067907237688e-05,0.0004621524332640211
0.00022873891738730618,0.00014181871609241512,1.3619094083483767e-05,0.00043275114485286174
0.00023969532448661152,0.00015424856470164276,3.630447998486709e-05,0.00038290123064702323
0.0002660167825858657,0.00015859155729970693,7.476151647143445e-05,0.0003208326048689514
0.0002991661113104912,0.00015776600425236942,0.00011240850526635421,0.00025893691825553354
0.0003292303624776138,0.00015606523714602335,0.00013406030008193215,0.00021026666723319737
0.00034826553868988236,0.0001569095675358735,0.0001310859299637497,0.0001843981543734975
0.0003527835020779521,0.00016109699270516113,0.00010400719412089583,0.00018411277938577153
0.00034455854275101375,0.0001662522474963881,6.173604325241308e-05,0.00020418198915950181
0.00032954878789023334,0.00016772456874797814,1.790497051738675e-05,0.0002328596356815014
0.00031539663976759455,0.00016062601322709604,-1.4211149888500066e-05,0.0002557193937240546
0.00030845505120166976,0.00014223677897212022,-2.623930714418238e-05,0.0002605807949892791
0.0003114176066905715,0.00011380950692898534,-1.708338099482064e-05,0.00024179601104018625
0.0003223747418903187,8.096791788371208e-05,7.588035281589522e-06,0.00020232591945716394
0.0003355797447927863,5.237580975224251e-05,3.830577938300039e-05,0.00015278913360044453
0.0003435883630598009,3.699032288435311e-05,6.584981962118986e-05,0.00010775857254896697
0.00033995966938326906,4.078107176402348e-05,8.46696437596175e-05,8.060306938235696e-05
0.00032153918193573804,6.40792854933078e-05,9.43169513551232e-05,7.873459635408125e-05
0.0002895367148811124,0.00010059559975569442,9.843172002901209e-05,0.00010099833903618106
0.000249078180108521,0.00013863094477848092,0.00010188662985714976,0.00013816505999728577
0.0002074723323600853,0.00016426439188423894,0.00010748195007665373,0.00017633776419006907
0.00017188146115698288,0.0001655885417671414,0.00011376796676511303,0.00020199998335527683
0.00014725947560450956,0.00013663448879975713,0.00011507741968794233,0.00020682537837455443
0.0001352683466771809,7.965250140171275e-05,0.00010387903720288552,0.00019047243665701763
0.0001344742538347507,4.904830622045394e-06,7.451740206454579e-05,0.00016036502009403455
0.0001416215982128488,-7.20689172586603e-05,2.672363799438251e-05,0.00012860979649881727
0.00015338010771659205,-0.00013490565391176263,-3.273638639083806e-05,0.00010728028355361897
0.0001678082301764257,-0.00017118708872473248,-9.12325074482695e-05,0.00010388811432714959
0.0001849266435971775,-0.00017598676988289972,-0.00013409601894495766,0.00011874142130006122
0.0002061842056812133,-0.00015305082931796343,-0.00014981681265110257,0.00014511493544466602
0.0002330700393903203,-0.00011325210339417136,-0.00013466316258064828,0.00017204120191100886
0.0002654944127034744,-7.086803110247406e-05,-9.485548251973596e-05,0.00018852352968616026
0.0003006825209701411,-3.8954045855787246e-05,-4.525199663081511e-05,0.00018746774100291102
0.00033314903742641833,-2.5365494991045072e-05,-4.783263280669548e-06,0.00016782256204922564
0.0003559108231030739,-3.072664393682185e-05,9.877566714341538e-06,0.00013421452746057122
0.00036260374357476857,-4.89486829780458e-05,-9.814461282308111e-06,9.44242729322508e-05
0.0003497830290832715,-7.000914115130728e-05,-6.101129312642304e-05,5.5932866203369603e-05
0.0003185545188339683,-8.393749954157677e-05,-0.00013007747452989954,2.3102720804036582e-05
0.00027486405764834664,-8.457277727028496e-05,-0.00019695577481841485,-3.788822009317478e-06
0.00022820832390337106,-7.179182135375715e-05,-0.0002418213808208624,-2.732175950734568e-05
0.00018907265264196606,-5.149008235892397e-05,-0.0002517131551911061,-5.0197095927017856e-05
0.00016585977842677036,-3.340892906614256e-05,-0.0002248269939776736,-7.240517054294841e-05
0.00016228492723140625,-2.764912378082151e-05,-0.00017099326768274173,-8.981041763346668e-05
0.00017609914820126038,-4.1127531442902314e-05,-0.00010822797951364973,-9.506767472428788e-05
0.00019959782830710713,-7.51905250397745e-05,-5.663977474537499e-05,-8.072779959758614e-05
0.0002218081336316388,-0.0001251320746837251,-3.188147570971656e-05,-4.331803490922626e-05
0.0002317138245390457,-0.00018166687450148943,-4.0431245271462326e-05,1.3429389392223404e-05
0.0002215438805516745,-0.00023374242948569126,-7.825637521671468e-05,7.78749767836964e-05
0.00018912868912453418,-0.0002716746141745132,-0.00013314138493722059,0.00013306087424499666
0.00013861737804497407,-0.0002895809438244984,-0.0001896344663771907,0.00016201859167479672
7.935445142114489e-05,-0.0002864343331045971,-0.00023467352892401556,0.00015399231870643124
2.3269805965304733e-05,-0.00026560628427819895,-0.0002618102339626335,0.00010917693144197845
-1.8430367875671072e-05,-0.0002332911025904673,-0.0002725827049888091,3.9905831118100684e-05
-3.8301671164607985e-05,-0.00019651076397856715,-0.00027472932972275505,-3.256924146576674e-05
-3.457123883850094e-05,-0.00016140485695535084,-0.00027813960215131064,-8.490841565491684e-05
-1.1421804310468784e-05,-0.00013225223175698225,-0.00029024861203760035,-9.985233100007191e-05
2.236034413037823e-05,-0.0001112928612151561,-0.0003127100471146756,-7.276410000642947e-05
5.592067490664307e-05,-9.909579736055535e-05,-0.00034060791203668287,-1.3989652764152902e-05
7.929550774154738e-05,-9.508344343483045e-05,-0.00036443608907091676,5.40981759194661e-05
8.596253226564707e-05,-9.790634381558305e-05,-0.0003739972432212364,0.00010457050348784989
7.431473857185661e-05,-0.00010559224802110797,-0.0003626595075576734,0.00011539527535795036
4.7726961658202936e-05,-0.00011562804248104335,-0.00033031674942774435,7.748592705728735e-05
1.3287295938330655e-05,-0.0001252368335141825,-0.0002839357033576399,-1.65176356893619e-06
-2.0380638741024663e-05,-0.00013201997526640394,-0.0002355112341044946,-0.00010014139680681602
-4.5564902348934965e-05,-0.0001348855025807747,-0.00019821860097975387,-0.00018916125311891474
-5.751314576641091e-05,-0.0001349099570464363,-0.0001821844246163204,-0.00024296444992576082
-5.5560101195916925e-05,-0.00013563894598700064,-0.00019137639662698716,-0.0002478704032110036
-4.3085762669863636e-05,-0.0001424330370763938,-0.0002226365643046809,-0.00020692528318218002
-2.6373959718989216e-05,-0.00016081031491976846,-0.0002670632915833793,-0.0001384950532374807
-1.2723401504518577e-05,-0.00019420236300230222,-0.00031310814882037625,-6.929812059434853e-05
-8.342202142183006e-06,-0.000241923709260715,-0.0003502067478312182,-2.446885988549992e-05
-1.659421968395256e-05,-0.00029825803437023537,-0.00037168565304996455,-1.837597185934384e-05
-3.705820333904231e-05,-0.0003532871644462928,-0.00037606897597020615,-4.965634115399721e-05
-6.563936523308619e-05,-0.00039548658571178865,-0.000366564527274196,-0.00010234521881855858
-9.569399857396076e-05,-0.00041539141287665353,-0.00034916975533425454,-0.00015266937020453716
-0.00011986072204306852,-0.00040908763505872147,-0.0003302563364751467,-0.00017889250085552353
-0.000132104081918234,-0.00038016001510418255,-0.0003145415387389225,-0.0001703944488035153
-0.00012941675902637022,-0.00033913986602693844,-0.00030406342787418317,-0.0001324034876444777
-0.00011271375132588385,-0.000300344858589379,-0.0002983039530415766,-8.441759511721404e-05
-8.666639128410532e-05,-0.00027700073374918257,-0.0002951592684635564,-5.2752898742889964e-05
-5.851162443596086e-05,-0.00027630080447863876,-0.00029221125468531153,-5.99446391539472e-05
-3.615555815477832e-05,-0.0002962654350846274,-0.00028777328216152923,-0.00011502583110870359
-2.6090106766621615e-05,-0.0003257713011844,-0.0002814109259108939,-0.00020850866130741295
-3.169802870921077e-05,-0.0003480517133790364,-0.0002739360190587538,-0.00031423848191039104
-5.2414396260532826e-05,-0.00034668320675045316,-0.00026709025913692773,-0.00039777268408212044
-8.396895849102141e-05,-0.0003120438612484559,-0.00026318188961619313,-0.0004284811556250655
-0.00011962338644689574,-0.0002458696966009731,-0.00026482211078473854,-0.00039108551197796783
-0.0001520319748564922,-0.00016203734951678427,-0.0002747195731997107,-0.00029241416573578746
-0.00017518052954646675,-8.294171060579611e-05,-0.00029535857311082856,-0.0001607507642440061
-0.00018584932083410535,-3.240674398895504e-05,-0.0003284027692203734,-3.773041582148904e-05
-0.00018420443742634372,-2.740643942442686e-05,-0.00037384026063921275,3.4632041880088254e-05
-0.0001733969968573377,-7.147210376550004e-05,-0.00042913307294433026,2.745923584257905e-05
-0.00015835357979770005,-0.00015225751051529648,-0.0004888144952221658,-6.54742354416841e-05
-0.0001441773156812833,-0.00024441525556821015,-0.0005449645994680218,-0.00022541725367414799
-0.0001346736977189689,-0.0003171346954853834,-0.0005887418562849988,-0.00041424178994173375
-0.0001314423031467233,-0.0003440279886357177,-0.0006127262261412567,-0.000586031884237076
-0.00013376473084962412,-0.00031212476377813644,-0.0006134026579932921,-0.0007007782863125365
-0.00013924487555390304,-0.00022690296682171583,-0.0005928810700803854,-0.000735724434375345
-0.00014491377963874396,-0.00011151951263953664,-0.0005590512528445317,-0.0006908690497752337
-0.00014837815153916997,-3.0563896826771915e-07,-0.0005238234854563731,-0.0005872273446385327
-0.00014860924719891253,7.148839511280478e-05,-0.0004997739832605325,-0.0004589087555346286
-0.00014612422704096968,7.843911753314518e-05,-0.0004961565215868781,-0.0003420157125769949
-0.0001425454895245698,1.2738384737333584e-05,-0.0005155981938618421,-0.0002641618647058924
-0.00013975037480268336,-0.00011345621101323974,-0.0005526969200808494,-0.00023785157544968825
-0.00013896507593991815,-0.00027180215633906357,-0.0005951751907576063,-0.00025935061108956766
-0.00014016634011417668,-0.0004263829368053523,-0.0006273934331521181,-0.0003126634338570562
-0.0001420337857936217,-0.000544324152749624,-0.0006351859444999786,-0.0003765651915480599
-0.00014249065299080325,-0.0006050381444188983,-0.0006104654207468003,-0.00043188121647256026
-0.00013965490507986936,-0.0006052959428118089,-0.0005540552099548505,-0.0004665464964118748
-0.00013286988001087903,-0.0005587926376066149,-0.0004757676716162643,-0.0004771712951665124
-0.00012344375661446617,-0.000490700169351299,-0.0003916654552380376,-0.0004673438732184694
-0.00011480989511948139,-0.0004292599121436012,-0.00031939561704542435,-0.0004441022262979456
-0.00011199520260927608,-0.000397250939571664,-0.0002731322135218891,-0.00041446194132127584
-0.00012049317707276276,-0.000405968049311893,-0.00025977020604676417,-0.00038349078983247005
-0.00014481767019060998,-0.0004532975390643855,-0.0002775490087477764,-0.00035442404071739966
-0.00018711229319732066,-0.0005260096364117456,-0.0003174241783426248,-0.0003302033849518798
-0.000246186206409017,-0.0006050285833836221,-0.0003665680953771653,-0.00031510376364200776
-0.00031724795822692304,-0.0006716447699635782,-0.0004127022730751812,-0.00031510033773803986
-0.00039244690049271703,-0.0007126108321159522,-0.0004477753677100258,-0.0003363151109459349
-0.0004621491505719229,-0.0007227348560842506,-0.00046984241470927597,-0.00038194870036232435
-0.0005167126233041737,-0.000704630428553027,-0.0004827152492489679,-0.0004490525073129983
-0.0005484131606572455,-0.0006662873130719183,-0.000493755815435022,-0.0005268730682736315
-0.0005531278409716407,-0.0006177340147003995,-0.0005107745357171045,-0.0005980827643453539
-0.0005314074818156621,-0.0005681095653529301,-0.0005391789913417268,-0.0006431171679051782
-0.0004886654174979904,-0.0005240131394934737,-0.000580269384435501,-0.0006464894884289171
-0.00043436432089962904,-0.0004893044251668975,-0.0006310408554022796,-0.000602907085262865
-0.00038027919856512167,-0.00046589811687567143,-0.0006852709748147185,-0.0005207479331601133
-0.0003381233604636219,-0.0004547798106947059,-0.0007352774611511096,-0.00042115438391755365
-0.000317003705238509,-0.00045655658305559946,-0.0007736555072360528,-0.0003324768984311218
-0.00032127363892787584,-0.00047125279909396084,-0.0007945243864855116,-0.0002815365644541217
-0.00034933300287476906,-0.0004975544972591791,-0.0007941787807413412,-0.00028451771411652007
-0.00039376269170211776,-0.0005320555000923695,-0.0007713500724573677,-0.0003407046663469811
-0.0004428917886796281,-0.0005691081776628673,-0.0007273818944658418,-0.00043151821149905626
-0.00048353416768193115,-0.0006016189942724879,-0.0006664774937451949,-0.0005255924945363286
-0.0005042912186862781,-0.0006226831899559611,-0.0005958839771454922,-0.0005885352786333825
-0.0004986008544257238,-0.0006275326991558391,-0.0005256256652252349,-0.000594279425367611
-0.0004667027636310682,-0.0006150697574300004,-0.00046736370216662014,-0.0005342083593452121
-0.0004159164570286946,-0.000588369136177071,-0.00043221920628195025,-0.0004208310797943262
-0.0003590519083140431,-0.0005539101911799574,-0.00042787920331255997,-0.00028453625557387565
-0.00031128513553087527,-0.0005197856250215827,-0.0004558032404261144,-0.00016429041720125977
-0.00028628531391903297,-0.0004935219877240018,-0.000509611329574161,-9.525594211113752e-05
-0.0002926324997284921,-0.00048027618098125285,-0.0005755760501520307,-9.74406786295255e-05
-0.00033152422864077426,-0.00048199290497183525,-0.0006355428772772939,-0.000169228727241602
-0.00039643020416680333,-0.0004977009374679493,-0.0006717390617302291,-0.00028804101963179316
-0.0004748068806855981,-0.0005246659565823781,-0.0006721226775952212,-0.00041796709569658904
-0.0005513892001910562,-0.0005597971006133305,-0.0006345125714646206,-0.0005218206775835878
-0.0006121184138118694,-0.0006006530929947741,-0.0005679487855272231,-0.0005735326865932785
-0.0006475887099263552,-0.0006456247872477271,-0.0004905560601238979,-0.0005666520866578495
-0.0006550599306731715,-0.0006932785403378017,-0.0004243661972530573,-0.0005160425815631254
-0.000638538171182137,-0.0007412510965081503,-0.00038867582815171474,-0.00045219812862492994
-0.000607024546125007,-0.0007853179956264838,-0.00039413915799007724,-0.0004101500638906473
-0.000571580994018647,-0.0008192167502497068,-0.00043964547134085644,-0.00041681919827755764
-0.0005421836843449307,-0.0008355110040710872,-0.0005131146195254809,-0.00048121941673421865
-0.0005253295080920478,-0.0008273550617898251,-0.0005959640410518233,-0.0005909441383627046
-0.0005230408710335814,-0.0007906333856076899,-0.0006696584208434634,-0.0007161929280794404
-0.000533397614006427,-0.0007257595789483543,-0.0007219601270421613,-0.0008199713422624464
-0.0005521970975367828,-0.0006384947821614543,-0.0007505797983234385,-0.0008709330160390899
-0.0005749895370465698,-0.0005394506665555872,-0.0007628833353681823,-0.0008543853210993452
-0.0005986755027883333,-0.0004423555553808988,-0.0007718069766903168,-0.0007775869923710196
-0.0006220979879564619,-0.0003615296643167153,-0.0007896071763090554,-0.0006674280652213709
-0.0006455123369571235,-0.00030921399041555975,-0.000821954348826735,-0.0005612269976141382
-0.0006692978212234665,-0.00029337995966861646,-0.0008648057123824281,-0.0004937924415310791
-0.0006925980423099899,-0.00031645199949017995,-0.0009054571599771329,-0.00048523665773136384
-0.0007126155108648777,-0.0003750993695518258,-0.0009275457977367141,-0.0005338186263875383
-0.0007250182234933042,-0.00046100303236252805,-0.0009181665553988814,-0.00061639532339255
-0.000725440196143564,-0.0005623475389037965,-0.0008743070993002986,-0.0006964444645288931
-0.0007115555353113293,-0.0006657369079171528,-0.0008058974468603679,-0.0007369883480261091
-0.000684877203953555,-0.0007582474258035907,-0.0007339265034066525,-0.0007140073553797378
-0.0006514212193243119,-0.0008293535233182855,-0.0006839010482932394,-0.0006256933749346064
-0.0006207151747641569,-0.0008724631038388539,-0.0006767463388982395,-0.0004942541660451568
-0.0006032162353822794,-0.0008857893673990425,-0.000720378357232074,-0.0003594852210276078
-0.0006068364513813542,-0.0008723190636560651,-0.0008051583879987331,-0.0002661246738887744
-0.0006337178182852937,-0.000838767719144952,-0.0009052286549918029,-0.0002491423844447545
-0.0006784723208165626,-0.000793656044743117,-0.000985722942866024,-0.00032185347819414144
-0.0007287402621768901,-0.0007449449783028914,-0.0010137527020552535,-0.0004708334248185177
-0.0007682116992055811,-0.0006979134108425259,-0.0009696420264137819,-0.000659356315652903
-0.0007814187338996907,-0.000654017596483941,-0.0008546536141763752,-0.0008382497266943863
-0.0007589204540307398,-0.0006112468631053062,-0.000692520324964368,-0.0009606211224899076
-0.0007012159055343821,-0.0005660042108593372,-0.0005241167204503116,-0.000995685433546147
-0.0006199637805277256,-0.0005159350455436336,-0.00039687750713775596,-0.000937311504948881
-0.000535821370751939,-0.0004626331187962806,-0.00035231155150694337,-0.0008047485756436658
-0.0004732349354250161,-0.0004130030468825689,-0.00041557812443710835,-0.0006356367211959788
-0.00045350756076127896,-0.0003783865130081848,-0.0005903915593947699,-0.00047392710308447104
-0.00048811774527045005,-0.000371319808174544,-0.0008607665348793053,-0.000356879396457313
-0.0005743354355771395,-0.000400748870625868,-0.0011989288929573874,-0.00030536627868941026
-0.0006946264917304699,-0.00046732664737267554,-0.0015768433603826082,-0.00032032984123619426
-0.0008202918676605711,-0.0005607055695255041,-0.0019778577839820706,-0.00038594258020615624
-0.0009185530099431544,-0.0006603171136770546,-0.002405196392015764,-0.00047767254963316315
-0.0009612389561266591,-0.0007400580644553922,-0.002885295636547702,-0.0005718804769332059
-0.0009326794494546772,-0.0007759031610693502,-0.0034657681156472836,-0.0006533197015975285
-0.0008345436699230566,-0.000754231721475111,-0.00420946035840312,-0.0007180046853523862
-0.0006861642744654759,-0.0006780834454013364,-0.005187085955079723,-0.0007708973727243392
-0.0005201295581557738,-0.0005689415342905265,-0.006470990138971476,-0.0008199505185897978
-0.0003742552122421896,-0.00046294384610371373,-0.008131809213590921,-0.000869439436375445
-0.0002820744932674074,-0.0004022593410811415,-0.010238493979391278,-0.0009156863613248658
-0.00026441108814140123,-0.00042411706966752,-0.012860869768492164,-0.0009471896930365805
-0.0003242981856841004,-0.0005509979759245012,-0.016073047141241623,-0.000949259842765873
-0.0004465687758436509,-0.0007853741708098538,-0.019955806627894992,-0.0009112988112904054
-0.0006021402309148299,-0.001111075231168372,-0.024596520126724128,-0.0008336303532974025
-0.000755728264816191,-0.0015012717002145645,-0.030085984173244217,-0.0007307985901335311
-0.0008748197736627005,-0.0019308905735064908,-0.03651237779526416,-0.0006295310915003663
-0.0009374618365191033,-0.002389774949853025,-0.043953126278132235,-0.0005616359045448619
-0.0009368472232619689,-0.002892613871730099,-0.0524656194783691,-0.0005541759777903768
-0.0008816535905742603,-0.0034827213366088136,-0.06207755643914213,-0.0006205230318792899
-0.0007923254114902162,-0.004228781335252713,-0.07277735992685495,-0.0007558143150819562
-0.0006946104810553103,-0.005215987303986425,-0.08450484933317504,-0.0009388998752045566
-0.0006123561670222121,-0.006534776020806909,-0.09714232765026684,-0.0011405761189325193
-0.0005616510152046638,-0.008270968488052366,-0.11050644138064009,-0.0013355957787130638
-0.0005478684683047634,-0.010500386019502485,-0.12434149533124078,-0.001514494492918965
-0.0005662147822046847,-0.013289203663522976,-0.13831516820535478,-0.0016912465884843862
-0.0006053054107433926,-0.016699110188431163,-0.15201762924700124,-0.001904199966070665
-0.0006524205722832845,-0.02079456395636971,-0.16496485203560135,-0.0022101351285429708
-0.0006986745205407415,-0.02564869180888988,-0.17660653251807337,-0.0026737717157457467
-0.0007424795503224919,-0.03134489299823778,-0.18633860099534563,-0.003356689118464757
-0.0007903259818152462,-0.03797272431356248,-0.19352003112372856,-0.0043098184455244316
-0.0008548170065480864,-0.045618533539912014,-0.19749357260198652,-0.005572319548448772
-0.0009507995803216295,-0.05435284196931804,-0.19761012389656218,-0.007177267646555694
-0.0010910419429692982,-0.06421709847694215,-0.19325656521091408,-0.009162018373071804
-0.0012830464349255092,-0.07521197872691089,-0.1838868013114612,-0.011579338870623637
-0.0015282247580852793,-0.08728817363591562,-0.1690553882623374,-0.01450503617739429
-0.001823926871216105,-0.10033921182172963,-0.14845244055284518,-0.018038998360849247
-0.002167939445017096,-0.11419496279084783,-0.121937691763715,-0.022298828430533643
-0.0025643248069644868,-0.1286145185549465,-0.08957087406996886,-0.027407736421886587
-0.0030290774207452956,-0.14327818074644114,-0.05163525703204679,-0.03348013013997658
-0.003594139121009226,-0.1577798769165835,-0.008651409567408796,-0.04060876128091917
-0.004308801691799845,-0.17162280190850793,0.03862098765993148,-0.04885621962452656
-0.005238275457250239,-0.1842217369826708,0.08919433307484186,-0.058251471754181064
-0.006459982667730994,-0.19491493949214328,0.14187716641608872,-0.06878985379446101
-0.00805871231494596,-0.20298678714552754,0.19530999867307886,-0.08043335902111534
-0.010121985456062734,-0.20770003358659767,0.24801120792044695,-0.09310783761672863
-0.012736777662903882,-0.2083343846651926,0.2984310567396564,-0.10669495254949414
-0.015988200300318795,-0.20422689556049672,0.3450118246101822,-0.12101895936524813
-0.01996002156977486,-0.1948098345720362,0.3862519262809242,-0.13583076520481135
-0.02473621925685613,-0.17964306256798437,0.4207715248974167,-0.15079338265588216
-0.03040228787099203,-0.15844005447995352,0.44737652992878835,-0.16547321956295907
-0.037044891771840296,-0.13108859379651755,0.46511717351615833,-0.17934053910750483
-0.04474868596681994,-0.09766812374874675,0.47333690161246733,-0.1917803233189879
-0.05358964818740562,-0.05846534062983997,0.4717074252808319,-0.20211246820303608
-0.06362494534874412,-0.013988013588898533,0.4602466430134414,-0.20961855603425458
-0.07488003641350022,0.03502513895510345,0.4393177168861656,-0.21357192783357712
-0.0873342513116695,0.08760248640918428,0.40960956148664807,-0.2132684633572033
-0.10090638923813662,0.14255003850456727,0.37210092154538144,-0.20805692059960024
-0.11544191854934918,0.19847817498092285,0.3280116107479903,-0.1973691490712229
-0.13070316266800341,0.2538458727716555,0.278745072254713,-0.1807512463614787
-0.1463634934245332,0.30702069427423284,0.22582619535873244,-0.1578963730909897
-0.16200611878370583,0.35634997287339976,0.1708375583702163,-0.12867856589083615
-0.17712764015007887,0.4002368816344563,0.1153564074438364,-0.0931850372666777
-0.19114624206827574,0.4372148355549532,0.06089414704101958,-0.05174290441492477
-0.20341420991523398,0.46601483554418766,0.008840130401375514,-0.004935737473781095
-0.21323445584530293,0.4856223066985006,-0.03958798503209067,0.04639392306822131
-0.21988083482009646,0.4953218869347238,-0.08338447141431121,0.10115805425305019
-0.22262217857632838,0.494729783155757,-0.12178330937978833,0.15805225386332336
-0.22075006864375127,0.4838134429468064,-0.15427105016128784,0.2155980207263421
-0.21361030975530915,0.46289762618239094,-0.18058377636120249,0.2721946899506436
-0.2006377771087735,0.43265514913804914,-0.20068928964943,0.3261776023422306
-0.18139377364620216,0.39408037893471226,-0.214757829604232,0.37588007490710673
-0.15560429930361122,0.3484445122019869,-0.22312617819938924,0.4196979230934271
-0.12319683168125924,0.2972338179821527,-0.2262603864456661,0.45615588696130727
-0.08433253091849745,0.24207484298816834,-0.22472140254455492,0.48397482064141406
-0.039430408205400905,0.1846531629646624,-0.21913588100520381,0.5021369278759589
0.010819905886279976,0.12663366974802934,-0.2101720920232828,0.5099442439255303
0.06545952437030245,0.06959000100208197,-0.19851896226030508,0.5070639215830315
0.1232774150045462,0.014948544287493138,-0.1848655365648918,0.49355361651346225
0.1828434515213239,-0.036050882800753414,-0.16987881016230943,0.46986191466757354
0.24255610842232267,-0.08237899279044242,-0.15417966560370716,0.4368021529570601
0.3007022097014248,-0.12322934629030674,-0.1383188371907549,0.39550231060723967
0.3555252424121129,-0.15802340248472235,-0.12275651381160099,0.3473376179531494
0.40529832474243377,-0.1864115221509832,-0.10784963383282624,0.2938548879455082
0.44839792895202285,-0.20827079828029255,-0.09384982851288529,0.23669756408573395
0.4833747523793286,-0.22369812949644477,-0.08091261933114918,0.17753814312956506
0.5090185143504613,-0.23299548822338179,-0.0691156478672845,0.11802084067190764
0.5244137789087638,-0.2366445795680801,-0.05848140660439567,0.05971351774842627
0.5289841068433634,-0.23527006057211805,-0.048998984430918685,0.004065388506542089
0.5225219912556689,-0.2295935050524743,-0.04064010979091664,-0.047633223264594377
0.505202289928652,-0.22038321479161177,-0.033367017335867985,-0.0942907950173722
0.47757742267288905,-0.20840663579118252,-0.02713259516067669,-0.1350524955927625
0.4405535797975809,-0.19439181791643628,-0.021875853384748734,-0.16933103979674557
0.3953485832579656,-0.1790020638686398,-0.017517086300153844,-0.19682374451142698
0.3434336881523673,-0.16282439548699063,-0.013956741132889337,-0.21750980593695912
0.28646321193402025,-0.14636893578627574,-0.011080145738174053,-0.2316251411262615
0.22619708737710859,-0.13007398943570944,-0.008767627453780244,-0.2396170257077025
0.16442196965074043,-0.11431127568102675,-0.006907188575258217,-0.24208558124912766
0.10287626209863829,-0.09938745351641054,-0.0054056900725380575,-0.23972222140286242
0.04318343983022602,-0.08554105312844015,-0.004194881827842464,-0.2332553238574887
-0.013203388097325217,-0.07293699181407304,-0.0032304353342204844,-0.22341052760914104
-0.06504425813190612,-0.06166279840644408,-0.0024846679671322444,-0.2108881112030757
-0.11134230338535131,-0.05173074458469459,-0.0019359143813280882,-0.19635458539061973
-0.15136146171287476,-0.04308827387895504,-0.001558630667217693,-0.1804417681891412
-0.18463276044629068,-0.035636160738954856,-0.0013178870000906632,-0.16374550280790212
-0.21094987877883414,-0.029250905918060455,-0.0011700963392722783,-0.14681811709912101
-0.2303545024113965,-0.023806151582014375,-0.001069352092367904,-0.13015287518723184
-0.24311201630383264,-0.01918808011892914,-0.000976568932090408,-0.11416339607063272
-0.24967849719302937,-0.015301799955042482,-0.0008675764019014476,-0.09916447200042804
-0.25066074395101157,-0.01206884767354889,-0.0007367944709601764,-0.08536156441993095
-0.2467720072157662,-0.009418950584663337,-0.0005949170697623436,-0.07285413669414018
-0.23878682315622934,-0.0072809423299686005,-0.00046142503951159995,-0.061653678311415105
-0.227498603792742,-0.005577545233875512,-0.00035479651540928957,-0.05171239800407529
-0.21368320864200296,-0.004226719333874223,-0.00028417615644797455,-0.04295495518631236
-0.19807065592476344,-0.003149239620397374,-0.00024565782038679553,-0.035304636614530455
-0.18132567907808628,-0.002279311967340791,-0.00022447343212078988,-0.02869745936813817
-0.16403638534395604,-0.001573514171051102,-0.0002020041453154046,-0.023082048502196098
-0.14670922082783322,-0.0010137716240609437,-0.00016458283956695104,-0.0184081967709199
-0.12976804987982105,-0.0006023023839965283,-0.00011031699010399416,-0.014610905127042613
-0.11355545089589937,-0.0003496353050033207,-5.093218425527408e-05,-0.01159800434428706
-0.09833511728422592,-0.0002596757081591399,-7.628072363216265e-06,-0.009247716396926101
-0.08429517636049372,-0.0003172216134329151,-2.374762149280103e-06,-0.007418410070843174
-0.0715529228916364,-0.00048271899477292683,-4.7998969925650616e-05,-0.005967895011435489
-0.06016164947727522,-0.0006965673139010865,-0.00014104606087150963,-0.0047757280991371194
-0.050119898428604634,-0.0008918464808267953,-0.0002604793630569215,-0.003760620567757891
-0.0413827405849258,-0.0010112138267137085,-0.0003731202244455065,-0.0028866408479828833
-0.03387393676667394,-0.0010220905064330583,-0.00044415399529505994,-0.0021558940682861374
-0.02749740350202066,-0.0009247460374264674,-0.00044901631134700194,-0.0015902294863922458
-0.02214650611070238,-0.0007503347895750606,-0.00038231462731941736,-0.0012084691481534567
-0.017710340268946745,-0.0005494504624186139,-0.00026040885887339683,-0.0010072116716285807
-0.014077114169566833,-0.00037506412708253865,-0.00011653188883692894,-0.0009518864467333854
-0.011135643476714904,-0.00026560663711993476,9.956967750680547e-06,-0.0009809491486697994
-0.00877645994982107,-0.0002337846139211066,8.643624271756757e-05,-0.0010213315749062818
-0.006893901758701004,-0.0002645843164751242,9.746356251744283e-05,-0.0010092433235074135
-0.005389831431331564,-0.0003226359623203257,4.9126378571387675e-05,-0.0009086157627015885
-0.00417858925862773,-0.00036589401228880844,-3.414899399239264e-05,-0.0007204899158754164
-0.0031918519461126556,-0.0003605857056342857,-0.00011904396279736488,-0.0004800468896789718
-0.0023816280076386608,-0.00029225566928513355,-0.00017551876756687952,-0.0002424715467849669
-0.0017199056465349932,-0.00016944106584774007,-0.0001872488290623349,-6.277437791686834e-05
-0.0011944233121100748,-1.933470384953638e-05,-0.00015658551755665898,2.3325884501072954e-05
-0.0008013352496610742,0.00012235547687084692,-0.00010238189388573184,1.097630782662538e-05
-0.0005367124158024445,0.0002233024384567379,-5.168280639798587e-05,-7.336966764297728e-05
-0.0003893904206994389,0.00026393892221431177,-2.85256982979151e-05,-0.00018220518714673854
-0.00033738681038008336,0.00024140052216562117,-4.4110528271518526e-05,-0.0002638048342547308
-0.00034900693432449284,0.0001674181406194993,-9.202051838606016e-05,-0.0002795092977815998
-0.00038819699457991603,6.185020436673127e-05,-0.0001502491596153139,-0.00021558432521968644
-0.00042223078625424433,-5.503355478115682e-05,-0.00018924631661280293,-8.60756180359579e-05
-0.0004289729933013315,-0.00016834870499460208,-0.00018298426620954635,7.354400620053153e-05
-0.00040107826863726903,-0.0002705249112442666,-0.00011896923908866252,0.00021897736239272772
-0.0003455530742153763,-0.0003593206385267345,-3.556237795754487e-06,0.0003111679973148522
-0.00027876780222630424,-0.000433625628349298,0.00013932690227868444,0.0003270832202621531
-0.00021867165433803708,-0.0004896192470778895,0.0002755453376828915,0.000264188572088851
-0.0001770233343468973,-0.0005195098398173617,0.0003715584714616329,0.00013817322342475098
-0.00015450117681982295,-0.0005137227664972393,0.0004048637497653662,-2.4119479323879867e-05
-0.00014054968651304537,-0.000465654243108739,0.0003705452772411709,-0.00019328040351209867
-0.00011809461370301642,-0.00037674441550444144,0.0002818948574507627,-0.0003442905419709551
-7.142765873690857e-05,-0.00025925595638554293,0.00016523383822003926,-0.00046002196005096117
5.706342282976474e-06,-0.0001349585420960149,5.106963621074115e-05,-0.000531286478777242
0.00010500858670397137,-2.9596585462632373e-05,-3.514853047688511e-05,-0.0005549115084350172
0.00020375774521545965,3.513404410854237e-05,-7.952046783337927e-05,-0.0005318363123662162
0.0002706117385221471,4.913651593608853e-05,-8.152090066829154e-05,-0.0004666392441442309
0.0002754649556287327,1.794882627962442e-05,-5.1101339838481585e-05,-0.00036860719705453856
0.00020017345305329797,-3.8607779173605375e-05,-2.7465861112598716e-06,-0.000253145365326726
4.644371127496753e-05,-9.304368436558602e-05,5.0857909302939874e-05,-0.00014169555843520005
-0.0001620624948086604,-0.00011989906577040618,0.0001030012136294849,-5.875422677929787e-05
-0.0003845453609712334,-0.00010504566777764634,0.0001535123941341504,-2.5922737747578468e-05
-0.0005736746092142847,-5.110803014998257e-05,0.0002058674575387059,-5.4590964881914145e-05
-0.000688885306543941,2.314569105450401e-05,0.0002624477732715491,-0.00014005484038187056
-0.0007082600979758382,8.93977698664776e-05,0.00032030051062403566,-0.0002599507452548547
-0.0006352174688774346,0.00012007882082314299,0.00036949843928003423,-0.0003786565131896438
-0.0004977804199684363,9.86637535008248e-05,0.0003950715716789957,-0.0004571340070958752
-0.0003404915146196464,2.6198377971809947e-05,0.0003819498093605815,-0.00046539724682612225
-0.0002113314154475578,-7.83694005443026e-05,0.00032103267273220736,-0.00039334044398123963
-0.00014755660738120975,-0.00018422742743562544,0.0002139213554027096,-0.0002557465453605764
-0.00016471013597192143,-0.0002589544830193559,7.424982443462319e-05,-8.904156510057114e-05
-0.00025208603736733503,-0.0002793099903497121,-7.520750404776955e-05,5.977755787571395e-05
-0.00037596827179474477,-0.00023870649993676732,-0.00020886403782357024,0.0001486634683776
-0.0004896415242736587,-0.00014876188340562022,-0.000305936153149694,0.00015520890414622446
-0.0005471981710271168,-3.451927735520239e-05,-0.0003566127938798673,8.518070554506315e-05
-0.0005171214283980984,7.476673091240046e-05,-0.00036448315579677357,-2.8492173080481992e-05
-0.00039178101865559346,0.00015580798159412542,-0.0003442411908321577,-0.00013636547811416919
-0.00019023519237288062,0.00019869463721473813,-0.00031540765497832177,-0.00018935674656147053
4.6324672228855845e-05,0.00020893565082153636,-0.00029430803117543036,-0.000156056783829725
0.00026511019557941273,0.00020358803705052236,-0.0002872591978807515,-3.432047017022308e-05
0.00041531014670830556,0.0002031545171837664,-0.0002875686127651149,0.00014714414745807536
0.0004610642645357238,0.00022247185788254378,-0.00027763926368640224,0.0003379876159891725
0.0003904985437426225,0.0002641167344911051,-0.0002356530972642181,0.0004831790763793354
0.00021862888452620858,0.0003168341288081102,-0.00014461639147645734,0.0005418415379769923
-1.6425525153845356e-05,0.0003595539567997578,-5.965698342148135e-07,0.0005013457720900285
-0.0002627977133808296,0.00036944730561467264,0.0001828862207654625,0.0003816749347939829
-0.0004673608215015352,0.00033097580306432756,0.00037615206792980527,0.00022850171213071625
-0.000588245492603336,0.0002425501060041614,0.0005403111706149639,9.74162179979165e-05
-0.0006043760354658197,0.00011833556653140578,0.000637934570600683,3.4861802820103924e-05
-0.0005198005982528838,-1.5446403431724348e-05,0.0006442055067499705,6.24547026468747e-05
-0.00036186459076691276,-0.00012836511201401793,0.0005550539887069854,0.0001700930891875528
-0.0001737447659408923,-0.00019495974549528158,0.0003896572103802721,0.00032008485939795904
-3.2003139775783895e-06,-0.0002020439639821292,0.00018641571734729408,0.00046061163364302486
0.00010968832360067583,-0.00015171502913463597,-6.478423702323242e-06,0.0005436181925998928
0.00014274643813915372,-5.9279355858480656e-05,-0.00014313200686374736,0.0005408157999916218
9.730112816622254e-05,5.28464557406305e-05,-0.000191207164672689,0.0004523684566947093
-2.3454785431681848e-06,0.00016282714904024547,-0.00013921172034754087,0.0003056058205844921
-0.00011553002002381187,0.0002558484512932799,1.9987858999660394e-06,0.00014471055020590665
-0.00019630180787504113,0.0003271176931729589,0.00020352726413338411,1.5430299281935693e-05
-0.00020608843632812716,0.0003806708778909634,0.00042687313084351097,-4.963218415572229e-05
-0.00012455366043906776,0.0004248665274019653,0.0006337701495541451,-4.016013041109484e-05
4.437337893071201e-05,0.00046665801172620736,0.0007945703247001252,3.098053286084706e-05
0.00027307309501430825,0.0005070834434186583,0.0008930985767880172,0.0001346418337743668
0.0005173788392797454,0.000539800173310238,0.0009272481238455617,0.000236910793295316
0.000728372167032743,0.000553193146840513,0.0009059969242974514,0.0003107015712687803
0.0008655196004261072,0.0005351290019968724,0.0008445159378613064,0.0003433068385397531
0.0009073804909243182,0.0004783805488529492,0.0007593121221919258,0.0003377139307302755
0.0008567743248635447,0.0003845034664373276,0.0006648883783185451,0.0003080648768385276
0.000738916919002044,0.0002645817115378173,0.000572467395212358,0.00027182269081728365
0.0005931482573633578,0.0001365027497699865,0.0004903363546571011,0.00024217673665766914
0.00046083099019896435,1.9781510435675023e-05,0.0004247371879145689,0.00022368825857911102
0.0003731733817154344,-7.010698937108309e-05,0.00038019542591856187,0.00021247586232948763
0.0003427315322757904,-0.00012576084702678578,0.0003587292588584322,0.00020015945981553387
0.00036115266381305574,-0.0001487877165795843,0.00035823634572909515,0.00017922256872725882
0.00040370541139877515,-0.00014740548416628538,0.0003711060167601854,0.00014705357056743907
0.0004389545497921328,-0.00013177159460707114,0.000384366715103817,0.00010679919853674666
0.00044029374518132314,-0.00010898231733586553,0.0003822663779549246,6.486340586438434e-05
0.0003954946408397599,-7.979603485063364e-05,0.00035119818144127134,2.6611802819087813e-05
0.0003111474063190319,-3.8442282318794504e-05,0.00028569406029007016,-7.208317389414592e-06
0.00021061339149984628,2.4350610064704926e-05,0.00019331809972748153,-4.110621084976726e-05
0.00012629380550308332,0.00011626807540017072,9.614513639030988e-05,-8.17392771551235e-05
8.890125553671609e-05,0.00023827791927702783,2.7301074948118216e-05,-0.00013219303315350892
0.00011737096394055237,0.000381561269935673,2.2609105053383242e-05,-0.00018635849561646163
0.00021275579540858437,0.0005278946632446043,0.00010923708184457418,-0.00022655285218907978
0.0003580323502996396,0.0006536109556689994,0.0002947065896781007,-0.00022651566562697763
0.0005237071651536466,0.0007359320335329269,0.0005600961697868836,-0.00015975685456956872
0.0006771620190020257,0.0007595568929901802,0.0008604404115783297,-1.077059574315257e-05
0.0007924829362376386,0.0007212457943598954,0.0011333271742999544,0.00021509625547051726
0.0008574724047000237,0.0006308212215365909,0.0013140981600679967,0.00048749922092998716
0.0008756354356051616,0.0005082604377097369,0.0013537038667861636,0.0007554181795225883
0.0008627489513281561,0.0003779215894211098,0.0012339841606899865,0.0009597343122880785
0.0008395173703657463,0.0002619240994008205,0.0009754677632306521,0.0010506322226855032
0.0008231213531178547,0.0001749383684673028,0.0006347247895624528,0.001004167046462539
0.0008207407685055005,0.0001220501021558463,0.000291334209417499,0.000832048968530591
0.0008273097596153471,0.0001001765274382517,2.7714250868856856e-05,0.0005806186220850748
0.0008281626579471437,0.00010217163300846105,-9.261877136980673e-05,0.00031854676429588907
0.0008054417204911262,0.00012176642868723165,-4.2130025578042835e-05,0.00011675993800959926
0.0007458005124808536,0.00015721824469572306,0.0001633039578363169,2.701803374753927e-05
0.0006465141311424699,0.00021209240130552314,0.0004688023518414957,6.631880779634975e-05
0.000517728173740273,0.0002927660500747007,0.0007954239999342079,0.0002125112707756937
0.00037999895421061064,0.00040359187536944974,0.0010612719095707262,0.0004127280928155272
0.00025797760511716184,0.0005416812085407394,0.0012026780844832886,0.0006018106034347549
0.0001724635741036285,0.0006935693667241192,0.0011895646368735016,0.000724392896004288
0.00013362108495155756,0.0008354779195939609,0.0010310242783069952,0.0007530211812841786
0.000137731191271983,0.0009376666679713366,0.0007702054356172549,0.0006961057391271298
0.00016860778251032502,0.000971898058840883,0.0004707221930511147,0.0005931410615250777
0.0002031864613087214,0.0009198402271713303,0.0001990541510589357,0.0004991719070261736
0.0002193676998233123,0.0007797428168161409,8.119372744801883e-06,0.0004642769498650651
0.0002034468015782154,0.0005691187600131606,-7.370153413028285e-05,0.0005155081641286651
0.0001546344712445261,0.00032233184799312,-4.5898543896563685e-05,0.0006476704121944448
8.51848238665337e-05,8.353601153501778e-05,6.819240156372753e-05,0.0008259675616113222
1.6141303195335544e-05,-0.00010317662615978426,0.00023045962451403459,0.0009991462385416608
-2.9827054543691623e-05,-0.00020374537539657772,0.000398834315752663,0.0011179779616890889
-3.608256259061457e-05,-0.0002015803611489454,0.000536776760148621,0.0011521330939796425
2.3740740994852025e-06,-0.0001006482409177826,0.000619482827847303,0.0010993453262580504
7.717821881851269e-05,7.630290784438722e-05,0.0006363397240580152,0.000983872086484391
0.00016929281074584321,0.0002935305892666868,0.0005903680950929654,0.0008454017950858734
0.00025520642498460947,0.0005102832897906159,0.0004959236374638162,0.0007231427855411089
0.00031459970180660126,0.0006888593522404962,0.00037573958669640027,0.0006414885340523285
0.00033698430521825006,0.0008009684002734004,0.0002577498852788755,0.0006027869444746739
0.0003251602740903267,0.000831423979215999,0.00017149781120090213,0.0005897316685158584
0.0002943549253425506,0.0007790918688912446,0.0001437159627526373,0.0005759553904520515
0.00026727118248736286,0.0006556767524613439,0.00019302740578129585,0.0005401060172566226
0.0002665606436405687,0.0004831618895459007,0.0003245061320796833,0.0004773320812247507
0.0003070564499839296,0.00029054164862461464,0.000525632133612787,0.0004032241265625197
0.0003902107098682612,0.00011010655878497296,0.0007654989495357268,0.0003484008714114387
0.0005025519401271365,-2.6764681590165862e-05,0.0009986584842698622,0.00034583117722535316
0.000618796077050581,-9.435794964017083e-05,0.0011737313222719974,0.00041607206697655134
0.0007088537394261636,-7.762247120537792e-05,0.001245249316648028,0.0005566169667508838
0.0007467786693635552,2.3443500435468346e-05,0.0011857503200640176,0.0007400418454476586
0.0007190464146433269,0.0001913527213250125,0.00099453248018948,0.0009221705276538719
0.00062963848165502,0.0003920333222835168,0.0007000580346735075,0.001057413058569188
0.0005002314875872551,0.0005799394934809087,0.00035470284557661495,0.0011153926357201002
0.00036514325717432585,0.0007071317394958152,2.286665712765094e-05,0.0010922240601167713
0.0002622040573339937,0.0007347267060763198,-0.00023439372912867844,0.0010117139541469613
0.00022197660756560902,0.0006439597784796252,-0.0003738419862266097,0.0009156404255319205
0.0002583719203826998,0.0004436331195869088,-0.0003794875457538174,0.000846645725574382
0.00036348691354033994,0.00017123920526357573,-0.000264376389887906,0.0008304047478949731
0.0005084388519148777,-0.00011345982934341165,-6.459370629471783e-05,0.0008643163732561716
0.0006503434124187847,-0.0003415182534377599,0.0001722408392197828,0.0009176684213164945
0.0007438118676845244,-0.0004515935569315608,0.00040011000227430365,0.0009438421248007826
0.0007539328190452549,-0.00040607850340901433,0.0005852735448300927,0.0009002946026016455
0.0006670878793206359,-0.00020203965667329,0.000711568686645432,0.0007686730938055186
0.0004963580887711468,0.0001263968957875903,0.0007795231431101766,0.0005668701266923145
0.0002796523107627181,0.0005153071508772536,0.0008006744169685245,0.0003474730862690051
7.068513017955872e-05,0.0008862640346015025,0.0007899883054878313,0.00018202202084316565
-7.500062575094e-05,0.0011657100624428303,0.0007595483354722004,0.00013596395460076534
-0.00011523638895181526,0.001303202308583056,0.0007157251185973032,0.00024310712252199226
-3.340047603836537e-05,0.001283567624074264,0.0006602941212111983,0.0004891714656133809
0.0001560062842309385,0.0011296906226758619,0.000594201848714656,0.0008112604083506702
0.0004101991545826003,0.0008952886765909095,0.0005216112922182719,0.0011146255427379203
0.000668840478420634,0.0006498261968511411,0.00045189895647111965,0.0013018759177085074
0.0008698788597134396,0.00045986171366209426,0.0003983628353371129,0.0013050599062454213
0.0009661913102759892,0.00037199410881704495,0.00037402900457767136,0.0011095979285707601
0.0009384060715244059,0.0004019598903380501,0.00038638835746564545,0.0007614924855811762
0.0008002869804482973,0.000532558817413885,0.000433515540095032,0.0003548042577511425
0.0005951118910616742,0.0007205375853025341,0.0005035380551121221,3.130674290432008e-06
0.00038399406234378305,0.0009100958753384494,0.0005780316032620517,-0.00019562955059531433
0.00022935260993358156,0.0010489873374898507,0.0006382120590221587,-0.00018957575496364324
0.0001780867999141155,0.0011026998570621152,0.0006715162357578425,1.1815188290792823e-05
0.00024906656626285544,0.001062976840582272,0.0006758851350419561,0.00034210068454908996
0.00042831285506857094,0.0009486884390578548,0.0006599385172726068,0.0007002039435528865
0.0006730747208617676,0.0007992372270263003,0.0006389171599388118,0.000982803808786745
0.0009235435770709471,0.0006626712722944813,0.0006280656686820875,0.0011157743253772342
0.0011188784564370793,0.0005819634501668873,0.0006362597317962882,0.0010744061688369253
0.0012131180226452546,0.0005832122725673986,0.0006626323275185098,0.0008864092760137766
0.0011867044884108788,0.0006688200885042617,0.0006976991613840435,0.0006178767106572612
0.0010506625676261895,0.0008172569416174526,0.0007285207218402698,0.00034822794982911694
0.0008425620827728814,0.000989237249768033,0.0007455928403562744,0.00014357928059547138
0.0006156475437659453,0.001138486759661243,0.000748245826113246,3.78804195568491e-05
0.00042431964144805585,0.0012241600833783357,0.0007458096712151719,2.770387158905858e-05
0.00031002689289922865,0.0012216347603462815,0.00075354960921998,8.118513091729513e-05
0.0002913646384751885,0.0011289090439865984,0.0007847155635227897,0.0001563549249528341
0.0003608906069574085,0.0009670207851173899,0.0008420019829111866,0.00022092063889503442
0.0004892315226451473,0.0007744761798998247,0.0009123975086815714,0.0002655403730848788
0.0006350169687591542,0.0005972321301271521,0.0009684084277587518,0.0003056595873658783
0.0007575936891249736,0.00047691848560424714,0.0009762372524571956,0.0003717751407315107
0.0008287727695793664,0.00044041784030208857,0.0009085732918492685,0.0004926542028692094
0.0008402281534531272,0.0004935192716519257,0.0007573809997207641,0.0006787736515150151
0.00080449113640167,0.0006202259893470189,0.0005414558047527182,0.0009130526426807881
0.0007494000717869164,0.0007877291613292282,0.00030496213585982826,0.0011529696926268589
0.0007078257406641007,0.0009554987608063364,0.00010627860942692734,0.0013435960041423677
0.0007059325320906436,0.0010858386339298682,1.5740008921303998e-07,0.001436730591192059
0.0007537169738143768,0.0011529367220388738,1.9057613348020082e-05,0.0014088662867959415
0.0008409140988987131,0.0011480103698904612,0.00016036234121693082,0.0012710716834702842
0.0009397332353195448,0.0010794233386664613,0.00038456465023707,0.001066874116588625
0.001013737115476051,0.0009682271788587458,0.0006258642597095972,0.000858699109635217
0.0010301577923294497,0.0008409423612732045,0.000812209633601563,0.0007076500474294373
0.0009716972644889337,0.0007220978996821144,0.0008882622381804427,0.0006538101247326694
0.0008438351414576824,0.0006288698382818633,0.0008334195819243736,0.0007039535456299269
0.0006749436545305876,0.0005691857034587349,0.0006685043234119766,0.0008307369485123583
0.0005087560130607027,0.000543266276853578,0.0004485702860660887,0.0009832220494016104
0.00039126713715058597,0.000547285619503667,0.0002441532449249889,0.0011045689591489861
0.0003561385135610836,0.0005771339637931168,0.00011744030415832538,0.0011504180808810027
0.0004134226868782948,0.0006304281467952568,0.00010170803023600642,0.0011016384848876726
0.0005455792506531,0.0007058585772968283,0.00019125590189335198,0.0009675849697150302
0.0007125020473312411,0.0008003022014863487,0.0003453060632276906,0.0007797302376311606
0.0008642939466820237,0.0009053075368029866,0.0005043010368847856,0.0005790437739208394
0.0009577919104321244,0.0010050579976602324,0.0006125475538421135,0.00040244891925790853
0.0009713268237354854,0.0010774893278176242,0.0006388775927427535,0.0002734404422907728
0.0009125100512667127,0.0010989977407369852,0.0005877716276297338,0.0001997203424420985
0.000815984274577228,0.0010515960368028075,0.0004969322866993948,0.0001775162871057658
0.0007314255511883446,0.0009300990800112073,0.0004223013533712613,0.00019943802997684178
0.0007055339014009814,0.0007465122812720178,0.0004161305291565262,0.00026144840663509306
0.0007640892333408021,0.0005295058375161214,0.0005062455934986646,0.000365258097251734
0.0009004818640999229,0.00031849300776017124,0.0006841644064353269,0.0005148313492127161
0.001075212804448023,0.0001538112093976057,0.00090644148212591,0.0007086630639867174
0.0012272434172120221,6.606775919753777e-05,0.0011087535709054294,0.0009317597699532359
0.0012939402030476474,6.821089018647004e-05,0.0012276176944592144,0.0011518210031110409
0.0012331439108245602,0.0001530581413392152,0.00122194047370137,0.0013226726658945964
0.0010397810681992527,0.00029710793124480307,0.0010867900215934655,0.0013950864406937391
0.0007509318036329389,0.00046916800584046695,0.0008547295614645325,0.0013318952219611476
0.0004369696849797869,0.0006405379365678643,0.0005846095757767304,0.0011221148296613596
0.0001810931666733773,0.0007929095638723228,0.0003421691124960063,0.0007885664352909804
5.366057300342949e-05,0.0009210728986693174,0.00017951807611923452,0.0003854547704725275
8.97582302577377e-05,0.0010296219705460976,0.00012062327124741258,-1.4175317069352313e-05
0.00027759174039665576,0.0011253412595449617,0.00015738654688357285,-0.00033749354813638645
0.0005617972383464061,0.0012088235467074512,0.00025682783088751027,-0.0005313422696261145
0.0008607743043523252,0.0012693307900974765,0.0003758484484263089,-0.0005756691649592472
0.0010923617584797211,0.001285700877170589,0.000477550922617514,-0.0004865328446523826
0.0011992946027427646,0.001233631724825092,0.0005429865681276066,-0.00030793212773397706
0.0011659390084665213,0.0010968851956953604,0.0005744035545035839,-9.563935971052212e-05
0.0010208183284775114,0.0008779765342427103,0.0005896150149332432,0.00010103957813361304
0.0008243780519779891,0.0006036183485493196,0.0006105698794037877,0.0002531214601200247
0.0006465545465334402,0.0003218120620511085,0.0006512602352442775,0.0003568199452484012
0.000542193321702746,9.050479775372504e-05,0.0007100201843134762,0.000428369921102778
0.0005329655287316735,-3.895802966775343e-05,0.0007692069688673723,0.0004915810842194182
0.0006019475387151528,-3.805048751657987e-05,0.0008021187300446123,0.0005635948671926458
0.0007023663002802716,8.890313047665402e-05,0.0007840849240217206,0.000644840760548841
0.0007768741778092247,0.0003048409642064999,0.000703108239312848,0.000717354609345664
0.0007799755478394376,0.000550666830380756,0.0005657913846736343,0.000752158236032443
0.0006952419836908143,0.0007631490267618422,0.00039631384015902874,0.0007226615938146113
0.0005410625678990814,0.0008939065983666098,0.00022904100337846052,0.0006184992474242435
0.0003630727622975162,0.000922873610954326,9.778838942799484e-05,0.0004538618239626883
0.00021643296461516906,0.0008616051619701672,2.5872432665550488e-05,0.00026639522006327544
0.0001448991762597191,0.0007455454631587583,2.0487691895164848e-05,0.00010636799732561855
0.00016473242195138552,0.0006185106758112174,7.299744148307779e-05,1.967011239021178e-05
0.0002595283885082471,0.0005155522903936297,0.00016428849844174682,3.0813656758346726e-05
0.0003877745397154371,0.00045090070937131826,0.00027245193277010524,0.00013242593203858583
0.0004999971039394678,0.00041559010911565886,0.0003794568764225279,0.00028557888601262723
0.0005586419144677189,0.00038541679141112996,0.0004743484298710974,0.00043143951066441997
0.0005527751478145392,0.0003356234914250703,0.0005523552983150386,0.0005105630256178764
0.0005017128988293149,0.00025583931262935687,0.0006112626619560253,0.0004832292739466055
0.00044603063907441056,0.0001585390518505276,0.000647598761941546,0.00034364745143401337
0.00042940320560614514,7.681107397022576e-05,0.0006550821502195115,0.0001228761741073415
0.00047845002102256216,5.161422556142525e-05,0.0006264600495447996,-0.00012077603087555337
0.0005887434391909389,0.00011324509110557987,0.0005579729277987163,-0.00032069075343414243
0.000722950878993836,0.0002645768109470068,0.0004541132522375658,-0.0004237208770910603
0.0008225079914848349,0.0004735215997956767,0.0003298780814797805,-0.0004072866606584973
0.0008289743752240858,0.0006789905834639299,0.00020862757997169222,-0.0002859014840752794
0.0007073059582305889,0.0008094815045512986,0.00011560555853133334,-0.00010496598165468278
0.00046221660272855125,0.0008082623699657146,6.930794142157986e-05,7.585390796894936e-05
0.000141061808440439,0.000655988823938784,7.421771241687057e-05,0.00020371348320429218
-0.00017852657403589296,0.00038184735522715167,0.00011827503301695125,0.000250678596920181
-0.0004124492567576666,5.804612079928532e-05,0.00017675398466864863,0.00022249105604961716
-0.0004973010361831766,-0.00022158003295662064,0.00022159479192362526,0.00015504121163677245
-0.0004114082491046024,-0.0003720992143473333,0.00023277138044714725,9.995445048036103e-05
-0.00018231889739720662,-0.0003466534965667716,0.0002070536528073813,0.00010454064406887714
0.00012192336292069476,-0.0001537895276715459,0.00016018986140265332,0.00019331924270193758
0.0004146757406618466,0.00014363470829998934,0.00012096292120663707,0.00035774786418520295
0.0006181354662386435,0.00044810365920615146,0.00011888062840637845,0.000557879013046431
0.0006869038285048913,0.0006591385599895728,0.0001701206376668507,0.0007354826167170043
0.0006198706542523992,0.0007061173332345157,0.00026753164210168833,0.0008341664754628344
0.0004569747367463579,0.000570837814073661,0.00037936587045540795,0.0008195825079806751
0.0002628401201129158,0.0002921167885507958,0.00045826574131460813,0.0006927446266081516
0.00010378845805256498,-4.880638551588382e-05,0.0004579807569946419,0.0004917960305523205
2.665914373989098e-05,-0.0003564173334656489,0.00035192313393652113,0.00028143430007194836
4.661657489588604e-05,-0.0005522656832419249,0.00014638733544327347,0.00013330623032366148
0.00014729396484156943,-0.0005983222234943013,-0.00011727950677678961,0.0001036465215943424
0.0002917827473023889,-0.0005045261858110353,-0.0003734523399959099,0.00021529594655573435
0.000439027904669605,-0.0003188716937852007,-0.0005530154364165483,0.000449759705776784
0.0005586236885387892,-0.0001049916221786626,-0.0006072048569994663,0.0007516981911669556
0.0006383277167306527,8.330476231205926e-05,-0.0005259274350827395,0.0010442946674841778
0.0006821668308993,0.00022039687580890335,-0.00034350783442527703,0.0012506143085022616
0.0007012564259507138,0.0003132974728134602,-0.0001290682884951031,0.0013144023900781275
0.0007026060334991964,0.00039130161322484106,3.5765564423924815e-05,0.0012142289916885808
0.0006819233781312254,0.0004861296547785902,8.442675419828879e-05,0.000967227793970407
0.0006244529236460348,0.0006117496502888696,-1.1320914389710901e-05,0.0006220569321742461
0.0005140277037134987,0.0007531171833531713,-0.00023067882030423248,0.0002439974814447864
0.00034641634404555783,0.000869251823314356,-0.0005096396143339201,-0.0001027418525858988
0.00014049526605110148,0.0009099179959276713,-0.0007614912098231702,-0.00037004348224515193
-5.9036327665993075e-05,0.0008391977374455084,-0.0009049527039203449,-0.0005341154253079581
-0.00019065986166849966,0.0006559064140848102,-0.0008902313479298076,-0.000595399142468069
-0.00019525054089056465,0.000401555730844745,-0.0007141310090808017,-0.0005714546537773336
-3.934289493580007e-05,0.00015122888359062124,-0.00041936408428038457,-0.0004862949051090377
0.00026630410812007515,-1.0469706424336343e-05,-7.891207438145051e-05,-0.00036045285606070565
0.0006609156453823008,-1.9975690921404017e-05,0.00022847472500251602,-0.00020533332619999332
0.0010448102379979512,0.00013974119508402055,0.0004426777669004066,-2.34714806081786e-05
0.0013056169137717248,0.00042902102003087336,0.0005380612244510067,0.00018607305338935542
0.0013520496462361728,0.0007615410061116853,0.0005259277057306919,0.00041994903507577505
0.0011442820254604898,0.0010318242925478438,0.0004439750731133641,0.0006640314097639514
0.0007103219296478926,0.0011507449339222522,0.00033798254915405287,0.000891386822429458
0.00014197470942460083,0.0010761894312978186,0.0002435339742366361,0.001066160655416289
-0.0004293426238455442,0.0008275007632346531,0.0001749896388356725,0.001152588385794924
-0.0008698194891884624,0.0004781656728515899,0.000125486627434997,0.001126292450119662
-0.0010817887883425746,0.00012925694371150904,7.693553147749814e-05,0.000983945166499025
-0.0010312105407836378,-0.00012663769237460624,1.4767433430353758e-05,0.0007476599487482982
-0.0007553050555979578,-0.00023765301353711159,-5.972084388719231e-05,0.0004620506886356744
-0.000348137607726393,-0.00020911461488693221,-0.00012541504231379248,0.000184259476118506
7.071299502449758e-05,-9.824630773175536e-05,-0.00014808683379108893,-3.0392622743944536e-05
0.000393759635838555,1.0638705563821238e-05,-9.526363213046578e-05,-0.00014292631445538516
0.000557049342498598,4.0824187711078304e-05,4.701276845973969e-05,-0.00014098189586330721
0.0005554918017851727,-4.560755367482277e-05,0.00026303394528145964,-4.1665970458795947e-05
0.00043793313650471795,-0.0002320448185373373,0.0005074404779611039,0.00011394510359381356
0.00028486030493361835,-0.00045312056553559394,0.0007175851720261268,0.0002729700491119981
0.0001773757199151639,-0.0006197791138813594,0.0008343199700310425,0.00038582786940428824
0.00016859644127655788,-0.0006540422871925025,0.0008235297304330004,0.00041970559061856424
0.0002671513723336652,-0.0005201881313266858,0.0006899235946695126,0.00036643164404452064
0.0004376641875118571,-0.00024044646938225643,0.0004771761240485796,0.00024266756789662438
0.0006168619524783901,0.00011076897596650655,0.0002535888157592015,8.281435729325822e-05
0.0007385294570307009,0.0004319256716167385,8.808981862970113e-05,-7.270187680934137e-05
0.0007578297253519205,0.0006293226343134443,2.5383393577078938e-05,-0.0001897884507998792
0.0006663569466501879,0.000648925599637277,6.975710093328982e-05,-0.00024975952474098304
0.000493181267981025,0.0004934761145691514,0.0001840552680108104,-0.00025253368975398325
0.0002925045305373382,0.00021902161073163227,0.0003046726699417711,-0.00021349053664014838
0.0001233367886782941,-8.714182367945008e-05,0.0003672270058151494,-0.00015567617301380453
2.9106096523402595e-05,-0.00033823865377175606,0.0003332262471823059,-0.0001004921039206772
2.4545948732250303e-05,-0.00047731747999833063,0.00020730629977752524,-6.027057660128986e-05
9.396501536651924e-05,-0.0004933709569213834,3.7883597818796206e-05,-3.519824402563563e-05
0.00020046616496237083,-0.0004190801706136275,-9.978146429466738e-05,-1.529422102602621e-05
0.00030163115310054517,-0.0003123181144641485,-0.00013235118418855873,1.375188636235722e-05
0.00036512649979922036,-0.000229754430362684,-1.8444324368754623e-05,6.342747734532416e-05
0.0003782794706232337,-0.00020358164486654917,0.0002315742341532111,0.00013681106556411406
0.0003485335565545118,-0.00023057432496176853,0.0005541696478081768,0.0002266784489228656
0.00029557858795522515,-0.0002772472136654543,0.0008511216568609629,0.00031790865287374296
0.00023928142190661418,-0.00029808496441388816,0.0010220724439312992,0.0003931162262246675
0.00018902641668028561,-0.00025846201933685324,0.0009998392587019496,0.00043922880763323937
0.00013919700674980235,-0.0001521144266450734,0.0007757561815174873,0.0004524309154928801
7.272827325200038e-05,-5.530222810485011e-06,0.0004055197524123826,0.0004395856666144021
-2.8877994065427184e-05,0.00013269294345604537,-7.208350726409086e-06,0.0004156299372023808
-0.00017351132753599962,0.00021299453011199368,-0.00034425659645152557,0.00039796941890482426
-0.0003497999900361666,0.00020739505049070767,-0.0005120616793811355,0.0003999970113751872
-0.0005260146796322779,0.0001235673700771142,-0.0004728470837924233,0.0004261259439587255
-0.000657719400629856,3.965653702181829e-06,-0.0002569009515957356,0.00047010128152248876
-0.0007018367840252179,-9.026310330666411e-05,4.8428307998251135e-05,0.0005171034605676327
-0.0006321105342685147,-0.00010440528855318651,0.00032922312552564485,0.0005487796003114926
-0.00045015668269046986,-1.4123456447368983e-05,0.00048432879659442217,0.0005493489643323042
-0.00018771890183675227,0.00016191196504114857,0.0004598046662409453,0.0005106683531013135
0.00010114534511076085,0.00036654431782202353,0.0002665577274491791,0.0004346553695364616
0.0003555851436977235,0.0005248242077936409,-2.479190956198232e-05,0.00033250197510176763
0.0005260128527777666,0.0005732485396077855,-0.00030973359390669896,0.00022123992857174654
0.0005885805128059244,0.0004861509124183081,-0.0004870871263236851,0.00011901887317129474
0.0005512066440385005,0.00028854875822119136,-0.0004944833006876502,4.067220230707912e-05
0.00044925014454804134,4.9746791753654997e-05,-0.00032978538596101746,-5.223097002849398e-06
0.0003325213934223183,-0.00014060752539803734,-5.12539920772983e-05,-1.730622556003403e-05
0.0002482485134144768,-0.00020540375735866024,0.00024320512491094425,-6.532623778509136e-07
0.00022585941791191484,-0.00010956885718057694,0.0004501168853685209,3.5059318162073663e-05
0.000268610660808483,0.00012510872933447578,0.0004958088378341989,7.773395182871326e-05
0.00035455413651838203,0.00042572465948365474,0.00036091573784556493,0.00011494469885884803
0.0004460347173696742,0.0006927345825473933,8.594041293466875e-05,0.0001358769540184407
0.0005040351065338494,0.0008342391053461296,-0.00024345100640093073,0.0001332340547404352
0.0005022067996127569,0.0007974646214601256,-0.0005257402371817626,0.00010510847100145187
0.0004357909721920563,0.0005859476277848945,-0.0006770414821358656,5.645187578849219e-05
0.0003226210047740545,0.0002564136603747759,-0.0006573313867273056,-5.849111849684534e-07
0.00019624144206170936,-0.00010295545976673923,-0.00048096747087871206,-4.823887573318243e-05
9.385919426163455e-05,-0.0004042423785627405,-0.00020877263667355586,-6.7028941965276e-05
4.346127858184869e-05,-0.0005893852268983819,7.465085036055075e-05,-4.148068772006773e-05
5.450617881113393e-05,-0.0006467569531965014,0.00028991458527814095,3.379129714368562e-05
0.0001151919082333466,-0.0006092455074273055,0.0003880393651890644,0.00014979504409353632
0.00019698018259100902,-0.0005357084863011327,0.0003636545777805505,0.0002827603652060545
0.0002646342371462869,-0.00048407308752600675,0.0002525952244952893,0.0003987512971811775
0.00028830099620321336,-0.00048728451181893526,0.00011582088244025529,0.0004627415631909852
0.00025364537510283935,-0.0005416883690215822,1.6086560097892594e-05,0.0004497729314997572
0.00016681187532899153,-0.0006120110798791378,-4.2060618775501826e-06,0.0003545588366316264
5.2722536088424304e-05,-0.0006501341944172888,6.343022736532231e-05,0.0001958255617130494
-5.2672749135464463e-05,-0.0006191919936223749,0.00019253154520926965,1.3029257328687127e-05
-0.00011375322319870298,-0.0005124444467272948,0.00033256664192302294,-0.00014445908407539069
-0.0001067268182366269,-0.0003586989318751157,0.00042716939886221255,-0.00023283930323523815
-2.782806464675028e-05,-0.00021178733995456058,0.0004330690881145694,-0.00022911261881683844
0.0001042299938544956,-0.00012837562660472502,0.0003334257766095143,-0.00014064267875731745
0.0002523400077433742,-0.00014339596572838273,0.00014173020035102853,-5.083427865367992e-06
0.00037057540719028447,-0.00025356944350748967,-0.00010406749459994136,0.00012023763079923241
0.00041668457232404846,-0.0004163150212631217,-0.0003542854759122936,0.00017671469715621897
0.00036410350817389094,-0.000565081554527832,-0.0005622732707280201,0.00012486790689655733
0.00021016067616416148,-0.00063533027282627,-0.0006963322268380158,-4.0186327495779435e-05
-2.1892215301446593e-05,-0.0005908219657807809,-0.0007455103157877925,-0.0002839187565949463
-0.00028777696874300883,-0.00043943374773418607,-0.0007184768544320963,-0.0005406029191290692
-0.0005329028786913887,-0.00023169190768152802,-0.0006370804088284574,-0.0007325541578766469
-0.0007061564353471898,-4.20304520462321e-05,-0.000527669454725582,-0.0007944668994679111
-0.0007730799852720918,6.023788084207891e-05,-0.0004134190443180496,-0.0006949031005923766
-0.0007247949158029726,3.8927712291505565e-05,-0.00030989756337410426,-0.000447658842944616
-0.0005801053030913403,-9.323514876542044e-05,-0.00022448012163646218,-0.0001089653082197677
-0.00038009118942222925,-0.0002776753032781884,-0.00015867823722979808,0.00023880214166507218
-0.00017666342714178825,-0.0004312064919289775,-0.00011158234626716668,0.0005116600220443193
-1.836772498810187e-05,-0.0004776220076568218,-8.263530461343361e-05,0.0006487405366579543
6.238869117755559e-05,-0.00037761444483824373,-7.271064762354954e-05,0.0006291104860568747
5.689200828507199e-05,-0.0001454478259450032,-8.351785101401964e-05,0.0004753609242838936
-1.9748674055145347e-05,0.00015424098838222008,-0.00011619065039584348,0.0002432356340050116
-0.00013576158565479704,0.0004285771961875462,-0.00017018085130987917,1.3446259356321758e-06
-0.00025467140969359837,0.0005893543541558945,-0.00024321880627573705,-0.00019172887769289073
-0.0003479904101875527,0.0005844490014367254,-0.00033234878658713884,-0.0003050149782042204
-0.00040434529663610253,0.00041609329229431286,-0.0004353110401735215,-0.000341741897392218
-0.000431986926429252,0.00013941509955701123,-0.0005512102832975797,-0.00033339649363865666
-0.00045395694557737604,-0.00015783248706740909,-0.00067967313100099,-0.00032429631696656764
-0.0004978014371392472,-0.0003863965035734557,-0.0008184603507496932,-0.0003529721959706279
-0.0005836935562918216,-0.0004857036790437497,-0.0009604231581027065,-0.00043746422016819177
-0.0007154195684138171,-0.0004420649302860789,-0.001091334967869239,-0.0005697595816256617
-0.0008776404623160564,-0.0002888605475638104,-0.0011901421449528465,-0.0007208413941124571
-0.0010405077136637665,-8.981112411042633e-05,-0.0012324616440435934,-0.0008536613666855812
-0.0011699273039245395,8.711021942645752e-05,-0.0011969224604945275,-0.0009384002572096465
-0.001239572831310736,0.00019434554892601777,-0.0010726566558040482,-0.0009637423689210299
-0.0012400025769526341,0.00021841656308799022,-0.0008654218431055904,-0.0009397506270555711
-0.0011812711583014605,0.0001780137060186024,-0.0005998720230772567,-0.0008914974279841828
-0.0010879050912159874,0.00010863301268043343,-0.0003164779282212628,-0.0008464373372845365
-0.000988121691520248,4.148157947233416e-05,-6.326405522023501e-05,-0.000821069813999814
-0.0009015548489154518,-1.3423593225401348e-05,0.00011567040200159695,-0.0008127180155516221
-0.0008305436308603119,-7.210884501262713e-05,0.00019158607315009762,-0.000800139019949719
-0.0007588509083665716,-0.0001670483406047349,0.0001589484972097776,-0.0007530256955693001
-0.0006588752947502092,-0.0003272609192402978,3.7037752499576504e-05,-0.0006467200049617783
-0.0005050172001608878,-0.0005571089886751701,-0.00013547565445409023,-0.00047613193651133666
-0.0002881633321513366,-0.000823907877427893,-0.0003115689713263023,-0.00026289942494371436
-2.5364570183014027e-05,-0.0010612197165062662,-0.00044924622645104925,-5.226075128624691e-05
0.00023983935332833484,-0.0011883599063120184,-0.0005231365712006636,9.99691588854032e-05
0.0004477385319448094,-0.001139721804848677,-0.0005306696076273279,0.00014602431308216937
0.0005407049157921851,-0.0008928665610198686,-0.0004908747576735026,6.37472728728973e-05
0.0004834049155715424,-0.0004839290162903104,-0.0004362216969401242,-0.0001334893168197758
0.0002777550457263014,-3.091206102638633e-06,-0.0004001966982483812,-0.00039850090094603954
-3.323880121872819e-05,0.0004298277347661722,-0.00040473551020749066,-0.0006635377709749077
-0.00037501972807683047,0.0007019955540263703,-0.000451716994298218,-0.0008608105213603369
-0.0006620335807167111,0.0007437620198449922,-0.0005214132841761254,-0.00094340510346521
-0.0008229328988534762,0.0005514599483367778,-0.0005785068296281087,-0.0008995213027806967
-0.0008221645652925751,0.00018840870021346635,-0.0005837706305761442,-0.0007553001934030371
-0.0006706364771086829,-0.0002364863764755462,-0.000507600408863898,-0.0005654741523673998
-0.00042172335521485464,-0.000605025714510452,-0.0003409290918639646,-0.00039522671932107345
-0.0001538265546580861,-0.0008280043035973437,-9.987646783048143e-05,-0.0002995088844629165
5.469493888586932e-05,-0.0008719911635652958,0.00017747212089896935,-0.0003066578054117877
0.00014979939641841453,-0.0007654713850928849,0.0004411784232709881,-0.0004113874649918012
0.00011715490879798257,-0.0005829198693555263,0.0006432076740113951,-0.0005788087682597545
-1.627232108473639e-05,-0.00041347546451981493,0.0007503929719626934,-0.0007573750455212823
-0.00019448888865876424,-0.00032634547332349717,0.0007524661963458183,-0.0008958716194447866
-0.00035383710218578335,-0.00034588936996658715,0.0006626944832578627,-0.0009586678427393504
-0.0004456306466722876,-0.00044529022356223913,0.0005111610309194159,-0.0009345830730617764
-0.00045203684041385944,-0.0005604496962229311,0.000333200014027408,-0.000837302005835068
-0.0003898517288397213,-0.0006180571777659044,0.00015709605603297146,-0.0006982624149141706
-0.00030135227311484103,-0.0005666005468799307,-4.657921298041254e-06,-0.0005552444255369146
-0.00023613132917885138,-0.0003983015622412156,-0.00015754716710258618,-0.00044079671421602337
-0.00023099932225344177,-0.00015374980127937088,-0.00031999873493892064,-0.0003740187396609404
-0.0002955365179507811,9.219343347187625e-05,-0.000513014954426685,-0.00035752955405411334
-0.0004085701362688962,0.0002575155785552529,-0.0007482734229269671,-0.00037947353259523524
-0.0005266393365904594,0.00028274041267566395,-0.0010190776272790533,-0.00041890622004911503
-0.0006009956162763493,0.00015208293597881106,-0.001297606922654609,-0.00045231857944723173
-0.0005965503381825023,-0.00010146028327682219,-0.0015397770465945297,-0.00045939466489783705
-0.0005055679568923858,-0.00040834810537748257,-0.0016964187642404035,-0.0004269775605263829
-0.00035099730060310786,-0.0006868390610129625,-0.0017273075186238,-0.00035111174892583176
-0.0001783050336982173,-0.0008699990687797511,-0.0016135728332533684,-0.0002375239322488324
-3.900794927104965e-05,-0.0009254712933884539,-0.0013645143516984853,-0.00010088562136600855
2.7833725901157437e-05,-0.0008614114342978174,-0.0010166623816490839,3.7124401962609444e-05
9.228858878687911e-06,-0.0007176058892722431,-0.0006254077306840232,0.00015119064547180024
-7.8022640018651e-05,-0.0005464362425480176,-0.0002518346520040025,0.0002172497827046025
-0.00019471691566533148,-0.0003918504274872357,5.12454646848493e-05,0.00021836874555776758
-0.0002947849260908344,-0.0002746120617709712,0.000250057934091319,0.00015025607319527426
-0.0003430200990165289,-0.00018897529568086236,0.00033470802046946593,2.448176565037776e-05
-0.0003283015292819428,-0.00011098885168674187,0.0003174428048380207,-0.00013237775397929353
-0.0002673986943707934,-1.3933777211089151e-05,0.0002257488486753622,-0.00028442156533862485
-0.00019802690958986953,0.0001161922037226908,9.3091155809579e-05,-0.00039600313154134273
-0.00016384450914939437,0.0002717875408135011,-4.961494623135143e-05,-0.00044255983803926865
-0.0001970413167009722,0.0004248614335033385,-0.0001795053172584109,-0.0004190560096378192
-0.00030498843600359885,0.0005374340707783701,-0.0002834161375345589,-0.0003427072816203976
-0.00046584461053174396,0.000576377960108027,-0.00035636646752642285,-0.0002483465269726506
-0.000634681036269394,0.0005262720048267738,-0.0003985330244849971,-0.00017737463219473113
-0.0007578649644634052,0.00039491177008250966,-0.0004124983816896663,-0.0001637694056341129
-0.0007905466353190974,0.0002093994163365983,-0.0004018911750195923,-0.0002220645054332917
-0.0007111513144676337,4.783442088665763e-06,-0.00037148101574553064,-0.00034185649767804035
-0.000528059314825818,-0.00018968278851038225,-0.00032787498323467133,-0.0004912192125703864
-0.00027660158791980053,-0.00036071600848352255,-0.00027962294852927746,-0.0006281148227227488
-7.955058451381025e-06,-0.0005133217708621117,-0.00023592289054954574,-0.0007157235232573622
0.00022579881210892648,-0.0006644161045914929,-0.00020402018324335415,-0.0007358548496097183
0.00038522385546294947,-0.0008306737812937737,-0.00018635294331802686,-0.0006950679424541473
0.00045145571208071245,-0.001016027639207389,-0.00017899706931367824,-0.0006207862930712293
0.00042672604779232727,-0.0012044512314380788,-0.0001726884112274562,-0.00054862008753249
0.00032858370085047436,-0.0013615064450974942,-0.00015667814665803624,-0.0005057983570502184
0.0001810810042501903,-0.0014445355376959783,-0.00012430915320829186,-0.0004975456646627288
6.860135883350604e-06,-0.0014178116800392165,-7.809766527695116e-05,-0.000502502534084604
-0.00017691656938927623,-0.0012668827147124305,-3.183154663488848e-05,-0.0004799920550975893
-0.0003579777746545378,-0.0010065684151838784,-8.013565496054205e-06,-0.0003872282223937706
-0.0005251875936163027,-0.0006794718098633793,-3.0689975054806146e-05,-0.00020024587793117344
-0.0006645973840162266,-0.000345437800760486,-0.00011569774181364018,6.982180785684421e-05
-0.0007583065377912593,-6.56947883589804e-05,-0.00026182493301592853,0.000372455533650738
-0.0007877028376449022,0.00011283588599425142,-0.00044662007340014827,0.0006287315330265232
-0.0007403853305745917,0.0001679901785571817,-0.0006293461141030131,0.0007551516967152249
-0.000617962462068862,0.0001047840950842944,-0.00076116918574031,0.0006926714998601809
-0.0004409236237843295,-4.9848138931687296e-05,-0.0007999225971303823,0.0004305821756530508
-0.0002474269431198008,-0.0002569930148104162,-0.0007247341167896232,1.5955099297160994e-05
-8.498804039697031e-05,-0.00047620068003213203,-0.0005453150528096318,-0.000456012908957537
3.0832519080862663e-06,-0.000672927476806364,-0.0003021159570960898,-0.0008687490053926683
-7.805612033498803e-06,-0.0008215052221281335,-5.648431067413412e-05,-0.001119839763364696
-0.00011338495649743465,-0.0009045225571775665,0.00012656838758737026,-0.0011534710029817827
-0.00027908657323209244,-0.0009110684688965711,0.00019762442228166168,-0.0009784903271834711
-0.0004489044367937283,-0.0008363617719537406,0.00013779532917435506,-0.0006655160695866033
-0.000562511575817208,-0.0006839069856834192,-3.5763045486072804e-05,-0.0003237266806480733
-0.0005753873498193657,-0.0004692195926826082,-0.00027573312247990416,-6.510400737176478e-05
-0.0004751537903019608,-0.00022245883536421308,-0.0005199736837607199,3.1636439529711706e-05
-0.0002881023657166085,1.305159039153756e-05,-0.0007110643197986242,-5.491925013968767e-05
-7.288616187165105e-05,0.00018810197961073076,-0.0008133398564768208,-0.00028491667409818615
9.737834031931338e-05,0.000259800399662141,-0.0008216452619602187,-0.0005741811252623914
0.00015925204350589005,0.00020514154220086558,-0.0007590872337790708,-0.0008254898723883592
8.152256744041908e-05,3.0846573072352406e-05,-0.0006650947736046111,-0.0009626176436048248
-0.0001215922853163679,-0.00022511840253094714,-0.0005786282612390778,-0.0009549242861950089
-0.00039160330868154986,-0.0005023438423450412,-0.0005230668588534135,-0.0008240614187027455
-0.0006417144873359834,-0.0007352751574731116,-0.0004985107629118307,-0.000631203537001667
-0.0007831124684491582,-0.000873619933575394,-0.00048425191001928345,-0.0004504735261783015
-0.0007534748173464521,-0.0008986844135379521,-0.00045013188294677504,-0.0003392089756707705
-0.0005385247431077304,-0.0008293500776244656,-0.0003719755332727261,-0.0003165708048691166
-0.00017938463183180095,-0.0007148484415666519,-0.00024464359488045307,-0.00035847435348678076
0.0002371617369687809,-0.0006163177517435248,-8.715287841790212e-05,-0.0004103321674633239
0.000602976188531649,-0.0005835111966567527,6.255227515063725e-05,-0.00041215611047018725
0.0008202044530457688,-0.0006352147178401008,0.00016142906382974253,-0.00032583426648091253
0.0008305360326669551,-0.000750937148402236,0.0001784516467033387,-0.0001536592469660877
0.0006329787864207041,-0.0008774761416951129,0.0001081589104329864,5.932694456287024e-05
0.0002845540303489045,-0.0009484368133604656,-2.5069658923460134e-05,0.00024027946739110383
-0.00011637145243508622,-0.0009097591877503633,-0.00017425289740550186,0.0003151930798347976
-0.0004589896477801497,-0.0007417561338382923,-0.00028632803419149705,0.00023714182415039993
-0.0006522858498727205,-0.00046915110633014955,-0.0003219563947194572,5.415647164023795e-06
-0.0006507507541957241,-0.0001548749014107616,-0.0002710699094576612,-0.00033166457253922725
-0.00046588508459284,0.00012060283969949247,-0.000157952096253492,-0.0006912934876834283
-0.00016037077867014012,0.0002871203751099713,-3.344208436671962e-05,-0.0009826529081504163
0.00017275372424907563,0.0003096713840347428,4.329626901813585e-05,-0.0011355709322555087
0.000438969593803233,0.00020096642469811035,2.6931048284116292e-05,-0.0011210961664196962
0.0005699703865647789,1.6832558962977457e-05,-9.615758036324393e-05,-0.0009570588808652744
0.0005416508100083458,-0.00016410020116125137,-0.00030108583867759567,-0.0006975321752860661
0.0003772897532431245,-0.00026909880839698526,-0.0005315637288178894,-0.000411133135383772
0.00013577495476975636,-0.00025787640244532466,-0.000718527892117668,-0.00015699291154153632
-0.00011045616452736448,-0.00013714814216115472,-0.0008036074776406159,3.24553285092623e-05
-0.0002999579373966374,4.227613206183049e-05,-0.0007588488633918982,0.00015596956004395614
-0.0004010554299306283,0.00020489256904915082,-0.000595479825822488,0.00023478729845858215
-0.00041892893944018737,0.00027931495854300985,-0.0003585967186524146,0.0002955871559269334
-0.00038929094381826593,0.00022590440942773789,-0.00010996848467867068,0.00035317184738021217
-0.00036159545066263794,5.301680875012104e-05,9.435693421126767e-05,0.0004006810116323764
-0.0003782173996057322,-0.00018419164917037132,0.00022302135620444648,0.00041166863625878943
-0.0004572158544885413,-0.00040211625580240627,0.0002776678808198759,0.00035315002561097194
-0.0005847976195982838,-0.0005177237231290695,0.000287574459638177,0.0002039053394199996
-0.0007200011568192705,-0.0004779482700013058,0.0002930155378908679,-3.009881432770021e-05
-0.0008097149951540137,-0.0002791149128358421,0.00032429608021466733,-0.00031034350891938236
-0.00080848419327735,3.0321848908432085e-05,0.00038525852984085205,-0.0005736457591069207
-0.0006959172887063823,0.00036449967720057676,0.00044845441528562364,-0.0007511118502693875
-0.0004854363442619433,0.0006270595708189313,0.0004646486089299826,-0.0007913394805818023
-0.0002212545639913111,0.000740973225582771,0.00038358286604866696,-0.0006790606984312972
3.531942669761655e-05,0.0006713887420195935,0.00017817854863964823,-0.00044189029670236137
0.00022537518185917287,0.0004344118584984104,-0.00013750839443768146,-0.00014223465730499275
0.00031082244381859596,8.982092572884862e-05,-0.0005044286611562429,0.00014298041926155648
0.0002853577959292089,-0.00027885527997129414,-0.0008316570065212484,0.00034747356088160467
0.00017435952578076703,-0.0005896052140706223,-0.0010230552761118679,0.000436519973180817
2.4122386298159595e-05,-0.0007841833024745393,-0.0010087455709783515,0.00041610551419384197
-0.00011534046565537224,-0.0008408216236002134,-0.0007703885346285536,0.0003272950448377386
-0.00020748789295280167,-0.0007747255178896136,-0.00035096797909911145,0.0002283596031826974
-0.00024018061907781407,-0.000627953422818307,0.0001550571552315673,0.00017171900874852
-0.00022659784479164553,-0.0004534510629737752,0.0006285726896350201,0.00018449435864361253
-0.00019625622210243726,-0.0002990988367015052,0.0009609484477513253,0.0002598158840792439
-0.00018002712565253973,-0.00019654836108033355,0.0010858436713040431,0.00036170543999426187
-0.00019531299083116798,-0.00015709585396592174,0.000997125045272055,0.000441080817271974
-0.00023742802977454267,-0.00017403343579242383,0.0007471650268191243,0.000456268458707422
-0.00028076246358243887,-0.0002289318686278432,0.00042659971358085386,0.00038993536939466514
-0.0002894173093454123,-0.0002987393193383497,0.00013297824011473253,0.0002560460621138256
-0.00023316271475815574,-0.00036135440855957716,-6.063850538140861e-05,9.455234660618074e-05
-0.00010228659072904819,-0.0003988201722827933,-0.0001264322849915539,-4.364795651454721e-05
8.49098380274714e-05,-0.00039865547007230696,-8.538249931063294e-05,-0.00011530335237162209
0.00028554760017525556,-0.00035445481722189837,6.572416807355819e-06,-9.969298687360559e-05
0.00044592772252837094,-0.00026658083642744183,8.37378845945742e-05,-4.350337471084251e-06
0.0005208637475151122,-0.00014288479413406344,9.73654665184032e-05,0.00013996778035641356
0.0004913577203043938,1.4449402066379902e-06,3.3875296482904684e-05,0.000292369010885884
0.00037358971540459897,0.00014600253408064354,-8.18327008221205e-05,0.00041727781581836
0.0002151209148728711,0.0002696786615964501,-0.0001986023251267766,0.0004960072286965774
7.887327297937882e-05,0.00035672596484698227,-0.0002615367765762219,0.0005302068230396738
2.015015064184625e-05,0.0004023097265734889,-0.00023581162428654417,0.0005365697778683121
6.492241529637392e-05,0.00041501377415996063,-0.00012249258139493922,0.0005358686056422517
0.00019762581063036564,0.000414487998053121,3.974531968090419e-05,0.0005416005093342535
0.00036365291681626983,0.0004242011973360882,0.0001876847919349627,0.0005533849760596273
0.000486576662030835,0.0004614377658130457,0.000256522128170246,0.0005579027308027459
0.0004947253758832358,0.0005282948499937899,0.00020413575710615596,0.0005366633533216363
0.00034802428733468366,0.0006076665358778562,2.764599631416455e-05,0.00047677389676302224
5.5450768179166754e-05,0.0006667303559858762,-0.000233863334093572,0.0003795027005996516
-0.00032365214043580373,0.0006676831452683051,-0.0005114880822289318,0.00026238599410652146
-0.0006957202999529204,0.0005824275057309297,-0.0007291389638527921,0.00015349992097189358
-0.0009617776771880727,0.00040584124349692883,-0.0008285769817380909,8.007674937045566e-05
-0.0010494998436748758,0.00016214486941700087,-0.0007880320728786733,5.6334424526376976e-05
-0.0009376784774046605,-9.902588638271075e-05,-0.0006280446241959194,7.601601285065084e-05
-0.0006645480555639014,-0.00031656402943316025,-0.0004028352368860604,0.00011336601059649186
-0.00031676653492791203,-0.0004376508765996499,-0.0001806407393491258,0.0001327890566459817
-2.369450862365729e-06,-0.00043649640524823685,-2.020144862318525e-05,0.00010367701568299599
0.0001835185528174894,-0.00032502130414541463,4.834090025468746e-05,1.4446331715091176e-05
0.00018893110565544645,-0.00015092650455600118,3.1750768596220996e-05,-0.00012021334235598572
2.131768225282292e-05,1.7010798631410734e-05,-3.113680174667897e-05,-0.0002624019018203912
-0.00025543657269010817,0.00011184583019645453,-8.50761858656925e-05,-0.0003638440645706667
-0.0005420460621647028,9.173232808435929e-05,-7.895526759206598e-05,-0.0003839304969204698
-0.000735790441194159,-4.481112701424866e-05,1.607215129638737e-05,-0.00030605972408465803
-0.0007628492513396112,-0.00025741723807967725,0.000196903752637221,-0.0001457400134465156
-0.000600622882143941,-0.00047713891220860314,0.000430023954940194,5.3082132358762545e-05
-0.0002832888774162231,-0.0006301151242042155,0.0006630190946311024,0.0002324831160764166
0.00011042113961626243,-0.0006634072864487711,0.0008415449766597876,0.00034057444025411453
0.0004824238552294201,-0.0005638364612131654,0.0009257417115058782,0.00034954228213612354
0.0007447448786210462,-0.000363040986312979,0.0009007972095969909,0.00026482850850868085
0.0008437194332489105,-0.0001268621268205979,0.0007788197310795745,0.00012192901498546363
0.000771830837859653,6.722301575102683e-05,0.0005923748012319882,-2.7919701762479183e-05
0.0005646843651092922,0.00015662538679451466,0.00038278460090739085,-0.00013755016433931734
0.00028567245225108304,0.00011475770364206394,0.00018766239085995747,-0.00018139137029821867
4.632246776419441e-06,-4.060084994198426e-05,3.182277908159002e-05,-0.00016383999605890432
-0.00022195706964344227,-0.00025436811471363696,-7.60208485786236e-05,-0.00011524631917299148
-0.0003631541060693643,-0.0004537738568783615,-0.0001407087496718437,-7.724828697881447e-05
-0.0004154334767085346,-0.0005732444223217133,-0.00017422493592413206,-8.350023843634456e-05
-0.00039552351420197023,-0.0005756127161010159,-0.00018846373453410432,-0.00014377351119190118
-0.0003284627775910042,-0.0004623358831716013,-0.00019001038817509141,-0.00023814876336816554
-0.00023619213981382838,-0.00026963731915848337,-0.0001785608797626634,-0.0003240284334581723
-0.00013093079878111945,-5.269979013239348e-05,-0.0001489688237384991,-0.00035352236396835626
-1.502480289469334e-05,0.00013572638714393203,-9.551429312604773e-05,-0.00029444543719286763
0.00011394612665410186,0.0002642008547866983,-1.6328982149954542e-05,-0.0001464498456589587
0.0002560842975466096,0.00033217233061757584,8.387230451795024e-05,5.4566179533359566e-05
0.00040387550717978725,0.0003672342577619843,0.00019372295720559093,0.0002462427428959041
0.0005412841969000988,0.0004117395070342724,0.00029765622405482107,0.0003607114170094223
0.0006476703126453528,0.0005043226950657255,0.0003798485869809829,0.0003492176517267978
0.0007047393164669928,0.0006635026646014477,0.0004282586052358273,0.0002012167916995031
0.0007034210793158185,0.0008794200336211086,0.00043755397619228925,-4.94612625626873e-05
0.0006476641565178842,0.0011164561144570973,0.00041027463492455686,-0.00033413423126555075
0.0005535176249044416,0.0013253249691923643,0.0003562021046190401,-0.0005714553006048157
0.00044390182683469795,0.001459822833886554,0.000290338339896592,-0.0006945171022479085
0.0003412482084069319,0.0014919843830355287,0.0002300360650291345,-0.0006732299270372159
0.00026096726170525797,0.001420347678966061,0.0001917367601012763,-0.0005239937689154363
0.00020818906143380147,0.0012688614477692163,0.00018763931661960908,-0.000303276782098142
0.00017868613396574115,0.001077498488158917,0.00022260977079871787,-8.751766523564422e-05
0.00016303996301259154,0.000888505881488982,0.00029180286665342716,5.337108097344366e-05
0.00015177551361572668,0.0007334157345061545,0.0003796965738497394,7.948469257241194e-05
0.00013894614243168324,0.0006251614286157259,0.00046133048972598993,-6.704562575184146e-06
0.00012259321349970085,0.0005573680105476644,0.0005062844206891858,-0.00016298282439277761
0.00010218752980780955,0.0005101119327175678,0.00048526375786829947,-0.0003234612350375263
7.480076954562568e-05,0.00045926746483147677,0.0003782114731472797,-0.00042181903205745324
3.257445012824981e-05,0.0003857233082691513,0.00018197013995077503,-0.0004132585101452987
-3.637959726909983e-05,0.0002814049582374211,-8.492684672299584e-05,-0.0002876712930017648
-0.00014307903768818163,0.000150715750096421,-0.00038244057691750813,-7.014306173959759e-05
-0.00029025862070484695,7.900311026806715e-06,-0.0006551599944517383,0.000190269103774891
-0.000465570749785793,-0.0001278510962980024,-0.0008436566736388088,0.000438421670289053
-0.0006389507502408835,-0.00023743593601729376,-0.0008985866715931102,0.0006306157539750331
-0.0007665839225766352,-0.00030553091205768815,-0.0007938748159210169,0.000745580209104153
-0.0008015589990366374,-0.0003225636993175096,-0.0005351625459186801,0.0007858048099934966
-0.000708553247575912,-0.000285512651111238,-0.00016074235593390842,0.0007701337564640012
-0.00047785103808501784,-0.00019836448395809953,0.0002658026732000492,0.0007218317472257482
-0.00013353918537409854,-7.262127367074937e-05,0.000669672116838866,0.0006576715356291836
0.0002678239797734357,7.257476038156595e-05,0.0009820599077945717,0.0005825618469687629
0.0006487983998775993,0.000211768225377836,0.0011559528700803476,0.0004914108973191576
0.0009301570615240273,0.00031699144445804635,0.0011763265549492822,0.0003765773946262822
0.0010519785778599917,0.00036417313709249114,0.001062142843422661,0.00023682683949291413
0.0009902434105930472,0.0003408668550365143,0.0008598773144356495,8.31801860711648e-05
0.0007636412944900545,0.0002527201088105772,0.0006306333693710169,-6.142188505306071e-05
0.00042832766037022556,0.00012567431023018943,0.0004345338805679675,-0.00016882494225043868
6.220180429036349e-05,1.7552211450965513e-06,0.00031657098826607126,-0.00021595057253825174
-0.0002564003813649514,-7.162060584006092e-05,0.0002973761227226957,-0.00019412397654678277
-0.00046903797181632907,-5.631451787717492e-05,0.00037075947959394785,-0.00011312055308537126
-0.0005504876180471659,6.247536586313397e-05,0.0005079205515295616,2.2416926553803934e-06
-0.0005115121884883087,0.0002679553963128628,0.0006665490374186576,0.00012195559976191817
-0.0003910638855013242,0.0005131249622428579,0.0008020607869589278,0.0002232330228347124
-0.00024124195550234546,0.0007326348673131283,0.0008781084104761776,0.0003002293070704452
-0.00011033499557231628,0.0008622125711530072,0.0008741418645230516,0.00036666074809704426
-2.936919641346211e-05,0.0008596909313916271,0.0007888427029820789,0.0004496179986032935
-5.871295139057818e-06,0.0007205181127187873,0.0006393372925524764,0.0005764719319790891
-2.5782154416991663e-05,0.00048197492971589425,0.00045691859542407106,0.0007597985204234746
-6.16857488766123e-05,0.00021387355395044018,0.000280451753399363,0.000986464245960514
-8.371828946416129e-05,-1.9058134181164084e-06,0.00014875093076688822,0.0012158433855772213
-6.921926274450687e-05,-9.668830402359313e-05,9.313438142971842e-05,0.0013889347436567001
-8.30312392279228e-06,-3.68129860636046e-05,0.00013122936351759882,0.0014460634982979435
9.5531481822191e-05,0.00016536839595933297,0.00026296706095379395,0.0013474220016195908
0.00022872193635815237,0.0004551107560982478,0.0004695397823540524,0.00108924383742181
0.0003726994975067255,0.0007523867780870172,0.0007157910554127282,0.0007095299934357954
0.0005084363732455332,0.0009767769474654507,0.0009559988167148863,0.00028061810968014176
0.0006191292245160173,0.0010718287888610708,0.0011423145069785112,-0.00010966199551097535
0.0006909760495665909,0.0010208959755449638,0.001234384484342694,-0.00038254297031982117
0.0007130630681552712,0.0008495711485989421,0.0012081436949351958,-0.0004908164057962371
0.0006776975309118941,0.0006145652029166275,0.001061675590718516,-0.00043206332107561195
0.0005819946391592308,0.0003835304798821874,0.0008165121678730954,-0.0002483988098498825
0.0004304616146843309,0.00021320961898297464,0.0005137560015495345,-1.288612806081381e-05
0.0002372920058251983,0.00013343105418408776,0.00020570010538467612,0.00019296110871134473
2.6654905813935557e-05,0.00014191687219634075,-5.516957446395187e-05,0.000303440904929594
-0.00017026909383969282,0.000210663074048514,-0.0002271579257935005,0.00028720396908457006
-0.0003215151621325668,0.0003004175252485796,-0.00028766714906942723,0.00015466396830792126
-0.0004023293453672018,0.00037708956834341144,-0.0002368747518239589,-4.742928524887572e-05
-0.0004023374270293526,0.00042370855740053037,-9.608248025244699e-05,-0.0002519091004635556
-0.00032915124652333605,0.00044376356544699724,9.855262052269559e-05,-0.00039218077144903947
-0.00020666556972154224,0.0004554355524364581,0.0003050419512019031,-0.00042166815498924197
-6.811908716759527e-05,0.0004798870408585639,0.00048491410031917037,-0.0003260465159642851
5.403224410226447e-05,0.00052898407401997,0.0006106043436889167,-0.00012519939146296566
0.00013804278451882407,0.0005977895661698372,0.0006693578758746961,0.0001348359822129415
0.00017909750627520798,0.0006649922162470725,0.0006632094766152374,0.00039671514332759324
0.00018953401305919933,0.0007010619855146334,0.0006056726675660345,0.000608488590585784
0.0001929225508824151,0.0006807311212239637,0.0005165179305293335,0.0007371400015610771
0.00021414099835794718,0.000594650743445011,0.0004162761724915468,0.000775345386462184
0.00026911620611096143,0.000455419320895704,0.0003218756869109335,0.0007401566934828918
0.0003580757122609903,0.0002954266920528473,0.00024425607923044446,0.0006647718573831687
0.0004648654644865871,0.00015716911144244422,0.00018811938427002606,0.0005864331803716977
0.0005626086274166604,7.958180151634931e-05,0.00015338442702505725,0.000534333201669057
0.0006235725289531489,8.538954400131113e-05,0.00013754187483051142,0.0005210836963861296
0.0006295031592589557,0.00017397921140433983,0.00013800845032867112,0.0005400256867775452
0.0005785072229175518,0.00032211876094011586,0.0001537165397506068,0.0005688543187620963
0.00048588832086271175,0.000491897585815669,0.0001854756733885295,0.0005782134880816098
0.00037866778003452017,0.0006427127346914597,0.0002350231949844852,0.0005425461719125694
0.00028594128554866865,0.0007429270696074934,0.0003030701426954288,0.000449890822642236
0.0002287976359297665,0.0007773481602005377,0.00038697942984282325,0.00030761999363146923
0.00021364166682871162,0.0007485902263359842,0.00047891912437811736,0.000142242018115473
0.00023137691262079972,0.0006728270899046495,0.0005653433685669574,-6.9456138127187606e-06
0.00026256283257383836,0.0005724123343489366,0.0006284124132422885,-9.877054944298295e-05
0.00028629181856611706,0.0004685937811842869,0.0006494673671737347,-0.00010264992962092528
0.0002890723079796099,0.0003769012895087562,0.0006140056702758085,-8.932548734531408e-06
0.0002700389413786193,0.0003061583720602263,0.0005169356441570232,0.0001661726504032083
0.0002403323411380488,0.0002602653624004316,0.00036645979301297665,0.00038297716419074076
0.00021690234120114169,0.00024074990313452743,0.00018496932974552415,0.0005878157770872859
0.00021333226057361477,0.0002480606871267352,5.93843156396288e-06,0.0007272966972812993
0.0002316158017005483,0.0002806294511959623,-0.00013309064132442612,0.000763308528331502
0.00025858662335786933,0.00033228076724226387,-0.00020002499578756236,0.0006843152116343789
0.00026895763631456387,0.00038983185426033395,-0.00017773451218349104,0.0005093739327095548
0.0002343231465258195,0.0004330334612963377,-7.060679098450596e-05,0.0002834031676623876
0.0001350132105730069,0.0004381403855339491,9.432766655318666e-05,6.489788078391909e-05
-2.966659091289034e-05,0.0003847054280936847,0.00027277203981308,-9.031571990854388e-05
-0.00023696572603221352,0.00026342189813059475,0.0004141496135754136,-0.0001443855579401205
-0.000444235247800086,8.184456673808723e-05,0.00047538801111033854,-8.716128251208126e-05
-0.0005999030657578224,-0.00013484839678241903,0.0004334879726912704,6.250178662091632e-05
-0.000658568904485315,-0.0003492355459777468,0.0002928819933352529,0.000263964757336079
-0.0005953035007714958,-0.00052197921180265,8.494843562189587e-05,0.00046789279285517916
-0.0004143457614032263,-0.0006237660446368358,-0.00014059437570964082,0.0006307261560409854
-0.00014919059436632764,-0.0006445616378443624,-0.0003300620773312138,0.0007258108009153992
0.0001460892705076062,-0.000596584797569806,-0.00044158575457917994,0.0007478748595555473
0.00041155231440089576,-0.0005096102344003309,-0.00045728861728819607,0.0007100664486038898
0.0005974689170543546,-0.0004201017905693937,-0.0003878596551288434,0.0006354678303206313
0.000676801074834394,-0.00035812318356206747,-0.0002679461404617558,0.0005468615600303065
0.0006504612596396646,-0.00033695736612442617,-0.00014383977891207993,0.00045886093770371487
0.0005442180630591348,-0.00034942691352473954,-5.757896769669575e-05,0.00037523754182562484
0.0003988344448887385,-0.00037234815460268546,-3.288788898226828e-05,0.0002919243530992588
0.00025703675849893807,-0.0003773440665044044,-6.78162644371414e-05,0.00020371115790794738
0.00015158619136513787,-0.000343657823880387,-0.00013666616794567074,0.00011109084922831175
9.793632108217847e-05,-0.00026771490139175714,-0.00020054794734066062,2.3708981483789015e-05
9.310801078070329e-05,-0.00016539306664149235,-0.00022282136490611853,-4.15709069638436e-05
0.00012023082304037247,-6.585332359537819e-05,-0.00018385558752076337,-6.74860544593459e-05
0.0001564695248901794,7.581936823184289e-07,-8.96685422253004e-05,-4.520861219386776e-05
0.00018131579590192827,1.6792119105146032e-05,2.8911158318469223e-05,1.888964554777271e-05
0.0001826058381220611,-1.3897552614018692e-05,0.00012657322894880216,0.00010210063929949595
0.00015883364364691993,-6.551194701092072e-05,0.00015992094441052087,0.00017127997675087645
0.0001178131381166588,-9.921382355660769e-05,0.00010420340461706243,0.0001942300345212287
7.292200937857398e-05,-7.838408693080096e-05,-3.566330866732129e-05,0.00015244140886420577
3.8657405170688876e-05,1.5526643388191194e-05,-0.00022400656115357568,5.000674114346929e-05
2.6992478601763298e-05,0.0001728960610879468,-0.0004040861665058661,-8.546242657269756e-05
4.528887567078403e-05,0.0003560222233498177,-0.0005156510820104319,-0.00021123934769663914
9.570096000321886e-05,0.0005101137513500324,-0.0005146275671867411,-0.0002848697932214347
0.00017547811093498287,0.0005816963483177355,-0.0003883160528648532,-0.000281150704085281
0.0002775148615001871,0.0005379343262376201,-0.00016086222752923407,-0.0002041301306784094
0.00039084481060617615,0.0003797185667274636,0.0001130274523789078,-8.887956824136238e-05
0.000501257664563542,0.00014341814564047784,0.0003642295428929295,8.71845879344641e-06
0.0005925225421797761,-0.00010977530649867053,0.0005300113374867579,3.145964016295022e-05
0.0006486174594277903,-0.00031344510231175404,0.000572764388606382,-5.691009564046866e-05
0.000656900767782539,-0.00041768211578865097,0.0004906559454946428,-0.00025474796096297536
0.0006115348707339857,-0.0004052695468121779,0.00031692315223883134,-0.0005176907548293659
0.0005160158955525603,-0.0002965779081271927,0.00010831523663681788,-0.0007688275437005589
0.0003836566650730129,-0.00014148093065681312,-7.328049460408626e-05,-0.0009215087961411293
0.00023540473022571218,-1.2676504020683573e-06,-0.00017989690948684987,-0.0009077436519981974
9.529204483378098e-05,7.292373707514218e-05,-0.00019110109964499473,-0.0007027244178325688
-1.5249508493541039e-05,5.7488659320605344e-05,-0.00011806890289513727,-0.00033684688368371065
-8.241952367896964e-05,-3.644119072971849e-05,2.6712606963504547e-06,0.000109509962789635
-0.00010274940239838388,-0.0001681697205550941,0.00012320351117928928,0.0005275044687775095
-8.257920228674723e-05,-0.00028268564105717953,0.00020090557704474172,0.0008112023336018133
-3.460503226706605e-05,-0.0003301850772491522,0.00021226580775090704,0.000888922707826338
2.7088522834592605e-05,-0.00028280435107079266,0.0001595513010197406,0.0007445587354055988
9.151273404633897e-05,-0.0001428712830647997,6.867106143858826e-05,0.00042209627016867325
0.00015300440519235543,5.963211436312891e-05,-2.0430413942176562e-05,1.2025666164417677e-05
0.0002104143616266708,0.00027866011077571176,-6.719227854030038e-05,-0.0003758175660928158
0.0002638333744873428,0.0004678615754717542,-4.3093404200500275e-05,-0.0006442125570595889
0.0003106147033225979,0.0005945078959009967,6.0350276072700673e-05,-0.0007352961416820949
0.0003429220266917008,0.0006468262047879448,0.0002302346931768074,-0.0006441357906510885
0.000348526414541819,0.0006329394793106859,0.0004371817587617458,-0.00041573585494763903
0.0003152250201004526,0.0005730475631459552,0.0006441707040452007,-0.0001275005119328335
0.0002375554453174857,0.0004889899093483671,0.0008160155074053252,0.00013638258640853457
0.00012312432782836678,0.00039595172009356005,0.0009265460317733215,0.0003101198800809826
-4.526689763585594e-06,0.0002996546626921262,0.0009618649524538953,0.0003633762628383729
-0.00010874405448576857,0.0001996008629671741,0.0009197487433499926,0.0003057902059959468
-0.00014859297294198535,9.604637954891778e-05,0.0008066497562657532,0.00017886634481845086
-9.167715571394159e-05,-3.375796569358991e-06,0.0006343311987348475,3.912144188019389e-05
7.297628749535637e-05,-8.132422491865152e-05,0.0004177853638944528,-6.135519559520804e-05
0.0003265837773127707,-0.00011466873841665983,0.0001750018138368031,-9.07030250760659e-05
0.0006205235095113007,-8.364120927878207e-05,-7.210601293371438e-05,-4.5135141143667874e-05
0.0008858393159025856,1.7493962002792195e-05,-0.00029716244893967776,5.2501239591752e-05
0.001050556282512796,0.00017316439348019814,-0.0004707855496735834,0.0001618269197687559
0.0010602107625015244,0.00034663244609596804,-0.0005648552247602978,0.00023810215251321234
0.0008954613634814122,0.0004888450893163275,-0.0005590841350059628,0.0002453276555452439
0.0005810210157445651,0.0005537377678890667,-0.00044806224053203786,0.00016589358983791762
0.00018243803244909098,0.0005148082426157544,-0.0002462042887682583,4.918653559494185e-06
-0.00020918664622097884,0.00037669729483245343,1.1764291679266533e-05,-0.00021095902549768614
-0.0005007254578817057,0.00017684166852574194,0.0002759750692049384,-0.00043937532210075697
-0.0006222634494236826,-2.4375366951612796e-05,0.0004916431891679932,-0.000631057838264299
-0.000546737683198319,-0.00016235178835822492,0.0006119626364568241,-0.0007399911033641963
-0.0002981102332421944,-0.0001897826355626125,0.0006101205701988052,-0.0007333303506991682
5.452061552644646e-05,-9.349217339940611e-05,0.00048681135958771163,-0.0005995063902813762
0.0004153590926398277,9.95782272247282e-05,0.0002707454325133091,-0.0003529436095596207
0.0006877033206474241,0.00032977188996327877,1.1638719606490348e-05,-3.3925873683293326e-05
0.0007997552308840526,0.0005233948750187472,-0.00023258006363827043,0.00029732324552366693
0.0007231674612468368,0.0006165310464589851,-0.0004108157150203321,0.0005721601076540464
0.0004792479185837794,0.0005759365735975475,-0.0004918335473920457,0.0007288704516986987
0.00013139849853162887,0.000409868535230319,-0.0004715537219520434,0.0007284851541393661
-0.0002336489816176217,0.00016514463637098487,-0.0003726021554178563,0.0005667502936993167
-0.0005301126700220156,-8.851513802400203e-05,-0.00023642498219612562,0.00027821940228219834
-0.0006959058134658155,-0.00028144109308925387,-0.00011048140186810992,-6.983601892149446e-05
-0.0007075332167054071,-0.0003663935496247705,-3.44394397267081e-05,-0.0003931499586510721
-0.0005833633001777317,-0.00033283445952170525,-2.9479810400525664e-05,-0.0006121358789252309
-0.0003750188085295779,-0.00020850585702284478,-9.372723034671701e-05,-0.0006735045108480466
-0.00015005398430150094,-4.82106074278958e-05,-0.00020484037078709485,-0.0005652582690362274
2.8580101696723607e-05,8.5910339576869e-05,-0.0003285460819680572,-0.0003201064620354106
0.00012016533204446813,0.00014553934182579386,-0.0004301161749817631,-5.774062844358409e-06
0.00011602118502454734,0.00011150215944852698,-0.0004850116886244087,0.0002951376654981241
3.912986055159233e-05,-1.7002631952032219e-06,-0.00048537945684248276,0.0005095636636098656
-6.565687773188672e-05,-0.00015312714542946917,-0.0004405955861068358,0.0005949194584248743
-0.0001473409497109481,-0.0002912384721018987,-0.00037208938452715527,0.0005498679820632568
-0.00016538267024338287,-0.000372336518264074,-0.00030456577793477456,0.000411564115853975
-0.00010214389995910068,-0.0003750117358745323,-0.00025685459346305663,0.00024060634500875126
3.237809939555896e-05,-0.00030576632838063937,-0.0002355997189429501,9.910798601588577e-05
0.00020459668937826392,-0.0001943853495810245,-0.00023389106579450522,2.9592772652004386e-05
0.0003685462733555272,-8.136298702295691e-05,-0.00023513747653402137,4.198129703616115e-05
0.0004805492566679261,-2.4188351387109154e-06,-0.00022061064712299795,0.00011291258403812321
0.0005127306332541646,2.407612424881598e-05,-0.0001778056460508947,0.00019713500422534986
0.00046128682975578506,2.296849930517452e-06,-0.0001065032730826916,0.0002463526893407033
0.0003471462883464283,-4.477076814550653e-05,-2.0265745618468982e-05,0.0002283208299867389
0.00020904869818043668,-8.619599232248293e-05,5.725456241157146e-05,0.0001390859531067815
9.137916531656355e-05,-9.672319414119244e-05,9.994936658173372e-05,3.9981003543276155e-06
3.062625925405189e-05,-6.787155648232534e-05,8.816971378542142e-05,-0.00013256947094060853
4.464212326499436e-05,-1.2286786383920625e-05,1.5792733776125216e-05,-0.00022460612585628527
0.0001279029147964937,4.032943626750972e-05,-0.00010704072505566078,-0.00024217386445558894
0.0002540286732762923,5.4279587165328796e-05,-0.0002564673448664727,-0.00018267946786173594
0.0003845430803795346,1.94157129648477e-06,-0.0004018113394686384,-7.153377986120392e-05
0.0004809506014574514,-0.0001242313652212844,-0.0005144374639450644,4.784616881095229e-05
0.0005162680100630307,-0.00030617588634796155,-0.0005754987053742469,0.0001306641850714797
0.00048244475852072426,-0.0005033378591006574,-0.0005800219812642734,0.00014751907852007326
0.0003915216597546879,-0.0006636967507150768,-0.0005361897855988716,9.492584651419681e-05
0.0002704354127787352,-0.0007392794208880403,-0.00046047685212108883,-4.271139213370785e-06
0.0001514046457256972,-0.0007012315979692717,-0.0003708050737578028,-0.0001104645333814511
6.117940510822506e-05,-0.0005496209309650399,-0.0002805142415796269,-0.00018284949759261195
1.2681416615768667e-05,-0.0003148002647098869,-0.00019546937325729712,-0.00019478501114534954
1.6553452532615644e-06,-4.979752713881952e-05,-0.00011522682426116557,-0.00014299679229184514
9.219255314410924e-06,0.00018403594249026366,-3.7416175871695864e-05,-4.725164824590254e-05
9.237685481470787e-06,0.00033385491256652546,3.6924851553123345e-05,5.9001619215941204e-05
-2.2102097588992794e-05,0.0003696659103112128,9.98075143152997e-05,0.0001429318974659162
-9.775434674542141e-05,0.00029203318141783423,0.00013659882588790777,0.000185572523849635
-0.00021509373656941985,0.00013101056298039237,0.00013061285925419148,0.00018856331879458493
-0.0003564170218940884,-6.32346526550014e-05,7.049085769511142e-05,0.00017168828237241628
-0.0004943048356921511,-0.0002352399941731398,-4.2576168371080757e-05,0.00016235686407596437
-0.0005999148233073075,-0.0003401333733848009,-0.00019105967032485673,0.00018156450558633574
-0.0006514293388193969,-0.00035600072548827913,-0.0003430032760334167,0.000232419345277802
-0.0006399964997612541,-0.000289262160107126,-0.0004598356636561988,0.00029638693000730396
-0.0005714866182028816,-0.00017166527592793528,-0.0005079377223874689,0.000339324439301044
-0.00046384974227687154,-4.99425388269156e-05,-0.0004700813539539077,0.00032535468426517195
-0.00034127655282068225,2.872552109546686e-05,-0.0003524836555438695,0.00023326683131142512
-0.00022725940966785257,3.11372080627937e-05,-0.00018446394169140958,6.879059812093082e-05
-0.00013876552378880438,-5.182899788052644e-05,-1.0194738865069975e-05,-0.00013263635171903063
-8.310660321432441e-05,-0.0002023527356444638,0.00012507030663592132,-0.0003145292444368846
-5.801425886205273e-05,-0.0003808302182164857,0.0001897085382708739,-0.0004170134837393509
-5.433401449824387e-05,-0.0005374857954462485,0.0001761716457912133,-0.00039746360956488644
-6.002164056635143e-05,-0.0006269889294630367,0.00010323416714575514,-0.00024669405475411714
-6.397316649338927e-05,-0.0006217644167955793,8.93780569565677e-06,5.386053024721189e-06
-5.8611787580580205e-05,-0.0005200914151679158,-6.350482076269957e-05,0.00029709531280926383
-4.085275956972195e-05,-0.0003466491358212896,-8.18942129190279e-05,0.0005531004434801929
-1.1742605791374879e-05,-0.0001454206046389594,-3.7400547924809895e-05,0.0007072684007348976
2.4554146727057352e-05,3.2865457698048385e-05,5.1618291897143195e-05,0.0007224710937000209
6.178017514936663e-05,0.00014497755259805772,0.00014603519818935938,0.0006006563765713882
9.233631662055293e-05,0.0001668921653173767,0.00020054020737207386,0.00037998581916661876
0.00010791453075680729,9.960235523893483e-05,0.00018118920220721007,0.00012042640660309237
0.00010043669490191072,-3.2484134901573306e-05,7.94035744404714e-05,-0.0001168157537963419
6.364988020314186e-05,-0.00018978054740283813,-8.300623737207365e-05,-0.00028866071054459635
-4.6725988769045004e-06,-0.0003296288279528329,-0.00026006467080982897,-0.0003816887320537165
-0.00010051399455642679,-0.0004184538894783164,-0.00039725436946593266,-0.00041230235752334743
-0.0002123614474951374,-0.0004403126324136247,-0.000451115111633275,-0.0004162253912158543
-0.00032189232569204094,-0.0003995055138620929,-0.0004057155332193707,-0.000431863574018659
-0.000407080155993036,-0.00031691835226259856,-0.00027979845795987195,-0.00048404862002977855
-0.00044734617686663304,-0.00022176349445034816,-0.00012162823390085662,-0.0005741998047587911
-0.00042947879397496266,-0.00014173331800621284,7.012759291900601e-06,-0.0006802450390089149
-0.000352468831924991,-9.484984199135081e-05,5.222722701449115e-05,-0.0007658361335738061
-0.00022945352068586504,-8.545686879665406e-05,-1.2744780161051455e-05,-0.0007949350607895508
-8.569750327624878e-05,-0.00010520218015420643,-0.00017735465651056635,-0.0007460157709065385
4.723327001766311e-05,-0.00013809186443779442,-0.00039642406159515165,-0.0006205349755509066
0.0001396396031802783,-0.0001673916496015939,-0.000604864589992659,-0.0004427228349312347
0.00017182021140925538,-0.0001817319953009788,-0.0007392997922113988,-0.00025113904965735537
0.00013963223692242438,-0.0001783341670292299,-0.0007589647387381456,-8.550488956708468e-05
5.565471925269834e-05,-0.0001625432555482822,-0.0006585417926044225,2.6087738650724078e-05
-5.451020607829122e-05,-0.0001443154472271949,-0.0004685506249661318,7.490813623120746e-05
-0.0001597030987162367,-0.0001334016332157553,-0.00024345700048712145,7.17522394767787e-05
-0.0002321243943098558,-0.0001353065549793646,-4.211473048766677e-05,4.0050751814871884e-05
-0.00025493478713818835,-0.00014960022095232377,9.2142904427805e-05,5.090452505649454e-06
-0.0002262432423231491,-0.00017106247280389438,0.00014449081934089753,-1.6182999006799596e-05
-0.00015841372313658874,-0.00019291891047397037,0.00013016696355867672,-2.0817057938745558e-05
-7.316630679431087e-05,-0.00021057413742360255,8.450241539919011e-05,-1.9024818381384117e-05
5.72849781485448e-06,-0.00022409792619784984,4.57345582492157e-05,-2.7638950699647528e-05
5.970653314537992e-05,-0.00023831070219790194,3.761849818957955e-05,-6.0883542958985464e-05
8.036309307733985e-05,-0.00026038545956109547,5.8838176517103094e-05,-0.00012247537437228977
7.078432805202452e-05,-0.00029598296871397956,8.349210590620905e-05,-0.00020240011164516982
4.323486944487933e-05,-0.00034560965919821146,7.253492646893539e-05,-0.000279716787587416
1.435495506046762e-05,-0.0004028548762937589,-8.316789882113458e-06,-0.00033025247346724925
-3.240848293080802e-07,-0.00045543669112911974,-0.00017136905864146537,-0.0003360585538185946
9.223235647907752e-06,-0.0004888555050744554,-0.00039748927848813967,-0.00029278859182194203
4.533919139662005e-05,-0.0004913777737738018,-0.000638623042930575,-0.00021198371116000367
0.00010293326316675961,-0.00045848349957373116,-0.0008319800117203911,-0.000117265693790561
0.00017154298766974412,-0.00039505168275430686,-0.000921068386570001,-3.583475643117263e-05
0.0002381595394646539,-0.00031437883191995353,-0.0008759885414587965,1.1491194680908468e-05
0.0002898408735202593,-0.00023430845854216148,-0.0007054437941152233,1.7882845905457107e-05
0.00031557803248191473,-0.00017183327875919157,-0.00045580520262759015,-7.16716201032251e-06
0.00030742526732014644,-0.0001380958963439159,-0.00019722323598773094,-4.169763364898771e-05
0.0002612643659258419,-0.00013554294244074008,-1.4837721193840941e-06,-5.989535454293225e-05
0.00017757921010671434,-0.0001581552648555098,8.069184618235067e-05,-4.226890326376818e-05
6.229367702992729e-05,-0.0001945126149047225,3.5016476083140485e-05,1.6393292087000817e-05
-7.272143694098891e-05,-0.00023240924373830758,-0.00011352225249515804,0.0001042167504226528
-0.0002101565842787511,-0.00026321520922344024,-0.00031100261822276584,0.00019562073796592987
-0.00032938225152651487,-0.00028436468813224135,-0.0004940361765289475,0.0002596755777978826
-0.0004102635932206756,-0.0002991546124879868,-0.000611179500001599,0.00027047318233055123
-0.00043799646080123816,-0.0003141237364478592,-0.0006386836552603609,0.0002158985764158152
-0.0004076085044435646,-0.0003352200903488055,-0.0005853482086948178,0.0001018439391490089
-0.0003265092797813023,-0.0003643903327483801,-0.00048546155875512503,-4.942407391244491e-05
-0.00021383928909801076,-0.0003979866504111758,-0.00038323807573284463,-0.0002059879692972213
-9.631368348199886e-05,-0.0004276014594235267,-0.0003151344569751746,-0.0003356602430155223
-1.4779234762930479e-06,-0.00044293759834471147,-0.0002968661538330225,-0.000414847238931836
4.966911314905107e-05,-0.0004355100287874933,-0.00031976615905722483,-0.0004341208385557775
4.8310151511164376e-05,-0.00040167508086557703,-0.00035725473942044284,-0.00039904349197659745
-2.424431786081935e-07,-0.00034380195766566153,-0.0003781722811961319,-0.0003265034368404077
-7.904312818067424e-05,-0.0002691932895844684,-0.00036113875132826045,-0.000238287405242068
-0.00016566389800424142,-0.00018729319374700265,-0.0003039205813736984,-0.00015435082455851493
-0.00023987010402004685,-0.00010640851037793664,-0.00022402357533818362,-8.804734953485197e-05
-0.000290086853914694,-3.133361308993443e-05,-0.00015044866876387508,-4.460693764200049e-05
-0.00031631926581765794,3.7149567092401026e-05,-0.00011023357830927671,-2.282552951040403e-05
-0.00032848465995098143,0.00010074884959391378,-0.00011557529100762742,-1.8760654816391692e-05
-0.0003408466372358548,0.00016085610788769966,-0.00015711922882831464,-2.9624090790499047e-05
-0.0003647592876585557,0.00021578125900674483,-0.00020649870499040573,-5.6191495640621134e-05
-0.0004026390682313058,0.00025938429213662184,-0.00022741674155237618,-0.00010279567724351055
-0.00044567698717208745,0.0002819297187798553,-0.0001910014560559184,-0.00017500692938747855
-0.0004764006505557608,0.00027309105515208043,-8.927004896858593e-05,-0.00027602692235203716
-0.0004753031359878161,0.00022612626387769064,5.891490701085203e-05,-0.00040330472386896146
-0.00042909192629513124,0.00014168747174185536,0.00021220383250142305,-0.0005467838154504245
-0.0003373330685792894,2.9744097756620458e-05,0.00032025009208268285,-0.0006895850737992301
-0.00021471170717989995,-9.130865968789981e-05,0.00034153294113019317,-0.0008110696351413815
-8.767805441052025e-05,-0.00019833038058886254,0.0002588962261629302,-0.0008914203568837625
1.3653598114643506e-05,-0.0002689149894185422,8.689572811404478e-05,-0.0009163956695863867
6.561884162141832e-05,-0.00028705285403581027,-0.00013196070730245313,-0.000880877063031596
5.94835744768471e-05,-0.0002472873918487051,-0.0003408585591729574,-0.0007902232706453044
5.068892116511306e-06,-0.00015617044075863507,-0.00048728582442075785,-0.0006591021726918417
-7.205099378116558e-05,-3.068339999071079e-05,-0.0005398412462698787,-0.0005081753527720334
-0.00013904941140515867,0.00010578986177266214,-0.0004971959300089923,-0.00035955508525623014
-0.00016720592686683688,0.00022868990403867445,-0.000386162285227698,-0.00023220795429676477
-0.00014214701871324495,0.0003172515773168655,-0.0002499458800244714,-0.00013841019049548597
-6.927843392236233e-05,0.0003580252529305581,-0.00013131409166389219,-8.202267789561568e-05
2.764579281489682e-05,0.0003463480348991077,-5.72120361045092e-05,-5.886057094336983e-05
0.000114458198205096,0.00028583408997676085,-3.061965969058944e-05,-5.891407364488899e-05
0.00015832864144589565,0.00018646537586687606,-3.248584239143315e-05,-6.975059889140212e-05
0.0001392453167017027,6.207409078105852e-05,-3.25653334999898e-05,-8.017953206937434e-05
5.71883147525154e-05,-7.209074906674995e-05,-4.4918223582879335e-06,-8.323399749519955e-05
-6.755419111520444e-05,-0.00020131555788652222,6.11960234959269e-05,-7.772117665520717e-05
-0.0002010752251634662,-0.00031281996331800066,0.00015147847400537318,-6.797227280054552e-05
-0.0003072315570794154,-0.00039673437285808744,0.00023511041829821222,-6.190269090398243e-05
-0.0003597639980637002,-0.00044682082635388864,0.00027511977532867354,-6.795868289897686e-05
-0.00035095340353080706,-0.00046098764981483686,0.0002446001723515204,-9.185451995272209e-05
-0.0002938390418785325,-0.0004414966052690428,0.00013942474611595979,-0.00013409152186465156
-0.00021728421120024988,-0.00039468220592145387,-1.74111488676007e-05,-0.00018905087506263657
-0.00015565781728645034,-0.0003300585148124924,-0.00018192777009930217,-0.00024600200129429317
-0.00013673922128301652,-0.00025886170285419063,-0.000303827105538515,-0.000291787496656537
-0.00017201843540143313,-0.00019228198058651724,-0.0003443642235252814,-0.0003144108179384264
-0.0002526841363553328,-0.0001397693832941027,-0.0002907316362700807,-0.000306442763882836
-0.0003526032815860669,-0.0001077818227701588,-0.0001614429824979141,-0.00026719518377602003
-0.0004372075686567556,-9.918165600594775e-05,-4.988744847223003e-07,-0.000202992818182951
-0.00047523805301595556,-0.00011325476628337716,0.00013770914242421106,-0.00012549054368227175
-0.0004494106252213165,-0.00014613813399926012,0.0002073295376284756,-4.862570358535323e-05
-0.0003625122354857409,-0.00019139246160694567,0.00018693432471154903,1.4765473218603109e-05
-0.00023701969556170523,-0.00024056875746816808,8.658288878211906e-05,5.556765969860766e-05
-0.00010847816631111978,-0.0002838259164256868,-5.64507060423769e-05,6.94752701450585e-05
-1.4856086301695548e-05,-0.00031083214680847123,-0.0001916286543446194,5.6401202798206374e-05
1.4725780132701649e-05,-0.0003121983816035574,-0.0002735890318163875,1.8726024145515607e-05
-3.155560909190447e-05,-0.00028148780093068676,-0.0002783061460372438,-4.0635667470978465e-05
-0.00014501598062627297,-0.0002174761859299254,-0.0002111429430233236,-0.00011932603823400223
-0.0002992066550898953,-0.00012596223361116543,-0.00010404082211457055,-0.00021516546996230845
-0.0004575143088769995,-2.024895358873624e-05,-3.1267587349143033e-06,-0.00032438657601174814
-0.0005831756363300911,8.040697285376097e-05,4.8500628368065846e-05,-0.0004393046096110159
-0.0006487469366560084,0.00015452733822240994,2.6395356606818965e-05,-0.0005467107653951558
-0.0006424565576665375,0.00018368879522551174,-6.685691636807573e-05,-0.0006282304367259545
-0.0005699588910407227,0.00015796638537560193,-0.0002033381764776944,-0.0006632915714087292
-0.0004514139467071687,7.979054693399434e-05,-0.00034061783959776423,-0.0006343697557752363
-0.0003151027117000993,-3.532556827554045e-05,-0.0004374095003868497,-0.0005331563042734189
-0.0001896094785011071,-0.00016191059456226176,-0.00046814304128560066,-0.0003656263315530914
-9.678599128792875e-05,-0.00027101709240390237,-0.00043113984062646653,-0.00015396709818520093
-4.7282049113750446e-05,-0.0003383552608002133,-0.0003476403572304585,6.594757448745436e-05
-3.956553670309004e-05,-0.0003516137969199751,-0.00025243123920505595,0.00025155624753497863
-6.233128174937264e-05,-0.000314528324218008,-0.00017991820450610502,0.0003636307886525497
-9.928997677724483e-05,-0.000246137386154921,-0.00015104699785678521,0.0003767103381741299
-0.00013475551151452547,-0.00017516256394059515,-0.00016595767925963248,0.00028691475032678604
-0.0001583332829733497,-0.00013107916782009732,-0.0002049310499866756,0.00011461269419273112
-0.0001673616700639674,-0.00013463927100126893,-0.00023698297676432237,-9.92374607962504e-05
-0.00016647348904275105,-0.0001909218616825692,-0.00023261217204508964,-0.00030245829355603215
-0.00016453608090227344,-0.0002872597407430899,-0.0001757638923508705,-0.00044441257848593096
-0.0001700588464608188,-0.00039683772670112,-7.052531017272636e-05,-0.0004887477828167813
-0.00018668648070808286,-0.0004868846065336531,5.9821116491248555e-05,-0.00042262236378966256
-0.00021044659490379591,-0.0005288351481025841,0.000180842813560695,-0.00025984380837068555
-0.0002299333219747679,-0.000507163107635239,0.0002589530659405984,-3.704759948709724e-05
-0.0002296828359934916,-0.0004240287530020582,0.00027287584757883584,0.00019599423721038123
-0.00019588535147023467,-0.00029829965815782525,0.0002204754763365089,0.0003892115494412013
-0.00012263168095402732,-0.00015940025746274088,0.00011871982618333798,0.000504669588767083
-1.6456702566655657e-05,-3.816066720717555e-05,-2.8527469633520854e-06,0.0005252551000419076
0.00010276310987780701,4.2228411360182086e-05,-0.00011246470114695229,0.00045743408507447486
0.00020548051401748924,7.220574069255557e-05,-0.00018632645711741776,0.00032764633673058874
0.00026015605035610567,5.699882193945568e-05,-0.00021516158149450398,0.00017370137083658546
0.00024290252268284462,1.292428886120545e-05,-0.00020504401969445064,3.38659151149813e-05
0.00014610003260977222,-3.951537615489147e-05,-0.0001727985598013092,-6.318104883615283e-05
-1.7036581460377898e-05,-8.306521487152531e-05,-0.00013819951009731165,-0.00010480446170644045
-0.00021393040963817167,-0.00010899782073753197,-0.00011620172018771813,-9.577253334069197e-05
-0.0004003193167786967,-0.00011852097906210916,-0.00011213887402728759,-5.4585330666387724e-05
-0.0005322303743588441,-0.00012014129159948809,-0.00012142674558151601,-6.29010652553226e-06
-0.0005787369754581689,-0.0001243476819860343,-0.00013342248912040665,2.5791670311937735e-05
-0.0005314440666851494,-0.00013792985714230067,-0.00013747514016246103,2.6873696158425352e-05
-0.0004074540178379271,-0.00016027677633073656,-0.00012846746242264553,-5.856911644471982e-06
-0.0002445397828385598,-0.00018312802805540903,-0.00010952796696656174,-6.390423889055365e-05
-8.978388107298146e-05,-0.0001938357038428145,-9.087090698890336e-05,-0.0001316428126348422
1.4818842505957136e-05,-0.00018079105343269834,-8.534922687625339e-05,-0.00019237004004858584
4.514959475514571e-05,-0.00013881576129352467,-0.00010262342912187255,-0.00023411397194431777
1.9021863746394863e-06,-7.232791413824688e-05,-0.00014435704278501952,-0.00025329742872926215
-9.069498218894703e-05,5.0520359088964805e-06,-0.0002023885305907223,-0.00025517244463560385
-0.00019397745237862904,7.442968302284454e-05,-0.0002606271154104066,-0.00025106316379126066
-0.00026867636409787406,0.00011773241350018912,-0.00029997845252076793,-0.00025351964400137025
-0.00028871918720026375,0.0001237884956628276,-0.0003044916152398217,-0.0002711481411463491
-0.00025019736940074845,9.220970714353586e-05,-0.0002665378463818148,-0.0003049407042738667
-0.00017235240658544908,3.370445471255228e-05,-0.00018928246650725108,-0.00034737328284885507
-9.02241453038348e-05,-3.3260285566943725e-05,-8.576680849058208e-05,-0.00038457111435213177
-4.155981385755387e-05,-8.824280423149989e-05,2.4865203246490384e-05,-0.0004007820684363727
-5.264388380909037e-05,-0.0001150389783931995,0.00012255005241849326,-0.0003836092864224485
-0.0001281250156644027,-0.00010624622094331486,0.00019115664470537215,-0.0003282000091035345
-0.00024851801861002767,-6.478218790966427e-05,0.00022163009934834244,-0.00023895450096759324
-0.0003763321767740026,-2.095367055884005e-06,0.00021285190217710685,-0.00012818337698342853
-0.00046869617137126527,6.604593902445594e-05,0.00017051230548726374,-1.2207658033105883e-05
-0.0004920253755905315,0.00012455418098200423,0.00010487782190391197,9.370593964369621e-05
-0.0004335526959124655,0.00016308179440395766,2.8446348515261902e-05,0.0001797691058294183
-0.0003056831244712643,0.0001779406000012719,-4.5850123166312927e-05,0.00024387656414540947
-0.0001417187534395745,0.00017159402389435656,-0.00010578257105183756,0.0002908107122259381
1.5410154094074133e-05,0.00015034689031071942,-0.0001406483323716087,0.0003287639831246145
0.00012730864946719603,0.00012142176646413427,-0.00014226459296933945,0.00036450786084846415
0.00017213005710898865,9.064188339987857e-05,-0.0001063731854225548,0.00039909322122772244
0.00015029446679846523,6.14794405806851e-05,-3.42170859124317e-05,0.00042584859496119136
8.216117281700848e-05,3.551110609838131e-05,6.639854886694198e-05,0.00043166638795652187
-1.1174971424484335e-06,1.3674116477193808e-05,0.00018139093830278835,0.0004013845775046755
-6.988070241389802e-05,-2.589306035718792e-06,0.0002925599896131349,0.0003238917892941291
-0.00010667863980269358,-1.1062043450531798e-05,0.0003814816470388716,0.0001978323308770938
-0.00011148724594924395,-9.604598992092009e-06,0.000434207192761024,3.47555641318616e-05
-9.970808385530711e-05,2.2555038849644588e-06,0.0004452933133415552,-0.00014171146496633219
-9.406936779570728e-05,2.1840325442084273e-05,0.0004196598310420678,-0.00030080966273165897
-0.00011387938290897227,4.2852936547581474e-05,0.0003713526419400967,-0.0004124509924089709
-0.0001660402269766835,5.646316285887686e-05,0.00031931592500315624,-0.00045557398104031216
-0.00024145583609292708,5.3829322408591824e-05,0.0002813844655370941,-0.00042443293007592934
-0.0003182792480074393,2.9267829286938087e-05,0.00026846191561157376,-0.00033075054270010273
-0.00037069919367826174,-1.710832875584183e-05,0.0002809278295082037,-0.00020091320072031663
-0.00037973634537948167,-7.838985916432291e-05,0.00030863395174217725,-6.893573272300418e-05
-0.00034167515361994256,-0.00014208709320454515,0.0003346191769720147,3.274142990617097e-05
-0.00027063261327546007,-0.0001933403793424218,0.00034132851840259007,8.187773225358161e-05
-0.00019402967074864434,-0.00021914488182710364,0.0003171658130431878,7.193139284075235e-05
-0.00014251408672319828,-0.0002121898213559171,0.0002610186038644116,1.2885761716081943e-05
-0.00013810896604049295,-0.00017300398790463453,0.00018306729445213745,-7.267024772513418e-05
-0.00018515932683414312,-0.00010967835249933462,0.00010150663923511744,-0.0001568268704465846
-0.00026769242070935476,-3.5288842679623636e-05,3.629483544918908e-05,-0.00021465620330918473
-0.00035443912291629803,3.6052843047943914e-05,2.1560887551296676e-06,-0.00023100055851420524
-0.0004098702480141321,9.313759921364406e-05,3.376656224158322e-06,-0.00020383432568238532
-0.00040727848273460117,0.00013026539929972096,3.2320329453615826e-05,-0.00014347069462298167
-0.0003390724374221655,0.00014774432611906578,7.225781835460505e-05,-6.821643375316952e-05
-0.00022038796328120502,0.00015031797669967824,0.00010353509964115652,1.8807263142475716e-06
-8.452992727087582e-05,0.00014431848862237438,0.00011087202936261968,5.11103194787187e-05
2.8252376197171708e-05,0.00013476410669499388,8.91404616735203e-05,7.217914666411609e-05
8.469032944943139e-05,0.00012355099411605688,4.549023109903447e-05,6.727652644721287e-05
7.013604730459508e-05,0.00010937291086120064,-3.0093826532615053e-06,4.6150700216562694e-05
-6.264962100174993e-06,8.925767100421284e-05,-3.543208215034746e-05,2.2138629941471054e-05
-0.00011472078959042485,6.093917165664667e-05,-3.463543919338813e-05,7.600715700272452e-06
-0.000215114402199891,2.49550065441655e-05,6.236006103211428e-06,1.0200924590474635e-05
-0.000270789247339124,-1.4502772167490977e-05,8.072459779076904e-05,3.101552823850731e-05
-0.0002608902783456709,-5.041667769409373e-05,0.00017063850030794858,6.476286246367285e-05
-0.00018693996389628756,-7.516952419156552e-05,0.00025175030877574653,0.00010178141330472942
-7.14661483363333e-05,-8.328559479786526e-05,0.00030168592724254956,0.00013095234787477428
5.0617173092222176e-05,-7.356986488443675e-05,0.0003073073030749468,0.0001426571292558361
0.00014460541478826354,-4.975023710685313e-05,0.0002690663436437958,0.00013104343101687232
0.00018797554159105667,-1.931870021797382e-05,0.00020085245634688526,9.52139260709476e-05
0.00017750014088476884,9.012423345295534e-06,0.00012540026371244718,3.929871942340464e-05
0.00012915238132086854,2.826570267991206e-05,6.68278420279788e-05,-2.8390230026197408e-05
7.112726232039613e-05,3.542493590351185e-05,4.282432817445843e-05,-9.683163656098049e-05
3.277801685506749e-05,3.208605222385606e-05,5.9085942229077267e-05,-0.000154117853020737
3.364337499489785e-05,2.3324528962732904e-05,0.0001078028108694451,-0.00018939868616962494
7.65550973083045e-05,1.529721756462002e-05,0.000170615411343571,-0.0001947321881667738
0.00014718484227723393,1.2613798760083977e-05,0.00022496926444680055,-0.00016659682620546844
0.00021995804834684836,1.6606057568476634e-05,0.0002517009633114379,-0.00010677787561408879
0.00026794436531133413,2.5244994501769785e-05,0.00024134011815903382,-2.235610313016355e-05
0.0002729704850053024,3.4751047860766965e-05,0.00019710125628203366,7.534808419274418e-05
0.00023225430668629213,4.219361353520468e-05,0.00013367685511764694,0.00017278517288379057
0.000159256854059715,4.789255184067699e-05,7.233116730833297e-05,0.0002567665670428706
7.862971496588723e-05,5.643033484315844e-05,3.397199697789338e-05,0.0003170322961917077
1.727655808876051e-05,7.558753720546421e-05,3.247066795398682e-05,0.00034813278037182637
-5.128471753899768e-06,0.00011335117368319113,7.034215880370249e-05,0.0003501176091293567
1.7239361784960418e-05,0.00017399653072268885,0.00013807121513333609,0.0003278681754371378
7.483507917011543e-05,0.0002547661541187903,0.0002171701911764703,0.0002893298039356193
0.00014664338446726273,0.0003446307606951382,0.0002858794978673081,0.00024323949553114272
0.00020787731992160573,0.0004259868499118007,0.0003256429163684782,0.0001970754274318013
0.0002385921140031493,0.00047912138804728777,0.0003263343647875615,0.00015582003635704667
0.00023016172896209326,0.0004882140313239563,0.0002886984742099898,0.00012178118948716682
0.00018749172743437012,0.00044694589660313513,0.0002234103057773295,9.52951409765203e-05
0.00012646688504069616,0.0003617248486052075,0.000147241383714787,7.581269893641719e-05
6.783142518991504e-05,0.0002511850709739283,7.769395828843373e-05,6.277869604924473e-05
2.98623496586837e-05,0.00014178539593351429,2.786860959594047e-05,5.588939547713641e-05
2.2444528442903738e-05,6.063411153307236e-05,3.1572875772738402e-06,5.467248143080586e-05
4.446787709277847e-05,2.766065074012951e-05,6.849337924330081e-07,5.771574753849e-05
8.515851181412195e-05,4.9581189456396547e-05,1.1490408605739806e-05,6.209535651171856e-05
0.0001285423013151955,0.00011762930472578457,2.4548120572458237e-05,6.350901577950618e-05
0.00015923180158981763,0.00020987995535531545,3.1168236417822883e-05,5.730841244257719e-05
0.00016744747367449054,0.00029755111991935685,2.8246904858834562e-05,4.017622169769498e-05
0.0001516617727190311,0.00035339678066789645,1.9277306228351242e-05,1.1806254673303308e-05
0.00011824437560116607,0.0003596294535701248,1.2823958448913113e-05,-2.419085753741842e-05
7.858218830612289e-05,0.00031295587162682526,1.9041349987765436e-05,-6.072824390852308e-05
4.494698882796e-05,0.00022522847389260626,4.549218065508036e-05,-8.910712015606827e-05
2.6637042812046642e-05,0.000119604160839426,9.376635392747729e-05,-0.00010178578549679936
2.7605761786778153e-05,2.3503398635299566e-05,0.00015813592006377848,-9.50839848231463e-05
4.6100222906126224e-05,-3.937824313262154e-05,0.00022678912754323132,-7.075795943734304e-05
7.606954361684886e-05,-5.553928958959106e-05,0.00028529780272801465,-3.5717049338242426e-05
0.00010955702194409886,-2.4734733145175168e-05,0.00032118581793014623,1.7982913499670322e-07
0.0001391254778578577,4.1096144948578924e-05,0.00032805339150046564,2.7555798978562486e-05
0.00015957491177614013,0.0001224227947285117,0.00030782275350539883,4.094437573027787e-05
0.00016864221109569674,0.000198546528888819,0.00027028034666384343,4.0893297641957484e-05
0.0001668078825478396,0.0002536926737282452,0.00023000180392362165,3.385058870078485e-05
0.0001565944911457375,0.00028087387204527383,0.0002016507156964479,2.9749019771143628e-05
0.00014175418083157932,0.00028249973155193163,0.00019522539996557806,3.8097553441193005e-05
0.00012656301999094738,0.0002678672936003305,0.00021287643740562406,6.401496314538987e-05
0.00011520812097614593,0.0002487059723302043,0.00024839934811878245,0.00010573993291444138
0.00011111870762594786,0.0002345221595962836,0.000289588225739088,0.00015465817393516814
0.00011613712492383971,0.00022942054346550468,0.0003226316534056636,0.00019796651872006099
0.0001296259222414299,0.0002314272686302299,0.00033699715782760516,0.0002230880633536494
0.0001478441080879319,0.00023436055084146253,0.00032905558038880985,0.0002222496901903575
0.000164045713836649,0.00023134767798551584,0.00030312761313427066,0.0001955171865374219
0.00016964581544624997,0.00021850911490195072,0.0002695537519611915,0.00015111666756410926
0.00015645578178541408,0.0001973150019762232,0.0002404766978074116,0.00010286500559909612
0.00011952270505685838,0.0001746558287405555,0.00022488996218246885,6.561271674969869e-05
5.9710081115719375e-05,0.0001605508616398805,0.00022482402474896583,5.035435528099214e-05
-1.4978139468724999e-05,0.00016432022965327196,0.00023417659175132497,6.078859168391038e-05
-9.00904685383704e-05,0.00019064345017667192,0.00024075653928477586,9.255674106036022e-05
-0.00014761979266831506,0.00023700615980261174,0.00023092641685396265,0.00013536411573206086
-0.00017053199129114338,0.0002935715653760696,0.000195223323350318,0.00017708988095509247
-0.0001477195199228681,0.0003456696175126049,0.00013288963136042322,0.00020824773435418852
-7.786509699267603e-05,0.00037817249747515436,5.3539862889727624e-05,0.00022506446390160867
2.9111777484249033e-05,0.00038034304707864095,-2.485132853975215e-05,0.00023003412267158627
0.0001536987162307289,0.0003495401222018013,-8.115766888980247e-05,0.00022984702191597434
0.00027127085430751047,0.0002925113837705625,-9.784730617775641e-05,0.0002316675254032316
0.00035825333130367276,0.0002237811378767209,-6.698216017244927e-05,0.00023940809081262262
0.00039824003779275743,0.00016158495031056718,6.644388926925909e-06,0.00025164191747479485
0.000386299482052773,0.00012259752940332695,0.00010642025076797229,0.0002621072496835213
0.00033020777284797806,0.00011708457114087418,0.00020869507220491203,0.0002626555387586396
0.00024825115385108064,0.00014596334479449285,0.00028990737932833876,0.00024742910165644825
0.00016424844532821872,0.00020063921279076167,0.0003337079076895721,0.00021646349469090268
0.00010123924504821014,0.00026560781384487805,0.0003357083865366485,0.00017705431734749936
7.562520985695983e-05,0.0003229652016517418,0.0003042889225772804,0.0001420739853415114
9.335073666738803e-05,0.00035742029781930855,0.00025724610264552905,0.00012565117048577405
0.00014905259329585184,0.00036031686234022967,0.00021548364856017685,0.0001377489369180478
0.00022821976116091868,0.0003315509403897225,0.00019593821474915896,0.00017973725743617366
0.00031156593536472006,0.00027896952669015395,0.0002061493870546418,0.00024280211738131528
0.00038027195540074393,0.00021561753882343865,0.00024225786324714158,0.0003100335002357043
0.0004206374895077554,0.00015581262451773545,0.0002909824424142706,0.0003616536279678421
0.0004269825423618766,0.00011129143465406325,0.0003347318293819737,0.00038161276880122
0.00040222799295547046,8.853173666158767e-05,0.0003579484019755591,0.00036317933778590877
0.0003562600901290388,8.789005575932047e-05,0.00035242495929894274,0.00031143723570172855
0.0003027476429984112,0.00010457948910441249,0.0003197887152624832,0.00024169193298502305
0.0002553942139746761,0.00013095420003224643,0.0002704225355103431,0.00017428101349983356
0.00022462429427988874,0.00015923525133991633,0.00021938582827159769,0.00012762362229219043
0.00021546451434068057,0.00018378707689155563,0.0001809350064306105,0.00011201507478599384
0.0002269904318009234,0.00020230895111192988,0.00016366237567518656,0.0001264139297471343
0.0002532873599099686,0.0002157285797850852,0.00016794654347061268,0.00015936737036520692
0.00028552374443184596,0.0002270221076621536,0.0001864869370812831,0.00019368682318938514
0.0003145228376172126,0.00023949682157728953,0.00020754123132040922,0.00021309660849324713
0.00033316529173882067,0.00025517709948063606,0.0002195295009268363,0.00020835858426689405
0.0003380499525886024,0.0002738245120421409,0.00021525293944428563,0.00018059641753908885
0.0003300488851938522,0.0002928612685045561,0.00019422373622176258,0.0001406182488761762
0.00031366972582754925,0.0003081530119875416,0.00016238939874792447,0.0001045558061681484
0.00029543077825487413,0.0003153441892521735,0.0001295383883047421,8.752409154063798e-05
0.0002817040652618848,0.00031129812242112727,0.00010550821004479753,9.773490609987567e-05
0.0002766313596618813,0.0002951985630830088,9.667939173183855e-05,0.00013329897935213933
0.00028072196244363927,0.0002689981554320532,0.00010402081396206599,0.0001829090660166852
0.00029057976697452253,0.00023709959690530448,0.00012327179884940947,0.00023011349336616807
0.00029990384211475333,0.0002053656504559127,0.00014699274198212367,0.00025953281675446515
0.00030153100219258494,0.00017972189932547947,0.00016752831794307797,0.00026265374797886776
0.0002899456195246206,0.00016470832299625944,0.00017966163814742944,0.00024101816923980602
0.0002634835300680314,0.00016234111899086781,0.00018197115538143,0.00020562917133001843
0.00022548503295750713,0.0001715710817238532,0.00017651044523252858,0.00017282957807771674
0.00018392383996252066,0.00018848777454771794,0.00016714733544509805,0.00015822423139486596
0.00014949092316321965,0.00020724626918518728,0.0001574262494147463,0.0001709224908925874
0.00013261193729400414,0.00022151800779661739,0.0001489496879700751,0.0002102189558968851
0.0001402611848287965,0.00022612610303669522,0.00014097578473871671,0.00026588609539241056
0.00017356498044892628,0.00021845438949284198,0.00013134253339555922,0.0003218939495952506
0.00022699949536335903,0.00019924606506091774,0.00011821441998551067,0.0003621173833605738
0.00028952404641580164,0.0001725393627726357,0.00010176814414516867,0.0003759055192564674
0.0003473895824243521,0.00014470353682749466,8.495118996398751e-05,0.00036150898661282016
0.0003878184216657198,0.0001227881129836834,7.285146667853948e-05,0.00032621669602388213
0.00040244989455841317,0.00011261156855382867,7.083558086017387e-05,0.00028330046026478093
0.00038949714497100746,0.00011712215294558496,8.218385874343953e-05,0.0002470248704949235
0.0003539560838006138,0.00013551773685192289,0.0001062268216874234,0.0002276247132580608
0.0003058233943364676,0.00016341226077766057,0.00013784545691989048,0.0002280661638128464
0.000256913844846407,0.00019403376868732796,0.00016868397885213827,0.0002436571169170174
0.0002173064700749299,0.00022012338448006694,0.00018974102699375377,0.0002644679233209236
0.00019254750177392433,0.00023597848473064963,0.00019442888836912378,0.0002794948887315882
0.00018246433081656503,0.00023902636926254492,0.0001809577344591683,0.0002809233054310847
0.00018189521776160346,0.00023045345286316484,0.00015311562677370466,0.0002669125312769143
0.00018300294896205448,0.0002147097825478601,0.00011910015581497217,0.0002419700000845548
0.00017833285842227338,0.0001980642618940078,8.878970577260402e-05,0.00021492853419339343
0.00016356390495146384,0.0001866830963723968,7.043611107420908e-05,0.0001954203213040969
0.00013904781108206186,0.0001848415377094639,6.798253947994652e-05,0.00019023007539210236
0.0001096735766574744,0.00019381103436225892,7.997224029565489e-05,0.00020085628124343597
8.317213231564996e-05,0.00021171723715472277,0.00010040708830102388,0.00022307456867141668
6.74880393058591e-05,0.0002343294693212337,0.00012117581962512076,0.00024851805104252674
6.812286983998124e-05,0.00025644016714645193,0.0001350880772337608,0.00026757448411193286
8.631754218519497e-05,0.0002733296607208053,0.00013834755231735953,0.00027250629303680483
0.00011861958808791266,0.00028183929588491405,0.00013155074671022406,0.0002597385896838038
0.00015790195987061466,0.00028077282225152315,0.00011890269346390099,0.00023066941888116136
0.00019543361735643275,0.00027062706438090714,0.00010605515581234228,0.0001909397185014928
0.00022330266227022768,0.00025290390768781875,9.751261701769622e-05,0.00014861896366428275
0.00023644477872244226,0.0002293790398103779,9.470372768075915e-05,0.00011203289895233019
0.00023372467939600217,0.00020165671896558548,9.55225196919249e-05,8.792091540817245e-05
0.00021786580470906384,0.00017115376965169161,9.55238899847692e-05,8.033327150669053e-05
0.00019439109034675702,0.0001394180090316643,9.026103213512107e-05,9.031947350120672e-05
0.00017000158934603294,0.00010850511729951261,7.775953013129471e-05,0.00011618447394599223
0.00015090844139270337,8.10966327707167e-05,6.0034904581498534e-05,0.00015400008254266623
0.00014154687450369297,6.016156773544143e-05,4.291907992309387e-05,0.00019815395381314214
0.000143900524316702,4.819426243188904e-05,3.413111207822001e-05,0.00024190616188000485
0.00015744271444129995,4.629884711659281e-05,4.024816558534871e-05,0.000278074644508689
0.00017954145204984815,5.3524771358716915e-05,6.371973678545204e-05,0.00029998656857793747
0.00020611903953868618,6.68168813458865e-05,0.00010112377282133714,0.0003026937316804052
0.00023239587238139367,8.172935106691784e-05,0.0001434541243472441,0.0002842268442427201
0.00025363180638543183,9.374401421404833e-05,0.00017849974982099489,0.0002464812882541802
0.0002658462177849933,9.975642758942171e-05,0.0001945967136038273,0.00019530371507467284
0.0002665073839237213,9.916989102790985e-05,0.00018449639035077417,0.00013953443735209364
0.0002551299628138393,9.413521196549265e-05,0.00014800186122815371,8.910606156481416e-05
0.00023364265017163793,8.877091959789529e-05,9.241917897078837e-05,5.267145922127083e-05
0.00020634398996294455,8.758881165501001e-05,3.061166798153983e-05,3.547257445364073e-05
0.0001793018503044682,9.368086072781146e-05,-2.2732452182134372e-05,3.814730168611721e-05
0.0001591851146693736,0.00010735702124114858,-5.5400107365086214e-05,5.688572645847357e-05
0.00015171144230105636,0.00012579209168069592,-6.112073565347272e-05,8.488497645445985e-05
0.00016008118670630744,0.0001438791368730928,-4.1104143778978284e-05,0.00011458945174042978
0.0001838624564327647,0.00015602696207218502,-3.2236633742914857e-06,0.00013992509991167445
0.00021873735537827828,0.00015825662840557666,4.078511229035632e-05,0.00015775872390953518
0.0002573079053700705,0.00014980228684167225,7.910085336597169e-05,0.00016813201081530588
0.0002908461873099397,0.00013357524599656414,0.00010329173613925425,0.00017330904847660786
0.00031155718352496824,0.00011526098028660838,0.00011039219186251574,0.00017613746130668543
0.0003147169807669643,0.00010133697031673428,0.0001030248580923313,0.0001784684169619624
0.0003000362495116428,9.672650403360761e-05,8.770638586204572e-05,0.00018031007021853822
0.0002717995941017917,0.00010296937094692724,7.207497989430989e-05,0.0001800352031951926
0.0002376916895811714,0.00011762041599841992,6.208004204147366e-05,0.00017547974275645582
0.00020662831424211848,0.0001351357322473342,6.009616878244e-05,0.00016536403384421843
0.00018623001258790453,0.0001489403050630462,6.452042243000687e-05,0.00015032057980835162
0.00018069862759891882,0.0001539068964658568,7.084874350128992e-05,0.00013298869389820008
0.00018973676911062667,0.0001482975582274028,7.371355124649202e-05,0.00011706554351950812
0.00020882327152207974,0.0001344041732449618,6.907504078023855e-05,0.00010569900017698154
0.0002307301072770689,0.00011761128214485262,5.5775252044243184e-05,9.994971821162125e-05
0.0002477789826308421,0.0001042123730013529,3.595404803257342e-05,9.80767275513071e-05
0.0002541163617821137,9.880700861855868e-05,1.4264156697679149e-05,9.608333148706637e-05
0.00024730423246801045,0.00010229501300966222,-3.7572590162641235e-06,8.941922456796511e-05
0.00022876995359629696,0.00011128381101266327,-1.3543986131094482e-05,7.519594114692218e-05
0.00020304493337307337,0.00011920260313271445,-1.2941943800381906e-05,5.397356226365921e-05
0.00017611591556895053,0.0001187649648550982,-2.789248370041442e-06,3.026515597097951e-05
0.00015348211770266948,0.00010488669290517377,1.348765242442277e-05,1.1372337645621585e-05
0.0001385701373327305,7.695589209973558e-05,3.1053682773751724e-05,4.839295746158248e-06
0.0001319948243578641,3.955538726511265e-05,4.518524104290671e-05,1.5423909161642866e-05
0.00013183346126493948,1.2863197415611367e-06,5.2632946800560635e-05,4.2772800817729813e-05
0.00013472010686293293,-2.796293802181021e-05,5.2430469808719717e-05,8.08101802944474e-05
0.00013729425778206717,-4.037398234233935e-05,4.5963029789763965e-05,0.0001192491668896367
0.00013744544961668555,-3.299850645398797e-05,3.634746933084388e-05,0.00014682566002175524
0.00013490871221932365,-8.991407456823153e-06,2.7366407854482306e-05,0.00015515137095871846
0.0001310363355390893,2.319206588904848e-05,2.2294513379362364e-05,0.000141770794346127
0.00012789534509569437,5.239116346854062e-05,2.294545928126164e-05,0.00011123051558010598
0.0001270966383081837,6.82562191106574e-05,2.9175430268675687e-05,7.366609546586238e-05
0.00012885700469413334,6.450192444240892e-05,3.89417462868355e-05,4.1330355259089954e-05
0.0001316959458418439,4.0817692579252045e-05,4.887291759317813e-05,2.4279224926063576e-05
0.0001329142091657471,2.8355148188039295e-06,5.518931177213595e-05,2.678686618008726e-05
0.00012968678883341775,-3.976984326971994e-05,5.473925174713995e-05,4.583032306579329e-05
0.00012034864507965662,-7.634964648252064e-05,4.589173402483896e-05,7.223854443178229e-05
0.00010535413705720277,-9.846540486455546e-05,2.9056287467935213e-05,9.411441268838729e-05
8.749148398888855e-05,-0.0001021612949687542,6.680518638833822e-06,0.00010128276116148963
7.119900316619266e-05,-8.86750037022544e-05,-1.730271250222114e-05,8.91198762645416e-05
6.116590628701539e-05,-6.351034680004538e-05,-3.84641723791081e-05,6.0337424150664097e-05
6.068394043947712e-05,-3.4347081991989046e-05,-5.305817116959307e-05,2.4049610638106648e-05
7.033981032128614e-05,-8.599627743249909e-06,-5.90690445020195e-05,-7.535861949350899e-06
8.755015329166656e-05,8.544802564553774e-06,-5.68059049805652e-05,-2.3576389327132415e-05
0.00010716464365116124,1.5053696827230418e-05,-4.8833197514950926e-05,-1.855034994223215e-05
0.00012299158130006296,1.1826806576804483e-05,-3.92122590217344e-05,5.7472004197209035e-06
0.00012976462378414113,1.631019970376398e-06,-3.2247899385129744e-05,4.088728332787039e-05
0.00012489123209455323,-1.225125305659032e-05,-3.111296047897429e-05,7.488487430946795e-05
0.00010937235108586188,-2.7103810653160215e-05,-3.6795092151306716e-05,9.650411035353108e-05
8.754916418353268e-05,-4.125052456271206e-05,-4.7735651241301855e-05,9.918721372317594e-05
6.572888476226701e-05,-5.390548352669918e-05,-6.0321411475349135e-05,8.317407505174909e-05
5.013115491849413e-05,-6.466316557586418e-05,-7.01072575826699e-05,5.508237443506641e-05
4.484198895599705e-05,-7.301438946657123e-05,-7.338707221361747e-05,2.5179124988068896e-05
5.047324507793912e-05,-7.820008667892828e-05,-6.858613963787438e-05,3.4266090848218895e-06
6.399315414840599e-05,-7.949553518991812e-05,-5.6981747304863555e-05,-4.189499162560024e-06
7.97943455221447e-05,-7.676414371473652e-05,-4.246853005760427e-05,2.306004365276493e-06
9.163753154174567e-05,-7.095370059715436e-05,-3.0405786517571237e-05,1.7181596546667692e-05
9.480189408869868e-05,-6.420696383873344e-05,-2.590545758371864e-05,3.144113884405892e-05
8.76972271793358e-05,-5.942345650309193e-05,-3.2126084948267845e-05,3.641014825161838e-05
7.237771276256822e-05,-5.9365454561067875e-05,-4.915164615287977e-05,2.707782545873343e-05
5.3780326087431434e-05,-6.563175316040565e-05,-7.384453279980888e-05,3.948758543710412e-06
3.795847628343797e-05,-7.792117421172025e-05,-0.00010073298865514806,-2.723524965481469e-05
2.993532308038084e-05,-9.392419028352028e-05,-0.00012364108255616838,-5.771815010649668e-05
3.1934892182921166e-05,-0.00010994484538777801,-0.0001375196961308909,-7.8989794958678e-05
4.261383115689497e-05,-0.00012206279756047988,-0.000139879101177588,-8.582470193775355e-05
5.7559522444859966e-05,-0.0001274194458999533,-0.0001313761706598267,-7.797929772616294e-05
7.086831724551683e-05,-0.0001251493796373137,-0.00011541340370341868,-5.9982181137617204e-05
7.723270715642384e-05,-0.00011660810846527965,-9.694903264361079e-05,-3.9194425953010376e-05
7.378680422490754e-05,-0.00010481828412815499,-8.097213246845044e-05,-2.2957191898201245e-05
6.105046025625609e-05,-9.335924405058866e-05,-7.117438638860866e-05,-1.594388595838823e-05
4.264107684778549e-05,-8.513528130982937e-05,-6.923073641648764e-05,-1.8696505718886186e-05
2.3869768519617016e-05,-8.149146480035978e-05,-7.483975215201276e-05,-2.782476195741597e-05
9.742759586898347e-06,-8.199072699676118e-05,-8.637858388295061e-05,-3.7691148002058595e-05
3.1029318331822833e-06,-8.488906196346094e-05,-0.0001018131975136487,-4.285246791070629e-05
3.5925549173818636e-06,-8.806350229811325e-05,-0.00011945155933728019,-4.028280468689773e-05
7.816273312559116e-06,-8.997706654984025e-05,-0.0001382473843353116,-3.0540584588041944e-05
1.0643737896436404e-05,-9.027444479905593e-05,-0.00015759635090112665,-1.748903439456476e-05
7.1744213115987636e-06,-8.97831416042695e-05,-0.00017681166462981643,-6.747420979594915e-06
-5.354840491981572e-06,-8.996575452936771e-05,-0.00019461617353267753,-3.5177433010930665e-06
-2.6418380232601756e-05,-9.211118212974279e-05,-0.00020898035506314362,-1.0628182121200601e-05
-5.223024598516447e-05,-9.666061291935051e-05,-0.00021747367083641467,-2.7504693995346135e-05
-7.694895056230272e-05,-0.0001029918631168501,-0.00021805102090249016,-5.039723197014249e-05
-9.463056094218573e-05,-0.00010976577754384393,-0.00020997286448996128,-7.370971833549735e-05
-0.00010123604373702734,-0.00011566901320538133,-0.00019445568920962503,-9.189765227497477e-05
-9.59855161836135e-05,-0.0001201897793270373,-0.00017471832942462243,-0.0001012385683944022
-8.159348430139066e-05,-0.00012402870885877044,-0.00015530791984310366,-0.00010088589011184379
-6.332400931299793e-05,-0.00012889741747150945,-0.0001408726194345077,-9.29210694341341e-05
-4.7223451046056074e-05,-0.00013673243224465023,-0.0001347826300536688,-8.148975911455849e-05
-3.816895094011137e-05,-0.00014863428431761516,-0.00013808893673631587,-7.140285385985585e-05
-3.8414630200640115e-05,-0.00016400446755986136,-0.00014920959996652554,-6.670619897687643e-05
-4.7114924501891935e-05,-0.00018031646363278074,-0.00016447945497749061,-6.965466487132926e-05
-6.0936472341307113e-05,-0.00019372340917051304,-0.0001793858835564858,-8.032277762190775e-05
-7.547606026066043e-05,-0.00020036162703089035,-0.00019006100047500341,-9.684301566973384e-05
-8.692732752105215e-05,-0.0001978953051728796,-0.0001945067650955051,-0.00011607890860030885
-9.337972818758325e-05,-0.0001866976156802133,-0.0001931307027577992,-0.00013446689085202103
-9.530298712773482e-05,-0.00017015097089318965,-0.0001884270404767489,-0.0001487960673555187
-9.509663273916588e-05,-0.00015385319392354537,-0.00018395199063929525,-0.00015679166651310332
-9.593888602402547e-05,-0.00014392690740381604,-0.0001829926372223196,-0.00015746430639048499
-0.00010041811717199288,-0.0001449881782264156,-0.0001874226569494172,-0.00015123929132984426
-0.00010948415193830413,-0.00015849343214097952,-0.00019714378419960287,-0.00013988099456077526
-0.00012210414957651138,-0.0001820793582763599,-0.00021027199142712434,-0.00012620491694056123
-0.00013571599301120463,-0.0002101703111990732,-0.0002239396690553508,-0.0001135662996562398
-0.00014725920667146993,-0.00023567567485346404,-0.00023536296570529245,-0.00010515750046745942
-0.00015435094955968114,-0.00025220539842807913,-0.00024275038923530752,-0.00010323130658052586
-0.000156140655704511,-0.00025604477374394574,-0.00024572608368421465,-0.00010845369712641494
-0.0001535270635603428,-0.0002472201863589318,-0.00024516134816473384,-0.00011962125194117488
-0.00014868914077810234,-0.00022932049787618682,-0.0002425558269018934,-0.00013391400787089242
-0.00014415738982462048,-0.00020818630549137202,-0.00023928272895370236,-0.00014769387393354208
-0.00014182476491410257,-0.00018997216190626688,-0.0002360424745503734,-0.00015765134820799225
-0.00014230162978043413,-0.00017927990528869908,-0.0002327501041883603,-0.00016193301010869452
-0.00014486034152904833,-0.00017798970353487476,-0.00022887020865867754,-0.00016083213027271093
-0.00014796130085784547,-0.0001851179173130145,-0.0002240033895058956,-0.0001567376734798231
-0.00015010926294706012,-0.00019763163113946792,-0.00021841205025597757,-0.0001532901141431841
-0.00015065531159773432,-0.00021180704047781397,-0.0002132008958669187,-0.00015399861469621092
-0.00015018884227888538,-0.00022456167523190323,-0.0002100265818427902,-0.00016081221761365174
-0.00015034114311393912,-0.00023426796889532898,-0.0002104320396154011,-0.00017320176220456078
-0.0001530735535324649,-0.00024082101955127488,-0.00021508700701443264,-0.00018815530521884644
-0.00015974505706598945,-0.00024506618841600643,-0.00022328378174028441,-0.00020116056380656532
-0.00017035544172974677,-0.00024795070350157946,-0.00023295225125647643,-0.00020786222756526883
-0.00018329893909988413,-0.000249843808955236,-0.00024125166468231954,-0.00020579160615964736
-0.0001957633968638191,-0.0002503481409220788,-0.0002455521921141677,-0.0001954950542505485
-0.00020465131159135992,-0.00024866417502276137,-0.0002444395869759968,-0.00018057935999505177
-0.00020768497895806774,-0.0002442910571541105,-0.0002383398509927993,-0.0001665866241527523
-0.00020427451161418635,-0.00023767689944532305,-0.00022948900996996814,-0.00015906274152117664
-0.00019580869155199563,-0.00023044591798268964,-0.00022121971125367557,-0.0001615162224583941
-0.0001852436229548758,-0.00022502241812771904,-0.00021680506928320882,-0.00017404034740517758
-0.00017612938942948299,-0.00022375694694799276,-0.0002182830591962936,-0.00019314999738259377
-0.0001714274128685026,-0.00022790998885575812,-0.00022570595050114397,-0.00021293997697329354
-0.0001725490519981253,-0.00023694869151884106,-0.0002371064229306804,-0.00022717028584132566
-0.00017896015090795097,-0.00024851111449270273,-0.00024920225213873666,-0.00023151959916127243
-0.0001884813395480418,-0.0002591262609540633,-0.00025857940465023454,-0.00022516686972441717
-0.00019815378753396576,-0.000265456009337018,-0.0002629097361914149,-0.00021110073214700322
-0.00020533468593593538,-0.0002655844717871763,-0.00026174686318865986,-0.00019503043192367554
-0.00020861286059402828,-0.00025982861961420443,-0.000256607561226962,-0.00018330015911997122
-0.00020821725155920968,-0.00025071177805441157,-0.00025032204307759486,-0.00018058699235711857
-0.00020579364027703692,-0.00024206737569640546,-0.0002459163624758892,-0.00018824352427649618
-0.00020366698187442004,-0.00023759405591881644,-0.0002454645919079656,-0.00020389712261897804
-0.00020389447780952457,-0.00023941890731387117,-0.00024935026614004703,-0.00022243497836890329
-0.00020747856302458733,-0.0002472417954169081,-0.00025620744884350896,-0.00023797541937476468
-0.0002140298265083762,-0.00025841717787689696,-0.0002635406962175165,-0.000246056938680351
-0.00022198393934504584,-0.0002689625595636672,-0.0002687585441656225,-0.0002452091468533525
-0.00022926001136587226,-0.000275110899031738,-0.0002702011331902319,-0.0002373272187599596
-0.00023408511554181505,-0.0002747988825647817,-0.0002677578031114647,-0.00022674838640060138
-0.00023566101502824484,-0.00026849830874084695,-0.00026284522722563744,-0.00021843527523252558
-0.00023442742725258593,-0.0002590518128308187,-0.0002577778260411821,-0.00021600688852605872
-0.00023184453152904757,-0.0002505677647582281,-0.0002548036149420535,-0.00022039454311490104
-0.00022980575994378908,-0.00024680538959687376,-0.00025520414169431587,-0.00022962869618787607
-0.00022992601376178696,-0.00024968817086851007,-0.00025881909819517804,-0.00023979773701696035
-0.0002329814232924342,-0.0002585365066019544,-0.0002641737188102186,-0.00024675107002803754
-0.00023869898415372767,-0.0002703264767008196,-0.0002691372840205444,-0.0002478338825472106
-0.0002459453840822171,-0.00028087336890936893,-0.00027182671075377487,-0.000242950156303847
-0.00025320745840701724,-0.0002864699223593001,-0.0002713766879476426,-0.0002345433416933115
-0.0002591544298306088,-0.0002853284060469224,-0.0002682622455517271,-0.00022653571509792525
-0.00026306092305264736,-0.0002782555776848148,-0.00026405150617207275,-0.0002226908215235682
-0.00026494710674370304,-0.000268298071999269,-0.0002607045845527932,-0.00022508665534893838
-0.00026541992729699296,-0.00025950840058262673,-0.0002597204906186657,-0.00023332337285421727
-0.0002653211402361988,-0.00025533213618545835,-0.00026149183896306263,-0.00024477055865562177
-0.0002653539855157421,-0.0002572640907293673,-0.0002651352887162221,-0.0002557217280755983
-0.00026584784695983597,-0.00026430697652697876,-0.0002688640308614454,-0.0002629507257089757
-0.0002667408135768471,-0.00027343777399150627,-0.000270742088606824,-0.00026500935118250687
-0.000267753264324784,-0.00028087883513305497,-0.0002695027169599979,-0.0002627287682026064
-0.00026864034681594814,-0.00028364836905094535,-0.0002650891798588669,-0.00025873330900741897
-0.0002693841830981983,-0.000280758390361674,-0.0002586941890948535,-0.0002561963225458395
-0.00027022677273912094,-0.00027357903432824823,-0.0002522840370906169,-0.0002573862163133237
-0.00027153027366977653,-0.00026523298514042324,-0.0002478071907058752,-0.0002626339110553533
-0.000273541067875011,-0.0002592806594830379,-0.00024641621202308394,-0.00027016745448616233
-0.0002761853627302052,-0.00025824347657552103,-0.00024802351131462843,-0.0002768854302281905
-0.00027901289471231566,-0.00026257282919396147,-0.00025137018257881735,-0.00027973695445517824
-0.000281336416002457,-0.0002704833568298848,-0.0002545726741753648,-0.00027711347625144036
-0.00028251957896280875,-0.0002787101038683841,-0.0002559139556432421,-0.0002696476082424963
-0.0002822886388582881,-0.00028386859424343446,-0.0002545464425916133,-0.00026006175870854495
-0.0002809208559133075,-0.000283851204022082,-0.0002508140432869647,-0.0002521108505693315
-0.0002792074056437064,-0.00027868262469696737,-0.0002460628643744233,-0.00024905010973171927
-0.000278183590657277,-0.0002704846776917161,-0.00024202615402468315,-0.0002522674314261406
-0.000278723601726332,-0.0002625712697687837,-0.00024004849460380851,-0.00026066080636392714
-0.0002811646527839008,-0.00025805434760995717,-0.00024048202142400524,-0.00027103709545683863
-0.00028512421827049623,-0.0002585426875314028,-0.00024251510725374886,-0.0002793844382168331
-0.0002896014984176199,-0.00026347473390125886,-0.0002445115404062007,-0.0002825032314933209
-0.0002933383929647753,-0.0002703619352356131,-0.00024472177646640446,-0.0002793240652805447
-0.00029530424018924895,-0.00027584012599484256,-0.00024206785850036877,-0.0002713625974517976
-0.00029511010804958296,-0.0002770904597930609,-0.0002366674419897602,-0.0002621130160518812
-0.0002931794128757776,-0.0002730373273461776,-0.00022986618738129148,-0.000255619273959855
-0.00029059607429574995,-0.0002648223896744641,-0.0002237496290434125,-0.00025480573716301166
-0.00028868200291853625,-0.0002553534966052401,-0.00022032253192929424,-0.00026025352683981266
-0.00028846885362847406,-0.00024811101712338005,-0.00022068588839838695,-0.00026993059374385593
-0.0002902769405855173,-0.00024570327218922944,-0.00022454950600858583,-0.00027999427255536564
-0.00029357536107580686,-0.00024876925699764965,-0.0002302869936309463,-0.00028634429298067017
-0.0002971858024981509,-0.0002556861342384553,-0.00023552242416781388,-0.0002862936471084067
-0.0002997528735847578,-0.00026320855728186184,-0.00023802240516807363,-0.0002796730587372558
-0.00030029330604730613,-0.0002677826597634789,-0.00023654177512272972,-0.0002689144372569356
-0.0002986011644291717,-0.0002669979253534492,-0.00023128730695343158,-0.00025807601898006875
-0.0002953420174666408,-0.00026058073252897026,-0.00022381563955184772,-0.00025120561942542876
-0.0002917941930871908,-0.00025051924905683596,-0.00021640786836569018,-0.0002507100769140046
-0.0002893391328621135,-0.00024026463776389336,-0.00021117217371477773,-0.00025639653883971166
-0.0002889064756881432,-0.00023333245295173487,-0.00020923296826780985,-0.0002655754748368885
-0.0002905997613075373,-0.00023187490473868238,-0.00021032724756484683,-0.0002741795547730265
-0.00029365639416641034,-0.0002358076959446875,-0.00021296207145589732,-0.0002784361255644831
-0.00029675963877843093,-0.00024284871285471833,-0.00021505967310182783,-0.0002764053191659866
-0.00029857630194131694,-0.0002494526913624706,-0.0002148212008623654,-0.00026875353528352664
-0.00029830062214906375,-0.0002522591497357493,-0.00021145563948956475,-0.0002584489808355805
-0.0002959814002133149,-0.0002494609200957218,-0.00020548041192395422,-0.00024951104557583456
-0.0002924975625926506,-0.0002415336795982114,-0.0001984788262783671,-0.000245334752806416
-0.00028919139011559874,-0.00023102934588346835,-0.0001924229513126166,-0.00024728474709466495
-0.00028730955953037957,-0.0002215202439412485,-0.00018884699656273804,-0.00025413918663339755
-0.0002874818762257038,-0.00021612888896321153,-0.0001882140488212343,-0.0002626102307908139
-0.0002894529774319324,-0.00021624730485777025,-0.00018973544710253892,-0.0002687212669684686
-0.0002921789325454659,-0.00022097081543283673,-0.00019171266756747712,-0.0002694665382703583
-0.00029425075790628,-0.0002274769442528815,-0.00019225505109570808,-0.0002640630256910076
-0.0002944719825210434,-0.00023219157775649507,-0.000190072380436102,-0.00025427494373942826
-0.0002923532007643422,-0.0002322615647948334,-0.00018501238872525253,-0.00024367703217267715
-0.0002883197584911209,-0.00022672801282309918,-0.00017812093712978733,-0.00023616380762845647
-0.0002835460019832668,-0.00021691870416531284,-0.00017120166487007496,-0.00023432513840626612
-0.00027948281841542934,-0.00020589987503456114,-0.0001660597295164018,-0.00023836402439360999
-0.0002772714444266842,-0.00019721449196139634,-0.00016374489142700205,-0.0002460072840633036
-0.0002772836147909726,-0.00019342698883003523,-0.00016410889770649556,-0.0002534473871241942
-0.00027897647059159413,-0.00019507296870374669,-0.0001658613665415712,-0.00025692506644426835
-0.0002811213403036807,-0.0002004446994044659,-0.00016710151632372272,-0.0002542955187936728
-0.0002823117340907573,-0.00020629871514711573,-0.00016610578894447892,-0.00024592687079531134
-0.00028154104680968607,-0.00020919247887988407,-0.0001620452381121129,-0.0002345559882912067
-0.0002786119897253301,-0.0002068989699443545,-0.00015533529508907074,-0.00022415922040148334
-0.00027420951126375104,-0.00019931720936349276,-0.00014747222881740518,-0.00021830495920926313
-0.0002696081997201564,-0.0001885054193885797,-0.00014042258166972743,-0.00021867103955176131
-0.00026613638218376916,-0.00017782543411934675,-0.00013581656469809078,-0.00022434299004663733
-0.0002646197873405493,-0.0001705528927953186,-0.000134277619571202,-0.0002321863188043949
-0.0002650359943819694,-0.00016852699707700473,-0.00013516459917624346,-0.00023814089184789194
-0.00026652336630124743,-0.00017139614985414026,-0.00013683327599614548,-0.0002389025049550006
-0.0002677409076146768,-0.00017676917784729268,-0.00013731011705525598,-0.00023329494598683248
-0.0002674294832310173,-0.00018120800820736055,-0.00013510153506000877,-0.000222762724822613
-0.0002649407031560559,-0.0001816508291249061,-0.00012980602410850306,-0.00021077813349596256
-0.0002605126201829788,-0.00017667781593311283,-0.0001222776537250607,-0.00020140609907732393
-0.00025517615256125115,-0.00016709717935249613,-0.00011427391071697213,-0.00019762005148176928
-0.000250329586446843,-0.00015561025945912133,-0.00010773287517850186,-0.00020006653010260812
-0.0002471570118436975,-0.00014569460745217366,-0.00010397697468293612,-0.00020679169217154264
-0.00024613244003320045,-0.00014016661385930773,-0.00010317050662077883,-0.00021404520883848768
-0.000246816911089881,-0.0001400172642014308,-0.00010425354436964691,-0.00021783067369861991
-0.00024803497718002554,-0.0001440016966771096,-0.00010537887149321065,-0.00021556152374920326
-0.0002483594080243262,-0.0001491520723190115,-0.00010467187502317607,-0.00020713638944700602
