ch0,ch1,ch2,ch3
0.0013216954718112822,0.0057490824904631865,0.006254980789622659,-0.0030391964527825936
-0.003689619752274817,0.0024848753629352904,0.008849012872752655,-0.002311005462352165
-0.007416324478072361,-0.002790248156373548,0.009566014892262185,9.031584183947713e-05
-0.008313768906219848,-0.007890828493835565,0.008103529516870663,0.0031734091846239085
-0.00600738443503282,-0.010701533912944962,0.005060855865564602,0.005665650037562867
-0.0014504316182976235,-0.010053185350162887,0.00168994828686906,0.0065380989305058555
0.0034683273938508896,-0.006207625660784525,-0.0006233711220691406,0.005429934616188556
0.006705625122575758,-0.0007503160488546256,-0.0009328549263753309,0.002797443638932133
0.006910537071953923,0.004065335956298863,0.0008773579301323085,-0.0002737893196686353
0.003986359698750108,0.006250797677100954,0.004045904654552271,-0.0025160499692466146
-0.0008660184737386833,0.004906232636649771,0.007250144626558907,-0.0030017577321112847
-0.005642483486393207,0.0005939803876759825,0.009153657855530172,-0.0015256943436289814
-0.008364269906754068,-0.004893403444908316,0.00895858469818886,0.0013101746902612482
-0.007898254736516258,-0.00927496987516754,0.006734541931781274,0.004344126248325775
-0.004429082341454393,-0.010726155774837022,0.0033886584736083983,0.0063323919944332195
0.000613367213182359,-0.00863522479883377,0.0002898597189110244,0.006460461911450486
0.005142523545171897,-0.0038577323970342206,-0.001296661780563771,0.00467758430495094
0.007277240506221933,0.0016369124100367657,-0.0007308336707503998,0.001716970584560766
0.006121140062061428,0.005580872918130711,0.0017401554346888337,-0.0012063667334166958
0.002136259326394059,0.0063477255092576,0.0050863972698024645,-0.0028955906124106395
-0.0030446994588965853,0.0036271846024747215,0.007922178949780869,-0.002664021505296245
-0.007291121803036954,-0.0014453552589935442,0.009077980768727813,-0.0006167940992041696
-0.008854844264449158,-0.006758798508243881,0.008080943622201589,0.0023934612085314555
-0.007094138647537274,-0.01010161404053981,0.005345819446936212,0.005118431461676627
-0.0027412502861062435,-0.010079771485499631,0.0019987199172225786,0.006428578265801052
0.002398265060804431,-0.006696498497249806,-0.0005920289659182357,0.00577870865787828
0.006191160189128717,-0.0013527340780095307,-0.0013828627143507109,0.0034334429827724625
0.007059340435109765,0.0037328440998559836,-8.501285485901233e-05,0.0003601698876202694
0.004634732194237295,0.006444438275762132,0.0027196891431002096,-0.0021663523249561417
-8.540971949007325e-05,0.00564876031840688,0.005823947672657405,-0.0030854063951572253
-0.00514808783153909,0.0016682943591201788,0.007898346658821213,-0.0019840601260673538
-0.008450653543037465,-0.00384922374538485,0.008043722374875266,0.0007340439088688519
-0.008610558756592057,-0.00861222483115126,0.006163804994518006,0.004013208210471707
-0.0055389660091778314,-0.010635797526612527,0.003004456722022545,0.006575295194364582
-0.0004803909856026384,-0.00906694637028102,-0.00015577639310597122,0.0074380956679843055
0.004498781159370767,-0.004541306132697041,-0.0020348311686366645,0.006310618312542718
0.007361929727654745,0.0010782360252112096,-0.0018766018901053005,0.003704825298852788
0.006941905713056688,0.005474064580507421,0.00023810693828948092,0.0007200787387377922
0.0034212902450344723,0.006837666400186956,0.003426925906858898,-0.0014094843967899923
-0.0017457378700832804,0.004624224113728211,0.006371775058244648,-0.001818230055899206
-0.006437604323527024,-0.000217068180038308,0.007862904980241704,-0.0003572545566196822
-0.008745100048067167,-0.005635156634216515,0.0072957294452306205,0.0023531283549316218
-0.0077616160274434215,-0.009331275201441655,0.004915431451009171,0.005185261931788643
-0.003955572151079785,-0.009721419645600901,0.001709393418707992,0.006970332956188444
0.0010300042986925995,-0.0066063243707975144,-0.0010064846527434515,0.0069763383814056695
0.005067752681412275,-0.0012673519138565667,-0.002135082196097725,0.005202426616551431
0.0064389984783402585,0.00405627252205517,-0.001251835619479752,0.002371406351223602
0.004557183874847506,0.00709634938310038,0.0012226334651168347,-0.00037294435481916716
0.00021887037174708572,0.0065075664486555634,0.004201675318432402,-0.0019363737457552752
-0.004724634560517506,0.0024463494919770117,0.006388337718362995,-0.0017179389579026205
-0.00814066259044091,-0.0034679978506113145,0.006818123328987763,0.00015391287469154746
-0.008512689423476032,-0.008800734634052346,0.0052636071534687065,0.00288624050115599
-0.0055872239834294825,-0.011296547740293997,0.002333273628344297,0.005355840895416335
-0.0004973242963424683,-0.009814656623507126,-0.0007764192363783062,0.006571003710709617
0.0046937191268074906,-0.004817918826272333,-0.0027734748902189903,0.006068847484115699
0.007843611684700016,0.0017899975958472758,-0.002804293166404079,0.004086203168805695
0.007626001387240934,0.007419018168525922,-0.0008092995280958581,0.001438566640685951
0.00409640867418337,0.00983515514497674,0.002445817477280912,-0.0008360479771675269
-0.001310402715980324,0.00806770256556403,0.005675826233467171,-0.001914641984672047
-0.006357339470398059,0.002810828348844212,0.007593074495959626,-0.0015230879749652433
-0.00892364397706693,-0.0038458766410347928,0.007424533174307794,-2.7816528289977688e-05
-0.007888741111026398,-0.009250289721390179,0.0052185305832507835,0.0017489292430375204
-0.00361520315870378,-0.011247014856272136,0.0018182707486684054,0.0029069101413202805
0.002173375768603762,-0.009034034734988684,-0.0014838578215144518,0.0028739961198828642
0.007076353672884728,-0.003471044582305887,-0.0034672621513495497,0.0016647021751596425
0.008987061061738078,0.0032820942541074982,-0.0034658062669959133,-0.00012100506380787433
0.006955908028452029,0.008645342395264436,-0.0016170670855404218,-0.0015593827115645276
0.0015919631780941662,0.010655546810052603,0.0012187468315077374,-0.0018138530686491496
-0.00516393332732893,0.008738131995666698,0.003830602717463466,-0.0005188829373611245
-0.010805500183627581,0.003903110942257808,0.005161236803610577,0.002030019750902265
-0.013257345149586375,-0.001706423843046756,0.004734926030627152,0.004966476676973655
-0.011697498092918576,-0.005719070434362983,0.002834216052271063,0.007191825389616956
-0.006873003487396383,-0.006514828183666013,0.0003580335782526131,0.007824332645119385
-0.0007823055523077105,-0.003874777667963167,-0.0015735068349115693,0.006571991273426064
0.00414351433182554,0.000963418595488999,-0.0020984947184455108,0.0038706550991231617
0.006024758141861916,0.0058592589390192296,-0.0009755722535408629,0.0007248434520490208
0.0042807035992522,0.008693898170923323,0.001320141384594048,-0.0016883980053103743
-0.0001619374567954357,0.008274142492857524,0.003803746046919902,-0.002492750971257285
-0.005279694958674287,0.004835807242224686,0.00539942512866564,-0.0014689867397122656
-0.00880761816735931,-6.388996079306417e-05,0.005393777677630154,0.0008536648956855505
-0.009183092481132873,-0.00421793228252244,0.003733879965196519,0.0034115972830426385
-0.006188127460674764,-0.00572090065012144,0.0010475565507427897,0.005041498004511612
-0.0010270682603952669,-0.003797911192316799,-0.0016192367404663233,0.004959411214644778
0.004188278688110461,0.0008406124313525762,-0.0032350405626969114,0.0030885236968800148
0.007328572229443629,0.006271804983926793,-0.003203409457598727,0.00010079496257409115
0.007139962745744053,0.010151040061103539,-0.0015969983016503476,-0.0028460812310601713
0.0037686421042741614,0.010692230461446905,0.0008885398526912586,-0.004570600869711755
-0.0013000945989940851,0.007427661823645432,0.0032360090326361557,-0.00434126573159406
-0.005861093230581496,0.0014267241978663595,0.0045323074255742,-0.002170521764522579
-0.007907538252413866,-0.005122866630570572,0.004337546446026519,0.0011893656803824704
-0.0064651098533748605,-0.009801794259352084,0.0028443471208300236,0.004545031929943308
-0.0019952421130506465,-0.010947467966780595,0.0007657578886378219,0.006732149654432203
0.0037987777869779304,-0.008332665709641657,-0.0009933226300655185,0.007065138390699145
0.008679569664793649,-0.003249858134292353,-0.0017349620893985368,0.005584946085045452
0.010799709126247468,0.002036936785062171,-0.0012633784533488887,0.003008091060758257
0.009455048970996367,0.005246701633173159,4.998385235427394e-05,0.0004039070809622458
0.005353099106074503,0.005044573845329012,0.0014563897561208246,-0.0012615032842479487
0.0002868702241704754,0.00160902732112677,0.002187860716385614,-0.0015227481756255185
-0.0036446999589190565,-0.0034390945697410115,0.001822644216378573,-0.0005888270087412578
-0.004937114721812852,-0.00772254027931335,0.0004935804603006036,0.0007770286721924362
-0.0033173964327150723,-0.009126929162339842,-0.0011571064699548994,0.0016174413781096936
0.00015528158931554792,-0.00672787649228028,-0.0022621139191466577,0.001225919824568534
0.0035711082453814963,-0.0012326461083283918,-0.0021317840442984376,-0.0005142509906704562
0.00503027092451858,0.005260203017281848,-0.0005991523107826968,-0.0030444165426327524
0.0035147429100151825,0.010098109232493713,0.001848704410926827,-0.005339589908603372
-0.0006071809901990743,0.011173104596170484,0.004220894805221798,-0.006329604251502231
-0.0056715239557164066,0.007830787154356578,0.00540282426465423,-0.0053594078689426505
-0.009382326687946058,0.0012081442023408502,0.004614145223793831,-0.0024961747200360207
-0.009780820983601848,-0.006153496184435857,0.001754543634263389,0.0014489281771686846
-0.006115321774965932,-0.01127972626115345,-0.0025109174044808946,0.0052011455900541625
0.0007619648626405184,-0.011936977899290394,-0.006970045904798494,0.007498165245102745
0.00865573034916356,-0.007539299933196358,-0.010303331714595368,0.0075743003480161775
0.01485916350154147,0.000579989002858116,-0.011570480301583766,0.0054600112564092
0.01722824864417507,0.009647908452474534,-0.010547810692720927,0.001976473336051568
0.015060728158211724,0.016498416971069987,-0.007781051654564074,-0.0015741609652168004
0.009411627419961204,0.01877442469131748,-0.004335299269733403,-0.0039017611428522336
0.002701478328070144,0.015811603260023482,-0.0013491880575388776,-0.004212003026681149
-0.0022381610371819544,0.00885868557507865,0.00041896846489282435,-0.0024941834633748355
-0.0033028510598984845,0.0005552955421786725,0.00086351302356516,0.0004941009305773625
2.4546565017449784e-05,-0.006115501415241243,0.0005110910419229217,0.003532133089435195
0.006447364130536246,-0.0089766799168494,0.0002223455501751126,0.005405427676108018
0.013364199572684962,-0.007452154794886343,0.0007505931742354428,0.005353849082829196
0.017915892212536394,-0.002701562162368956,0.0023554333676259406,0.0033284132550245316
0.018149856514861964,0.0029385850515059736,0.004647236840050563,-3.144983507952573e-05
0.013827628398460398,0.006960135277674029,0.006739410637918178,-0.003675152452155564
0.006541385314080515,0.0077129055416076675,0.0076503159851978725,-0.006549783318140847
-0.0009163021146435732,0.005037754573750532,0.006783080120349774,-0.007973783122516901
-0.005680582422129737,0.0002561267683382912,0.004268934698483188,-0.007834245135125609
-0.005985057973954183,-0.004458552961085636,0.0010088069119594915,-0.00654755554206389
-0.0018974245827941202,-0.0070456171606306794,-0.0016290922257575918,-0.004823206974140341
0.0046851568817247585,-0.006441571729188786,-0.002350740677564217,-0.003347317562888495
0.010787124344627474,-0.0030100477560632832,-0.0005021618459734867,-0.002524835690686386
0.013553688452539757,0.0016575059971265793,0.003579303701731429,-0.0023812115752296914
0.011414168564073074,0.005474139514478088,0.008592287176485969,-0.002645396265420333
0.004735680730208323,0.00679868258327803,0.012694029419232561,-0.0029531573262961616
-0.004303165429728847,0.005173680193012488,0.014173754191022264,-0.003059946627530827
-0.012573522749420557,0.0015361215811268633,0.012122362405008684,-0.0029569470985828447
-0.017247937103211805,-0.002195273775756533,0.006832636045274128,-0.002838442362764204
-0.016936340639555816,-0.003982218986627845,-0.00024072616064101798,-0.0029464333368088846
-0.012243884657190899,-0.0026066936104595442,-0.006965095353923104,-0.003382149331814799
-0.005520214804558041,0.001723592335466817,-0.011287941679292424,-0.0039930588612318435
0.00010273601710368216,0.00737990808841648,-0.011987119773565175,-0.004408249693585067
0.001997272270430013,0.011946113299075009,-0.009127553515303893,-0.004220385800219367
-0.0008707955745329288,0.013229510203903753,-0.004045800855635388,-0.003233639620697913
-0.0074948586477041265,0.010228194624146428,0.001137696458211131,-0.0016523184077203018
-0.015208897370092591,0.003639910269362688,0.00429849764630677,-9.852562274560717e-05
-0.02074900968125775,-0.004321036346287936,0.004087905424172755,0.000582664558920698
-0.02156987088224032,-0.010747838653806734,0.0004203601360505682,-0.00032627121159068545
-0.016885370080250005,-0.01318534771484512,-0.005511466885610848,-0.0030488518145653978
-0.008011694354126284,-0.010631251953823063,-0.011693271150540814,-0.0070997029281579735
0.0021287950074409014,-0.003978546309990019,-0.01603829710494729,-0.011343150937469609
0.010146468646740958,0.004295718869528023,-0.017142597881091775,-0.014341650065139587
0.013510385282805269,0.011084785126948583,-0.01476411183377189,-0.014885850404440237
0.011530052381402655,0.013873497537346307,-0.009855603088642018,-0.012507245944036401
0.0056006176620355,0.011735299561106048,-0.0041561609195949305,-0.007759366498590228
-0.001383908644704883,0.0056984349189111855,0.00048626657276635947,-0.0021272987140261088
-0.006210023336411734,-0.0016726437236880207,0.0027929169550274455,0.002435915921693021
-0.006640172321289613,-0.007316281528874223,0.002475644816333524,0.004196608925075854
-0.0023038275780245705,-0.008914407641361356,0.0002550699209918697,0.0023006271984455165
0.0051699268379874555,-0.00583129398858875,-0.002508065073869331,-0.0028519348964456126
0.012824170675864811,0.0006331639254001861,-0.004402080100560608,-0.009679949682245795
0.017571545278920825,0.007780919664989304,-0.004530099905145279,-0.015939030739652138
0.01742921081481183,0.012626222259687257,-0.0028306383397855364,-0.019507281331585316
0.012293402474899337,0.013125563320097785,-4.0690649152819516e-05,-0.019150806055221726
0.003947732240703661,0.00902263452145835,0.0026618672290643908,-0.014977788056525197
-0.0046861680313305815,0.0019595899411396847,0.0041725285437815285,-0.00840095724889909
-0.010739315343028716,-0.005194187787360832,0.003912194191947185,-0.0016133069142461598
-0.012535463801253269,-0.009522898943865016,0.0020350319022303907,0.003229865684331895
-0.010216079291637259,-0.009270326808324403,-0.0006800341176056955,0.004812309201982154
-0.0056031454528705366,-0.004573048008988029,-0.003191740677468951,0.003133039437734221
-0.0013696748417947047,0.0025859088539118974,-0.004647379983695812,-0.0005284486874622026
0.00012686340180540628,0.00919082874955554,-0.004726992384915751,-0.004146365532561477
-0.0021433091450609038,0.012445863547129388,-0.0037389333629870847,-0.00577486066542339
-0.007447732188335027,0.010953557877622574,-0.0024360454782064445,-0.0043422761809783945
-0.013613985754144103,0.005331255024293088,-0.0016421680018192802,-9.897103756044585e-05
-0.017970015639747233,-0.001997566957842506,-0.0018574749842992233,0.005462014653123281
-0.018503802545470155,-0.007764951543885915,-0.0030159847664985133,0.010185679224779146
-0.014750031562720381,-0.00919212294338808,-0.004499343089915984,0.012112892628767264
-0.008023562126478631,-0.005157495926566245,-0.005398772234485566,0.01027910339959157
-0.0008917255764375603,0.003278258163706381,-0.004910516452060698,0.005137262714550162
0.003902546150434699,0.013213205628679617,-0.002694393054155031,-0.0015671832993290821
0.004619896703787228,0.0209882941537611,0.0009571191530871465,-0.007428010521242458
0.0013080470238635566,0.02359329699040967,0.005209448614995303,-0.010276789532527319
-0.004152286274425113,0.019842686164173482,0.008995712718937773,-0.009002753650776924
-0.008779710038072958,0.010859393751004937,0.011414017337336532,-0.00397742458975087
-0.009719568357472778,-0.0003219614303236751,0.012047210935217302,0.003079980200896844
-0.005470375696378727,-0.009873861482789459,0.011077562960007406,0.009744043962236645
0.003399361995481076,-0.014577207166404142,0.009159619112759948,0.013783992258744555
0.014356251991332655,-0.012962299674823853,0.007118234898521925,0.013978341550039054
0.023812999636481494,-0.00575979659060305,0.0056102868427576336,0.010534718446873724
0.02850054318998123,0.004487036321229768,0.004897333528801506,0.004962388008581044
0.026761186561048672,0.01446429781268986,0.004819962853198079,-0.000541816343253454
0.019241699240770196,0.02134872352066364,0.004968977384328117,-0.003947319535201867
0.008694608131620839,0.023784534880075033,0.004957387918181112,-0.004149705644649181
-0.0010537915008825213,0.022208220922888933,0.004651835593088495,-0.001347695644769927
-0.006577453291882463,0.018433796470985413,0.004243515168164028,0.0030956261489022245
-0.006193157455168324,0.01471688199367023,0.004117839588584679,0.0072360865982661615
-0.000640545343653931,0.012720839362192041,0.004583376773374115,0.009334165793636592
0.007179143378335882,0.012829979779878015,0.005597260434698659,0.00853001510637652
0.013319813244644853,0.014089044079159781,0.006639096017056818,0.005148448138058842
0.014342496299670271,0.014768676163493876,0.006827680318738549,0.0005288028944228224
0.008708869045170958,0.013283894093830934,0.0052664075201871025,-0.003534837803953042
-0.002522111345585276,0.00904249573433824,0.0014900941560204977,-0.005507303082880052
-0.015970314927635842,0.0028355613225826554,-0.004180711801979502,-0.004692631261057571
-0.027091167891706666,-0.003413880802803103,-0.010558004925884467,-0.0014584154660489679
-0.03178920205564613,-0.007443792332108871,-0.015861720206321168,0.0029673831322738348
-0.027895408705989416,-0.007645529074718493,-0.018293836953133864,0.007024925412392358
-0.015970591323947188,-0.003818536143387421,-0.01671938778916658,0.009448243722179422
0.0008484045443963445,0.002655792258466058,-0.011195730764220514,0.009731541392305407
0.017888898896781136,0.009319437079586095,-0.0031241837963894223,0.008255987109500318
0.03048065875016759,0.01362821483718665,0.005075452246950107,0.006043945946008553
0.035439599939316835,0.014017900685225794,0.0106912534920508,0.0042623222173003225
0.03198834092403734,0.010591519251793354,0.011611909602368492,0.003695352456532689
0.02183157293050235,0.005121083318108817,0.007073548903660881,0.004411016608669674
0.008419733285156501,0.00033871144118709706,-0.0020148316772859998,0.0057557739343222225
-0.004283047468098437,-0.0012087733459226289,-0.013300850612409057,0.006669661672446207
-0.01306368507901589,0.0017234981657748075,-0.023710068001608776,0.006178882929652317
-0.016327434240248004,0.00845682455670984,-0.03041777160969652,0.003851822501055431
-0.014323649552964321,0.01653579921704372,-0.03173717409658529,2.4790722238061252e-05
-0.008742009157290058,0.022607397376799208,-0.027618624175518552,-0.004295442405912767
-0.0019141896455064644,0.023696085216238564,-0.01959433388778964,-0.00780849426482292
0.00403541689900918,0.0183725129438606,-0.010202120795223552,-0.009418135372951622
0.007781344071925562,0.007350538508417284,-0.0021055173323124973,-0.008647105275827863
0.008970834627441318,-0.006725918509489594,0.0027715302748258577,-0.005805496946650682
0.00800893404855374,-0.020220593225726474,0.003794882024590003,-0.0018553712916996867
0.005632969817467637,-0.029792861671237347,0.001681475752150309,0.001960851715165614
0.0025066979327538763,-0.033526771870104985,-0.0019171577570204351,0.004570174387052269
-0.0009898671391511127,-0.03146558511582055,-0.005125452334939953,0.0054191017257524746
-0.004722936168051861,-0.025366988907115008,-0.006568696660914974,0.0046014245142272925
-0.00859807880830886,-0.01781682423062747,-0.005845428517403585,0.00274320389058455
-0.01233879937779718,-0.011099123185147941,-0.0035922053357412484,0.0007259234259338054
-0.01539739777678116,-0.006309353458705619,-0.0011487659734956898,-0.0006152843932404339
-0.017063414451748304,-0.0030798323710660436,1.856510244527612e-05,-0.0006932077083257292
-0.01672439567029589,-1.2429903320926305e-05,-0.0011027791438325187,0.0007858263729665083
-0.014149983287664022,0.004398904024997333,-0.0047094677197119,0.003898195568536225
-0.009653895047895364,0.010790576585213998,-0.01016013398926699,0.008603107487786726
-0.004045748628331486,0.01835945079372093,-0.016274876229557977,0.014764036033549949
0.0016136669215821436,0.02498783244899508,-0.021814884071930857,0.02204736019287306
0.006344949072155683,0.028044778905308432,-0.025941407729698412,0.029746757002375418
0.009520464596763999,0.025539186448832078,-0.02847669142042973,0.03665982040553669
0.010955991168411092,0.017126620264357906,-0.02988056696204153,0.041160418171360375
0.010799282528876648,0.004509568653111466,-0.030974417802725175,0.041546292037670435
0.009296678799191382,-0.008990071115432145,-0.03254063440531205,0.036614818252552944
0.006583952806928743,-0.019563013030159136,-0.03496409067617255,0.02628329070065491
0.0026367129027557307,-0.024319631036715972,-0.03805210143247177,0.011989386358850575
-0.0025702452428947448,-0.022405987690415588,-0.04108854993495375,-0.0033675853627314345
-0.00876728220285708,-0.015359291054818508,-0.0430830580140594,-0.016044741257330783
-0.015128355569392557,-0.0065297912537637115,-0.043106268439814424,-0.022521032913737356
-0.020233574064026493,0.00022523880984944011,-0.04058272189171856,-0.020693161665653298
-0.022366797693136167,0.002064740038051488,-0.03544554788315726,-0.010775548067146775
-0.020107177931444044,-0.0017087475456977474,-0.028122497276404257,0.004476866226877824
-0.013012794042466504,-0.009382324520324416,-0.01938957636015699,0.02040146872344538
-0.002101448979429814,-0.017547533631031488,-0.010168708255431508,0.03179616110301678
0.010137644376567098,-0.022516029924497714,-0.001346595050400759,0.034614572380604766
0.020312435481538826,-0.021861061572798185,0.0063401799408923445,0.027416188719256794
0.0251584244098199,-0.01544706712489547,0.012352793495431086,0.0120347346723019
0.022699552637298684,-0.005510083709537553,0.016361348661891293,-0.006833293798513787
0.013106186518797192,0.0042619068113976255,0.01825480694655167,-0.02305061598441085
-0.00111831522159421,0.01028295679155317,0.018163054278379116,-0.031034957519871984
-0.015768317678562408,0.010617007635699359,0.01647218364062141,-0.027661756611324938
-0.026225853691571183,0.005863882349171828,0.013793411943738898,-0.013407116904134563
-0.02898342933208871,-0.0010150206105328727,0.010853099269134678,0.007693782319749494
-0.02285218541894598,-0.005898959916403217,0.008306976440986324,0.02929284661066224
-0.009393478630178274,-0.005274516938721309,0.006529805215238632,0.04477487704475241
0.007616297599495499,0.0021503731811472766,0.005466251852137661,0.0494080111717362
0.023517057761666574,0.014668481811145434,0.0046266194041150455,0.04185788357750537
0.034410765431734186,0.027999216957077133,0.003264694410953825,0.02454426496038841
0.03850417422451381,0.03680894565827921,0.000698486380489638,0.0027275385186289122
0.036632674388396125,0.03676682173846517,-0.00333999696201516,-0.017337738400173816
0.03175727291928295,0.02633857258645088,-0.008476063364195749,-0.030518075823286903
0.02762640623615802,0.007594869607467865,-0.013708640572124044,-0.03443673352199567
0.02712981736195097,-0.014323784847550643,-0.017708230918952565,-0.03006958840594398
0.03100715861373768,-0.03292640728051903,-0.019314799193547873,-0.021129861348839277
0.0374486629749223,-0.04264928598594678,-0.018052735617883665,-0.012514194720255854
0.042780835719714486,-0.04083648677416275,-0.014443487475346318,-0.008416057792604098
0.042997330212117976,-0.02866903979853381,-0.009949598633457409,-0.010813504479551737
0.03554412319031675,-0.010685916990605872,-0.00651586193466952,-0.018873723993340957
0.020641476910254385,0.006920705340667285,-0.00583782455022451,-0.029454042678859052
0.0015803651330887278,0.018582819299909858,-0.008619381000943782,-0.03845935267048491
-0.016185088966775125,0.02133681209637658,-0.014120609456769406,-0.04249975682484143
-0.026860420941241955,0.015759365038562505,-0.020217520785540274,-0.04019748509709167
-0.02639162702752121,0.005525150662873568,-0.024016750333276486,-0.03264980593528924
-0.014024116099285371,-0.004207139372716939,-0.02285291375478289,-0.02289812573547269
0.007263275284735129,-0.008920066302898953,-0.015327636806260368,-0.014645798425292334
0.03163939620649951,-0.006525078576901624,-0.00199890178476881,-0.010755118689373294
0.05231493738464938,0.0018871052658582174,0.014572510083371945,-0.012127639832185889
0.06376566669946422,0.012607898850282323,0.030492813377828193,-0.017406758170508616
0.06347775569684133,0.020929396276133293,0.041729945355861206,-0.02360642581247808
0.05259240429752957,0.02314434771279817,0.04543243241249468,-0.027399150160338157
0.03524705101942901,0.018106509345559615,0.040901845546659335,-0.026536292565756226
0.016903010894839636,0.007716893310912271,0.029853188350892165,-0.020824927533602166
0.0023231305970893637,-0.0038573945935231058,0.01584589886414045,-0.012264880139155235
-0.006025775586157175,-0.011908466841227289,0.003071461244378196,-0.0042842147456252505
-0.008562003442417688,-0.0131504359407431,-0.0050719084419341386,-0.0003687154069959425
-0.007999491613199218,-0.007116722708187561,-0.007097282147370047,-0.0026208176252253135
-0.007879329369205976,0.003582428269221831,-0.003824317313972928,-0.010813477840711867
-0.010860446704789861,0.014256227657461207,0.0020980623195190756,-0.022314851438167662
-0.01748310776425553,0.019991454132011435,0.007362133681536154,-0.03292600029720272
-0.025905464820900143,0.01763247639254109,0.009416841194078634,-0.03832642380682119
-0.03270194181175744,0.007092555722236896,0.007576871219148663,-0.035594487631058755
-0.03437194015079761,-0.008528418147646766,0.0033800685095709895,-0.02424682341874844
-0.028917360704239968,-0.024070197950217656,2.7996810228633068e-05,-0.006427193371609824
-0.016824033417020316,-0.034240694587959614,0.001095390630623444,0.013804438851763398
-0.0010322438382537706,-0.035591576570206264,0.008983509047838012,0.03180258133657539
0.01409941700440295,-0.027774587438227694,0.02370822182279453,0.043792777469187104
0.024417458417643617,-0.013604481690351368,0.04250824803387716,0.04793834145771625
0.027523574326839585,0.002069975755077516,0.060467795078039274,0.04467207297622622
0.023621850987675462,0.014218797551798515,0.0719772369731946,0.036237623022290194
0.015323005751246233,0.019467345133218156,0.07254297118799352,0.02567875566798462
0.0064938513375742135,0.017204801090563236,0.06032009210738809,0.015700182733001285
0.0006310731758722397,0.009563691787295853,0.03683097474368284,0.007836034437053357
-0.0005685772350238032,0.00033280869038773003,0.006616623152903442,0.002206567858801755
0.002146586138043159,-0.006708740610649459,-0.024059088835159444,-0.00210947555400548
0.005985088622763372,-0.009332475970377743,-0.049006528844583064,-0.006305757844250762
0.007389841978472297,-0.0076491847773359,-0.06380279687298236,-0.011044368248912535
0.0036567711521188553,-0.0038499952054239055,-0.06683331925516989,-0.0159679213699757
-0.005783199667527203,-0.0010508551069495428,-0.0593877864321688,-0.01972674175076051
-0.018960590028649055,-0.001765635926477556,-0.04486061458586259,-0.020495624206395426
-0.032024501976281386,-0.006681102577037329,-0.02741445723610999,-0.01675144975384788
-0.04070688733465081,-0.014269653786962343,-0.010625239257117967,-0.007981777866919205
-0.04200682525483742,-0.021412672011777593,0.003413219743432533,0.004968673501366989
-0.03541306351082912,-0.02477162201562367,0.014262095691784868,0.020053187243877134
-0.023166073745995882,-0.0223186210260702,0.022624342975913203,0.034616052481901895
-0.009446559026143147,-0.014360081409505066,0.029446415503482648,0.04619023646203805
0.0011918421881308289,-0.0035905915016955225,0.03506583944322561,0.05319699038859859
0.005527330376390249,0.005883218985568123,0.0387868230609625,0.0552974351010377
0.0028446467293757327,0.010173494396961386,0.0390661126135047,0.05329360411848519
-0.004868205595263242,0.007233976132180081,0.03422524512818996,0.04865454667899473
-0.013753222686905542,-0.0022050360470573047,0.023380911481344066,0.04287954577205442
-0.019589222359685354,-0.014804600748529073,0.00718982401316394,0.03695425604667706
-0.019361564995591274,-0.025860013913607375,-0.011927700025482782,0.031096232601486737
-0.012284684222222758,-0.031148172268712124,-0.030220922180495775,0.024855666233609984
8.382699391618065e-05,-0.028647669563708282,-0.0435822305792649,0.0174931307179092
0.01461161715272655,-0.0194297616987265,-0.04873902656951172,0.008457228251599114
0.027856946330067734,-0.0073329637388915275,-0.044258930265561436,-0.0022340339023617026
0.03726512387350411,0.0024879265304190564,-0.031029526362037235,-0.013844842890120307
0.04180155690070974,0.005594775199108164,-0.012058617862553474,-0.025038553775018336
0.04181321017413877,9.089697174480965e-05,0.008328882382660469,-0.03419181247577601
0.038280709774846926,-0.0124914266574421,0.025630751851252388,-0.03978149471930137
0.03191012513305594,-0.027620480323822444,0.036290372655837934,-0.040724258055211016
0.02258484353943476,-0.03938678649422293,0.038486488143695305,-0.03659886659854156
0.00951687052483762,-0.042726767146640435,0.03240844969698809,-0.02774392269010317
-0.007920188926094529,-0.035413196459495165,0.020009327229251084,-0.015262746671791939
-0.0290676174182077,-0.01904866649922818,0.004376914490604518,-0.0009646606978106417
-0.051173190113697815,0.0013391070285339174,-0.011060941892107651,0.01276375467461021
-0.06944543128886695,0.01898413222996476,-0.023285821038651906,0.023202339589188173
-0.0781888052771376,0.02775821255531372,-0.0302471286001998,0.02770628382938429
-0.07276073403025618,0.024384910741078056,-0.031167370866909794,0.024282312691013868
-0.0516645284137992,0.009694603468852848,-0.026597432031877772,0.012241204655932085
-0.017909769969988956,-0.011532239439134277,-0.01825393315710195,-0.007262572428295932
0.02106127523762567,-0.032083196862298234,-0.008670973383723163,-0.031042781169893563
0.055099843722365247,-0.04466611055437511,-0.0006943660576266483,-0.05424034187149705
0.07431823459832074,-0.044287799504379444,0.0031378284084507164,-0.07127946307325445
0.07235351088087143,-0.02986161799644936,0.0012413713795610803,-0.0772605443115306
0.0487666668248116,-0.004531505037971964,-0.006483215810030307,-0.0694279358177762
0.009630739864377097,0.025351483496420565,-0.018408245233112457,-0.04824408028107711
-0.03404665268364245,0.052216809488410953,-0.03137206695393603,-0.01765154656234869
-0.0696540109613639,0.06955007055268751,-0.041355483967970785,0.015681370966365186
-0.08698788522145802,0.07373096778393648,-0.04453468975990245,0.04401458711450563
-0.08157633634339864,0.06489945129615042,-0.03844577343067904,0.060651484806164675
-0.05613612222164103,0.0466631454611354,-0.022899644530523174,0.061875811678057
-0.019614206479372648,0.024832345747081694,-0.0003059608998826416,0.04807585380118135
0.01589017246193724,0.005643527907730612,0.024784331364685643,0.02365067742557675
0.03927011275751594,-0.0059678633642891825,0.04686212469597337,-0.004319276358739965
0.04418154059745251,-0.0075674946049320395,0.061052365492359525,-0.028238419387346628
0.031125792431420943,0.00037040117135577616,0.06462054782410756,-0.042303074151265746
0.007129708413562506,0.014858254219995978,0.05788013348247513,-0.044188300582807025
-0.01683748610382884,0.0313885909631592,0.04415249502671765,-0.03555331435177975
-0.029774072054545804,0.04520100891070143,0.02873532910200491,-0.021206189476440606
-0.024494351541023175,0.05248402301413617,0.017178450704362344,-0.007233309541420263
-8.011772563776276e-05,0.051242303418934036,0.013424403399205774,0.0012393099295851806
0.037872821864047584,0.041672771851986784,0.01844564881535677,0.0018591883499845113
0.07922078244159458,0.026013131172221843,0.029863131422706933,-0.004201715905996228
0.11268397417969228,0.007931342647022104,0.04270570102344838,-0.012809757254545518
0.12946728523327794,-0.008393623037503208,0.05107678856136299,-0.01852276285816304
0.1258468146108381,-0.01929253891839306,0.050173362945046374,-0.016719081502206308
0.10391627059955445,-0.022493860590364782,0.03796991849186298,-0.0054223551965846516
0.07038662016246922,-0.017658470778876133,0.015988121020752574,0.013839186130393831
0.034023199745547614,-0.006407688083261677,-0.011114727088472512,0.0364426189563591
0.0027339757213058515,0.008188521860922164,-0.03699826748485361,0.056190683183277974
-0.01865000445373375,0.022542851681437753,-0.055636105245979485,0.06738716742348197
-0.02921674306736992,0.033638450764201265,-0.06318114976588209,0.06672474044033147
-0.03132910964001004,0.0399322993244966,-0.05908216880154565,0.054328802161109246
-0.028946768817359025,0.041763216831765065,-0.04610657983231559,0.03362164336550208
-0.02570003286961528,0.04110029952439111,-0.029307932361228597,0.010101857411544166
-0.023498147636535627,0.04069357883017233,-0.014331849051305669,-0.010487204335737473
-0.02214588609121055,0.042916812615783825,-0.005656518540109373,-0.02393618488144098
-0.019978160434458977,0.04873199536181663,-0.005348306969404998,-0.028692360410130166
-0.015103024689613984,0.05718926078171831,-0.012696597753518904,-0.025998789774786632
-0.006635431558888287,0.06569297077421127,-0.024763708257066943,-0.019099564441052083
0.004625678314545481,0.07097185179226519,-0.037570672796838636,-0.011891451808343965
0.016329715112248136,0.07039767705574654,-0.04745036148158885,-0.00756461927270706
0.025394029439620918,0.06312510386532165,-0.052094478849560234,-0.0077186564608597505
0.029101293340604968,0.05055850359245973,-0.05098636583371328,-0.012202369728436038
0.025983919692054245,0.03589558750917464,-0.0451703654846438,-0.0196138233530736
0.01614958241815359,0.022869375398714926,-0.0365548148761358,-0.02814156339259007
0.0009908414689916017,0.014164322931650566,-0.027087313072739136,-0.03632953935730241
-0.017488038532199532,0.010167220632561452,-0.018134350222666584,-0.04343756817495432
-0.037339806570610236,0.008633934812780644,-0.010261449693199955,-0.04929661515527129
-0.05700134355751007,0.005517153859472466,-0.003413465992732012,-0.0538168595687587
-0.07516562254500697,-0.003274752010200728,0.0026752137474796434,-0.056478917796664585
-0.09036680780564756,-0.019844597774132337,0.008085636163492824,-0.05614687878019324
-0.10064137793836245,-0.042849657363870655,0.01253662416537997,-0.05138126495127022
-0.10362843759826484,-0.06732782362165712,0.015495810311742065,-0.041171593284116216
-0.09726263102391312,-0.0860571830802207,0.016497671276369284,-0.02576877738001896
-0.08088118087633042,-0.09209020159250629,0.015483314795294044,-0.007190325890200969
-0.05626879039745853,-0.08157751736342642,0.012968215630818694,0.01094379170599194
-0.02805616565866746,-0.05577717335472626,0.009931055187689816,0.024330964459921372
-0.003051800023334522,-0.021351300150765726,0.007456084968636714,0.029418825014624988
0.011513888603129154,0.011360598767142814,0.006286646785654416,0.02484306033233423
0.010367363769740415,0.031636689302390664,0.006499484928375968,0.01228028830956264
-0.007636381573718924,0.032126988107209424,0.007462987715361904,-0.003718899884978283
-0.038446973570459515,0.011683860983000307,0.00811737202655724,-0.01700063579166652
-0.07345513428302416,-0.02386962774061272,0.00746719616779642,-0.021842637142861318
-0.10184507245830669,-0.06346742056717691,0.005073724424383188,-0.015079711734726777
-0.11401069992070084,-0.09453667263096321,0.001324807832507189,0.002459619400254829
-0.1049009175224957,-0.10746103794553609,-0.0026496514199710226,0.025803766116441244
-0.07606886307661495,-0.09913936390295477,-0.005395597802838228,0.047153611341761714
-0.035572406052134554,-0.07426306125363102,-0.005716124767570559,0.05832177244165949
0.004399512918338476,-0.04373064494164302,-0.0031679971355316507,0.053524009116468776
0.031472730998235526,-0.020675345576276347,0.001745390969761361,0.031572486479187326
0.037286557006461135,-0.015507614369791796,0.007776157523204014,-0.003328208520916455
0.020465149902723117,-0.031807240856117115,0.013448979932082508,-0.042539182435543596
-0.012739119122352812,-0.06465214392131563,0.017671235369410225,-0.07546877212147601
-0.05043027454004328,-0.10210939090778501,0.020166474985293354,-0.09281639403387802
-0.0790431936067469,-0.129444136355719,0.021531506617854274,-0.08953222231113928
-0.0879400685385584,-0.1345593385125403,0.02287860561771925,-0.06651135871683111
-0.07301656618730763,-0.11266526920406686,0.0252091418170515,-0.030441147755329502
-0.03804671465349911,-0.06840547063942097,0.02879287426255074,0.008177564585617424
0.006695416485931055,-0.014570159767871488,0.03283995953398109,0.03821398087383261
0.04801824410648769,0.03221615097094725,0.035640043405421706,0.05127959415532482
0.07429118769787771,0.05730679519321781,0.03514848182915786,0.04421665564990237
0.07920733298593208,0.053230626184795855,0.029804540391563508,0.019928933531205437
0.06351220846534447,0.022357449539038496,0.019254414116799998,-0.013670404800828515
0.03415813775769164,-0.02396654902161189,0.00467431239253634,-0.04620782556767265
0.001308320480198178,-0.06950561869691246,-0.011459066679543935,-0.06804102883736354
-0.025599397807123378,-0.09893478308579186,-0.02608203998989457,-0.07306490710013394
-0.041207615996761864,-0.1032051000846657,-0.03647421328797213,-0.060272390014587555
-0.045766388395477406,-0.08249372283510424,-0.04104744323026344,-0.03365317005315295
-0.04433149417002288,-0.04567612487808921,-0.03969348239226241,-0.0005710959653125909
-0.04405641445213026,-0.006577849779032908,-0.03357574380428478,0.030756595103262896
-0.05073986758992298,0.021517349244453265,-0.024486293976547023,0.05380496656689266
-0.06606052579741925,0.030974239222217367,-0.014073870519450304,0.06549217473452533
-0.0866302110596101,0.02256566571141746,-0.0033001184649990717,0.06663760509362968
-0.10524972114611171,0.004844698276246624,0.007627563973676393,0.06109634954963574
-0.11385542441266552,-0.009589124428068321,0.018824665661235196,0.053984170581731765
-0.10695533933539228,-0.009437147391309735,0.030025360304004094,0.04968097216554192
-0.08414405759697405,0.010460046459317182,0.03998857269206426,0.050320750012225246
-0.05064080130960224,0.046719753029159344,0.04638659608733698,0.05525121175223838
-0.01557591710505856,0.08842772426387026,0.046360417792872775,0.06156969536452257
0.011348574474026367,0.12120591423917562,0.037628907356934305,0.06545384893960435
0.023534600960575327,0.13277880771963566,0.01975472737545389,0.0637421496205102
0.02004707892785152,0.11787778843444682,-0.004975384718973762,0.055166144702922804
0.0060122326506536795,0.08055813139093308,-0.03152667759238427,0.040800502863736404
-0.009361508071093809,0.03298783919199373,-0.05313819047667742,0.023608776060569405
-0.016428198223551585,-0.008877075722710334,-0.06318403736869828,0.007303332236794214
-0.009033492001150348,-0.031113669742019755,-0.05730832252783247,-0.0050168454424001085
0.012799586309637859,-0.026947892152639062,-0.035092236581610016,-0.011922204818384567
0.04251543071848325,0.0007760452155130858,-0.0006056620798519877,-0.014007998967496896
0.06922130644124375,0.040708627335625885,0.038456425030859644,-0.013432452193400293
0.08168513080692281,0.07726351860614819,0.07286597787605437,-0.012838368146261644
0.07268391385353196,0.0964193362434406,0.09454652130606055,-0.014097707719478922
0.042081528259945586,0.09086254856756318,0.09897373337150185,-0.017391208626046904
-0.0025525501519283456,0.06254975011059631,0.08648160879251121,-0.021013860800167844
-0.048092819066696144,0.021767980617053623,0.06202401530468178,-0.022024631008127807
-0.08008260702034029,-0.016888600621235657,0.033471185254495966,-0.017532957817907438
-0.08758356443015965,-0.040046327711601694,0.009029152056577922,-0.006153704800803371
-0.06696238811664433,-0.04046543879349257,-0.005329022889375923,0.01093596896819328
-0.02329466183012908,-0.019501423552582393,-0.00754945449799084,0.02979812134779549
0.03110084972243713,0.013744730736833716,0.00023946930996117388,0.04457318840235501
0.0804892348400702,0.0461593051126268,0.012908198378810472,0.049172715862494554
0.11060030866904093,0.06571125500417718,0.024456834232837885,0.03932057309109756
0.11293037039372769,0.06591143585825952,0.03027940127954277,0.01427328574828722
0.08708082208973554,0.04794490845279785,0.028732606601199237,-0.022393135847014967
0.040465165853635576,0.01974289344274353,0.021473754478395314,-0.06327417857636744
-0.014371849912811346,-0.007521205954415671,0.012514468776378244,-0.09885210445921866
-0.06379845762312901,-0.024032469337887146,0.00642056138513503,-0.11998339618716794
-0.09709567864549355,-0.025167494478839442,0.006390978604647452,-0.1204395896408163
-0.1091296416534985,-0.013059078821981162,0.012961304219605969,-0.09873985651514847
-0.10096965940094979,0.004655915914737508,0.023804954743644108,-0.05871357542554559
-0.07848760598492269,0.01830414854811465,0.034662546886436434,-0.00861207115681718
-0.04965790897590473,0.020373649372158173,0.040993800456546894,0.0409718354487674
-0.02164610161327235,0.008689483684218343,0.03968543518273461,0.07976241116459183
0.0012784367661061308,-0.012737000185027054,0.03015764365735711,0.10026672165809063
0.018388348304864507,-0.03551534181356594,0.014476707581148614,0.09936536838671356
0.03168582577344889,-0.050568688687116094,-0.003512255694623545,0.07864541750332696
0.044160252958811305,-0.05216105732905617,-0.01963700786279101,0.0434968855748193
0.057937191117673724,-0.040564234266078136,-0.030833189825089053,0.0013652591858767694
0.07309207669462045,-0.022219329615906076,-0.03600635887351607,-0.040231428226930106
0.0875601632666287,-0.007269153257696094,-0.03603182211308187,-0.07531491519567864
0.09809273530288926,-0.0054173796814595,-0.032974293314588905,-0.10028729914399952
0.101784578725396,-0.021772188646558027,-0.02892822185928664,-0.11391860516248271
0.09748996031237203,-0.05437014258261853,-0.025015566033048886,-0.11671001174075965
0.08652077491588396,-0.09443062725096191,-0.020979786982681423,-0.11004688848495577
0.07233452168821677,-0.12931636958604553,-0.015530944677126755,-0.09555535490716627
0.05933624312997436,-0.1470983277811966,-0.007252445303633753,-0.07490356960877934
0.051270579771140835,-0.1409733049923405,0.004375382144504211,-0.050026468066538446
0.04983426851860733,-0.11182106853904758,0.018335840917350826,-0.02351670961112504
0.054044628255534646,-0.06790279800332241,0.03215370506523253,0.0011811512633569665
0.060601851628563304,-0.02181388061710359,0.04270313987834721,0.020063339505782853
0.06510292665389673,0.014126808029683642,0.04742338724200683,0.02941224213353293
0.06364894846941369,0.03226433673528771,0.045416378989093745,0.026978232025601886
0.05425136161537732,0.03208394934764975,0.03792146129340274,0.013064075314261162
0.03753046977714104,0.019851508332134442,0.027907095472815044,-0.008973313909900311
0.016471090887076816,0.005619239889629929,0.018891267487423417,-0.03313639033918989
-0.004650318848247861,-0.0011599256165947805,0.013447445999633965,-0.052136615976648475
-0.021755197066893963,0.004379314429647044,0.01202276702096488,-0.0593436023145737
-0.03231739185594197,0.020543810966275985,0.012608758115481398,-0.050733673292324
-0.03609419147199803,0.039931476513634434,0.011484799596457177,-0.026179497260083742
-0.034982997754710324,0.05276046038102068,0.004820773124746974,0.010393708979556923
-0.03207567521942052,0.05132123145163282,-0.009450018703032116,0.05208942696587119
-0.030274735378384852,0.033712253561632835,-0.03023773949337462,0.09103575779958124
-0.030994807947106934,0.005269199118875148,-0.05300345831556652,0.12064747010700813
-0.03344542947788001,-0.023010070830363723,-0.07080439522574583,0.13740531862465086
-0.03478784113141717,-0.03855028666933069,-0.07641457792369938,0.1415714525495673
-0.03114923525904951,-0.03227160431913496,-0.06483097821272152,0.1366375435346215
-0.019167559157111887,-0.002673022200269423,-0.0352861715981797,0.12775209826797926
0.0024663787065216172,0.04274593669324743,0.007982242272189119,0.1197285763421386
0.03203358818499287,0.08943419074873368,0.0565468752607947,0.11536474075208207
0.06478232048633234,0.1205534611328681,0.09998886556028451,0.11466034462588877
0.09399299976802421,0.1229148518108419,0.1287962031580412,0.11516285667199064
0.11285501465710387,0.09194800817066404,0.1370332859585151,0.11323891767530739
0.11660387698359316,0.03385377142477191,0.12393041594188693,0.10572912510766476
0.1042350818638457,-0.035929702918762664,0.09391152507175977,0.09132405157927978
0.07919345826122179,-0.09750564039183186,0.05510376701725675,0.07114047150295771
0.04872168421679162,-0.1329356659706061,0.01686469979198262,0.048315717718636596
0.02196132222422601,-0.13209563040403097,-0.0128491278375855,0.026834858483379916
0.007311000474596808,-0.09596259918394986,-0.029454695569451253,0.010099644222109511
0.00982609240735054,-0.03622741981894788,-0.03251959439674532,-0.00017579576672468317
0.02949123226968199,0.02859168271306433,-0.025245322366662767,-0.004324246348732762
0.06097745248526714,0.07916144512999919,-0.012987536427103773,-0.00425500880122285
0.09506022022521105,0.10140738106816082,-0.0014133316995556255,-0.0024253792032777194
0.12134904481814998,0.09063009224541843,0.0050746777266482985,-0.0007524580484285989
0.13152974866672928,0.05238818136124052,0.004211784862199858,3.459805015944284e-05
0.12210137191782852,2.5971985530868352e-05,-0.004073820742611325,0.0003241917787415935
0.09569075117755836,-0.05013262843752488,-0.018231005366640303,0.0009040648016227781
0.0604382381546249,-0.08417101731715482,-0.03590555776153476,0.0019842836781077955
0.02755184800874553,-0.094709933896431,-0.054635454599204145,0.0024947734420009277
0.007734697160030949,-0.08250008612607435,-0.07220375029964268,8.842349461249399e-05
0.007598221098847002,-0.0551619566338223,-0.08665568773478938,-0.00803337556014419
0.027232884011373956,-0.023765193519257887,-0.09616927591756773,-0.02375118881677076
0.059780639407756506,0.0013683433963009965,-0.09902769547596078,-0.04669485782413242
0.09323120338190533,0.01410179639134624,-0.0938573145655838,-0.07359461303734348
0.11394467386100247,0.014028160137543412,-0.08011447754016679,-0.09874344723746989
0.11082555959390383,0.005764509700007581,-0.05861955249160995,-0.11556528570056422
0.07883743750551894,-0.003522699312935418,-0.031842041552042705,-0.11880668698389088
0.020741443702047807,-0.007281514184020156,-0.003689411692013634,-0.10654991118701437
-0.053492333929385044,-0.0021896168987930037,0.021266856359919647,-0.08123084715144513
-0.12940160509736473,0.010711542443895113,0.03895449230518697,-0.04916701410146754
-0.1919981549287285,0.026672778197901627,0.046983776402560976,-0.018650883993469133
-0.22972712184599328,0.03930357829088659,0.045420514249448304,0.0027674564190419103
-0.2372124871432904,0.04317147912589937,0.03682825325997701,0.010827309083212132
-0.21603389364857328,0.035919221771072256,0.025507403258113258,0.00596547895010778
-0.17346615169474666,0.01913118004039388,0.016152588645860833,-0.006985278656720273
-0.11978476190014992,-0.002306212563080015,0.012373952643977717,-0.02073496263591325
-0.06516089805255988,-0.022032464061074175,0.015592217121723546,-0.02839729559891835
-0.01719873969225493,-0.03449339596908288,0.024691274568677403,-0.026174520572537358
0.02018283309824385,-0.03681616083203178,0.03654046983719378,-0.014807876757435553
0.046400418379706224,-0.029620635708786897,0.04718365438484043,0.0007994174413813449
0.06283572110517541,-0.01653546330378495,0.05325344920448921,0.013661136721838555
0.07123353622324538,-0.002670955362397552,0.05309749130542007,0.017671787663738402
0.07264402497693576,0.007336163688185876,0.04722453099513853,0.010254615507889663
0.06734068464641438,0.010972284930545272,0.03794330773711752,-0.006414049014447847
0.05562825920584542,0.008608784248792772,0.028372472502983394,-0.026162647796427435
0.038994349448322446,0.00314590625839754,0.0212278900090711,-0.04132258149467562
0.02085915769640305,-0.0012774676953535638,0.017859002717752752,-0.04599010122443507
0.006333339401148469,-0.0009974402860444612,0.017887959797325124,-0.0387098342378005
0.0008456199676243406,0.0056785403351149125,0.019554906470126934,-0.023408259233651876
0.008059485835559448,0.01773190751580593,0.020591405759127136,-0.008067485559430121
0.027916723786018914,0.03170389079305174,0.01924222588850492,-0.0015371100028707986
0.05572690383682265,0.04286917773894464,0.015010538442795034,-0.009677221605645395
0.08290173553342409,0.04689227043094189,0.008826591804153044,-0.032379802944613525
0.09931517564796727,0.04138724928731968,0.002581727038255807,-0.06276255388473709
0.09659169188310175,0.026842235735686698,-0.0017698680920652174,-0.08903927789279455
0.0711661238367453,0.006589471911865263,-0.0031633612749757192,-0.09853419630796695
0.025927819864661056,-0.014177168726465982,-0.0020280125283979374,-0.08242593684398172
-0.030293814756800052,-0.030020273376102302,-0.0002799333704068714,-0.03943858044846254
-0.08536929108733615,-0.03698748238996738,-0.0006800901194725512,0.022988730041105288
-0.12778151668249302,-0.03388876358004554,-0.005786396011655072,0.09062031036039953
-0.15041719135443185,-0.022704368323276318,-0.01689296784456315,0.14683921006476186
-0.1528137065343849,-0.007982518260982445,-0.03336410242880142,0.17799878590275414
-0.14096088542287355,0.004591961352395115,-0.05263070183049535,0.177756374171128
-0.12465774973913553,0.010011145224033957,-0.07087629290594845,0.14878847304777199
-0.1133707406780492,0.005567515874667859,-0.08418853612414381,0.1012698932198847
-0.11216402402374297,-0.00822879332631124,-0.08978238567161292,0.04874121012353234
-0.11931538373026092,-0.027734280492023054,-0.08687319933941659,0.0030053693330673037
-0.12664823190450003,-0.047235601507148874,-0.0768997519104267,-0.029923256630318425
-0.1225986002831789,-0.06065692525491901,-0.0630224190437659,-0.051213621468987114
-0.09696799946144632,-0.06336883872478537,-0.049069858813723936,-0.06742670285467295
-0.045598903526614845,-0.05352551550512487,-0.0382923080520266,-0.08632172210898231
0.026860013628675815,-0.03251471300399268,-0.0323400442816383,-0.11207159895296015
0.10730248880778641,-0.004401597843125971,-0.030805052505973575,-0.14201367362790596
0.17771387068647226,0.02541662446081265,-0.03147349732263452,-0.16650561566082103
0.22080840254354864,0.05186827688801662,-0.031201805868089825,-0.17221865548330434
0.22581090343818452,0.07160783436727886,-0.027126741144656193,-0.1477533660010132
0.19230161825117648,0.0837006173668353,-0.017812603405981557,-0.08938625374478622
0.1306725707122688,0.08940693487173218,-0.003957021944370073,-0.004507057188768669
0.05892750533885008,0.0912199364388484,0.011588300185525069,0.08896337337119223
-0.003130244864476231,0.0915881079305143,0.024517064366069295,0.16740962542541202
-0.040319588620714095,0.09186090333507207,0.030303724706352675,0.20916934222368017
-0.046866593708270114,0.09188933756058133,0.025623218395025037,0.20231834936256074
-0.027875341138900514,0.09042972543477691,0.009536153888104283,0.14964796705390154
0.0030098060108938243,0.08614735865838133,-0.015927764976587083,0.06873877948841525
0.028878520062946642,0.07873953143930194,-0.045997131230040046,-0.013257782014574965
0.0358429369947926,0.06961340682089673,-0.07418277787866955,-0.06856180148502125
0.018068322875416674,0.061711323968898626,-0.09385542003021663,-0.07838857716433985
-0.020247444935300424,0.058425867341575385,-0.09996402630957882,-0.03980049019850013
-0.06661135721532349,0.06195781347127134,-0.09042137227826977,0.03281049503552306
-0.10499584330139725,0.07177458025667638,-0.06675579684056393,0.11235311696997823
-0.12183702934471366,0.08388707832893369,-0.03382091986761284,0.16832368342013676
-0.11105907530527814,0.09142862004394095,0.001381485818729905,0.1775528529604662
-0.076300233510914,0.08655555276992923,0.03145108965913208,0.1325928879505569
-0.029563867619640437,0.0631587301681022,0.050421606481545096,0.044682373282235566
0.013168254243764898,0.0194822484266298,0.05515564175930396,-0.059882290937435134
0.03772793038686256,-0.040340977983945106,0.04591116310035325,-0.1487803814317111
0.0368450912393427,-0.10654556223500161,0.025946033749181106,-0.19494680890352947
0.012709108948004345,-0.1659152610488974,0.0003310487541984264,-0.18608589611438492
-0.023861788953429944,-0.20534682998148485,-0.025608522468879107,-0.12899671783580682
-0.05727576881163256,-0.2157200645024618,-0.04769613267518125,-0.04712496326683814
-0.07261278022574125,-0.19481397101727027,-0.06370324190748561,0.027816620507586553
-0.06070832135888973,-0.14826094900914155,-0.07333548199045066,0.06717883808160369
-0.021124162105052913,-0.08814844129035697,-0.07751210567779501,0.05560670961673667
0.0379281770092036,-0.029653025981898232,-0.07731817700429913,-0.0034912561073628806
0.10253311456915931,0.013246930345613764,-0.07313085403447717,-0.08918597291892974
0.15771578347694873,0.031624459361385415,-0.0643369785746847,-0.17052229395963306
0.192095673518796,0.023822820583734333,-0.049793842753189044,-0.21756673718566927
0.20097173372628085,-0.004594872954000462,-0.028839170802074827,-0.21205368563817462
0.1869278595852461,-0.04302906078655885,-0.002371744937394664,-0.15384744668769293
0.15798993732625638,-0.07932537045853794,0.02657137962844034,-0.0609636971816971
0.12422234912085664,-0.10334121916826636,0.05316158312415186,0.036789968027387876
0.09411745245544731,-0.10945059121727263,0.07210670128566679,0.10823123728200743
0.07206690411472846,-0.09730784672041728,0.07957724747456962,0.13155576233366315
0.057677218417083585,-0.07086749318999752,0.07500934525634664,0.10165428946968658
0.04693923109899623,-0.036276661416349304,0.06198386533209983,0.03151487388565927
0.03458337410225612,0.00041183301077309803,0.04762921287601096,-0.05262943967116754
0.01659666435923396,0.03482533676074736,0.04051053130415528,-0.12054472379346698
-0.008055111127510964,0.0646883222490085,0.04757451652210863,-0.14829130443918045
-0.0370362154247752,0.08916990430330371,0.07118263926512933,-0.12597920406110763
-0.0655452492101687,0.10773546914520822,0.10738295728874137,-0.060418044793674505
-0.0879971481185944,0.11925601232485744,0.14625366597716172,0.02801684484540219
-0.09975299999821025,0.12194414416933581,0.1744739258612812,0.1129359456365458
-0.0982777811525462,0.1142256321477583,0.17946210891353068,0.1710705492943772
-0.0834512708100849,0.09613126552503098,0.1537670540197264,0.18976009794956403
-0.057159937084538426,0.07044962245061913,0.09816930707293509,0.17032182822441494
-0.022572188021708697,0.04288791484196775,0.02227255394724227,0.12641910772766585
0.016465231593737757,0.020866436322853097,-0.05783296079396415,0.07834499370424916
0.05566796955741673,0.0111777614841367,-0.12423402227785452,0.04549739877065746
0.09026032031633496,0.01731940030225331,-0.16270990101188892,0.039785275341542754
0.11495074598510907,0.03759613281989606,-0.16722967245346806,0.06216702428349806
0.12432074046044797,0.06492930481297868,-0.1418229171689004,0.10324722754195732
0.113831314192355,0.08872760416380376,-0.09907622707879452,0.14735865139723248
0.08130485416199584,0.09837153651929526,-0.05568434525687134,0.17838996481773972
0.028388578297085455,0.08715499654828686,-0.026559567646872836,0.18517843964636116
-0.03867195556613577,0.0552117651602037,-0.019575286772795176,0.16466662861999987
-0.10951061481758426,0.0101954022824804,-0.03285559963017452,0.12200822589764437
-0.17153984769921704,-0.03477106024411591,-0.055651976145552146,0.06798096269822036
-0.21290326325239822,-0.06535858633299312,-0.07256335838680139,0.014972227945654712
-0.2256409694282973,-0.0711099467425963,-0.06961686050062688,-0.026863119339411948
-0.20802476003176526,-0.04951897038827296,-0.039992739408664574,-0.051975132418653466
-0.16519937432421544,-0.0075404935430257655,0.012760917578104037,-0.05977306116152885
-0.107790987423587,0.04019427747122463,0.07531687571116805,-0.053267277261956125
-0.04883809512079175,0.07601891988517899,0.12888529330796716,-0.036914281927285256
-8.188295830890285e-06,0.08522892543950723,0.15579744384622712,-0.014729594360075312
0.031649642949473124,0.06137108670521148,0.14600652088889976,0.010585115239947889
0.045323848010189044,0.008924554405021793,0.10110584479560372,0.03735362023863284
0.045899378345386155,-0.057672264838660586,0.03429814273300219,0.06391993808883055
0.04149112900423492,-0.11843883506100666,-0.03381638878816146,0.0876922176400868
0.039979242271347956,-0.15429036798211426,-0.08224228521601304,0.10492648663564544
0.04583376320626023,-0.15333941414028712,-0.09693490401149814,0.11152524369644637
0.05840480206450631,-0.11491842542038726,-0.07585423238108414,0.10457463335467433
0.0723072070573357,-0.04994410618666039,-0.02985456017588966,0.08391703569565655
0.07974473129064573,0.02251047396210098,0.021002758185248833,0.05295303630643444
0.07388704419315627,0.08128248785649606,0.05449030926661796,0.01814183755890767
0.052005735497405586,0.1097923152805263,0.05416394317493003,-0.012791211376598027
0.017146059952124315,0.1011208612356069,0.015414042142898748,-0.03335798206190928
-0.022362991796893023,0.05987337546320347,-0.05254730710814931,-0.04058204135954466
-0.05546691723629571,0.0003281039569563559,-0.12950951462348564,-0.03612387266642113
-0.07215086056739071,-0.05838546998685504,-0.19094925383819528,-0.025738994955934846
-0.06708479490760272,-0.0983903027427602,-0.21626858623099882,-0.01718341778493754
-0.04182850237277768,-0.10842692879266558,-0.19573166304620548,-0.01729286429837471
-0.004754569312389677,-0.08682047179416527,-0.13371326565041905,-0.029308661233894112
0.03137092630958431,-0.04127943252028616,-0.04717803164007006,-0.051462630320341346
0.05340046511133818,0.014163171905813947,0.0400183698000871,-0.07738416434512597
0.05210358219476885,0.06386419278714875,0.10497418312414927,-0.09822501194903988
0.025331777220066708,0.09532119229150518,0.1329998973488397,-0.10576459994961458
-0.02100665557162219,0.10249515582775369,0.12183186780410629,-0.09539819303977608
-0.07450624724670699,0.08685611812062209,0.08147555278423,-0.06795189433673779
-0.119884710830233,0.05612058858902912,0.029920642079612005,-0.029688728421942326
-0.14353691686436176,0.021369590501711933,-0.013594758153748887,0.009494375406687811
-0.13761390368587345,-0.00637088753876263,-0.035298757507448625,0.039063559290021976
-0.10238726595603512,-0.01902278576780506,-0.031215983577485375,0.05104532381570882
-0.046209189361672565,-0.01311243063659944,-0.007695773778003442,0.04240724406478845
0.016877418700135975,0.010009772402356974,0.02186319405356721,0.015920728086717646
0.07112355025352342,0.045128223076545085,0.042728659089706286,-0.020676216945330533
0.10345209529785113,0.0847813979409826,0.04480145403914765,-0.056868410039377024
0.10695712306877173,0.12100336897567987,0.02663221992198917,-0.08219263000497917
0.08255799402853539,0.14680751211407111,-0.003934845799311061,-0.08889081978320848
0.03841346889293352,0.1572485620170705,-0.032654334497802986,-0.07372295546781654
-0.012641907886841233,0.1500598631380147,-0.04419689114177378,-0.038588582994314516
-0.05682723868436321,0.12591257365443506,-0.0279450975502077,0.010047063271979517
-0.08320635606623963,0.08830335109282379,0.017796396849891122,0.06265616770612097
-0.08647014747366341,0.04302107571171383,0.08463084112854224,0.10867485839043559
-0.06797407420120875,-0.002848679828216332,0.1563023474402463,0.13862976991694076
-0.03482350121095587,-0.042314087928311594,0.21352525105290945,0.14599713146542498
0.0026321179743669133,-0.07001794500377048,0.23976416558694952,0.12850432271433593
0.03408709476802241,-0.08352725670528671,0.22607942373960174,0.08865820952880188
0.05233633712420192,-0.08393337166872869,0.17355639284345678,0.03336693910010802
0.05518364534828994,-0.07546819126178858,0.09270321688460365,-0.027357437102666714
0.04565107677179964,-0.06414496320160304,0.00020370065442701715,-0.08245083345328941
0.030472239897220824,-0.055791498477549425,-0.08579548970755224,-0.12222598283059691
0.017395230883318874,-0.05411234010670382,-0.15034478586902034,-0.14061901612280708
0.012207845562982746,-0.05946667690854518,-0.18496001811091803,-0.13663374308717352
0.016502396081562475,-0.06883280924965737,-0.18874235873530346,-0.1144941073322219
0.026974145634335603,-0.07700979051093537,-0.16733862140800498,-0.08234392279008781
0.036551633165684105,-0.07863751798375043,-0.13037486922096628,-0.04978138191809066
0.037036918648964294,-0.07028648354087819,-0.08834453351850724,-0.024935592875215
0.022389091008547926,-0.051820853894670865,-0.049917815504934515,-0.012016651240369571
-0.008494751654117581,-0.026507269717038814,-0.020328337841829625,-0.010183258430434869
-0.05054609552005138,0.00016993085323483217,-0.0010413160573610105,-0.014165009808802774
-0.09341142691758722,0.02251144925817535,0.009510155651292079,-0.01647008361077426
-0.12432416690335821,0.03661872950022118,0.014589256390076976,-0.010417310281905234
-0.13211896847726196,0.04161580737322984,0.017736566366665676,0.007114405759647984
-0.11108419646453212,0.03960480791397128,0.021663792448316312,0.034271448317960244
-0.06331576992104981,0.034419254326632856,0.027654241745657126,0.06473338281437994
0.001328502289632747,0.029753874614341567,0.03547456096370562,0.09001161859110537
0.0677958959213696,0.027519699327478147,0.04368299697739851,0.10270037138228888
0.1201841723412282,0.027174717783547464,0.0501801913476977,0.09942891200036019
0.14647663963288526,0.026344740879541237,0.05286052708631607,0.0823273149060966
0.14209368414277695,0.02245666093781365,0.050244734356279915,0.058358387557768225
0.1110523540140965,0.014614256508818464,0.04198258695457016,0.036695318080590233
0.06433103706267664,0.004780811218588168,0.029111660313491185,0.02512025413757616
0.01600734995601178,-0.0024129350868043525,0.013970657092844785,0.02686060777553597
-0.02147366616782971,-0.0013288312859496137,-0.00027799079500442046,0.03916993723167408
-0.04123104314411648,0.01213997831497891,-0.010454966599096577,0.05431411454135332
-0.04369998948173241,0.038220480936519,-0.01430936641039696,0.06267480993250968
-0.03562685460592022,0.07221608084927125,-0.011312931521862865,0.056800159565132326
-0.026753104781782455,0.10543634192109641,-0.0030036825754918995,0.03477880175098896
-0.025500546736776354,0.12798118065873287,0.007312220691977293,0.0014960044689285093
-0.03534705012590643,0.13244141995367253,0.015483984902064665,-0.03288942011620381
-0.05331622925294583,0.11707570465701814,0.017810508849606842,-0.05681381150575218
-0.07118475521929557,0.08708125128020126,0.012277122609026397,-0.062104270057415686
-0.0789423181462066,0.0532186846088963,-0.0007212922052232187,-0.047810290506896815
-0.06913220142513955,0.028062529923062282,-0.01847730435136709,-0.02143952672591488
-0.04031471704576574,0.021142283088232232,-0.036907854207544305,0.0031071836005973456
0.0018015888413646375,0.034806105158612405,-0.052028690242097,0.010344248790271321
0.04612274158466727,0.06251620372713483,-0.061432804931403934,-0.010918897048977748
0.08023762414327396,0.09046945561141384,-0.06520009141118899,-0.0628192963296817
0.09524315915970495,0.10220523059912912,-0.06584902110455473,-0.13668947049046293
0.08939738102999727,0.08467527272067295,-0.06729078069014897,-0.21514935471812668
0.06904667853191633,0.033578456171486255,-0.0731346125622845,-0.27745911384318095
0.04628945236901828,-0.04410033779355727,-0.08496932251022629,-0.3063017713864966
0.03412220543484501,-0.13147231114697894,-0.10129530498601343,-0.2935720112066506
0.040870577699410916,-0.20676055879846683,-0.11757292613711907,-0.24305928314163816
0.06610861387257438,-0.25029601325413153,-0.12745534028690975,-0.16903289465834023
0.09982323156453651,-0.2510453734837377,-0.12483183976040113,-0.0912511882863102
0.12541792898864856,-0.2103233228404014,-0.10598861082405357,-0.028250329978698103
0.12568559221450407,-0.14132455971690966,-0.07112155763576852,0.008596564553212088
0.08966614568196732,-0.06462405709113385,-0.02464312345232359,0.018076812782221872
0.0178208361075752,-0.0012709614961356197,0.025861357606686973,0.008175675044138674
-0.07657738293787836,0.03402030563027295,0.07170366462696012,-0.008310870871257404
-0.17065055593142087,0.03713994885077206,0.10551300581407352,-0.01971328917180966
-0.2388738874943776,0.01485585534147996,0.12322159073934397,-0.020505244863383357
-0.2615148304890006,-0.018837228640163923,0.12499787043955317,-0.013323907186286356
-0.23163065456616588,-0.048732839693058215,0.11488404980142586,-0.007157583477366393
-0.15809113301883226,-0.06436802199713895,0.09933204612022557,-0.012464736460878641
-0.0634123801686688,-0.0635886042554747,0.08517345305609608,-0.03530871762470904
0.02301948434530927,-0.05240821723436618,0.0776900283567636,-0.07308893463047458
0.0741308562232128,-0.0413738882886127,0.07934386965385318,-0.11389397678124462
0.07367724586624666,-0.04008344646303387,0.08944413878096615,-0.1400837088707316
0.021231503594873677,-0.05225710487324783,0.10469289552435077,-0.13496689161313394
-0.06800070761487936,-0.07353462534136612,0.12029526810909816,-0.09006831852108707
-0.16839197900126113,-0.09303280757000074,0.13122148426288494,-0.010043712481061465
-0.252264379648442,-0.09810679876263048,0.13327735483539538,0.0869796323405926
-0.29851824309481195,-0.08035787263945492,0.12381230483375794,0.17421291541451034
-0.2986228406658456,-0.040302554755574184,0.10207152771497899,0.22477446736513323
-0.25809870670580665,0.011453044531396147,0.0692963364083836,0.22108566496746856
-0.19327105719795934,0.05734155321962682,0.028662248637758486,0.16166705638544063
-0.12473491396901747,0.07932052718146768,-0.014948995735983737,0.06268859405292801
-0.07004435739311901,0.06631116059166677,-0.0554409001134642,-0.046562715313048654
-0.038253840518129203,0.019620204737146485,-0.0863673097531355,-0.1329442321428006
-0.028096035025729955,-0.046023365204072464,-0.10217445374242919,-0.1703331862688029
-0.03013089764801986,-0.1066051439355229,-0.09962613963371457,-0.14833565691203976
-0.031710167734282674,-0.1369442267465587,-0.07902088873804011,-0.0757481645435206
-0.022629688872070907,-0.11998281428161182,-0.044723741442421756,0.022480020595531593
0.0007693376576388463,-0.05381961061057579,-0.004640152734761602,0.11373681178571837
0.03453827365519102,0.046273438759372745,0.03144280238036916,0.16871261676552735
0.06930165601949184,0.15187178320555156,0.05431997842540139,0.1710094187166302
0.09458689059884046,0.23028975861889783,0.057952695332674393,0.12209114094779044
0.1034065418084748,0.2553538135623272,0.0413378612369658,0.03998249247165282
0.09518410440634045,0.21630201074795075,0.008968856416512495,-0.04762378106764955
0.07586772730992605,0.12165009020661618,-0.030382689773948368,-0.11322647240163061
0.05527046793276891,-0.0033790178607540564,-0.06626810250797262,-0.1387530334417722
0.042819052324687794,-0.12498536211777385,-0.08974282444269994,-0.12095036884103717
0.0435270970058505,-0.2116381327036757,-0.0960771641234138,-0.07123036794889656
0.055888237780599204,-0.24386226091189128,-0.08607098128169569,-0.01035838256826268
0.07257134885443521,-0.2196290826029862,-0.06551770396535044,0.03976899597086242
0.08363266542298703,-0.1536504865627809,-0.04301795679987952,0.06406422278149064
0.08091450837046278,-0.07109185967426669,-0.026939642230971277,0.05899951160486357
0.06179975251601809,0.0018085525069893877,-0.022629906251326198,0.03262116143136471
0.030735626250375136,0.04671738930750671,-0.030879487667212456,0.00015920787697819468
-0.0021692763101991835,0.05858693539087585,-0.04815382919041955,-0.02277587980883008
-0.024991581569273662,0.04571018063828408,-0.06842082434912075,-0.02660306572270752
-0.02880270992406092,0.024770847064227042,-0.08578745994266943,-0.011290788177331233
-0.01154287076283337,0.01305993035015518,-0.09685131537843816,0.01424042153981447
0.020610023731754128,0.02099627386996748,-0.10180337046509404,0.03636623537742154
0.05499702658065181,0.04783620413759017,-0.10383924405236648,0.042754024939554505
0.0767817646192257,0.0821224185482601,-0.1071427765945197,0.027580796331259025
0.07423894846886404,0.1065462690850307,-0.11431564089834217,-0.006136643887816848
0.04307741460929443,0.1052093923152489,-0.12438936526565367,-0.04795772430656829
-0.011799780607538217,0.07040455360756215,-0.13235633214651976,-0.08447709311052272
-0.07774237505452723,0.006292713154664224,-0.1305627263499139,-0.10489042633543774
-0.1384665587125199,-0.07190215271066623,-0.11154845414531375,-0.10531936041618464
-0.1793301963754386,-0.14283317109812593,-0.07129797863408202,-0.09010904421809816
-0.19187833296975965,-0.18622155432580845,-0.011635298832774693,-0.06960091453412781
-0.1760900807320141,-0.1896390468016965,0.059241049733835816,-0.05536341039785432
-0.13964703942268525,-0.15246856517317567,0.1284225937559279,-0.054925682483464036
-0.09464742482351095,-0.08575855131439111,0.1816810280006996,-0.06827003272844127
-0.05308889491676584,-0.008231175816426947,0.20746193499378512,-0.08761305161410927
-0.022810991234274273,0.059935782336259624,0.200130930817573,-0.10064002680213013
-0.0053145642054547165,0.10325638251148546,0.16139909246385514,-0.0959093407847788
0.0039022553312342556,0.11493026191257429,0.09952874258665567,-0.06820524085605573
0.012813558061366168,0.09756024448036321,0.026724075148154603,-0.021576431618986064
0.029236867274085004,0.060758118465106675,-0.044271713829606256,0.03131841521054887
0.0575130417705354,0.01690025434820028,-0.10315652249823931,0.07347431096236826
0.09666887464142332,-0.023199372919886982,-0.14370000657799192,0.0898675341485286
0.14059349357466405,-0.05315456981680842,-0.16373460743134613,0.07342686491679158
0.17998729146696324,-0.0716565240522669,-0.16392148737951756,0.02829510331162043
0.20524581956688104,-0.08113439720666435,-0.14617606274865286,-0.030978874891111813
0.20922797637199153,-0.08540599803707632,-0.11267428926183543,-0.0841380299237369
0.18906151656259887,-0.08753447533400546,-0.06595434160574201,-0.1121376214617664
0.14662110306257153,-0.08878533373208881,-0.009966278401105052,-0.10376211413250358
0.08783812464593452,-0.08890024502068508,0.048688051258008784,-0.05951516741369618
0.02134247193837771,-0.08721403716226031,0.1003448023296176,0.008618922850176609
-0.043020683863297784,-0.08376413595946275,0.13347692389332017,0.08140151584138071
-0.09547352271384944,-0.0796385014282193,0.13760050260114218,0.1389453808869926
-0.1273778395554441,-0.0763075854539668,0.10713296096700356,0.16725817203467958
-0.13230098116502165,-0.07432337547140141,0.04478860315108038,0.16238744968592705
-0.10725518456791638,-0.07221232881842948,-0.03704593792997375,0.13081198962434176
-0.054027301734215744,-0.06639710776894227,-0.11800907859632405,0.08617935479619904
0.019843227373457145,-0.05252018528069428,-0.17456230410851087,0.04384438215366625
0.10111523399327639,-0.027808025692963145,-0.18672662180109312,0.015397666797858941
0.17252171141235823,0.006545405965233597,-0.1446962114469736,0.005225907354008349
0.21621060356252048,0.04424101082782464,-0.05304177326408059,0.010211033940144477
0.21838117821093783,0.0749004755209233,0.06918641680676163,0.0223556800493208
0.1738590766206006,0.08731983189807996,0.19287854250336858,0.03296304371279217
0.08900873844045676,0.07398480886448926,0.2867126079316917,0.03646294273275319
-0.018389587970526422,0.035122852431026606,0.3261008569184275,0.032260021551763246
-0.1228474322426614,-0.019545852945566454,0.3004199463220783,0.02394036364882954
-0.1978156890181333,-0.07252820479353338,0.21617427370055337,0.01638799251731885
-0.22347496849142823,-0.1036592162969733,0.09502615262517028,0.012311249007578622
-0.19321253014340903,-0.09710302352349189,-0.03270086952129911,0.009954961393210532
-0.11648086059317465,-0.047809529009950794,-0.1369569738874572,0.003255588267378215
-0.016734727310751797,0.03511465578289392,-0.19647580241496054,-0.015403752911806864
0.0752833876749637,0.12976797174688104,-0.2041949553354074,-0.05090091772542228
0.13101598156364047,0.20757139322842358,-0.16801727439027567,-0.10142356029797572
0.13333838768534673,0.2423825734915743,-0.1069352796980382,-0.1567827101712304
0.0824768236607997,0.21958301772615246,-0.044066140220038394,-0.20013125748770255
-0.003552915813476762,0.14188813806212047,0.0009254421633029162,-0.2128992116426212
-0.09437711726865636,0.029595355809510848,0.01750365563873529,-0.18140222743215845
-0.1569748334386081,-0.0851495197209688,0.006353075285318472,-0.10274643567230142
-0.1665583312369836,-0.168370020474598,-0.022445167396919402,0.01229808347742583
-0.11501242705167716,-0.19526510608627456,-0.054115036588223364,0.14082646841826219
-0.014007681611193742,-0.15843724777704313,-0.07483448317557365,0.2535687105148707
0.10836121438102489,-0.07044333235051004,-0.07627015717132718,0.3231901767836237
0.2163930990452536,0.04030410123895377,-0.057557483800876344,0.3324345568074502
0.27818043641042417,0.13894667809543537,-0.02437013354860334,0.27938859751440814
0.27582251295310345,0.19569588011624156,0.014170774134103042,0.1780899684592148
0.21106454240046765,0.1955054679323205,0.0492875467502976,0.054279900625006865
0.10451062388251592,0.14260492622663773,0.07549920353629005,-0.06225201195560695
-0.011280328327517224,0.05841637615150749,0.09172777975307111,-0.1461662311239968
-0.10246346020549886,-0.02629600542577992,0.10041985871692086,-0.18315430411009453
-0.14476371429936916,-0.08219834701807349,0.10538046682006776,-0.1726149428986566
-0.13094179337469322,-0.09128064695167426,0.10947635761766905,-0.12587140393818977
-0.07250173510823407,-0.05248317820574344,0.11328853558761381,-0.060929999473209075
0.00475071611458895,0.01872942286745738,0.1152509471279484,0.004112512206715508
0.06963543275189815,0.09644252959594127,0.11306737233336173,0.0566207043738208
0.09591860005238131,0.15363986858189732,0.10558922089094677,0.09213516955436983
0.07059691186171808,0.17140246876385792,0.09412917735239726,0.11365588766340583
-0.0024567387894066537,0.14475407466181428,0.0824628484306599,0.1282228390709459
-0.10442503639082323,0.08330771382506497,0.07540194248576434,0.14246244470797564
-0.20810076720477244,0.0068250386436970924,0.07652260578867402,0.15899696906897356
-0.28664185033549155,-0.06238549897826777,0.08608554691333795,0.17509438252958
-0.32154066032940176,-0.10729148343950257,0.10018056991162902,0.18392237676783035
-0.3073005205922268,-0.12135973026032779,0.11165394157713435,0.1776926904368959
-0.25160430375682086,-0.10950908057839545,0.11262381697743196,0.15126933696159262
-0.17136603995436508,-0.08481893386586753,0.097673420590633,0.10472463968690943
-0.08639928687081656,-0.06259781518689053,0.06644355988288908,0.043853917093707874
-0.01306924281489485,-0.05428707595727422,0.024497147985552716,-0.02145066131897508
0.03994657791068465,-0.0635470789369991,-0.018042305967387887,-0.08020016134395366
0.07262581205922433,-0.08585145279080615,-0.04971007519383476,-0.12342719641288454
0.09141362934490523,-0.1114424084656021,-0.06165194750590389,-0.1462337402602501
0.10511036180123529,-0.13017342870188794,-0.050844541272256336,-0.14813887179942187
0.12062354530693017,-0.13609779665541366,-0.021348697111872532,-0.1318794433615701
0.14022071653900706,-0.12988540601681933,0.016922532146820907,-0.1014701897841391
0.16117070896353902,-0.11813884369473598,0.05150842934060651,-0.06057153655887805
0.1776443379190491,-0.11000824469441106,0.07158208562505416,-0.0119505661805318
0.18386417650383985,-0.11262788588056497,0.07148579164664909,0.04181239013431495
0.1770727800173748,-0.12736905910475996,0.05235332334446654,0.09692174068018039
0.15905913504841201,-0.1485482962093146,0.021289578221530287,0.14725767373086754
0.1356419804584762,-0.1652061227954189,-0.011493888819763785,0.18450275580037456
0.1143732513294684,-0.16530096355548957,-0.036433706571953696,0.19991096014623455
0.10144854540336654,-0.14065837853953148,-0.04781525788090655,0.1873188340942273
0.09911783380462479,-0.09067738606991929,-0.04525173545381948,0.1462742318219749
0.10467382155129257,-0.023255043026132797,-0.032997754840444746,0.083858457389963
0.11145637943052562,0.04753584447367287,-0.01752569796065612,0.014082823274914547
0.11150668349492553,0.10621541182355926,-0.004463253974041206,-0.04541799497004603
0.09884734779514405,0.14134733010140332,0.003803675621251213,-0.07859902567752367
0.07210483527455931,0.14961685000669422,0.00888820649514838,-0.07644575181772223
0.035423107953107186,0.13697589026467566,0.015263654523833759,-0.04065386349301338
-0.002747550004359535,0.1163821485484376,0.027777990744638215,0.01600238414581051
-0.032603567726069586,0.10292625033673691,0.04893191433229649,0.07308684451032949
-0.04663267933466327,0.10811156698377829,0.07712091110289626,0.10882937609197156
-0.04260918276468398,0.13536744188763303,0.10663021036423717,0.10736771924636013
-0.02479256997674158,0.17842942239200982,0.1294342696894002,0.06444243149811818
-0.0027941538427195224,0.2231846905363521,0.13809689331171776,-0.010512712810917622
0.011606528780190126,0.25234364728299374,0.12860644823887807,-0.09678040158885534
0.008675341049999345,0.25130921940107553,0.10200138165630297,-0.16863731967682102
-0.01545642488901298,0.2132207260078255,0.06413274664043614,-0.20351244872493446
-0.05671571053873889,0.14147104167917104,0.023667135862227396,-0.18934503583568396
-0.1035730713503564,0.04889666364315854,-0.010858409620329648,-0.1286853141416693
-0.14008784335357288,-0.04601630031681356,-0.03375026580883679,-0.03815402558084238
-0.15066862183805824,-0.12458704985691736,-0.04358414527107893,0.056573663918949454
-0.12511264244775966,-0.17324381918490445,-0.0428450313844118,0.12860836087218436
-0.06234007669431069,-0.18700609684588754,-0.03604264048705244,0.1579499754229487
0.028410236887230815,-0.17016167563138984,-0.02720528540908022,0.13726389772493974
0.12941076547539618,-0.13412042433829224,-0.01790761835915307,0.07357726200553091
0.21887195897003525,-0.09332993576146384,-0.006742313376899187,-0.014464622169984453
0.27673100393451816,-0.060685509723417685,0.009498844297166957,-0.10268984088616712
0.29012220261505617,-0.043907912803216376,0.033444601048977785,-0.16873218591070135
0.2569050920780326,-0.043927672624476014,0.06465300539467142,-0.19823837786942283
0.18617731038277813,-0.055588208536526976,0.09822534533498194,-0.1881237672905709
0.09558627404909947,-0.07022226041711326,0.12534655459596822,-0.14614984545814474
0.006213862286868933,-0.07910995170440757,0.1357997285396188,-0.08734167202098063
-0.06344934623887157,-0.07664146420206372,0.12165493576916489,-0.028718809028596082
-0.1026305549361632,-0.06220171002333269,0.08075780771852517,0.01581825173225778
-0.11094826659362703,-0.040268545613007564,0.018590076420759598,0.038888949095052944
-0.09781860480075369,-0.018798215057198843,-0.0524096135681726,0.040531991068813895
-0.07878599399296535,-0.006480410131967283,-0.11606765725902882,0.026743756900549177
-0.06993526531416594,-0.009743930411853948,-0.15727984022259772,0.006542708176974116
-0.08216353764869239,-0.030421789403001758,-0.1667892887725737,-0.011227378914412757
-0.11716162498100266,-0.06476084168921162,-0.14425444180364672,-0.020291906154313366
-0.16643809820947036,-0.10406611938250873,-0.09846833640039726,-0.017970989300733715
-0.21376299922418684,-0.13681660247588046,-0.04456775129177036,-0.004873038317727414
-0.24030773749900164,-0.1516918817631918,0.0008715093746366055,0.01624298458416086
-0.2308650656949362,-0.14070157531158967,0.025203843220753572,0.04176814753726165
-0.17914466318810704,-0.10156809017022178,0.023724569167150142,0.06817987167113726
-0.09039667178476982,-0.0386896353457795,0.0009677393725627198,0.09242060571860636
0.01954981037762512,0.03763265009517537,-0.031122731654103546,0.11186884954716915
0.12859474676706137,0.11356330078902185,-0.0574878049583723,0.12424317464970686
0.21468891387983918,0.17511395894372211,-0.06522440480881586,0.1277452208938183
0.2621647453565534,0.2116466229346947,-0.0480440931172464,0.12152956386059245
0.26605434041529646,0.21853191893590276,-0.008449254306224011,0.1063153422687271
0.23302633712167764,0.198194072187615,0.04303777213263632,0.08477651296572988
0.1786869123869267,0.15921123104050067,0.09125976989640133,0.06136403242327465
0.12219212946260857,0.11370158813906159,0.12124868716526156,0.0414269406718678
0.08000164627927116,0.07374717655028157,0.1229005014331443,0.029815612965356654
0.060864300988404285,0.047920478735054964,0.09404057994980478,0.029421376381179764
0.0636729761510801,0.038970395438660474,0.04100865331452487,0.04019944162316098
0.07881513559000655,0.04337869133764782,-0.023283639566501455,0.05908094828527824
0.09242802545856496,0.05291335417792677,-0.08309646862173399,0.08085385032435764
0.09196937984489371,0.05766597186618162,-0.12419889359050185,0.09971581691260636
0.07108538907600997,0.0495784977221866,-0.13752181763570967,0.11093717250516821
0.03204663385008822,0.025306856233923807,-0.12116656058433764,0.11203595025900084
-0.01507682546675675,-0.012506341671386575,-0.08036912132342443,0.1030805287610179
-0.05614318127074173,-0.055943456307766,-0.02562536846007077,0.08610892420696076
-0.07816606386686252,-0.09424039286491814,0.030348050265879396,0.06402558441271025
-0.07411020687397776,-0.1171052465633787,0.07591753794330118,0.03954117001003324
-0.04550285191218757,-0.1178338353755094,0.10324040521811413,0.014662997658077107
-0.0019233333881668244,-0.09524065738607287,0.1097618655504603,-0.009056784778474537
0.04241564727896495,-0.05386177803123869,0.09824289296274347,-0.029720899437636276
0.0737177872889995,-0.002482888778215466,0.07542993518643176,-0.044275996832555224
0.08342023160706566,0.04841708693288509,0.049784001888069286,-0.048325528726787276
0.07101810734597533,0.08942497623540302,0.028884207033208258,-0.03698290755177659
0.043888913401168184,0.11431192155047341,0.017185829450308825,-0.0067193247252466445
0.014227699549636968,0.12099331865255333,0.014735761197073894,0.04236300103630529
-0.005727724684768814,0.1112730666001245,0.017232040833273052,0.10475807839941664
-0.008380774700204246,0.08972284706184908,0.01748343084647768,0.16921950738856545
0.006377494934327117,0.06225057159866809,0.007936728592246157,0.22040646436381695
0.031200771946817512,0.034858737596390466,-0.016413893318808728,0.24237987048585535
0.054150263116006334,0.01284532949880569,-0.05562752812216321,0.22308559680721335
0.06327611689391914,0.0003999721760440996,-0.10378120744993388,0.15846055647407098
0.05116790824106657,0.00035151669613890484,-0.14983176978883517,0.05474264164670618
0.01775053425712357,0.01382493224219865,-0.18035732931465281,-0.07198098134966323
-0.029720539103398134,0.039755048436865746,-0.18352853034498867,-0.19911602684383872
-0.07943918994154056,0.07447106819115384,-0.15315427812395388,-0.30297846961857255
-0.11951884178146596,0.11174863936723173,-0.09146739111383906,-0.3647504484404535
-0.14242234780920543,0.14369443120930606,-0.009574825277899818,-0.37520277209049935
-0.14763433416387295,0.1625484641320154,0.07483798208156447,-0.33676137711162335
-0.1415280464417294,0.16305443786824364,0.14207545680629663,-0.26232150463393455
-0.1344528586753873,0.1446467047034245,0.17598824261217597,-0.17123920137580428
-0.13614284767064255,0.11254141487483296,0.16879097622231687,-0.08380522162847502
-0.15121475930157208,0.07702919863159666,0.123534959102698,-0.01593503818293698
-0.17652976647738905,0.05083043812641096,0.053315695714818964,0.024346717914300514
-0.20152908818183088,0.0451138831598529,-0.022654119741009008,0.037718935687316914
-0.21156080148972126,0.06541262614678287,-0.08491130483815687,0.03170172944134325
-0.19309656357542238,0.10891904489551747,-0.11965460973178069,0.017016237104626828
-0.139005897390106,0.16434463122823145,-0.12274304313770694,0.003568140651652731
-0.05198335787865267,0.21473553561717185,-0.1004388062368884,-0.002558804668494798
0.0551604096507331,0.24259004518443808,-0.06666014713377758,-0.00021057695962060658
0.16255099692380914,0.23570651254518885,-0.037721888623827415,0.007745794952734074
0.24869545187634984,0.19176455279114024,-0.026425702301457056,0.016718044972658528
0.2965496826300839,0.11991712596857015,-0.037592018389489265,0.02299037134115441
0.298241015636911,0.03860355510132717,-0.06660644377438918,0.02554051938607326
0.25696375717383757,-0.029913585254760913,-0.10146452362103481,0.02638929407354476
0.18554418801060407,-0.06658667795919102,-0.1275310503183979,0.029443004055827282
0.10228558315448932,-0.061841434497430965,-0.13324608125854898,0.03840814296907285
0.025559569622900118,-0.018862854793934104,-0.1146711937932616,0.054713916261192944
-0.031078641795141637,0.047323322218047845,-0.07720180847556618,0.07634625137824393
-0.06178548496222411,0.11476320901307195,-0.033815331749891736,0.09810604569847163
-0.06865559255108694,0.1618547300784543,-0.0004945514748383381,0.11322124953805668
-0.05955128775756933,0.17449639539357037,0.009507307357197785,0.11570128992404011
-0.04457146685199261,0.15061271080183836,-0.009514989851999113,0.1025326220589046
-0.03251711749038537,0.10046799242943585,-0.05353841257903003,0.07488060352042869
-0.028512212972919403,0.042670403575412796,-0.11001732970887917,0.03784925943709054
-0.03334583416068633,-0.002690106435927057,-0.16199740229252568,-0.001101138973425216
-0.04437905750851112,-0.02129554007812862,-0.1936379858618224,-0.03448310725280378
-0.0573021038507473,-0.009633764692252512,-0.19519377541530006,-0.057006020272560354
-0.06783859063845232,0.02398528923612769,-0.1657755585756459,-0.06691594360707687
-0.07271396160571278,0.06275854168515954,-0.11307212720533384,-0.06603262081694519
-0.06970056854060686,0.08780263611154818,-0.05032872036749539,-0.05856587294288192
-0.05707855522067505,0.08526811688157815,0.008179803632070343,-0.04923913496518239
-0.03316220931770314,0.05153145810953421,0.05150901946936293,-0.041471674716647644
0.0035089495474112187,-0.005431244580059042,0.07477120735785378,-0.03629864661466367
0.05310612524503153,-0.06896198266224762,0.07948584197324929,-0.032381355581928103
0.11291958351903499,-0.11981437605754433,0.07174731983453886,-0.027016238745490462
0.17603892556009143,-0.14314358001999222,0.059177038230479304,-0.017666180114750202
0.23122566014974658,-0.1338034354690866,0.0479563210000876,-0.003357465635200136
0.2645832936129131,-0.09801522720460962,0.04103169606549674,0.014629562465936698
0.2629609583036243,-0.05083820751489399,0.03797353840107385,0.03304266434427361
0.21824840692329178,-0.010435556991370939,0.03623574736290771,0.047780935838372784
0.13115130723373558,0.00869331575319169,0.03302010222183874,0.055395021349459464
0.01294236775066401,0.0009867325980257402,0.026805300070272476,0.05436093655146416
-0.11583233874517308,-0.02833842125825784,0.017884562515975692,0.04562576215316004
-0.2297682715213215,-0.06551581735985057,0.007808206757654765,0.03221894717865229
-0.3051176707523944,-0.09364233078695444,-0.001819198983721607,0.01809182131301996
-0.32652794800723495,-0.09921381454447813,-0.01043914870998562,0.006645128456132409
-0.2918480484335868,-0.07733116130722065,-0.018876196387170335,-0.0004831527932824056
-0.2132986645279437,-0.03364802937844645,-0.028673380181293465,-0.00390860561989557
-0.11437843268678523,0.017635465544985823,-0.04073965414407842,-0.006095522581329563
-0.023244449136099368,0.05895525162196587,-0.054036046366771805,-0.010230693332738988
0.035496248533298684,0.07579964131695865,-0.06509365365085018,-0.018825688456066803
0.04803954611170547,0.06198713882819693,-0.06882460184914822,-0.03259621956680198
0.015354335453185123,0.021883630664347342,-0.060489727733783985,-0.050054484306417506
-0.04745595996017837,-0.03121465738080078,-0.03808783918575492,-0.06797239875915541
-0.11625457096356658,-0.07989498096142483,-0.00411189121524008,-0.08253782534055576
-0.16583138169516862,-0.10884993364479241,0.03425040102642918,-0.09075986892509358
-0.178163998376265,-0.11024179392684758,0.06682911752342995,-0.09158276607919083
-0.14830092258229122,-0.08629897947425469,0.08367055897003436,-0.08627631953398943
-0.08595019452587285,-0.048271134802688215,0.07861351013664702,-0.07794339471872223
-0.012255656782640362,-0.012194255769978679,0.05186015498212538,-0.0703204595504901
0.047184797729203365,0.006955905536587696,0.010436615682535346,-0.06632131655548226
0.0707812227003123,0.0006135374909033847,-0.03380777640869148,-0.06688493880828358
0.04814578144406097,-0.030397296886947374,-0.06806479135387436,-0.07059219496657934
-0.016296185304419848,-0.07623496866610724,-0.08293227886008833,-0.07424380143026585
-0.10441041726609074,-0.12154316498233365,-0.07565611661452518,-0.07423708723322758
-0.18977311548340547,-0.1507825605478016,-0.05099791024642484,-0.06826705743871325
-0.24563342889523593,-0.153507109375767,-0.019358543618872695,-0.05672068205646654
-0.2528815359466059,-0.1277959005017796,0.007158242772978638,-0.043194225447667815
-0.20555879995983672,-0.080756668978575,0.019248622876760466,-0.033830777384582365
-0.11230798205090287,-0.026055554253460546,0.013750083269473117,-0.03556726235886421
0.006500399485010022,0.020576253473104045,-0.005458510871072374,-0.05377022002832221
0.12487127701930198,0.04629166899621989,-0.02931567528366972,-0.08999617254198179
0.21848830330037328,0.044911468886573214,-0.04741472856743357,-0.14064238141380786
0.270956551420135,0.018408053213846476,-0.05224885646136399,-0.19703407397049613
0.27722894987614,-0.024222265215771695,-0.0421340726184563,-0.247081511423838
0.24348651456560227,-0.07015068531757408,-0.02162684327209462,-0.27815612914538324
0.18391331144432704,-0.10681368135506403,0.0007095035355419773,-0.2804296619092977
0.11572460646693383,-0.1255754353902167,0.016227289847414384,-0.24972608963825554
0.05418781902255056,-0.12387208235960036,0.02012206464928403,-0.18902519886914704
0.009143265967343009,-0.10532794937744155,0.013653793494813361,-0.10811429195376113
-0.016173956315549104,-0.07800533291225528,0.003643641530505462,-0.0214114761564649
-0.024094691411445657,-0.05149767722311891,-0.000628488332860111,0.05547706419212131
-0.020076892321902393,-0.03384699802122915,0.008127089266874466,0.10951940128886323
-0.010022813365296764,-0.029212838658810938,0.03130660573118498,0.1332883589797495
0.0016281260724753336,-0.03690074023715523,0.06281397718889253,0.12642212633058064
0.012513995543372996,-0.05190280105443211,0.09064427221611904,0.09514776836817317
0.021788592872154264,-0.06666052583005917,0.10123526599292829,0.050083483705690476
0.02899514252630313,-0.07345186576429154,0.08498657385791086,0.0030462842543958774
0.033154710375954674,-0.06669393387447821,0.040758563805747425,-0.03613367947835347
0.03264324999344978,-0.04454110658534266,-0.022558742814374262,-0.06184098936795112
0.025966290449508052,-0.009395997547007283,-0.08824958853857962,-0.07334963022653296
0.013034001304145481,0.03273821561778001,-0.13713514425835982,-0.07388847837056386
-0.003777970664476422,0.07383249859727023,-0.15420457773158597,-0.06857951861724347
-0.01947828693807966,0.1058760145340229,-0.1340454640841831,-0.06208208479637668
-0.027560588931062537,0.12283018292040478,-0.08297715027142155,-0.056821631897668215
-0.022144723501683092,0.12197622981540517,-0.016996245916144043,-0.05240987235141173
-0.00043457744649290017,0.10431663025337365,0.04377145944799002,-0.04637825729295967
0.03548276659759159,0.0739602685784935,0.08206910568163625,-0.03583077043611831
0.0783348905585678,0.0367147339429446,0.08933595674679293,-0.019269160664427708
0.1172001192288791,-0.0016555644808482275,0.0681785037049158,0.0022116885109197144
0.1405421586011012,-0.03694523371771975,0.03059378966573144,0.024896335003444223
0.1397986702287305,-0.06731253359672396,-0.007293512846596163,0.043644302660523285
0.11229278396514056,-0.09312910844764968,-0.031854561798633885,0.05384975283026338
0.062398214616255596,-0.11596975813977045,-0.03728356725979108,0.05336691136089844
0.00045973508602931146,-0.13716057269091436,-0.027495133161415317,0.04357959697154526
-0.06024635117025881,-0.1564915830292843,-0.013840069232935084,0.029107343206656533
-0.10751816819199675,-0.1716690579983411,-0.009587963373737164,0.016179062033764888
-0.13383933474569315,-0.17882364655408373,-0.023465940358160863,0.010259803746628908
-0.13835364160151914,-0.17398199536349152,-0.05498017555617974,0.013862201136823737
-0.12653628074230927,-0.1549967213798208,-0.0935858971810149,0.025459228378245803
-0.10771973942169781,-0.123175589254946,-0.12225375273777019,0.040023529889582785
-0.09140694037025435,-0.08387301393071822,-0.12419376862425319,0.051086007517857315
-0.08374058092899123,-0.04562612383131011,-0.09015114565570079,0.05357299227022429
-0.08543061299412252,-0.01793877138877151,-0.0233307571394284,0.046302908384219334
-0.09189186209788021,-0.008355977986025265,0.06018998698277707,0.033069888550071196
-0.09551168486335115,-0.019819341260362142,0.13602099071995005,0.021724715610501162
-0.08916123312685227,-0.049297274381162146,0.1795325573042597,0.021421157931784056
-0.06958432751607234,-0.0883096798337353,0.17456429379967656,0.03894685551730686
-0.03932678676095353,-0.12532559539955476,0.11954072259061076,0.07550485588639953
-0.006400037153059982,-0.14932709557929189,0.02863951187663584,0.12525708984103948
0.01828700842475181,-0.15335943787081413,-0.07255124627344021,0.17637054970967073
0.024853221533864468,-0.13681895204278996,-0.15541312404733276,0.21440700132613627
0.00832251735284939,-0.10561756002504172,-0.19772979041049316,0.226993710714816
-0.028975342967901684,-0.07008730900769625,-0.1907803914395485,0.20815313745325179
-0.07741338132017794,-0.04129741913914778,-0.14156324391829495,0.1606891497564431
-0.12258222955387758,-0.027053544807781264,-0.06942721114213381,0.09565245866475064
-0.14953209068592924,-0.029004433028902783,0.0015380018794857037,0.028934835723731255
-0.14736037940375202,-0.04192178598025831,0.0514448422656735,-0.02389742426755876
-0.11264542877262537,-0.05546170283269996,0.07152317672517877,-0.052724364954244485
-0.05062636681297177,-0.05782917608301276,0.06646258137947988,-0.05608941931848899
0.026205121588823314,-0.040073920451724476,0.05140464321125725,-0.04129483911799973
0.10158175382829418,0.0004963578066890309,0.04485303214050608,-0.021277918386118824
0.1598445813180638,0.058996705524824236,0.0603143135260046,-0.009368221953783853
0.18985311626537993,0.12421154938336362,0.09994755387846058,-0.013853867681856789
0.18729677877229955,0.18197223712533964,0.1527193087458173,-0.034417923633351055
0.1548937263077762,0.2194881494946745,0.1978391058372615,-0.0618694537016828
0.10069034067462636,0.2291450753628378,0.21224687580452,-0.08140019909247559
0.035254616302216976,0.21051439822473,0.17939366382080843,-0.0782765254290344
-0.03120053443645826,0.1699889671938387,0.09606733287584047,-0.04391809276928905
-0.09087368125180945,0.11831720249505323,-0.02526628329841955,0.019910536953919207
-0.13915827594649902,0.06702494337086085,-0.1594958279855438,0.10045553336740523
-0.17423401717022022,0.02503497147564176,-0.2762210276138291,0.17728922173373937
-0.1959642116502004,-0.0033839036839035733,-0.34886663383826955,0.2285627550283269
-0.20475233287613498,-0.018790523896089484,-0.3624337013239575,0.2380775063605545
-0.20087778443973225,-0.02506637709077293,-0.3173489064493971,0.20071096981271394
-0.1845021282836929,-0.027042406248470277,-0.22833272008784072,0.12427745664067885
-0.15617684054476128,-0.028315142764577732,-0.1189785972185473,0.027150352291650512
-0.11745319376532914,-0.030115606967224075,-0.014160478188819159,-0.06752950717054283
-0.07118400758403096,-0.03156283294049628,0.06703287216033829,-0.13903355930879652
-0.02130016136786967,-0.03100065990893406,0.11556043980392504,-0.17512413599100973
0.027865986086202454,-0.02765021001530968,0.13281684426335538,-0.17498577545095598
0.07239982323049583,-0.02270191283919775,0.12756233395709837,-0.14814374260357022
0.1093858403840609,-0.019256066818079287,0.11101115845050279,-0.10997879107681688
0.13700222307006177,-0.02106917859736546,0.09217912490544361,-0.07566295560889671
0.15414747177077376,-0.03063437614950201,0.07523457780666341,-0.054845684278171755
0.15988700787356713,-0.047469547961615274,0.05960271621267034,-0.04903222726659581
0.1531375240167954,-0.0674539330870705,0.04237547443918209,-0.05247693331335583
0.13291736676635363,-0.08364973010237979,0.021661637533981433,-0.056002746597619196
0.09920527561245862,-0.0884338752462038,-0.0007833200030943795,-0.05200573893055312
0.054089084882877066,-0.07619954659648379,-0.018904411550519216,-0.038459909863119965
0.0026217190914749403,-0.045604666721995334,-0.02402810530504787,-0.020176914774854723
-0.04722089062059386,-0.00046919506191739346,-0.008223746416219755,-0.0067266432110237515
-0.08581677358922966,0.05108771377289602,0.03202071338221657,-0.00783457443232656
-0.1042645984894987,0.09901668186706467,0.0933220094661089,-0.028179113327145698
-0.09718320457600606,0.1343852945953563,0.16518579245177115,-0.06386469799416414
-0.06496539469347477,0.1520182068763895,0.23226434386904768,-0.10228059576921102
-0.014539939644236114,0.15180441798230765,0.27839461467805476,-0.12576524999728497
0.04188383920038579,0.13825600217359865,0.29110263919000756,-0.11796655216773379
0.08992979600661757,0.11855834262964932,0.2651347734854793,-0.0706134242879203
0.11716260085965534,0.09989468729406456,0.20395531213859142,0.011930467924342408
0.11687389697275088,0.08705014158714527,0.11885673548351666,0.11230298169456895
0.09023240049866459,0.08112828587930354,0.026084579266809522,0.20449072239401206
0.04597187421694253,0.07973368904657746,-0.05708015821986358,0.26168049612906413
-0.002383792239870706,0.0783919398504585,-0.11616348844029627,0.2650432906976712
-0.0408870426311357,0.07253324565677907,-0.14233694369969874,0.2103999909281885
-0.059658325470683726,0.059226267483751226,-0.13374322422118803,0.11033286174776348
-0.05595312383991547,0.038049852171622225,-0.09526324201144198,-0.009175837950247168
-0.03473285756958659,0.01092094096867884,-0.03702678681858848,-0.11660457397285895
-0.006548400589359231,-0.01884543467879483,0.027868489333756172,-0.18468700727222115
0.016489499111969407,-0.04768659959851274,0.08596112025304825,-0.19885946303991942
0.025184678163490466,-0.07260402949030309,0.12595289414278066,-0.16150925699409302
0.016546666812901893,-0.09136155733954499,0.14081688793569425,-0.09060186937247416
-0.005290119159292337,-0.10218632034726738,0.12916231988645493,-0.013194932125153382
-0.030827701148856246,-0.10339395336553198,0.09554866229634731,0.043903657353617995
-0.04896173592912101,-0.09341660706619362,0.049533971075095676,0.06312166724055118
-0.051315448436654254,-0.07147915512956535,0.0034694623657218725,0.04170920149551174
-0.03553085003224578,-0.03874854845456309,-0.03059925475935877,-0.007898066140981427
-0.006304868675176096,0.0006192736936322541,-0.044197701020969204,-0.06293567030580327
0.02618519700015203,0.039272479428741576,-0.03490640306851267,-0.0985962351099876
0.04984423915518807,0.0678310530681267,-0.007186161847125389,-0.09682691930013934
0.05486000616496633,0.0774311700785276,0.02891282583307813,-0.05262872489358632
0.036988768670794946,0.06298422720647118,0.060937666841298616,0.02420879587900504
-0.0012375517893793674,0.025981113847673227,0.07818218750754713,0.11238608821645327
-0.051724921247588186,-0.024419988462647358,0.07540075010800708,0.18612476680768356
-0.10386635907060948,-0.07285059323280882,0.05469762030953741,0.2234817687263408
-0.14817113688070788,-0.10170517084039538,0.02475188444901183,0.21316006063560355
-0.17906057079509538,-0.09661679393470513,-0.0025225627880471266,0.1576685469692667
-0.19582163716520706,-0.05169116719365455,-0.016780138522072705,0.07200805079495323
-0.20150247993698625,0.027396988211396273,-0.013735490452331231,-0.021422429898105253
-0.20038771524492388,0.12379078385725353,0.00247001960181914,-0.09982254587280759
-0.19525842527234796,0.2135553476612607,0.02016939511701427,-0.14654300057498723
-0.18569354059170373,0.2724333524543717,0.024294970293971253,-0.15519052678682654
-0.16818923396525104,0.28317119943147495,0.002406079129147861,-0.1302567928905526
-0.13806273495221622,0.24100348825824866,-0.04957510468832378,-0.08446005584317823
-0.09230520514681761,0.15539778504264257,-0.12420560321435868,-0.03401385239947856
-0.032092716881717685,0.047375540133047185,-0.20343733084738924,0.006455209050133168
0.03624672481328821,-0.05677640325826816,-0.2636684358032649,0.027740231134867725
0.10240320578881337,-0.13334205800004223,-0.28342161283372436,0.027668561850507086
0.15509686409393855,-0.1679616537172397,-0.2510279224104262,0.010387325159824932
0.18583190690043386,-0.1591469185566729,-0.16949624186820833,-0.016032157377018564
0.1919099205299125,-0.11747321932918502,-0.05659743173944898,-0.04260952841830845
0.17743393521973622,-0.0609255276756886,0.06017127457199975,-0.06204611808912723
0.15178216037172476,-0.00820888001700041,0.15222549139387878,-0.07021277752534817
0.1260273147437712,0.02751622754636084,0.19923764793529058,-0.06637356014929748
0.10862912273324157,0.042277681833871386,0.19590805313150134,-0.05243509040405437
0.10208374200914996,0.041183834100800544,0.15369093696625613,-0.03174533155178716
0.10191137463636411,0.03488316516500946,0.09673698933242897,-0.00794623732428294
0.09849653746074186,0.03419099830621236,0.053365445921308374,0.015813780892297815
0.0811865086164763,0.045109508200481055,0.04600328178340981,0.03724716929773042
0.0431308777987931,0.06621539236532148,0.08312286389849904,0.05498464776098593
-0.015022199853719694,0.0893761873857098,0.15603849067964876,0.06847231599114667
-0.08410666499146696,0.10339231924814324,0.24171563466625826,0.07779104131358267
-0.14867271980629893,0.09898952236649469,0.31061697296959123,0.08338890272960403
-0.1918370681947993,0.07306498329395672,0.3368282088363165,0.08568634694159322
-0.20109709924041191,0.030418226684519375,0.30691956318826513,0.08458149842255089
-0.17303100909118482,-0.0177656791816765,0.22448511311941766,0.07901633437541855
-0.11514120877691768,-0.05808774173218163,0.1088729862501277,0.06687355104439427
-0.04408193756189075,-0.0800868955827089,-0.011309407392531574,0.04546135867821231
0.0192139174225485,-0.08029188203848249,-0.10751841054437261,0.01266144307711193
0.0558971129009732,-0.06352483316574967,-0.16012488227273292,-0.031495980461462666
0.05492388477752385,-0.040904328814399496,-0.16379868449317364,-0.08338211289157112
0.016252611465122843,-0.025317733835251748,-0.12779832017272635,-0.13515579691335916
-0.04946262400752246,-0.026152264299721284,-0.07142416440301755,-0.17557507884503562
-0.12443466360127231,-0.04538356711985901,-0.016590256721488804,-0.19239991021294603
-0.1892256412586903,-0.07659455124343048,0.019639216648699335,-0.17594227321382477
-0.2282480935515994,-0.1073432669083294,0.029906611969917743,-0.12274572655668835
-0.23352500088556782,-0.12397420569648124,0.01733441897757458,-0.03808604411902615
-0.2057055670560118,-0.11699781225604808,-0.00762287847432192,0.06384847417588325
-0.15238810701366823,-0.08493261247107545,-0.03262428658278463,0.16260076546674782
-0.0847395292963783,-0.03510397170168072,-0.048821147792817765,0.23648231750717275
-0.013875392448457646,0.018915272704370115,-0.05403294045988102,0.26865847299131157
0.05167188163420435,0.06222638327429725,-0.05263512600143029,0.25238917498908153
0.1067140027458197,0.08398025787336168,-0.05249098794745332,0.19360224480271304
0.14856707348126308,0.081142308668566,-0.06046018127728881,0.10970431896554425
0.1754716296938129,0.05923752062867177,-0.0785311668993765,0.02472040909596518
0.18537590723120106,0.029867198741310455,-0.10227585297545305,-0.03789126948375723
0.17589632569331576,0.006053494201122371,-0.12228854647448564,-0.06252161940569029
0.1455939128035923,-0.0027066139897413775,-0.12799391044274427,-0.046396354752928845
0.09595695049612465,0.00626688126585374,-0.11221844909974506,-0.0005230953795223106
0.0330030132384945,0.028429152173012444,-0.0746126145210712,0.05385714535146652
-0.032563187933063224,0.054520061333429966,-0.02249313376088847,0.09227326202793223
-0.0871621619523067,0.0748357149920861,0.03126841847155942,0.09524470996015644
-0.11780756190405624,0.08340816506959876,0.07249714738021809,0.05501295472816506
-0.11612368493173614,0.0803131493365383,0.09045786026708523,-0.021481573337294904
-0.08141285397183577,0.07113895475094208,0.08128641910126146,-0.1144229835738915
-0.02147442374406229,0.06386733837683525,0.048874786857407954,-0.19719952920259082
0.04936803358765518,0.06453820178825158,0.003014731297759094,-0.24477544293406306
0.11453986470743101,0.07362767143490681,-0.044320232709830855,-0.24162889912006563
0.16038404862012673,0.08482429303859537,-0.0830023872372411,-0.18668446597154043
0.18040112478023967,0.0869255511493625,-0.10752245976120964,-0.09368093575344516
0.17700077178713625,0.06827701064782736,-0.11757008370176802,0.013068257858313951
0.16008140240301932,0.022064201471111277,-0.11646555371759484,0.10606718047220029
0.14292411125271098,-0.049696653416691654,-0.10839609608527395,0.16275344132474742
0.1369081875422848,-0.13522947223803966,-0.09586502666737526,0.17177128919929338
0.14702864961306633,-0.21577004939114774,-0.07858058007065291,0.13554710813149384
0.16992508519556626,-0.27125278634432515,-0.05428579451379958,0.06859772867112748
0.19520196438044207,-0.286950992817405,-0.02108704524736679,-0.007601709287828965
0.20957578950222455,-0.25865140908800943,0.019905564964874105,-0.0713321055820994
0.20229449092890195,-0.19440005209372496,0.0630259440770283,-0.10672495620326354
0.16975883771936973,-0.11207241069525435,0.0985659343286451,-0.10744377515638726
0.117540514462294,-0.033545931263750196,0.11544619134823,-0.077119509002031
0.05894783755316965,0.022487919570124137,0.10515611360780286,-0.026842167568495827
0.010584082137592689,0.04651921191936746,0.06542685047104226,0.02908586934484464
-0.013510999230562828,0.04089644667336764,0.0020759789926795627,0.07754546405336837
-0.006983079253957414,0.018269232506341576,-0.07190397066151455,0.10976507140374844
0.026367305784405413,-0.0035769360037095424,-0.13988798012069428,0.12252771132121443
0.07372860960773495,-0.008569333233752328,-0.1866157540433389,0.11749785815139197
0.11767617981436623,0.011620663426802229,-0.2028499009631421,0.09938054529092039
0.14226965482252096,0.054516675949524085,-0.18798112576096787,0.07387522277835934
0.1386676435863921,0.10777435910485676,-0.14962792044087123,0.046212034631717996
0.10824795194737227,0.15367286293616936,-0.10042766587729965,0.020593387132922823
0.06212361536150894,0.17545130437989145,-0.05329744958141419,0.0003489860140008065
0.01724236780444278,0.1631786642387575,-0.017021337210097815,-0.011715570712896958
-0.009527730987398814,0.11710453981335225,0.0061403838667730345,-0.013305062523485246
-0.007231102335100333,0.04742889479236666,0.01996527911999558,-0.003194635558169431
0.025449177392749343,-0.02924473302917698,0.03123603121793136,0.017826261659826717
0.07980696591541656,-0.09534957101258257,0.04554070783664263,0.04616245211994263
0.14010056262460469,-0.13769240393536886,0.06377248479859914,0.07539273773551385
0.1887687089747478,-0.15087681657428711,0.08091386025806865,0.097395327731747
0.2120093234273593,-0.13783301476639212,0.08774548748746547,0.10451216347617504
0.2038241375855483,-0.10759481723774904,0.07488663187026451,0.09213035506301943
0.16727146128081172,-0.07143543142261728,0.03755084899342048,0.06074346298598099
0.11271485994487769,-0.03894193727536245,-0.020991509072113383,0.016601271987245352
0.053909268628696244,-0.015438162722678062,-0.08883771291157705,-0.029518099928407142
0.00344821035286301,-0.001477523629199371,-0.1482811118093565,-0.06521627132968177
-0.030815723721845503,0.005765010950685462,-0.18123309180246416,-0.08021208912701092
-0.047260905576970234,0.010099099637660838,-0.17536705632580843,-0.06967497591123996
-0.049637511227847174,0.014105120026859149,-0.1287401580525424,-0.03597522609366704
-0.044474422893311966,0.018047651115305458,-0.051122949248104343,0.011831716021277326
-0.03793570073758286,0.02025173270751631,0.03857826194714105,0.06069935452151933
-0.03338471002060765,0.018575264755685703,0.11801637297838156,0.0976071335647414
-0.030507571703635526,0.012126315628925041,0.16829661523558184,0.11356404149383731
-0.026154307165847074,0.0023044824392768615,0.1797166998209806,0.10625157952509569
-0.016364951180426496,-0.007399291856048755,0.15442367179010308,0.080428291727655
0.0013744292727618894,-0.012803723862244897,0.10516495722904687,0.046000642300454996
0.026611721108179394,-0.011017590638751806,0.05068661785894583,0.014477419736069572
0.05573794174456473,-0.002080942358620424,0.009466473845469713,-0.004926781696442768
0.08313840999692493,0.01053581762319157,-0.00604023586521284,-0.008184278293083415
0.10315554099558837,0.0209014144091043,0.007230340246307773,0.0026163669572038667
0.11203971334718145,0.02275819125135018,0.04289186014452708,0.020536569923086983
0.10912030782261967,0.012006289077858036,0.08807317388565847,0.03669241885956952
0.09678690396846107,-0.011452239103380071,0.1281080931683684,0.043676503542208076
0.07936702589697683,-0.043262305319051286,0.15118830013765067,0.038234070142808003
0.061414104389664874,-0.07576328110511624,0.15143394910952157,0.02225030063818123
0.046111950090821044,-0.10031347215931594,0.1295891308483536,0.0017556333773553479
0.03440019658697016,-0.10992351165012162,0.0915049054963456,-0.015609846671995142
0.02509160018723122,-0.10124521792018085,0.04534704415224812,-0.02368245139170656
0.015838190766975208,-0.07526260666144624,-0.0012206128538647023,-0.020248230146662455
0.004481482811103657,-0.03657857548442495,-0.0428448393635738,-0.007993564093681646
-0.009786051145983125,0.008255582334055024,-0.07685281702439667,0.006404400407375652
-0.025890484385316315,0.05259607548252379,-0.10244333132267058,0.014708971317349157
-0.04112511865570473,0.09101013812237208,-0.11943618188762516,0.01020262374569363
-0.052005196357521634,0.1196498451299462,-0.1273916042928918,-0.009673734894490782
-0.05534225328769315,0.13582769497249864,-0.1255883050603665,-0.042037646762880035
-0.0491238618713024,0.13733849955308533,-0.11380860564247648,-0.07907792293447279
-0.03293236336358884,0.12218931158251672,-0.09339286309179073,-0.11019716447904516
-0.00787385072097268,0.08915631793218426,-0.0678286741155036,-0.12509284001033344
0.023802377589181,0.03908995092774778,-0.04232912327475405,-0.11681022143132867
0.05912867250736766,-0.023630396793455313,-0.022342886451341044,-0.08384674889443142
0.09469101936446019,-0.09037301393479807,-0.01150010375777694,-0.03071641566711168
0.12672389555781968,-0.14901824762446159,-0.009865165807686233,0.033132058849467766
0.15118122624506325,-0.1864397563750721,-0.013355306401556091,0.09567121969348577
0.16401563390830093,-0.1921912827688009,-0.014772479181122244,0.14522402969118559
0.16182384672396244,-0.1622393449935875,-0.00624460267020048,0.17316481033001302
0.14281120549983514,-0.10132388736953099,0.017746413470933683,0.17571940278349274
0.10778636812524345,-0.022821273159349925,0.05788827073245836,0.1544844946541479
0.06074281236295052,0.054228463721318454,0.10911457398764825,0.11564201148283772
0.008614231867293886,0.1102512476695369,0.1616817590868743,0.06816446292509613
-0.03997144116062171,0.1308825412190603,0.2039396334627337,0.021519601189414546
-0.0767414283515365,0.11142215811306896,0.2258354480204806,-0.016544522513488133
-0.09606708192152616,0.058419247555887566,0.2219076186390822,-0.041616035504855375
-0.09672883444665067,-0.01226849562996079,0.19272888034042823,-0.05328913705148533
-0.08246744972959187,-0.08038483765720349,0.1443675865696456,-0.05477451248350611
-0.06098562283521272,-0.12753963204816138,0.08620011043241052,-0.05159106066088872
-0.04159015457527322,-0.14271093853008562,0.028012882226424538,-0.04970325084069396
-0.03217684089536703,-0.12512398218447526,-0.022466819386494127,-0.05361401292740914
-0.036560208325583966,-0.08358296541349919,-0.06075108410537566,-0.06495019873052119
-0.05310677851712166,-0.032610159648409624,-0.08525108473703458,-0.08196464061632054
-0.07523370415729479,0.013107132804805074,-0.09588402627842778,-0.10013625230388551
-0.09370694090412951,0.043877468852241766,-0.09255480005399083,-0.11372843423015618
-0.10003014677867922,0.05788918979200328,-0.0744532798902173,-0.11785295364898868
-0.08978927057356646,0.06083892279047042,-0.04066388049366233,-0.11038302319087262
-0.06477150176009275,0.06259259578636434,0.008124639079457825,-0.09304873083970247
-0.033043118411274296,0.07230725543957217,0.0676743302484826,-0.07126065393994907
-0.006834771002673344,0.09401764515534572,0.12917087503763136,-0.05259951354579958
0.0011774317057398342,0.12448121853661559,0.18002462237062905,-0.044366405307263525
-0.017955938368298518,0.15416206917948644,0.20670013185961134,-0.05095576603935665
-0.06617379628240366,0.17097480973501517,0.19886925454466137,-0.07195098746471978
-0.1371005914832314,0.1652966967010596,0.15346218793274025,-0.10167687526290592
-0.2172043119511048,0.13422823041267168,0.07698584194543164,-0.13050304127558277
-0.28913049335006324,0.08335082652938225,-0.015071626514585025,-0.14760980360220174
-0.33625043514369685,0.02519630893938838,-0.10194989566781638,-0.14439921135532735
-0.3470932298170201,-0.025065957232935754,-0.1634759481215834,-0.11745132788137863
-0.3183790976231541,-0.05510622736336335,-0.18621414825847138,-0.07000808720705132
-0.2558077537546993,-0.0599634645451852,-0.1677877579776157,-0.011408174202825791
-0.17243047428771663,-0.04384020762831074,-0.11777175201172602,0.045439235257167344
-0.08513198745098513,-0.018408550175082534,-0.0546994800137688,0.08778988731238327
-0.010258457687566825,0.0017823438791766573,-8.956831098928808e-05,0.10682699238228639
0.040387711322562504,0.0050668628486401236,0.028518252449178105,0.1002321292502941
0.06213701877661402,-0.012627128217678665,0.02314077479834198,0.07272581705266142
0.05802729907789133,-0.04597499759146153,-0.012370490195715504,0.03441100234061373
0.037344516190680306,-0.08212652483631755,-0.0641028080761786,-0.0025150575018270394
0.012648985864448327,-0.10561358686877506,-0.11322394891758628,-0.02757834760838272
-0.0038380499329773964,-0.10446824455119152,-0.14262487245808209,-0.03511904890283217
-0.003513830045499043,-0.07521395301874396,-0.1426984203971971,-0.025678902741486646
0.016477042061410804,-0.024765332841922966,-0.11425472287226951,-0.005314696665732036
0.052733143343952724,0.031598476677032396,-0.06765695337995066,0.016819265330780094
0.09674038041667898,0.07555138091315983,-0.018649362641810906,0.03171195260065248
0.13729292577831909,0.0924320195253401,0.017476098331493203,0.03342936145985954
0.16351985620564286,0.07687843953543129,0.03119664416628881,0.020794078734638247
0.16772772661829127,0.03525240918095005,0.02167002935128452,-0.0026347604177760567
0.14734402897457427,-0.016143361663056195,-0.003674371662837907,-0.030106080564724007
0.10549160023493828,-0.056527837924262546,-0.032509583467026225,-0.05406501960647891
0.05008108545042296,-0.06790326333973648,-0.052517526157940135,-0.06848884176059966
-0.008306520287808403,-0.04154970967547109,-0.05590849155687909,-0.07040666218897987
-0.0591570492852852,0.018575723217377493,-0.04189581155477693,-0.060236308631926125
-0.09462348383638991,0.09678483284714912,-0.016343715406446403,-0.0410558021107894
-0.1112711698418568,0.17066770866136732,0.011068527900687563,-0.017298503621768553
-0.11049406311040746,0.21845030151151384,0.03089391273490502,0.006518537849356167
-0.0975201666803927,0.2261615489089695,0.03752050530344454,0.026577720518984695
-0.07935468448741317,0.19214778140217204,0.030956925754585456,0.0399336192624849
-0.06234581493537767,0.12741270844362987,0.0162322483297911,0.04429751043285511
-0.05018583344466619,0.05172316716291025,0.0008243744534381092,0.03784534329447251
-0.04302316652287841,-0.013118562343018347,-0.008707043056341155,0.019407287013847203
-0.03798848400939741,-0.05048812923030874,-0.009457332743724598,-0.010871334761470949
-0.03094246479642069,-0.05417743960222386,-0.0031940633836579635,-0.05065823572634324
-0.01880041015595283,-0.029937450422787174,0.004675615449000088,-0.09486573597751055
-0.0015430615257497268,0.0070820396482195284,0.0076639228225045715,-0.13591365262593802
0.016913620427212048,0.037989741302662694,0.0011648456688344508,-0.16508512174151585
0.02944560828166817,0.04688005930102115,-0.015416284938663712,-0.17477945947662543
0.02793462698717535,0.02631185910463869,-0.03820731435758867,-0.16100477381416
0.006289736228513788,-0.020267549113020557,-0.06021181360097586,-0.12519776680088593
-0.036766430194793705,-0.07985338948897573,-0.07384352353052467,-0.0745512037684601
-0.09620286999918237,-0.13437382655147334,-0.07360396974655407,-0.020477700376093977
-0.1611657457075783,-0.16671044547546282,-0.057866061561767664,0.02450121252183521
-0.21749230492597968,-0.16618686283512776,-0.029161330317811214,0.050524504639430395
-0.2515981072752292,-0.13174767817006436,0.00698051077740916,0.053562936868777264
-0.2545620667193794,-0.07191471491574264,0.044012259733483994,0.03684174026865886
-0.22508831144117247,-0.0017261457775638,0.07627955747225887,0.009911165577719245
-0.1703214675128413,0.06215680695466131,0.10011722332086836,-0.014429812866936577
-0.10414804016209799,0.10647224446362508,0.1138545929295984,-0.02437225177079529
-0.04341885762673823,0.12489035608620769,0.11700862670278438,-0.013060104646319966
-0.0032078769269921655,0.11905387422327537,0.10932400781603506,0.01910559652500472
0.007450080538945369,0.09702367894671993,0.09034633403285788,0.06464162428362022
-0.011961132761628294,0.0698864972414686,0.059877114226741045,0.11158278116885129
-0.05348612002098367,0.04781487738542956,0.01912080468740356,0.14758631979236073
-0.10322174972064146,0.03692489347719993,-0.02814058130506359,0.1640811586049338
-0.14550303823551344,0.0378775807865402,-0.0751743057087268,0.15899665951147965
-0.1674494287974265,0.046491643843897396,-0.11329639396053275,0.13713671272164574
-0.1625090445415026,0.055932646098767025,-0.1342164398127381,0.10813430013812378
-0.13200607912530132,0.059557972298011144,-0.13301137992968068,0.0828028663209229
-0.0843530456950347,0.05337178784245636,-0.11054908024209703,0.06926335049457907
-0.032308606719449934,0.03728768483658519,-0.07419073677987977,0.07026241504679825
0.010788968504082189,0.014889480353281585,-0.036137710656514006,0.08260359970655647
0.034662200771908534,-0.008070711894259494,-0.009682543815931907,0.09878746754576925
0.03460497543217555,-0.025787633487610172,-0.004531318837592835,0.11012269262651249
0.012289418080498746,-0.03433751952787903,-0.022901214619933684,0.11004863237241061
-0.025158410397363988,-0.032784026627551054,-0.05799899677874346,0.09639463652896745
-0.0673615374864921,-0.023163486838241126,-0.09572942280803586,0.07178336700731772
-0.10344368777458057,-0.009479562964533096,-0.11931181357184137,0.04215976401322698
-0.12457323410892075,0.003829118920866171,-0.11533087057909354,0.014176814168394928
-0.1257284250043259,0.013349030183360075,-0.07907206091321987,-0.007407183859891454
-0.10640928798368729,0.017572041653198596,-0.01709328381227207,-0.021231625252830726
-0.07031658104524222,0.016954827881846084,0.05412284966859114,-0.029166802018577173
-0.02422932364371588,0.013246110479173373,0.11320248872496387,-0.03465341229579358
0.023589309307824477,0.008438835164129455,0.1409839557371544,-0.040382132316808414
0.06512240730880053,0.003817119217672627,0.12722692381924638,-0.04643725851887522
0.0941730197729527,-0.0005068960136115006,0.07449482830280259,-0.04982583385494748
0.10753928738541223,-0.005395245103513142,-0.002285651355390616,-0.04569958464983994
0.10559721898077484,-0.011937058696391153,-0.08056125863313623,-0.029808132662805863
0.09215834079251037,-0.02049636453378606,-0.13759930611136106,-0.0011259996006754702
0.07357021661487091,-0.029993746908476806,-0.158044863865424,0.03656402318135896
0.057179931313034865,-0.037782489066273434,-0.1389067837904538,0.07498556971037236
0.04946108014595338,-0.04025644901927866,-0.09019230651247817,0.10368038497718067
0.05425541040094632,-0.034039680923498974,-0.03097369695519256,0.113568182483287
0.07162848243405867,-0.017362024783945794,0.017674395716058805,0.10041708623440815
0.09773214568610572,0.008887028385009228,0.04029298078075909,0.06681611774272905
0.12580514147706143,0.04086505699379169,0.032445749524816575,0.02174467309029176
0.14809217171996952,0.07244923011109683,0.0019722526059023546,-0.02226443876823199
0.15813718288806755,0.09675605886152122,-0.03432052266620013,-0.053418120128734536
0.15273409889381456,0.10808502820857153,-0.05725882972221376,-0.06483799251673039
0.132882065352688,0.10368399071819209,-0.05272756941280221,-0.05701340807857162
0.10339480750715649,0.08474945763003744,-0.01717363162398646,-0.03753045849473332
0.07126453526045876,0.05628860163690067,0.04082455538244187,-0.01809509079886566
0.04332325987896821,0.025818981862930464,0.103465930451762,-0.009919915874504064
0.024011810333875703,0.001255581842873851,0.1500108912958836,-0.019214711829545202
0.014048064969789404,-0.011390560701078419,0.1641195856805937,-0.044534475951346505
0.010473222182824617,-0.009796176800379617,0.1395780463703709,-0.07707026413537532
0.008053841543055877,0.003970192125859445,0.08238364996927613,-0.10385776574769408
0.0015116265357720121,0.024058839891004206,0.008526510586944239,-0.11274658110571206
-0.012263915586095603,0.04259167447478138,-0.061624088406446745,-0.09725873855654416
-0.03286513262013768,0.05202839397967201,-0.11022346468915156,-0.05945554610696346
-0.05639880397104023,0.047427942707774,-0.12765086889042926,-0.009647745560227686
-0.07689135039729561,0.027925271660762765,-0.11504329282972453,0.03703504254725472
-0.08852241859001225,-0.0030054480735562626,-0.08293094150161108,0.06599853165487651
-0.08781537479497195,-0.03855040392085002,-0.046685516953432246,0.06848449859597261
-0.07492600935806604,-0.0704848148185129,-0.020610187181907047,0.044820876707068816
-0.053524664936543925,-0.09143347644457787,-0.012892040379810545,0.0043636356496343405
-0.029326976085187136,-0.09680069361544047,-0.023191549784406833,-0.037899210428649216
-0.007873508284946755,-0.08584974700080955,-0.04356514462923644,-0.06685603142419641
0.007531538630675599,-0.06170265747811275,-0.06214051469214811,-0.0728609152517154
0.016868699507331587,-0.030364350340789395,-0.06797843700757852,-0.0553243667550176
0.022993444309063873,0.000859953949879852,-0.05521537172289306,-0.02295879555120377
0.02992658420202294,0.025067116279410537,-0.024981105145007697,0.009427154298282395
0.04056037442984659,0.037139038434934435,0.015467625954745481,0.02640924579547982
0.054775885216185496,0.034539965694687993,0.05585559507647062,0.017685248758665874
0.06884435724345486,0.01747972781099647,0.08687406232346553,-0.018035630638753325
0.07649269699015672,-0.011427754679319814,0.10343318516960953,-0.07240077125829977
0.07133552701408753,-0.04779964978697838,0.1059718580689053,-0.13023709334977476
0.0497802248463213,-0.08622364165696315,0.09946545806624049,-0.1747575012117372
0.013242329974244016,-0.12099812065574589,0.0907150713126659,-0.19322819094755067
-0.03130887975540969,-0.14685683209269773,0.08515908931011512,-0.18105165510827276
-0.07287094006091799,-0.15969478270786447,0.08457131623187608,-0.14285760963407565
-0.0996166123037098,-0.15727102924128372,0.08657345075236153,-0.09033574511072899
-0.10274050849394031,-0.13977379756770422,0.08609266889744213,-0.03774966438993906
-0.07959026209471491,-0.1100533714555381,0.07807259065062952,0.0031137601502210475
-0.03492237089758126,-0.0733225377975584,0.06023225909885294,0.02667619724161664
0.0202430502122096,-0.03622875501840554,0.03466248997708883,0.034680972839101334
0.07184749271821902,-0.005400912152134344,0.007541803258450008,0.034439068359682176
0.10703175184000281,0.014201259527150921,-0.012964691428140173,0.03506278181321228
0.11795266618792259,0.02065155042708503,-0.019810828423119393,0.04327347350468917
0.10389898017762743,0.01565063448542811,-0.009949622537999381,0.06046222613638925
0.07104297765464311,0.0040499092152827924,0.014164842874390843,0.08212212461261116
0.030013009650404647,-0.007659652817108804,0.04507411721636,0.09979710213309988
-0.007765373722337765,-0.013487084928375068,0.07265889548806914,0.1046962168736748
-0.033617983902252735,-0.010031018461448687,0.08747255485078283,0.09149132607142306
-0.04383263742085158,0.0022133187467858126,0.08384276363592429,0.06078371301997024
-0.039870290472464806,0.01885258737616501,0.061627350078622016,0.019284297359545233
-0.02670482528043594,0.03299955922131104,0.02603796133822983,-0.02233453261173897
-0.010123251836429148,0.037685492782071735,-0.014323277639415849,-0.053057167486577614
0.005834525212692468,0.028488887483270782,-0.05041969807671963,-0.06521761797913866
0.020251329532984325,0.005452891282848805,-0.07561226233919963,-0.05689320369712714
0.03502746533830091,-0.026444664714103658,-0.08736603421054236,-0.032176103190620954
0.053131636496929986,-0.05853341948775477,-0.08731588874160744,0.0006565841010260261
0.0762624322558843,-0.08107407606938047,-0.07983059801820505,0.03225910484859168
0.10302580385177872,-0.0864230933175153,-0.0697750850462604,0.055367946185806274
0.12851809762918884,-0.07166438666539703,-0.060425330103560014,0.06681148578829758
0.14561049370054122,-0.039773826173992735,-0.05235608005604374,0.06773502701878281
0.14750166531209047,0.0011389151114523828,-0.04367141357069811,0.06215143508835155
0.13053977354359123,0.04030875937212043,-0.031376426085582845,0.05458824148574226
0.09614734041170016,0.067705116071258,-0.013228134219911692,0.04790707733932262
0.05098928615837127,0.07718868398085242,0.010765983214468377,0.04221397871287044
0.00519129408112548,0.06835222518363054,0.0378566619722257,0.03524688869614757
-0.030817807260092374,0.04640779653460221,0.06328471450554875,0.023958566057129677
-0.04970397054569665,0.020159834174154942,0.08193668615122976,0.00649616863855635
-0.0496003301711635,-0.0012260642983761266,0.09024290236261683,-0.01637248687236166
-0.034549395048567466,-0.011523387277697857,0.08753787796841862,-0.04106732040043455
-0.012829452995984134,-0.009651264789490042,0.07632082106744872,-0.0623568853863722
0.00621868974498796,-6.784566502816142e-06,0.06129494699611653,-0.07537967114041272
0.015674523289203435,0.009199996168591192,0.04754988825969729,-0.07764205574138172
0.013517943407134329,0.00903068067201616,0.03859018954596614,-0.07010452047000564
0.0031741902312689557,-0.00675236657176434,0.03497539429951389,-0.05685201894120244
-0.0080710585155244,-0.039109017169146054,0.034104386054221184,-0.04345264788813818
-0.012167797186484974,-0.08289961885794805,0.03124299828615333,-0.034679689693071
-0.003713189187391344,-0.1281205151583446,0.021427476032683433,-0.03255915179870632
0.017637892323991336,-0.16280245226898113,0.0015520764241837223,-0.03558136383853132
0.04669877913471321,-0.17662617280069232,-0.028117366770211462,-0.03942877586128759
0.07441392692389547,-0.16408686747059192,-0.06355468313436251,-0.03892632769778297
0.09105166919104232,-0.12620981916594842,-0.09786341143822877,-0.03039001815999042
0.08974558509391652,-0.07031144058861613,-0.12316193390558355,-0.013363146615460262
0.0690770330625319,-0.007935281242973102,-0.13285569647041423,0.009025382408729004
0.03375449915282409,0.04834524548162309,-0.12358201363673377,0.03126609081464235
-0.006846298553540436,0.08825586815742356,-0.09624522461589012,0.0477481210505834
-0.04173557780745043,0.10630620292881826,-0.05586844306125139,0.0551414838600398
-0.06184718809406213,0.10278080224325806,-0.010356762690610512,0.05383447496557768
-0.06281151160536896,0.08308425093722512,0.031427907389350015,0.047752888248464215
-0.04603436478242285,0.055782245245347244,0.0617256568804723,0.04256898875301081
-0.01779807329741327,0.030017746706625804,0.07553906938929085,0.04301648444884884
0.013180651741992629,0.013076425220190405,0.0715294753699682,0.050461120658884924
0.03877892389338823,0.008732574382287892,0.052019770450409536,0.06183729097503741
0.05398157808271643,0.016704665965761124,0.022202686061106404,0.07054223978439685
0.05804789002818282,0.033205169527901035,-0.011185275967232336,0.0690750521312834
0.0540518174831014,0.05229067380167987,-0.041392429680436944,0.05244010275723934
0.047130440510133736,0.06757140377079161,-0.06306000063384617,0.020926668680533958
0.04221515013047146,0.07383390524390433,-0.07324907504511186,-0.018981813813897637
0.04213324858424124,0.0682313369102464,-0.07191460102230728,-0.05614960488121755
0.04673733775738653,0.050846157196626454,-0.061753803142323566,-0.07841297034702868
0.05326346339815906,0.024579648824376625,-0.04746094928031733,-0.07705189190450046
0.057632864353396734,-0.005556192255308776,-0.03452845105989724,-0.050441622981714174
0.05608881491910279,-0.0335806601423562,-0.027836213424543454,-0.005412324416688832
0.04651130711405272,-0.05389347298800991,-0.030344608207616412,0.04437593518509309
0.02896987892643465,-0.0625623996912594,-0.04222104209349163,0.08264843238391234
0.005442071363588357,-0.05826910752759653,-0.06066108476232286,0.09593701992793192
-0.021027337244371763,-0.04267129652511123,-0.08050967476058464,0.07831189898560166
-0.0472697747803706,-0.020044201866697295,-0.09557518943746231,0.033705631289252996
-0.07063015040170953,0.0037673074415499816,-0.10031751852672471,-0.025070599796234903
-0.08912205685350609,0.022857765468541694,-0.09145129661402064,-0.08034996861140851
-0.10121718244672265,0.03283775113970345,-0.06899410136800706,-0.11531303426952139
-0.1055884753793602,0.03201817928195046,-0.03642561862001223,-0.11940310213969507
-0.10113922991147789,0.02181934959047508,0.00012400830552099576,-0.09158735101004944
-0.08746411555142891,0.006239662570866417,0.03344581744026065,-0.04037188198156506
-0.06559350089067785,-0.009481271601078888,0.05713535217181226,0.01935935300955926
-0.03861799662860156,-0.02058867186789653,0.06723868090713239,0.0714916694031956
-0.011715579585280744,-0.02435441333912504,0.06318545018294008,0.10395366726236144
0.008726702007219748,-0.020900174704145902,0.047758265720408324,0.11227766094537248
0.01683692228271108,-0.013004428807154994,0.02614898828397788,0.10028999075892993
0.009348245860945313,-0.004956310872368731,0.004428550535145024,0.07785497953813286
-0.012712503168198504,-0.0008743876427852529,-0.012083664828807667,0.056663129134271156
-0.04350870736034082,-0.003121016841014842,-0.020070323039018276,0.045713962470049836
-0.07349789967612712,-0.011422661983628693,-0.018765377263665554,0.04816706316329698
-0.09204290744086321,-0.023048230914242962,-0.009730152748504181,0.06063768181450177
-0.09081845750732284,-0.033989908523284276,0.0039681876612540495,0.07504454178025814
-0.06689947842545375,-0.0406872259748165,0.018838776649507585,0.08215667766599839
-0.024391639727290762,-0.04159591556122812,0.031943544242291684,0.07539481301563318
0.026136672993134616,-0.037932956740471147,0.041499126919435955,0.05342733209315453
0.07045056773966528,-0.03323143054594872,0.047007637228894325,0.020639462602258
0.09491811605139266,-0.03180819922171144,0.04899415229042146,-0.014585969451476753
0.09092322566595055,-0.036705981034985825,0.04854063199729919,-0.04300249269785516
0.057949219007718544,-0.047934806926392556,0.04682386198819406,-0.0577838688329224
0.0042257178060270476,-0.061788310290123855,0.044799651582523276,-0.05671736730362811
-0.055399872269541045,-0.0716467436814946,0.04307055667068804,-0.042567289766208855
-0.1037867435438293,-0.0701235093342161,0.04188407730889501,-0.021624927798488784
-0.12668910202207442,-0.051869919096506366,0.04117228712239134,-0.0011585394828569108
-0.11715557773144217,-0.016034989910883708,0.040570519689306944,0.013156392311721152
-0.07771565956914009,0.03258059763574523,0.03941758877335545,0.01883684389435598
-0.019637558017276527,0.08422971927264535,0.03679969300053732,0.01671531396988616
0.04050793040424071,0.12669761095901377,0.031714894648782264,0.009734482091003901
0.08587211097782754,0.1488255219484812,0.023389223443786814,0.0011067651954140278
0.10433703514597709,0.14394099426794182,0.011686475910385212,-0.0072558378982148924
0.0919386387716667,0.11203978042530055,-0.002534733683933879,-0.015331785925416036
0.0536827636986203,0.05995858997125934,-0.01730132488062521,-0.024392470611487554
0.0015983952827995605,-0.0005499520374291633,-0.02978414935847211,-0.03558933402137712
-0.0492401857593308,-0.05621613606656535,-0.036952264831637785,-0.048496190251899524
-0.08537615863594417,-0.09600433615115753,-0.036480402760855124,-0.0604172528161437
-0.09882183937897973,-0.11399176444806688,-0.027632971054582546,-0.06693240370291322
-0.08894633255981979,-0.11047652772253082,-0.01180180246402079,-0.06357831980468315
-0.06194431447962245,-0.09105164294951462,0.00755180129256376,-0.04800656523081298
-0.028235147312831638,-0.06409207885454543,0.025621476555403568,-0.021666078581240714
0.001219088601176116,-0.03762999287672769,0.03749111560855482,0.009830831224386504
0.018413128340441447,-0.016752456902386602,0.03953297300198975,0.03801052678596653
0.020507876736952077,-0.0023990607306123915,0.03053561420575382,0.054182124595493514
0.01014741079327447,0.008128194658507013,0.012189296315153296,0.05250802924767552
-0.0060541797189459495,0.01928357512010223,-0.011252490162863685,0.032334075127819877
-0.020200419532704246,0.03486049849084825,-0.034057925159224595,-0.0011800566684179621
-0.025985374793707758,0.05603041725079321,-0.05053333234154254,-0.038485823150307914
-0.020778533836256573,0.0806003160172822,-0.05652173750548911,-0.06870736601773471
-0.00628140620608076,0.10373829934238746,-0.050447039574907176,-0.08327660278358134
0.012366758827041302,0.11982677724704863,-0.0336200278499788,-0.07882312164491602
0.028636302459482163,0.12466680477535924,-0.009758557412412366,-0.058244033996257376
0.0370542234524336,0.11714012788373535,0.01608894447378141,-0.02953973306633367
0.0352084722815041,0.09967406122213782,0.038867744944069096,-0.0028319634576621094
0.02465294824353945,0.07734537912807896,0.05470303548262788,0.013336284981255869
0.010440129637348618,0.05600328314676449,0.06164775463838188,0.015047401655985636
-0.0005430037258816189,0.04017208445800836,0.05985712958867799,0.0042765250652138515
-0.001887453379902898,0.03156407788670123,0.051236024369439456,-0.012074173188702561
0.010114254664711497,0.02877033136091357,0.038740741145761474,-0.02498609178179391
0.03503078252228557,0.028212147588750888,0.025571696204875607,-0.02690045051736948
0.06809293148515272,0.02592585309389435,0.01446679088095982,-0.014703035494871536
0.10131427771857833,0.019422936078281494,0.007225899224271949,0.009002032237270433
0.12562696936024048,0.008847236225810871,0.004505884757038975,0.03679122655869639
0.13343465757066664,-0.003053332155899584,0.005857456171873866,0.05913211552922743
0.12086159817512909,-0.012131818635243326,0.00994453450345301,0.06787096116814442
0.08905472004461892,-0.014727023633155797,0.014886198140099706,0.0591917682624957
0.04415061723771478,-0.009442467430564778,0.018670205994187353,0.03496679391790558
-0.0041173710727314475,0.0019377833610566449,0.0195864997532565,0.0020442810754532983
-0.0448230631371699,0.014817912349160182,0.016613513619460556,-0.030202180912933654
-0.0686301356871147,0.023353639086576977,0.009671351196808453,-0.053106096445386906
-0.0702073817127136,0.02263490812899782,-0.0003440156383617103,-0.06151522642230519
-0.049620242146440036,0.01064777365342099,-0.01179398374185913,-0.05517975142747838
-0.012315950383656307,-0.010762349019730805,-0.022770576883186518,-0.03830672209522161
0.03229572563785839,-0.0363345173331352,-0.03168973525393559,-0.01757535921580467
0.0732755209258315,-0.0591163844428822,-0.037813944506215225,0.0005299491188625605
0.1009302753331177,-0.07284767414352072,-0.04150361070068534,0.012007067981686353
0.10917116335087039,-0.07412134126701111,-0.04406706374586167,0.016397980379617316
0.09682637644836964,-0.06351617804557423,-0.047216579602001714,0.016313240974684923
0.06759429431816398,-0.04527928429690155,-0.05229610504560154,0.01573618893744691
0.02872450030903135,-0.02568427324832607,-0.05956178366665539,0.017895956012098577
-0.011121574833283975,-0.010691791832899838,-0.06781360501908168,0.023632410192039117
-0.04416410058683133,-0.0038009563242726307,-0.07457415740894315,0.030932295854500517
-0.06528606270892981,-0.004903129846267538,-0.07681501426203208,0.03580540667471781
-0.07284405992392191,-0.010562539989152003,-0.07201170959913653,0.034106620305264804
-0.068391343017392,-0.01559951471204625,-0.059151819262836275,0.023522196947082706
-0.05555053803586099,-0.015351295086894097,-0.039298210234389674,0.004877956526370533
-0.038521695540301576,-0.007723698830017028,-0.015444196278285189,-0.01779114719771681
-0.020773297769530304,0.005775695368086579,0.008349725360697557,-0.03846731435836925
-0.004328869343507145,0.0204448014979738,0.02826737001083513,-0.051211126290747644
0.010209279962471209,0.030106052011691538,0.04202830066236362,-0.05227021933779011
0.02305628331428321,0.029503051971156095,0.04966132648504952,-0.04143738796699217
0.03442944803306677,0.016471549926670256,0.05342659488024464,-0.02216086904538561
0.043937173442068246,-0.006949415101069334,0.056861098625005844,-0.0003936802092300018
0.050460170673546516,-0.03491779336587794,0.06326352514436355,0.017359707606753483
0.05256993371646604,-0.059597861334759875,0.07417637805489058,0.02606604690506467
0.04927493791123842,-0.07375607766004125,0.08846450706638675,0.023541752154482388
0.040726498964253316,-0.0732264038012948,0.10240026137634409,0.010765067313837907
0.028520413358743918,-0.05836676493407125,0.11080532747315806,-0.008866863218184272
0.0153965737124966,-0.03398484251693183,0.10889689269458319,-0.03093042354509825
0.004398248040202037,-0.007754307519104716,0.09419346194820916,-0.05141159628886896
-0.0022029084095814833,0.012325738988963074,0.06777111846703918,-0.06764164025981001
-0.003785165924322348,0.02054579935191385,0.034360065733997754,-0.07846845392156099
-0.0016791104058467565,0.015280517964937693,0.001170575188197992,-0.08376527908307922
0.001271672881417496,-0.0006293510256245929,-0.024204996440658662,-0.08366663137649231
0.0017644232946102956,-0.02099569175992496,-0.03612069265913804,-0.07800937017510803
-0.002676576421507565,-0.038469358510157724,-0.03263893958485992,-0.06631314206804499
-0.012674681761229684,-0.047007360317128453,-0.016113042805250354,-0.048330609354506976
-0.026646937324831914,-0.04376812691542434,0.007613645753372568,-0.024876163906667775
-0.041282149741667856,-0.02981728726360542,0.031109291548514065,0.0015471441689821896
-0.052690140468711615,-0.009468758912403008,0.04768808683812105,0.026765744682049286
-0.057794863677771376,0.01142913369814793,0.053368205823808704,0.045784718531979504
-0.05544030285708648,0.027599127953070686,0.04779727941602677,0.05428036332292473
-0.0467818544391229,0.03606674127121549,0.03387967523351477,0.05021864602416376
-0.034809981373166016,0.0369285511539349,0.016319491924923695,0.034944949747189424
-0.023191216158402837,0.032946084779146866,-0.000317850537301434,0.013220480724101862
-0.014880574366973851,0.028191632195152347,-0.013268774609668438,-0.00795686805989029
-0.011051141960101388,0.026307901426149305,-0.022338531834456957,-0.021447637054904132
-0.010762284414005938,0.02905962723471238,-0.029520143065562096,-0.022301858029682202
-0.011494630365309504,0.03571758415466941,-0.03767139635377384,-0.009503142702409276
-0.010332909360649248,0.043482446917846786,-0.048825988897002424,0.013533860942041981
-0.005315050135954413,0.048755116681242064,-0.06285542836164701,0.03995212057994696
0.0036061804179687226,0.04874018300120953,-0.07705721747962553,0.06163973638681089
0.014393067558166796,0.04274598596259556,-0.08687847171401687,0.07189097830946528
0.023634123323035737,0.03266053637712393,-0.08753477245230062,0.06763126867563084
0.027871002785727295,0.022392446064925742,-0.07592478550389371,0.050437943139531684
0.025020947852415022,0.016455657924062256,-0.052109367103996086,0.026006203111093657
0.01532369196113334,0.018204201335185195,-0.019769296818608457,0.0022514557210075864
0.0014179053306762196,0.028369657631664193,0.01457729991552073,-0.013291583950179209
-0.012511514975739074,0.04446561738640468,0.043366965522873904,-0.0158837068677488
-0.022208996684449405,0.061329524638452274,0.060196622372716835,-0.005008558114327474
-0.024890665790651485,0.07267472269563559,0.06170067527835002,0.015624596988920172
-0.020262923544002824,0.0731626519799495,0.048478529207662935,0.03943854837396813
-0.010622749127640232,0.060304010127335,0.02479024818450147,0.05918715954509092
3.153673957104197e-06,0.03553020602634671,-0.0028347424198496077,0.06922600438441585
0.0073531361752397495,0.004034956711517962,-0.027572046650484405,0.06711458167250872
0.00848825694739766,-0.026614229150648934,-0.044190449531717566,0.054090572033028764
0.00281980001077671,-0.04868660934179735,-0.050261304639482765,0.034370264558924654
-0.007777816196887367,-0.056632522358514015,-0.04637359793678492,0.013619534080872724
-0.019796016507275,-0.04881550823502254,-0.03540365448406325,-0.0028282079272720397
-0.02952436874378409,-0.028072023694289877,-0.02120335238303918,-0.011421728450699258
-0.0345162396613437,-0.0009080749732142714,-0.0072268010143169,-0.011115190621307258
-0.034510788046299354,0.024424800933589258,0.004429544824870658,-0.0032682636229560795
-0.031453168258044006,0.04037613478463331,0.013308749819386463,0.00909134315078013
-0.028612706099456185,0.0423047897572022,0.02021421537545215,0.02229066073126041
-0.029154786090403163,0.02976974299867239,0.026426838255688125,0.03295784353917817
-0.03473697617765559,0.006522210915175214,0.0328892436152801,0.0386524979887855
-0.044690417131017623,-0.020766582889298404,0.03968540104221448,0.0381194451293007
-0.056118868407091634,-0.04461073274683532,0.04598032118787324,0.03125579213333453
-0.06489058736753607,-0.05896651304077737,0.0503781976340661,0.01894383139115741
-0.06715212999701163,-0.060933779058789495,0.05149537788636583,0.0028679621514106843
-0.06079199743429306,-0.05139734016247683,0.04848678576088886,-0.014658283101039116
-0.046301706880016516,-0.03446205112675412,0.04132174112599481,-0.030914750652938763
-0.026711733378559033,-0.015927754526601414,0.030739528707974004,-0.04313017534365782
-0.006628394065558901,-0.0013466410858121638,0.017960110262129722,-0.048997190527535164
0.009270120157539988,0.0056884151324619325,0.004316935180379802,-0.04726290268121104
0.017730421978112094,0.004488371077196136,-0.009017482551808897,-0.0382074406972827
0.017885214137659013,-0.002806508824014571,-0.021118693783735598,-0.023789613547526175
0.011366420348444116,-0.012218973894302036,-0.03122800060840005,-0.007310502021004667
0.0015791263368011253,-0.019444446046681253,-0.03860999495727957,0.00739183407052384
-0.007552719307179021,-0.02133172345545397,-0.04248596084160695,0.01701124771935654
-0.0128887611937311,-0.016838357277106347,-0.04213036878745507,0.019762022207559286
-0.012963161737983904,-0.007182296640163878,-0.03711954135172672,0.015926819590895633
-0.008194883310324735,0.004788201706597009,-0.02762394678129903,0.007732498237718252
-0.00042473246629596423,0.015712574357186856,-0.014588318248298891,-0.001442542964251746
0.007963793623520558,0.02288241003634362,0.00032686446674383765,-0.008271213074295042
0.014955350984559482,0.025033635022013247,0.015072996614257109,-0.010660851968236192
0.019496187424059994,0.022522349213524164,0.027719964985248254,-0.008473389405389501
0.021592079971007233,0.016892967735690063,0.03696187247299761,-0.0034993996549445294
0.021958688052478942,0.010078333686103677,0.042426446160484965,0.001318326426040236
0.021455222299718427,0.003593515494868631,0.04466265326155337,0.003124246589376288
0.020598236128828468,-0.0019437758232852091,0.04480940217469155,0.0003758399041238064
0.019380966102233436,-0.0067945103392730785,0.04408055038699084,-0.006428790464666476
0.017454817770608408,-0.01163374292222169,0.043279570451179424,-0.014823106525889224
0.0145439250012383,-0.016886202246239143,0.04254499126594238,-0.02123911353164787
0.010846553254372492,-0.02219284345191465,0.04142778853202822,-0.022351830694262602
0.007181351036290157,-0.026281029620406432,0.03925571686676629,-0.016389354740262263
0.004759854010707821,-0.027334710263504404,0.03561031409298293,-0.0038990626764055306
0.004653227527668162,-0.023739325467140263,0.030687634032172006,0.012337274140221326
0.007185778376961854,-0.014901015348206505,0.025360299527686418,0.028221114197904663
0.011552993755375246,-0.0017849759535266858,0.020889080965451293,0.0397466810068426
0.015892424945846542,0.013090487041604593,0.01839206676788699,0.04436911184177799
0.017854590687183192,0.026262432513208273,0.018298789738670218,0.04181239425758105
0.015501225921228073,0.034353346932707834,0.02004061276737812,0.03401555773781321
0.00819296395107412,0.035163866437354585,0.022141969540117185,0.024251413177857426
-0.0029073722586053057,0.028425378309304673,0.022712118275984995,0.01577482461880897
-0.014972216644073857,0.015921417254372433,0.020161877401403083,0.010539875090310437
-0.02431130005249299,0.0009144679820979433,0.013859972851380513,0.008495042653478925
-0.027601843920574846,-0.012927415067744363,0.004450098917955475,0.007734046740862768
-0.023124620079555645,-0.02272103528694287,-0.0063240247319698295,0.0054382569076474735
-0.011548941925363286,-0.0272464995324845,-0.016240078396143137,-0.0007708653274146118
0.004053597505226214,-0.027200792035659806,-0.023429816059890682,-0.011618561219767641
0.0190241455299313,-0.02474839362874187,-0.027087307067757548,-0.02560353853446168
0.028523847994091946,-0.022554825642448827,-0.02775267599204844,-0.039318958379988125
0.02907942138040337,-0.02268102378611665,-0.027034664966504557,-0.04857343021263022
0.019752764689130224,-0.02576310663175378,-0.026864353613616786,-0.049903087151251385
0.0025397489960165207,-0.030786172731563023,-0.0285746610592401,-0.04190714849022092
-0.01814049482132677,-0.03552786049982491,-0.03219045023703963,-0.025897969996788006
-0.03670329283556748,-0.03748811201863598,-0.036249335790627724,-0.005609233481845818
-0.04800025892910419,-0.0349360445269878,-0.038272676181464266,0.013945117107390142
-0.048763577412092404,-0.0276638030306236,-0.03574510773831435,0.028056847186589788
-0.03846157313364079,-0.017154834727563517,-0.027242479621025443,0.03379263557359856
-0.019341269939385054,-0.006102693170320753,-0.013262211778417868,0.030837958949565668
0.004301313639736223,0.00253364878650408,0.0036028247687577633,0.02144540738772633
0.027351696376392134,0.0065776516390895195,0.019272978375155073,0.009545911102848692
0.045213442238957645,0.00539284481547384,0.0294061597017289,-0.0006252815143852064
0.05486880334905382,7.477464781338941e-05,0.03082953930273525,-0.0058855753183168005
0.05541055306442492,-0.006978438021910281,0.02267462900472084,-0.004983783661433049
0.047979473147411564,-0.012938463941920584,0.006801665213052855,0.0012541438018259556
0.035218700763135845,-0.015525656244347694,-0.012656251387188334,0.01048344057905812
0.020467589164950978,-0.01373452862889657,-0.030489729887148813,0.019824819669432413
0.006941219230689497,-0.008060425740891743,-0.04195195447665383,0.026873867334082344
-0.0029107448574707713,-0.00018401561797434796,-0.04412789720989005,0.030374509508971116
-0.007764855544061616,0.0077233104774726835,-0.036693135878376935,0.030368226730871868
-0.007495456102398313,0.013780430319856096,-0.02184672000336077,0.02785622627952237
-0.0030108963691008253,0.016965327520755066,-0.0034940302447974657,0.024195286268999264
0.004066419746780764,0.01728600795669337,0.013996179879191023,0.020519241305127438
0.011798687203328766,0.015545944933818417,0.02702015666799257,0.017418772846002323
0.01834312084026702,0.012862517206729748,0.03356290327594398,0.01496026913912031
0.02231300014001818,0.010181767035614488,0.033413487600461166,0.012954870651301346
0.023028127450873345,0.0080049235220548,0.02780900565089516,0.011279008133542736
0.0205981624553519,0.006419634798832348,0.01874297254575141,0.010044218042811495
0.015805548540182415,0.005370642148390337,0.008256751440153604,0.009512846573455642
0.00980244711733819,0.004984170062694165,-0.002022143607261967,0.00980639340261105
0.0036986430894929423,0.005733313262921258,-0.010987337316417524,0.010580491569675894
-0.0018293066589302603,0.008311573417993018,-0.01788076710198955,0.010881372678828202
-0.006761942492712461,0.013233211453140617,-0.022039316507373605,0.00932933408453114
-0.011688837992516785,0.020333198457424005,-0.022776355010357338,0.004622577295225583
-0.01747664779054578,0.02842324456822517,-0.019518243838793838,-0.0038128012204977635
-0.024756911210567056,0.035328938473546165,-0.012157865292395695,-0.015305664650618056
-0.03342932702404503,0.03839096648462052,-0.001443440262141757,-0.027822059716696712
-0.04240062493057613,0.03531481787516694,0.010838003437838285,-0.03837826120768972
-0.04971427659200289,0.02508103498430503,0.0220641890057314,-0.04390693809732073
-0.05308616234107937,0.008559152377543497,0.02939304127225302,-0.04229956949264606
-0.05069455678337079,-0.01145848629117728,0.03062560292664187,-0.03324439293707782
-0.04194598960166171,-0.030890349070319862,0.025013501279587687,-0.01852119356376505
-0.027909718016015425,-0.04550497833854744,0.01368584504432365,-0.0015950607738950905
-0.011206440436041375,-0.05219896243625332,-0.0005167501283630388,0.013393488323795517
0.00467291018750067,-0.049969642944931815,-0.013803200566590422,0.022912457926957362
0.0164221810665785,-0.04022672724590981,-0.022563199467456524,0.025150175895495834
0.021988625863090056,-0.026313633783822035,-0.024490705166520924,0.020557407560680432
0.021258347935096455,-0.01239254810935652,-0.019306809537163412,0.011622395843825626
0.016078354230824002,-0.002080214871077367,-0.00882309440955771,0.001959533589558404
0.009570631129747473,0.002685421273847053,0.003678953960333041,-0.004956901802233387
0.004963550976814283,0.0021520482106343955,0.014530862575737047,-0.006955230369478316
0.004365402459860203,-0.0015306852368325748,0.020837506796648534,-0.0038115168403984184
0.007950171111267307,-0.005257495205168779,0.021311556444858007,0.00283606793492161
0.013889183253691886,-0.006207265245600467,0.016510605838777094,0.01023954125598675
0.019086850831580543,-0.002907602000027397,0.008434422737307073,0.0156479810249679
0.02046521964895641,0.0042658390955225,-0.0003246241162110225,0.017333449986402405
0.01631189340183481,0.01332053551616897,-0.007533331647181896,0.015147127677357125
0.007154402248849945,0.021491639334511887,-0.012014790190743536,0.010412571419411001
-0.004219046557836004,0.02635203791220182,-0.013859726825667884,0.005229024894072912
-0.013658016157485409,0.026748985793856705,-0.01412830646235326,0.0014887875636807046
-0.017176062843276746,0.023209124341499573,-0.014220981047022458,1.8965756856920146e-05
-0.012550910312833188,0.017671220904490012,-0.015213082222838131,0.00019986952031277733
-0.00038334691608834376,0.012672468845003282,-0.017435035392391805,0.00021545340731749657
0.015827914792666244,0.010324554228517092,-0.02045054675803412,-0.0021647919289704692
0.03068809420340295,0.011488955570703396,-0.023399253294105207,-0.008586531102178066
0.0386766789061586,0.015471676125152045,-0.025510019642934298,-0.019295395522041972
0.0360769444655511,0.020344817540843815,-0.026524612083061876,-0.03283633692745227
0.02237147078197015,0.0237527929206527,-0.02682485229742538,-0.04639814469277833
0.0005817986266685119,0.023873685478085018,-0.027202886077117745,-0.05668490907124219
-0.023600753148041307,0.02015340812617228,-0.028386850772172813,-0.06099554556443976
-0.043613086068082195,0.01352914148309238,-0.030555025517290092,-0.05811645857524076
-0.05412978286486172,0.006065925269824343,-0.03308561420661706,-0.048707434503905744
-0.052751016075372255,0.00016149146770211287,-0.03468883251913059,-0.0350543434436678
-0.04068609729659383,-0.0023621970866079534,-0.03389591307779606,-0.020296991560117765
-0.02221109917271103,-0.000928671112646183,-0.029711487033171224,-0.007426037983804208
-0.0031177151912754053,0.003609266591943258,-0.022147008343183307,0.0015889256166007337
0.011275199356619671,0.009322170296451812,-0.012385943842904937,0.006247580954586149
0.017835454253450483,0.013935864861589459,-0.002476630743552956,0.0074246810257301635
0.016466283289955457,0.01564915425030071,0.005352990506260889,0.006821113221105256
0.009832985627555066,0.013728831611768508,0.009497155442269076,0.0062063617297524395
0.0021272920021953023,0.008679259585193402,0.009565977756295724,0.006751844541115801
-0.0026272087568984387,0.0019614107490842636,0.0065190702401800495,0.008689956848983861
-0.0020807844764414545,-0.004589491957862261,0.002269396599181916,0.011385050292222287
0.00367135577006553,-0.009397391409196008,-0.0010937521362825373,0.01373470334752829
0.012296756124754712,-0.011587174136235282,-0.0021502023527275455,0.0147002235872218
0.02027614038910735,-0.011097398654167413,-0.0007127156671901114,0.013737804399557185
0.024348734837744967,-0.008478212487397777,0.0021324802570475143,0.010969271997310685
0.022777236472922062,-0.0045189060513596,0.004536597384879049,0.007058023215099612
0.0159555023930011,9.638293642612664e-05,0.004746491665747768,0.0028838951379209082
0.006159244252621241,0.004946981099732576,0.0019519069075026457,-0.0008138483312724425
-0.003418104557153988,0.009801373955454183,-0.003245189182595677,-0.0036616326077891035
-0.009930758896635236,0.014390383488625598,-0.008960759332938072,-0.005658930759713435
-0.011935495127908258,0.018189715017390744,-0.012735856470476065,-0.006993084831971339
-0.009831156200630208,0.02037190258838658,-0.012553734195943918,-0.007779136431924086
-0.005539585135984251,0.020002610156406093,-0.007756382030324568,-0.00787443417269773
-0.0015927041415630533,0.016427358305190834,0.00052931366952641,-0.006876902261642899
-2.107129005105013e-05,0.009682841007704765,0.009663179133411807,-0.004322171731701727
-0.0015039046081266189,0.0007269440387902004,0.01639342228092902,7.770828502194627e-06
-0.005119172677610043,-0.008662796350176083,0.018061864074702075,0.0058154321206247035
-0.008779235731046844,-0.016340261156397445,0.013649423305027691,0.012203654073273246
-0.010157622679157416,-0.020455242552135357,0.004242935141303722,0.01784778407090927
-0.007718256791559755,-0.020087146258380484,-0.007282382523158895,0.021384013172899008
-0.0014248351927575627,-0.015592607941816397,-0.017269027342225088,0.02187343913147527
0.0071558923088755055,-0.00850897977162092,-0.022604240150752505,0.019157083743906636
0.015396195105478724,-0.001026050999910405,-0.021866649596564043,0.013950151083790104
0.020577101720271117,0.004786463229729039,-0.015851314467020833,0.007622774151677366
0.02090327581134626,0.007701808912313604,-0.0072654087221511385,0.0017394195363374387
0.01617022324443745,0.00772574002796934,0.00029571478772551923,-0.0024717729510076863
0.007834776969912173,0.005996039648596326,0.0037044375079576947,-0.004516971749023879
-0.0015237371455676801,0.0042306457968428884,0.0014719680462679519,-0.004749536790694495
-0.009130839268378307,0.003947800080833189,-0.00571120926640549,-0.004157805338637795
-0.01297262994368871,0.005778994233013063,-0.015267362573762197,-0.003916753965156013
-0.012425170554419052,0.009162669973974545,-0.023736035069733624,-0.004885475182664092
-0.008344375224949768,0.012553857522522811,-0.02809727817476957,-0.007251561658825061
-0.0026195555613761634,0.0140725763320204,-0.026900839170592127,-0.01046140879985865
0.002603394674974231,0.012328516711827421,-0.020770064332482095,-0.013458042669316925
0.005712225148452831,0.007078824611932023,-0.012097942417609552,-0.015123734114709143
0.0061340348152867305,-0.0005642615293536338,-0.004069675585623697,-0.014744095712307961
0.004392098796736119,-0.008480066539385163,0.00059353475497817,-0.01230570917761857
0.0017375290160976664,-0.014317605728953714,0.0006727042173082232,-0.008511101522117412
-0.00045617368206406217,-0.016400302710979402,-0.0031311905971450164,-0.004512166546490615
-0.0012709325731384766,-0.014391551920546256,-0.008551361904211236,-0.0014768333354433089
-0.0005650950812995242,-0.009443630918615095,-0.012725914429922588,-0.0001672907317686323
0.0010662397399128498,-0.003756847639782755,-0.01338903985493213,-0.0006965357577865677
0.002638029566549391,0.0002852122520282368,-0.009805962279504046,-0.0025503030157594895
0.0032533283086714215,0.001062330895946888,-0.0030836620499715833,-0.004848697190587444
0.0024975451372380997,-0.001635573998269555,0.0042583500953918135,-0.006724241926590713
0.0005884310853520869,-0.006527772621794901,0.00927920925026127,-0.00765122165190729
-0.0017602479222283418,-0.011367916940332214,0.009773311579155147,-0.007591221219677303
-0.0036760018531836816,-0.013868290818935994,0.005137423414221798,-0.006906776969951525
-0.0044997227300608,-0.012650132925439808,-0.0033851031209239657,-0.006099998122715788
-0.004024495898481563,-0.007830685221494032,-0.013166569481719403,-0.005509746408902068
-0.002506048171874678,-0.0010002978649075178,-0.02117048280721985,-0.0051161616312205265
-0.0004612026002376729,0.00541103491664844,-0.02505340664376307,-0.004548835222079134
0.0016314440819508447,0.009127783664770309,-0.023969259323359013,-0.0032983427964913548
0.003574021667786767,0.008980980442516513,-0.01878239437102487,-0.0010332182263413868
0.005514096168113601,0.0054247909582734125,-0.01163639186026498,0.0021303483364085423
0.007800859989992449,0.00039414997888294334,-0.005077629648211984,0.00554524726976376
0.010706092433853669,-0.0034553951957422557,-0.0010959901083617274,0.008198025676076755
0.014152399954036658,-0.0038314518032125378,-0.00045787474841976067,0.009073262708324523
0.017593292264180584,0.00022059389320765177,-0.0025698656312993402,0.007575811360297169
0.02012287262039461,0.007850861653539834,-0.005885951162748907,0.003832455831506293
0.02078711137245979,0.016649283296827053,-0.008651979674037854,-0.0012663795204218564
0.018971747143536638,0.023523042791953983,-0.009656820291748242,-0.006323292840319225
0.014698422280435455,0.025874626821646457,-0.008677527903076961,-0.009905193713447728
0.008691930393980363,0.022622118388903698,-0.006452576751825017,-0.011052936871830829
0.00217546453789514,0.01465816278618351,-0.004226989747688377,-0.009629911346956968
-0.0035328085266065692,0.004559481212088684,-0.00309580096257709,-0.006368226932452176
-0.007460832250720334,-0.004349421616273507,-0.0034514760436791976,-0.002588434883832147
-0.00928093993603435,-0.009221867568548994,-0.004785790114245507,0.0003016779306168893
-0.009343771429749459,-0.008733753072605363,-0.005933726591219161,0.0013346746057736059
-0.008439209135579884,-0.0035478305952717643,-0.005647955819116073,0.0003314268511723853
-0.0073940139436107985,0.003975281571784617,-0.003243475690399872,-0.002065000120762755
-0.006687421436715132,0.010699109473131966,0.0009830018575358937,-0.004678027877763946
-0.006258228174136335,0.013902665051041627,0.005760360541544732,-0.006288142882668671
-0.0055915527048880365,0.012279117171487525,0.009295565162378908,-0.006125102065780388
-0.004046563263395225,0.006363779248592383,0.009995704057100457,-0.00416396095690752
-0.0012734727376090549,-0.0017558550996507327,0.007161534974536754,-0.001110368951577921
0.0024800213573089366,-0.00931125264741904,0.0013565697089520865,0.0019100610266492672
0.006331990849919526,-0.013944488026388535,-0.00571699543551555,0.0038217868616362387
0.009043347772284153,-0.014583829075570487,-0.011803674955674137,0.0040287277234678925
0.009511359683097197,-0.011766144196984712,-0.014918756513647928,0.002623865548142687
0.007275772677051926,-0.007300505421154138,-0.014086660008989067,0.00029614722848710084
0.002811132811669781,-0.0034352802027675725,-0.009699477343469869,-0.0020174143882523005
-0.002545303422767445,-0.001886717113476587,-0.0033521911213701544,-0.003576623923346234
-0.007034062710679245,-0.0031329202868597,0.0027792945709003425,-0.0041800485803944465
-0.009128356305519308,-0.006257538234286757,0.006768273013807731,-0.004248339522614414
-0.008147180842193652,-0.009394256637103332,0.007645049845886535,-0.00460585220761911
-0.004570486974895871,-0.010573505918351704,0.005705034364442918,-0.006051143466008574
9.207290438675853e-05,-0.008609123708169415,0.0023048369246181574,-0.008904539128734228
0.0038519274375088813,-0.0036508770861502296,-0.0007568957202494994,-0.012739666410181849
0.005011821733238475,0.0028284662569446097,-0.0020102346017500765,-0.016435335079800398
0.0028563043675303157,0.008606053067107343,-0.0009158631351278285,-0.018551719973970916
-0.002017864441957763,0.01160408876185487,0.0019466334299313819,-0.0178946555758802
-0.007878041867792077,0.010737185226321097,0.005173082509652371,-0.014043005572483003
-0.012487456502581783,0.006363091720446273,0.00717836659389565,-0.007615749503787475
-0.013957234977757,0.0001525270624153363,0.006911326550943958,-0.0001502676065889691
-0.011488775735352424,-0.0055672251615586435,0.004335270331363571,0.006384643580689901
-0.005711521565210556,-0.008725773096019462,0.0004688639635609844,0.010268814251053457
0.0015250793350794212,-0.008308659589835753,-0.0030317348162432547,0.010647137421738541
0.007833436186929096,-0.00472131952675648,-0.004574726706170602,0.00784167063092962
0.01118331653754917,0.00042134986043923517,-0.0033229002906191504,0.003231218667180673
0.010663401660414032,0.004983100914686442,0.00042067052818116,-0.001263600946074056
0.006811030653585362,0.00718237747287169,0.00529906423883874,-0.00389736364470894
0.0013807154614985315,0.006295266459619087,0.009431614881738182,-0.0037454882280326257
-0.003357099788543934,0.0029025829585554164,0.011173675364566073,-0.0010307241459899807
-0.005510123167452016,-0.001408221378363772,0.009794133366180516,0.002994200898705654
-0.004298465347382707,-0.004748472941332748,0.005789490717418647,0.006559841098018153
-0.00034082129048645937,-0.005736858046607809,0.000700556616627563,0.0080871914932024
0.004616654634335235,-0.004069859157322241,-0.0034986844422023773,0.006812069215768064
0.008416138576094093,-0.0006186224812826935,-0.005194293953859081,0.003084193483083114
0.00936005416947093,0.002980029799681913,-0.0037856635543220864,-0.0017723990963059155
0.006890895203736643,0.00505632590218856,6.792858784137809e-05,-0.005978272851693268
0.0018105531500635028,0.004646260652403339,0.004709800305936854,-0.007989774998051575
-0.00404285649260166,0.0019181826061893115,0.008153034205287197,-0.007090744671708504
-0.008525348688333913,-0.0018964765414087037,0.008883459361643156,-0.0036560561800405844
-0.010028604599519857,-0.005039972948907734,0.00647425124234869,0.0010093379687217754
-0.008096676122176513,-0.006003967582909844,0.0017642307355620612,0.005184195173117027
-0.003577202801382617,-0.004211853629904297,-0.0034714762179123976,0.007389400920596232
0.0017429739164748215,-0.00031205013737323206,-0.007224897310047565,0.006931322408617761
0.005860462597037516,0.004051114210493548,-0.008049344101463587,0.004122717123841296
0.007338722389896404,0.006902151152604216,-0.0056262044614461375,0.00010691264551943025
0.00583753154173694,0.006762249460880887,-0.00088035711277289,-0.0036300515969649033
0.0021845790909494137,0.0032945592824630207,0.004396455301284574,-0.005853945321408406
-0.002023533170928779,-0.0025075847959376042,0.008257252704433914,-0.006043180620793308
-0.005111523735734494,-0.0086772400652219,0.009357520886450251,-0.004538184795307158
-0.0060134685229156284,-0.013037589859894325,0.00745656039334917,-0.0023338292849134495
-0.004674683915185426,-0.014064790347003475,0.0034687462844780782,-0.0006159681714774379
-0.0020103898908308392,-0.01149769444615284,-0.0009440261717399319,-0.000243931857646415
0.0005463046713485575,-0.006443398993075208,-0.0040624162241255845,-0.0013958909648299975
0.0017023026395621838,-0.0009330184682606255,-0.004796104289072562,-0.0035193415047406855
0.0008805093643888817,0.0028926937204858394,-0.003089250654346229,-0.005597483288738353
-0.0015338501184260223,0.0036362932015342395,0.00011089821331830216,-0.0066096127999659415
-0.004379434751327599,0.001187843002544417,0.0032955297039214473,-0.005984876831055738
-0.006252733669696961,-0.0032597200624655577,0.005051578813419597,-0.0038555660418111426
-0.006154531830283173,-0.007726327330327951,0.004656451142994601,-0.001004219625029043
-0.003964355602659058,-0.010275481297610904,0.0023643641199568993,0.0014699352566361207
-0.0005312564507694434,-0.009815022656967876,-0.0007277880752091445,0.002620841576674795
0.002666287333482356,-0.006537202789603357,-0.0031694257909388596,0.0020606711754236635
0.004152247881382125,-0.0018183652954213599,-0.0037872471779531805,0.00012757527431477358
0.0031086837296114486,0.0023762089913567635,-0.002189257648894414,-0.0022551911712476377
-0.00022884160324648795,0.004330840779351704,0.0010697451022647561,-0.0039693054245932054
-0.0046148341343283175,0.0033089356650105213,0.00472758993872327,-0.004175841407236778
-0.008271855271685537,-0.00013306390998496856,0.007353943564660459,-0.0026737890897652475
-0.00961335550459997,-0.0043798355197565315,0.007958560900223358,9.027405784824138e-06
-0.007913364638879303,-0.007442460818336612,0.006410253315078655,0.002831862028931412
-0.0036401437405567255,-0.007808233667573633,0.0034895793264281584,0.004674135959048445
0.0016947832614834651,-0.005097924495351541,0.0005536707528096259,0.004804733600185033
0.006121643896451159,-0.0002519635827647887,-0.001044506828316423,0.0031909847767789892
0.007999170675117045,0.004837585220035849,-0.0005366158641370352,0.0005174950371380979
0.006682592284640333,0.008101035032034187,0.0019266494088686194,-0.002093997191895673
0.0027958328913153165,0.008151817889405224,0.005329578557096353,-0.0035477658919811778
-0.00201014938929453,0.004875632143666583,0.008212974323390184,-0.003227798779655483
-0.005720871877143763,-0.0005003657796063821,0.009287635621156677,-0.0012533449161809679
-0.0067768107645234665,-0.005892508525711132,0.007982955486293925,0.00157002685472786
-0.0047130696851254705,-0.00920390773451249,0.004699932774113138,0.004083536970695779
-0.00035630699379779474,-0.009179997761868258,0.0006606100591646374,0.0052539979586213245
0.004505780329417661,-0.005922580880708281,-0.002585905036905471,0.0045994006582763675
0.007851365789139891,-0.0008476796356911009,-0.003797197868401811,0.002384785945788691
0.0082530070378143,0.0038984945357439862,-0.0025484653817847217,-0.0004922327676743204
0.005469068868414185,0.006326620250629692,0.0005918393125743868,-0.002877611812457697
0.0005542373725879318,0.005428623471701682,0.0042954682777190285,-0.0038411389683311523
-0.0045591015630795095,0.0015974097136294135,0.007021273070599469,-0.0030602311138648204
-0.007840310841083914,-0.0035342427183244554,0.0076498223351511435,-0.000947379854308858
-0.007983845141620441,-0.007772107938059252,0.005943455157873943,0.0015312229533064534
-0.004940237365087266,-0.00927779457129459,0.0026415712720137263,0.0032690518211988817
6.302028165165036e-05,-0.007345428657822206,-0.0008481498545240274,0.0034906077134207597
0.005020244165810078,-0.0027137561810381683,-0.003034736486030268,0.0020823676494036575
0.00796279774166591,0.0027203237811249115,-0.002963035563501134,-0.00035641037114805124
0.00775772513435595,0.006673976700444791,-0.0006108557054302979,-0.0027653874234845437
0.0045631936194186,0.007421599388427395,0.0031000208955211245,-0.004072582686575305
-0.0002453314100720333,0.0045206954417817136,0.006683380521425239,-0.0036530727478338992
-0.004647206110858754,-0.00098153590183582,0.008701680100931766,-0.001603381947761405
-0.00681154209093594,-0.006951521732484565,0.008359360420710789,0.001285970548375667
-0.00585159778642446,-0.011023003621310368,0.005831457685549095,0.003851506835438355
-0.0021884963672552174,-0.011555338858432022,0.0021921691917751937,0.005039888019825769
0.0026250654212964866,-0.008305343391787366,-0.0010267201527500505,0.004352336838472262
0.0065481523017559065,-0.002536495524803048,-0.0024650701614018587,0.002063745186911837
0.007896666812054167,0.003482046400625334,-0.0014918618413431537,-0.0008780440206965882
0.006041719770298315,0.007385148606451744,0.0015382339120671457,-0.0032349372326402406
0.0016732235667242072,0.007661308425985135,0.0054336871791323075,-0.003987636549946841
-0.0034802451847915465,0.0042564256782643695,0.008657513955200829,-0.002761249426248988
-0.007360149957685285,-0.001413268389865982,0.009957639788122648,9.853060580336526e-06
-0.008423346078600052,-0.0070432014333550695,0.00887633460172741,0.003248990482472014
-0.006275680111155205,-0.01037891600535668,0.005929955184318492,0.00567046010160234
-0.0018326075579726368,-0.010127717242601418,0.0023871940471623387,0.006303157965005444
0.003059436293067456,-0.006472371723168729,-0.00026008496302555584,0.004889908036568788
0.006384777149201416,-0.0009796468391749732,-0.0009131637963566419,0.0019975354115622096
0.0067891274988919476,0.004055224768520042,0.0006848828196277107,-0.001209324708512316
0.004136372036237103,0.006556388397255884,0.0038521574997924454,-0.003439732796195971
-0.0004382672268940513,0.005517279985863849,0.007259988235460214,-0.0038011198302198845
-0.00500060136865621,0.0014044600928140583,0.009490373843821835,-0.0021623908167689443
-0.00762026267282119,-0.004047854052197555,0.009626083430842966,0.0007936759939140836
-0.007172201897607991,-0.008564441595923053,0.007628556790640284,0.003850763425645401
-0.00380550906589823,-0.010274628277301051,0.004348132251835654,0.005757625476289746
0.0011146123985943807,-0.008485508369364743,0.0011644865515330338,0.005740760321676167
0.005568341112566738,-0.003964209977906412,-0.0005913416398207957,0.0038209193114963954
0.0077147413064963255,0.0013856312974266267,-0.00019198988611590292,0.0008035716908503243
0.006653161762150223,0.005317404929123221,0.0021849104051012425,-0.002052760723097846
0.00279782661676696,0.0061753596343188805,0.005533576104088868,-0.0035540932611485042
-0.00228963301526984,0.003581767502405922,0.008441884095319832,-0.003061894927447654
-0.0065412177050055975,-0.0014067584878088846,0.009681648263772491,-0.0007556903506094816
-0.008233030712840594,-0.0067378399086073515,0.008721302317239492,0.0024404554690094877
-0.006694341815390581,-0.010214529339390155,0.005947787063646615,0.005237219007495684
-0.0025825622913372426,-0.010406219007395995,0.0025057848851325216,0.006509062386176993
0.002389449039604863,-0.007241889688591997,-0.00017833289280711276,0.005755562825519086
0.0061611989342048035,-0.0020400440597963775,-0.0009895718239441575,0.003305532336162882
0.007175195201162721,0.0030370170859889134,0.00041219352999429665,0.00018032924767925722
0.005019057919338335,0.005878576477602704,0.0034507248863597656,-0.0023270279649450915
0.0005938879944093964,0.005299788574891183,0.006872390266289122,-0.0031835229362802628
-0.00426053634996181,0.00153283775560948,0.009266056761574874,-0.002039798930037747
-0.007528597954483381,-0.003868506854908499,0.009647907556129015,0.0006282602509503771
-0.007854076417594294,-0.008671614626784271,0.007868522350504847,0.003717795857652015
-0.005102129002900614,-0.010889103630455144,0.004673599174705292,0.00595490125482534
-0.00041533628578235143,-0.009601878050172485,0.0013935606438532505,0.006420062938967214
0.004259550188651408,-0.005340329916561956,-0.000608794546159858,0.004926600498175733
0.006978399592916285,0.00013430385939287165,-0.0005032989843127139,0.0020964267258786543
0.006606027401941304,0.004558211811954545,0.0016641389550771865,-0.0008976559680429243
0.00328797321344111,0.006101695789670945,0.004991703716552484,-0.0028164664957757097
-0.0016080904504157285,0.004126648533984579,0.008096595900492998,-0.002865760105903687
-0.006057640492908065,-0.000548824158426631,0.00968884342655596,-0.0010235132721062128
-0.008217657166636243,-0.005988437086527805,0.009105938870496988,0.0019515826430915387
-0.00719099613879523,-0.009938809554184844,0.006586813783282977,0.004833631817276585
-0.0033999019099018937,-0.010762232437711829,0.0031719747059271892,0.006435504185516604
0.0015867284235932116,-0.008115043105179805,0.0002716604505559059,0.006098476212209748
0.005701623749198751,-0.0030906096711108763,-0.0009186612030082329,0.003963642795703007
0.007235096467535449,0.0022326038809461326,8.683637266641842e-05,0.0009133199981888745
0.0055443149521128485,0.005651157793422568,0.002863927857425723,-0.0017932028686293254
