ch0,ch1,ch2,ch3
0.0038495711283797612,0.0020060081173740862,-0.002018723829834007,0.00739187401679171
0.003516999319165312,0.0011953354635330926,0.0019812716134360864,0.00544360804361535
0.0022540328349439642,0.0010195788335231049,0.005747532407832448,0.0041058720524056215
0.0005906588644584154,0.0015848055658566063,0.007719900019468297,0.003906308195747044
-0.0007756653717838347,0.002692686003276476,0.007079537101914578,0.00490446084776331
-0.0012673556779286554,0.003922524726861901,0.004089435971166271,0.006663680326189157
-0.0006657168719254244,0.004804018854908436,-1.320741502429737e-05,0.008428350538102612
0.0007973696977373913,0.0050096690451304875,-0.0035287612898257104,0.009434586192278702
0.002533636592048919,0.004488058596828076,-0.004999387847102139,0.009226717596126116
0.0038403691342699248,0.0034837807220870903,-0.0038139191435653114,0.007848494549884164
0.004190676661075088,0.0024364156406036647,-0.0004623500776889389,0.005828812288456761
0.0034522018653764808,0.0018004494357404376,0.00366610816193845,0.003966255776628562
0.0019433806051507435,0.0018601260901075153,0.006858290218005603,0.0030001469104260978
0.0003031231759788658,0.002614895538713427,0.007787546093081046,0.003303510025111256
-0.0007731013731501757,0.0037818426460568128,0.006064860206508541,0.004725379218199511
-0.0008221616066318854,0.004913395029452365,0.0024017119882260574,0.006649010226758834
0.00019250442341046947,0.005581480026635034,-0.0016835231186565422,0.008243613108363908
0.0018625600859137892,0.0055524036496485685,-0.004494579493003664,0.00880681955439257
0.00350130586459238,0.0048809518160100596,-0.004861312254507803,0.008056639542943157
0.004427546862534923,0.0038856738382076206,-0.002626742875745401,0.006251445810827896
0.004250122288709624,0.003016160646197294,0.0012853527769109557,0.004086846881394268
0.003035132864140422,0.00266731015693282,0.0052511925568239914,0.0024104442901429247
0.0012853283397776388,0.003017024991253517,0.007619059448075324,0.0018713916789539764
-0.00026194262414340475,0.0039538421382609434,0.007394574560305789,0.0026497394922878406
-0.0009368601975217605,0.00512386204789568,0.004655042759261527,0.004378677976668972
-0.0004158909535785654,0.006077337406776143,0.0005205125591611903,0.00629365566318392
0.0011379257910624843,0.006454499180727512,-0.0033074042808551238,0.007548354738821622
0.003132540633039513,0.006134289578875345,-0.005248775653262325,0.007567533802355211
0.0047811211646651315,0.005285049857976044,-0.004499857155224642,0.006290102469997949
0.005419223731656889,0.0042964733704867406,-0.0013677645633718427,0.004199936280614255
0.004776444449926649,0.003620736604478099,0.0028537790249041073,0.0021291851890300056
0.0030915713014496096,0.0035877773098424715,0.006416935840240404,0.0009134063661127706
0.0010231223492353017,0.004270106303442864,0.007840804232469495,0.0010405572912071115
-0.0006100379487786259,0.005452159694009764,0.006523141158847362,0.002440297494021443
-0.0011542307883312432,0.006716448054299162,0.0029899146610263827,0.004503625641133643
-0.00038168463451184603,0.007611159205559312,-0.0013204413999398715,0.006328283574260327
0.0014186432501246578,0.007830850055568321,-0.004648773994442192,0.007091351504330467
0.003556745173168764,0.007336824033104233,-0.005638217067778846,0.00639603282819097
0.005217019502945232,0.006368673275804947,-0.0038896452530802067,0.004447869562659152
0.005782450435112625,0.00534300239762622,-0.00012046687608231743,0.001983979530000613
0.00507718035393444,0.004681309234149972,0.004137786346015887,-2.008816431813172e-05
0.003430634354142115,0.0046376422012897565,0.007176445771512489,-0.0007489160146280024
0.0015388579762830382,0.0051963849717582625,0.007816176197518794,0.00011124580563279252
0.00018067975098325778,0.006081570217027273,0.005889532376968869,0.0022296294931830746
-9.557213495997585e-05,0.0068734144497168345,0.002299795981322246,0.004749078834898682
0.0008117791238834993,0.00718399510178639,-0.0013671108806857096,0.006621395762659618
0.0025248071057904775,0.0068199924816054955,-0.0035146339578407872,0.007026630093973141
0.004347246115713244,0.005865900000654435,-0.003210167675747392,0.005706977173134509
0.0055521605417900854,0.0046537253796017225,-0.0005796972192735894,0.0030786931690901798
0.005677685626810064,0.0036315761255898277,0.003243341001231123,7.428029147691848e-05
0.004710594378468269,0.0031847044899196778,0.006594716889081129,-0.002223673818868911
0.0030844816273532805,0.0034818203086183636,0.00798317614295567,-0.003010611045075183
0.0014957117685404642,0.0044089999381966005,0.0067270199287671785,-0.0020776787995960624
0.0006145281180933194,0.0056176862754863666,0.003255797900829027,0.00010943641470429616
0.000810583632902255,0.006666759026502142,-0.0010520958037980033,0.002602504257955246
0.002004849476523324,0.007200433556829082,-0.004432001636199091,0.0043558062662397146
0.0037068727217754623,0.007089370188831545,-0.00546425473198206,0.00464811270345861
0.005219829913940594,0.006477646979531182,-0.0036705276562539815,0.0033705194593556514
0.0059273305020992595,0.00571688711209814,0.0002744724530836934,0.0010638357117785258
0.00554344300402689,0.0052150519834872205,0.004807565554918385,-0.0013086211822081473
0.004223895670925286,0.005262359047723278,0.00811232435129438,-0.0027590980687404384
0.0024945825427300297,0.005906206408668013,0.008864765563740218,-0.002681161544649917
0.0010290785849671191,0.006927020852936769,0.006781706931452653,-0.0010973319868497478
0.0003686155774502314,0.007925684853707746,0.0027436931941759515,0.0013519480448760599
0.0007006504342822271,0.008487405103830302,-0.001560992933602446,0.0036722297199129617
0.0017868221463715056,0.008355200389565887,-0.004327070933647981,0.004922381881919673
0.0030686219243137233,0.007541572925316112,-0.004374626565339372,0.004597405144827194
0.0039055464923227964,0.00633141286643675,-0.0016374379990338923,0.0028296309035639317
0.003846239792495298,0.005173022096129007,0.002804738652346074,0.00032673149396063826
0.002820311372994294,0.0044997130372776,0.007164497196217479,-0.0019260213880045608
0.0011720508927373571,0.00455333390839055,0.009676314180285528,-0.003074407485653713
-0.00047707703532179346,0.005281497966814042,0.009317505361495199,-0.002744495587268147
-0.0014797770643004277,0.00635181999203481,0.006223991421639624,-0.0011874546142181044
-0.0014244289744443916,0.007280226827431291,0.0016299192090656056,0.0008394355572643175
-0.0002997788628560077,0.0076247001345232795,-0.002643385432898243,0.002404508792563556
0.001503528575537049,0.007168803921341907,-0.0049375795404918155,0.0028058205637522537
0.0033534919271721655,0.006021893829635264,-0.004436307444795534,0.0018764794297231255
0.004632022209844988,0.0045942225140897935,-0.0014924135253829435,6.086956349317732e-05
0.004979672952173067,0.003453156446594649,0.0025313561802468992,-0.0017727346637404912
0.0044302115643384266,0.0031127731636114847,0.0058409764718371365,-0.0027065035051414277
0.003381779729473181,0.0038353586696660696,0.006967639724995964,-0.002177587157920463
0.002418956988716683,0.005519654708050992,0.005386442951254247,-0.00024092674267808117
0.0020608469101085075,0.007718612213121022,0.0017384671828660492,0.002424736320242673
0.002539550843414888,0.00978130916665311,-0.0024377711486410075,0.004776699654087713
0.0036995819352121026,0.011067994784683892,-0.005354951424175011,0.005831422213351863
0.005058220478733014,0.011161137842486325,-0.005735663924656048,0.005077636825935296
0.006000772456921384,0.0099983043345961,-0.003363417949832026,0.0027064015192923285
0.006030370078301629,0.007882848420078857,0.0008074686368852585,-0.00044271999060656406
0.004971229723386789,0.005373685197799169,0.005034216793148701,-0.0032047054394189825
0.0030448517837364936,0.0030983890103675055,0.007506185750603946,-0.004555105574801446
0.000791162742420734,0.0015585875770968288,0.007106872262428274,-0.0040311924141581135
-0.0011310850774549353,0.000994717205591758,0.0038996380937258573,-0.0019348614342542814
-0.0021837538658488337,0.0013507770615324016,-0.0008696129170218184,0.0007702525579683372
-0.0021351582358054774,0.0023401372545393748,-0.005261772699853642,0.0028319921662477154
-0.0011241426172780783,0.003576549403741615,-0.007431179710185268,0.0032073892981167237
0.00041450878349733045,0.004714230350003137,-0.006389452134745052,0.001486439973075365
0.0019250704405643498,0.005543947786097139,-0.0024316138924563024,-0.001929245018811209
0.002931652262867304,0.006015599564403798,0.0029554994354876324,-0.005967297838239058
0.003186402170894026,0.006191042672379965,0.007672440800841285,-0.009291652591201072
0.0027152332029977133,0.006159788916857839,0.009844132097798865,-0.010815410424500547
0.0017577780517408909,0.005963045856839631,0.008577410070774553,-0.010116061513206695
0.0006420101448382926,0.005563942287288643,0.004331374618547601,-0.00758826540192082
-0.00034383046715580345,0.004877798159495709,-0.0012522119983255087,-0.004274378786435863
-0.0010269710721224762,0.00384681048113545,-0.005993310528218054,-0.0014419832450295218
-0.0013504552526847763,0.0025213872814717,-0.008035330947508246,-7.874757485088965e-05
-0.0013151957476583744,0.0011051037413254555,-0.006578399419331124,-0.0005073107974970514
-0.0009096507363831607,-6.579332659894382e-05,-0.002189971451572806,-0.002273570315916299
-7.68895014637283e-05,-0.0006099887784251704,0.0034307768246823467,-0.004350920211805805
0.0012539490165365264,-0.0002279674058870279,0.008138060517377865,-0.0055755469472103004
0.0030829560511310417,0.001178947127584741,0.010196876077275811,-0.005135342709010837
0.0052472625176017,0.0034452381830702844,0.00896774266456209,-0.0029144969439527275
0.007380241899403658,0.006162835579256648,0.005145866210657407,0.00044478763699556945
0.008964285451836987,0.008786143233437654,0.00046348382151346554,0.003787235155809629
0.009478341714155042,0.010787500712737541,-0.003018901814166343,0.005896422745532202
0.008593761611865775,0.011810535442499673,-0.003742718889104886,0.0059717393792568935
0.00633987385620334,0.011768695897883374,-0.0012682893486635483,0.003940072640258974
0.003160955415400596,0.010855670103515375,0.003565120604466142,0.000480066850786158
-0.00017775506829771637,0.0094660308972951,0.008991458871606711,-0.003246924377738346
-0.002818151186153993,0.008056346122731201,0.013029666490559831,-0.006048122991898296
-0.004096140426286433,0.0069972263418633385,0.01426008773735394,-0.007151262582577228
-0.0037798228212889765,0.006468029943418038,0.012350799736090927,-0.006479125480076687
-0.0021616855301788973,0.006428185177320703,0.008128330095821104,-0.004643449890016665
4.089045227563537e-05,0.006669463408586731,0.003178529492469856,-0.00266950454584449
0.0019483236979985566,0.0069234841106782605,-0.0008432012977021702,-0.001569797461400237
0.002848976153776564,0.006979545067499204,-0.002897423474761851,-0.0019420575613890954
0.002469066865478731,0.006766434722609571,-0.0029557658262705302,-0.0037510997041261297
0.0010732722743483497,0.006368181198815388,-0.0019473031302006324,-0.006374621191734486
-0.0006490266301919859,0.005970993001695773,-0.0012899459155380193,-0.008883464923819168
-0.0018716276727807138,0.005766216683915769,-0.0022158266055610706,-0.01043290657292075
-0.0019809744165366436,0.00585138773477413,-0.005184785593819541,-0.010601044566103437
-0.0008455864499679229,0.006171920753472782,-0.009640002591909246,-0.009538385942356863
0.0011082683235538217,0.006529677519940477,-0.014212235395523257,-0.007875603577299689
0.003052743894261911,0.006657911936564412,-0.01728675773462296,-0.006438264470292554
0.004090413538870092,0.006335136461760815,-0.01769132938490496,-0.005895308135240439
0.003631509466162905,0.0054935383729289786,-0.015210274146640446,-0.00649051243283507
0.0016621511052180042,0.004277216163969623,-0.010701716562592292,-0.007965508501353899
-0.001211865149493327,0.003022153910537312,-0.005762232070194079,-0.009698151521639622
-0.003973468264851402,0.0021577612158992857,-0.0020753540151892125,-0.010988290186124499
-0.005580302157767995,0.0020591254244323497,-0.0007164491837191871,-0.011363222171767263
-0.005378028488318648,0.002899375437614007,-0.0017084698843402232,-0.010771767488538319
-0.0033735846427655203,0.00455529094859615,-0.004020670939657939,-0.009588657418298337
-0.0002516165516849578,0.006604638345556883,-0.006017448076913762,-0.008435526380109894
0.0028826404638635297,0.008425031619496067,-0.0061739690463431945,-0.007903808677233892
0.004940149332613421,0.009370553671196033,-0.0037592881085888805,-0.008304154356629179
0.005293977491727622,0.008974890498896278,0.0008041545367841107,-0.009550460053020696
0.004053274668292528,0.007117557277108319,0.006065069819620943,-0.011222877960300415
0.002046501108006568,0.004097461272417349,0.010112085508729843,-0.012772486240739747
0.0005075157377151668,0.0005838932175682571,0.011359717215737086,-0.013767504822708415
0.0005773913860913638,-0.0025483604768987075,0.009228497108461194,-0.01406506165987377
0.002813474561607021,-0.004456748637916615,0.004432665673890529,-0.013830361353394813
0.006902600417524288,-0.004573711397592953,-0.0012553254200894787,-0.013399180630546625
0.011703025119791134,-0.0027815850074800405,-0.005681603646038383,-0.01305582112207554
0.015615696385131089,0.0005361182469222972,-0.007164332120088587,-0.012841493071321604
0.017157092996416316,0.004587808404196404,-0.005181748052722299,-0.01249672257541918
0.015523040165855206,0.00838903730428019,-0.0006134493486467628,-0.011579335228032624
0.010928961218052272,0.0110394469189889,0.0045707462211578564,-0.009713937438234711
0.0045902530037888675,0.011979821643618091,0.008059816201541309,-0.00685867101926893
-0.0016615817101383462,0.011150728953697675,0.008097937141457442,-0.00345419700905758
-0.005995308504124899,0.009001947353646761,0.004177370451370219,-0.00036143317915861284
-0.007208560317746235,0.0063467420547263925,-0.0027434514374735236,0.001416087657319584
-0.005141347607070634,0.004103715647986318,-0.01058039157542269,0.0011294357080468692
-0.0007247285120527622,0.0030060596171063905,-0.01688661666254872,-0.001360846295602458
0.004351968921693084,0.0033709722319368394,-0.01973845920131654,-0.005434095372782024
0.008233226693403001,0.005005284908297537,-0.018401894111936067,-0.009853392404452321
0.009534001650345642,0.007280861583927864,-0.013531440066143152,-0.013176704834496039
0.007793793712089972,0.009357815112474403,-0.0068439713870201285,-0.014291884649926742
0.0035919853306562843,0.010482915153146945,-0.0004186128359302474,-0.01286710794054935
-0.0017050617613637437,0.010262146852491473,0.004084164057469666,-0.00952583346946443
-0.0064606421271271725,0.008811163839980592,0.005972052643866693,-0.005653694946910582
-0.009351906602969473,0.006725627003907941,0.0056354681271513045,-0.0028882650222787007
-0.009808754836816452,0.004873862256716127,0.004212075830142457,-0.00247480753991923
-0.008156418800702905,0.004077204022483047,0.002974478031916014,-0.0047370527632278475
-0.0054253907568234325,0.00478697556318089,0.002723558824863714,-0.008881183071779833
-0.0029153140272901498,0.006874826974759142,0.003455806668772479,-0.01323114412243688
-0.0016849924636372846,0.009620177567514966,0.004443277799111019,-0.015828179566688055
-0.002159005746043746,0.011913906874667958,0.004676638006375612,-0.015181211906642164
-0.00398916469791509,0.012622057454115251,0.0034565768335847527,-0.010886199638108121
-0.006209190969649593,0.010993091798050407,0.0008486753191868854,-0.003871609506951257
-0.007612895655183093,0.006969318808533978,-0.0022269441158256874,0.00383848503035996
-0.007209783696882394,0.001287704611926118,-0.004339636685397122,0.009772567960019594
-0.004593120248295522,-0.004678596165536793,-0.004197741085477838,0.011844077576478491
-9.678554438981996e-05,-0.009300029016676767,-0.0013269661569193653,0.009069369381932632
0.005300883067714923,-0.011176031473570332,0.0035330168104633127,0.0019134050890539517
0.010278459677236555,-0.009569117290311136,0.00852480727114601,-0.007856991422640458
0.013565572093627479,-0.004642185499213872,0.011276643527945128,-0.017751272167974452
0.014298050283914083,0.0025841579938085824,0.009812081585067661,-0.025348851937863466
0.012229873803023414,0.010544305927651184,0.0034206532429558317,-0.029022814147115994
0.007756444086807944,0.017607983268993033,-0.00686682558422547,-0.028347949813870683
0.0017685704211675701,0.022566704830586398,-0.018421829394739443,-0.024077720355022765
-0.0045960921004897515,0.024961016909556863,-0.027775251796389733,-0.01774127888748407
-0.010220931855433931,0.025137625638635946,-0.03174549869266208,-0.011047756254010728
-0.014228175589085325,0.02402053035336911,-0.0285424410552194,-0.005338544702197478
-0.016109231826659978,0.022683035379350222,-0.018445917612481155,-0.0012826561563676255
-0.01576401226214577,0.02188128690790952,-0.003802808669464461,0.0011100109972917264
-0.0134679255837926,0.02172721998936354,0.011670033070750686,0.002223067631212404
-0.00979124291011597,0.021631357655937353,0.024040139888358108,0.0024812341338609073
-0.00548957865827485,0.02054867492939262,0.03037224547547391,0.002095310170102782
-0.0013757722482893864,0.017447153422043553,0.02958607835200688,0.0010218165609214673
0.0018188973052382876,0.011829352766136558,0.02268119138865398,-0.0008639831260254804
0.0035796992310692787,0.00410587254427703,0.012282520707774261,-0.003496957101782952
0.003714270623181736,-0.004339831525079087,0.0016991561563843433,-0.0064237109827526145
0.002397723383857922,-0.01145415859234121,-0.006153805269705291,-0.008817716853679033
0.0001323332242932785,-0.01511298665465663,-0.00959854341948509,-0.009745146492395343
-0.0023808897810764992,-0.01383483047404771,-0.008544834457807415,-0.008588038135649241
-0.004430615580451339,-0.007368779980917756,-0.004287077307479861,-0.005435051397297299
-0.005488600963128278,0.0030571534574589526,0.0011109198798107123,-0.001236320917087079
-0.005343782314503234,0.014941895429113922,0.005573763994584653,0.002398873764957239
-0.0041285125130805095,0.025141373839126374,0.007631970622684347,0.0037343464199248305
-0.002226138002092648,0.03075037815822941,0.006711874263643819,0.0015886425283193964
-9.51399483693216e-05,0.029971576235459277,0.003066113540549635,-0.004104056190927685
0.0019197481883373307,0.022697706941344098,-0.00254134069468117,-0.012104676868489102
0.0037110366804328707,0.010612456989132064,-0.00920479914075914,-0.020173466723046055
0.005413208071941029,-0.0032395191302742946,-0.016127541608076373,-0.0257968439456741
0.007285048273851156,-0.01529806067124774,-0.022673696541518802,-0.02708658119857324
0.009520464992680326,-0.022501086263513305,-0.028261285539978365,-0.023510918425439047
0.012074291406178543,-0.023162859491242208,-0.032223436174142944,-0.016159991131600892
0.014589148861588207,-0.01745212000903909,-0.03377812353660048,-0.007414361362785546
0.016470475229649957,-0.007326981363842543,-0.032181834235100085,-0.00011450496890433315
0.017093637371972316,0.004050103657288143,-0.027032280215202542,0.0034690632942344785
0.016065696405909165,0.013235644684489513,-0.018584879318680456,0.0024738610922526993
0.013432059749376144,0.017484624130750203,-0.007908887999736658,-0.002238756118699961
0.009731390209009191,0.015492785518581045,0.003244094945670614,-0.008425893044565258
0.005858545585605605,0.007688233490481075,0.012869623794340403,-0.013344053847103313
0.0027738084469230567,-0.003996656700300277,0.019310871213389383,-0.014833675499685471
0.0011649861789393423,-0.016780016599433636,0.02180753914271582,-0.012183983708085495
0.001197020067418994,-0.02789105083545198,0.02076460604503919,-0.0064329795568841795
0.002456710311034619,-0.035361352966342366,0.01760612215822185,2.5224453120538393e-05
0.004125823711831893,-0.0385066377076828,0.01423982312249428,0.004380538416092172
0.005322669810259584,-0.03796829767185732,0.012321040305225406,0.004528960383990591
0.005478464632339142,-0.03533134387617394,0.012599701298345534,-6.732627808593745e-05
0.004592784945858949,-0.03247113339643574,0.014617394658182688,-0.00812799482313343
0.0032544929743150014,-0.03086208962193314,0.016892945992192498,-0.01701924702473312
0.002406674036034985,-0.031082757689172173,0.017542260782798292,-0.023759104202920853
0.002940485569985614,-0.0326751145701136,0.015098048902558635,-0.026169519550425194
0.005279546302312865,-0.034389630537222986,0.009202425202102793,-0.02371884624070688
0.009129875236654664,-0.03471457862769001,0.000882184689382115,-0.01771778435674274
0.013511474146162952,-0.032493154751693745,-0.007726991090420424,-0.010787757839376483
0.01707725307709109,-0.02740616264304336,-0.014124242223994887,-0.005811172370142392
0.018606452691878776,-0.020148714758601916,-0.016380580410654454,-0.004781457826169573
0.017481827477956846,-0.012238189884574886,-0.013907006055430597,-0.00801244474333386
0.013956807965351009,-0.005519849198467715,-0.007745844726058347,-0.014023401606152404
0.009095332084962403,-0.0015418674453150875,-0.0002559634390349383,-0.020144655662467443
0.004394948913003908,-0.001017353425104582,0.005703363531431568,-0.02359829190022394
0.0012325923152578383,-0.0035619014429902757,0.007787698471858796,-0.022616690242482855
0.00034910394491942734,-0.007801491920569829,0.004997908483965759,-0.01714700856221573
0.001579603134766898,-0.011819234787855966,-0.001989826295737948,-0.008858864433373637
0.003942713143338408,-0.013793608933670237,-0.011117559233531643,-0.0004570768178094736
0.006058202140109235,-0.012614933086700655,-0.019744173145340927,0.005414660855909581
0.0067272283818732015,-0.008273196070207049,-0.025635404525420152,0.007226485534997634
0.005438248223735655,-0.0018868028280954255,-0.027760466592920835,0.005138323706354968
0.002586314160701604,0.004637890937531586,-0.026591313944206205,0.0008647663486604264
-0.000693034439712796,0.009203242657450754,-0.023800965770497687,-0.003108834654174813
-0.0030158313275826243,0.010176096862601451,-0.021496796032681523,-0.004624948093568129
-0.0033693487802848032,0.006888875266791786,-0.021307391377181142,-0.0027997469569291736
-0.0015998999046957854,-0.0001721648948128235,-0.023694640579506515,0.001588575076193026
0.0014457901542447825,-0.009541663990070622,-0.027765756115674625,0.006439468177698221
0.004203954925866192,-0.01924067274890936,-0.031653145627980654,0.009258007727341363
0.005005660441828465,-0.027366542574625924,-0.03329790041292797,0.00827569442756965
0.0027789942810549292,-0.032606963693933844,-0.03130955730928427,0.003276688320940621
-0.0024459037491108074,-0.03451491434328291,-0.02554675247300392,-0.0042427730183608155
-0.009449021240403227,-0.03347420963596846,-0.017181264925230408,-0.011675156720666637
-0.016208964777234797,-0.03039942292114548,-0.008223010716299134,-0.01642723363428978
-0.02063491340575778,-0.02630719759873922,-0.0007073334811051185,-0.017095073743883207
-0.02136376230402274,-0.02193450083666722,0.004113685730689674,-0.01416772805830589
-0.018306494981013485,-0.01754991331783458,0.006235368906257713,-0.009916127987038736
-0.012717072981701993,-0.01301888840428473,0.006822548209099277,-0.007458529227723004
-0.0067412816767899175,-0.008076431783496724,0.007619048818814041,-0.009351992243985117
-0.002610194632140732,-0.002672906729302437,0.01009172201421922,-0.01629065420028398
-0.0017897422029820656,0.002774487793266875,0.014674602981378487,-0.026491333597734694
-0.004422933474844279,0.007356407541477913,0.020447138724975757,-0.036101764489114375
-0.009291066167372602,0.009912086523856764,0.02540874072272817,-0.040563644885973985
-0.01431598796772382,0.009462533391457861,0.027267436681386564,-0.03645842833461928
-0.017407802293280976,0.00567239320250457,0.02444120326935491,-0.02312390119745495
-0.017319559398289008,-0.0008530127049554553,0.01686640356762336,-0.0033615870824565547
-0.014162359335665092,-0.008582684117464712,0.006263907255588438,0.01713759300628235
-0.009367277374236802,-0.015425476489633272,-0.0042879279366017375,0.03154572379390397
-0.005103396154320629,-0.019351995387550197,-0.01135790378538061,0.03425836447820252
-0.003384689371565913,-0.019071843714990558,-0.012397413947889895,0.023019913328774684
-0.005230784391156124,-0.014526806459405607,-0.006754204085973109,6.316107135265203e-06
-0.01023113145382213,-0.007009308114799714,0.003924605172527872,-0.028597673879801964
-0.01670160732207286,0.0011619610393072358,0.01607804374473157,-0.054454538460746466
-0.02237974972471935,0.007322827637494908,0.025301622641097907,-0.06976198256514257
-0.02537808864287305,0.009283713580314669,0.027751134319224185,-0.0698475617263429
-0.024999051122755692,0.006014365880614676,0.021406226537420595,-0.05475277026050671
-0.02206131647114261,-0.0020417345613870687,0.006766935958905752,-0.02923383553324381
-0.018582234517992263,-0.013132631412310938,-0.013246510560265011,-0.0011651365820137382
-0.01692787071035741,-0.02478420005749561,-0.034146602693780184,0.021099710617671807
-0.018772565073002505,-0.0345993370595199,-0.05118938143004225,0.031483910510549384
-0.024305869462902308,-0.04098639359663206,-0.060708517204642355,0.02810059697475496
-0.032040598819823976,-0.04356129956013166,-0.06105323115660147,0.013675034231838717
-0.03933864134877843,-0.04309085998352921,-0.0528675708104201,-0.005629837694659554
-0.04347291865053099,-0.04101809176780147,-0.038683494299044496,-0.02251923203966502
-0.042805780948831446,-0.038769414587507434,-0.022025633139971676,-0.03114818075026695
-0.0375883191946255,-0.03712701808377926,-0.0063634722139586375,-0.02905345073225266
-0.03001174027685891,-0.035923949894333604,0.005743602829167721,-0.017778469025281952
-0.023429958159751355,-0.034191530183361234,0.013072517054315683,-0.0020330162326689417
-0.021012499926763642,-0.030705385245524977,0.01567587365248653,0.012231643524307948
-0.02434237075865987,-0.024707655326089942,0.01445148153642134,0.020073103921915594
-0.03253545143759287,-0.016495904185187336,0.010568866009868477,0.019291235936356343
-0.04228970090126731,-0.007602326508619674,0.004992157247274365,0.01103426823184684
-0.048928117746325814,-0.0004336337139814739,-0.0017384328455876258,-0.0008841269690646122
-0.04810669981115622,0.0025482697800792743,-0.009431342820803879,-0.011629127925451763
-0.037571050117296945,-0.00017011165162159406,-0.017962465769704235,-0.01727802924230608
-0.018282401401368272,-0.008344236854248399,-0.026949275974367838,-0.016293291843013084
0.00556750903935865,-0.01969980149494638,-0.035543839669109525,-0.009995070476130373
0.027737137732538955,-0.030374185939969642,-0.042447452798194715,-0.0018965852562595406
0.04194622485878445,-0.03599743804555501,-0.04615608190630895,0.0037964860953834216
0.04401998937846586,-0.033097189275790584,-0.045357662387202374,0.003916154867126733
0.033386976990150655,-0.020366485029833306,-0.03935013013944877,-0.002378070823975835
0.013360096662628294,0.0006563332530769017,-0.028345568478501573,-0.013228177817502067
-0.00993848072116802,0.025775413159102395,-0.013564623256548822,-0.024741304398508086
-0.02965076674954223,0.049192931168825685,0.0029128223774885255,-0.032414142055973275
-0.040519827750300996,0.06513808241690441,0.018511735765379896,-0.032773962092975534
-0.04064350615193541,0.0695687780445035,0.030663661918703972,-0.02463551857433533
-0.03200058892645136,0.06140202130360299,0.037342077173583725,-0.009538834667343232
-0.019551673465713952,0.042868831892370174,0.03752051214737774,0.008753444131537613
-0.009244869117691124,0.01886900120913175,0.03145211619799647,0.02548314807884977
-0.005668614623474538,-0.004473418153316158,0.020693657584273703,0.03639523327584897
-0.010233607836617135,-0.021592050403831956,0.007837434849958982,0.038995836324608825
-0.020576676770707104,-0.02902913327084647,-0.00402793223709598,0.03318150811205219
-0.031427909781948635,-0.026271448101666595,-0.012037571776380436,0.02109654734776996
-0.03663453943478413,-0.015633124397133213,-0.014294923142478697,0.006342026581118196
-0.03159508068004835,-0.0012689681580447185,-0.01044467298296095,-0.00714784350507007
-0.015190939213500058,0.012311887634254098,-0.0018880510786038265,-0.01618584375486813
0.00952484863336717,0.021709771644947348,0.008473176281639416,-0.01906435509417931
0.036171846329995,0.02558491147344407,0.016951784378818013,-0.01579384192017491
0.05714635214764384,0.024804019275436955,0.02009012451411809,-0.007872755916242258
0.0662440133735211,0.021787398864914716,0.01569698067934565,0.0022611115826742523
0.06085936891839071,0.019344021785469307,0.00358547076533796,0.011901956473854655
0.04296358099908344,0.019453098450661604,-0.01424687890584797,0.01869991608447416
0.018495779993096186,0.022451427114430204,-0.0340955243547296,0.02113116635545459
-0.004629483085332536,0.0269200300083921,-0.051572235693091814,0.018769492553091065
-0.019202601765760635,0.03029486629509158,-0.06287078304265986,0.012350152999044059
-0.021149109719543494,0.02995430774962487,-0.06587044057280503,0.0036261900774495794
-0.010866441622691729,0.024359663378110206,-0.06070790651257913,-0.004979389079363152
0.006982765811916564,0.013807192281674256,-0.04961712930602019,-0.010900873111992563
0.02512451899257178,0.0004951996153169103,-0.03608613593354703,-0.012062533593064207
0.03617659544933091,-0.012136713900777574,-0.023622872909704218,-0.007479281967927624
0.03512376764572209,-0.020570555769816496,-0.014567774209394296,0.002355760109975808
0.02092405238259873,-0.02246298353051735,-0.009380396034065406,0.015464452940816362
-0.0032659475056771685,-0.017538975891455897,-0.0066584431982484316,0.028836346038425463
-0.03126284328289115,-0.0078001328836938295,-0.0038776579349859668,0.03927072464087076
-0.0559608001019551,0.0030394993700454866,0.0014308626954553094,0.044378818087517063
-0.07160688607969334,0.010708893055102812,0.010519952017749343,0.043415019592661724
-0.07546921523478908,0.011742766776071008,0.02273754275967694,0.03761663745453749
-0.0683753344772956,0.004599904447633599,0.03559191383216303,0.029871322175878866
-0.054021832909150844,-0.009826541991710583,0.045567939978079584,0.023763122266264473
-0.03738873107430317,-0.028461158496875777,0.04940103645401401,0.022290614045082265
-0.02288055671177258,-0.04696051945336601,0.04533210284171194,0.0267067785013582
-0.012867084923088327,-0.06097795185360548,0.03386315961433528,0.0359273356472834
-0.007107567407303832,-0.06736915319742588,0.0177142190744382,0.04677658791313524
-0.003195572669619475,-0.06497188993208379,0.00098038474996592,0.05504165270392599
0.0022095430532394628,-0.05475426065921241,-0.012209394024187324,0.05699515821498091
0.011861460781035275,-0.03934349934965325,-0.019040808869632192,0.05084480353738475
0.026683087410403497,-0.022143368102642485,-0.018876078574843295,0.03756263547693538
0.04523433527769692,-0.006357963565381659,-0.013321599322930047,0.020751904946596796
0.06405188090688588,0.005766828610507008,-0.005497144147350346,0.005556368964392253
0.07871252544238497,0.0132830093843547,0.0011948842013026493,-0.0030227695930178586
0.08523681505006422,0.016425368281131045,0.004317599791985531,-0.0018035384661114415
0.08136130181322121,0.016163037843558076,0.0031887090258067574,0.00951629632862392
0.06728146806459301,0.013634044837694974,-0.001073347709586725,0.028302131544858312
0.04566161947821848,0.009685116842256567,-0.006228394792383303,0.04994119140721823
0.020946332403396356,0.004664355330291636,-0.010010929241988174,0.0694461134927605
-0.0017906293194571501,-0.0015037410719894138,-0.011173946136767265,0.08309185508351125
-0.018116609250782876,-0.009043877469619675,-0.010040303543214302,0.08947287008296138
-0.025290345134883176,-0.018004427042390643,-0.008331507860840609,0.08960785605200008
-0.02284805631362294,-0.02802821041863077,-0.008347855247612994,0.08610647179012668
-0.012623109228317539,-0.03830894714062889,-0.011848323974725815,0.08179030848250086
0.001761300385930975,-0.04773740568192459,-0.0191109015272707,0.07837467695081211
0.015779567687973683,-0.055165976181602544,-0.028588553747380313,0.07577906833110955
0.025064653618972355,-0.0596838609518438,-0.03733719393285637,0.07235629513563568
0.026420759563232053,-0.06080673502338605,-0.04207504314700327,0.06592692475168771
0.018584220781526932,-0.05853280447609189,-0.0404659537855355,0.05514516784561535
0.002572812797699414,-0.0532759554073783,-0.03211231339076133,0.04055938574592921
-0.018469509915534626,-0.04572904830291688,-0.01884264317496935,0.024840346994376022
-0.03993484849675633,-0.036720111524000565,-0.004148848856071148,0.011995772693525947
-0.05681348974568301,-0.02710226896247655,0.008036986949816437,0.005832025592708925
-0.06493798187382564,-0.017681187614362825,0.014769288369435418,0.008278013392262957
-0.06210978019692685,-0.009154543053892183,0.015170543818874595,0.01829683025784549
-0.04879277906827097,-0.002033918301109938,0.010742064513642268,0.03191735329114686
-0.028132057935178565,0.003456407936425966,0.004770093493546498,0.04348560947164894
-0.005219579439351814,0.007470735705009723,0.0010412809291303407,0.04773193481531893
0.014253700436902814,0.010560874497494257,0.0023497792960442618,0.041880379436064465
0.025611787228445447,0.013562348234017828,0.009361893988846001,0.026951704584422732
0.026601553793822886,0.017329366004381133,0.02027058825625655,0.007677660881307717
0.018137967839811503,0.022370077631147622,0.03137337209537608,-0.009038256447612324
0.004100083151569504,0.02850263703740738,0.03835946301547691,-0.016606124297938885
-0.009823729712368046,0.0346854058322882,0.037829827896307816,-0.01127357199970587
-0.017929118689021015,0.03914599742481334,0.02849616354297123,0.006279547541006063
-0.016379532505682935,0.03984202461813473,0.011638011533652265,0.030927189543216035
-0.00456372264814992,0.03515790184559933,-0.009315428679337122,0.05473259217893586
0.014553033613938105,0.02462457488711242,-0.029885757192959814,0.06967334995386744
0.035253841673782337,0.009394124390967012,-0.04589667995975043,0.07046636897358469
0.050853386959280274,-0.007757221400768774,-0.054583095758763994,0.056444422756816284
0.05588615671878854,-0.02298639199651127,-0.0550959716474128,0.031779234696430785
0.04798262963462725,-0.0323952883955715,-0.048303743592807966,0.003964365649128054
0.028789841373631966,-0.03320754092306616,-0.036073938614021604,-0.01887179326673856
0.0035892142922136737,-0.02472005647097495,-0.020406550903058856,-0.03081155810725677
-0.020308719399241892,-0.00867095176641933,-0.002811113775601455,-0.03008806335406017
-0.03589782637074964,0.011166334815280576,0.01582842786316903,-0.019413344290210438
-0.03878220884156508,0.030095792265982364,0.0349037656178498,-0.004615825047296431
-0.02868544195345037,0.04399153958988858,0.05348659001925586,0.007838553902684703
-0.009640158995412478,0.050676802138667654,0.06985032032467432,0.01344548995596638
0.011237918963711256,0.05069228337727946,0.08142924999600823,0.011358993264902376
0.026019907182782687,0.04713359481617953,0.08534307948372971,0.00453874401611485
0.02855481285457241,0.04454497556929784,0.07935475813975089,-0.0016723912228410326
0.016542867631856455,0.04719432619795982,0.06291210211483726,-0.0019354416305256313
-0.007588125784091604,0.05730281557544564,0.03784276370105627,0.006714286972865843
-0.0372993694183434,0.07386472393460998,0.008366168610353561,0.023473590956566412
-0.06386595256984845,0.09253373402511479,-0.01967813345812016,0.04390886508630852
-0.07900582937849576,0.1067118502433769,-0.04019976017148552,0.061556284840883345
-0.07738668434404287,0.10956504346045334,-0.04841323011657328,0.07032992458175222
-0.05822999751905833,0.09634638433616668,-0.04209232347273543,0.06676981012907195
-0.02552581929319616,0.06625738763168715,-0.022135364515974768,0.0512453042885911
0.013184876143130318,0.023184706689941947,0.007710824779984006,0.027670031285414228
0.04905642453041699,-0.0250113477837782,0.04184236710574542,0.0018975340746464862
0.07450161803226812,-0.06851352976790585,0.07416358490157401,-0.02050246012800833
0.08528492529618145,-0.09828735841486963,0.09940666352293495,-0.03615743247841458
0.08153222694150726,-0.10869993907523273,0.11406273910525798,-0.044728421159830244
0.06740109126371707,-0.09918459729498001,0.11676609410568335,-0.04838589239774567
0.04957734026531236,-0.07440463121551726,0.10818031418734934,-0.05023794830837733
0.03511429352059755,-0.04284207782405432,0.09057803455546946,-0.052477564279555446
0.02930419867765726,-0.014241079957094702,0.06733381280553108,-0.05513102481169
0.03422181108424452,0.003297183074745094,0.04246900132071163,-0.05601378801789788
0.048335226903981385,0.005662666164375774,0.020255730585992504,-0.05194730493042449
0.06722631309744043,-0.00619127235558916,0.004784126493061577,-0.040697455173941015
0.08511902492207532,-0.026753083082057455,-0.000614132941828896,-0.022722585317402955
0.09668595420469808,-0.04782967680461047,0.0059029204996085965,-0.0018401343371018397
0.09855638520543294,-0.06116010639375205,0.023949422891097805,0.015654757257726554
0.09008694553847768,-0.06092254328304246,0.05045310199935134,0.023221442247066792
0.07322379119776361,-0.045363307659994294,0.07979368189530248,0.016831136122946774
0.05158985409383253,-0.017096913744555874,0.10473214675104228,-0.0028954022129347723
0.029171719742683823,0.017922872316384394,0.11806677715291745,-0.030167599641023987
0.00908317257974374,0.05233605474915588,0.11464672791629638,-0.055537173646161384
-0.007180458125871949,0.07953126518027433,0.09314551950921461,-0.06905395684153266
-0.019783033417513213,0.0953277949665399,0.05695620392179694,-0.06397070778973468
-0.029933929764871796,0.09871144987253096,0.013766231713583404,-0.03958940331019553
-0.03890763329672063,0.09151387899307892,-0.026237409816368237,-0.0020730167000701655
-0.04711283123351197,0.07729315362472453,-0.05311694164456528,0.03723917713141259
-0.05360352258902544,0.05991635096284492,-0.06009808266992121,0.06553689295471221
-0.05625697575598083,0.042385392643129356,-0.045728359181235564,0.07298704827861836
-0.05258935415404277,0.026286483266337427,-0.014533675944702298,0.05630251516656051
-0.040927878195873624,0.011956418246297708,0.024126952089139515,0.020074609081316364
-0.021498356144430842,-0.00083636405058286,0.058732887788386826,-0.024692525835471997
0.003020261075355725,-0.012087547825761307,0.07901233692253636,-0.06437344828010748
0.027766665478104254,-0.021037022845631956,0.07903684664115726,-0.08748513677601974
0.04681241006340411,-0.026186381398933888,0.05902095265540708,-0.08868217088276567
0.05483894070187623,-0.025852255084641233,0.025249826165421853,-0.0705082351759011
0.04886718722808669,-0.019006563954036416,-0.011846425263256135,-0.042255868773109106
0.02946238981959809,-0.006016607613772778,-0.04086284281845358,-0.01636605462479106
0.0009611863483673724,0.011074912869528225,-0.05283766974666741,-0.003721692909488438
-0.029445250598638267,0.028908668806680218,-0.043863437123370916,-0.00960112785495423
-0.05357606303182739,0.04372333184257758,-0.0161185992792981,-0.031800515791033795
-0.06455727482583562,0.05250723400067285,0.022932847832687404,-0.061604506318823915
-0.05886451626722045,0.05395484295845143,0.06284859692990628,-0.08720112123118455
-0.03747157336831174,0.04885353117577072,0.09325233881480799,-0.09821422169975097
-0.005718488128327256,0.03973572164566461,0.10667019287122442,-0.08961797987813874
0.028099908080407392,0.029912908008884402,0.10034671979662127,-0.06355556739484369
0.05502652380811669,0.02225113625813627,0.076601639979372,-0.0284042885211634
0.06793848772151939,0.01815512741443008,0.04176288245706296,0.004508943173170254
0.06350357294892639,0.01715457928592882,0.004126499633668804,0.025245512053986986
0.04302116010437968,0.017255920515510323,-0.028374867567342844,0.028968353273439443
0.011922190608672188,0.015922610306080033,-0.05011569651590377,0.017621315170816505
-0.021880965839482687,0.011293209063763502,-0.05885765233751849,-0.0010287143887202088
-0.05025708664638538,0.0031399692489525594,-0.05580191447087277,-0.016566957350978247
-0.06702817159462038,-0.006842132508119651,-0.044756790799973786,-0.02006123095171241
-0.06941324933110765,-0.015573055515873048,-0.030774978073900658,-0.007546670623691867
-0.0583722768304395,-0.019783598284556655,-0.0186877502848789,0.018452363830807516
-0.037849124118041005,-0.0174271075959423,-0.011908475688351013,0.04989695386655625
-0.0132593329837031,-0.008750601916747456,-0.011742954032486482,0.07627113662195062
0.01022373614829923,0.0034343242523089297,-0.017287491008279678,0.08847592996762288
0.02902315848704177,0.01446105747158739,-0.02586213065864388,0.08208904705184539
0.04177333451936175,0.01931467943807639,-0.03383528888294491,0.058797819725740316
0.049109326532613566,0.01443856252610012,-0.03764419335434793,0.025558142759827263
0.05283833748539307,-0.0008010675758815151,-0.03479149307314812,-0.00808207707131341
0.05489070595828001,-0.023549171147731036,-0.024596652054335554,-0.033381725796920524
0.056473815135685744,-0.04805832696564874,-0.00850838911788579,-0.04520599727803036
0.05771963499951386,-0.06731063348326652,0.010144257718639521,-0.04322445256464093
0.057888900429256575,-0.07516114126026333,0.026962571879464624,-0.03120128072791121
0.055966960168969106,-0.06829845186377519,0.03769266297216482,-0.014847653370055093
0.051345944850763714,-0.047359894083182585,0.03953346222001809,0.0007539622787749167
0.04428253559398381,-0.016812724512655905,0.03213979833290595,0.013048196862693574
0.03594133263654877,0.016373950243179412,0.01795143092734703,0.022489944820822012
0.028022328118565205,0.04483295783456421,0.001645120737337101,0.03153148059816965
0.022145866785417953,0.0629835864660159,-0.011221993283054746,0.0426919316824131
0.019259376790787333,0.06857951910447949,-0.01601526883232607,0.056669369941182726
0.019305729041664076,0.06312679111652877,-0.01069991743023313,0.07140542956598452
0.021271615667809295,0.051069221356290745,0.003209880118052455,0.08256199423390953
0.023573292948467,0.03805886166037614,0.0208469284522977,0.08522142531514575
0.024606740995584298,0.028931736272741135,0.03538661420909833,0.07606032447170277
0.023242359009683834,0.026090914493075528,0.040272200441851855,0.055016528138263104
0.019093919480880343,0.02883544547272579,0.03156485016175717,0.02567084636186561
0.012507632925140177,0.03382735149371123,0.009602056782404052,-0.005886384240173452
0.004341976093817259,0.03648548237884096,-0.02067688315889322,-0.033273819326574035
-0.00431594412678395,0.03277787864519522,-0.05095821454648065,-0.052206183132653024
-0.012358174864729767,0.020762942374517302,-0.0720212909936099,-0.06203414270177837
-0.018727543360810082,0.0013416743334305828,-0.07667745167525833,-0.0657592327144533
-0.02239912475660287,-0.022017912739497374,-0.062202286581912236,-0.06848484288685946
-0.02239154120618146,-0.04444925654341034,-0.03141134910797762,-0.07493630745165285
-0.017925115332498222,-0.061300654194465426,0.008035653985318112,-0.08710169882226593
-0.008757619356151013,-0.06960404304734538,0.0459194182533373,-0.10302533785131462
0.004403238072461818,-0.06888520982595657,0.07260044804928939,-0.11732561210809092
0.019621026839533554,-0.06106068017722555,0.0819739431269833,-0.12329127804562284
0.033817353088413146,-0.04950987088651107,0.07325541379595574,-0.11573250861897243
0.04335718610000146,-0.03771082619288023,0.0510124704525963,-0.09341129378314274
0.045069138379430024,-0.027974955661586837,0.02346354657888957,-0.06000696942780234
0.03741653246080781,-0.020759638687795012,-0.000341364459925636,-0.023144819791415118
0.0213890282505948,-0.014802069376223602,-0.01347204876318359,0.008197990805661786
0.0006944123626846576,-0.007993617141347428,-0.013198636591252179,0.02691571641006943
-0.01897867692646183,0.0013765787181698429,-0.0015358107217763525,0.030345216126409454
-0.03153327991129772,0.013528106127402649,0.015852371197575973,0.021135595329367346
-0.0324363498399257,0.02671473338201784,0.031911126916899374,0.0060352408194851975
-0.020431738380713972,0.03760601706437477,0.04075586754854242,-0.006944906593524088
0.0016634389835350517,0.04243366835288504,0.039615572303994886,-0.011862415298702581
0.02748105843618384,0.03850651745640407,0.029515144664464393,-0.0073161505948183825
0.048905001402138666,0.02553063207643888,0.01454840750152292,0.0029674697822624357
0.05864241319835806,0.006206791283177467,0.00011428811041844233,0.011712916997584425
0.05271966527341272,-0.01419063854000463,-0.009159089060337865,0.011238578334014385
0.0320115209706744,-0.02919866570270497,-0.011016466463397797,-0.0030875681473050975
0.002189826952785868,-0.03311152842395491,-0.006153821371336752,-0.03048879288489011
-0.027996578165573896,-0.022862129524619912,0.002350434001995784,-0.06451718529048739
-0.04960405991256332,0.0008007408960436918,0.010432321886176654,-0.0950695072216976
-0.05658349890464244,0.03327399798489548,0.014660107109949323,-0.11195807530836287
-0.04799479658239503,0.06727399490366437,0.013433496173074377,-0.10868395821222868
-0.02852363404667279,0.0948965614062712,0.007343230685164945,-0.08495945140781312
-0.007046625995681885,0.1099338825794695,-0.0013634881499636833,-0.04699875038629443
0.006324166637003335,0.10971446487313018,-0.009907420301870376,-0.005454227147492649
0.0037311062328601423,0.09586662189523096,-0.01617871674033046,0.028219704160357434
-0.01761024306863042,0.07373933379711511,-0.01951774154530783,0.0456006630973822
-0.054262427724780134,0.05064162876819851,-0.02079446169215874,0.04390727048679501
-0.09751847432700839,0.03344536539889354,-0.021820485522499274,0.026467828131845943
-0.1361547200109932,0.026311567059039767,-0.02440317694059156,0.0009873128844853016
-0.1600499264162723,0.02927551410970236,-0.02947439160547842,-0.023595944452997286
-0.16343033401289764,0.0381654176839794,-0.036655806758135484,-0.04036232106177429
-0.14663377746956024,0.045913762807914885,-0.04440245566205597,-0.04649984518870086
-0.11581158036237701,0.04487936144649134,-0.05060236451674433,-0.043501860500461634
-0.08071414476112129,0.029470608811499432,-0.053323033888381416,-0.03556664927029484
-0.051371463198423145,-0.0017498610188791675,-0.05136484318403377,-0.027044132640961435
-0.03484420101886809,-0.04515585877034091,-0.044412727215926893,-0.020143756600838326
-0.03315815871242497,-0.09266665541276191,-0.032800896343230496,-0.013954444661986674
-0.043076774764652714,-0.1337408154211688,-0.01710903033374383,-0.005208435385644212
-0.057689235396990404,-0.15820145868196273,0.0021096428826936076,0.009584568241744702
-0.06914863422825605,-0.15908396099154487,0.024251610892066587,0.03164911077194944
-0.07151924851642276,-0.13468255228375617,0.04823393739842412,0.058316201842779296
-0.06271208922679496,-0.0892017313208137,0.07194910753484748,0.08313130440093844
-0.04487988837445127,-0.0318211079345079,0.09198429510408807,0.09783190105697824
-0.023244866594553562,0.025563610080287846,0.1039463385943443,0.0954957826823794
-0.003910400616807917,0.07129020634644018,0.10350406634417261,0.07359436111479349
0.008454783083245066,0.09675679841847548,0.08792227704274005,0.03563707385822163
0.012189281109432643,0.09837047396846074,0.0575599667787052,-0.009397228016791388
0.00894536723976729,0.07813326957545785,0.016684272015329925,-0.04977347258045497
0.002730464215477196,0.04277811172229467,-0.02690648201603021,-0.07490791005206757
-0.001827215950165391,0.0017696162012080553,-0.06357448956894729,-0.0789959287804378
-0.0012388766504934506,-0.035224678588444094,-0.08447670666611717,-0.06294798765060114
0.00575220251472526,-0.06068568511218807,-0.08434890404831294,-0.03385954863410158
0.018105551910395076,-0.07081481166419801,-0.06347946574149038,-0.0022067364026980354
0.0333471943794614,-0.06599093096672919,-0.02809158964497869,0.022135875467475766
0.048876206730743166,-0.050113868642142956,0.011158299756061522,0.0334867428763587
0.06307294041434443,-0.029140200004191825,0.04221768915491343,0.03214933014741826
0.07570225906850445,-0.009302561242112484,0.05529905568585781,0.023729929984088523
0.08746300218743325,0.004471757124279028,0.04598009116124303,0.016319328944107286
0.09895441577983682,0.009552743768642763,0.016690852519002538,0.016752449150969673
0.10962400810001152,0.00584042027373673,-0.02395599886931957,0.02753539012659724
0.11729565533883421,-0.00469380144766246,-0.06382090463626934,0.04574247141428165
0.1186297315298626,-0.01890829128970508,-0.09103635039119778,0.06434932100837165
0.11043910395809654,-0.033507313816896006,-0.09771629227924267,0.07542594181937794
0.0913588421823536,-0.045875220269331926,-0.08237461002251978,0.07380268054939877
0.06313286448508676,-0.05454323213513269,-0.05029233788621476,0.05959040766004525
0.0308533167008496,-0.05924554259783269,-0.011766376849435281,0.038395837589365295
0.0018588622897202818,-0.06064397130902596,0.021129034802993267,0.01904632484219817
-0.01646941023122193,-0.05986964011650653,0.03817571700373061,0.009725652166893752
-0.019291958849143004,-0.058038358106517,0.033875431629783015,0.014162348045119968
-0.006319520484583138,-0.05585938400635353,0.008704457347276949,0.02957493000024814
0.017578838867867857,-0.053402964605224104,-0.03149415518239253,0.04740821005806409
0.04353068929983511,-0.050046187770391895,-0.07760596090516268,0.05674292792296319
0.06130667597493282,-0.04459134375861103,-0.12000777074216434,0.049092900221140864
0.06261899263128677,-0.035541561508539,-0.15105592485720037,0.022612996785700227
0.04395060911704864,-0.021509487910753012,-0.16657543840639508,-0.01615541089003896
0.007915240094976725,-0.0017113424657364332,-0.1660687816855449,-0.05397589206164191
-0.037361391162221376,0.023542142273137986,-0.15184699097945617,-0.07565350420642972
-0.08066314237730954,0.05249050403895638,-0.1276257630538035,-0.07012909614224541
-0.11110250371173573,0.08185722813870619,-0.09721350479482076,-0.03555485308795605
-0.12138951311095947,0.1071953929902964,-0.0637459610681182,0.0187929870188033
-0.10987258598400002,0.12367579664620673,-0.029594214479507136,0.07479719381924538
-0.08072507476908225,0.12720774474585106,0.0032559210947647257,0.11142043104880701
-0.042313340574739775,0.11563647169788166,0.03274432560969014,0.11224452060411363
-0.004406774151934231,0.08966616616403918,0.05656879922514661,0.0718606435293325
0.024750532036853384,0.05316460710591088,0.07248039413048563,-0.0013658423453214268
0.04051509404679372,0.01263609007706653,0.07893667386540028,-0.08737308935685506
0.042462875445125746,-0.02411880599742016,0.07578975260483743,-0.16076549042634242
0.03353193185188892,-0.04987062909194927,0.06462927604466431,-0.19928202860302754
0.018216108962239592,-0.05985703318509934,0.04853180923944757,-0.19134907427818199
0.0006382764293513185,-0.053134982294922514,0.031227876986930463,-0.13997598873137168
-0.01671708179172312,-0.03292697129728914,0.015968098927566073,-0.06156798428730632
-0.03319184498892988,-0.005777024672530403,0.004526773090286325,0.019902486772009897
-0.04915115744445789,0.020300275081503193,-0.0032495715815800304,0.08121200527830602
-0.06471716834424414,0.03815597439721745,-0.009151826936568245,0.10763182299565632
-0.07875497110680393,0.043616291355601425,-0.015682516838354445,0.09729643464026931
-0.0886869583540424,0.03668903671283113,-0.024867194338650735,0.0607016095319446
-0.09130985653259008,0.021454811613502052,-0.03728945722832881,0.0157071344125303
-0.08429891848842463,0.004647491040941417,-0.051745876306119896,-0.019877485084004467
-0.06771973275208705,-0.006637533824137273,-0.06565860299187815,-0.03516672922759909
-0.0447934342533907,-0.007365877179984447,-0.07606478896446732,-0.029856219876265952
-0.02142051112236306,0.0036864638678657524,-0.08075856449490197,-0.01331424762832694
-0.004466846178355178,0.023452558049512018,-0.07909791625940295,0.0003945437495499679
0.0006458592554940776,0.04554305468793038,-0.07213431361070582,-0.0005815529494909433
-0.00785143626905,0.062359143108389005,-0.062017203833819104,-0.019952961139894802
-0.026976767628929525,0.06765657017445266,-0.05094384962424242,-0.050865040800554984
-0.04956181865006615,0.058709844306784206,-0.04013052655350404,-0.07809267694371479
-0.0664287468461002,0.03735580422695277,-0.02928291119894536,-0.08409193748907029
-0.06950212036655369,0.009569497857890207,-0.01683604956069617,-0.05654965194153115
-0.05477394417026802,-0.016286441405532363,-0.0009012856921207599,0.005609594614874232
-0.024023786196363646,-0.03196397642840802,0.01946199634125538,0.09028112377306052
0.015406687345223484,-0.03177744915025356,0.0432012690638646,0.17529324283817052
0.05280759463169952,-0.014237285349735009,0.06694606761654012,0.23560970333875964
0.07757073837325672,0.017591634854102513,0.08562864285588549,0.2520338079850797
0.0827548326393544,0.0570316620559322,0.09390034073845147,0.21817720683563457
0.06749060882197379,0.09564355852082566,0.08786352890939486,0.1430440216637252
0.03734709555216834,0.12534741691662302,0.06648840591387635,0.04819148886016852
0.0024817278912865476,0.1401672806149095,0.032178135929055426,-0.03954945302314143
-0.02582404590934177,0.13717225573714248,-0.009748940753276134,-0.09714919764765995
-0.03906319194238864,0.11652861296816455,-0.05249322309461652,-0.11294152355930542
-0.03448465178141514,0.08089830962793115,-0.08962211767573877,-0.08994928431058663
-0.016108442749598675,0.034593093808478304,-0.11668927642547439,-0.04385748297595894
0.0066060244958750375,-0.017138326381908736,-0.1320856997997435,0.0034718365521882975
0.022014559141890894,-0.06851690327104534,-0.1368882664603199,0.03240325590839573
0.020381644517652644,-0.11342881712668011,-0.13385249712706804,0.03265336186984018
-0.0025614707339615406,-0.14569996530852863,-0.1260033092324221,0.006508950044231571
-0.043792641975416394,-0.1597549882100642,-0.11539351112157648,-0.032933685064797755
-0.09353131718717755,-0.15177792468751478,-0.10248842931128771,-0.0676469770985865
-0.13797400258951587,-0.12117093478899804,-0.08635237546462679,-0.08224672067769812
-0.16336489886292527,-0.07179893576555574,-0.06548098369301353,-0.07025000966804998
-0.16011598764609591,-0.012369850742520845,-0.03887883225846311,-0.036590398526410925
-0.12569729894954967,0.04456391550294696,-0.0069173607574388694,0.004518211644360741
-0.06543267814169547,0.08509022628210276,0.028362606297957837,0.03543479968610523
0.008989539693870903,0.09745932554006084,0.06358454253574528,0.042282138694240995
0.08277365149864935,0.07569270947560766,0.09482342434662025,0.02060514194916649
0.14200773209080028,0.022093442689070406,0.11850483258744306,-0.02273280340597723
0.1771821505229175,-0.0523589888451237,0.13208014767505288,-0.07213884400112555
0.1852346381164795,-0.1301779726944177,0.13429542944778394,-0.10931702760646736
0.1696203563995494,-0.19174097747481159,0.12508868361681427,-0.1203431350897544
0.13852751090318177,-0.22071386535297705,0.10532113439272753,-0.10100737876579348
0.10190709294365664,-0.20890421402281423,0.07658896456173825,-0.05834414069482006
0.06829835487372647,-0.15895699725262666,0.04125480058851987,-0.007774389377067266
0.0424304957595336,-0.08389015937511488,0.0026403894920190296,0.03299591925041361
0.024285629139654874,-0.003439075692514282,-0.03485983918274369,0.050919945924234086
0.009823705997081503,0.06177194547451794,-0.06604454582203581,0.04268073249409028
-0.0069497609439271935,0.09644452558000792,-0.08573631570329915,0.015915062639362307
-0.03129322735930627,0.09521512288541925,-0.09010513246251706,-0.013881793947330748
-0.06530633269371314,0.06412323419307728,-0.07811724664375197,-0.02956932571745276
-0.10656450152427269,0.018398878074409167,-0.0525507621923563,-0.019292465934445887
-0.14826639704602354,-0.022757965405920344,-0.020042323080202658,0.018541111072575563
-0.18088389186865472,-0.04271088056645767,0.010105158600008008,0.07415628640383569
-0.19484333673238968,-0.03306354129608173,0.028192415917150514,0.12962293071185665
-0.1834443566260074,0.0034391134363802867,0.026871430443049127,0.16520143285565597
-0.14513239313172782,0.05379304808100799,0.003504936979649006,0.16647186322970883
-0.08441274336871085,0.09913756460814452,-0.03869388487912032,0.12962480650490898
-0.011081436096743818,0.12121322717364304,-0.09122268668044968,0.06299651941949791
0.06205751210909641,0.10869316987059896,-0.14247558366230112,-0.01567118934052257
0.12236266042739505,0.06122737827989304,-0.1809108122232745,-0.0852099085620119
0.1605083384295355,-0.010197218624841757,-0.1981986750832592,-0.12806880092588493
0.1727040243522471,-0.08672781106247957,-0.1913392692773475,-0.13593460516880587
0.16133308472643687,-0.147784307956082,-0.1630952328258367,-0.11202806140323593
0.13383992021163257,-0.17778285720108866,-0.1206781583502979,-0.0694214749358978
0.1002328940921355,-0.1711544252753892,-0.07323689951826345,-0.02614108672821506
0.07000058231103479,-0.13394881223626348,-0.029091001902299275,0.001106859593462425
0.04941796375572384,-0.08148538757281946,0.006315790600824177,0.0023806706571316595
0.04008141984340405,-0.032870991636102756,0.031105127390635354,-0.02265978101250614
0.03909494975460022,-0.0042838484147593794,0.04622842425614912,-0.06528638502768744
0.04076937766739033,-0.0033470982506711225,0.05380622838684819,-0.11116895920416177
0.039180747805308745,-0.02653946413002024,0.055382711358370695,-0.1453885267286602
0.0306436806810536,-0.060543120423085094,0.05091281465753783,-0.1572246325790188
0.015196871191957118,-0.0870711274024962,0.038930272361941284,-0.1431963752797723
-0.0034370697361894003,-0.0895161146740025,0.01778842035426071,-0.10757259760016942
-0.019391564669169012,-0.05913006599352939,-0.01263959506128472,-0.06047432547066746
-0.027108556669568868,0.0014031223443503188,-0.0496512415389572,-0.014438381999703483
-0.02376327716846819,0.0782599071680946,-0.08750802063380392,0.019335692970235706
-0.010711845260638155,0.15058543111845885,-0.11858466962696403,0.033929348736288896
0.006641182785035607,0.19708279999792966,-0.13553648117374806,0.028145695984583552
0.020576094283067725,0.20291604067303942,-0.1336772481724356,0.006309650014351503
0.023807031981602212,0.16465682819500926,-0.11261774456562171,-0.023243397570973736
0.012258571122200884,0.09165735461849897,-0.0764720938974061,-0.050414916908497545
-0.013162104660209173,0.0034104397680320107,-0.032501171378941617,-0.06573742968590708
-0.046488763209406765,-0.07623700541606752,0.011300260302550807,-0.06246198000299813
-0.07840088470728909,-0.12615310951753914,0.04872130718788582,-0.03805244385464218
-0.0991459085450477,-0.1340382756804751,0.07695037144156319,0.005085625034930159
-0.10166536980113691,-0.09971678431507378,0.09665148365615625,0.059764296810795044
-0.0838319888445051,-0.03468021402124945,0.1105187188819565,0.11514262257915636
-0.04902907866599077,0.041828146594095374,0.1209937737581331,0.15879878200165426
-0.004911540381104921,0.10882894602461551,0.12822652101407034,0.17950112511828378
0.039150071587493784,0.1497746277194129,0.12929626403970795,0.17015001265467222
0.0749759547317283,0.15697999476723368,0.11919486477272145,0.13012710505262123
0.09777633894694879,0.13307886077758713,0.0932984029084001,0.06624708285284162
0.10690093726068332,0.08927447296864785,0.05033916763996743,-0.008242799281835987
0.1049905249163916,0.04116396225288423,-0.005453778153316966,-0.07663985749655602
0.09602044898095198,0.003613180120379665,-0.06417469828120613,-0.12309929822639004
0.08315238515792626,-0.013663028462100185,-0.1124452508723659,-0.13708114302545815
0.06735443956758498,-0.008518217672554089,-0.13747147869112836,-0.1165115784175112
0.047392127891316804,0.013768470053449123,-0.13159457845723938,-0.06851049634574138
0.021177975817931204,0.04290085882253268,-0.09562251620768386,-0.007261811537990183
-0.012152733810572816,0.06726302836448558,-0.039528787911496444,0.050437461944455614
-0.05043828695794428,0.07762009209384153,0.02001505786613244,0.09055720255915162
-0.08790569414616334,0.06966858596054615,0.0646521876882841,0.10633107504862707
-0.11628616961323837,0.04476992222213979,0.08028139668246939,0.10026947679619092
-0.12740698706199707,0.008851577548140425,0.06186377702344929,0.08289866582082334
-0.11636971477961203,-0.029951795872412847,0.015336454968718508,0.06858330559844353
-0.08407480869796806,-0.06400614750062394,-0.04415427323399819,0.06986398757002821
-0.03798091070258186,-0.08831815971326744,-0.09718952052596438,0.09233779575287437
0.00942748231050207,-0.10148644207112581,-0.1265225044886974,0.13198367876662465
0.04415218946904536,-0.10530958010426919,-0.12279947069567565,0.17600215872135866
0.05508409071595977,-0.10336343517885747,-0.08755867931931968,0.20698433125867038
0.037794314624955236,-0.09917175655499719,-0.0324724057749632,0.2090006471100138
-0.003660793670054797,-0.09466359235351385,0.024859752826240655,0.17346068242296236
-0.057652555330793526,-0.08944004036694594,0.0670289995955555,0.10262642564959276
-0.10840541579867106,-0.08104280132305727,0.08264896194688638,0.00946743132643734
-0.14083789459834126,-0.0660534069420386,0.06985193404506802,-0.08615810768734718
-0.14520514849209679,-0.041578979138451724,0.036296908526672236,-0.16369733053369964
-0.11998327963988356,-0.006579950108771982,-0.004162750972513861,-0.20832053449561352
-0.07204638198755169,0.03741519551596037,-0.036789816899933075,-0.21533560260939677
-0.014134711971422659,0.08642960504899311,-0.05121394931964911,-0.19109854419440542
0.039448689664239145,0.13492483276322798,-0.04468963883714943,-0.1501797557014367
0.07738562443971309,0.17714164964518547,-0.02225613520012387,-0.10987504394880013
0.09457506063206096,0.20845510523415778,0.006086284677069011,-0.08406499383678914
0.09301622716181729,0.2263279899105977,0.029932096754727175,-0.07860154309301624
0.08018625756310739,0.23060293160214074,0.042884603339229235,-0.08978983055605658
0.06565478559083715,0.22310293780164586,0.04507369793283744,-0.10637886833360917
0.05726763206664696,0.20673560611330388,0.042819491770060586,-0.11421100794193983
0.05830802008974464,0.18444577712110394,0.045634876016613216,-0.10176814057933717
0.06660081161040053,0.15839057912261026,0.06181173674835068,-0.06460753927735895
0.07575194778760411,0.1296141997188296,0.09438238501734598,-0.007161422198197608
0.07791673531001306,0.09831109023316578,0.13908790977758712,0.05862639054538109
0.06696758783989104,0.06454764941913911,0.185194064807933,0.11722194188469146
0.040865627836833285,0.02913528785642903,0.21889043933445657,0.1545246265132338
0.002428340325864406,-0.005727985233667406,0.22802118803253738,0.16225023001664513
-0.04165039167883919,-0.03637473103804875,0.2064010143298348,0.14027006406490997
-0.08300598431230911,-0.05829465157904146,0.15614485257190963,0.09629663707149343
-0.11410510366400213,-0.06737325934755523,0.08719882739001639,0.04323445434435323
-0.1301064061046392,-0.06140278137901318,0.014298063730395293,-0.00476217300027992
-0.12950715762458354,-0.04137024324926047,-0.04750724718977215,-0.036193755293588176
-0.11356325120054922,-0.012021706727227303,-0.08716111576944892,-0.04494361757741713
-0.08497947103062088,0.018635306338405027,-0.10030416212675383,-0.03122653777497497
-0.046613074613372954,0.04093036974207624,-0.0895995925122963,-0.0007938496323293132
-0.0008271058768341381,0.045915995167797846,-0.06282043849300503,0.037070654772253964
0.05026363305355239,0.027929194129304183,-0.029620498008448105,0.07201788163475911
0.10390234054818553,-0.013421905247395557,0.0017142828109719295,0.09489936612945896
0.1557655974725298,-0.07251365369616707,0.026383737681348423,0.09943079412734919
0.19967906872910474,-0.13856801171886185,0.043477949792603776,0.0831342160463583
0.2283824551867398,-0.19803224333517155,0.05481665249986518,0.04761312751419303
0.2352700721567559,-0.2379230484688386,0.06296452185984978,-0.0017588650079341326
0.2165464920203049,-0.2492444582343102,0.0693942263340303,-0.05671514446834348
0.17296465141909773,-0.229501124947779,0.07357917264828925,-0.10755299823411885
0.11038744718961974,-0.183537064944814,0.07330462042904567,-0.14510163018587624
0.03881707295239071,-0.12238913560667435,0.0659225885260681,-0.1629214873711789
-0.029889601078962342,-0.06042452493139422,0.0498866405948713,-0.15920449568821918
-0.08489249278461149,-0.011554695960364566,0.025838115539982297,-0.13770621824745383
-0.11886964333325185,0.01438474049692041,-0.0032245695495089523,-0.10715203732158299
-0.12934011533647083,0.014032049338572777,-0.03271872250766047,-0.07896273406514391
-0.11846825033094306,-0.00901637088137082,-0.05780317564400257,-0.0637430769952506
-0.09160145547043863,-0.045739137106519515,-0.07466705844859745,-0.06755188777606652
-0.0552604900004476,-0.0847175103274273,-0.08127933728192681,-0.08926503029496982
-0.015444554342535074,-0.11567256957990014,-0.07741041776397965,-0.12016815566508325
0.02312590027196121,-0.13238307145453052,-0.06410955800849012,-0.14625751932130282
0.05671944100398561,-0.1340798749987187,-0.04306457405824128,-0.15277219628727473
0.08170275521779015,-0.1249340175398779,-0.016263604954044004,-0.12957005192522375
0.09383144716669856,-0.11189995832854119,0.013870158214019431,-0.07546321506996087
0.08845358919772639,-0.1017260409955384,0.04405846332792618,0.00020380125775608382
0.06191405473802919,-0.09821356606452512,0.06992316566130408,0.07960646392143429
0.013790963116393905,-0.10070150993076527,0.08640003358543946,0.1417316754494204
-0.05098404453553987,-0.10431144989459654,0.08901970073116039,0.16927877100702354
-0.12128864792750257,-0.10185952001385884,0.07579267818381458,0.15480681506678734
-0.1811287415603411,-0.08674744299366392,0.04898255486715303,0.10385817478234441
-0.21323744699824654,-0.0557908584782011,0.01585472150113365,0.03373628977272036
-0.20413608950541878,-0.010955157637204515,-0.012304855396905335,-0.031880818495524606
-0.14907645341881073,0.04065593281889741,-0.023016453911941202,-0.07078197177731439
-0.05503987372185924,0.08860603681766752,-0.006623563773234711,-0.06983062155682956
0.059593493051781424,0.12214545269548618,0.039795609016587255,-0.029615325176643535
0.1690669773647053,0.13343650784055072,0.11012904711260349,0.035614091640302596
0.24704559971501205,0.11990151128951945,0.18968110119671358,0.10283148183527026
0.27420532998581054,0.08491202367889433,0.2586308125260832,0.14830212670089898
0.2441840684337147,0.03661161734034119,0.29766312914926885,0.15600043082124326
0.16585387096181464,-0.014693560635577824,0.2940376965535316,0.12335989253249836
0.061005795796131426,-0.05965797554115362,0.24602543633360613,0.06225592240714427
-0.041956656455888294,-0.09245920448446623,0.16405408627572443,-0.00517416045025651
-0.11636562474095977,-0.11195042983650404,0.0679621405124633,-0.05439817098110736
-0.14501248058928032,-0.12107679806748511,-0.018890039497123395,-0.06721893884134361
-0.12477159361451219,-0.12486151433345595,-0.0767532144044962,-0.03822174509655979
-0.06669266230018542,-0.12778071315174705,-0.09545787888370248,0.02337433643621317
0.008335789352795248,-0.13155610375654697,-0.07715835733652895,0.09709496501111316
0.07676648400436653,-0.13422616807078153,-0.03489989023368441,0.15854698689986513
0.11992438220096188,-0.130871672676857,0.012466186257936593,0.1880162829702437
0.12937707375590626,-0.11574519634382874,0.04718654851125283,0.17721197723326984
0.10849112638806507,-0.08501436478414066,0.05884744235468704,0.13177487657950926
0.06992646292497427,-0.03907147889650775,0.04772966870364051,0.06876486370922143
0.030251730544148356,0.01651568858875966,0.024127854997727242,0.010194433896572359
0.00380146470091736,0.07187540358648037,0.003977752767599305,-0.02491202217148244
-0.0019817320985927867,0.11534904579730729,0.0024873390408798636,-0.026999261764247703
0.011819814602409849,0.13688408774172028,0.02817256687560395,0.001281555034130558
0.0372990898441036,0.13119793888052939,0.0794971479388148,0.046884880447682624
0.0637925797679421,0.09965006359378852,0.14529431054955344,0.09181360102354615
0.08251940205177316,0.05016805622656921,0.20870562765824824,0.11996653118808165
0.0899026482347861,-0.004792222568683006,0.25306333826330035,0.1227563869130922
0.08833516850508152,-0.05162956445243886,0.26746506506567264,0.10147824403849502
0.08426006720229445,-0.07926862360314312,0.2499898402164788,0.06576830789243002
0.08454614401905045,-0.0819880246349631,0.20748452714175242,0.029040560797933306
0.09280794812316687,-0.060572829013293694,0.15221094614484754,0.0029116680412161235
0.1072929129831975,-0.02152420967949619,0.09684547731963,-0.007102699684398851
0.12126180659094404,0.02530686166007884,0.0498966634558861,-0.002988186332540518
0.12571869391088641,0.06980905052659207,0.0133410675172939,0.007625579276205492
0.11334403596560212,0.10439161238460695,-0.0167008428909173,0.015570739517383962
0.08195886042524025,0.12560232176304817,-0.0467101255590701,0.014596677581691666
0.036013334362138216,0.13418450447548252,-0.08146051081038472,0.004212710008040049
-0.014615877584635062,0.13374094579656742,-0.12059372141717031,-0.010278571325996484
-0.05813618057844479,0.12864467250353961,-0.15762116948769883,-0.020497879971857307
-0.0853103045500698,0.12205335216368492,-0.18185723390879044,-0.019188742781175213
-0.09310328503982143,0.11477952994126668,-0.1825414148500692,-0.003986050403523152
-0.08599266885295878,0.10539400669866682,-0.1534624596646883,0.02097350844164403
-0.07431509540983675,0.0914404434826011,-0.09614699359609165,0.046385742961547155
-0.07018046877445919,0.07120240866198956,-0.02022482582244386,0.06154984880284938
-0.0824638404813656,0.04524907503387115,0.0592876516424995,0.058972145791825054
-0.11279888169292199,0.017068514274788067,0.12679442432578775,0.03777822218865252
-0.15417570518638674,-0.0075552486194164145,0.1711654939756897,0.004360008362593206
-0.19280272729734182,-0.0222822880869111,0.18905453313278867,-0.030163053558680566
-0.21267961548137215,-0.02249297395081408,0.18520587210102563,-0.05470815882017954
-0.2013026541083061,-0.007280245973597721,0.16967946219061547,-0.06323218315212956
-0.15447124058338624,0.019609246690949655,0.15317196723708468,-0.05777044452510949
-0.07845438967537192,0.05032154187569604,0.14239002969364084,-0.04802893065598184
0.011299812106272069,0.07486853076261257,0.1374145350398588,-0.04744531800771759
0.09451398376279696,0.08397349797509701,0.13217849882722527,-0.06715235852049482
0.1520321301177921,0.07191389243185647,0.11788719008379556,-0.11028457035536515
0.17138620312587577,0.03844938935541876,0.08795767813548586,-0.16911637177630484
0.15017531485236219,-0.010813787253242186,0.04235831964542527,-0.22653212419827168
0.09625612148760543,-0.06579255859426975,-0.010615738594039612,-0.2616522533408225
0.02485473048497372,-0.11466084087855156,-0.05612714204283924,-0.2577191183231648
-0.04627587774855553,-0.14714949141251646,-0.07772363369604626,-0.20927633140449875
-0.10196559077975129,-0.15743354726579162,-0.0636838529810062,-0.12572353325131783
-0.1333731324323254,-0.14574953296320053,-0.012378780461014665,-0.029539214231250128
-0.13934817360306714,-0.11826818462578667,0.06551945541634636,0.050577877790488716
-0.12529352548396291,-0.08526966920643175,0.14906833804097055,0.08942144081748035
-0.1002610501011712,-0.058167580857101726,0.21287944132294462,0.07438983312956757
-0.07351179441313241,-0.04625467092874062,0.23488018970260843,0.010574751903016384
-0.0517729031883719,-0.054104777501392864,0.20339978376008577,-0.08026289908455875
-0.037985862966609496,-0.08035232555421247,0.12114976366618355,-0.16673835687414765
-0.03167610731749381,-0.11815589116299371,0.00472660669460679,-0.2185843703353922
-0.030459155803512508,-0.1571648833863891,-0.12019760348952556,-0.2173167670633605
-0.03185963267540751,-0.18639264957256374,-0.22637401809254365,-0.16295923423046627
-0.03464998225036796,-0.1971711775586828,-0.2926899036093331,-0.0742946530868068
-0.03925243873193242,-0.18537741844303843,-0.30965452045256,0.017592320156016333
-0.0472130847588789,-0.15236158776231398,-0.28108763832120315,0.08028427207592953
-0.060142645170898346,-0.10439301904458421,-0.22179293193112898,0.09164148269164121
-0.07867600198410157,-0.050852825932484,-0.15232207025598526,0.04789616874927521
-0.1018977968584443,-0.0017280789634073314,-0.09276210446515543,-0.034707484694632834
-0.12739930725689325,0.034884654510176145,-0.05755783920223892,-0.1253711344447744
-0.15182536098118984,0.05460804550856855,-0.052758899737912215,-0.18940203898455682
-0.17158604963548013,0.057510957535178674,-0.07606307740956861,-0.20031610298611763
-0.1834192171337738,0.04762492082664648,-0.11903833000030516,-0.14911431680402779
-0.18466597613209923,0.03147203487676576,-0.17031413884085544,-0.047483315202719076
-0.17335032272165948,0.016072264435886337,-0.21850872766829843,0.07615473738793867
-0.14829959814155808,0.006999882129943916,-0.25412152705181906,0.18628311709343745
-0.10951565083416034,0.007000528832442177,-0.2702948528190147,0.2521830818381226
-0.0588107253495102,0.015490792550696212,-0.26289875299719095,0.25791565748603734
-0.00045594238841887083,0.029003112483103746,-0.23057352472254547,0.20699874892734288
0.0585976544811211,0.042385277352657236,-0.1751268321128284,0.12033716058962277
0.10934852162508425,0.050382553975600625,-0.10218727445149378,0.028369460116495767
0.1423873440980291,0.0491625170408149,-0.021551595641245903,-0.03961670677421177
0.15029148347449456,0.037394427786187664,0.053495497950628676,-0.06517769093863218
0.1300931731837191,0.01664028937311438,0.10833171117375753,-0.046109540656372905
0.08493091048280672,-0.008994609365723497,0.13043050122299565,0.004090978885629256
0.024116859247080458,-0.03382178479462126,0.11317913677447873,0.06216287672498505
-0.038685824824392194,-0.051881105591896605,0.05873266923310738,0.10400006653816256
-0.088826807776724,-0.05829148133568132,-0.021376545476389064,0.11321927901648401
-0.11461827180882003,-0.05035097625576188,-0.10851622787186951,0.08636767502596698
-0.11060598762850657,-0.028175456394743732,-0.1817514705662661,0.03314930680013249
-0.07903616634425381,0.005228690405249474,-0.22379426305972625,-0.028058066259438196
-0.028963203885448152,0.04445498023784962,-0.22615914011477145,-0.07744367290928167
0.02674362563946707,0.08265687559301257,-0.19169699592682732,-0.1009426150199225
0.07547929365522482,0.11281565735107675,-0.1335048067369933,-0.0947509994416969
0.108644917281746,0.12910720213454357,-0.07046858531879899,-0.06573389105014352
0.12374286128514839,0.12813103075762072,-0.020926871803949157,-0.027898364256569958
0.12412601644297792,0.10976069436690394,0.0033339307133958378,0.003450259921790405
0.11659019509710365,0.07740458880198156,0.0006224378127225559,0.017503819193779534
0.10782748927750638,0.03754344369584703,-0.02082356457575268,0.011522538510410265
0.10120338022811717,-0.0014599472066142089,-0.0465902862550349,-0.008995504431628791
0.0951967664428233,-0.031114333615823216,-0.0619671957557418,-0.03334298954817934
0.08418331397666248,-0.04477900658763455,-0.05769497840606763,-0.05040984306723872
0.061294135142305965,-0.039404227921024985,-0.033386580146587505,-0.053251476466289416
0.022211336959592088,-0.016545172328080265,0.00266804487449601,-0.04162229570011348
-0.0316820192414755,0.0177246503582612,0.03719416009471224,-0.021585679660674404
-0.09220597529834472,0.054125310720496846,0.05763278845437891,-0.002521233194891207
-0.14600377672801162,0.08249818465715039,0.057563804635646414,0.00712322825504288
-0.1784935293002825,0.09461131314800464,0.03965672101400943,0.0035369412640341123
-0.17881940106730626,0.08668858349812436,0.014906495474350192,-0.010809764864362189
-0.1439956609604022,0.06089488046952245,-0.001636956261107476,-0.028226351362911753
-0.08063727910599207,0.025232094262215007,0.0029542697908103727,-0.03910273397038007
-0.003493904257533863,-0.008278845193455802,0.033792490338408296,-0.03608221876852222
0.0688439405952358,-0.026747846939183677,0.08523055508467939,-0.01739152558058555
0.11964450191102,-0.020075717210486527,0.14193437314813545,0.012054916011740786
0.13916508745851697,0.01592088060287004,0.18373735040498393,0.04228563265715916
0.12740454788032862,0.0778799836467845,0.19260719049414998,0.06207506081973993
0.09350818714321188,0.1553292639762972,0.15923018879338674,0.06349761479658439
0.052063542535274204,0.23315961839453364,0.08681464268959169,0.045490491000315575
0.017657125159740973,0.29549275338693903,-0.009303292076311788,0.015016096790661373
-0.00030552661375155736,0.3298530397998214,-0.1061692771605054,-0.014724998991790113
-0.0006210928001612473,0.3304342401897597,-0.18029503524445273,-0.028512106993643052
0.009933302451473357,0.29950793184559965,-0.21488987155903438,-0.014348560960508069
0.01993290775097018,0.2465798628353336,-0.20480835041105475,0.032062559309992925
0.018447682212449572,0.18558695975663547,-0.1576384527410896,0.10516708593956442
6.260657224638547e-06,0.13101857188306834,-0.09073167131739919,0.1905152378887594
-0.03255189392413217,0.09414694453474916,-0.025359981779590868,0.26857469268635986
-0.06849181664718612,0.08046651931192952,0.019919917606766008,0.32021878403496024
-0.09280657124566676,0.08900391183647721,0.03449803813467282,0.33218217152443974
-0.09178578197024753,0.11352572076656928,0.017992892155943633,0.30081842956464866
-0.058516832804973495,0.14506167424758734,-0.02083180697536575,0.23306622679719308
0.0037123210942657265,0.1747855197068457,-0.06776706895367715,0.14442336199455047
0.08142093101392116,0.1962771581952339,-0.10794937983501685,0.054638993570614566
0.15447115826659688,0.20651691419664442,-0.1300661100131944,-0.01752456824342806
0.20200995275191494,0.20549980566242926,-0.1287592534975956,-0.058920282830230514
0.20885464157037953,0.194892880726823,-0.10483595144223384,-0.0647834507042224
0.17021029666844756,0.17648671651125653,-0.06372589748541882,-0.03902564238726809
0.09318922047718023,0.15119237323114437,-0.013144847583162948,0.00778997078487983
-0.005303505964689653,0.11901825054223346,0.03902682881772378,0.06198732074437578
-0.10354450848322166,0.07996561839104331,0.08600788392301875,0.11067569240418879
-0.1811491474956254,0.03531854703127674,0.12244077946688775,0.14487726429791123
-0.22443499220805974,-0.011426012641104391,0.14417300403390734,0.16110560468971605
-0.22939515738466726,-0.054631550878722415,0.14807383585503536,0.16115687722006442
-0.2015743224394136,-0.08782306935478945,0.1322994854959028,0.1504237581958881
-0.15320181598356236,-0.10587657250461824,0.09702119772329582,0.13543627930215482
-0.09879214581799914,-0.10728389704638683,0.045223182867495784,0.12147540201681299
-0.05079329359105461,-0.09550792070320696,-0.01701847705960917,0.11098055241011152
-0.016658180852496016,-0.07867447941722858,-0.08123419004242106,0.10314720754132312
0.0019427448284827335,-0.06742415218779765,-0.13828450073488924,0.09470190017466915
0.007885082446797226,-0.07146592853044578,-0.18065437413638802,0.08147898593032593
0.00614388589576839,-0.09595845405423101,-0.20451031072610376,0.060209653137724306
0.0012685338041254156,-0.13904799378432106,-0.2106933776732781,0.029919510119556694
-0.004229943103576743,-0.19160189359876,-0.20417501949844002,-0.00749564401444604
-0.0100900933817603,-0.23946345211485812,-0.1920980578560665,-0.04765252746009945
-0.017259175762620316,-0.2676588803030737,-0.18111349230369644,-0.08484276058525361
-0.026265228711504236,-0.26523564879971184,-0.1750443297279605,-0.11355872265525084
-0.035867854282472016,-0.22909562346882323,-0.17380509160287458,-0.12987824142568793
-0.042682227282190593,-0.16544933222196018,-0.17400264806574595,-0.13228515291451928
-0.04201878258390212,-0.08829228921783605,-0.17093972102047167,-0.12172020834236275
-0.029643377114383054,-0.015328199237673324,-0.16113283883985263,-0.10093167355434204
-0.003757456192772628,0.03732969071765089,-0.14420994227317263,-0.07343074257483606
0.03361941433073927,0.05989574288630377,-0.12329209300152015,-0.04247135937243629
0.07647431128376193,0.051485376390005846,-0.10360700459632029,-0.010428069155615307
0.11599912419808389,0.019685007229900506,-0.08986939010817983,0.02124202369198923
0.1428246670092851,-0.0226479947827513,-0.08356013702294161,0.051524391351900345
0.14958020442209496,-0.06213039026341759,-0.0813743147750032,0.07915734122279047
0.13295824588751431,-0.08937873833985055,-0.07570113335804624,0.10212983913894179
0.09464692783961218,-0.10166994969825201,-0.05718878896368046,0.11770329379854325
0.04088656674951771,-0.10282864240698147,-0.01855301965824399,0.12307434798087288
-0.01913970349289431,-0.1005141183100071,0.04181894952905356,0.11650295782711638
-0.07552275594590899,-0.10209255633377909,0.11796771962580632,0.09847943110994407
-0.1197631798427125,-0.11083244731447028,0.19710384561995262,0.07240380796231227
-0.14625069876170665,-0.12403186791531545,0.26295887729774375,0.04435829057044313
-0.15280331408206238,-0.13391373352454364,0.3006956968233799,0.02184790319229106
-0.14032664599701142,-0.13100021823305918,0.3016742951860656,0.011769579199871783
-0.11192019231563462,-0.10863607146517383,0.2663490368333197,0.018204256604045944
-0.07185737280678571,-0.06678842965777262,0.2042153520030986,0.04077601508721107
-0.024785912247530267,-0.013440985517972685,0.1307933057608254,0.07421193127636119
0.024707248479814446,0.037223282419190644,0.06272427348598805,0.10938397130876398
0.07224473448101221,0.06941117556881227,0.01274270221464316,0.13563010907417683
0.11374082743680981,0.07149965358126653,-0.013700347482406377,0.1437028595589474
0.1456383284269956,0.040842890039509944,-0.019046690294092887,0.1284436597911241
0.16539041376258284,-0.014331580837622664,-0.011434339800495073,0.09033076962782188
0.17208004216212758,-0.07688566168087468,-0.0007204732312582297,0.03539187506644778
0.1669030665974802,-0.12613281233960758,0.005615554845572759,-0.026501242346827904
0.15319318004019947,-0.14483289970568797,0.005069568535235446,-0.08441051576351913
0.1357763716374257,-0.1253479886266242,0.00027898668389621933,-0.1292915480696834
0.11968235401462528,-0.07267573677402667,-0.0031267404453071933,-0.15620518168599482
0.10852408841535584,-0.003123944554286478,9.438746229650796e-05,-0.16512705225716987
0.10306977910609963,0.06106437277898812,0.011769324411683844,-0.16019368060506578
0.10057563880372625,0.09933945646040603,0.029033242875653995,-0.1477527348635977
0.09527863489105129,0.10005636457691389,0.045419244779461576,-0.1339625444185305
0.08009920467845272,0.06467690880795327,0.05387475112484755,-0.1227831612589156
0.049178633880329156,0.007394655227085067,0.05038275656543514,-0.1149963400966981
0.000518119221564473,-0.049766550802487125,0.03653597694624319,-0.10847518702007869
-0.06216796431276486,-0.0847007352704428,0.019787454916800493,-0.09946128339926116
-0.12914428453731658,-0.08308871358457842,0.011043828074279194,-0.08427264044693221
-0.1862515239556709,-0.04358783650183143,0.02039802301071337,-0.060776490138473006
-0.21819719100715868,0.02152261705080947,0.052648606338872556,-0.029131944838589732
-0.21275910596040992,0.09049433012323668,0.10445768119962144,0.008348994860285125
-0.16473585026803392,0.1396086603751654,0.16444760045636703,0.04800947925668088
-0.0784218377805725,0.15138455947181162,0.2164253733739758,0.08587878790004488
0.032295265661243,0.12062344099509939,0.24468354413957843,0.11846561187400165
0.1464880537852601,0.05621028141756476,0.23945390702714747,0.14304774817405774
0.24090059397857458,-0.02188738627993337,0.20044816702145402,0.15749519059758021
0.2956478785260608,-0.08928732689695966,0.13708692807436307,0.15992745076589646
0.2993635394151289,-0.12514131017620866,0.06525330866522985,0.1486026749393019
0.2523248089697621,-0.11861218642555486,0.0017368987771621451,0.12231398930085637
0.16659647403426484,-0.07175290729018449,-0.04156271990741658,0.08127701708183582
0.06305805198629771,0.001979049816088975,-0.06148797006913237,0.028163686317374356
-0.03392694002247105,0.08276656071938918,-0.06407567203507075,-0.03126968010459407
-0.10274463959792016,0.151032069493806,-0.06145653675984811,-0.08848103513018063
-0.1299339774907716,0.1931844330061393,-0.06642139420953526,-0.13360082083117863
-0.11326053568852451,0.20461409841044398,-0.08678403454916411,-0.15783054485305542
-0.06164700376373044,0.18921723405924223,-0.12176048149688115,-0.15612157423448542
0.007925626053418448,0.1560978282107953,-0.16181394149957148,-0.1292319020620925
0.07554663595983914,0.11511571418538086,-0.1920780763718159,-0.08433889079635049
0.12396738458427498,0.07323647636084943,-0.19808406404175605,-0.03379208059911295
0.1430152918921063,0.033116408008180644,-0.17161508906654147,0.0078041960966936845
0.1316221324054082,-0.005731675093269134,-0.1144434503276189,0.02739730331986771
0.09704995405083898,-0.04403033479497539,-0.03849567665351873,0.017045904068970667
0.051782809197796126,-0.07970927423477586,0.03766608860432651,-0.023877588727484373
0.00924134255936222,-0.10643530013679092,0.09477945854437081,-0.08853854223661259
-0.020246690058084812,-0.11468388795032003,0.11907844569585584,-0.16457897803950086
-0.03199487375224534,-0.09517853674126939,0.10652946291349538,-0.23749781044658952
-0.0273964753450939,-0.043389694170848,0.0636523080125822,-0.29437506345848086
-0.012382109927681847,0.03684142132133818,0.004765234572237718,-0.3267804333658972
0.005324789011964313,0.13232028601281065,-0.0531910277749591,-0.3320502413176883
0.019056618305250583,0.22299269790827214,-0.09625835367490253,-0.31273182446726033
0.02515637600153569,0.28740105195277416,-0.11744955305384935,-0.2746461495957455
0.02349242290466932,0.3093522856528578,-0.11779787056118018,-0.22446348916954817
0.016595787836201074,0.2834233911884684,-0.10434100180582001,-0.1677632631989438
0.00800433376798778,0.21719904550640845,-0.08610016915465296,-0.1082431057479786
0.0006356794342446291,0.1292316419713616,-0.06983167893291975,-0.04818930226856459
-0.004111265689575355,0.043246218777187845,-0.05731099260530913,0.0102481448159492
-0.006235271432628959,-0.01949056811193279,-0.0451902193125152,0.06378321183047836
-0.006209457776132294,-0.046992588149436215,-0.027357643004602056,0.10752012343789617
-0.003855963042450795,-0.0401590274929625,0.0013215397181864375,0.13570447535106833
0.002289996301442308,-0.01188229277131091,0.04157084301998394,0.14354978508965116
0.014676213873786034,0.01800784087504167,0.08812761297259213,0.12944782248644687
0.035507458344995024,0.030130397284836265,0.1308100046896658,0.09659436817369876
0.0651033415693881,0.012606407674943957,0.15791770243377434,0.053181412133373615
0.10063135575696275,-0.0347354590170323,0.1606865835521794,0.010796179331468803
0.13594487037587194,-0.10044769945751117,0.13704997478109737,-0.018649956506724772
0.16284877185526242,-0.1657111001716213,0.09317783841398133,-0.02652541969854348
0.17351519202967064,-0.21109994040487978,0.04208197514428558,-0.010378684590647325
0.16322539701782596,-0.22335749922073506,-0.00032831763437003725,0.024951806923839547
0.13236333748742252,-0.19975338819909866,-0.020400086307796356,0.06853865462602293
0.08676577649922002,-0.14856817334088412,-0.01130332888279387,0.10660842548805893
0.03610631760364028,-0.08572986756665318,0.024582967098687188,0.1268273868830951
-0.009248044194553082,-0.029038783588931843,0.07628555379914567,0.12222943766874479
-0.04181684183269374,0.007770537233265651,0.12762781509368087,0.09346722367737649
-0.05966331366892354,0.018957354744727796,0.16224078065414077,0.04861318156197089
-0.06702440246675748,0.0074210689523274,0.16854441842809012,0.0005599533359975581
-0.07252411824894556,-0.017860322038156226,0.14314025818564446,-0.03711895583697313
-0.0855042399670453,-0.04628064620514496,0.09165953484039926,-0.0544720938378779
-0.11178679193700156,-0.06997057262974513,0.026977709545313738,-0.048219980701871897
-0.15050318107936428,-0.08627926336116994,-0.034482311822990594,-0.02257940669216861
-0.19333016507197764,-0.0974842614588344,-0.07714510683107142,0.012343520913680819
-0.226639582907734,-0.1080899010983116,-0.0901132292225316,0.04397896790688714
-0.23598744399290994,-0.12113528403622145,-0.06951221452571335,0.06133913122991122
-0.2114400301592593,-0.13536105258901823,-0.018982031946593765,0.05832715020473486
-0.1518220659855017,-0.14469919386458172,0.05151024854330926,0.035260925350007064
-0.06625575078513325,-0.14051011824008558,0.1280012717658629,-0.001784292965113482
0.027737129657644924,-0.11573060569931264,0.19535696469629626,-0.043453824067786445
0.1090888673078838,-0.06914973183453048,0.24003134455685543,-0.0804548160359655
0.15943923389677528,-0.007814068324026535,0.25237232106165386,-0.10656558769427649
0.1686930871803048,0.05379765152274674,0.2282406903307821,-0.12030276677721252
0.13799271448494155,0.09792352383879428,0.16978532934721097,-0.12475921258257568
0.07910273244387683,0.10968505231403833,0.08524243626984751,-0.12578992744329434
0.010454945493660918,0.0830040525505358,-0.012326314809404918,-0.12929246303420017
-0.04874375150505399,0.023896655767131736,-0.10730263987807209,-0.13861174303605145
-0.08429803828104186,-0.05038886437827548,-0.18448987080573587,-0.1530137097366206
-0.09076927819603908,-0.11642145681447039,-0.23222350945609468,-0.16776479897603963
-0.07204403686898997,-0.15224864906036165,-0.24484940882870643,-0.1757784215372139
-0.03877638079101645,-0.14500673080539417,-0.2238358587328804,-0.17024708954827397
-0.0038734507480230815,-0.09569117651650817,-0.17709234286474404,-0.14734911305686524
0.02217084797525141,-0.01922359953729516,-0.11659124676859697,-0.10810128690202823
0.03436238603370458,0.060386413265225466,-0.05496014961730581,-0.058715700657589714
0.03371159161279921,0.11819128328740733,-0.0021101772101382293,-0.009304296882033538
0.02523581701049863,0.13691723318595958,0.03699206581494618,0.02870329087728564
0.014536611778534882,0.11295316964109417,0.06267296995718707,0.04566884872808098
0.004551142510717425,0.05752843932676703,0.07896264375117258,0.0364701181485968
-0.00607307671062334,-0.0073936796521839945,0.09074920581172422,0.002054260295493918
-0.02227683594558503,-0.05706879679333944,0.1008664048543357,-0.05061477223314295
-0.04988454564819162,-0.07292776288571287,0.1083596395652816,-0.11018564519360327
-0.09210140084409399,-0.049315302883170285,0.10872492272917383,-0.1636584464680026
-0.14679113183237177,0.004419348198766292,0.09611095371001199,-0.19947678091893067
-0.20582326153955158,0.06723740240979031,0.06662500686891012,-0.21015142242039775
-0.2569418297625077,0.11394574142527938,0.021337460564560755,-0.19375848948966773
-0.2875640375281161,0.12426151072136934,-0.032415575203719404,-0.1539929755189029
-0.2890943809600426,0.09018880071578923,-0.0822404263644412,-0.09886693241634578
-0.260077967956,0.01912104897563474,-0.11423763011549153,-0.038502724045281614
-0.20693042695478925,-0.06837502459522174,-0.11774314786845423,0.017314851771759336
-0.14191169073076124,-0.14525724679482738,-0.08950907117415387,0.061153346610848654
-0.0790862057930847,-0.18681348176790563,-0.035637774608369935,0.08902750663529593
-0.02979966718109284,-0.17854589264007378,0.029674839571008388,0.1004085143287679
0.0006177336816034079,-0.12053549197095183,0.08836531998558533,0.09733261048237404
0.013715072316423604,-0.02700682849171511,0.12432319212419177,0.08306096723814746
0.016130521406075304,0.0784913118443907,0.1287467049615532,0.0608394929198435
0.015994912160010435,0.17042271634264397,0.10305036630999159,0.0332039640442575
0.019092728014402316,0.22854817741402836,0.058182759758877975,0.0020114572117623988
0.02641293926713343,0.24283260738169632,0.010525554928758733,-0.030948625918611562
0.03411179382984154,0.214685338749176,-0.024164003266336158,-0.06317647555262945
0.03586806140830019,0.15463248504232305,-0.03653529905602907,-0.09102521224127588
0.026567520944510488,0.07772540575822982,-0.02698486812791256,-0.10999124993762208
0.005644825756953688,-0.0014145386444871719,-0.005285847190443581,-0.11580948479011605
-0.02149753259931475,-0.07218823045397949,0.013362389346676624,-0.10604948878066962
-0.0448011298811232,-0.1293163591860248,0.014361099620952472,-0.08160561486549142
-0.053251945476708716,-0.17195019230936626,-0.010498267915883229,-0.04738615657548975
-0.03956640172233098,-0.2015469846656312,-0.05972004712562451,-0.011700283966539007
-0.003936074222756438,-0.21978629924800136,-0.12255789646234516,0.01572350817344873
0.044844099575268456,-0.22752857437926444,-0.18306759627664937,0.026619348116961768
0.09158090916662781,-0.22512158456090872,-0.2261801357548089,0.017064413594250337
0.11963352216880975,-0.2135929509330734,-0.24340890626593112,-0.010691994321313094
0.11688494197928316,-0.195788688299613,-0.23592692498182402,-0.04826634076046806
0.08050404829958634,-0.17654470523221527,-0.2137675191460036,-0.08328581908370852
0.01862040475601752,-0.16148945365582917,-0.19142827552818822,-0.10314114334617373
-0.051864400619092296,-0.1548268017681051,-0.1816000806322635,-0.09920503903212502
-0.11066357078889827,-0.1570796356960576,-0.18953033937426325,-0.07007976399797194
-0.14079768301977735,-0.16397301304457657,-0.21033861857060987,-0.022637223598658055
-0.1341712576641793,-0.16727407234747527,-0.23048865871479057,0.029714638269951008
-0.09399934890430275,-0.1576069597322124,-0.23300052881541866,0.0711680700480534
-0.03321962658322289,-0.1283526084928957,-0.2044841153557434,0.08879825019213189
0.030466666666157945,-0.07912403687196305,-0.14127981398053402,0.0772307476663571
0.08101585789362964,-0.01727790026336677,-0.05223040031019812,0.04101852047034878
0.10948449433828963,0.04345071360196559,0.04318809821873108,-0.006256379748708438
0.1164640525886286,0.08702833856824671,0.120920076963567,-0.04605526545928282
0.110673053901736,0.10064264518012295,0.16050804670390628,-0.06091201854933714
0.10438348055896368,0.07968744493532795,0.15246553746618083,-0.04045276947646881
0.10759387377688423,0.030268250216173243,0.10212349393321608,0.014655280755412243
0.1233352893392966,-0.03192233193305295,0.028447921181884675,0.09226372748678618
0.14602225030429922,-0.08621677061481885,-0.041884944714279775,0.17209807496566204
0.16352725376146826,-0.11361435921285933,-0.08316922202328565,0.2319033460521779
0.1621539613159638,-0.10316476824835419,-0.07913039709759491,0.2543955732389792
0.13250901919857222,-0.05580095459332405,-0.028271998682122233,0.23271990280121155
0.07389483330512275,0.015817941044561662,0.05567688390059326,0.1725918568951513
-0.004581161312527665,0.09147865382616646,0.14827545834329647,0.09041036492505358
-0.08668647147309565,0.15016955301745294,0.22220595551097305,0.007995798017111175
-0.1545302527023455,0.17703822968229765,0.25571527773028313,-0.05425490630429311
-0.19469879620247227,0.16808905023345827,0.23886711215376188,-0.08349210827808375
-0.20266766392812613,0.13098879792945237,0.17570442390479224,-0.07780596256407704
-0.18377978882680046,0.08178258053909836,0.08192959520100693,-0.04586598009178734
-0.15044807324019815,0.03882254220583775,-0.02074539814346009,-0.0031109548894438068
-0.11675234197731292,0.016213028352930082,-0.11140012156261692,0.034023574821908105
-0.09264690517163282,0.01920097558021408,-0.1755057793468703,0.05373085102919251
-0.08015096655733146,0.04314688375011012,-0.20764867956793395,0.052351974459647385
-0.07308825324344724,0.07630876054212307,-0.21091071241285764,0.03467746525645417
-0.060489689512116473,0.10520122234913241,-0.19368781242454686,0.011138869513283328
-0.03225345125200986,0.1203213784187678,-0.1655416593172208,-0.006870260402032178
0.015314622198885089,0.11993477507614364,-0.13379308016962047,-0.011674444834263555
0.07647645170971731,0.11042241814386099,-0.10200348660425987,-0.002217659937493028
0.13698823545691421,0.10308535022758314,-0.07054294790958149,0.015839526974829078
0.1788376943214357,0.1087387040797785,-0.03853116055393717,0.032737694487587884
0.18708065397226953,0.13233773942152374,-0.005934878105811753,0.038818490182977235
0.15612970354297961,0.16990180282920722,0.02530999211149507,0.02859723604706109
0.09293813725607572,0.20912068742942275,0.05169260712661273,0.0030966022167867643
0.015631548114114564,0.23357738033961434,0.06977474822776697,-0.030451781037811237
-0.052143115739337456,0.22906321186949102,0.07818354545668871,-0.061382526219236705
-0.08921375651619404,0.1895671256315469,0.07884417590794227,-0.07972644341510618
-0.08432133308098413,0.12054984645437215,0.07668350050565156,-0.08005994143501707
-0.040221893979705825,0.038073367165587214,0.07775251711943112,-0.06356911679852939
0.02713744783320836,-0.036104997365206365,0.08649151870072036,-0.037536512339849476
0.09414643942266049,-0.08182530042319157,0.10334529530723033,-0.012468226996878792
0.1377902818476555,-0.08760215568001012,0.12389640970967757,0.0020092122879494627
0.14364272124559396,-0.054887515256445446,0.1401141514244961,0.0008893641332695249
0.11069471659078894,0.002106597305585262,0.14343633919827586,-0.014272886709161348
0.051302222740904846,0.06105969882297746,0.12857285473511193,-0.03595059167292573
-0.013644887010974863,0.0990796453655318,0.09649858012237636,-0.053521408228784914
-0.06246675844895107,0.10048045468542968,0.05528941239941996,-0.05732333508221091
-0.0804410911864673,0.062060982583690694,0.018206999274476318,-0.04235293848873582
-0.06470894613323713,-0.005957556557233977,-0.0005168400387592711,-0.01023112785993605
-0.024625195908540336,-0.08361691191939638,0.009192916429334641,0.031263594775290116
0.022406926634349015,-0.14816301957564204,0.049062813015833394,0.07087676427123629
0.05788075794131797,-0.18174059626158873,0.1108408023981559,0.09775063619510879
0.0691787532439323,-0.17712241331841233,0.1780126401764406,0.10506885440305272
0.05395235313858204,-0.1395218143522593,0.23048187583999552,0.0922007851529445
0.02031632856013159,-0.08399072485850931,0.2507586961840681,0.06468065699852785
-0.01705302632116459,-0.02950285777471838,0.22961988257113186,0.032171449413022545
-0.04324359926929022,0.00802121970270648,0.16932502119092294,0.005266238792521556
-0.04929119239221512,0.021184380398575342,0.08326492846946676,-0.007687336964681869
-0.03578116621189147,0.013150123652859266,-0.007899651207808306,-0.002689007958021422
-0.012500395651504853,-0.004363645430001367,-0.08238965036679971,0.01942426179916027
0.00564796170861237,-0.016242484649547362,-0.12378688800799684,0.053983701062837175
0.0047939444795311315,-0.010260937861643204,-0.12579583646668238,0.09434770897629294
-0.022132550470262156,0.01788756002301637,-0.09383043814607392,0.1337770164347539
-0.07226693222052488,0.06267669414627709,-0.04300808289333149,0.16666867808446723
-0.13348649596053902,0.1106200126846911,0.00673378723846533,0.18892940914254042
-0.1885767006884892,0.14519719464623726,0.03682500449458091,0.19774129528539072
-0.22123017896176178,0.15299794345610934,0.03565352191655895,0.19125358023247596
-0.22156985455064665,0.12883629064135355,0.0019299353149865306,0.16869457976297236
-0.18915443618532873,0.07799533565709044,-0.055063575217941856,0.13106414101594782
-0.1324763161063157,0.014816320807579785,-0.11827984813616295,0.08210869853178306
-0.06535814932195114,-0.041850886911943636,-0.16784861656547362,0.028934116901489795
-0.0018306405177949195,-0.07473696062205351,-0.18669978839888063,-0.01842802877090418
0.04842998371946709,-0.07369453518156852,-0.16532127253989848,-0.048854620415405246
0.08238486602047809,-0.03885506176578384,-0.1044280435134593,-0.05312665141947306
0.10295335368908529,0.019567404787912236,-0.014927435750842426,-0.027233650267257402
0.11595929855682767,0.08463860429742642,0.08472496095064927,0.025222397458248717
0.12626178220248618,0.13801470331964988,0.1730522405973772,0.09263647479087439
0.13490519053092453,0.16541900225251172,0.2308169955077553,0.15756448046216304
0.13860192238861763,0.160563814999961,0.24572484398268968,0.201110790698997
0.1317734117822651,0.1264161660214212,0.21542799398459866,0.208350875607554
0.11018898540799105,0.07363197264414562,0.14808641997009991,0.17309385476898642
0.07446632034343464,0.016882307914190188,0.06031751605474896,0.10035917420046173
0.03167135597086393,-0.02962547725970347,-0.02700055290027359,0.005603700048860488
-0.005992463126166799,-0.05602450148786477,-0.09404753561795506,-0.08921830811752135
-0.025183834949830775,-0.05900453799404849,-0.12713572761480588,-0.1616140115523689
-0.01668406529265217,-0.04194133940760716,-0.12216457667787518,-0.1946821029337894
0.020182148782104795,-0.013186402389407405,-0.0854478854150108,-0.18149632179667194
0.07590183825214118,0.016741291352929934,-0.03159776370807524,-0.12641803376530938
0.1328702315197668,0.03813188509192976,0.021001834553433997,-0.043061682142766025
0.17077491635740222,0.04442142286477207,0.05583816556235659,0.050238666975577044
0.17349578070177643,0.033411706441937146,0.06331681479308399,0.1358190771296614
0.1350563844199973,0.007287552468108732,0.04359955644678215,0.20110618799306246
0.06238810649942384,-0.028338044106252694,0.006257057629479679,0.2407217054595413
-0.026247120605943045,-0.065954846742214,-0.03322934803675568,0.2558670901767911
-0.10677938563827971,-0.09785316833716887,-0.059015775251907085,0.25162192293069374
-0.15696432896510185,-0.11766447267118665,-0.06063797403245832,0.23352362710348212
-0.16350838392051686,-0.12153313162204,-0.03694025545953613,0.204954582579858
-0.12623182129587868,-0.10879582459622311,0.0032666235673519672,0.1664015296131593
-0.057870221062910746,-0.08209726589721521,0.04417587211506914,0.11677174555027725
0.020335602897606764,-0.04691081429266465,0.06865257043465801,0.05601458874515506
0.08564227994105647,-0.010495396418344245,0.06465057674703482,-0.012310902894153444
0.12092822840986592,0.019575588320523536,0.030070427448025683,-0.07991000940018007
0.11952925294133848,0.03704892604090978,-0.025783739017215354,-0.13488460597315188
0.08629622939263726,0.038421703816895414,-0.08482853596300291,-0.1649916000355536
0.03479696183319537,0.023780573256326737,-0.1261258222848948,-0.16194626129346143
-0.018054644725296314,-0.003229734815817933,-0.1330922256965866,-0.1251262936325102
-0.05784744944290783,-0.036365205071383855,-0.09943858905818244,-0.06309974456031937
-0.0769136924154045,-0.06844575839288387,-0.03166510848361316,0.007899615468917444
-0.0756505807235495,-0.09326030830327522,0.052869200009545765,0.06833549322465582
-0.06081298596689673,-0.10714558765348826,0.13169630504281385,0.10127810126698678
-0.04180781801815611,-0.10975269652785388,0.18479830611852982,0.09790788042155496
-0.02666584925012084,-0.10377067661219065,0.20127431331440798,0.06068671959264911
-0.019300882776672523,-0.09372328488175756,0.18270831026169446,0.0029901616346942727
-0.01896677842899995,-0.08427144964280674,0.14202295559314915,-0.05483002435892835
-0.021816193751946416,-0.07862263140906707,0.09826308976453352,-0.09176335736405111
-0.02358331761960533,-0.0776030999574769,0.06926372948010474,-0.09281550063070775
-0.022014924094240107,-0.07970176157961187,0.06495007886147003,-0.05386701647506308
-0.017900793795745662,-0.08203253108382141,0.08378347989335229,0.01687134717831854
-0.014279166223744139,-0.08181880447073558,0.11368377150393574,0.10127550100836893
-0.014281982059898774,-0.0778060696335231,0.1370636410403661,0.17680101846655955
-0.018743231369792328,-0.07103191006854045,0.13804276657113307,0.2232756031649003
-0.024832805306965206,-0.0646200479759321,0.10906632781300507,0.22883939609846954
-0.026535862493634335,-0.06263081426472365,0.05436117645676869,0.19321807948876857
-0.016963549436419013,-0.06836121960785838,-0.011147535318069852,0.12742302804900246
0.008384401236431124,-0.08271203505033747,-0.06711267473979003,0.05012985169511926
0.04880163764050442,-0.10324501116349086,-0.09528390080506359,-0.017999118546012223
0.09732876656120205,-0.12433715471647178,-0.08644702724872935,-0.06023140320607553
0.14215553063573888,-0.1384757336442597,-0.04415906846184965,-0.06815965080267632
0.1701690503733767,-0.13835229437370067,0.016152166187414028,-0.043414273827451555
0.17143337582874993,-0.11913639004247638,0.07241755171844727,0.0035644379321386616
0.142921741917862,-0.08023021773199254,0.10355929188377572,0.05705995327019691
0.0900157100803744,-0.0259459929068904,0.09671556590491724,0.10068191778951034
0.025081458079872793,0.035141069781921684,0.051428733993651735,0.12164293810041754
-0.03646592299188625,0.09203053929287791,-0.020657843349882972,0.11359424104753924
-0.08122267113080792,0.1338570673532608,-0.10034246235960964,0.077471922287685
-0.10212988701626405,0.15251036335199264,-0.16781474496242185,0.02044150518762575
-0.100471465889684,0.14464333910401336,-0.20933120703476502,-0.046473429635355334
-0.08479436483288136,0.11256425442230322,-0.22113561082601502,-0.111258995563487
-0.06717256767427529,0.06379623183928623,-0.20929774046878716,-0.16350264731874242
-0.05824849466062811,0.009415001771354166,-0.18578808013037484,-0.196185621282035
-0.06295406839322237,-0.038437504792266375,-0.1625855932966336,-0.20647746849214
-0.07855395807835024,-0.06928230091738591,-0.14634809121206038,-0.1956131408479
-0.0957627809145288,-0.07664666060099949,-0.13587574999282118,-0.16809609555165977
-0.10250758345371923,-0.05948604504393777,-0.12339544791434033,-0.13051069231346094
-0.08889008213765484,-0.022359198090628522,-0.09907444093927006,-0.09018628370386084
-0.051439676505305745,0.025685626078596306,-0.056791459940170014,-0.05389368062777343
0.004985886348427355,0.07325692103240426,0.0013860609780914496,-0.026716101896030305
0.0684046557342709,0.10929375734435264,0.06410295647038508,-0.011230339206542553
0.12359927710856145,0.12562436310332448,0.11373853744657647,-0.007135667451689972
0.1572631871744588,0.11878183367313437,0.13260244904475899,-0.011440300435553406
0.1625148825420028,0.09062707788870128,0.10999024749072886,-0.019232196588526693
0.1411413481433556,0.047635771664554155,0.047299773170077636,-0.024927611977996138
0.102789262461495,-0.0009338433695409761,-0.040975640958149775,-0.02374487082644623
0.061454073919876916,-0.04546358025301696,-0.13105738548742796,-0.013048512280021074
0.030592798681210592,-0.07829449918202316,-0.19734785856010423,0.006800293575581826
0.0186457659116481,-0.09529213143403759,-0.22095701725840133,0.0323481110478522
0.026539168415481373,-0.09625681474937219,-0.19619383563614634,0.05777611326071523
0.04795587532848233,-0.084160921520988,-0.1325902582636495,0.07629082091517297
0.07211998856658394,-0.06358449618208734,-0.05162121996000494,0.08183216875317786
0.0879403845090236,-0.038979614809438484,0.020776069661763583,0.07066223616534001
0.08793038548143171,-0.013422255677578938,0.06322417931768709,0.04243147130267231
0.07050309133032387,0.011710820671574808,0.06622513527510146,0.0004612751975325187
0.0399358555773934,0.0360986697288617,0.03514692531368824,-0.04881533522049129
0.004214303390370509,0.05924694444567426,-0.012168264580804498,-0.09711054974296635
-0.028253514146034307,0.07933243022086645,-0.05225055178297351,-0.13594150207445377
-0.05170829419345387,0.09279146155322562,-0.06476103521626776,-0.15832959865995241
-0.06473497326672761,0.09503840178294115,-0.03994958309713794,-0.16019035733670872
-0.0700408769226962,0.08221406334605419,0.017882291624325763,-0.14114359792049258
-0.0725651817699384,0.053359557280782344,0.09210357959455459,-0.10459174011774738
-0.07681239560944839,0.012099143435267495,0.1599317625783607,-0.0570484020074706
-0.08455701338729707,-0.03304967261192689,0.2007196490758495,-0.006834868576270945
-0.09385334533142381,-0.07020955318741234,0.20328179535321705,0.037614099952710645
-0.09971332115835818,-0.08732296610000187,0.16961534022961383,0.0694972970839745
-0.096130411546617,-0.07609146049985298,0.11376000673681987,0.08506362636966525
-0.07860585613810447,-0.03534796266943905,0.056361166565737184,0.08434643265570127
-0.046171087917948814,0.027453098896800185,0.017063082420858744,0.07098906285609785
-0.002141335730570529,0.09743186445601937,0.007592368770360437,0.05114586708694131
0.046638865182487506,0.15609723694576608,0.02804318436332829,0.03169710391407257
0.09171217147394484,0.18676758566327772,0.0676043588719902,0.01824220060307507
0.1253312357460806,0.17991427287657763,0.10927397941677763,0.013452097138125483
0.1423484959762523,0.13661479435496687,0.13663379221755467,0.01630739442389998
0.14108511282097852,0.06880735763476864,0.14004927428790584,0.02251443423208209
0.12304994585245989,-0.00395598809067468,0.11996514411412855,0.026030955893949922
0.0918408051791901,-0.060381068149418,0.08613912820061698,0.02125688370422392
0.05183180977978728,-0.08410748854825774,0.05323552114181017,0.005186136246201251
0.007232355878737412,-0.0690073029521123,0.034580696480873335,-0.021222038403881406
-0.03817506562823231,-0.021303441164471703,0.03655070421181184,-0.05297335690571581
-0.08070741291172265,0.042279177256487555,0.055781142501466735,-0.08237028488698162
-0.11627957598600477,0.09979687029639055,0.08028620141470827,-0.10135983464232937
-0.1402491749232766,0.13110086258775833,0.09407592850519125,-0.10413475365063449
-0.14796223449805354,0.12426937398992656,0.08353417399805108,-0.08910126802295333
-0.13599177139680907,0.07932488299162643,0.04315403740084876,-0.05951513775185348
-0.1036662434645961,0.008018400402121022,-0.021542153467379418,-0.02253548738257364
-0.05424008894471376,-0.07019863643199219,-0.09504454247895916,0.013001053044344426
0.004913684511705298,-0.13459834311631322,-0.15656972963177285,0.03932546239556471
0.06340146458922596,-0.16978160881794432,-0.18683962328669554,0.05205035393046184
0.11003616399311456,-0.1702292383945442,-0.1745875165915296,0.051258174219439914
0.13557983087148665,-0.14132336892541902,-0.12055784220328247,0.041018574576328716
0.1351434878439984,-0.09662797379917118,-0.0376469627999812,0.027568773810699623
0.10945571202009743,-0.05253188330946655,0.052839558764036086,0.01688023921019887
0.06457772796345286,-0.02225350361510086,0.12753663429102693,0.012546892080225636
0.010169131372208269,-0.011369625855625107,0.16787126857301898,0.01478047298761146
-0.04310577199251196,-0.016415567159304714,0.16521846298630136,0.020843916356509083
-0.08617974860731062,-0.026946552265598358,0.12280518827382715,0.026671085432741014
-0.11339849604669673,-0.030179838944575644,0.05393025804844165,0.028942262669755747
-0.12309923389687383,-0.016416776116592934,-0.0227260880175243,0.026703489296161835
-0.11698404144698936,0.01679867051625815,-0.08904539151249964,0.0218124619323064
-0.09874780760258209,0.0633191702581648,-0.1327188341732717,0.01799202746658586
-0.07262619384507295,0.1103063103005971,-0.15020961072998912,0.018876512215237434
-0.04244244231996955,0.14268167672525928,-0.1466840077499816,0.02589882866915652
-0.011407248995239927,0.14846841883278453,-0.13318656219132938,0.03698931513210302
0.017483663898051446,0.12308375338612706,-0.12218998806258638,0.0467737216981812
0.0409181149041537,0.07106536908035527,-0.1230789548245642,0.04836434759679851
0.055133875144168905,0.00467712189987439,-0.13902638777428197,0.036162825985295216
0.0565090056145037,-0.060026093205402434,-0.16616722952295446,0.008607908411918882
0.04281203574020895,-0.10820870510166192,-0.1951796131492487,-0.03028364834753047
0.014647656779370667,-0.13055403681268896,-0.21461563111888998,-0.07136044626892638
-0.023590035819292563,-0.1254094478459647,-0.21481889182291958,-0.10282733998278722
-0.06387305744638344,-0.09818742936011263,-0.19115720839360203,-0.114054303931279
-0.09605620719554377,-0.058462634018722114,-0.1455871177301266,-0.0994068655006218
-0.11048032486620647,-0.01602046638573032,-0.08613440442996122,-0.060692314635022046
-0.10090476736251228,0.022580895177651248,-0.024531072403993423,-0.0072295526373054335
-0.06677636587088238,0.055669820052152874,0.02720593628244767,0.04664443560802656
-0.013969902239291874,0.08583921996605345,0.060187526658819136,0.08590664010534999
0.04639669157967434,0.11746088703863519,0.07103740867179,0.09960914130199253
0.10081896940319014,0.15347492161211979,0.06257418015546024,0.08446055857924295
0.13708546811311367,0.19284577166421124,0.04264313833723673,0.04598895899549388
0.14761568728897256,0.2297791371478372,0.021502335486522525,-0.0031383803098584476
0.13138322747616005,0.25507726433991157,0.008584126634732101,-0.04709309915474364
0.09382442579895717,0.2591604246809338,0.009618402396717102,-0.07183770083129798
0.044821204430664625,0.2356280508173665,0.024973938675040344,-0.06941575813916087
-0.0045001839138957,0.18401828026407968,0.049691811857561566,-0.04020500963424124
-0.045033504876071606,0.11071955465882957,0.07516497656484118,0.007514266883963318
-0.07192935559284672,0.0276676494911031,0.09191741748309053,0.06039874073404467
-0.08513617950432409,-0.05073937852439421,0.09260722871365551,0.10422554934849854
-0.0882272095910232,-0.11145781244082337,0.0743226753227565,0.12797930648023295
-0.08612483207023579,-0.1460796440442952,0.03947715092294876,0.12654807238053786
-0.08270698404015123,-0.152558232568058,-0.004936323229078726,0.10131914995562709
-0.0792617505401593,-0.13495239199594128,-0.049444206290806106,0.058750395174841825
-0.07436347560804607,-0.10146785648290049,-0.08483335288952833,0.0076776086858187445
-0.06513752638425742,-0.06162495785759381,-0.10463990284861893,-0.04353952533154766
-0.04930281112123584,-0.023586059403255824,-0.10661394261399416,-0.08902904120006991
-0.02705898645724375,0.007511595843631015,-0.09276893773116726,-0.12603381363209815
-0.0019447638334555775,0.02984783534186736,-0.06812931032336852,-0.15422587863793413
0.01978970773222168,0.04402390486918728,-0.038735138991303875,-0.17429010476099416
0.031144563124984384,0.05158431144789668,-0.009688004422076981,-0.18657172253800636
0.026953851383496444,0.05369017823968517,0.01605421136793162,-0.1904363322252146
0.006089969802023254,0.05049617723081607,0.03777024943896014,-0.18457823303455714
-0.027611178244577983,0.0413945442290906,0.05606867243783709,-0.16803034243958065
-0.06614597504535392,0.025874620630652285,0.07151097623172985,-0.14129210126569347
-0.09965759635858845,0.004482219232915065,0.08348267101049886,-0.106942878071908
-0.11948341693686768,-0.02064854903059057,0.08990909119231767,-0.06935873872333065
-0.12085193115670131,-0.04598982598923891,0.08802541336594427,-0.03357941041760738
-0.10425305314098997,-0.06748601578806124,0.075912824328328,-0.003782607410335887
-0.0749832404490085,-0.08172108578266413,0.05411385696983149,0.017972241937286897
-0.041038858256964295,-0.08688034561570512,0.02651810715618727,0.03216439614152104
-0.01014580904537041,-0.08309834129002133,-6.254699813901948e-05,0.04118763027509863
0.012962118658733044,-0.07206850915775048,-0.01770217810488084,0.047937505467780965
0.027995183385262353,-0.05612803917750116,-0.020029644262095078,0.054232232985434434
0.038746499782705064,-0.037268121434453495,-0.004794824193418323,0.059790131850073716
0.05106264869269815,-0.01654609215090205,0.024717919186386224,0.0622676546319764
0.06993348197960932,0.005823072083822605,0.06014448116983784,0.05840694270576833
0.09684257614971435,0.02975593226476648,0.09042109671495399,0.045840551478750616
0.12844764170013068,0.05435402878035425,0.10540149438476033,0.02477021033891648
0.15718122622032113,0.07726317162166124,0.09947952308948022,-0.0012718173626515908
0.1736474283337225,0.09478872697314168,0.0738742541355342,-0.02603589397376776
0.1700015031458018,0.10289988818248554,0.03663063506586458,-0.0424474659970368
0.14309260411207964,0.09883890042016874,0.00017424334103736255,-0.04513493392011154
0.09618256266509123,0.08271285662221217,-0.022843130274632008,-0.03263327458491432
0.03852445483815124,0.0583431508937851,-0.023995568462019706,-0.008362480849335968
-0.017167352326053223,0.032848482666745296,-0.002238098947712184,0.02009421052243063
-0.058563785325860554,0.014885559922753328,0.03542819587526408,0.04325180366940524
-0.0775942115557779,0.012004034307191803,0.07611252822619738,0.05276649277804479
-0.07300495802680193,0.027978963966418753,0.10532727318103777,0.04418058638216434
-0.05068611783851186,0.06109180602234958,0.11193550402064431,0.018378339941122847
-0.02160798775899818,0.10407421358644942,0.09199791013186885,-0.018768327850672922
0.0019608820806961483,0.1458819336652362,0.050129565487909325,-0.05841384668185719
0.010671108840908224,0.17481995827797092,-0.002139573255318639,-0.09165121546372229
0.0012900926259796636,0.18203325612838778,-0.050423863405806256,-0.11224862733511765
-0.022241461588083017,0.16420544645971977,-0.08250118023565375,-0.11824274708348051
-0.050284104402531275,0.12454687070974968,-0.09247902508816164,-0.11189742922296769
-0.0710164040706237,0.07172809416864082,-0.08260649285242658,-0.0981879427640919
-0.07478337538834927,0.017122510793724927,-0.062096579515029636,-0.08253283020820235
-0.057755696039960315,-0.028693132389523788,-0.043422561641252466,-0.06874390037274453
-0.02359407112620136,-0.05898260146992485,-0.03747692065986046,-0.05800622769517662
0.017513035275591015,-0.07241989472106578,-0.04938830687713581,-0.04921014546404651
0.05216476677712403,-0.07270823504152686,-0.07653253306948363,-0.040348990988380705
0.06831660880775407,-0.06647806125482726,-0.1094488915340961,-0.030230909312782658
0.05954320885907821,-0.060306262334433,-0.13529542503931596,-0.019630055018787604
0.027507884619191795,-0.05799548297383467,-0.14255009896231588,-0.011275487378796467
-0.018261665141964017,-0.059128594506012475,-0.1252315129087834,-0.008627786033953679
-0.06328424274146771,-0.059420145358725966,-0.08512508785543416,-0.013983536525172334
-0.09279441090157589,-0.05270920199937946,-0.031265735916635354,-0.026813191390658936
-0.09662384258225337,-0.03382649809237191,0.023052887980697614,-0.043204999496858215
-0.0726497394000833,-0.001245111935227982,0.06458686898725353,-0.05685062183790372
-0.027626778744263024,0.04149891937380969,0.0841876524063711,-0.06133694927886481
0.024910085874887994,0.08618619533636676,0.07918345425741641,-0.052884635884080974
0.06899742595924167,0.1220203668418017,0.05338801735493011,-0.032374062584120455
0.09140781688611214,0.13877822285694874,0.014951117742586482,-0.005678817796183652
0.08590187073130141,0.12995935704409634,-0.026944359266858835,0.018053973245658377
0.05514452592840366,0.09489869509507301,-0.06517469438376289,0.029705907348403518
0.009650164867472541,0.03916574198414284,-0.0963855928922479,0.02389048827500592
-0.03587163427846767,-0.026850255071123492,-0.1207945211099879,0.0015893467267483474
-0.06751532238918276,-0.09068647799124185,-0.14038315270338464,-0.029457319405432968
-0.07681464633344191,-0.14100730542622497,-0.15644369654038154,-0.05699463447413775
-0.06343619636750826,-0.17029830087721562,-0.16768604428681258,-0.0685096642487357
-0.03502676222539652,-0.17632172257067344,-0.1698444223075238,-0.056035942974037356
-0.0042942932281548685,-0.16204294330504787,-0.15706090694437244,-0.019708437458864282
0.015642182767771698,-0.13422402802052608,-0.12454327908476583,0.03138835250322083
0.01600235256653662,-0.1012488895089478,-0.07141494552416021,0.08161514142566446
-0.00446663186296792,-0.07088832881526408,-0.0025303982714043674,0.11377033315824694
-0.03897563561632475,-0.048616829120636,0.07161936953271449,0.11503042761380593
-0.07503231754173498,-0.0368245659591024,0.13707811286969707,0.08174787539744058
-0.0988169458220588,-0.03494491479806851,0.18004914599102081,0.021328012303043677
-0.10006933000645576,-0.04025648754013242,0.19078644029050407,-0.04961653279013204
-0.07578385495909444,-0.04899293933673805,0.16644126860835817,-0.1103337468910054
-0.03142554923827538,-0.057413544046477374,0.1119129522148965,-0.1425646388175666
0.020757937141749134,-0.06260700061449259,0.03845097759224553,-0.13649459064534508
0.0657481395234238,-0.06294719341377933,-0.03947450224999915,-0.09398275827933728
0.0907133062699235,-0.05822834672943601,-0.1079620989345877,-0.027959857945350636
0.08921960601093887,-0.04954884815556892,-0.15691051324788047,0.041789446731808275
0.06327815035423233,-0.03900030682753394,-0.18176567706007563,0.09499908912196023
0.022569591942605403,-0.029191137721231858,-0.18345089928259734,0.11727082783997646
-0.01883836376089692,-0.022633416123126512,-0.16679940676896474,0.10428046729877184
-0.047120084605457,-0.021065503252342493,-0.13827219778141853,0.06252117794360948
-0.0530820363881466,-0.024853501397420562,-0.10386311073821346,0.006501892466035102
-0.03486050715344026,-0.0326672579393699,-0.06785865913938839,-0.04646029020803699
0.0018971885975979643,-0.04161296951119148,-0.03266406379617899,-0.08194683863302982
0.04630165226538614,-0.047900076465122524,0.0005621260599140195,-0.0926790921920044
0.0860425379549867,-0.04794326931622871,0.031009308777090593,-0.07997078550415088
0.11138115604588866,-0.03961106256680971,0.05760009592440474,-0.0521420560216524
0.11795587770530476,-0.02321099010937818,0.07895736701050626,-0.020737740881096763
0.1075387769834833,-0.0018149501999663725,0.09388589416809187,0.0038961933241514063
0.08665512602519101,0.01930238106571296,0.10200363616086404,0.016032799100348553
0.06373625562054813,0.03405466192123334,0.1040694124293077,0.01585722725219117
0.045948057094764044,0.037401341340705545,0.10171356799214175,0.008406760642175649
0.036865847987478544,0.027095806099998954,0.09660660029519555,0.0008395302776183534
0.035764950796939934,0.004720794788384268,0.08943623924552155,-0.0007166712725664506
0.038636761355196766,-0.024405728614183324,0.07923716334606144,0.0065511571660811715
0.04038201552964883,-0.052519080986009506,0.06353049998635386,0.021534926571185536
0.03722354322264262,-0.07155326575890998,0.03940131503030615,0.040327125683205345
0.0283620772694164,-0.07549485072859607,0.005204204561925496,0.05839782345293732
0.01625791760151505,-0.06219398873070761,-0.0377678565491047,0.07276334766707228
0.005501656798283492,-0.03403317961248781,-0.08441874638930702,0.08316608258914748
0.0008033310383527177,0.0027823586158223224,-0.12633506336337136,0.09178340647746647
0.004960687703632279,0.040095295714902966,-0.15368888681239412,0.10166929990558904
0.017642878226162263,0.07022323108119496,-0.15806223514862588,0.1147058153357032
0.03546836004396714,0.08815310952619868,-0.13527926434707255,0.1300600441199941
0.053317891747404735,0.09279810433601235,-0.08723486380590623,0.1439173976291194
0.06632453734242055,0.08693628552513656,-0.021990762457283444,0.1506950457834265
0.07172037126284202,0.07590119162901361,0.04801730953711563,0.14527560208521545
0.06979299161457736,0.06551407266570064,0.1091623130933605,0.12532616517293946
0.06357729233457951,0.059990666567098755,0.1502054728673381,0.09268757091274431
0.05742447744071251,0.060540518098445975,0.16513468976484336,0.05317343037111685
0.055042079635253885,0.0651146903320605,0.15438334020477382,0.014765616408863022
0.05780658369651706,0.06934545805111728,0.12411757842692762,-0.01513462359733872
0.06403524706534136,0.06830661884951685,0.08394090938070568,-0.03232401957936276
0.06951665524006666,0.058449635332449484,0.043874784940759054,-0.03722532123796978
0.06909835091037513,0.03902924847442965,0.011651721130557083,-0.03452318449599999
0.05871481657595137,0.012528972252365492,-0.008846716401304092,-0.031118708356852227
0.037072468104838364,-0.01604447803886503,-0.017663029072130312,-0.03319859315457045
0.006350709429726584,-0.04073760407917279,-0.017574419302633926,-0.043591237732584276
-0.028333607207214506,-0.05654839313838841,-0.012296782699018662,-0.06049048804091309
-0.06047574851072815,-0.061004637505605336,-0.004871097861411572,-0.07809645928760589
-0.08415119825324743,-0.054905970973155124,0.0031702055927968348,-0.08895851699459022
-0.09567923584026675,-0.04200454767209355,0.011671500657739038,-0.08711198680835311
-0.0944174881446041,-0.027751568790848967,0.02101655872242025,-0.07075747578034472
-0.08249223968885677,-0.017531847437460526,0.031132910868062767,-0.0433833137896193
-0.0636915579804658,-0.01495476964322579,0.04090235323775416,-0.012825508199918758
-0.042049900986766364,-0.020730549226747497,0.04829676882755507,0.011433266876063667
-0.020716074164227292,-0.03246060900977886,0.05117374784371259,0.021720484535808247
-0.0015067836746367365,-0.04538317182538104,0.04832289515044408,0.01506072264959649
0.01480166152135571,-0.05383260892130158,0.04020976075274703,-0.005638642913353576
0.02774181354337627,-0.05297577375010018,0.028987183292187253,-0.03259499574745331
0.036477533453103124,-0.04032829126923572,0.01768009635891661,-0.05600352589417239
0.03962750987856078,-0.016632970290346254,0.008848846393409195,-0.06767305701429291
0.0357686001236706,0.014132684803839415,0.0033156202276413277,-0.0640703900102674
0.024428163340746527,0.04561929494545263,-0.00043499229088424934,-0.04761391686625276
0.007073191531610953,0.07061722459743726,-0.005822140646393366,-0.02571831080389129
-0.012483288827158923,0.08283778125197495,-0.01677531378663833,-0.007946036504685516
-0.028653839830440064,0.07852144692980284,-0.035888209691610946,-0.0023406692523965725
-0.035625526560831476,0.05747069878752947,-0.0628710256979444,-0.012326344556811291
-0.02943481447248416,0.023237514307379865,-0.09399208898855926,-0.03534017702553804
-0.009804815361914567,-0.017606963101707604,-0.12284402280919371,-0.06370573841949043
0.01904418402839413,-0.05697118336781708,-0.14225271401839937,-0.0874093497612543
0.04909908061231377,-0.0871626362170235,-0.14667615928510813,-0.09773003280891046
0.07072698081926487,-0.10275437956263336,-0.1342100850682446,-0.09036639148847923
0.07569786911782334,-0.10191067919869734,-0.10743019388673547,-0.06691050374489788
0.06005103404263541,-0.08679787201138398,-0.07272148962650493,-0.034154114678810424
0.02576396981194717,-0.06293368265909946,-0.03831187852127266,-0.0015289642002413104
-0.01946334365421696,-0.037617582171893316,-0.011716496510338938,0.02233020610498842
-0.06436248620785584,-0.01785847236988408,0.0024843168112826733,0.032610133875379026
-0.09755269021419224,-0.008388968582324642,0.00375368508996219,0.029829368514278125
-0.11116991522250844,-0.010362745608852305,-0.004741308624962946,0.019327078414073724
-0.10343362894501693,-0.021153105951530426,-0.017685707458372193,0.008988817427790941
-0.07924793364909784,-0.035346470871320104,-0.02969917004480451,0.006112794335573275
-0.04859480055756466,-0.046646788858669255,-0.03708846495469437,0.014606675493753305
-0.023235756151010444,-0.05009666314993067,-0.03860341625634285,0.033538131164623744
-0.012824104276326138,-0.04388773480309637,-0.03499176446492314,0.0575216101688668
-0.021733190954127048,-0.030134823776493472,-0.02768529773117269,0.07872642338614147
-0.04765567813890764,-0.014307200655913108,-0.017332223358855182,0.089704641665453
-0.08241616236632598,-0.003450975546069615,-0.002953761675852578,0.0859759154249718
-0.11468515365468904,-0.0037546373385326168,0.017784899651804124,0.06745220907589983
-0.13365334119138356,-0.018259590798668908,0.04721969743243317,0.03826316517334297
-0.13243694585714566,-0.04550394206569359,0.08581171747981917,0.005155370242418439
-0.11012566307820064,-0.07960309541054497,0.1306246428872927,-0.024851468041995322
-0.07188671022490181,-0.11180227799191536,0.17497360208593074,-0.04664713337352359
-0.027209409661746183,-0.13303969155809428,0.20964150907309642,-0.05828058419726701
0.013027448087831562,-0.1367061201470214,0.22542844356610037,-0.060918157715614416
0.03965990697898042,-0.1207039896018934,0.21621161898892122,-0.057669465795488845
0.047550524656569025,-0.08813074649969203,0.18139379281922263,-0.05185736449619882
0.036502203387682654,-0.046365815485749,0.12674634043780728,-0.04547188624156812
0.010689241148790427,-0.004871639830428057,0.06318302005253155,-0.038412671295788695
-0.022997704353143397,0.02755738273954091,0.0037437860352233197,-0.02876391559869334
-0.05701816629626025,0.0451966930830821,-0.04025456689918292,-0.013916438854317169
-0.08498252928023556,0.04668797210257038,-0.06259580166715978,0.007974406840661002
-0.10274112353158774,0.03487719701597975,-0.06388873284558369,0.036808707666995975
-0.10865738966278547,0.015355218754872745,-0.051020121972420576,0.0701087387169198
-0.10326084379303745,-0.005699634616813443,-0.03451579606295356,0.10348431754122416
-0.08862197094518956,-0.02357011095574088,-0.024731101280445925,0.13179633659802545
-0.06775264767115402,-0.0362259973544621,-0.02820219213965833,0.15057081030175
-0.04416731521362477,-0.044364206629534095,-0.0454192629584123,0.15716068140418962
-0.021550491152729633,-0.05036949512341616,-0.07076169461165896,0.15129307450946428
-0.0033729112463029877,-0.0567110500608375,-0.09456005729690614,0.13490079495444834
0.007663209964907183,-0.0644836673945018,-0.10650803761992186,0.11140260932403447
0.010312365675334424,-0.07271094072122579,-0.09920631950306999,0.08476123172326708
0.005383349079986253,-0.07869290960569232,-0.07062872427749206,0.05865817181802158
-0.004081824490798134,-0.07923729053919149,-0.024735977816451957,0.0359984330021714
-0.013317206792074363,-0.07223858339729937,0.029854366146374052,0.01876973215244386
-0.017073572792338905,-0.0579126202303728,0.08256314978896312,0.008123654058574833
-0.011318486623050052,-0.03911947992371397,0.12391545007325284,0.004488812537035992
0.005145480177537885,-0.020568082266029963,0.1479526417405905,0.007583491284048399
0.029775858363785428,-0.007150750762260065,0.1533010458082389,0.01632472084430402
0.05657013057192331,-0.0020258709155804924,0.14275060025212005,0.0287554930867206
0.07762059170451083,-0.005202374332832008,0.12172659545304879,0.042159491725741655
0.08555976978094504,-0.01322138251938823,0.09635710746763362,0.05347135073404753
0.07612498603916987,-0.020132121317386644,0.0718519426319478,0.059944866839790584
0.04993592757954897,-0.019469916100628634,0.05164939383732642,0.05988273114924053
0.012775380081200181,-0.006550730257219202,0.03739419181847238,0.05314310598205353
-0.025855264943333102,0.019747181553411118,0.029462658597118906,0.041176952219434196
-0.05552858231374533,0.05637810941009043,0.02759004517248035,0.02651447634156407
-0.06814557116842916,0.09694569165350427,0.031226453101132284,0.011847260697522413
-0.06055058346296839,0.13367119530650157,0.039490331238911755,-0.0009545016478305496
-0.03558032122842536,0.15982232578696884,0.05086821189703833,-0.011485667005196536
-0.0011392925690043385,0.17174533652936882,0.06298390446440454,-0.020813958785288397
0.03242094502351687,0.16979424765469855,0.07274499590060099,-0.030804503518977275
0.05573650456098038,0.15786239020829534,0.07697923016759495,-0.04300895321598854
0.06349649927818189,0.1417375638124145,0.07339639489092185,-0.05758319478906551
0.05607490769153721,0.1269276720305068,0.061492307610326175,-0.07273282275361585
0.0391677914229303,0.11677878451955646,0.04296552670236844,-0.0850075278325915
0.0215821566600291,0.11156860124666676,0.021380359299260417,-0.09043100658046496
0.011978468764906491,0.10886238767710442,0.0011189547288152756,-0.08609016034084013
0.015733975151954113,0.10492120410169625,-0.01401470497108142,-0.07156706473271396
0.03303624862320048,0.09654744500040469,-0.02199377453403308,-0.04959112621488054
0.05885931520893396,0.08259714633761238,-0.023074448416529527,-0.025540084686078632
0.0847888435548606,0.06454109064559353,-0.019386786900624238,-0.005845803757311922
0.10200143908711756,0.045855333278847124,-0.013778299143664574,0.004195194311768478
0.10430742350018177,0.030507290909056434,-0.008415880320947144,0.002423244161901199
0.09017630373887847,0.0211818968017861,-0.003782641854919465,-0.009151569047202244
0.06306687454673988,0.018010612358658043,0.0014415900078531274,-0.02475831287823763
0.030021722693271136,0.01837321539532044,0.009506201291567004,-0.03667688676705391
-0.0008828554565786829,0.01791045623977429,0.022069088508974224,-0.03788290004539108
-0.023249406318880245,0.012383686866219101,0.038713292033233405,-0.024610587364021788
-0.03423942449514669,-0.00035410625516588135,0.05624319363159323,0.002100456373879657
-0.034984636137933636,-0.019099108780995147,0.06923340745191844,0.036479358988753645
-0.029476816513935727,-0.039330907797309994,0.0717967478294359,0.06975575855117284
-0.022465386789726073,-0.05463422233203097,0.059991829138511484,0.09298530674064276
-0.017251738043579837,-0.05905185029943921,0.03393600196204813,0.0999947487623201
-0.014276162540604065,-0.049513135956940735,-0.0013079686215629951,0.08941061280544138
-0.011053836287337287,-0.02739622470772521,-0.036613401520696365,0.06505183574812204
-0.003468219903006846,0.001443565244876266,-0.06133302747781736,0.034549324513659004
0.012112582421070512,0.02830304010908343,-0.06673372890992155,0.006691433039650356
0.036761077385919015,0.04442474234193264,-0.049137108824595994,-0.011551304084142525
0.06781630171526995,0.04400196742738255,-0.011594817749204143,-0.01726424661039799
0.09913426074113789,0.026318747262559047,0.03660811934376898,-0.012314307177524096
0.1227514640464449,-0.0037817790811264726,0.08257054487236432,-0.002350543070687959
0.13141664339628967,-0.03733204933945897,0.11368711678209384,0.005502112125400152
0.1211113292572708,-0.06413259285394304,0.12153312104336089,0.005373896399451815
0.0926646062473115,-0.07612469203681654,0.10437976867433933,-0.005203188298000733
0.051871967463301714,-0.07007451023578797,0.06747222714317841,-0.024492396331602405
0.008038169291088394,-0.048625601826681145,0.021002917597808334,-0.04732724835259286
-0.028604981444618205,-0.019342704168882077,-0.02345839377049715,-0.06710393271151462
-0.049787889276560825,0.007924948641294897,-0.056770135485210926,-0.07819210593407878
-0.05149799773627764,0.024440941714084452,-0.07489570628729265,-0.07784509017127456
-0.034994343640308415,0.025554727982846352,-0.0795398476591051,-0.06692470441854495
-0.006282828527131176,0.012221806654391765,-0.07662077677033069,-0.049243021781053595
0.025722520800013977,-0.009437699569718752,-0.07327442401977524,-0.02986656513035574
0.05174667844970246,-0.03035616681365843,-0.07462572163423258,-0.013114430643548308
0.06464002664894383,-0.041706417194618144,-0.08161514880474537,-0.0010641537554980547
0.0611189119265417,-0.03793270997511955,-0.09072172593235825,0.0068654315153146486
0.0423533063949562,-0.018580641254987155,-0.09565529819142891,0.013149740727921426
0.013357503092820302,0.01166626897677736,-0.09030354448538323,0.020600280133557823
-0.018533330669584354,0.04468622459673845,-0.0717200298521849,0.030721140704147977
-0.04561757981790303,0.07169012406571083,-0.041921504958446335,0.04270953275293017
-0.0616905963143634,0.08605072636484097,-0.0077294188301262196,0.05354664258153326
-0.06339612761554046,0.08520615277535697,0.02134273741487336,0.05915678255907893
-0.05082684090354672,0.0710370291832871,0.03638828494388023,0.05615315228136068
-0.027331161848173795,0.048700546710528606,0.032355863707240334,0.04342770139476984
0.0013559970355580542,0.024466721942965418,0.010019404030572096,0.022890002841770913
0.028437377351803565,0.0034342951082054346,-0.02408064087544684,-0.0010002926799132159
0.04756002883802931,-0.01200959545203343,-0.059715795770433476,-0.022766698531341143
0.054218853895694655,-0.022462669748845657,-0.08631206028635725,-0.03792305690419167
0.04678629795599165,-0.030517148852357394,-0.09634995227998233,-0.04464348072408375
0.02694344061981587,-0.03901289625916372,-0.08762497462315769,-0.044392150863630575
-0.0006236867046120961,-0.04932640189283392,-0.0636246396457609,-0.04121093692169876
-0.029261040560827543,-0.06044771041863034,-0.03198998131478268,-0.039902228845245774
-0.051941305861420844,-0.06925289736223249,-0.0017215945162137973,-0.04380838968832997
-0.06306948199105539,-0.07187088973388349,0.019797877632342475,-0.0530883452533818
-0.06004034872527533,-0.06557397597521555,0.028903753770241056,-0.06423685261979267
-0.04409130204350525,-0.05037942502679204,0.0262178858130742,-0.07113176767114997
-0.020138292419621857,-0.029634869387417172,0.015656722896239844,-0.06729995895737076
0.00445096961434963,-0.009244593965417672,0.0024381181894888165,-0.0485920036260757
0.02187299241629273,0.004267931133610389,-0.009028820205439096,-0.01524799402710822
0.02614882285448481,0.006182122115736641,-0.016535374046153246,0.02748758117686776
0.014959651718737574,-0.004430377129340584,-0.020289311686958897,0.07053923513193629
-0.009529370907625852,-0.02395818347734533,-0.022031893176760853,0.10364733534920034
-0.04116370314003687,-0.04512852029990659,-0.023592455462138808,0.11861564652637283
-0.07151851993737346,-0.05930440724283745,-0.025617246510543697,0.11203423412864212
-0.09235513803483057,-0.059453902504964885,-0.0270784795451934,0.08650559134997178
-0.09807434011516261,-0.04275925320904007,-0.025778925957979412,0.0499114528788778
-0.08740506641034387,-0.011915980653527666,-0.019594529204269302,0.012941832572946763
-0.06379368662886596,0.025398570586959365,-0.007849825939395316,-0.014281203990229342
-0.034364667207317394,0.058778614166953055,0.007852462634536359,-0.025336261567068183
-0.007775826718955041,0.07835056686568882,0.02379602054651975,-0.019335330782260914
0.008359664007199525,0.07796024784403394,0.03532466893138779,-0.000865299956160033
0.00968288737883904,0.05721269395367004,0.03859021476931705,0.02188533453312584
-0.003739915522992846,0.02167069870046181,0.03216585745052661,0.04011031984918336
-0.02761067174205755,-0.018860557423886454,0.01783800062231332,0.047411638883381
-0.054843114284297695,-0.053389987307918205,0.0002004430693175671,0.04182293205284465
-0.07775638831474249,-0.0731201011766744,-0.01485038506677194,0.026178402080621558
-0.09030987907269451,-0.07403831095072022,-0.022176386294203425,0.0067852133004584515
-0.08970015368371967,-0.0578947608927173,-0.01924034003289836,-0.009041600773816291
-0.07688573120710598,-0.031300831225003864,-0.007030218094902153,-0.01564649894998607
-0.05597158006921873,-0.0033169140755727224,0.01028371323366395,-0.010943399478586385
-0.03274423574071202,0.017611972285198493,0.026823071674909736,0.003069567379000035
-0.012883316292535404,0.02633184094352655,0.03704581556412316,0.021291646974782433
-0.0004200463001956256,0.022402499004514947,0.037601154398893465,0.03755163707120264
0.0031281426907629056,0.009864418006154826,0.02833453264721572,0.04688782022080025
-0.001220198273399524,-0.004477618556392192,0.012130773553645544,0.04722739937795115
-0.010615978683152921,-0.013593414247525248,-0.006266190378529397,0.039885391693258554
-0.021488920283545754,-0.012690182402436564,-0.02194856015384765,0.028771039070837112
-0.03066199121202027,-0.0007805754807997944,-0.03139851841667316,0.01867533481185829
-0.03613575554204892,0.019110807027335,-0.033363284857912234,0.01333564355146167
-0.03736770113606465,0.041082349997985365,-0.028833238437394083,0.014020833229231863
-0.035059820397148195,0.05836558641470681,-0.02027902120877057,0.01914838759052746
-0.030617097261631362,0.0654888657265203,-0.010572682579688741,0.02503329286741552
-0.025508471969106748,0.0598811914577997,-0.002076812478869358,0.02743895636705197
-0.020744287203385448,0.042451254200987325,0.003773601504119692,0.023313799409890305
-0.01660504388929222,0.017059182329049544,0.006359898110391414,0.012053215553951599
-0.012655676209884378,-0.010828945083584438,0.005475789432286854,-0.00417027473656225
-0.007994469387863148,-0.035779331482348437,0.000994965713232536,-0.021103399659041483
-0.0016367734611869716,-0.05376814954448114,-0.007103060865493817,-0.03385049750446814
0.007078247126752077,-0.06291009347798276,-0.018304302671027957,-0.03851421892613395
0.018156855948473175,-0.0634269775464923,-0.03096871670992406,-0.03345485659018703
0.030772346918951334,-0.05702323560659993,-0.04199415232808991,-0.019754831121194635
0.04329048543007783,-0.04601165357241229,-0.04712205132798298,-0.0007828167205517628
0.05352110877870963,-0.03255543900692348,-0.04201863282790904,0.018925146323945867
0.05917784990473077,-0.01827305684568546,-0.023889426170368253,0.03503225396313972
0.058473694612585246,-0.004254818610045983,0.006948001991347708,0.04453870216640712
0.050721059886697936,0.008646874485165622,0.046233623887162886,0.04634932727560309
0.03676309115144097,0.019493515914478204,0.0862065269959551,0.04117469180741369
0.01906462957956686,0.02712581547701405,0.11741555494831482,0.03092049865145939
0.001354812045302023,0.030324452555927917,0.13145470609390464,0.017881278678697064
-0.012165195169725935,0.02821354257030176,0.12374500648156536,0.004072091886388976
-0.01788710630204303,0.020725321613670994,0.09535041587381504,-0.009085159989369235
-0.013846199967207873,0.008900626338178744,0.053066865166756245,-0.020694441920171683
-0.0004241029697130416,-0.005143158029937568,0.007596212832548813,-0.030087648603613723
0.019565436012439777,-0.018613941080797433,-0.02968867655320375,-0.036535173945442596
0.04150573458329242,-0.02870568858616903,-0.05032787874234684,-0.03917295639856622
0.060189198003577964,-0.0333038351416406,-0.05145864900751282,-0.03722400535441413
0.0712688127800786,-0.03150337050254719,-0.036621179036255946,-0.03042677949433392
0.07249417564769331,-0.023779715664464962,-0.014356077924513289,-0.01945810132522203
0.06431734291364469,-0.011781677556872573,0.004938652685401484,-0.006111638784586745
0.04964552852156005,0.0021523220069160146,0.012774504628548386,0.006921997918011527
0.0328030075265026,0.015571335596508099,0.005597231095734801,0.016665788077242324
0.01804506096853406,0.026395171304025244,-0.014040714883917537,0.02067963409571713
0.008138153012321736,0.03318580868143878,-0.03859423414734193,0.017812929861065703
0.0035123937744997134,0.03519470682720598,-0.05851133597448287,0.008607948191668852
0.002297709811674792,0.032266896588909695,-0.06597225378721676,-0.004807314146211175
0.0012372018359923798,0.024722548385687382,-0.05797370665244056,-0.019314264467180667
-0.0028566970601262565,0.013308993218860423,-0.037588347208876965,-0.031686057340976154
-0.0116524400972155,-0.0007610748704436482,-0.012910533172211136,-0.039454508655113185
-0.024420786289985383,-0.015754822774198304,0.005931062004573787,-0.04147319374280803
-0.03809432629805423,-0.029465231529692507,0.010583712696824996,-0.03801186816609618
-0.048286613664098685,-0.03945642538403879,-0.0023203031086623804,-0.030399619145533983
-0.050924436671004915,-0.04352436526831748,-0.029758629487380624,-0.02040174785616386
-0.04389491347506315,-0.0402760902842854,-0.06324792174677862,-0.009601869263769165
-0.028073557721300418,-0.029639378961055615,-0.09176811999756,0.0009664905408520996
-0.007302458324293368,-0.013091951594918834,-0.1056053230473323,0.010821224139095826
0.012737806089881438,0.0065339428796731755,-0.09970690349641699,0.019719689943547433
0.02640702611863973,0.025676188064916738,-0.0753402288100648,0.02723047265643999
0.03008302712184863,0.04093912804454356,-0.03949055666951429,0.032440036392004865
0.02351975546859622,0.049983896273707334,-0.002275714299088124,0.033986785885847345
0.010063504523056334,0.052110472259950746,0.02662443706116613,0.030466798585771324
-0.00440042543025196,0.048318877656045464,0.04119476127405734,0.021078898750020114
-0.013444415518555863,0.04081496212167388,0.04081231618656306,0.006246415789812224
-0.012363362043443203,0.032129413888608696,0.02991850600392549,-0.01207347915412512
8.231753711124539e-05,0.02416950608635071,0.01586739390466617,-0.030587765395532714
0.021069920148185796,0.01755996573852825,0.0058540324675979,-0.04538480703101577
0.04449756053933834,0.011531575091752067,0.004132948698877828,-0.052979837914898506
0.06290203522972758,0.004414333639942203,0.010572839271171246,-0.05135427698606576
0.06986976106100795,-0.0054412704172147885,0.021037447501552606,-0.04062928500132261
0.06212599716931738,-0.018667967712071003,0.029360257025081958,-0.02312177287667824
0.040599270202713596,-0.034213071496503766,0.030074218514843685,-0.0027358971896619677
0.010113834768262907,-0.04929783263026685,0.020795693781508032,0.0161286539727222
-0.022164283702220032,-0.06008275831146871,0.003332751925384979,0.029802163698601468
-0.04898023522734754,-0.06285310195231805,-0.01688895015742193,0.036308766534147226
-0.06517105185713845,-0.05533071034972639,-0.03282766905210791,0.03576636117260638
-0.06905157847613083,-0.03764582918237832,-0.03845809073457672,0.030117926688053118
-0.06258056287472569,-0.012597242869793558,-0.03102091107615955,0.02231943377815168
-0.050316825762346404,0.014937664914476609,-0.012052695592918668,0.015288255910369766
-0.03759100146462119,0.03929010283306546,0.013152473933267496,0.010980863229855808
-0.028569179214993384,0.05558546653615325,0.03739837436846148,0.00990029747586877
-0.024888711001671657,0.06111633562116153,0.05403055069687164,0.011162667737554456
-0.02531173337921383,0.05605521784714377,0.059061238836858626,0.013044686702381618
-0.026461142666325058,0.04327744358875276,0.052239490876034175,0.013768659809992673
-0.024317570496277755,0.02736153157187675,0.03676779411405163,0.012215989544736301
-0.015901066705179507,0.013106545877156364,0.01788589102202122,0.008313501763508264
-0.0005218669197821456,0.004059359022924964,0.0009399489140937134,0.0029814752994360844
0.019835320104464274,0.0015281636652678988,-0.010313690062856373,-0.0022923600936249388
0.04110371482653445,0.004381308863244143,-0.014587325594690174,-0.0060514795290166346
0.05846502510432941,0.009657782782039395,-0.012916347019486123,-0.007392200126605249
0.0679314357095141,0.013744119283386317,-0.0077028686978496755,-0.006212292552203062
0.06762648021121997,0.01369529352236782,-0.0014557771542540107,-0.0031183946738293222
0.05834176498347551,0.008251118132717148,0.004207090320887386,0.0009299212610409599
0.04321490641181746,-0.0017733504752500545,0.008910587605968454,0.00505803013847439
0.026679591879227197,-0.013816206306986739,0.013171070311968305,0.008794335059353287
0.01307324603017532,-0.02446238372643532,0.017609511010180746,0.012134507409962365
0.005375389442531947,-0.030570646353620702,0.022177130243626456,0.015341630994177506
0.004471075761252753,-0.030247912071175005,0.025809190877055598,0.018597047424489976
0.009128695940755376,-0.023365217805890362,0.02670067887802769,0.02168849743592087
0.016630477489971932,-0.011486464701050567,0.02309175638147887,0.023909186064294985
0.023786762496017078,0.0027139510544256853,0.014199901220824675,0.024248267581430297
0.027968070387597188,0.016308163036150812,0.000851114404257225,0.021818854452978285
0.027824164765288276,0.026945236889925554,-0.014518556705962388,0.01635128388552632
0.023501086928202325,0.0333972301981523,-0.028549932915794437,0.008529085571667122
0.0163555044456149,0.0356886855305666,-0.03809151899663665,-1.1980336046518714e-05
0.008331251963717208,0.034832165549429694,-0.041325301799631724,-0.00707810008420226
0.0012519118625299447,0.0323193106143681,-0.038422974986406344,-0.01060380460442513
-0.0037251346687346074,0.029574967889226426,-0.031450418921258744,-0.009400633217662643
-0.006338042597487478,0.027559853285083855,-0.02354358040097739,-0.0036908669753466378
-0.0071082547230335025,0.026623894436281978,-0.017679549530445777,0.004793357669672024
-0.006981451375913675,0.026606526985638743,-0.015536342260062267,0.013220251260176168
-0.006886013743675305,0.02709340607830854,-0.01690176090784895,0.018471868505338652
-0.007375990339361385,0.02769990481764366,-0.019868282181271155,0.018105347703573423
-0.008470496982723393,0.028267013312985104,-0.021728963142671365,0.011144576392954395
-0.009716583228015642,0.028909955091772355,-0.02020157313966993,-0.0015645177301590943
-0.010421792687827204,0.029926515308487278,-0.014473148610431669,-0.017556186141011697
-0.009952932406309234,0.03162329190065319,-0.005630422667594434,-0.033437362037022106
-0.007990622428298497,0.03413734865051392,0.003707154472702104,-0.0458401862064491
-0.004659912967688369,0.03731739617498966,0.010408981956657168,-0.05232463170138614
-0.000508610477561823,0.04069534559092558,0.012099011310937033,-0.051951508288101
0.0036437154658079916,0.043544104340153336,0.00815464785319922,-0.04537182931467208
0.0069281058526317815,0.04499547515709684,3.435057216244486e-05,-0.03445075206972725
0.008650739768380735,0.04418791016584861,-0.00920187571319589,-0.021598744830700012
0.008460724298964259,0.040422208835618756,-0.015993952355687138,-0.009064249238263364
0.0064259624434634816,0.03331281954682709,-0.01757656622619505,0.0015744428436048792
0.0030091459662737047,0.022923461730389207,-0.012969312536138228,0.009582247655508167
-0.001040957601224038,0.00986604616923218,-0.003293169393381097,0.014912040154947587
-0.004852495579904463,-0.004671793023305688,0.008684055302727298,0.017853385181203316
-0.007610389787040969,-0.019010342628271653,0.019568846492454675,0.018677983871991332
-0.008715773395149812,-0.031197929382279166,0.026514945173413018,0.017450181869653872
-0.007893732643179985,-0.03935625916336724,0.028096134825780866,0.014076903550688245
-0.005229281259841526,-0.04209060659120274,0.024571430662317297,0.008550674750711557
-0.0011269495549953643,-0.038861923310254856,0.01749630692838507,0.0012442902283951937
0.003793149297851961,-0.03020304999302137,0.008900110591483077,-0.006913616907924719
0.008834403857562886,-0.017687406759549724,0.000412058211298888,-0.014504433493235255
0.013360961936225296,-0.003623936447432155,-0.00728698857194595,-0.019943903309125086
0.016898341546355528,0.009462035739202401,-0.01447408344629561,-0.021964513343464262
0.019176057283612782,0.01942590455240703,-0.021890986336667854,-0.020075753348966295
0.020111812103697294,0.025005689037643303,-0.030009092433831423,-0.01481470043118644
0.019757518962951998,0.02607573463721974,-0.03841888348000094,-0.007669473727574483
0.01823951070622854,0.023573814034967652,-0.04565293629894622,-0.0006789999321932666
0.01572317968981077,0.019128475156540394,-0.04955790609437255,0.004163499718054797
0.0124161795109161,0.014512465124415935,-0.04808523519502484,0.0054984035209581505
0.008600866590182152,0.011104463927573216,-0.04017828403263142,0.0029744439035418666
0.004666598590786768,0.009533647011157173,-0.026377466672904568,-0.0027154602015312113
0.0011061136824997847,0.009611892102765605,-0.008869295684087276,-0.010136656140480718
-0.001547597148609109,0.010552413299061175,0.00907321766471638,-0.017628371563013865
-0.0028401583206417932,0.011370987109645146,0.02406494307961105,-0.023833512580015072
-0.0025353034195253494,0.011305315448053452,0.03363509210469899,-0.02804875603625044
-0.000719212923074506,0.010091805948628102,0.03692149936456576,-0.030281708360264295
0.0021842757178638685,0.00800440312952351,0.0347822634586472,-0.03102456887901827
0.005514191470698648,0.0056602411112936304,0.02930710797128274,-0.030868247831859055
0.008570573690100919,0.003691482916910231,0.02294597655866344,-0.030140818344989197
0.01084731880124292,0.002434009096527176,0.01761350139920647,-0.028735639418389008
0.012211718502050387,0.0017715586803128541,0.014119153301057917,-0.026205849871129408
0.012951209676351022,0.001204206018689452,0.012121367526878986,-0.022080502190678544
0.01365123679743616,0.0001118288011960969,0.010576296275585803,-0.016254484416194245
0.014932825589120256,-0.0019027299385637256,0.00844520033970559,-0.009263610977511966
0.017140227664582175,-0.004743963065212714,0.005325363885384498,-0.002296628702633724
0.020101850378981892,-0.007754203642945601,0.0017173822183705542,0.00309724356112984
0.023074592101924196,-0.009890560793308006,-0.0011867568742495345,0.005515927304693198
0.024922513429980198,-0.010092467317381552,-0.002091132068208164,0.004237292418440661
0.024493990379211333,-0.007702191263996773,-0.00028391574609991366,-0.0004400604688015661
0.02107856470581704,-0.00277298174186294,0.003897984768180953,-0.007204337177857605
0.014778605675057926,0.003861871055319488,0.009056860894878643,-0.014114131683254878
0.006643182652651944,0.010795647424933073,0.013206048335932308,-0.019238287885518887
-0.0015170369260150696,0.01646123656041587,0.014541505105239966,-0.021324091221379668
-0.007606430149959001,0.01960220810193873,0.01218950344789102,-0.02024175338527119
-0.009877065760935319,0.01963271078840174,0.006605375053355345,-0.017026347545636353
-0.007514343347691365,0.01676249366238442,-0.000561918362597183,-0.013484241320073618
-0.000973189066450806,0.011856183091529554,-0.0071009304103205745,-0.011495854448770243
0.008065224045988702,0.006098001639479919,-0.011112959621979904,-0.012267383947995755
0.01712440643516444,0.0006028586887635093,-0.011768675863098798,-0.015813225152468198
0.023629262970860834,-0.003875546949915501,-0.009624333019056817,-0.020874269123104874
0.025654076178978306,-0.007041698629692464,-0.006354745131328457,-0.025321094696873454
0.022485394858245036,-0.008953652432483382,-0.0040045775260217145,-0.02691206797986405
0.014821163229958488,-0.00979984285602565,-0.004067288189228399,-0.024140977953503506
0.0045453936262515385,-0.009689010316369304,-0.0067834455597133025,-0.01686823576229418
-0.005844663191303473,-0.008571128675225324,-0.010969111362931067,-0.006500283805484508
-0.013971847195559224,-0.006336634820930345,-0.014470204426537542,0.0043610142275670866
-0.018240490371332366,-0.0030452394807928863,-0.015076639011537024,0.012690411142431506
-0.0182263657802742,0.000841978443426171,-0.011528794853773772,0.015975432964081757
-0.014692907434239805,0.004374932940475619,-0.004194092846233427,0.013002337201121197
-0.009257127625593754,0.00626977917688918,0.004889877568295366,0.004231936467467277
-0.003838592293235167,0.005301592316620654,0.012660993740006062,-0.008350031027945034
-8.254063112733342e-05,0.0008123666230621523,0.016142642223813487,-0.02184204832283724
0.0010622603757140664,-0.006866113662128068,0.013595944249686284,-0.033277364889553115
-0.0004999641400799046,-0.016275951175057386,0.00525829173007529,-0.040428052480341266
-0.004132339247433392,-0.02509889038370607,-0.006639504322852555,-0.042308965465799056
-0.008781697639451254,-0.03079326601728854,-0.018610490701182814,-0.03924920844723802
-0.013357110944398537,-0.03141828393403824,-0.027142151239103837,-0.03255858562111558
-0.017037268853922538,-0.026363746096252968,-0.029961810647800208,-0.023954688565002876
-0.019420818420327023,-0.016704881939048732,-0.026857041529737544,-0.014983328353146391
-0.0205048651560273,-0.005011701973725755,-0.019736173261628874,-0.00664052420382592
-0.020541963778838795,0.0053729988896996025,-0.011902042552664971,0.0006966377685542202
-0.019861092763670735,0.011377919028419503,-0.006811539068204794,0.00705680917411607
-0.01873372627075555,0.011228474864773401,-0.006788041082141934,0.012518196656852068
-0.01732940004552979,0.005095488048010577,-0.012168562168606345,0.016897242215698518
-0.01575561247282259,-0.004877615775892102,-0.021197943740292415,0.019637995269368026
-0.014137188125696844,-0.015207736786432738,-0.030696053281385853,0.019961694335140164
-0.012676539315270616,-0.022174861769120716,-0.03723259572171554,0.01721674240910183
-0.011652025907279838,-0.023034841684401744,-0.03835992783850506,0.011276248047259036
-0.011347076407801047,-0.016935037080183443,-0.03344565477835448,0.0028013757298907694
-0.011940119312177366,-0.005220302436066956,-0.023812671221236772,-0.0067645657699099675
-0.01340717757055641,0.008977991378108716,-0.012165917171954907,-0.015502826533353952
-0.01548566069368906,0.021733079765886246,-0.0015545394601046252,-0.02153900925820699
-0.01772170695663311,0.029560505728692545,0.00571839590223213,-0.02360043498663403
-0.019586927406649947,0.0304888594778343,0.008828111651319762,-0.02141370440681984
-0.020620430060841424,0.024614115554861114,0.008551020637677403,-0.015797899623376674
-0.020542016978505176,0.013971766179382061,0.006775311026487346,-0.008416239965797639
-0.019296559279720057,0.0017971551768294347,0.005632432204152674,-0.0012701232199312344
-0.01702086948789537,-0.008551331174899729,0.006614946770169203,0.003891125997492584
-0.013958298783369585,-0.014630325984318113,0.010027539282170234,0.00604651626249619
-0.010367178977034971,-0.015568780909012342,0.014963373211591052,0.005114591171451209
-0.0064676021417756375,-0.01215394323083796,0.019775931933131034,0.0018483712874675304
-0.002447829982403997,-0.006365231394594634,0.022819294584727354,-0.002523336519499389
0.0014821159881919233,-0.0005654189391313125,0.023135559947158213,-0.006760461622324271
0.005030213679231496,0.003338172861368248,0.020809740124190068,-0.010007998780077534
0.007804471554041639,0.004465734219560164,0.016866156836150413,-0.011989753392419353
0.00936951884210658,0.0030956813791256713,0.012777783427150923,-0.012952355848747377
0.009374521798529996,0.00035616224404312613,0.009817768933335084,-0.0134117239770591
0.007710147611849596,-0.002358238948264396,0.008537079296791705,-0.013826974815029258
0.004627841507156977,-0.003992122659974576,0.008585511404579808,-0.014346345306995634
0.0007577274086732338,-0.004219229894659435,0.008938046865992437,-0.014730869369303384
-0.0030063389047261524,-0.0034835328917998537,0.008413023553007739,-0.01448209060126008
-0.005735642062079889,-0.002707233066040496,0.006247322890991752,-0.013112854928130711
-0.006741631991619729,-0.0028139943703298018,0.002475943160342206,-0.01044006121346866
-0.005802597300813533,-0.004280927433610145,-0.002046696873308093,-0.0067683877378146365
-0.0032557208295476425,-0.0069086704184413116,-0.005989591026109756,-0.0028774451025341263
8.916554312748959e-05,-0.00989958134481271,-0.008102236614971593,0.00019633489418308114
0.0031954014042135173,-0.01220273667387567,-0.007746979163571893,0.0015087807244065776
0.005127110222561022,-0.012975032346754123,-0.005181016641730027,0.0005590173959638678
0.005348012094638692,-0.011963151133450603,-0.00147042717066731,-0.0024919595895595142
0.0038878171920787748,-0.0096469623754587,0.0019262923747798422,-0.006823707054222833
0.0013178967259538203,-0.0070840222504455486,0.003731312525420305,-0.011188577772281758
-0.0014546059492197075,-0.005515706935450476,0.0033420597716110056,-0.014298958479202727
-0.0035003820300811873,-0.005889471031631746,0.0010495541113270668,-0.01523797142966865
-0.004177703744297011,-0.008482508593164084,-0.00209954377818887,-0.013752782238725524
-0.003330019364820108,-0.01276969431837693,-0.004730386399977075,-0.010330466311323668
-0.0013059858166517974,-0.017582276175033475,-0.005675915516357089,-0.006031929288017518
0.0011973703819022075,-0.02149299331435011,-0.0044048995347758454,-0.0021422378704255007
0.0034033374087750617,-0.02328166185940831,-0.0011803371536031268,0.00024328488810497484
0.004732453634581177,-0.02231293791446049,0.0030951511060001297,0.0005592150852221922
0.004985192687226206,-0.018700358059436678,0.007260803156571419,-0.0010728533643931393
0.004367302372269594,-0.013217654566110744,0.010334108011990695,-0.003915094694297655
0.003356624164559563,-0.007013225899742556,0.011822000659544876,-0.006880184986671173
0.002470707263546784,-0.0012491185796524237,0.01179548938395275,-0.008899167883600734
0.002030750552789694,0.003201301754784369,0.010728011937965076,-0.009266980821333759
0.002016270653406916,0.005903193601854598,0.009201147959527006,-0.007855340722864299
0.0020677620159999105,0.006836362376996558,0.007630780202823512,-0.005130959049195333
0.0016363741032358464,0.006248491860201759,0.006142577719381613,-0.0019825912186387136
0.0002226989093401105,0.004477797147069529,0.004641897177688807,0.0005790187645392172
-0.0023875543749127676,0.0018333241027941455,0.003020952156473841,0.0017476977523799286
-0.005982641860426054,-0.0014228503815490769,0.0013744603075095119,0.0011717079796459036
-0.009935777816049193,-0.005008173231422764,8.853141863428282e-05,-0.0009465377554181034
-0.01337016414169856,-0.008531937772503086,-0.0002695612897037486,-0.00392388968956682
-0.015424981554829574,-0.011465375854239616,0.000770509518106987,-0.006811869036262089
-0.015533536869838556,-0.013219039836505245,0.0032628606409118525,-0.00868196635734033
-0.013620406622148994,-0.013320227130329494,0.00665202912083241,-0.008892284425554765
-0.01015180068276661,-0.011624711692299623,0.009834164626013997,-0.007258129793107776
-0.006021882444223629,-0.008464994318886414,0.01149613926807272,-0.004082515764514714
-0.0023102694622178788,-0.004648834801239215,0.010627159303296843,-4.662871439697902e-05
1.4940654508270243e-05,-0.0012752167935219452,0.0070024008898840195,0.003998580884269458
0.00036018661566852156,0.0005904386136793144,0.0014228738572056032,0.007272228538030577
-0.0013393327563745103,0.00027513383690420945,-0.0044259955279314575,0.009262572796650687
-0.004614077743514612,-0.0022418894420512397,-0.008488901612711285,0.009830142927352254
-0.008598933986271415,-0.006275662932012087,-0.009064263459569784,0.009192243725603913
-0.012272328055560819,-0.010624781025021263,-0.005471939432964385,0.007803828592624056
-0.014727126388954404,-0.013950223485088783,0.001599903703620769,0.006180979689659086
-0.0154004147630502,-0.015216771508472032,0.010226500393379766,0.004728695313286192
-0.014204160591933607,-0.014041982035417195,0.01783778043886349,0.0036299016750647763
-0.011527184484862278,-0.01082747765813626,0.022071956277671334,0.0028293894802027195
-0.008112668092384777,-0.006624709253146531,0.021585547794456685,0.0021123588443144603
-0.0048463474577264305,-0.0027832939952397674,0.01652075995504671,0.0012436684817785024
-0.002511884974643129,-0.0005080257267857397,0.008453834948380517,0.00011208250896794711
-0.001577423109317841,-0.0004811294502455113,-0.00015909959397310963,-0.0011784509599574392
-0.0020695348569618327,-0.0026782592525822838,-0.006833622286647516,-0.002309799015587961
-0.003569142016321067,-0.006431839551262225,-0.009890610605722805,-0.002848504429949515
-0.005332815345428052,-0.01070324355636288,-0.008967600047022425,-0.002410758843492465
-0.006509121196677237,-0.01445161388562237,-0.005031815584335421,-0.000834187132391865
-0.006391851502571863,-0.016959369675490155,8.718831270611467e-05,0.0017099956460799141
-0.004638329147385439,-0.018001355918042992,0.004444435590071797,0.004713761330609089
-0.0013870510227512248,-0.01781317627573197,0.006705355853775415,0.007450680102021795
0.0027648442093716266,-0.01689554838242999,0.0065712770367060275,0.009184846431233394
0.006923291262947273,-0.015752651988469566,0.004756826691502819,0.009403854297655133
0.010153812343123618,-0.014679944351916933,0.002557868122438703,0.007996005338825884
0.01175605881222249,-0.013685944970940264,0.0012132682591250443,0.005306764598638054
0.011470061853216054,-0.012568203031574632,0.0013402013300079993,0.002048607959650787
0.009546394015470161,-0.01109440775312559,0.0026814156164245984,-0.0009112376923377588
0.006654905864435222,-0.009194847221621227,0.004263305565535183,-0.0028169351769947917
0.003660066515342943,-0.007070460079259211,0.004885433587443824,-0.0032549447678525707
0.0013371394088789882,-0.005161279048449402,0.0037203182617431413,-0.002270954689931399
0.00012561103189875217,-0.00398475141613272,0.0007559377678396928,-0.0003328823510211909
5.204332416021765e-06,-0.003913784927059363,-0.00311873450157793,0.001846225389999255
0.0005378412635745778,-0.004994055656569324,-0.006431854229516726,0.0035621348734210523
0.00106001713076425,-0.006886060079015918,-0.007723726123795731,0.00436002217511855
0.0009551799108009837,-0.008965332775509961,-0.0061711511371224815,0.004177208793834597
-9.468083773511715e-05,-0.010546287956022325,-0.001976420920470418,0.003339899816458547
-0.001972801397583719,-0.011140399153581552,0.0036494685780810955,0.0024194846045297036
-0.004159676933866634,-0.01064170855539806,0.00891310073664715,0.0020050274736927998
-0.005923824471241767,-0.009360283737793518,0.012108245636480195,0.00247801075321534
-0.0066015199669744035,-0.007886372767527766,0.012260358307408036,0.0038723714416619807
-0.0058606209841062795,-0.006838980641668754,0.009485742884999829,0.005868904942787573
-0.0038474674576636225,-0.006602531107140985,0.00492082495504597,0.00792145967016794
-0.0011581183558326963,-0.007162628160824552,0.0002524379494934642,0.009462906822672125
0.0013594954191033931,-0.00811263130072705,-0.0029572628687688993,0.010110454914130533
0.002902005664835311,-0.00883224897080874,-0.003875006194410306,0.009792948200775085
0.0029969788445091804,-0.008766472422191238,-0.002685011991207794,0.008755455339470749
0.0016730303451612041,-0.007688376145555162,-0.0004497104829705653,0.00744535531371094
-0.000549983875441723,-0.0058320476983530975,0.0013915423318951112,0.006329799870232633
-0.0028476528108510313,-0.0038323339801124845,0.0016700383653888151,0.005719061701428302
-0.004385892117839615,-0.002486616904671224,6.609022718970237e-06,0.005664722924850624
-0.004615692224477316,-0.0024288066377054565,-0.0030173415118571606,0.0059689487706526545
-0.0034606751135509567,-0.003846204480644995,-0.006108446744531676,0.00629502671263929
-0.001331772247489038,-0.006358257604175993,-0.00782406883461148,0.006328792932934077
0.0010314063004642354,-0.009115732150906913,-0.0072103623474687175,0.005921756511920229
0.002829007965362191,-0.011092591524691463,-0.004243852875813012,0.005156754944607718
0.0034773927887026858,-0.011464902542827622,0.00011435045092560159,0.004311030270738293
0.0027931616880828855,-0.009932795656564818,0.00428098024124722,0.003735154048625851
0.0010235898235217027,-0.00685900068628105,0.006683970939418346,0.003701065218598313
-0.0012768923783313692,-0.003164965185314478,0.006405799791004835,0.004284334057670057
-0.0034665495902098395,-1.7360882392417065e-05,0.0035687966632906715,0.005330102972291134
-0.005042264029184862,0.00158166574303506,-0.0007008773529386392,0.006515977813674002
-0.005785714331330481,0.0011492948660264957,-0.004720363802906649,0.00748393447036793
-0.00578207156249563,-0.0011095334260369794,-0.006927605745010529,0.00798448313620341
-0.005318327674695285,-0.004381566016849428,-0.00651180924360073,0.007971931897159508
-0.004716933303183776,-0.00754103796143317,-0.003737196656159722,0.007611237496761486
-0.004182988301120717,-0.009549994052236964,0.00017428996412638398,0.00719520862973802
-0.0037314926827650453,-0.009814378435426657,0.0035541859087801914,0.0070093037492976185
-0.0032213986343869556,-0.008367147529595165,0.004982695671635826,0.007203479123200879
-0.0024733366717386747,-0.005817918001255001,0.003881342733386986,0.007727004889548656
-0.0014097664808703225,-0.003097969022869542,0.0007579865971322625,0.008354417769326435
-0.00014638556157346022,-0.0011049747518574668,-0.0029981551885568253,0.008790765755228589
0.0010139616698665588,-0.0003849795375495523,-0.005688525958685728,0.00880931039416347
0.001688807157286032,-0.000968392556992579,-0.006009824299321648,0.008360130687337736
0.0015813897329722826,-0.0024120268292271915,-0.0036015400526607302,0.007600243106641105
0.000630902335424198,-0.004017205701056306,0.0007891952149910626,0.006829963870910005
-0.0009228704473215193,-0.005127397906090743,0.00559421347761659,0.006361741603839677
-0.0025972287599562074,-0.00538325849916739,0.009046047274165619,0.006378558056085712
-0.0038317707841963033,-0.004836816205953304,0.009881354487502457,0.006845460395736261
-0.004198966355603004,-0.0038883856689869434,0.007839781094202719,0.007516370570670901
-0.0035751356662540035,-0.0030833492157230913,0.003756759821321176,0.008037565505616375
-0.0021992821669193363,-0.0028611811294563527,-0.0007842065578146928,0.008106323389019341
-0.0005907054311774795,-0.0033643027389246988,-0.004093953504175324,0.007616825467457641
0.0006464897158133392,-0.004384793272007456,-0.005049720591763118,0.006727591330575528
0.001056536914028794,-0.00546625173940872,-0.003522485067809042,0.00581567125115709
0.0005098811388613376,-0.006112176309345366,-0.0003888749626391186,0.00533030309092971
-0.0007467664246575464,-0.006008509356403241,0.0028698151455927717,0.0056029986989313
-0.002190114183097003,-0.005164078270247147,0.004808363482681344,0.006692940616964058
-0.0032310763931774483,-0.003909299901274976,0.004627621885370418,0.008335846142880868
-0.0034523098176147404,-0.0027546534631432175,0.002499146134617056,0.010024284130664946
-0.0027763480907788823,-0.0021701193652449765,-0.0005283591524356066,0.011193594181209437
-0.0014956170481286862,-0.00238007850221994,-0.0029971159082063928,0.011442187359281151
-0.00015149678396073063,-0.003261416047424172,-0.003681927299205884,0.010697464506043596
0.0006887362292144206,-0.004388932231255013,-0.002132041429614883,0.009257244589014134
0.0006661073409338913,-0.0052101023594706905,0.001117636820570242,0.007684978173121776
-0.00022079905580950354,-0.005276741101860681,0.004757345176261803,0.0065960611638722355
-0.001613243217335733,-0.0044368991183903785,0.007248596006952393,0.006418173531050675
-0.0029381255788589536,-0.0029063713299629437,0.007476951511405906,0.007221517982295048
-0.003642814687518668,-0.0011888097738184528,0.005236329394238298,0.00868887312248802
-0.003422636691176782,0.00012397484465059144,0.0013385842748678302,0.010240163146097464
-0.0023471596441435455,0.0005902619663620129,-0.0027021895076413983,0.011263751425213117
-0.0008326606716403812,9.769836501508349e-05,-0.005283427203695894,0.011362380633376669
0.0005286075535408763,-0.001090074105952344,-0.0053730846499948255,0.010514171861184078
0.0012125081718364038,-0.002438991144845852,-0.0029401415025054334,0.009082181765647603
0.0009799046603766182,-0.0033597193521851393,0.0010240077337143796,0.0076668941778384875
-2.3557275321939297e-05,-0.003445040106294449,0.004905145279848084,0.006860202975993081
-0.001326749458710419,-0.002633093473225677,0.007124150223461408,0.007000625797629063
-0.002327834432856557,-0.0012304051533193333,0.006782819575753343,0.008030366069156485
-0.002544665362545828,0.00021424912662347528,0.004031131882935454,0.009514394462505484
-0.0018174079772304425,0.0011335021503551673,3.90255117108107e-06,0.010815923256638008
-0.00037906654297128334,0.0011715879556459738,-0.0036475381736178897,0.011358170178368376
0.0012362905235117627,0.0003278801307953737,-0.005435588564597152,0.010865709390460915
0.0024108334240204032,-0.0010437688387658836,-0.004647734668406817,0.009485483252202817
0.0026968247411912893,-0.0023786593719036797,-0.001636631253501733,0.007735574097260806
0.002002313645101894,-0.0031287525375535002,0.002330558525636843,0.006299964261329269
0.0006314467357907416,-0.002981494882549368,0.005600577714972791,0.005751205973762427
-0.0008382175225837007,-0.001981741786120317,0.006820880714312451,0.006313865715902978
-0.0017917301871983593,-0.000508627490412525,0.005500002695525794,0.007766583067661384
-0.0018292985076297577,0.0008815642842895863,0.002209294031169075,0.00952510659899901
-0.0009311527812287876,0.0016813559178379123,-0.0016572597547657164,0.010874981253455783
0.0005338106163525203,0.0016345881461080347,-0.004464960961406788,0.011260707851217452
0.001959935081828977,0.0008338830862592017,-0.00502003395528966,0.01051376119716349
0.002755210400437448,-0.000324857275690163,-0.0030675669921649412,0.008925374081682425
0.002587057101918977,-0.0013102453581549656,0.0006013147706689093,0.0071324234809870615
0.0015217331531383743,-0.0016753530945775794,0.004477743690249392,0.005860936998833943
-9.042339182765979e-07,-0.0012393644672409124,0.006962544885074667,0.005630556914834528
-0.0013476985087698956,-0.00015731139148687096,0.007032007442768912,0.006540408187143643
-0.0019537059615542945,0.0011490640255647014,0.004665018894589895,0.00822472779378532
-0.0015570139922084086,0.0021691440292074954,0.0008535455022759576,0.009997969413694015
-0.00030938680105407207,0.002515646718713703,-0.0028084911252026987,0.01113169676904988
0.0012838858573435306,0.0020836544677886523,-0.00478755588452958,0.01115110289593281
0.002571097136245563,0.0010916610917515238,-0.004248943064314337,0.01003001977388765
0.003023332178559126,-1.1074315322795458e-05,-0.0014056947212537016,0.008203911719814494
0.0024546684443182525,-0.0007315283490896343,0.0025676983918147198,0.0063943297785963304
0.0011018448415995412,-0.0007365294827682417,0.006021810891101581,0.005315541063773799
-0.0004705289015283897,1.0909542815407125e-05,0.007517548255689347,0.005382835937278563
-0.0016011593831762143,0.0012381130736871526,0.006425670448353876,0.006542086715280088
-0.001804906216009752,0.002476776031213601,0.003191126174702019,0.008291085412846316
-0.0009746909784693857,0.003256739408857817,-0.0008484799370418739,0.009884830008888859
0.0005714687667332432,0.003299313200384374,-0.004015933926416283,0.010641280695918243
0.0022187266037666737,0.0026306860428266937,-0.004990103887560847,0.010222319270969067
0.003307058053908748,0.0015693129774248943,-0.00335564341769648,0.008774154396758983
0.003403076152826242,0.0005932310286002225,0.00022193721655021023,0.006868656218913501
0.0024798645269361198,0.00014253086603125374,0.004269418606784894,0.005268812068063934
0.0009300529211033418,0.00043851169545465474,0.007114898134858426,0.004614151838313443
-0.0005941610427105028,0.001393722698199422,0.00758069004944166,0.005155570650076199
-0.001448890671091304,0.0026493604643955844,0.005472758225667226,0.006649358570411712
-0.0012642799809567985,0.003724009350486138,0.0016631914809079468,0.008455167697484237
-9.833835851939463e-05,0.00421209269163977,-0.0022693108139676538,0.009798665887532115
0.0015851679386614803,0.003950316059013642,-0.00469266646354162,0.010091301820745135
0.003106464744549127,0.003083922429466455,-0.004597954548014968,0.009175279026890422
