ch0,ch1,ch2,ch3
-0.005220781254653587,0.00033714340695757683,-0.00011538096690884292,-0.002374336386019242
-0.00401149016896412,0.00022440143921351532,0.0012358300522311502,-0.002580175429725908
-0.00218779866011886,-0.00043262783096312436,0.0022264478459935212,-0.0015858342100600366
-0.0004939263165692903,-0.0013599243523608386,0.002460724485276622,0.00021530546624885794
0.00038351119829613256,-0.0021713409649224066,0.0018523212183514104,0.0020936044258440256
9.843769299169164e-05,-0.0025264159034004835,0.0006580472205312896,0.003286397299094107
-0.0012136734625213669,-0.0022702616964881336,-0.0006280875156442255,0.0033153630278751622
-0.0029942473684540748,-0.0014980856282203261,-0.0014768137279982697,0.0021859737837999563
-0.004494443750768743,-0.0005175094850522928,-0.00153904643821038,0.00038585725995839495
-0.005085412600925848,0.000276380849563794,-0.0007872124369782962,-0.001317532811564083
-0.004517447142059025,0.0005624808124780473,0.00047468507221721384,-0.0021960321321705875
-0.0030211721655525724,0.00022562932655041668,0.0017358741327838934,-0.0018640327660343348
-0.001209627156539831,-0.0005951230039523137,0.0024873279863441827,-0.00043963473949397425
0.00017742729109657823,-0.0015621114811075476,0.002429031388837202,0.0015036849218674625
0.0005805660039690432,-0.002276233705672648,0.0015918543834635805,0.003175226244544374
-0.0001481642407542491,-0.002439904168905105,0.0003248133037040135,0.0038963603639083494
-0.0016854864219603936,-0.001979191462362473,-0.0008467670951664216,0.003384119765440459
-0.0033727700495417463,-0.0010749845144004816,-0.0014343969472725877,0.0018708785081964704
-0.004490765039976526,-9.008426607574893e-05,-0.001184412908516893,9.722795503700442e-06
-0.00455906584840525,0.000578328647497961,-0.0001808061126554461,-0.0013959707513578473
-0.0035361577074355804,0.0006607599111385989,0.0011883498620819388,-0.0017270729950714624
-0.0018372328407697675,0.00012578369249391375,0.0023868486734160282,-0.0008086711149856082
-0.00016246579593182098,-0.000806499901408627,0.002945344412294909,0.0010127777995206713
0.0007931560826549,-0.0017536077193730827,0.0026485866176266804,0.0030079701942617512
0.000628425801025595,-0.0023261069065136294,0.0016198007903570344,0.0043626364435064915
-0.0005963858377071724,-0.0022858349092438543,0.0002690464631270248,0.004512381937904403
-0.002382096681107431,-0.0016421935308987001,-0.0008726004792568211,0.0033764982265222093
-0.003994305055521792,-0.0006471383358249982,-0.0013654059910706874,0.0013941470478187022
-0.004764428980366997,0.00030898134677723177,-0.0010341060659208832,-0.0006523643384176575
-0.004364295112011349,0.0008578717346126585,-3.266571978426808e-05,-0.0019548391362494318
-0.002941489855496568,0.0008040343362297336,0.0012240724404923332,-0.002006795549131163
-0.001060069590664861,0.00020378386711779328,0.002232605645621992,-0.0008071267345778343
0.0005287544811472047,-0.0006599333267679006,0.0026059549750933747,0.0011432578829609283
0.0011916748943843272,-0.001396421220684979,0.002228346452127411,0.0030495612614733214
0.0006691084698467499,-0.0016705861601091498,0.0012972763239875867,0.004149600467612251
-0.0008224608263750904,-0.0013430454040014028,0.00023718628905614048,0.004024029905639007
-0.002682417951068536,-0.0005287529909404481,-0.0004787081944224447,0.0027630752450070184
-0.004173177569684543,0.00045046674666933406,-0.0005248789279483773,0.000922430107781199
-0.004720163476738058,0.001200107173468426,0.00014212483587391217,-0.0007116854296259079
-0.004141325294896782,0.001418345671643905,0.001265777974827846,-0.0014496979027416243
-0.002712867257495727,0.0010237183734357683,0.0023947037307992317,-0.0009820890580693985
-0.0010460232897680638,0.0001914326137982987,0.0030671491927068,0.0004978368729265208
0.00017223564300580807,-0.0007177181469467629,0.0029990740446226016,0.0023812602440846722
0.00046597952485025185,-0.0013072297592571927,0.0021991229208233737,0.0039030864527469303
-0.00023447806843730074,-0.0013117590359248872,0.0009640480918063563,0.0044637226581496214
-0.0015691905572059739,-0.0007113524412913005,-0.0002427938137843505,0.0038786016803190396
-0.002905419253665706,0.00025558289412703356,-0.0009795318559918942,0.00245152644307994
-0.003608175049319484,0.0011876744111881526,-0.001003200884569476,0.0008419884920473665
-0.0033109048335570185,0.0016864218618299481,-0.0003640078872694727,-0.00021707772183185078
-0.002073042989982496,0.0015246037433628568,0.0006216469160668231,-0.00023212185592477383
-0.0003584726715862435,0.0007471083278626153,0.0015076163270688857,0.0008392884898632269
0.0011564141692553265,-0.00033922186240045553,0.0019072095339404405,0.0025671210719742585
0.0018653941723925649,-0.0012850303260223024,0.001656802387687964,0.004227479685058343
0.001488265906012115,-0.0016803087257728014,0.0008859849006646464,0.005106908493430986
0.00019316739926795307,-0.0013251964540019062,-3.529711595563756e-05,0.004805258632987433
-0.001466273883391267,-0.0003193585194003895,-0.0006515966193859218,0.0034100862464475704
-0.0027740788754141016,0.0009684026590601608,-0.0006156328382760576,0.0014686922126434312
-0.003144147261582339,0.0020404481572421224,0.000158986651015533,-0.00023198464723670972
-0.00236164384295684,0.0024657622984883276,0.0014498749491350382,-0.000987328175932986
-0.0006742724267755074,0.0020525717008264034,0.002804665606665313,-0.0004658437743182073
0.0013043151951254092,0.0009282555352588748,0.003717075007492174,0.0011517619714086769
0.002839745525890107,-0.0005067752320155605,0.003830917229070016,0.0032432499026054384
0.003370804067517377,-0.001734144377810179,0.003090400103091827,0.004996617839615865
0.0027323990766070436,-0.0023204786227573188,0.0017752800115239803,0.0057394606506529985
0.0012175162905506253,-0.002087567940174638,0.00040435313569337633,0.005210412793006679
-0.0005456920411135192,-0.0011817424961866434,-0.0004574749155799654,0.0036612760385932343
-0.0018499375046130521,-1.4640040132310461e-05,-0.00041515181242688867,0.0017485964985968216
-0.0021923447296416515,0.000901013371646317,0.0006004354855077935,0.0002605073286458051
-0.0014698152975249693,0.0011549854653788993,0.0022964281519573596,-0.00020752897019490207
-8.005045779760356e-06,0.0006012756423009052,0.00411629733082137,0.0005060668184917322
0.0015849719224622673,-0.0005860744526811346,0.005435764186382138,0.0020698104473557133
0.002676702102189177,-0.0019843162350740573,0.005783312187988127,0.0038049506372757613
0.00287169392210887,-0.0030904944373042476,0.005004346921454815,0.004973995114567375
0.0021669649570945637,-0.0035183679758733176,0.003310894772345911,0.005090828257075586
0.0009385412614935917,-0.0031443588037651238,0.001202693326302344,0.004123085550179706
-0.00023326839363858876,-0.0021447998335355524,-0.0007068995524409337,0.002503152487704205
-0.0008243671908033379,-0.0009117345373663155,-0.001893841639893935,0.000944487688409143
-0.0006019363364222242,0.00011568387071177882,-0.0020824434266599173,0.00014127743099928702
0.00026622305773271217,0.0006329738176091004,-0.0013088508490574115,0.0004777519318348161
0.0012754745753041363,0.0005895100837881861,0.00012386481600238156,0.0018687536793646452
0.0017958918452871675,0.00019618718357736296,0.0017714438276067168,0.0037975135898515797
0.0013439130119169938,-0.00018025658592445842,0.003201190447573509,0.005533531920626278
-0.00019938444805691225,-0.0001902534677652723,0.004114889107074606,0.006437891350791619
-0.002515478155165292,0.00033287695475710255,0.004404258493267116,0.006226962582470311
-0.004953380399560977,0.0012865572276278617,0.0041328774222930825,0.005083513035100573
-0.006771383524043665,0.002331007057399491,0.003468164066743386,0.0035690326992862675
-0.007418095120194951,0.003028914021744891,0.0026024461666788665,0.0023753216042595865
-0.006739119448921527,0.0030357287010685657,0.0016982648165289708,0.002021526011161113
-0.00502651580512492,0.0022604582588383604,0.0008736269644847618,0.0026260907323030803
-0.0028930205230039696,0.0009267956288447898,0.00021860753003210068,0.0038515987814683184
-0.0010249478377295507,-0.0004960109851617489,-0.00018215291256353655,0.005047358465742859
8.321754020600147e-05,-0.0014697465670927556,-0.0002476421613227184,0.005530627061967452
0.0003035909468782627,-0.001602989252564262,6.896771498512977e-05,0.004887973957806005
-0.00011040649472206926,-0.0008190629150449102,0.0007289135176820477,0.0031686953317312527
-0.0006705909646399361,0.0005944376333415352,0.0015662413246144286,0.0008867028445585234
-0.000894771260067543,0.002079636380467653,0.0022907928941246214,-0.0011725878702862486
-0.0005352326404713809,0.00301408077113291,0.002555394005427312,-0.0022617713397879574
0.0003055206443882269,0.00295081416173984,0.002077443790370309,-0.001969360884541471
0.0012231936754910078,0.0017997299213577816,0.0007741175994078753,-0.00038235674060101144
0.0017042956460365626,-0.00012204741027808941,-0.0011471146834830664,0.0019538461302518392
0.0013793344940274798,-0.0021933690207883716,-0.003194368786967383,0.004260565082427878
0.0002245773976965737,-0.003709316223082397,-0.0047138042178801465,0.005840600789651117
-0.0013803564681354533,-0.004136481905855853,-0.005102680025425618,0.006349833074244651
-0.0027721257982943337,-0.0033073373728618113,-0.0040443405784047065,0.005911651848126441
-0.003258118717680253,-0.0014808542365803146,-0.0016760272238387289,0.005027725787340218
-0.0024037952007090607,0.0007523910525775793,0.0013863109289364746,0.004326281908356957
-0.00023296593448917519,0.002683398097362427,0.004196442841429941,0.004259567156244395
0.0027468544244190936,0.00373497863987049,0.005766702929462707,0.004885042654951313
0.005711942832132562,0.003655655109408122,0.005407287533583882,0.005829640883257941
0.00782123916879918,0.0025876481578803213,0.002997806090966986,0.006457338840197748
0.008529205977882114,0.0009891881582742047,-0.0009129543455502348,0.006170661653106719
0.0077866868121843485,-0.0005527748625917261,-0.00522874540202993,0.004715017935771334
0.006047100820183039,-0.0015433790493817393,-0.00862213833674131,0.0023483465313813914
0.00407368924481763,-0.0017490011534363262,-0.00994714599908015,-0.0002082318088060045
0.0026251846202845312,-0.0012539016856349117,-0.008610936929149712,-0.0020312671281223563
0.00214843912619421,-0.0003904994583846383,-0.0047765886951747875,-0.0023675771521562416
0.002605424717947693,0.0004203458764279744,0.0006754270445327171,-0.0009655115382946056
0.003508030041001888,0.0008492082767541653,0.006416286699593356,0.001778481151782016
0.004148530790504149,0.000784287036423463,0.011077272109144207,0.004930466449596424
0.003931306522138495,0.000355939734858474,0.013658388761279464,0.0073549662815072595
0.0026665197901465376,-0.00014431426902487138,0.013799854431162911,0.008149231980050978
0.0006985331579448806,-0.00041044487716156153,0.01183049233404286,0.007002978378611718
-0.0011927820720594312,-0.0002687742931261547,0.008588499631248664,0.004334832639994072
-0.002086674880409478,0.0002379711649178884,0.005091103490869216,0.0011430584643117164
-0.0012979409610494042,0.0008639985086330848,0.002180126038136568,-0.0013772265520991464
0.0013174335630882494,0.0012638575192636219,0.0002722176250488789,-0.0023015948931447462
0.005256829464412804,0.0011409758686269054,-0.0007039236415221362,-0.0013416667249832141
0.00951813396181117,0.0003784313309743714,-0.0011766138262843673,0.0010413838811239237
0.012950874579954239,-0.0009023460612072459,-0.001674611708875215,0.0038255501116691328
0.014678332453334116,-0.002378464502137932,-0.0025580396694530154,0.005847263808477575
0.014424526137242023,-0.0036419560989596894,-0.0038484349814358167,0.006284146039126113
0.01261305502410083,-0.004347717924547356,-0.005223503488786502,0.005004961696101321
0.01019253491994046,-0.004333873582918299,-0.006171144970952728,0.0026407352353223675
0.008251854928872593,-0.003668764125437249,-0.006230670429634627,0.0003417049573129216
0.007574646678758026,-0.0026102322463260885,-0.005213921467548524,-0.000687969820534897
0.008311010952123415,-0.0014987001517665494,-0.003309202840011991,0.00030645193391582587
0.009902703502557786,-0.0006307201665928519,-0.0010218296857139875,0.0032923485359006993
0.011300498472311016,-0.0001642187533683545,0.0010247434477103912,0.007417824935703282
0.011396681354345413,-8.968082234682428e-05,0.0023431272691182316,0.01130581339845628
0.009507033416797026,-0.00027130975509669954,0.0027825901849347157,0.013563629347979986
0.005710962530100415,-0.0005323268251565764,0.002588188105702223,0.013309620724942642
0.0009072865246720838,-0.0007418959766480951,0.0022893135958313993,0.010509392174049378
-0.0034507772532968092,-0.0008642615766055184,0.0024608265832593013,0.005988065990293206
-0.005854665255196588,-0.0009512068413386199,0.003455662643915655,0.0011130846822060628
-0.005293869141922425,-0.0010868741585532346,0.005223258255495494,-0.002726998357416993
-0.0016576921035794945,-0.001316331221085789,0.0072958161612817485,-0.004641161097723872
0.004169141938864494,-0.0015959095249755834,0.008956559672711348,-0.004547000624520358
0.0105608705770441,-0.0017915887687468685,0.009527939236025004,-0.0031532523391976514
0.01567047753198433,-0.0017274090415985849,0.008664658243778003,-0.0016254205226370402
0.01803241799429066,-0.0012607309777295378,0.006529112102601636,-0.0010740927043874117
0.017035286950026717,-0.0003472195812224965,0.003769904461270999,-0.002076814364485008
0.013099430877459193,0.000937415515943868,0.0013015053122278596,-0.0044300736452258516
0.007502530763084575,0.002431249996693391,-3.568740340626278e-05,-0.007233574727629859
0.0019233334127059139,0.003960300874679509,0.00019637998690913427,-0.009272664857453962
-0.002127523297568587,0.00541649103626661,0.0018487817433249405,-0.009541817267890475
-0.0037862215334915524,0.006798722066423492,0.004224050988759921,-0.007692578236756335
-0.0030615550238178016,0.00819240554192039,0.006330864222028752,-0.004217942851190093
-0.0007439904738527387,0.009692680264418663,0.007261806769603363,-0.00029069595446985785
0.0019482340979672828,0.01130673204166776,0.006549241366609018,0.002686482359736439
0.0038403251880041447,0.01288638711057917,0.0043586842586641125,0.0036429848592560987
0.004210871377739227,0.014134311919801648,0.0014394145178993692,0.002289702678869486
0.0029974123964490312,0.014696866428762223,-0.0011542781688573325,-0.0007272597538979658
0.0007414569983784022,0.014315718392280793,-0.002467146817415375,-0.004036549132083955
-0.001680935157292833,0.012976700637941471,-0.0020166273433061543,-0.006040057460226048
-0.003419474972352704,0.010984611151536039,1.1048989627227002e-05,-0.005510822211809766
-0.0039534272046111985,0.008914217656690183,0.00282272398628447,-0.0020617134776117346
-0.0032272111686940247,0.007434901860595148,0.0053190750942415516,0.0036932974105863877
-0.001583884246049605,0.007061471208724555,0.00652135441149411,0.01034370513884568
0.0004515558153233082,0.007923625094522387,0.0059600041299814645,0.016170159459203144
0.002428629777862956,0.009652437532089844,0.0038731967656154224,0.01972611946155094
0.004148955970978644,0.011447634222385643,0.0011348857570562879,0.02029402284313871
0.005689613990384937,0.012324404911133124,-0.001064413645933078,0.018052775891772125
0.00727151175746861,0.011466595799375555,-0.0016652892081242057,0.013911755096877004
0.009044841377738602,0.008562885884710044,-0.00014642654537737332,0.00909816570202937
0.010903223799862555,0.0039960843779545535,0.00326340471223055,0.004676398414600824
0.012427135342904697,-0.0012007376800610425,0.007648491599643856,0.0011942133981416303
0.01300012109435418,-0.005627136656614351,0.011719778095858419,-0.0014129487618217001
0.01206231515762167,-0.007954376575828995,0.01425971360752866,-0.0036428343161652305
0.009398787800251801,-0.007374505171712342,0.014531495556560317,-0.006072380083011725
0.005334704108983707,-0.003900772249895268,0.012503169550096466,-0.008998722038886839
0.0007378975481304,0.0015935970396580984,0.008811703321346252,-0.012239974602378186
-0.0031974624233113806,0.007622194795594284,0.004493960154695532,-0.015184226833785008
-0.005323453776806137,0.012540999735765706,0.0005998491081644908,-0.01706158645561694
-0.004935819674010996,0.015060655042920878,-0.002156955105005437,-0.017312688645689325
-0.002045347120248172,0.014641833018037557,-0.0035784801544421624,-0.01588190619435234
0.002587754728002368,0.01164076714299074,-0.003935617333849825,-0.013294408574392387
0.007681681722657294,0.007160247971033665,-0.0037348927156300657,-0.010470380067749944
0.011848971033299502,0.002664554692964227,-0.0034157072926159476,-0.008346863760516155
0.014052270071541771,-0.0005030522794637962,-0.003120488810359555,-0.007467107888500986
0.013932461328673562,-0.0015334268591296607,-0.0026439302766952492,-0.0077192743806222056
0.011886517442609393,-0.0003609617582138354,-0.0015847484464445467,-0.008349433033839013
0.00886562779249487,0.0023857227385512964,0.00037070203433437854,-0.008260038637965258
0.005970707348824683,0.005652463703099894,0.0031685774042148557,-0.006481628165663958
0.0040014804109279045,0.00833456133786098,0.006253833552345184,-0.0026248674063122993
0.003135792449428798,0.009618543603747295,0.008668423103542242,0.0028816899620955697
0.0028684611998812115,0.009178695698980707,0.009368747998010771,0.008881937548021912
0.002240518789545315,0.007183370330914457,0.007649630859798133,0.013891977697763291
0.0002767162343992602,0.004143112865480407,0.0035030139060726606,0.016660192465965187
-0.0035354700990166688,0.0006879799945760726,-0.002250818540026664,0.01666470529679641
-0.008915414833210983,-0.0026257117590113514,-0.00814297980697301,0.01434101645502009
-0.014749165962724076,-0.005410303199078677,-0.012510348786103798,0.010934623510090578
-0.019377339353104088,-0.007432588427599035,-0.014073698421904755,0.008022839127117133
-0.021127007644681835,-0.008536245874790885,-0.012426238693524055,0.006887069587235898
-0.01890827168339506,-0.008575067853185063,-0.008237130076263068,0.007984948337517013
-0.012663308652282698,-0.007418523010084464,-0.0030705356202847256,0.010740743216211254
-0.0034985626599079583,-0.005044102406786599,0.0011383878738618278,0.013751611962293825
0.006564493910540425,-0.0016726075899275716,0.0027759717681064833,0.015342550950165054
0.01515422738744247,0.0021374133751045424,0.00116269539709625,0.0142593551713339
0.020253243461708433,0.005519149582048653,-0.003145505329280927,0.010225016037640478
0.02081478741076567,0.0074882515060234085,-0.00849413566206908,0.004128855588848915
0.01708916637109767,0.007258189690859968,-0.012675721025531293,-0.002244835229964
0.010552043618061863,0.004573392573600017,-0.01370340280415908,-0.006862604481994591
0.0034563150806479707,-7.966206312548518e-05,-0.010542526415623674,-0.008224605606123953
-0.0018490210489054831,-0.005498534259533526,-0.003537316836324505,-0.005983592115862663
-0.0036167055710159615,-0.010063928964119763,0.005627294905713523,-0.001151475985179437
-0.0011986499920778326,-0.012241080871667167,0.014426065184662743,0.004205162984539601
0.0048045429659646505,-0.011120751552936682,0.0202899634300602,0.007686868552575513
0.012774543870432004,-0.0067999528952224515,0.021427818083513878,0.007444913401536232
0.020598383601546234,-0.00044114369350246874,0.01739373545362881,0.002902334009334753
0.0263080271447364,0.006044934580973688,0.009211771591022759,-0.004960511547721348
0.028633930577059298,0.010609665030591308,-0.000974372742283805,-0.013874744385234714
0.02730915251782185,0.01176939793360392,-0.01059432298997351,-0.021024921166435465
0.02304924427105489,0.009150063722088628,-0.017440865159181855,-0.024010533498212472
0.01723979452653364,0.0036649591160211603,-0.020287860227365177,-0.021691900859268462
0.011452717016083497,-0.0027592360534833965,-0.01914043137355985,-0.01462383543759716
0.0069567401100778525,-0.007830529216553403,-0.0150607762115209,-0.004923939779571229
0.00437611762779154,-0.009694383217550243,-0.009665281341570513,0.00438207828847513
0.0035921511972590997,-0.007605683689071788,-0.004498211045240383,0.01031843323924354
0.003897306667299233,-0.002221993316362414,-0.0005161955879199598,0.01090350655587398
0.004330418191651359,0.004598866415622179,0.0021404039755748214,0.005776225488871196
0.0040690857525194635,0.010435653235352498,0.004032267977637975,-0.0036855585636974553
0.0027459839593062182,0.01315357670549594,0.006037471815058898,-0.014774281357172042
0.000588828470120567,0.011663938886527836,0.008870463150730007,-0.024242870846980985
-0.0016544609737451782,0.006318657802746465,0.012699800019243007,-0.029222242530483528
-0.0029744750967861527,-0.0012053899100603234,0.01701018898895912,-0.027994004582468895
-0.0024564329365980506,-0.008492956968885662,0.02075189329983035,-0.020413209467169263
0.0003792430694803603,-0.01323768652927293,0.022708433856317933,-0.007896539918425604
0.005356946994254774,-0.014045357873803815,0.02193501600238597,0.00697970349341304
0.011614252681479694,-0.010905484262784954,0.018102940418487146,0.021130936712536443
0.017772146551736902,-0.005165569066983455,0.011631539696948662,0.031682855567650735
0.022265149421597834,0.0009764072021554021,0.00357625122035099,0.036589161419181206
0.02374683497788072,0.005272313648673435,-0.004667709785301094,0.0350315959370355
0.02146633881000419,0.006226059962281358,-0.011727669890961745,0.027548889905431258
0.015517532923247292,0.0036121842546042726,-0.016556487516290748,0.015896762882935695
0.0068919917033942995,-0.0014660378712871014,-0.018593370529466045,0.0026802296468459302
-0.002687589823799453,-0.00698650549377948,-0.017768717294011943,-0.009174991453987265
-0.011125316194786114,-0.010727314486116316,-0.01440257171176175,-0.01702548811166899
-0.016426521241621524,-0.011032910458978036,-0.009076761253330179,-0.01908298430552098
-0.017182247544874088,-0.007360597100849405,-0.00254764709242869,-0.014840288069589362
-0.012948240933360685,-0.00043126741726712964,0.004280369371212511,-0.005239742651633711
-0.004419992588157418,0.008043614972312978,0.010355259067867766,0.007489362752342549
0.006653030151743049,0.015938247771367,0.014519882282833883,0.020326254471779104
0.017811991043762798,0.021376473597373553,0.01565749701883362,0.030194938637157002
0.026426496890544812,0.023257254567405957,0.012952747470543322,0.03476139627400544
0.03030683335261361,0.021485719774923407,0.0062110491023902765,0.033065373136214334
0.028243990902101924,0.016872215149769422,-0.003879281959700262,0.02578285257855032
0.020338347539961454,0.010779728179152091,-0.015674696127053078,0.015012191179613596
0.008022432645021553,0.004673822206738849,-0.026786284916764644,0.0036247878368188408
-0.006243610025340223,-0.0002636083858890137,-0.03457515656632619,-0.005627884619391309
-0.01954090286279914,-0.003348863164295973,-0.03682849943915024,-0.010961464065762046
-0.029189129288276487,-0.004415907503400186,-0.03242571051880615,-0.012069444731585437
-0.03339606864470483,-0.0036945173616791706,-0.021777064272128353,-0.010112270343774148
-0.03168930890886666,-0.00163951340051317,-0.006866327983359614,-0.007181305838026276
-0.025013585132411056,0.0012067462472496841,0.009157260568147974,-0.005429027816646441
-0.01546519092824019,0.004283033432634344,0.022749138250177763,-0.006190602883754628
-0.00573348081545735,0.007028196742969214,0.030889930936675764,-0.009438588962244969
0.001599644744205899,0.008902634048394364,0.031885462087189696,-0.013797229807710528
0.004712323678066024,0.00945920596495553,0.025803526012264835,-0.017132034889889354
0.002972497518634168,0.008470498966195193,0.014413192017491666,-0.01750071296094698
-0.0029646745263491522,0.006067086568890247,0.0006462022185518522,-0.014092570795159645
-0.011404879676575636,0.002807005967565529,-0.01225189575820179,-0.007762914031322617
-0.02012286959983365,-0.00039708734444740545,-0.021619959625951177,-0.0009043338376602556
-0.026974767766192984,-0.0025160416999341767,-0.026059463910495573,0.003354942148042484
-0.03043642341144195,-0.0027544890661180405,-0.02570076402852097,0.002364697415913164
-0.02992210476526156,-0.0008927312771982165,-0.022000907245535217,-0.0048704254335095315
-0.025812730769760373,0.002524649485714514,-0.017163874437239587,-0.01702491407596516
-0.019215191313453547,0.006261044477599009,-0.013385395646855104,-0.030612636191917786
-0.011553973873098991,0.008737253810164353,-0.012165830910610638,-0.040995383126331816
-0.004138239652629619,0.008562174264295806,-0.013897055167725141,-0.04393798428247183
0.002159995696856369,0.005061692279696869,-0.017830026436522248,-0.037176552089561846
0.007032410548966153,-0.0013991027723783689,-0.022404568694942423,-0.021420908913936387
0.01065672585045508,-0.009445602067715591,-0.02581309593510997,-0.00038125454083272337
0.01347723176476745,-0.017096020963102608,-0.026608340189797148,0.020258963177047583
0.01594812072459907,-0.022413183666667308,-0.024166289244210125,0.03462283514882036
0.018343853388705506,-0.024175998025024882,-0.018873294900529764,0.03858347599161936
0.02070040330307723,-0.022317621692601014,-0.011997951971889614,0.031196089893959472
0.022888551189475956,-0.01795237469367767,-0.005303617020357912,0.015098542327109707
0.0247612914230024,-0.01296293678510161,-0.0005286040605796925,-0.004291762535063387
0.026285972533852595,-0.009288016344409428,0.0011093528656028612,-0.020537061776623705
0.02758100257503196,-0.008172593941033798,-0.0007562053937639895,-0.028305435950655905
0.02882343086988557,-0.009667621118364417,-0.005562107998619489,-0.02513698078153044
0.030058694191817954,-0.01257979747838768,-0.0120036714971175,-0.012241166744806978
0.03100008599950692,-0.014904492537502471,-0.01842957074072901,0.0059485036022616025
0.03092795155133996,-0.014589152747085218,-0.023327565838571505,0.023303617151109304
0.028774333696262436,-0.010343075619560348,-0.025759920291340173,0.03407887081607444
0.023412991843554852,-0.0021853292707573226,-0.025619339567625708,0.03481931737546812
0.014089831426633666,0.008482192554339206,-0.023623913221792286,0.02544822262311458
0.0008569255379429208,0.019310106757467048,-0.021042969807599544,0.009185507549095362
-0.015155483993461887,0.027784233070038356,-0.019227557818127024,-0.008637453531306093
-0.03176409405761699,0.032061399456275376,-0.01908717035710654,-0.02241899475106219
-0.0461047341593514,0.03154549169749221,-0.02068610593637106,-0.028124572196956875
-0.05528744906918363,0.02699507615016579,-0.02311304233778362,-0.024489938498891462
-0.05716538901096239,0.020140113783876486,-0.024704017299213968,-0.013211880443852034
-0.05099088038077857,0.012979194866517926,-0.023587548478370177,0.0018752419535995636
-0.037745800532966424,0.007052127313520937,-0.01840271450251875,0.016279493832722373
-0.02001890002038021,0.0029850746979635644,-0.00895667095820658,0.026417881232043777
-0.0014355752255798618,0.000484963249281347,0.0034271514803422692,0.030705184692672388
0.0142161377799663,-0.0012348675607478203,0.016047951037894602,0.029812610717701138
0.023921445267271333,-0.002804729969622558,0.025485479523335665,0.02607311527277096
0.026170180410582916,-0.0041350195602188194,0.02862875151015822,0.02232890336614709
0.02127614855071623,-0.004222003593728027,0.023772650374831037,0.020705808986018596
0.011200973090080914,-0.001454044344878891,0.0114101629416835,0.021794303556550473
-0.0010516711927793937,0.0056678157628632375,-0.005598707449564463,0.024529465338766945
-0.012279411025560346,0.017674988697176278,-0.022626424422197932,0.0267729398323463
-0.019907623894426074,0.033510577892329516,-0.03454287503504947,0.026324617903803117
-0.02256441194011688,0.05045088625680724,-0.037300133544699875,0.021935802844387217
-0.020262588660398616,0.06468450123990882,-0.029341028035931756,0.013913771302749976
-0.014179754865900254,0.0724091546215006,-0.012341362316243722,0.0040849647513578335
-0.006153704065656443,0.07108794561406699,0.009027817719117103,-0.004855304523995921
0.0019119607515233443,0.06041314249078371,0.028329551309892897,-0.010339695228139205
0.008531652718412427,0.04260082644476609,0.03926046607927888,-0.010879767305243364
0.012874837404323707,0.021862208585543857,0.03764865701947507,-0.0066102514687777685
0.014726556023727355,0.003188739319663736,0.022904158332557822,0.0007646692144751407
0.014249274864356912,-0.009159537435952839,-0.0015829781366054826,0.008579577428304884
0.011692372802853374,-0.01295522932264316,-0.029281178573216445,0.014121209086109945
0.007200671373998338,-0.008650932305263558,-0.05237613219880075,0.015499086824011656
0.0008153775904546079,0.0008466445379996749,-0.06408751345266035,0.012166197268378198
-0.007335948572462933,0.011191396948046158,-0.060711412342436655,0.004937972072533804
-0.01675999169059407,0.018044845321422025,-0.04272805853280144,-0.004440529054060383
-0.02638466655191895,0.018457183236923715,-0.014611289722562544,-0.01396435730651146
-0.03455989532538935,0.011722447762961533,0.01659799525415047,-0.021995126547260255
-0.0393461207243329,-0.0005514701290718974,0.04348160951696184,-0.02761690048809138
-0.03905070915523183,-0.015132002716568527,0.06047129911608974,-0.030634417259964464
-0.032859726812012414,-0.028321420296432878,0.06538189520026615,-0.03128872612326672
-0.021344603396420574,-0.03715262073340542,0.059764294451567224,-0.029878949833046762
-0.006629876770765458,-0.040207433147513016,0.048003895744549926,-0.02649820529830877
0.007905555448991842,-0.037813276376365605,0.03552368737627252,-0.02101413641856817
0.01837856997433071,-0.0316211251466851,0.026753630224782568,-0.013290127896578692
0.021433588993060894,-0.023794691235658354,0.02359284411910694,-0.0035160024230808246
0.015271349231923532,-0.016162692013672618,0.02489703343006108,0.007544093489765147
0.00035674254018587537,-0.00966336249549092,0.027142350480298297,0.018545748645008887
-0.02044627262417159,-0.004261779392782078,0.02598744230987305,0.027847113493617612
-0.04241310937408054,0.0006868243906473642,0.01813332717339279,0.03398732717664784
-0.06007533678063431,0.0058344092386087565,0.0027814740705552274,0.03616464938737056
-0.06863958363829284,0.011286864620318499,-0.017852587278709798,0.034502290040127476
-0.06532208377374579,0.016346514369533133,-0.03915999675715958,0.02997167750139796
-0.050210946456477376,0.019655517295853506,-0.05566614823913069,0.02398955294959248
-0.026382131040679935,0.019669638935107106,-0.06290904909207438,0.01785301727023575
0.0008037023864382216,0.015256793768570275,-0.0589912406664251,0.012258238992242397
0.025063319142640282,0.006173951492518991,-0.04525514174488195,0.007123137975374276
0.04085456143374455,-0.0067595908408641745,-0.025855832103129528,0.001806982038582941
0.044882221149512375,-0.021839309692812135,-0.006403864537869366,-0.004358643098227893
0.03701450352509755,-0.036906340981423605,0.007823828507616155,-0.011465834691080631
0.02033290578258975,-0.04984682347628068,0.013471622513705588,-0.018648435376438274
0.0002793059953886158,-0.0589751627021548,0.009957007962515113,-0.024145105358440742
-0.016875913684134228,-0.06319964247612186,-0.0006591547407627518,-0.025850666868693657
-0.025817656774399504,-0.06198893927681472,-0.014664270485828274,-0.022181532163532473
-0.023710456881864093,-0.055254375979107054,-0.028124424575286425,-0.01291722524295456
-0.011015915477282534,-0.04328707436523413,-0.03819952408996748,0.0003546688266159448
0.00864593599287529,-0.026829414859533524,-0.04387247951201016,0.014441896730056754
0.029562549427818455,-0.007246918438174155,-0.045878533573368435,0.025411624818078588
0.04561656951176543,0.013340271693008679,-0.04594548045459894,0.02985901279714106
0.0520982495823882,0.03214625265580369,-0.04572002963345031,0.026134488712557996
0.04709997404523158,0.04614696422623367,-0.045859465138861695,0.015056954737892356
0.032069266073287944,0.05281720509814377,-0.045676084093716755,-0.00020091730520946371
0.01134821219944983,0.050973670097181206,-0.04347708328170649,-0.015074450612557272
-0.00916310047287943,0.04140200809827164,-0.037445940715089124,-0.025112264861400835
-0.02380911889164357,0.02695079358776712,-0.026682261068033925,-0.02749639824587609
-0.02888893447855661,0.011924891343709373,-0.011945832674493367,-0.02201485758773261
-0.02374128465135711,0.000863858371232748,0.004236195792056502,-0.011105643927440102
-0.010867234155191266,-0.0029451285790721843,0.018189008117261374,0.0010718464954160983
0.004940847772274694,0.0012937454339528934,0.026237567792374215,0.010213337955683643
0.01817629113301463,0.011389223536666689,0.025969105899031786,0.013510253595121428
0.024385060612368163,0.022687961519346968,0.017142493971892575,0.010726110110834231
0.021545753253461194,0.02954347046149554,0.0018993562159396148,0.004276820233151922
0.010615310853449234,0.027286846370090868,-0.015815420512918423,-0.0017463797242695395
-0.004927467972062845,0.01402286729239414,-0.031430841220782324,-0.0032643342576964204
-0.02037110814257513,-0.008423906331905331,-0.04112130300280406,0.0020290265992406603
-0.03144199991233168,-0.03483101260978823,-0.042909669956485624,0.013523613105390495
-0.03577569977623096,-0.05814931820044944,-0.03714732314265566,0.02764961813840187
-0.03367814025557714,-0.07184153692359385,-0.026245630675497143,0.03901132163809011
-0.02791326623259917,-0.07218953059348382,-0.013793555921429834,0.04232629195118612
-0.022595053764851193,-0.059731783201460886,-0.003391336103427227,0.03447235584682155
-0.021579372962319248,-0.039261094618348265,0.0024055010895317717,0.01587145339062784
-0.026932859446553582,-0.01830740146975775,0.002716094568979569,-0.009345172153208403
-0.03803566618437333,-0.004579424662776499,-0.0015987039888483,-0.03451419662084195
-0.05165658241021712,-0.003240391246702449,-0.008366753312581784,-0.052591107626777614
-0.06299667707563189,-0.014991928675456286,-0.014819004731618145,-0.058535326684959296
-0.06735088471938545,-0.03568705856595374,-0.018328241102330677,-0.05108215281185241
-0.06180908211410616,-0.0576674556582754,-0.016969471910967444,-0.03325452673603124
-0.04639231975450259,-0.07240489164260416,-0.009817521492931285,-0.011408048463879134
-0.024208465980667924,-0.07354403114647316,0.002985456658970695,0.006875250277061359
-0.0005507313175590715,-0.05927313404368748,0.02029713462446319,0.015315566584277712
0.018766259523203627,-0.033160581390583505,0.04009386840028756,0.011004867276981384
0.02926671056422525,-0.003120378759743095,0.059625678371950416,-0.004699821515422073
0.029230081388813875,0.021174657400922975,0.07566472266332896,-0.02675486511114456
0.020175288640619418,0.03156095454156197,0.08493011311290051,-0.048251156633156066
0.00624948704271161,0.02421194228237476,0.08472103063928114,-0.0628127870359448
-0.007257798844282473,0.001046747321815339,0.07367517842672822,-0.06671781977870887
-0.015748248924102315,-0.03077259107589688,0.05244216404107591,-0.06000671754617748
-0.016850094145090644,-0.06109049670336021,0.023990654155254146,-0.04622645007227601
-0.011120185719644099,-0.07999338143539536,-0.00669106674283982,-0.030957330055035884
-0.0016788235529010959,-0.08094543948560132,-0.03357763360846597,-0.019700258594117098
0.0070733306202118845,-0.0627928313200963,-0.05110577137634739,-0.015908843993538587
0.011178962024358835,-0.0300104847273659,-0.05578966194632838,-0.0198649881937231
0.00865598555566112,0.008827294430907545,-0.04742692529395269,-0.02875951428436911
0.00027794523888886175,0.04378106392029213,-0.029423682395092778,-0.037884706983621654
-0.010682943708855626,0.0665446651150503,-0.008007908939930544,-0.04244610236848749
-0.019660243468605614,0.0727362155183012,0.009538494143935912,-0.039302503608178926
-0.02251277959344354,0.0628099953217629,0.017138529169648167,-0.028010866467156087
-0.017139663448815942,0.04142402600287384,0.011955730051354547,-0.010848159821334774
-0.004405675530366415,0.01562078575437923,-0.004498032424187309,0.00811759335790934
0.011966197776346874,-0.0074665764647790425,-0.0266262376992409,0.02448791672472374
0.026516082682976682,-0.022593903598192175,-0.04638778713729286,0.03494324796254409
0.033809816763512676,-0.027487376843788554,-0.05584636218451819,0.038090653467853335
0.030249026386026903,-0.022827286699641788,-0.04982313388271638,0.034505753857891515
0.015320877744690362,-0.011342503359793529,-0.027769162882379586,0.026067445104933643
-0.008126403083727265,0.0034980743718139966,0.005802129966093611,0.014960158869985023
-0.034666066036028266,0.018651528164090957,0.04252164603384944,0.002817908403663527
-0.05786768231431366,0.03213530356324418,0.07266487716027,-0.00962597876088668
-0.072148712493873,0.043026505718394406,0.0881576997016424,-0.02228408469462438
-0.07431719838405289,0.05100783477822414,0.08511496500014869,-0.03505460700737588
-0.0643447304559784,0.05580920020299649,0.06508056840694867,-0.04715514503795662
-0.045176323714897416,0.0568849142568708,0.034560544680241105,-0.05686132878479199
-0.02169687348849554,0.05350114636974762,0.003002148452667504,-0.06187486238124414
0.0007734989822562547,0.045172929729044284,-0.020119492170227224,-0.060240048753697484
0.017968403601422454,0.032196011688463304,-0.028162227942206984,-0.051436215889686165
0.027710414839994157,0.01595459518403221,-0.01921565477854,-0.03712876896426284
0.030235173089923066,-0.0012205708007864344,0.0035353737496441875,-0.021140060485030636
0.027787581896944472,-0.016661332548514568,0.033038741369402456,-0.008487251898181896
0.02369057144591797,-0.028227799726856826,0.06073289903817966,-0.003722199156195389
0.021215500506078414,-0.03507524034410701,0.07922831594830361,-0.009141738398057004
0.02259598521972972,-0.03797471091451356,0.08444406136869813,-0.0235703595623961
0.0284383180889441,-0.03900364919491739,0.07655893270431227,-0.042277466800690396
0.03763633140339741,-0.04067827999216041,0.05956296297967953,-0.05821047544367221
0.047750629807329505,-0.0448418233376157,0.03966518072262396,-0.06423450691467494
0.05570448023091997,-0.05174803402932459,0.02316601097562513,-0.05565387776055532
0.058600624262332146,-0.05973080406660673,0.014526623443260011,-0.0321174519522113
0.0544698841881193,-0.06563984439239112,0.0152374818006869,0.001836718566505198
0.04280361596454211,-0.06592866056264564,0.023767988557908203,0.037898722262599153
0.02477601407583868,-0.05801857549781693,0.03649284816723452,0.06648323217021966
0.0031158925680428388,-0.041436011565249856,0.049175868234311935,0.07980755611215792
-0.01836068982723914,-0.01828258977242675,0.05844957432784573,0.07450292022663468
-0.03549091894947558,0.007171175369840133,0.06279185577906676,0.05282813299097764
-0.044653489131969926,0.02966321374682224,0.0627274105469665,0.022012980179552364
-0.04362445943002701,0.04450273343935995,0.06027767638035637,-0.008096629615945983
-0.03219068000824823,0.048991789200290625,0.05793915425587875,-0.028316140315304703
-0.012330081380494094,0.04322784332112108,0.057602527938423465,-0.03320324194656408
0.012149027644513824,0.03002818874032299,0.05980168703013087,-0.022869282475154264
0.03647889096476456,0.01402203702758781,0.06352810941881942,-0.0028758672985096795
0.05612267550283918,0.00023454734457827899,0.06662946094148779,0.01776617974834345
0.06796536793279107,-0.007359798026045174,0.06661244269449983,0.029813747268673592
0.07114389455924558,-0.006857708998375584,0.06155308502911498,0.027111923832599007
0.06723012000510185,0.0012587077965167774,0.050810643008631515,0.00886317186787038
0.05966462044976918,0.014535731660862061,0.03533120847722914,-0.01994788860166328
0.05258122703843361,0.02946995644600477,0.017471633142162588,-0.05012855262076511
0.04938129699360816,0.042579109988588916,0.00042067662510074724,-0.0713153130180817
0.05152973339383463,0.05126524926539198,-0.01260096722880838,-0.0754391490376834
0.05799951153898894,0.05424198756405341,-0.01913895934448153,-0.05944694530377173
0.06558954463719642,0.05148863996561011,-0.018100333147620634,-0.02637551886241965
0.070042834659568,0.043868557383368825,-0.010009639982571029,0.015552825615410094
0.06760004863355198,0.03264184145143071,0.0031221407183828626,0.05547313174410165
0.05644595678898015,0.019088857057456443,0.01827650477879936,0.08318362310242537
0.037515965812265566,0.004360928855842442,0.03214064249582153,0.09211956408334221
0.014335689248791375,-0.01045829958013917,0.04189022126221439,0.08105962873265182
-0.008096059832873911,-0.02420199025253379,0.045855830929893676,0.05409610838471048
-0.02501845269253421,-0.03553451457125078,0.04390318267879276,0.018998753052651376
-0.03361423428246622,-0.04304070937894153,0.0374146882986607,-0.015380979924479853
-0.03408073726368113,-0.045502647416445954,0.02885536138112862,-0.041755936289865396
-0.029637366685257807,-0.04227556004751965,0.02102195507187655,-0.05625534793563497
-0.02540728907014072,-0.03361509119532961,0.016180004167972703,-0.05898471429963192
-0.02651782584898202,-0.020814246915338362,0.01535142388858557,-0.053278764959122114
-0.03606460700357375,-0.006073981541568685,0.017994924501149062,-0.044072419003832554
-0.05366605435177165,0.007874961434210528,0.022214248689474376,-0.036058784429095686
-0.07516024708204008,0.01829991926050356,0.02545841305302699,-0.03228353547415431
-0.09362003727878962,0.023006439104668645,0.025496778616997836,-0.03357549328715059
-0.10141240391963999,0.0207662161519494,0.02132717789702563,-0.03884999381449177
-0.09266104617070868,0.011557700187021555,0.013664117436206921,-0.04599296564036784
-0.06531633188866735,-0.0033986754660341213,0.004777084616012249,-0.05286133262023888
-0.022149336905893276,-0.021789882525482928,-0.0023232363004965575,-0.057969865724177276
0.02967134906830458,-0.040513219974271306,-0.005096067724293635,-0.06064072592413617
0.08030778393355101,-0.05611000527103727,-0.00263581082283694,-0.06066869057151076
0.11976286221945925,-0.06531159276575757,0.003687993802716477,-0.05778027014706644
0.14041812442487522,-0.06565908270309308,0.010446232756102708,-0.05124570516528523
0.13886315595219162,-0.056109721586080054,0.013252916213199444,-0.03991172642741794
0.11653129308661359,-0.037486045110708355,0.00843867574101807,-0.02270612587424625
0.07904384037617486,-0.012594572702043116,-0.005287150267058175,0.0005794521516980997
0.03455301383555891,0.014125256871815789,-0.025837936532660692,0.028586789338135805
-0.008364162327980679,0.037450606078597196,-0.04789118954453463,0.0581384877457644
-0.042645737772879264,0.05258659001471384,-0.06426675587177087,0.08465529530734892
-0.06403708915705142,0.05643889683952022,-0.06818005690479584,0.103208613734281
-0.0715153258563537,0.04855588664135965,-0.055639571023518096,0.1099148583260714
-0.06690898589648406,0.03138643262368499,-0.02712834354345612,0.10321826258483052
-0.05398336301413033,0.00968012727436739,0.012108742574214168,0.08461150792467029
-0.03733720581362105,-0.010865582659472831,0.053397868431567214,0.058511003564958
-0.021402837979032904,-0.025324644904897123,0.08724017152197948,0.03127555498225869
-0.009710912217567771,-0.031065445492842653,0.10634583523591096,0.009635780234854188
-0.00444592404953513,-0.028529206630494613,0.10804026870611584,-0.0010105839056303804
-0.006238882737516813,-0.02093842315122417,0.0951428270625182,0.002053225624089895
-0.014140323262545211,-0.012980018347591916,0.0749203965258442,0.018240773894990632
-0.025767190198245065,-0.008897028129832684,0.056399767585490805,0.04390661367492631
-0.03766937032867106,-0.010681551857742087,0.046942412500468295,0.0733435331084424
-0.04596414343077525,-0.017077044756452643,0.04930924976885185,0.10022273490143918
-0.04721636779460578,-0.02384113878215588,0.06033328122001591,0.11908055167840531
-0.039418875327849885,-0.02526665167880921,0.07178969231514433,0.1264891982273874
-0.022808423984249135,-0.016467651493362434,0.07327711965034295,0.1216724739071122
-0.0002066594726856958,0.004402995946185671,0.056172094241959625,0.10648755851420938
0.023349537702881798,0.034883742717677496,0.017268242417880886,0.08483993669453202
0.041728683742680836,0.06847059942311146,-0.039256990540007315,0.06169872352848603
0.04935689268083063,0.09646681803980928,-0.10237980234789476,0.041928596839969474
0.042952179886186555,0.11086076248431453,-0.1572504722752544,0.029164838026476635
0.022788021840323844,0.10723910420021968,-0.18978836233364435,0.024945771261560046
-0.006984164509523806,0.08664878751219834,-0.19133898842726546,0.028288373931213126
-0.03916261480915226,0.055631061779158025,-0.161787091413932,0.035840127976391196
-0.06531874520281754,0.024274267767361114,-0.10998859862183347,0.04264899317585011
-0.07812036381663953,0.002854691003970008,-0.05126839244236073,0.04345846897435098
-0.07346164849337274,-0.0018076908727148802,-0.002730347799411047,0.03427431753447105
-0.051734412320371154,0.011023480769613353,0.022106930408364516,0.013809325636802136
-0.01782754672789967,0.03539967318889411,0.017574238720423078,-0.015646074603590784
0.020161670005837726,0.06044410192512973,-0.012413711650992771,-0.04830416576612892
0.05311390607823081,0.07396660496088892,-0.05574356506152021,-0.07606430428001415
0.07330429498353175,0.0667477868527019,-0.09615093070475422,-0.09062378000976772
0.07632852888354064,0.036012458825545476,-0.11857797409429965,-0.08599630616343096
0.062002229464689265,-0.013160637562630296,-0.11405536584749676,-0.0606901859555727
0.034048196102295133,-0.06906566425903612,-0.08249938347875152,-0.018787665869576278
-0.001224252737357049,-0.11690307871743912,-0.0325364230087907,0.030581385687840655
-0.03675155588021471,-0.1434802873916085,0.02151992026299638,0.07541190178749849
-0.06646300768103777,-0.1415132918732098,0.06446174328126239,0.1041361898664987
-0.08645563101165363,-0.11207488351096609,0.08510650372228108,0.10912825366202512
-0.09537005213416053,-0.06435179204011615,0.07970713480138109,0.08928306793832205
-0.0940405862224289,-0.012781787547795818,0.052779161708351306,0.05075068749751644
-0.08471658732281398,0.027474848668769182,0.015181094254230707,0.005435999037263366
-0.07022479252281157,0.04522399010182378,-0.01978299527333129,-0.03241387088339548
-0.05335683344691769,0.036550135986131854,-0.040836272814084584,-0.05055346095486968
-0.036581236925193515,0.005708687764430301,-0.042247663784880506,-0.04265951225315267
-0.021990695276507218,-0.03661094209688316,-0.02526883677236328,-0.010534738700107637
-0.011291820776464151,-0.07697910208601558,0.0028679181500866416,0.036196222509109685
-0.00566873761021492,-0.1035815124052509,0.031895355134249216,0.082895000678303
-0.005482804627362163,-0.10978233991375397,0.052268771774510996,0.11439019814501677
-0.009935028987473615,-0.09578025103821267,0.058394657383940375,0.11972074603585552
-0.016924124770820673,-0.06794226192692568,0.05025769680525846,0.09561063750120086
-0.023316055267851507,-0.0362001747496157,0.03299730514469593,0.04753420285913494
-0.0256927071728438,-0.010514279725979028,0.014725088159870024,-0.011988208942464423
-0.021425458296405832,0.002353452903935835,0.003463866447486655,-0.06731328489946234
-0.00972342977561045,0.0007157233972201545,0.004329464427153162,-0.10453400135067384
0.0077653369868222796,-0.01201579748418528,0.017907012457919074,-0.1156910673796401
0.027116864874880166,-0.02899427479021935,0.040283045376289406,-0.10098442535746101
0.04311715003238482,-0.04257412177270722,0.06458121948198306,-0.06831609615415167
0.050811230137985455,-0.04694762560197558,0.08334141061966516,-0.030392548651473908
0.04710618079584321,-0.03990860912748173,0.09085298539402734,-0.00041533990823860306
0.03185022191972026,-0.02325562684550641,0.08466227504070571,0.012178625903694899
0.007967205303781786,-0.00185548176393429,0.06585240078694166,0.004539398060542498
-0.019437999713484914,0.018171171702063914,0.03817749712347432,-0.019060904918856897
-0.04469716332422376,0.03145134748268858,0.006533681642675041,-0.049029532571217185
-0.06332462040448952,0.03489231090258379,-0.024576692272556544,-0.07386425617534692
-0.07323382332430783,0.02833860618570858,-0.05202775009380331,-0.0839612259483256
-0.07496785768342916,0.014291845044438516,-0.07424455708491688,-0.07456148678862146
-0.07088277531287984,-0.003063746062509122,-0.09068677618711331,-0.04696150077480516
-0.0636583692430252,-0.01912161345685548,-0.10104327529059802,-0.0077610163137279186
-0.05480690398896325,-0.029994741515108884,-0.10462473693217497,0.03341298973110961
-0.04387391135776072,-0.033269658989103335,-0.10030444649256574,0.0668199878590234
-0.028750021683646657,-0.02828805906455694,-0.08706773780198815,0.08517828342186368
-0.0070362636009947965,-0.01602477452768757,-0.0649180727566136,0.08517439650732064
0.02208397705885819,0.0012956627489683,-0.03568822756241137,0.06765956661440978
0.05630742648948342,0.02070803708822433,-0.003304725310133271,0.03676691100562623
0.08980652002437897,0.039053441644679845,0.02674502001174635,-0.0015085418446679766
0.11436544989744277,0.05351758065093472,0.0486714099987427,-0.040686993664308606
0.12185521485981954,0.06211629995384002,0.057984136556243265,-0.07476531110349224
0.10725223829285987,0.06405233619222578,0.05288002642570881,-0.09871305058314059
0.0710714518364338,0.05983562651428115,0.03489974443013766,-0.1087236965822277
0.020171675183147768,0.051071880731496225,0.008577392629160081,-0.10252727474868134
-0.033597189256584184,0.039904644657134766,-0.019838004374443614,-0.07993550959848422
-0.07666421308814647,0.028229605722199676,-0.04417592918374748,-0.043511345224497414
-0.09793332664823248,0.016932262649119543,-0.06005307187627077,0.0010156403092540789
-0.09247748089256584,0.005460432082878552,-0.0659299616244875,0.04506747799963759
-0.0633736894620463,-0.00802120166416509,-0.06318722775682743,0.07859058427204385
-0.020907015132516908,-0.025839128740983576,-0.05524895433429145,0.09241330304581923
0.02071623070538424,-0.04958743794495419,-0.04611979698503837,0.08104051668131941
0.04809172817557885,-0.0789058995452756,-0.03889935966158238,0.04498025577628725
0.05315037497477494,-0.11077945320960379,-0.034820780961670135,-0.008354568533753926
0.035877093637211796,-0.13976097746718125,-0.03314041966672929,-0.06579382169307381
0.00419344410095082,-0.15921289566558774,-0.0318679547187031,-0.11158861212321637
-0.02901349270790254,-0.16326799673819992,-0.029000007017915438,-0.13185960523965004
-0.050686396911082274,-0.14887735818891423,-0.023728492016800145,-0.11898981594386607
-0.052486958617087194,-0.11718880612759533,-0.017108459507902542,-0.07448824547868235
-0.033968636661522916,-0.07365996204539853,-0.011882637640411236,-0.00922004931403969
-0.002813443807742122,-0.026724383699245017,-0.011490462155367127,0.0593004478605322
0.0280237210837573,0.014640496631574487,-0.01861378813628973,0.11188103867244723
0.045267240708772465,0.04364803398167577,-0.03380841565187452,0.13340150557317287
0.04055957878860862,0.057765048156743104,-0.054766106826983116,0.11750887359541391
0.014015378168244767,0.05931100118074363,-0.0765458600215501,0.0686923255478363
-0.025310612471845323,0.05430531502343741,-0.09277869140283496,0.0009893958463225647
-0.06233420919338094,0.049925486984407366,-0.09750560589171314,-0.0663229631615162
-0.0812735791795611,0.05149377053077172,-0.08707504505165753,-0.11468828399911696
-0.07151464317523587,0.06014571950850402,-0.061484874523512964,-0.131952267141896
-0.0318652515453917,0.07213621838071049,-0.024718211868106174,-0.11592153726759873
0.028420242519583586,0.08015634223121385,0.01606511746732956,-0.07466648636656896
0.09233078413081824,0.07626961481100156,0.05226478851584436,-0.023530611226806542
0.14065104253878993,0.055414803674979314,0.07600633306049798,0.020091750600389386
0.15847115816890267,0.018127179368157983,0.08212086791869903,0.042424263954584526
0.140367104974431,-0.02866257019421921,0.0693942358897478,0.0375379260325193
0.09240342800185034,-0.07323295734636098,0.04077330215528773,0.008799876990551746
0.030217802161827463,-0.10267592375453251,0.0025260652532170663,-0.032811753254683586
-0.02617227482307327,-0.10731126829602441,-0.03736129017968076,-0.07280575567784017
-0.05904372914013706,-0.0843392997588038,-0.07108684522251198,-0.09818282524222119
-0.05881057187653959,-0.039344787378032584,-0.09273892095488176,-0.10161128409579279
-0.02703123641818251,0.015024558203685916,-0.09941648919979802,-0.0834189388845196
0.02440662466396239,0.06288834735487295,-0.09157092514861509,-0.05087909300935643
0.0775593747187976,0.09023609044854547,-0.07259134738857181,-0.015236278230963074
0.11459729683710457,0.08956185160887192,-0.047826941668919196,0.012330881175668707
0.1236946703702658,0.06240126118108537,-0.02332905910902145,0.024332683940335623
0.10263796387508803,0.018842843699253042,-0.004599330844235527,0.018965824529166432
0.05902995516511797,-0.02586312489613101,0.004429204523400086,-4.494134864946146e-05
0.007212990179599758,-0.05644906359741903,0.002037274052729035,-0.025469498350521227
-0.036819312779348634,-0.06274991905209452,-0.011067701279762913,-0.04951756657961695
-0.060620349164596396,-0.04302060762576408,-0.03196701958698756,-0.06651592531133797
-0.058789719026799206,-0.004307015438800448,-0.05612589190941969,-0.07434715994260234
-0.03371480635208986,0.04023190318157205,-0.07828105989908235,-0.07425345222951513
0.006406961639590866,0.07607829168508308,-0.0934904830533437,-0.06929347801329039
0.05121607887206135,0.09249072371207882,-0.09816929926837636,-0.06226214061406214
0.09191944254183232,0.086212561024175,-0.09090457614133582,-0.054045087543499695
0.1236283929493137,0.06247597826452449,-0.07284759398863579,-0.0431359805361067
0.1455383385157349,0.03300030328008546,-0.04754569477275214,-0.026509716008120503
0.15916429914144345,0.011748018249187989,-0.020196894285491457,-0.0014457445101138527
0.16569754506473777,0.009972785223512887,0.0035350413083579738,0.03252267741082388
0.16391589830905454,0.032302533087939206,0.01886543984693433,0.07242855985829608
0.14981183815128768,0.07518726855586703,0.023037099738883425,0.11205528498029788
0.11830737857299892,0.12817174200273834,0.015942694613617518,0.14353124692565894
0.06643142448989697,0.17745244724682868,2.843222583587962e-05,0.15980618134954536
-0.0034375450670478327,0.2104079068036414,-0.02050112982928099,0.15710653266963598
-0.08187229433130125,0.21951577305408826,-0.0409351006977248,0.1364421620551149
-0.15337731157008644,0.20436593700262135,-0.057369148016938175,0.1035701450936427
-0.20017939736781373,0.17121252028334275,-0.06765769909453774,0.06738406712563251
-0.20779553744591514,0.1303947431838436,-0.07170459398544633,0.03727309847005107
-0.17048408584335698,0.0926718473746986,-0.07102333383789422,0.020366100353464034
-0.09449248492936918,0.06581510331928937,-0.06776212747580079,0.019605340083583472
0.0023841810397459487,0.05260044837399016,-0.06358834316549625,0.03327708250227272
0.09519917134192238,0.05075390447580658,-0.05888326681489607,0.05608789599333398
0.159051480454167,0.05465983248789433,-0.0525825632293177,0.08132115547300603
0.17683302925863784,0.058029191359006096,-0.04274620552209212,0.10324321002561875
0.14491987094792597,0.056454184139435835,-0.027644561689817236,0.11888124368827563
0.07476015690449117,0.04891876480775048,-0.006919018795951292,0.12857076514724922
-0.010376039609586852,0.03780547771372826,0.017689235541772715,0.13515554133433855
-0.0825922719195771,0.027537802976357946,0.04241299446286372,0.14222946238601233
-0.11823732491709169,0.02249240407374958,0.062409627762573514,0.15215094352695527
-0.10555072414976147,0.025033954703379848,0.07331149410321083,0.16461797084476815
-0.04853072154903085,0.03441085156266656,0.07282869457115698,0.17635731950541028
0.03429565798801325,0.04687576609897931,0.06178087530920889,0.18205347002292493
0.11582412584366858,0.05692272386906856,0.04409937772940139,0.17618506290999192
0.16908918511934617,0.05914420437719023,0.02570050124790073,0.1551146177376332
0.1758681564612028,0.050038990652335844,0.01255916889427262,0.11869741002934203
0.13235383240081777,0.029180882468371958,0.008647127226605851,0.07085161707217967
0.050086214747376456,-0.0005708203157324984,0.01450241206791906,0.018887120119668154
-0.04805821866873344,-0.03379873254646969,0.0270090219625848,-0.028208003305741514
-0.13537311147318626,-0.06389358803057582,0.040538745542547806,-0.062012542803862196
-0.18975418212989353,-0.08462678545596371,0.04908966213046533,-0.07680797516535734
-0.20025992934788295,-0.09152319065675804,0.04864350070384798,-0.07103641309717872
-0.1697315908615762,-0.08276482717289098,0.038826105837211626,-0.047738188725154146
-0.11280726108334269,-0.05952318155198752,0.023166590251783546,-0.013916689384986122
-0.05024332368978788,-0.025746116106881434,0.007755319590022399,0.020961427321516984
-0.0016591149008183485,0.012513638023394908,-0.0012763854883596423,0.04695588757434727
0.020753648647910152,0.048129898046692744,-0.0005259452513459335,0.055704334780991904
0.01548406154175034,0.0741890497054058,0.008771714197094767,0.0421479072859546
-0.008990686492011818,0.08538459168397286,0.020565802211162755,0.005637208494291748
-0.03832892418677582,0.0792950631661467,0.025806857432985962,-0.049762227645396874
-0.058191441688947784,0.05724141682933577,0.015761547266076717,-0.11583132329049986
-0.05964468559910813,0.024405786242483143,-0.014312028411775854,-0.18157376137598236
-0.04218173860803211,-0.011000785969731367,-0.06252319319514886,-0.23522554072827784
-0.013401278886352518,-0.039499492224275574,-0.11988075736214898,-0.26657878569599835
0.014357839726093698,-0.05270317384721117,-0.17242303795661051,-0.2691822290571608
0.029035825783809237,-0.04566950451882494,-0.20543131201252318,-0.24192648149235474
0.023592198692770714,-0.018526012025763924,-0.20838508443195042,-0.18957889795106733
-0.001284002893904422,0.02323365139268777,-0.1789228145004777,-0.12202304221799773
-0.037433355790949766,0.07002379674153472,-0.12429033911754891,-0.05225902621899288
-0.07226998182881916,0.11075412223976296,-0.059555173667154626,0.006438391436265749
-0.09340897556914177,0.1360034836049245,-0.002984218806046539,0.04353114100001178
-0.09313206513118645,0.14079078492391006,0.029965869283084978,0.05361623657081009
-0.07105692685117686,0.12601842847760875,0.03200314753728898,0.03754514769485388
-0.03407943608202234,0.09806124758662049,0.00676787664103122,0.0019286202279076778
0.006319358709636139,0.06658428215970472,-0.032103511149832016,-0.042851321046554106
0.03834995202107553,0.04128701478022097,-0.06547243460528021,-0.08555626132323968
0.05417293074256495,0.02866573969176972,-0.07533048861449834,-0.11708239089232907
0.052584756640724775,0.02990552645964893,-0.05132469626974941,-0.1326522860426933
0.039187148240742806,0.040636985642927434,0.005128383110214404,-0.13258509227356827
0.024034499228351172,0.052645358725202054,0.0806819542194297,-0.12147636166265537
0.017671053819039696,0.05692963387605322,0.1540537342902959,-0.10612589235606665
0.027035547672546532,0.04702807367299059,0.20292027074317542,-0.09294433650462192
0.05273093018315604,0.021431834759415104,0.21139848635648048,-0.08571626875777534
0.0886373800179788,-0.01576248614975652,0.17553739765254606,-0.08445120761450386
0.12398788911366834,-0.05617692008655458,0.10488530283714617,-0.08566706620515299
0.14714264805350175,-0.08996259180609105,0.0195377998696279,-0.08395645947026062
0.1497062492755099,-0.1090867659629374,-0.05635625939522944,-0.07425350940451073
0.1295326827874143,-0.10994033824819427,-0.10240922663019028,-0.05399167863651044
0.09157880613512565,-0.09438279337494995,-0.1084405589344177,-0.024393302559259977
0.046336622991365,-0.06892392041311925,-0.07735030495006054,0.009564820327001289
0.006418207532735601,-0.04241034418953004,-0.02348598173710859,0.04051606425522965
-0.01751200408284119,-0.02309187913980569,0.03283129852543371,0.06096267569749015
-0.020072683156105102,-0.016108525158293238,0.07260267184857915,0.06570120866483165
-0.0026748807194218347,-0.02221926815152937,0.084635019196063,0.053636280983890755
0.02723543883115506,-0.038091456838265064,0.06892176747035969,0.02840045865222732
0.05886510337656735,-0.05788891900737879,0.03580452893438697,-0.0024300118531989934
0.08172525521385748,-0.07546104659377817,0.0013676245658315609,-0.029308510379484187
0.08900470881865355,-0.0862975832150672,-0.01910040624281039,-0.04331706408914646
0.07957727734821521,-0.08860273331755243,-0.01706016141822824,-0.03865502264011067
0.0580634340078327,-0.08325542753711097,0.006163340239184013,-0.014323555343608511
0.033037193396263674,-0.07287637087641052,0.04024560131004939,0.025455480322522234
0.014066757205967444,-0.06053076098409492,0.07031440860837727,0.07220011746147544
0.008607362096773055,-0.04864660981358119,0.08321554045993645,0.11525781843060545
0.01973644889940558,-0.03852761443708978,0.07311901043105948,0.14448609071044763
0.04537236207798766,-0.030499890574979205,0.0442383124401513,0.152842029804815
0.07909138289869364,-0.024420500519749616,0.009537399696907659,0.13822474692728992
0.1121449264179617,-0.020136729439361185,-0.014156335848495894,0.10409856144980699
0.13594809653549916,-0.017575526396439792,-0.012814843955245452,0.058721121562886835
0.14425292925980077,-0.01640790036775169,0.01889260774930681,0.013141910271889799
0.1344224787512031,-0.015533416088946308,0.0747705843290554,-0.021553769548337286
0.1075851486212024,-0.012805319125157989,0.138527223173605,-0.037074895765886164
0.06782830356808982,-0.00536312465429923,0.18907108477894125,-0.03010203927263781
0.020854298840441234,0.009339091459534314,0.20782759348962027,-0.003220389452472435
-0.0274031020578211,0.03210686602227999,0.1854436633926413,0.035684987663719324
-0.07181379114674014,0.06079161875766243,0.12543464581064498,0.07546830837422544
-0.10857223319619716,0.08996722523731362,0.04341765458731771,0.10469671636991869
-0.13526951593914976,0.11192715561614253,-0.03783346902780345,0.11477386836473498
-0.15072858824202723,0.11893191572870242,-0.09577325119204,0.10234882137790977
-0.15483169698034685,0.10607038397722278,-0.11531078639776893,0.07031138086497565
-0.1484706893367173,0.07370697229332825,-0.09337130792033563,0.0270563667618456
-0.13359994204846337,0.02846358178098886,-0.03928829472968841,-0.015805356408991736
-0.11324844298854692,-0.017908362576511745,0.02895327929073105,-0.04664860670643555
-0.09131386120221588,-0.05168667121302743,0.09112446041566905,-0.05702547125346573
-0.07203476861836049,-0.06150134584307225,0.13142718881569376,-0.0439195845538731
-0.05918453599447529,-0.042408967292956117,0.14307165322600332,-0.010420754209407005
-0.05518401985445996,0.0017618603454411953,0.1292793072137436,0.035334085422709195
-0.06041748954864326,0.05879363034581951,0.10063170308054331,0.08257334194122615
-0.07301180481788719,0.11129927106362991,0.07004789696584601,0.12087342932904716
-0.08920415590252384,0.14188643579556498,0.04748640320078995,0.1427912593210302
-0.10422743347420947,0.1386334947918709,0.03644126857695665,0.14539717731063329
-0.11346079748914428,0.0990463516256267,0.03347675415880559,0.1303708975421145
-0.11349886923465245,0.031110182877081536,0.03077021212617529,0.10282249183601228
-0.10282506656679147,-0.04899788389574962,0.020422554053095163,0.06940448567700713
-0.08192165501573928,-0.12183706135633844,-0.0013738220247666005,0.03644605322134456
-0.05285360001270448,-0.1706632884800667,-0.03209708169992506,0.0087173282214308
-0.018544478945848535,-0.18645215180321079,-0.06352831236889538,-0.010914159548962115
0.017950857506745917,-0.17033760827611472,-0.08497821987951727,-0.021089219614962837
0.05391324392759014,-0.13271298845314503,-0.08774430791698837,-0.021286992522411417
0.08705093541421108,-0.089385217184802,-0.06891546083791389,-0.011409404315353387
0.11529298009974866,-0.05616115669998059,-0.03289802171114551,0.008048764331016908
0.1365119627306165,-0.04373020865377134,0.010035184112506638,0.035288753807501065
0.14844575801915483,-0.05453111162079759,0.04765002088758232,0.06637892537520328
0.14899743804692434,-0.08253678329070713,0.07056678408599615,0.09492820734827395
0.13690250256034622,-0.11584842317364819,0.07603777191661544,0.1127814536488797
0.11254129168414191,-0.14104170950624983,0.06911760954699009,0.11186803291729797
0.07853496721290475,-0.14768584246291488,0.060676766497675005,0.08680004385534722
0.039766154916676996,-0.1315210805151813,0.06296602539990626,0.03735772846459978
0.0026271438792575003,-0.09536976211706495,0.08443495613093277,-0.03016681518848788
-0.02642785734847881,-0.04771846002476941,0.1258416999461348,-0.10355382829812912
-0.04266177680548454,0.0002901580282032323,0.17922530887548818,-0.16734431274960893
-0.04461014773378949,0.038265139462111034,0.23022224772615463,-0.20703129557672303
-0.03485034433142832,0.05921361702123437,0.26291928154742855,-0.2134977566301772
-0.01961903749835888,0.06071319805014678,0.26544993039538056,-0.18618631400679211
-0.007261553344750934,0.0445460786575958,0.23424655195819302,-0.1337678343258799
-0.005885459194554046,0.01530080110757387,0.1753699621275751,-0.07184668838279767
-0.02088425425712554,-0.021279858442848645,0.10245276586259947,-0.018254016875167
-0.053087217440515505,-0.05952680863322181,0.032074707883534774,0.012621431724868171
-0.09813645305937763,-0.09435312381449948,-0.02166146136077217,0.01457479269039387
-0.14733407591970465,-0.12120585351904947,-0.05133276390549965,-0.008279788230350157
-0.1897549038175011,-0.13593047896979835,-0.05769046600888787,-0.04283227710854762
-0.21502975604306332,-0.13502855269992492,-0.04805723980086767,-0.07143468697695612
-0.21600061357497607,-0.11650700246417248,-0.03245752915058662,-0.0780559511607356
-0.19049788444955174,-0.08108748426127144,-0.019167328568707807,-0.05404833133501699
-0.14177250900158514,-0.03318734774703097,-0.011526836735539454,-0.001511068946095144
-0.07753394518198936,0.01900439820202691,-0.007267100856741329,0.06697485891915482
-0.007958166035718296,0.06477515337171776,-0.0005109183315407349,0.13222464041008736
0.05669681279753297,0.09335932252726309,0.014530243442702134,0.17466219959924884
0.10817805394252655,0.09696040709814083,0.039859756060606835,0.18075971628874943
0.1415081709642485,0.07329147530510308,0.07169858222431275,0.14750136237420203
0.1552381035322271,0.026633073814571744,0.10116967804685403,0.08334897793239221
0.15082553558356854,-0.03313628750530229,0.11750323277410232,0.005404030005170992
0.13153091638759523,-0.09335363811159761,0.11250172137533851,-0.06622112231709473
0.10129807129624688,-0.14232523538588532,0.0844043848533344,-0.11485986390954704
0.06398031415318035,-0.17270224251448732,0.03945153527455607,-0.1323677903685821
0.023047304101891448,-0.1832431017371568,-0.009677307883838228,-0.12114796094520364
-0.018334383147130023,-0.17830561430961406,-0.04813020168962437,-0.09256656587238944
-0.057110912105123465,-0.16527981319244597,-0.06431063057012254,-0.062476677503606096
-0.09031630258591913,-0.15099467504881334,-0.05438322219495799,-0.04554374841675188
-0.11535829759678054,-0.13857237709925901,-0.024051480378594742,-0.050399647695666336
-0.13055465756048537,-0.12606574216059374,0.013193700526556135,-0.07724441461295825
-0.1356765533968043,-0.10752535388967355,0.04080612209898018,-0.11854432359695435
-0.13218465764707038,-0.07615493307391069,0.04518008993353133,-0.16232142716450965
-0.12292631684317981,-0.02831263230144285,0.020670459723142038,-0.19662804674979886
-0.11127395353027207,0.033328356107551305,-0.02826350093247675,-0.21347358828621893
-0.09994166603275384,0.09892961403100216,-0.08861110837404178,-0.21081462361140504
-0.08990838814464173,0.1535895762462125,-0.14347445344807644,-0.19206818448421556
-0.0799098029957547,0.1818968682648356,-0.1780718246641782,-0.16361146137691074
-0.06680336951387415,0.1734114391654131,-0.18480659766708607,-0.13149182645428617
-0.04680360471601639,0.12705674598672673,-0.16550873491074403,-0.09880232281791199
-0.017235606198056315,0.05266292185718709,-0.13007149027446216,-0.06481082111838724
0.021801588425596586,-0.03115316190770947,-0.09211775975324626,-0.026136034929673407
0.06652284869474381,-0.1022785772842217,-0.06348234636483592,0.020624489791715384
0.1097637575354257,-0.14188577109363573,-0.049733279453784016,0.0760276719691475
0.14258296189351566,-0.1404066113817326,-0.0485047407421368,0.13599595052143254
0.15677434118874226,-0.10060171289735773,-0.05125604783235263,0.19197785194621445
0.14753331261752642,-0.03659626639797548,-0.04766835258894363,0.2331258973100716
0.11538618856568182,0.03084865243728176,-0.03080629584408086,0.24972689299893336
0.06665804442103518,0.08123682792711605,-0.0008451214508230845,0.23659491319781645
0.012186646086171874,0.10105000787107021,0.03426644524821611,0.19512861265373133
-0.03544540486696007,0.087983441314512,0.06159107304806742,0.13323958818514087
-0.06537843691885742,0.051295150747574444,0.06839163206329024,0.06316910946027818
-0.0715849610425067,0.008230809641403294,0.047647175486116106,-0.0020001831622078617
-0.054624801389356756,-0.022151973567340798,0.001607527787170722,-0.05187476780758103
-0.02144687065907113,-0.025571136322099532,-0.05818796235115291,-0.08110792204606303
0.016751733717007843,0.0027390344970860334,-0.11462638292224593,-0.08988555416430219
0.04797201408884253,0.05666428564974137,-0.15116889191247518,-0.08260104769633136
0.0630926963952901,0.12151730398063598,-0.15809656073531286,-0.06546703826613948
0.058617910506097826,0.17902648218518044,-0.13638647222310663,-0.044148938288443906
0.03761439408054878,0.2131542198191419,-0.09759086718461708,-0.02236797443433917
0.008538463164726721,0.21473722705589404,-0.059603851017301784,-0.0018891895183441596
-0.01766326391570596,0.18351030292739806,-0.03980689250574916,0.0163726570348091
-0.031231528052613682,0.12711541621737502,-0.048159008363795316,0.030923491161960897
-0.02684635174001828,0.05779541685287244,-0.08290641244320346,0.038867747091700086
-0.005387870735059277,-0.011784781736863714,-0.13066219436055443,0.03630895028646927
0.026368522398061787,-0.07200883558877269,-0.1709814704734568,0.019958618585277595
0.05801484415786198,-0.11796240166675714,-0.18384152142377239,-0.010721920228490925
0.07897388073293976,-0.14900950622863798,-0.1572865812814131,-0.051907539536695094
0.08200544685622535,-0.16689378361482204,-0.09236440394965686,-0.09529645281510947
0.06557979828608126,-0.1734944421966066,-0.0034356421366344963,-0.12991468507534254
0.03431543674569244,-0.16936995116449285,0.0863671194091154,-0.14543887288715396
-0.002678616713477096,-0.15373496722008834,0.15294762066372733,-0.13590430835828254
-0.035014271039046085,-0.12577341203263115,0.17950245798481834,-0.10234048541388785
-0.054718821897291985,-0.08652512437284413,0.16221252906499334,-0.05313788516559498
-0.05916200174049621,-0.04028351734202029,0.11128486695930526,-0.001738599283118888
-0.05219763403400719,0.005367093132724741,0.0469709091301295,0.037724358578311974
-0.043074774299416224,0.04114927409994473,-0.007957720346138546,0.055343577708145436
-0.04340301842621189,0.058856598731732886,-0.03648878980382822,0.04907167364221185
-0.0631072095800136,0.05424554338734585,-0.033348605390022594,0.025597493186623573
-0.10666564614418533,0.028869457086270978,-0.00649317942169652,-0.0020424043470908477
-0.17087322650115264,-0.009982176701398948,0.02639717980491086,-0.019391342053356818
-0.24491852302327605,-0.0513636395519312,0.04506732315449652,-0.016288015739129594
-0.312851637573189,-0.0841052813734249,0.03477897590273779,0.008787153167736527
-0.35777172995149387,-0.10038154088711129,-0.007694869974446742,0.047486729928892336
-0.36651561918556863,-0.09811470759927748,-0.07241922440330872,0.08414353609196584
-0.3334552408277047,-0.08133679291575946,-0.13961421856734083,0.10133673394062934
-0.26226742730037256,-0.058396708023457526,-0.18672077365598277,0.08653775979783175
-0.16514458355199677,-0.03870785208008452,-0.19661453514977673,0.037393182538755336
-0.05968002198995074,-0.02926682091360959,-0.1639545922426635,-0.03640316273740708
0.035651216730797256,-0.03223168978136452,-0.09734975696637625,-0.11551860114875509
0.1060976433555962,-0.044413037215621703,-0.016561731512416633,-0.17699674762573825
0.14401406823348373,-0.058781301498826995,0.054232667237008855,-0.20186212107271698
0.15011864563458907,-0.06732883578375792,0.09469084365271657,-0.1816588099696439
0.13238659372671668,-0.06414196347031688,0.09512897751888019,-0.1215862797274025
0.10305444895306326,-0.04751618607723705,0.05954422165995312,-0.039069923094814614
0.07474327901778831,-0.020377914090239,0.00385515232476527,0.04178588133517813
0.05690696925763316,0.011028850032841844,-0.04990657184664461,0.09795472285972834
0.053625307751677544,0.0395589663933676,-0.08131797905334756,0.11477254093053103
0.06326882409831897,0.05966917064441335,-0.07846470256796217,0.09025900370215686
0.07993673112258866,0.06903583092697597,-0.04167253282985224,0.03507018421687834
0.09602023797847545,0.06875053205665754,0.017075321544523115,-0.031749571432301754
0.10494561191949889,0.06218387988411281,0.07863051888171561,-0.08956724232358809
0.10318750210138503,0.053157559485901756,0.12334338638138605,-0.12301407368587086
0.090979588229567,0.044308268669081885,0.13750719717422594,-0.12647637215651117
0.07165227729594334,0.036372479878682085,0.11741465128343617,-0.10477087866713794
0.05001102830230079,0.028648066888984684,0.06982743833002208,-0.07001493352789809
0.030464864520087172,0.020313196600681843,0.00898496362000833,-0.03610850302259551
0.015628779757579443,0.01186219362351923,-0.04853558574627723,-0.013070551419214175
0.0058684094933710365,0.005841523769168019,-0.08916264852114184,-0.0034217868078234223
-0.00015856846972822115,0.006375952218815499,-0.10603901831456995,-0.0019225576169348557
-0.004316374136169019,0.017536831203379663,-0.10001073512579597,0.00138331512509653
-0.007753885491571329,0.0411782016289161,-0.07788737047016978,0.016169500434244668
-0.010195974045654943,0.0751964590877591,-0.048947177920268856,0.04696971616406591
-0.01008581919016271,0.11309692305330614,-0.02119626745446456,0.09047235362353998
-0.00550782362330024,0.14528374028371177,0.0011814932078768048,0.13610593739773083
0.004544511560722039,0.16180436681947058,0.0183518646999431,0.16974478457641232
0.019175088995429232,0.15565203991545398,0.033371285397244994,0.17912763157368974
0.03540380575695652,0.12542258237984097,0.04956212946862519,0.15889385898591601
0.04901002985997203,0.07627770161459468,0.0679510627115561,0.11326191030193117
0.056168487193492767,0.01874483994474987,0.08590172554495298,0.05525052377789477
0.05525853615555047,-0.03432846537735622,0.09753835370617774,0.002636512532034136
0.048066429874607824,-0.07165184808483985,0.09581440307679354,-0.02793930344241988
0.039750586120571654,-0.0868562590487471,0.07542257293788054,-0.026620184515015494
0.037369475027224805,-0.08016946953118016,0.0354131184134953,0.0062682251425291505
0.04733357453790856,-0.057838678290231836,-0.01950704812597505,0.06024744619811015
0.07262551219911645,-0.02955915186789959,-0.07954074991544385,0.11808467506055922
0.1108379930758869,-0.004889957981066569,-0.13211436906949672,0.16131823424989786
0.1539005005635501,0.010014776889804667,-0.16521939954531598,0.17596974851072025
0.18983503290405485,0.014186014574603494,-0.17072972325432106,0.1565263777922034
0.20616708553767898,0.011549843516989153,-0.14667659275220163,0.10698228332367837
0.19397219290893805,0.008780480699640722,-0.09782632093012421,0.03882621048468596
0.15120606103820763,0.012199950042633549,-0.03445197946674035,-0.03307060834392124
0.08409504703176408,0.02495448600263333,0.030272696276389986,-0.09506469676406719
0.005941677477732551,0.04554609709729768,0.0834700487379697,-0.13823146612379253
-0.06644968357368859,0.068241837372372,0.11546819647247053,-0.15969813290653082
-0.1176859063041758,0.0851503926057808,0.1217166312603755,-0.16169129128307191
-0.13847308042158196,0.08913315319648546,0.10334450644441777,-0.14904645836522373
-0.1285092471304025,0.07643865919051013,0.06638879777825216,-0.12642996552767471
-0.09655079626186065,0.04810548629565048,0.020038953035596357,-0.09648616926358927
-0.05754212829889671,0.009686638258069057,-0.025579579145194292,-0.05959816291867309
-0.027693796973868097,-0.030507213451625822,-0.06154352266410503,-0.01518105163004068
-0.019119069655030567,-0.0639246531946985,-0.08176117692232575,0.03625885459035878
-0.03582953751351918,-0.08412059697920868,-0.08384036773588029,0.09138967206304396
-0.07246336084423592,-0.08816585897367629,-0.0691322940001881,0.14357804011264008
-0.11620646589974624,-0.07678954795930346,-0.04205103365943722,0.18404780380916427
-0.1512742697205094,-0.05343808044549992,-0.008883945236170525,0.20433295254324638
-0.16442748056153658,-0.022807762811445392,0.02362795331389881,0.19910880950382104
-0.14961760701429389,0.010499162719867394,0.04964714717081564,0.16828602015725042
-0.11013863626106973,0.04274145727330701,0.06527706236373157,0.11750680425584378
-0.05751425745994333,0.07114249420004551,0.06910278092699462,0.05678554790035059
-0.007484962847161655,0.09359528941268999,0.06217277754907648,-0.0022582537557447532
0.025518300264873763,0.10840016102889707,0.04748675144022759,-0.04959871722164485
0.03347892409107131,0.11437515601188372,0.029163042344500824,-0.07931324214123095
0.017668213434145968,0.11138590946128588,0.011516664653043572,-0.090570445008908
-0.011758130528405665,0.10100254348738832,-0.0017333627262684599,-0.08686223013951976
-0.03934507782468654,0.0867913356841987,-0.007986147516263717,-0.07391355872665356
-0.04988749012590697,0.07381242424445965,-0.005981278696101206,-0.05717792674126344
-0.03401844750914276,0.06722205390529054,0.004207279089696931,-0.039928368254466426
0.008128989948808061,0.07033653058656608,0.021287693303130795,-0.02265484713958584
0.06650535615638359,0.08289279962105603,0.04288481701763532,-0.0039092525943151945
0.12417882735287364,0.10033798111661152,0.0656823045847802,0.0178683256495633
0.1628303821556343,0.11470485475835732,0.0856531050581062,0.04241234286245807
0.16886135933624835,0.11704992967334457,0.09850261300863361,0.06649877862011029
0.1380406501879352,0.10075935510645284,0.10040442335762603,0.08420597687309776
0.07710881568382884,0.06454614357557396,0.08897706317896437,0.08859572724054665
0.0017904412728247162,0.0139017993489877,0.06427911271191805,0.07426151812421405
-0.06811499653134459,-0.039794755223571815,0.029469735780338468,0.0398175652667373
-0.11491123464231985,-0.08249023516169658,-0.009229182005466106,-0.010626373407500764
-0.12839085081362656,-0.10206594073030983,-0.043484246616588826,-0.06763733536847664
-0.10866599331474941,-0.09277741134291483,-0.06464638109675726,-0.11836204542785866
-0.06557641737528405,-0.057865041325287705,-0.06599420545863702,-0.14966697404536766
-0.014979934935826469,-0.00921060028764147,-0.044782014368434944,-0.15161783814699636
0.026727255893301965,0.03607824007946387,-0.003400812182384888,-0.12029612480663876
0.04795734165294241,0.061146262469445635,0.05083812691228312,-0.059160327170399
0.045353245019225795,0.05509833106253627,0.10737791644700412,0.021407119923784086
0.024218182740722766,0.016912090587792486,0.1551402330392208,0.10622434681043899
-0.004048031905490763,-0.04391809449625053,0.1854968565325189,0.1785487467994714
-0.026474057665109182,-0.11035827592585788,0.1945459110916859,0.22364956603432712
-0.033332736002774865,-0.16348692692047323,0.1839368718710151,0.23192823430036053
-0.021541967523061173,-0.188877360972151,0.1599575219123624,0.20096759304224054
0.00449223652372124,-0.1814500717898574,0.13119160718839054,0.136151084755654
0.03478985596615769,-0.14703921036443282,0.10556361540008405,0.049768434317626314
0.05768600088304382,-0.10007817560741887,0.08781358559424315,-0.04123064254041238
0.06423985927332612,-0.05821202315624805,0.0782939552435653,-0.11846968223917713
0.051570171632801046,-0.035775347262028606,0.07349544489774322,-0.1658325854033553
0.023951966598554635,-0.038510742590091115,0.06806250760170973,-0.17294210921363312
-0.008666102614412599,-0.061473160484097476,0.057491728865762516,-0.13770671260586567
-0.03414684183242365,-0.09091671248176894,0.040437177474475214,-0.06727427306942653
-0.04239019044460342,-0.1095081401045504,0.019685717792421727,0.023035842303795042
-0.028817698022316755,-0.10298679744476763,0.001369121539834664,0.11283907652736525
0.004061388219104083,-0.0658455529169999,-0.007337095441604826,0.18132022268828799
0.047477848406736564,-0.003943219880652519,-0.0011753115943926133,0.21238070316015822
0.08926249640300453,0.06694418208415849,0.02071298547439969,0.19897426197613452
0.1177030199282153,0.1261689190369633,0.05378259419506559,0.1453457717740292
0.12507846402452838,0.15510228431744771,0.08902199310226169,0.06633458341700607
0.10973719034589184,0.14346669904372028,0.11557765608091691,-0.016317559656102064
0.07614704335385006,0.09291627322423127,0.12417245582861647,-0.07981254374080707
0.033067663957237856,0.01665900347187224,0.11011414549774841,-0.10671613591273463
-0.00938862350263386,-0.06469295576239253,0.07482599405432122,-0.09006637956898347
-0.04273886176365822,-0.1295654519624998,0.02536493861131621,-0.03555941177108786
-0.062181991031948936,-0.16194261215565886,-0.02787898884247994,0.03997832196067383
-0.06717806924040262,-0.15581679550337857,-0.07446069987009549,0.11348930685186254
-0.06058981187404398,-0.1162310206484252,-0.10697046962565956,0.16252626364919573
-0.0469278636150036,-0.05681063103854649,-0.12288714996447053,0.17193488663546458
-0.030492325960929448,0.0051238332404101765,-0.12464423364778472,0.13827180241592002
-0.014127077882755551,0.054038946437354886,-0.11804049968749356,0.07054441199236627
0.0010424234266281389,0.08040722046996217,-0.10972322116777063,-0.01295748195766756
0.014975196696163394,0.08242944745318248,-0.10475657392845242,-0.09068216079019031
0.027650369270564086,0.06503644674493246,-0.10516476431593849,-0.1446809038857165
0.03818762221759245,0.03693607377137939,-0.10987760815249592,-0.16602761078827177
0.04463874660448056,0.007074644128412908,-0.11590830799961152,-0.1570012568664076
0.04459538806628821,-0.018096659841010908,-0.12010918413733432,-0.1293570635374685
0.036356298050083266,-0.03567771433784567,-0.12067517115739979,-0.09936926153332618
0.020109031995612325,-0.0456318297030701,-0.11775570257532983,-0.08145300994544999
-0.0014689955086727643,-0.049036023868252725,-0.11299465408469428,-0.08266826478160588
-0.023571476911294915,-0.046335549586833086,-0.10833395313523912,-0.10009355272692894
-0.04057459627100845,-0.036553516789293014,-0.1047570701515538,-0.12203600482446324
-0.04787542541247666,-0.017866515923682384,-0.10166159004974318,-0.13267010239046084
-0.04357516292332285,0.010755853571349717,-0.09722987153864909,-0.11845435370214587
-0.029332946584063404,0.04771746459742842,-0.08965853696100871,-0.07400427475022849
-0.009998763682431374,0.08780867122823174,-0.07864526536169798,-0.005245328304453787
0.00791118283230984,0.12279774629092238,-0.06633606740603576,0.07141110922945507
0.018381846341151635,0.14366613810437556,-0.057116435214707925,0.1337470022538209
0.017926397951187806,0.1438035091214905,-0.05612800600351229,0.16079088659410595
0.0067176715097479545,0.12196289041053224,-0.06700228066606535,0.13989833447826736
-0.011608449532721558,0.08372395271230229,-0.08975250892872616,0.071446467497717
-0.03140958677584582,0.040671121082126054,-0.11983295739855784,-0.030509256703094782
-0.04719806984961211,0.00730644083262146,-0.14899220308347566,-0.14193564524251373
-0.05566939465017368,-0.0034181183216867132,-0.16783795882957273,-0.2357498345181271
-0.056800496695435514,0.015519098773260683,-0.16927335819134176,-0.28976985417199175
-0.05357639849080508,0.06245208328947726,-0.15148270110132034,-0.2931437986373283
-0.05044524944595545,0.1269353564376075,-0.11917336905525647,-0.24921970601629345
-0.051120594804126424,0.19247263438881973,-0.08235894826506872,-0.17399141103839794
-0.05663915323496771,0.24125287616206215,-0.05290746171021403,-0.09069653015571234
-0.06451814170218131,0.2593800628313677,-0.04002166726568568,-0.022369412705953433
-0.06944820010351882,0.240902433405941,-0.04637652642531887,0.015235867703628145
-0.06535192859388557,0.18935123736398968,-0.06654780999674839,0.018125651358504715
-0.04806421967604725,0.11634358159857996,-0.08860327817342703,-0.005372692342110229
-0.017577762161017495,0.03778876683655839,-0.0985414529729736,-0.03799087189813159
0.021116299746561207,-0.03098226859659462,-0.08609032404388402,-0.05960174106654788
0.059086427053445106,-0.07953501213744996,-0.049686309820758584,-0.05395476042310092
0.08620704919181116,-0.10472251231858395,0.0014442706399884903,-0.013900848753463192
0.0947085248396495,-0.11048892344705179,0.04925717250844496,0.05647257619216196
0.0822624797997738,-0.10533494715986971,0.07262071746812929,0.14331413072785992
0.05340564579794156,-0.09847975570727413,0.055045031381520344,0.22743650324462597
0.018631997083870908,-0.09614824909145762,-0.008273162981455338,0.2901537820157946
-0.008706109813054867,-0.09929616914322945,-0.10676915024337941,0.31863592007284275
-0.016738214603326366,-0.1035202389906652,-0.21587763027803697,0.30916796476574626
0.0007995110349549978,-0.10109961871290168,-0.303454304676297,0.2674756706040524
0.042116343226441144,-0.08436348177697878,-0.33946243297113515,0.2062630072889095
0.09753360757960372,-0.049132829396090504,-0.3058674516945382,0.14096730933209087
0.1523201591513581,0.003016725322979902,-0.20342035946810677,0.08520499292267514
0.19131413709237888,0.06449659629522005,-0.05288909019857878,0.04733439036872821
0.20379431291140618,0.12357869698954654,0.10994987912898938,0.029060194597058102
0.1869375456270539,0.167802005599748,0.24420254135211417,0.026250382177646355
0.14665940232063399,0.1877999606153728,0.3156342189055169,0.031402721356749874
0.0955316259136109,0.18029693774340672,0.3066672858892421,0.03672672059964269
0.04849008067032627,0.14929096234144934,0.22147264885474288,0.03673232071410678
0.01782619864255231,0.10502021912152917,0.08459221526626876,0.02952713022265899
0.009210377464231256,0.06101184770143099,-0.06640918707756524,0.016576923667155186
0.020129139494901964,0.03011154980966589,-0.19189782059652113,0.001264525853357752
0.041255250210712927,0.020708631474575624,-0.26130775322413047,-0.013017543744481564
0.06021903816240057,0.03431167668083624,-0.26110988871283336,-0.024413587403040966
0.06638904797629913,0.06521828410754107,-0.19740004136601602,-0.03318941939091544
0.05491378165982384,0.10238532289529921,-0.09267351774688634,-0.04119235470751986
0.028554924056254358,0.1329354310340543,0.021836736169221965,-0.050497258970138015
-0.003344067003660546,0.14623078291223474,0.11563190102059281,-0.06187836059050658
-0.028358498963419593,0.1372578298381859,0.16727696217719734,-0.07381192139117322
-0.035652237041279525,0.10825686188068437,0.1692643938118207,-0.08249970284885746
-0.020092243119316552,0.06804874226967383,0.12837974588739692,-0.08299481390554964
0.015705219935508264,0.029211365621459116,0.06200872022885022,-0.07106684309745032
0.06214095564458801,0.003935044704048003,-0.00801740981299598,-0.04512981742074858
0.10591525512623484,-0.0001675424881392041,-0.06193214221762075,-0.007491917522420306
0.13460418364613191,0.017047707145464407,-0.08700879077592427,0.03560442800227112
0.14084147288348156,0.0476602318045145,-0.0798700254410727,0.07527367815260358
0.12458429442667449,0.07769895910544579,-0.0459726859456941,0.1022674365581096
0.09267625018414123,0.09126534860912694,0.003062733871539709,0.10954895353975659
0.055946387720686955,0.07556189957499782,0.05316217508254731,0.09434981438895018
0.025010594819310703,0.02526689039134274,0.09142620071045301,0.05905567803120458
0.006418955678798327,-0.05517752573896643,0.10887757701757084,0.010646062160516105
0.0006368758429089044,-0.15219981581208925,0.10197481788189985,-0.041122252572897276
0.0026166875327669776,-0.24659139280693837,0.07290897760486897,-0.08620803793863255
0.0046882424572078675,-0.3188658935242073,0.02889129029226871,-0.11668876184811718
0.000566606222018505,-0.35484785483245374,-0.019337131556061496,-0.12838299883073662
-0.01119537485129956,-0.34971622206248176,-0.059584605144113026,-0.12129919025007584
-0.02580143523140155,-0.3091728944586199,-0.08068072011487402,-0.09892512577062045
-0.03357001838751812,-0.2473120139576651,-0.07503008270603939,-0.06674127096740085
-0.023689295859648903,-0.1818472696889516,-0.040756809691471343,-0.030544587689444604
0.010979870459469143,-0.12825253772657952,0.017177652731920744,0.004852574792614992
0.06990127372157644,-0.09477180462912158,0.0874360721460813,0.036206001437556326
0.14331917765000923,-0.08000105200355767,0.15457111130027373,0.061686491561478526
0.21400070607095462,-0.07390096599059832,0.20277841944689545,0.08026441373419704
0.26191455142367986,-0.061936070991669756,0.2202390369385752,0.09105672447711621
0.2703978550935639,-0.030945641335673017,0.20277022890465735,0.09301786574364448
0.23175352587211626,0.025284958099882147,0.15552299035879688,0.08514784269898282
0.15033377384298685,0.10273296637448087,0.09195546031744242,0.06711347490183202
0.041974859677024315,0.18736874943182005,0.03015911468248448,0.03995441227788326
-0.07012887254967634,0.2589640571038502,-0.012458825092195046,0.006472402279267656
-0.16182082813705267,0.29730336901339904,-0.02447301349766744,-0.02898543827870538
-0.21460195974142182,0.2887743489421533,-0.003938909188358326,-0.061385750558828306
-0.22038557542848453,0.23114445060589356,0.04116167133862539,-0.08625946289074427
-0.18297248927274384,0.1349070073937652,0.095766076369287,-0.10089482222362968
-0.11597046320069102,0.02070708084741906,0.1429428993478571,-0.10500612040734802
-0.03806958231128708,-0.08635192043900342,0.16966627337355103,-0.10059120766607793
0.03260042661732496,-0.1637079558934008,0.17109646591675737,-0.09100347257640631
0.08313797356056525,-0.19744230147826106,0.15181219202929577,-0.07958493486385755
0.10817823063591984,-0.18563015476769468,0.12353734846132393,-0.06840215010308334
0.10942143637683657,-0.13803912426960607,0.10020627184849952,-0.05760691596539527
0.09299654174952085,-0.07248452044156703,0.09223100258790934,-0.04570508016416813
0.0659948985055871,-0.009193579696568765,0.10217440254256585,-0.030645665638118005
0.03365663227664538,0.0349403461502951,0.12354280750669847,-0.011285574178279242
-0.0017530981200764486,0.05046829508120154,0.14325230633822095,0.011408262077919281
-0.040169279888478446,0.0368225083372552,0.14691618702819323,0.03399612372522221
-0.08170260958258647,0.0010276876908122392,0.12497763387094561,0.051310925622318766
-0.12454695454671619,-0.045471939154327096,0.07730921977548208,0.05813534756301715
-0.16399482021665085,-0.09053964506697487,0.014394628752511532,0.0512245388756731
-0.19320548822947053,-0.12434916912772159,-0.045562432682043255,0.030884000663914214
-0.20554300824895932,-0.1408979815266479,-0.08273633481685047,0.0014115482775837913
-0.1975315008249467,-0.13798630414516833,-0.08287237334666903,-0.02990218767895852
-0.17109662057192776,-0.11623323217465191,-0.04296549570726814,-0.054981292654913694
-0.13395060444032353,-0.07796649678167283,0.026726696578477063,-0.0676567642646195
-0.09767808702614497,-0.026657240829719514,0.10522589512327463,-0.0658750924573688
-0.074020568824442,0.032911995131207364,0.16720259901021167,-0.052566987309890144
-0.07065915874128062,0.09410916977441489,0.19106296990489696,-0.034768274827303124
-0.0881193326739857,0.14825123262062884,0.16600100183023486,-0.02121691279971162
-0.11910867257325605,0.18540212998503508,0.09560096902892866,-0.019233732506144248
-0.15073908981359502,0.1963994959878994,-0.003229497462188674,-0.03200430454563564
-0.16899152755717656,0.17569597303390477,-0.10559511337738446,-0.057283342197507026
-0.16387279393482945,0.12403877100088243,-0.18635702927907036,-0.08805806786633016
-0.13335561585758401,0.04980686891592655,-0.22764581823059854,-0.11499859721820785
-0.08454970613716739,-0.031879199775302076,-0.22367028706099257,-0.12984917823748227
-0.03151879516392473,-0.10242927079146477,-0.18137706420546457,-0.12852923165372965
0.009607370402783593,-0.14468315506998175,-0.1170108061419976,-0.11277353489577721
0.02653403044161884,-0.1479543357014702,-0.05003351430992621,-0.08964080224105
0.01557219315883127,-0.11149758588368089,0.003319490859124634,-0.06898854027431475
-0.016533477032719974,-0.04507754520945717,0.03460910579287287,-0.05977250223155607
-0.054518237641416556,0.03375460058295682,0.044491080698651514,-0.06649887637403151
-0.07970938307538357,0.10492355003051149,0.0406399065734943,-0.08715377107668212
-0.0766114102413597,0.1519386550375907,0.0334355447601651,-0.11344499624987825
-0.03865302480381186,0.16678787240042625,0.03128131446221633,-0.1333816078033893
0.028977774096353538,0.15192506370675105,0.037395876399380606,-0.13537406509671918
0.11049528056856134,0.11865923109298843,0.049193920997749,-0.11246644801728922
0.18436497024014734,0.0825362925149428,0.0602581186220253,-0.06522249576395046
0.23022780515047367,0.05739958301984788,0.0638613030862194,-0.002218233405999065
0.23554385775883444,0.050311712047656505,0.056428313158077996,0.062102203998685254
0.19968047774059022,0.05921823029092205,0.03943494995282393,0.11155590453348364
0.13404850785594835,0.07422758814696659,0.018956606054063893,0.13301147598457774
0.05825263462624021,0.08203271863723327,0.0030934683757739886,0.12029884880438968
-0.006413344967843631,0.07180402345168951,-0.0016042415062333844,0.07600454726523759
-0.04390596800488478,0.04029092664261056,0.00683205637207197,0.010634259869233085
-0.048473632691548446,-0.005887665439028922,0.02462495260839896,-0.0605076990364977
-0.026155952416342474,-0.051778949232087625,0.04351654830246586,-0.12165470406347678
0.007671611650969156,-0.0790649427032489,0.054031224322946186,-0.16073335095572203
0.033784556203971174,-0.07277370323845458,0.04947283602775915,-0.17209359725985035
0.035724968464139084,-0.027334855274188094,0.02905754462976369,-0.15712215403854352
0.005340125212982303,0.05026680428965533,-0.0011247831232012468,-0.1227867285259458
-0.05451637704107369,0.14151641242705604,-0.029819934229358636,-0.07881639639378153
-0.13087532520511427,0.2214025451758347,-0.0444749412708734,-0.03458014997225972
-0.20469142716017513,0.2658787809887144,-0.03591164998246407,0.0033147538833333892
-0.25661163038510104,0.2593029303154588,-0.002120567398624814,0.03206733505753873
-0.2726036975458222,0.19938278716501498,0.05023313117592435,0.05228896342794995
-0.24776222775959705,0.0979912998918218,0.10720828103452154,0.06659877114824593
-0.1873117267860126,-0.022394647237598445,0.15149832237370306,0.07791890822027256
-0.10476512138796013,-0.13541955862147287,0.16759848270631894,0.08815955683256256
-0.018040936374788645,-0.2185072220529028,0.14655962190221894,0.09770586305863126
0.05516718466479176,-0.25898035279731213,0.08882171962550492,0.1057242643379418
0.1014466670138713,-0.2567718178203282,0.004279927868948029,0.11096521025276292
0.1141967735719666,-0.2230635148729794,-0.09035698781223772,0.11258443239339144
0.09426476615575857,-0.17556427268741587,-0.17602196442872237,0.11057806319025885
0.04888467831540966,-0.13220462015919848,-0.23617480834533222,0.10567144562154193
-0.010509775602773894,-0.10543424814473441,-0.2607178101086192,0.09879313062461982
-0.07091440245525932,-0.09895289412515848,-0.24795842519249323,0.09046946821577134
-0.12024949334365254,-0.10775258794997475,-0.20429953191019606,0.08050398193607054
-0.14935716764840165,-0.1211619930535012,-0.14200605669767913,0.06815433970921383
-0.15333497479387567,-0.1275848626365552,-0.07585952831846471,0.05276375865142503
-0.13214978455047893,-0.11914527170193095,-0.019662462307270454,0.034563244736015505
-0.09050242467206726,-0.09462106617309968,0.016590054050622353,0.015247139787728601
-0.03691850279685077,-0.05975895066465613,0.028380388209901942,-0.0020092879708561977
0.0179002500970909,-0.025034242884755857,0.01704897343663614,-0.013200901648008955
0.0632798064318244,-0.0017924886188391241,-0.010969159428346541,-0.01464140043697382
0.09093893416270915,0.001803184014354326,-0.04576176863674525,-0.004215620850967241
0.0969456526827618,-0.016369947184262587,-0.0760830683074089,0.017727943075284507
0.08266535079668091,-0.05162002043271572,-0.09170189349420851,0.04819287883232371
0.05429019833453011,-0.0938855837605416,-0.08562476493680049,0.08215420046918318
0.020933622636225755,-0.13080423928577306,-0.05582964946399448,0.11378732942798614
-0.008240672994448264,-0.15134213877635744,-0.006124087689524504,0.137901877522233
-0.026986688561972314,-0.14884335327598114,0.05420039999347114,0.15112259259471394
-0.034034952778422695,-0.12264956379918143,0.112054426156697,0.15247801552246082
-0.03345410680609863,-0.07796159192302571,0.15339369105812445,0.14329010826888983
-0.033064302423901265,-0.024168194964252758,0.1666626276467455,0.12650594300400858
-0.041338837448068225,0.027724508414970393,0.1459893600281272,0.1057767182226968
-0.06382107121116015,0.06777075588029742,0.09320390285123596,0.08461326612727305
-0.10034381201863056,0.08917331604417242,0.01796597885460767,0.06583805948367319
-0.14414151385857119,0.08935884981052664,-0.06422623033461512,0.05137566133739764
-0.1833308254567228,0.06995193449534316,-0.13575042223228206,0.042265963117917894
-0.2044038135408602,0.035846309332949175,-0.18133835759152456,0.038720205658111934
-0.19662717758722909,-0.00625574374104643,-0.19205781122215224,0.040091782012935145
-0.15585329888117566,-0.04942163377549629,-0.16762402996837217,0.04476607982099367
-0.08638598594759905,-0.0878288038611701,-0.11633396942245505,0.05010899296541374
-0.00017699037389114908,-0.11762798432755883,-0.052625891087365345,0.052671611347130325
0.08645575586389906,-0.13722426086253314,0.0070117688045646534,0.04878476681030004
0.15752698846775304,-0.14699887277178472,0.048564167278408316,0.035507489125375616
0.20193181622611397,-0.14860615993370863,0.06412424830417393,0.011690255101327988
0.21632120707496078,-0.14406764702114921,0.0536294043873789,-0.02122481126215707
0.20537467933696152,-0.1349351770936991,0.024310199773358264,-0.059039625047197744
0.17946165259130517,-0.12178695399101609,-0.011833026179409355,-0.09547394126719574
0.15060058201568438,-0.10423772544442705,-0.04164993103717647,-0.12359396725499984
0.12820309359378398,-0.08148990574052042,-0.054438320048504005,-0.1376188482123212
0.11611983626769329,-0.053259470916820595,-0.04452894880019871,-0.13454694930206496
0.11198129172862302,-0.020740419507013497,-0.012280833514591107,-0.11505862739838295
0.10895178376645995,0.012804583171054608,0.0365543202554384,-0.08337129285973414
0.09911893523328957,0.042171174797600124,0.09267707148032758,-0.04607179762633273
0.07715797890669335,0.06118539920752576,0.14562207963883197,-0.010300738074367388
0.04285222531386669,0.06434181516886445,0.18600860150847442,0.018120794062910492
0.0015279904903928582,0.048636819252372475,0.20719445858849275,0.03603231809968635
-0.037717753449941854,0.014967483096376358,0.20615045624414358,0.043368263223604694
-0.06527442624243551,-0.03147669094939451,0.1836092102465281,0.04265185182375479
-0.07448986427796711,-0.08211929282046755,0.14365844684473972,0.03784443929566694
-0.06403902949304455,-0.12706101335642567,0.09294277631114513,0.03303442166441015
-0.03832722188130452,-0.15773391184710783,0.0395713788581457,0.03142955560512775
-0.0058384468095374654,-0.16931092371110257,-0.008214059150511242,0.0349109375044386
0.023876719944361163,-0.16204867976731221,-0.04351950997258498,0.044118593370533574
0.043387969912492774,-0.14105549935112857,-0.06222109959523414,0.058803794740647335
0.04954444423541565,-0.11449854274727896,-0.06399857088705882,0.07811010251909731
0.04385558172914418,-0.09081561441081944,-0.052605913919856834,0.10056413442615719
0.031073021151336557,-0.07587512410792166,-0.03511876323612482,0.12380484048175713
0.01666613989061686,-0.0710818067213177,-0.020172737349075622,0.14432645666996008
0.004297489525862928,-0.07311878909646363,-0.015564172964078443,0.15761742240205323
-0.005640035514865876,-0.07544499265605914,-0.025885805609589863,0.1589662376548407
-0.01583844625725569,-0.07103085403348787,-0.05097176340360803,0.14489873069249673
-0.03036517703591001,-0.05534750645337137,-0.08574743688632216,0.11483454444723529
-0.05220292648007961,-0.02850322973499786,-0.12164714568801216,0.07228266213049116
-0.08114146100378411,0.004298839113502321,-0.14921446361164115,0.024891420866044813
-0.11299568192875617,0.03421867149232604,-0.16104131064332852,-0.017016304609630363
-0.14058869388015374,0.05170114623327758,-0.15402432075195444,-0.04323887652649845
-0.1562095021541586,0.04987111799861693,-0.13011760652822169,-0.047048629823101734
-0.1546249799529104,0.027220236655678468,-0.09529237468846112,-0.02794815791838874
-0.13545040760300378,-0.011367713766928047,-0.05709020177767174,0.007298703219125333
-0.10387918219864228,-0.05564058166876704,-0.021718709440205385,0.04601136271635591
-0.06937187417343485,-0.0927401736455553,0.00814705289671292,0.07316044411008706
-0.042679967383313186,-0.11081264056888568,0.03393628684142625,0.07615918112687171
-0.032231685427833695,-0.10231785411441532,0.05983665547976553,0.04931102149321384
-0.04118261915706693,-0.06603246160411619,0.09002947375629544,-0.0036907651815879655
-0.0662220936678189,-0.007219010159319261,0.1256410779385463,-0.07025721327247036
-0.09860288377209735,0.06394235412533468,0.16275974641357924,-0.13244354751261256
-0.12705911059869873,0.1350243715723414,0.19254097926939712,-0.17249860051789237
-0.1415943870157097,0.19422311241739254,0.20364856404300688,-0.1786064157275613
-0.136812183540661,0.23260273439927343,0.18633374089688315,-0.1488399348270854
-0.1136338741390534,0.24524447270801097,0.13670679028847266,-0.09189752838878415
-0.07883651231105854,0.23129624735167914,0.05951858951121934,-0.024288195217507948
-0.04262002565264077,0.19329825859662536,-0.03182258762080974,0.03511222322510718
-0.015095066549953396,0.13630562983004565,-0.11833300649506887,0.0712533280879475
-0.00292489905052677,0.0672067831101602,-0.18082177244519712,0.07767557926260035
-0.0072471762624850295,-0.0056676093415908915,-0.2058093523015029,0.058169273782787356
-0.023503259782254714,-0.07286920704916042,-0.18992721670353613,0.024767522020185867
-0.04311318016158858,-0.12447784855440196,-0.14115002840942997,-0.007147967649696186
-0.05631240685891055,-0.15136780990230359,-0.07626968453244776,-0.024789775107262817
-0.05513123364307483,-0.14707591335634257,-0.015351710053586863,-0.022737732369940353
-0.03554799215796884,-0.10984379747124942,0.02496553818271782,-0.004772829936215721
0.0017671132225863997,-0.044102203293157685,0.0369858064600113,0.017881200210533313
0.052151524297376864,0.039364889329599737,0.02429985735957914,0.03119842383367164
0.10863303071272773,0.12502877848414207,7.338367994411013e-05,0.024069667113706564
0.16387482999295452,0.19587776187262573,-0.018155783579947703,-0.0071086809855027445
0.2117067250598199,0.2375783679824015,-0.015322094908936212,-0.0567435750794882
0.2478612258323048,0.24233547787151483,0.01516516645356988,-0.11189997253445311
0.26992901158835786,0.21119173073840908,0.0684815258812998,-0.15698172003880323
0.27686824708551294,0.15390178663403628,0.12964670244507925,-0.17943208737698296
0.26851851837035434,0.0862613787162288,0.1786022049576918,-0.17426274966444938
0.24545345177040923,0.025617373572621262,0.19732213255671727,-0.14568778728673526
0.20923255856354467,-0.014069721920986144,0.17640258941570616,-0.1052768683476783
0.16282536714943802,-0.02604120893229902,0.11873097435826088,-0.06740340259534122
0.11082306635296724,-0.012205748008909082,0.038871119759906474,-0.043813470989513374
0.05910457872869468,0.018193215258281707,-0.04165768871479226,-0.03946475788636518
0.013865992891847659,0.05220513372370409,-0.10154250583107854,-0.05125221247477349
-0.01975521886311924,0.07780614150239246,-0.12672766320315862,-0.07005881389977793
-0.0389787332001265,0.08791388567536043,-0.11484544577873795,-0.08521489708098451
-0.0440670579590315,0.08239850759907366,-0.07547469236351777,-0.0894623926633501
-0.03805071590622533,0.067439535968609,-0.02619744602595145,-0.08230406939238433
-0.02551135776313037,0.05254492096188656,0.014049696093256266,-0.07027084343638205
-0.010838780973133903,0.04639727854111647,0.03186352683272781,-0.06391186746327922
0.0033641094398760146,0.053114799951885075,0.023978913615766616,-0.0726970581373644
0.01705888243081928,0.0703553656813446,-0.0020584130580084715,-0.09995741491241068
0.032349464977425815,0.09000866191937361,-0.03132208163262171,-0.14007957015539615
0.05195097596489495,0.10126030001313849,-0.04767829301312264,-0.17935173488299147
0.07711778034883437,0.09492307319480606,-0.04032621505489596,-0.2004270983023948
0.10588623225527727,0.06743685747778133,-0.008206094311445531,-0.18888121123650897
0.132453223019951,0.023020813473147876,0.0394109407128983,-0.13938703233441918
0.1481446035766709,-0.026907359358269517,0.08639031394888952,-0.05901708300524011
0.14384718272068242,-0.06697364068450694,0.11595612420307395,0.033848959316388476
0.11319377766491409,-0.08273585700822442,0.11730492379445809,0.11492138424393311
0.055425297082722,-0.06560262227325098,0.09006716538975605,0.1619609001043517
-0.02314177157555005,-0.016120561764673778,0.044845010904594106,0.1625060222521751
-0.10971984006752278,0.05551434515969003,-0.0004968107628617758,0.11853672266295023
-0.18774279654682619,0.13196334685719102,-0.027516393050925212,0.046273050182614225
-0.24095884708785423,0.19353453410367844,-0.024432408285869935,-0.028962215834428255
-0.257734963979417,0.22379486620847744,0.00879182993778278,-0.08109309537762194
-0.23426562620933145,0.2143007108343007,0.05951888612015999,-0.09194063302964693
-0.17568960093507158,0.167044420265392,0.10621123243860066,-0.05713229998307348
-0.09475826638074675,0.09394122229762189,0.12577073423481266,0.012786967963705235
-0.008453966755488087,0.013581839827582504,0.10198359429299475,0.09636383908619359
0.06642313804477032,-0.05373934434053818,0.03212849547847055,0.16884507814266614
0.11739628744971756,-0.09127592559201819,-0.07065572893758264,0.21059993984328848
0.13901051788218705,-0.08993453990229966,-0.1802626270344704,0.2133477555067291
0.13340854933456991,-0.05023112450625642,-0.2650308612016855,0.18206944683515405
0.10877986716974809,0.018240967423506,-0.29740063572703324,0.13212998115489166
0.07631286907916951,0.09948852424470203,-0.2627451197742535,0.0829157360804695
0.04667480198365783,0.17509437898074415,-0.16452615322706404,0.050525302998609925
0.02709318267094667,0.2284301600803252,-0.02407570183280407,0.04229089999239906
0.019828861588544733,0.24813011937799354,0.12499539134369864,0.0550848976330214
0.022333771795112985,0.2301568209385756,0.24607272084438728,0.07782433328457292
0.028851379629436177,0.17819236940946337,0.3096798606272212,0.09693797944394991
0.03281418360237544,0.1024677495376886,0.3014465816273376,0.10244716463705766
0.029228829688277787,0.01741834815430671,0.22559601759408793,0.09215487981451712
0.01633563251956492,-0.061299872076616024,0.10306690079874059,0.07227864872432123
-0.003877521148221994,-0.11986493412460537,-0.03496922532405381,0.05435037432096969
-0.026350784243511585,-0.14888911071599614,-0.1560937352357093,0.049740505076261134
-0.044523242338229796,-0.14513316256981107,-0.2353888461541459,0.06413287641724703
-0.052293651741961766,-0.11203610551974202,-0.2614325930990122,0.0942985329392589
-0.04581713938367919,-0.05893894845426881,-0.2379979034110669,0.12858805737969858
-0.024681672736923052,0.0008983408989988936,-0.1812891987720741,0.15105601799302124
0.007799509033705106,0.053143175411547734,-0.1138847791626093,0.1476495436604661
0.04521829492396305,0.08553737613760558,-0.05744317113159919,0.11202668759526732
0.0794585899518565,0.09065491866789638,-0.026437753100552325,0.04866633167656155
0.10252148673900906,0.06760571003354303,-0.024693608256995882,-0.028043193045486695
0.10838744764616623,0.022224664330938584,-0.045514126795346985,-0.09849479359934199
0.09450472173926677,-0.03436107653290651,-0.0750382328626398,-0.14461562122035443
0.06255753309646192,-0.08847578101646175,-0.09752068221019847,-0.15614905249131578
0.018301997035445057,-0.1272751850318284,-0.10074835447661963,-0.13409601419800837
-0.029550668923021984,-0.1418950598851162,-0.07990330431244286,-0.09002795692746896
-0.07120413769497475,-0.12954710093182834,-0.03878533548227455,-0.04156342841556374
-0.09799908916614763,-0.09402492431633142,0.01180541331715054,-0.005763272222196282
-0.10445998829461849,-0.0445246495928007,0.05783923367797699,0.007021784391324136
-0.0896377549948053,0.006848503150612303,0.08667566851539091,-0.0034772388922963172
-0.05736525891162242,0.04816611769341406,0.09104180235619895,-0.028080043549050797
-0.015313539734147612,0.07050477468032923,0.07116117747063827,-0.05244664341742225
0.02693438532119276,0.06979102777721717,0.03445616876770183,-0.06325562451099792
0.060285156752169944,0.047266208563273196,-0.006978445610722396,-0.05378359831431764
0.07834997037080745,0.00859409313403156,-0.040254763822129294,-0.026659518628715954
0.07885082428692382,-0.03798947414627266,-0.055666121427620646,0.007296701576533778
0.06383141146947749,-0.08386598507617662,-0.04951659091012482,0.03367802441289248
0.03864898183459069,-0.12193315463934701,-0.02496359896885942,0.04068437693834444
0.01009947563375143,-0.14776342658227185,0.009322896105063934,0.02440124666018028
-0.015707493785950193,-0.15986291133815356,0.04219179559905159,-0.009012834493465832
-0.03504513159690775,-0.15916612742037645,0.06371939449122385,-0.045215462444810436
-0.047321492967566374,-0.14810441624202067,0.06838831529359751,-0.0670392436113497
-0.05470343087547949,-0.12964317043547252,0.056720505331473575,-0.06133292205517591
-0.060815656611026614,-0.1065981472200331,0.03485961348679758,-0.024663376605469495
-0.06902506578837352,-0.08136573343097558,0.012268235255002855,0.03438025307520878
-0.08094207050753564,-0.0560121029687903,-0.0016790988828919613,0.09730958999039538
-0.0956682482563361,-0.03253216148783192,-0.001063351621611544,0.14167905007520493
-0.11003488428760767,-0.013051399482484446,0.01438641724535901,0.14880612937243182
-0.11971592723711405,0.0001978419294618762,0.0390292196554729,0.11053609808012164
-0.12079214463173651,0.0051746969689503,0.06309674993134039,0.032620262555777185
-0.111198078629429,0.0005235127208118497,0.07596322886948481,-0.06653826599645488
-0.091545115754081,-0.013904747510388761,0.06983005312449074,-0.16138858935569522
-0.06505153164535032,-0.036692754242243664,0.04259411512655893,-0.227124199571037
-0.03663053504898958,-0.06480276229942725,-0.0010858479683607276,-0.24730063204966324
-0.011471646854936055,-0.09388327792793996,-0.05093276240096363,-0.21866282333776885
0.006399656441085099,-0.11889250636681395,-0.0940884216798492,-0.151682058172429
0.015128011334835767,-0.13491652152943812,-0.11909611362765864,-0.06679847378158044
0.015327056016945437,-0.13802062679083357,-0.11955185942044601,0.012203280314468948
0.009656784692783785,-0.12597363126935485,-0.0962359003028726,0.0653878766970485
0.0018990932116133563,-0.09871691659516935,-0.05701690545960961,0.08209964141503892
-0.004120581143089479,-0.05849881197942404,-0.014538399662979354,0.06305516852931603
-0.00542872179657633,-0.009647768823904435,0.01758639650506446,0.01875779471909415
-0.00040646943401462417,0.0419914956289493,0.02886628479668945,-0.0348638921331311
0.01113301236951652,0.08988835459875555,0.015022510304307752,-0.08187409366027942
0.02817527888686553,0.1278115574351624,-0.020871745293022964,-0.11093982355280055
0.048859809912722506,0.1508256350555189,-0.06950953454817962,-0.11777921842573827
0.07080646508890084,0.1561381460270955,-0.11830276545296935,-0.10501008661738057
0.09135558803988589,0.14364502130317133,-0.15517306596591407,-0.07990775489850299
0.10776617502525289,0.11605801383748725,-0.17195561823551553,-0.051214259698707146
0.11746791287434272,0.07856239519421868,-0.1663724808130163,-0.02626862514919648
0.11843536974365965,0.038034324482659546,-0.14205069319783808,-0.009370592958369605
0.10965979568909073,0.0019292910381165096,-0.10672980853243531,-0.0016500803178976335
0.09158492054294134,-0.022982018229016528,-0.06939127903682198,-0.0020791743189784665
0.06630927083738689,-0.03181967328071904,-0.03735177230609969,-0.008883385430988266
0.03738325181337927,-0.022533456245484373,-0.01430015013274661,-0.020602445344546153
0.009149242256745734,0.0035978976168881786,0.0001381675535504015,-0.03636976891228108
-0.014253223422605946,0.04201701981849602,0.009302441577566632,-0.05544518472546304
-0.029938229529239156,0.08551696875665372,0.017403647439378615,-0.07642542608489158
-0.03703303218392634,0.12538793773652013,0.02730359626957875,-0.09670279646847085
-0.03686061877170958,0.15292851406478808,0.03903139622920171,-0.11259719529030353
-0.03244038308308077,0.16108492492835869,0.04958839490765207,-0.1202354968345393
-0.02744138735043051,0.14592212097659613,0.054090505477661914,-0.11686681604724025
-0.024930478862159502,0.10761493520109286,0.04779394669856197,-0.10206073510826906
-0.02634984995661737,0.050695541241258094,0.028227945165871758,-0.07824485817686624
-0.031092240435684027,-0.01658518839263808,-0.003373942483485033,-0.0502903017298873
-0.03683394882471403,-0.0837400844607691,-0.04189102662365325,-0.024235079746725657
-0.040509619558932605,-0.14011656457014438,-0.0794763620991146,-0.005579804693740663
-0.03957159004928373,-0.1771159463049486,-0.10768063106693979,0.0022466111800276923
-0.03306378921966761,-0.19002752928415653,-0.1198283154411462,-0.0012670012148119037
-0.022102441460484595,-0.17898906967152034,-0.11286300847368103,-0.013796300848296819
-0.009573564694322037,-0.14878022211383807,-0.08808019550463594,-0.031080150894176546
0.0008493949710976223,-0.10746173373184963,-0.05055992459571943,-0.04824703766040597
0.006005945458954262,-0.0642074186973366,-0.007552406425372742,-0.06108447554783475
0.0043804167778888625,-0.02693266947917094,0.033599455552615565,-0.06687219037003049
-0.0033629015922636146,-0.0004094651242599161,0.06730551876548926,-0.06463806843301698
-0.01464837398590417,0.01457144731360293,0.09078248929344081,-0.05494554338204914
-0.02596670952809172,0.020749882515558465,0.10407760478375833,-0.039467510285564854
-0.03419850170697768,0.022830657618582044,0.10920267323690684,-0.02059008159651101
-0.037786703078895714,0.02535087530605492,0.10881846540429396,-0.0011477971377781646
-0.037313446974030925,0.030728737626652965,0.10502443964080803,0.015785409070900036
-0.0352560869828008,0.03819055673024693,0.09870831008003254,0.02722698101519684
-0.03500224818487103,0.04397362700075198,0.08964381555404244,0.030872088470006376
-0.039480559203977285,0.042752238484973476,0.07720258902879688,0.025890309364820722
-0.049909929180670665,0.029788087856254995,0.06129380720793214,0.013663091239496529
-0.06513219106231664,0.003026599266322587,0.043059456234118776,-0.0019472135069623633
-0.08178549350931286,-0.03564436872545959,0.024964053146510963,-0.015155112605083454
-0.09527574592455834,-0.08047537887976047,0.010179904090267703,-0.019729891350311654
-0.10122004481455639,-0.1233032501549144,0.0014785666876464924,-0.011090152114059934
-0.09687056204406919,-0.1558947049876502,7.313032339075105e-05,0.011653503450367439
-0.08203635400177192,-0.1723760289603909,0.004918351972245173,0.04453007884376401
-0.059196619711495334,-0.1708908140227179,0.01283425364092216,0.07906645819982762
-0.03277576769424987,-0.15389617715062043,0.01951821883126981,0.10434474128867824
-0.00782898049198049,-0.1270004590205054,0.02115820650400415,0.11029335778076949
0.01142862892898169,-0.09678293412548382,0.01608766319521967,0.09119338295321508
0.022783722177150516,-0.06841708541332663,0.005840508878776688,0.048151596740136665
0.026533618706341685,-0.04399585626974443,-0.0048821985154477235,-0.010479845356854221
0.025224276354435353,-0.022193876838971418,-0.009471600297344958,-0.07110760667595153
0.022746475180010776,0.0006095836177948556,-0.0015980935943368038,-0.11883550404503206
0.023105306008797125,0.028192834782568683,0.02234283232884261,-0.1420918845899599
0.029248096873025046,0.06219626558365711,0.06136254728745857,-0.1363524960112854
0.04227938786016592,0.10061680401566457,0.1093144737226725,-0.1055907515350981
0.06124110513650963,0.13776574787705184,0.155984574179345,-0.06084196768829261
0.08345142139983382,0.16581816539127142,0.18966196692980328,-0.016298443286144906
0.10523996149445686,0.1774657285838261,0.20050217314689342,0.015718493540496193
0.12283432139752651,0.16872986852709448,0.1836728240029873,0.029094990873427203
0.13315640590098365,0.14087627952257525,0.1412603009293841,0.025949705270044712
0.134359149880946,0.1006495350827972,0.0822399800466579,0.01554170084341653
0.12603768391327697,0.05862590903143432,0.020385634401066152,0.010406653807001457
0.10914407891431033,0.026156611226521714,-0.02935965724037543,0.02112956079968152
0.08569363393888432,0.011896369921761563,-0.055016623997756454,0.051727559841334425
0.05836514615058797,0.01908931203606268,-0.05096918967919204,0.0974499423359902
0.030078070160230955,0.044545755958027906,-0.019577759282840564,0.14594089952474615
0.0035965182758237787,0.07967161962631719,0.02951742316105345,0.18145830245035235
-0.018816276859508548,0.11321033631699401,0.08221577070863359,0.19066307950273095
-0.03567815666699825,0.13477614495279563,0.12404513888281232,0.16784005484768366
-0.04648048792575069,0.13800293222575022,0.14426328600905136,0.11754803988434953
-0.051757699081415226,0.12229003986535579,0.1387131604963068,0.05359706485431034
-0.05299492794349657,0.09263156651836647,0.11057866533699576,-0.005404575860336852
-0.052350306036526746,0.05768108265235703,0.06887128440825299,-0.04239743903449161
-0.05220484536557966,0.026789428225091574,0.025214577468623718,-0.04782399100277206
-0.05460227888102102,0.007056141715067665,-0.00996343898556173,-0.022985648528210414
-0.06068861247038049,0.00136153135965421,-0.03055420364547803,0.020485670926193862
-0.07028962986707384,0.007942686272083051,-0.03620066979229851,0.06491604365181433
-0.08176045235215726,0.02150597788156427,-0.03163785366166112,0.09311474657536709
-0.09219822744985488,0.0353453287345601,-0.024279902865330303,0.0947551041496998
-0.0980306981506617,0.04364369305886934,-0.021000523783889224,0.07024245055739929
-0.0958937382541098,0.04316163880646323,-0.025319310305135862,0.030593721548349457
-0.0836127651384887,0.03382479929607189,-0.03603524929560909,-0.0066914870893318885
-0.0610343040625093,0.018172602447471816,-0.047801893228948344,-0.024302953794185025
-0.03044204973154746,4.313863427713935e-05,-0.0534130728625312,-0.011903528694375047
0.0036452673039001175,-0.01690764894773651,-0.046926369401244256,0.02948994471040695
0.035358419020607906,-0.030284894030803696,-0.026428580262986695,0.08720260405957146
0.0589178285942083,-0.03930886087000992,0.004635891401828655,0.14088475896964703
0.07030571224912702,-0.04445888439868713,0.038134716508947814,0.1694363747829244
0.06870581781810617,-0.04670638076629004,0.06374271474727788,0.15844555930547266
0.057221542888971605,-0.04675664538591163,0.07240762429102042,0.10550238854608993
0.04251045455880107,-0.04464417903319352,0.05955315101822711,0.02148614812903542
0.0332453602575814,-0.03981035369953174,0.02685379594105698,-0.07265769658578729
0.03767004318377987,-0.03154634818099135,-0.018088741288470107,-0.15254718619723873
0.06085928345747178,-0.019523488057426035,-0.0640918448833192,-0.19811020743852756
0.10249923430383664,-0.004124929992534065,-0.09995945297409708,-0.19979202022555073
0.15597983536447135,0.013571220917850735,-0.11802942600008949,-0.16114357864925882
0.20930175724893219,0.03210388553954291,-0.1164680522307863,-0.09700619835739172
0.24779813723954325,0.050019602500255826,-0.09953368076265261,-0.028051066637717607
0.2580904219292039,0.0660886868306322,-0.07576558229289955,0.026330243122999267
0.23222102334977007,0.07920607829105349,-0.05479715642435514,0.05428584851434749
0.17070786906102364,0.08804289903271448,-0.043970902437418115,0.05480538771981637
0.08345077889393038,0.0907093448038498,-0.04597160189611604,0.03707006308840313
-0.01202676708923632,0.08476163139931778,-0.05828404761444635,0.016279072388865085
-0.09473549786714129,0.06777622674033881,-0.07458099212730097,0.007594693950790318
-0.14573791561606575,0.038449553092808446,-0.08742294007240717,0.02043353087741406
-0.1534733504302743,-0.002131453372833424,-0.09117833001491056,0.055106804953607
-0.11728059509618251,-0.04961537882915981,-0.0840275910776609,0.1028926627867957
-0.04796031479025414,-0.096466115438611,-0.06830952788550396,0.14936492344240718
0.034930513584964844,-0.13328136951492012,-0.04914574311689586,0.17966612587251457
0.10836513774251325,-0.15117493427610407,-0.03197149115792087,0.18379306792786682
0.15220561214333295,-0.1445685516314335,-0.02003666118467989,0.16005174919111767
0.15475215381043844,-0.11344199972513244,-0.012945990113027852,0.11556601044453169
0.11581829361965475,-0.06412689848220635,-0.006879031774334264,0.06379850514677621
0.04641890951264958,-0.008133671735994339,0.003564571405043751,0.020067150310301842
-0.034788403028210624,0.040840692029701545,0.02263497400616886,-0.003339177388812904
-0.10715534115449589,0.07089200951737526,0.05095837855366217,-0.0008132085872102138
-0.1539974801686822,0.07559545010772312,0.08440807605913432,0.0252528407124897
-0.16701060515349936,0.05610399671933214,0.11491054906230265,0.06572642583287991
-0.14785967137304473,0.020826863018750797,0.13301851546305193,0.10794648347464356
-0.10661370057174893,-0.017336465218753122,0.1313574118816972,0.13968949917554135
-0.05774176552805382,-0.04535539731875045,0.10764822056762528,0.15257833677453758
-0.015150318710440175,-0.05454837727858969,0.06609867461082582,0.14395940971237509
0.012025402433958651,-0.04359295389683483,0.016519951531881433,0.11689253221729747
0.02152897207283258,-0.018932516328294867,-0.02863585259047384,0.07854904807922145
0.01746005416499543,0.007656693221529443,-0.05832572232875131,0.037767137613547476
0.00755722803105493,0.02354762188069308,-0.06661435322427911,0.0026393102370187646
-0.000515601509445374,0.020218538827778177,-0.05466619502482424,-0.021186083384712066
-0.002391390744011735,-0.00313292514127767,-0.030272290358876984,-0.03119486060544778
0.00148345498980091,-0.03871972952231141,-0.0050484596497611675,-0.027796330693155773
0.006533547540640462,-0.07249645904116175,0.009697749840201213,-0.01358048225929332
0.006552705664580567,-0.08899829723459314,0.006933478051729657,0.007543010658118852
-0.003080933215483821,-0.0770512688105131,-0.01374308686823138,0.031051647151743533
-0.022838806436236675,-0.03433052622109573,-0.04620403586730294,0.05231350829193186
-0.04822226487106322,0.0309280830238689,-0.08028090261136762,0.06701446395950696
-0.07108834145220574,0.10181151951697165,-0.10567727384404915,0.07167678279756126
-0.08266202921543671,0.1577149542978461,-0.11580856559241243,0.06432822178726136
-0.07708908556827529,0.18083533673549262,-0.11010834911455791,0.04518983649316658
-0.05413208444132294,0.16201333385307512,-0.0939340695133519,0.01708936578234048
-0.019896508923087003,0.10394085348789024,-0.07613313111717233,-0.014722256808174366
0.014809885102122396,0.02061811871062908,-0.06523965348237831,-0.0435276230302623
0.03799884526264175,-0.06679724886465403,-0.0658127981056433,-0.06276770339376367
0.04070015252250955,-0.13639369294935838,-0.07638714240693342,-0.06792331209250106
0.020346268736752715,-0.1720596613735379,-0.08989247814109386,-0.05804611943560831
-0.01789282670597841,-0.1680608235948993,-0.09644313883565783,-0.03635047827319525
-0.062356356671029026,-0.13021008967070538,-0.08745948467477838,-0.009532369891633648
-0.09835494047416812,-0.07336683078973592,-0.05952843095227599,0.014099834604831028
-0.11271473989773151,-0.016227668894659646,-0.016457396498411138,0.027162939177637818
-0.09790525660563962,0.024766312796205392,0.031378722004802746,0.02559881099542262
-0.0544122801858393,0.040367147674312424,0.07028864716281763,0.010114044877913987
0.009367531633649978,0.030749079603113124,0.0880079509662009,-0.013884293012356577
0.07959388444050432,0.004466783107696744,0.07822204396800098,-0.03791012882065037
0.14093206691239685,-0.02528603421880797,0.04317805135540047,-0.05309515112292591
0.18067926360504488,-0.04566731220705555,-0.006650860911542891,-0.053089700749743556
0.19180395633340586,-0.048642604368228745,-0.055829899148988824,-0.03619799793854143
0.17409557821325367,-0.03342071485265176,-0.08906594667483193,-0.006014408032515146
0.13331011469609794,-0.006175274649698562,-0.09636885993707842,0.029675678563309563
0.07885266251962399,0.02265970195903882,-0.07643817659710274,0.061378729730028725
0.020932264632529535,0.0424133707931025,-0.037056211995126584,0.08093339240234063
-0.031855166483570126,0.04603247022435599,0.007671156783989996,0.08408775450149505
-0.07387757162623507,0.03243855003425361,0.04226076658060523,0.0717494753849186
-0.10260941573969902,0.006668981792044861,0.05523994502295279,0.049499223129064907
-0.11788909945490399,-0.022103291057707808,0.04307575777227214,0.025553418664415104
-0.12086980432574643,-0.04385548382338262,0.011271375669239456,0.007892350356699426
-0.11321496549154994,-0.051105711984054475,-0.02773119118602745,0.001550604391249169
-0.09682750430158155,-0.041265599631415587,-0.059068375115705556,0.007001763933047092
-0.07404817896998205,-0.017253252944538285,-0.07077082132269083,0.020182177872349674
-0.04798324273218408,0.01369588977645984,-0.05799412732880101,0.03412466756796887
-0.02254845032398318,0.042484694015960466,-0.024689984814314243,0.041611883281370686
-0.0019707896687642737,0.06098366686018167,0.01783348187304786,0.037904977581168425
0.010208596875584267,0.06431969254505611,0.05491288555372997,0.022578354890139908
0.012283725365716001,0.0519908034601582,0.07365841547241841,-0.00019649756488159323
0.005182026682639512,0.027622564127093636,0.06741471133752648,-0.023033904446817834
-0.0075195688340044305,-0.002376543963463486,0.03803221167766298,-0.03791611683737963
-0.020510169005883417,-0.030715969852908906,-0.004777833246594962,-0.0390828532941526
-0.02836440905088309,-0.05107230334375951,-0.046711147967606614,-0.02521788318692174
-0.027326085475646238,-0.05941852591999197,-0.07358523898173236,-0.00015159812489030228
-0.01660716933111126,-0.05461685680954088,-0.07588192364746559,0.028200786450762936
0.0012963524968727033,-0.03831004997342244,-0.05162722020045834,0.050343083360175796
0.021412922616882074,-0.014309355198937543,-0.006746859967811814,0.058321984085102904
0.03794484534832181,0.012278789811463579,0.04707930720038108,0.04842317669087728
0.04615534961436197,0.03599458904939161,0.09621812218821735,0.022519716809774527
0.043805549580806485,0.051924255162309876,0.12921045860909655,-0.012405997802840317
0.031640853299709656,0.056500688954553624,0.13989429438705503,-0.04643643256478094
0.01280974928960718,0.04814918521473373,0.1286349333681,-0.06988677213863764
-0.008479568565069415,0.027682099513870722,0.10147237299143519,-0.07642182308215129
-0.028471434071547064,-0.0016868879356418329,0.06768913535289384,-0.0650834938451003
-0.04491574035378764,-0.03481582515011686,0.03675343480827849,-0.04054648442278211
-0.05726492366432613,-0.06560114635300958,0.015672868903139476,-0.011509566505244519
-0.06601598470278586,-0.08828667763537426,0.007516923984263832,0.012243324825064357
-0.07159219241046313,-0.09880925086396299,0.011371199379303816,0.023125492876019935
-0.07337652553478406,-0.09579723227141806,0.023473092215076666,0.018263696745645992
-0.06945056888699513,-0.08088932794562861,0.038930886302274224,0.00039057368063352
-0.05727523892802955,-0.05822467621038055,0.05334602837320634,-0.02319821293964918
-0.03510282278944258,-0.03321817845665843,0.06383156180984981,-0.043275295453584606
-0.0035244238533094566,-0.010983992962243606,0.06924428763240932,-0.05200671569913826
0.03359295908754752,0.005092219970320657,0.06977754051237023,-0.04582682937767035
0.06935709034070765,0.014166463714349153,0.06626797493708388,-0.026857351192491684
0.0954271531017482,0.017873532014793567,0.059592777210843356,-0.002349145033541016
0.10450923337119467,0.019431387967444837,0.05039536162962939,0.017704836285399754
0.0929307633046407,0.022249975388307586,0.039163561428680944,0.024007575913107544
0.06232063797592132,0.028554174676161247,0.026500564546931914,0.01129498914559974
0.019664105638232957,0.03851567824825418,0.013354250329399873,-0.019568288729335005
-0.024450044291654267,0.05019136290140891,0.0010255810235338808,-0.06147637226575024
-0.058913084483745104,0.06026167416806579,-0.009080082395820428,-0.10304165298223916
-0.07551220419117867,0.0652680251823455,-0.01584257908059941,-0.1320257811547355
-0.07150313706452863,0.06287496572586329,-0.01875769020979988,-0.13914827125496376
-0.050414796956424326,0.05269400331909485,-0.01803448305938722,-0.1210480631641492
-0.020762201526693363,0.03639158452405403,-0.014403998688372634,-0.08144808219411095
0.006917384533732616,0.01708601565078923,-0.008736145525411711,-0.030158681396792657
0.023684340364037246,-0.0016965888072681054,-0.0016688144905346244,0.019746093883531143
0.025205620419217274,-0.01709203996864666,0.0065417190130789005,0.055669523120765764
0.013095594810020069,-0.027604528902080844,0.015845802041716955,0.06897567608699583
-0.0058741505366845265,-0.03323890615275274,0.02596869571144611,0.05716601124548254
-0.022395373481056767,-0.0350967419950816,0.0359463446729516,0.024160736817523468
-0.028118871251837596,-0.03468677427616025,0.04391500080348888,-0.021274108586927368
-0.01876319153359271,-0.03328915314902242,0.04736779818630116,-0.06833307544096343
0.0042750087272628925,-0.031646092835440176,0.043900824643792635,-0.1072514202698791
0.0343705904627402,-0.030065742877912673,0.03223724919189631,-0.1316999312418582
0.061996616957869996,-0.028809451833994332,0.013141477498930621,-0.13985224247565248
0.0780782504826281,-0.02848593566919822,-0.010198168577143434,-0.1339827856555903
0.0771740640324772,-0.03016823889222777,-0.03259767431118084,-0.1189495579173667
0.059370810177684405,-0.035087138234243906,-0.048116938459429125,-0.1002347754086883
0.03025689448560873,-0.04397744388901456,-0.05179439450467896,-0.0822624177788351
-0.0009712901989135381,-0.05635961560019233,-0.0413284601169476,-0.06749616028417194
-0.024570601569957357,-0.07012884991372688,-0.01810970714759813,-0.0564517443393099
-0.03340617488708421,-0.08174486604782333,0.012822339743107009,-0.04839089888340767
-0.025143547036152517,-0.08708817507838133,0.04398362073534873,-0.04224149841407066
-0.0028031921752334626,-0.08276062290866108,0.0675015621613648,-0.03728373603845741
0.02640615770822779,-0.0673808786473187,0.07740372372353468,-0.033333974764192836
0.053480187166237814,-0.04236374825104442,0.07141205618244832,-0.030445980351333266
0.07037770744671587,-0.011817403489719484,0.05165448413644838,-0.02839852185135161
0.07224485764443066,0.018497888322849924,0.024048407515226487,-0.026337791999779543
0.05847245843426416,0.042846542981970596,-0.0034585574669113942,-0.02285214839694295
0.03240609890967054,0.057260359760173865,-0.023234936291990197,-0.016521232842451824
-1.4893124756668735e-05,0.060717548196402335,-0.03015994436062927,-0.00671320375704897
-0.03211361336211329,0.05531167254477552,-0.022991155153021768,0.005768983246263924
-0.05819273832297899,0.04533095945583286,-0.0045141384065816095,0.018579910238906473
-0.07464657131628519,0.03558257184729268,0.0195154296107174,0.028446121754968523
-0.0802975874446887,0.029596018632988497,0.042246492853751254,0.032367541300592405
-0.07607752824022881,0.028401265428053928,0.057800398555738174,0.028972951484184058
-0.06434829470887234,0.030366195233748033,0.06289063479522336,0.019455616919876642
-0.048172975015547584,0.03216753239595646,0.05754273608037498,0.007609367766668429
-0.03073300885025952,0.030514159153365188,0.04477981466534097,-0.00120152101075377
-0.014926885845276742,0.023920955118774415,0.029468699751176136,-0.0018841137890716723
-0.00307036721682908,0.013778043790193359,0.01675440373644818,0.008348843460190783
0.003396483769718135,0.004207589486840867,0.010581721846313816,0.028524404664101916
0.0042090630724123165,0.0006639728357357676,0.012709809306236445,0.05366839575783747
0.00048098755384004717,0.007740687795333698,0.022422339947545722,0.07601130701945559
-0.005365765402580942,0.027001615082982745,0.03690600731440961,0.08734896881779493
-0.010084425647486035,0.055709655051703784,0.05209292629916096,0.08180911155839128
-0.010494832323284034,0.08704574230779505,0.0636843758648647,0.0580661182348016
-0.004573943537796993,0.11188694655079026,0.06809601149345841,0.0201793732944025
0.0076256239960253444,0.12163129773692291,0.06315259855735192,-0.023325770923941728
0.02362961289818607,0.11113515298210622,0.04846216456927638,-0.06191107059417614
0.03902343277865919,0.08072997454380473,0.025473186335906364,-0.08623992382941016
0.04872801664418666,0.03655781158123409,-0.0027515770308865223,-0.0910890850369308
0.048712084918625366,-0.010978774920169344,-0.032011415814126365,-0.07697208113419897
0.037554303323591456,-0.05020960589798591,-0.05766181144206796,-0.04991739921180594
0.01724746734529975,-0.07168231019756754,-0.07546861915017576,-0.019473796163937372
-0.007142835976879182,-0.0710046311080491,-0.08250717423958683,0.004378658046967693
-0.028953567631149826,-0.050113332948596066,-0.07792352368681746,0.014366435757337962
-0.04208725375177586,-0.016564725761275913,-0.06333729140040843,0.008066171609789317
-0.04311641643243272,0.018897333915719634,-0.042697095304396304,-0.011622825253278568
-0.03254835868910805,0.0456746815066249,-0.021515683685335987,-0.037760470568620814
-0.01473355418359015,0.056452273023321155,-0.00559167814475027,-0.06188146547663981
0.003618381061107241,0.04914536178682524,0.0004882552995132926,-0.07682523791620616
0.015827654133203826,0.02709667305695321,-0.005348913725171479,-0.07890368712671611
0.017685244687340874,-0.002430768349882262,-0.021970230237744443,-0.06872129928965319
0.009035360528000996,-0.030858965020625018,-0.04522047540010023,-0.0504812712881238
-0.0061233303107465845,-0.051067794799175927,-0.06899230490620675,-0.03015858126660828
-0.02110264092881198,-0.05941618006931401,-0.08690701090641792,-0.013294645702500593
-0.02904948761472976,-0.056416448200561034,-0.0941140886472577,-0.0032399836955114975
-0.025603653612476407,-0.04597133678814927,-0.08865458003947971,-0.00043191688457866473
-0.010680865532694359,-0.03358003349815472,-0.07195538660152613,-0.002852422958023775
0.011326420913114858,-0.024235257621756132,-0.04829617849256406,-0.007347233007372986
0.033058836852580306,-0.020770086788835726,-0.02342678305607205,-0.011181104242143119
0.046893041414691285,-0.023179948428981953,-0.0027943799325932245,-0.013165930255410553
0.04785206979783065,-0.02904720809167268,0.010034158047242232,-0.013927987546766038
0.03562937804265847,-0.03478983073812019,0.014245672530813554,-0.015272408708645366
0.014935115707567372,-0.03718892423084547,0.011693557842318562,-0.018991024088738127
-0.006019080913107589,-0.034606986693757794,0.005932918120355214,-0.025685949384122355
-0.018389788756112982,-0.02748450135344299,0.0007643813904030343,-0.03415837890073281
-0.015903370654682794,-0.018011794113825835,-0.001168687100449716,-0.041656454835827125
0.002777585627952748,-0.009188266598820827,0.0007727492782903141,-0.04489890717629693
0.03340370132791344,-0.0036839514989707167,0.005209730473305255,-0.04145113597963459
0.06746923965029056,-0.0029437789674187573,0.009521849765299826,-0.030868723329179646
0.09506904539673261,-0.006831541981542746,0.0110748318604947,-0.015106586838477995
0.10826949749316883,-0.013870876817863854,0.008399284998030348,0.0020141053296838726
0.10379120036936493,-0.021907593713523025,0.0018538219154013297,0.016104799922001978
0.08404985108167393,-0.02888184879861647,-0.006483005591263729,0.023779963651889308
0.05619673482677749,-0.033403190524229354,-0.013641098147453054,0.023883589204137842
0.029521808929619066,-0.034949189065048805,-0.016973634349971806,0.01788240934260469
0.012165323578665774,-0.03369334761689109,-0.01527343933553376,0.009260752956163194
0.008316930089596622,-0.03012665697424667,-0.009344326984517162,0.0021457781471936957
0.016884154684578545,-0.024703952377368214,-0.0017927450124553754,-0.0003019193437878709
0.03206418652645668,-0.017699912130990477,0.0038918967499872413,0.002898891589514993
0.04556084911397691,-0.009329367539614213,0.004622866854839062,0.010211999064338825
0.04960780448779685,-3.7104239389323945e-05,-0.0011215840056515245,0.018255690264697557
0.03969813440535655,0.009236089073991122,-0.012703946428238175,0.02322206155250107
0.016065263155446013,0.017006213858498147,-0.027529779493389393,0.02248448104571504
-0.01655492828196145,0.021516568115025697,-0.041970690685959364,0.015755512343261318
-0.05071465579602163,0.02127303553792624,-0.05265623412577587,0.005328435850118739
-0.07888174684293267,0.01565153398215926,-0.057642196106885195,-0.004710547288753007
-0.09592332798682185,0.005321121953120622,-0.057011448957131394,-0.0100126064503833
-0.10056964864825471,-0.007729369413770247,-0.052683561879869195,-0.007661410027454296
-0.09540180167502865,-0.020633617690918753,-0.04751652039013407,0.0026145208525468824
-0.08547263091656578,-0.03044990003324156,-0.0440601931010161,0.01818254979251483
-0.07616512847984097,-0.03506300251031943,-0.043459736316370776,0.0343140824339851
-0.07113664523663146,-0.03386792130734458,-0.04495319056860742,0.04577588311209177
-0.07111170512015043,-0.027978827856281197,-0.04617968641806803,0.048629800241994314
-0.0739196859110467,-0.01986798286687321,-0.044198300731124865,0.041591461783258746
-0.07567806357143406,-0.012541356759807599,-0.036832888702131646,0.026464262779345035
-0.07259084966115883,-0.008525507590553011,-0.023814908516636896,0.007505223653833611
-0.06262538670694243,-0.0090112474640821,-0.007252050377990808,-0.010035442058090262
-0.04641626553778265,-0.013447534258723949,0.00881123616148817,-0.021671589508446932
-0.02707606853445486,-0.019723287039878273,0.019639913188254164,-0.025117753600508632
-0.00903082655416819,-0.024872468339912898,0.02145058513605485,-0.020923843328160302
0.003629304448753149,-0.0260614325551782,0.012871374532940266,-0.012128228989689557
0.008626605326710345,-0.021528346460419664,-0.004320318257913076,-0.0030995917666588116
0.006235706895332874,-0.011170319214669419,-0.025486554922467368,0.0019922594118637685
-0.000969929410712056,0.0033992024003833,-0.04439768671233282,0.0005389256606179275
-0.009228315598538067,0.019320765766380713,-0.05509233697178798,-0.0077500599883694975
-0.015094506739017008,0.03331678033187831,-0.053726873746096256,-0.020891815730442166
-0.016745705519725887,0.04260526758217248,-0.03980547847162143,-0.035380307362042784
-0.014590487946415848,0.04562135946242732,-0.016383235760372164,-0.04731860872291089
-0.01097366636339743,0.04235047267963793,0.010825681326649413,-0.05352064638758918
-0.009124334127620842,0.03421212521367409,0.03514258335006118,-0.05223776845295667
-0.011780552785111961,0.023572107611517058,0.05087236962136251,-0.04334776062847423
-0.020033224758505018,0.013058774087036831,0.054887386649104926,-0.028058984248017477
-0.03282915862166409,0.004891615728112517,0.04736774098053258,-0.008344467239264158
-0.04730660576017206,0.0003971937066465231,0.031511005625621556,0.013625932601380689
-0.05981370285656709,-0.00018984644758152092,0.01236582570687926,0.03584967052387571
-0.06720627071078199,0.002366711325992296,-0.004782721343096055,0.05658415716771119
-0.06792990887666431,0.006623484545138031,-0.015932283881735135,0.07424589847725353
-0.062490345178892376,0.010892921620296134,-0.019315799674935838,0.0872835577430668
-0.05316029366750888,0.013680396047704282,-0.015541903663559484,0.09419041696637104
-0.043062463319402146,0.014028572589335084,-0.006969497590348865,0.0937352913720387
-0.03499521097506141,0.011708749633249992,0.0033838128975195447,0.08536327059628956
-0.030447264851113744,0.007235376567271686,0.012970048531226422,0.06960802371600557
-0.02915747301954269,0.0017129857121874967,0.020477272594747242,0.04831547789894083
-0.02935612151482922,-0.00344691312103999,0.026004129004628236,0.02452415822532801
-0.0285638266624395,-0.006877930867013236,0.03064932270022306,0.0019631375406103657
-0.024621445591043213,-0.007602400718044383,0.03573785926206083,-0.01573127281952772
-0.016552778600489947,-0.005284925454981538,0.042022798671813126,-0.02586884032748723
-0.0049419186021639125,-0.0003286742429772088,0.04918426317389544,-0.027378958705545214
0.008297472428993508,0.006217658370738569,0.05581166997037211,-0.021100784940446704
0.02065037558743027,0.012923812300815369,0.059858456507991036,-0.009598575768359749
0.029932376951133308,0.018342268008352904,0.05937775045001975,0.0034516146795297575
0.035064453350762054,0.021366930136790942,0.053248963042056445,0.014140898779525499
0.03639905621007278,0.021477422058689365,0.041621219970758315,0.019247214798779458
0.03548195322360971,0.01879561220730913,0.02591750673546868,0.016975234436890863
0.034349298411923315,0.013945471684408729,0.008413539452000414,0.007355944890375367
0.034634117021200034,0.007778673081358602,-0.008439040564828129,-0.007765082037777191
0.03682838228026969,0.0010787305100141286,-0.02269215747196094,-0.02513030821548257
0.03999188420927313,-0.00563611805399852,-0.033346584901320406,-0.04076997377891553
0.04203811566707562,-0.01213296545371283,-0.04042984333376987,-0.05085784697338953
0.040517823468847095,-0.01830619830157708,-0.04472024305107646,-0.05255917048120878
0.033635844247294544,-0.023922890245006635,-0.04726160642053543,-0.044705205271733446
0.02114028774160999,-0.028405826055042428,-0.04887892832629361,-0.02814757289866944
0.004748835448538373,-0.03078559680327037,-0.0498840346673718,-0.0056893476014086225
-0.012081821071118153,-0.02989081292565806,-0.05006568330364368,0.01843699754005844
-0.025024961311749874,-0.02474439002161567,-0.04893246289376185,0.0394754132460022
-0.030156827442576712,-0.01503354612999331,-0.04607202062206174,0.053258288149699295
-0.025249318997940563,-0.0014646231967085296,-0.04144874351362954,0.05726081757872737
-0.010664452201403413,0.014170088544917074,-0.03549895860269371,0.05130548859907025
0.010469406390090778,0.029296360499468935,-0.02898026918604716,0.03768011871741681
0.03291478669786532,0.04118085330785086,-0.022647146067220056,0.02057429226832405
0.050678048559253994,0.04769102169787802,-0.01690844891347549,0.004935569727284095
0.05869465032217623,0.047938000127210126,-0.011637568772219959,-0.004959646958826711
0.054356515937555014,0.042566914682925,-0.0062442369335729275,-0.006803397572818587
0.038408003528793436,0.03356855710241706,-2.8229303480203916e-06,-0.0010064953863878345
0.014900966518149272,0.023651133550241607,0.007487844691017487,0.009371460612850546
-0.00983084942867549,0.015371408423101734,0.01591226182789872,0.019538326542409917
-0.028919334753554134,0.010319788733339077,0.0241067779940108,0.024481004567246313
-0.03693679989083956,0.008644607684094446,0.03029275692692355,0.02060978054983743
-0.03150804735592912,0.009086255021586206,0.03263657841911913,0.007005360430744194
-0.01405412749171494,0.009511239195600096,0.029958530645712043,-0.014151705996099214
0.010589453570524834,0.00775551838507188,0.02233057537725803,-0.038131476405132744
0.03559455201709186,0.0024731128052908197,0.011315957052427474,-0.05902473215972107
0.05418467387630545,-0.006316420158095019,-0.0002864234349245903,-0.07149656414966676
0.061671466178639514,-0.017177510602463857,-0.009158595678215123,-0.07235601399596651
0.05683596187898251,-0.027718221329181534,-0.012435087431671425,-0.061436870433254215
0.04220130267448351,-0.0353867657167827,-0.008615786826506495,-0.0415210940864489
0.02309506580021441,-0.03831182027824552,0.0018938932694841717,-0.01736358075575658
0.005797596955883808,-0.03588496038154894,0.01681713430173898,0.00582147736093841
-0.004614436633432533,-0.02888805022033443,0.032626691161544895,0.02388387539117158
-0.006002715363060594,-0.019144310342320628,0.04556514580197493,0.03476442534418961
0.00012006924887601918,-0.008850144016519158,0.05273697186307137,0.038721563920030844
0.009163590343253692,0.00014342251142391432,0.05291665315760122,0.03775564912960301
0.015145538132581668,0.006827648790784013,0.04681233314040084,0.03451763041932676
0.012924705012914227,0.011143219875162917,0.036710784491231024,0.031156986013789807
0.00021019289993319534,0.013696391176536371,0.02564126582279712,0.028552954968799338
-0.021368186038710477,0.015243923223280186,0.016357860468643657,0.02619401225740574
-0.04653561258316426,0.01619599268518787,0.010494655838332936,0.022698249545650778
-0.06794314840639504,0.016368105695768402,0.008176805369158685,0.016710771030270688
-0.07853101436853163,0.015095815287464676,0.00819989876492696,0.007773244328395455
-0.07389487209501791,0.011659383627541797,0.008682714767941458,-0.00321273546126543
-0.0538486119210861,0.005820052025594416,0.007929755584665223,-0.014128303857507872
-0.02264031726955712,-0.0017920422510040793,0.005170616021993216,-0.02233081278763954
0.012266993890219912,-0.009647389032084442,0.0008970423650061718,-0.025615728283805383
0.04244944722526082,-0.01570770066673232,-0.00332593834178236,-0.02305616753558545
0.06105971882563782,-0.018119319621043312,-0.005499560315080252,-0.015381341727191047
0.06480661199191917,-0.015948231474082232,-0.004037539928624709,-0.0047437096831740265
0.054738247479493546,-0.00965350986372012,0.001502151864081272,0.006029010113925808
0.035611592846766134,-0.00107778897409537,0.01007960591253233,0.01439754951763066
0.014119473517025312,0.007088284973559414,0.019365704355493858,0.018912722575405112
-0.0033726103026789703,0.01220343998972883,0.026410122462011347,0.01955339682713584
-0.012787210288512145,0.012616958445072227,0.028560001534299908,0.017496114531189443
-0.013345469411025587,0.008299259887115294,0.024317784947033218,0.014446268098373627
-0.0073497421751416575,0.0009083824879195755,0.01385136981098941,0.011835571957439645
0.0010855627133931449,-0.006757028273204164,-0.0010062814453203547,0.010234025626797566
0.007809794672335328,-0.011736197194488929,-0.017255258611885593,0.009220308385356618
0.010222414268088155,-0.011964506707476447,-0.03154870907703651,0.00774810917022227
0.008089077909782597,-0.007019708691830059,-0.041065177903493434,0.004825549567659269
0.0033352290254334283,0.0017275297542061613,-0.044167899734006956,0.00018474486082765973
-0.0010254550483520947,0.011623474741052955,-0.04067906727681779,-0.005380778535712012
-0.002339494716108906,0.01971835686299611,-0.031739222918558796,-0.010190356725730846
0.0004762353944862824,0.023864632273819887,-0.019357494396326794,-0.012316070637709595
0.006457165219237394,0.023513819216154773,-0.00583928629932097,-0.01042915109902921
0.013026744782140479,0.019908347885901047,0.006718859199732363,-0.004485709276917169
0.017146092143583945,0.015590162004142531,0.01674317053194449,0.004068519516005099
0.016686120686605216,0.013404954651346987,0.023280509989476714,0.012706942906363067
0.011441044967379008,0.015372696239338547,0.025943124501635852,0.01872226792628369
0.0033492492529059725,0.021848547963565765,0.02480378890628631,0.02027914557859368
-0.0041889906579894165,0.031292589819558694,0.020326486831571705,0.017194191332202183
-0.007637773640978229,0.04074152471687545,0.013356377152242478,0.011104490894285272
-0.004769204535256588,0.0468153932962274,0.005123604701670888,0.004916482911170056
0.004359823845822959,0.046895043523641565,-0.002823463281833598,0.0017140674263158087
0.017305276495991395,0.04004513910754075,-0.008825655907487677,0.003533236500782161
0.03007342641135625,0.027354412964577135,-0.011466367979098446,0.010485332804327507
0.03859040709063419,0.011581546215171608,-0.009989356814276984,0.02059579175975112
0.04023989749545216,-0.0037512408954843094,-0.004632596755799509,0.03045866153550906
0.034867991097233736,-0.01547942899232714,0.003280060258660712,0.03648988130723244
0.024853366452747883,-0.021729410859366693,0.01158598182915049,0.0363181476524412
0.014200106203545379,-0.022346467865783946,0.017849246691515473,0.029779818378827552
0.0069907873771055395,-0.018700479862269442,0.020094855073811212,0.019117322440848586
0.005790626882678715,-0.012987972125216553,0.017473474840933163,0.008272878483307218
0.0106200855621231,-0.0073297414035749,0.010612605125965081,0.001511616124051894
0.018901523009405723,-0.0030220053171913924,0.0014985056539585286,0.0018694168269373992
0.026415634142947342,-0.00021754104253261797,-0.007109363820840988,0.009998964361096452
0.02891704324024834,0.001872039194089542,-0.012558630389620518,0.02384970377761312
0.023803598084042837,0.004375291184735217,-0.013186670471309715,0.039313348378956364
0.011208064474760155,0.008040817536493591,-0.008894694659191918,0.05161011432587716
-0.005906226982242319,0.012717891362393076,-0.0011982099293072757,0.05691661104789276
-0.022693933790579164,0.01726773569021048,0.007280626269848871,0.053647986757576725
-0.03408129976895223,0.019953359961779323,0.013711930107427349,0.042937535186944126
-0.03652683195822469,0.019155609959140847,0.016034213708982094,0.02815628291678663
-0.02925598339181086,0.014124568453682148,0.013657824654858604,0.013669160500484317
-0.014534966636632562,0.0054533600622902675,0.007638686581121726,0.0032995152891360305
0.003097742868944958,-0.004935825657480242,0.0002558730610790344,-0.0009322778021685282
0.018349334740821607,-0.01431664371880248,-0.005854134675896884,0.0006504259237878687
0.02689048358866586,-0.02001940331363823,-0.008687245787669277,0.0057239234106037234
0.02667491036062331,-0.020320279878511316,-0.0076165299274732826,0.011019145913922512
0.018431662255483462,-0.01503548131240208,-0.0036106538664523527,0.013655340464226059
0.005216133820344946,-0.005602977604678646,0.001160520194436146,0.01223189593909365
-0.008756253812562807,0.005378749810138675,0.004189456039826761,0.007271531746453938
-0.019534680786034875,0.014989173771566984,0.003640427520827605,0.000874072039149798
-0.024604946193970505,0.020903471551043124,-0.0008784639173468056,-0.00424824989369213
-0.023436230565520473,0.022071406664027175,-0.008080878879626913,-0.0059471045552824675
-0.017292966800745446,0.018935383894612513,-0.01540813651980033,-0.0035483641801584698
-0.008481267286226748,0.013138981041470321,-0.019939259533513387,0.0018635824083697364
0.000612933355325777,0.006860670455874789,-0.019477793642517387,0.007891570123451853
0.008305026928912853,0.002032772779105862,-0.01341642165673481,0.011814057564520263
0.013946090990779876,-0.00027072478947468004,-0.0030560808726671357,0.011715956868966204
0.0177597233331782,-7.553009980309361e-05,0.008747938139167782,0.007308769911637999
0.020343509774457633,0.0016736602385030996,0.018496651491822586,0.00011166125856479706
0.022120484774302118,0.0036078722088884047,0.023196721473258776,-0.007083802891297959
0.02301496379505212,0.004527032662460552,0.02134475712465266,-0.011264043208176151
0.022496205650303497,0.0038577712793104596,0.013404207797468544,-0.010359372041062812
0.019946591702378398,0.0018139546538040903,0.0016170039397991331,-0.004081980662610694
0.015153179086412089,-0.0007733991593849264,-0.010769294854757708,0.005882760492111186
0.008661440398830229,-0.002858565619970249,-0.020573507680764398,0.01640767173735007
0.0017919226825130787,-0.003634434963797839,-0.0256701685972688,0.023986526518140247
-0.0037250905742697363,-0.002849786242184703,-0.025558606676801484,0.025945333286269467
-0.006364421308403048,-0.0008729191079318299,-0.02133901275532612,0.021372000767676577
-0.0054161267933243995,0.0015043210089094108,-0.015143845118660147,0.011443905542021897
-0.0013248574797583984,0.003421598751560921,-0.00926692495208361,-0.0009464515951120014
0.004403001544215135,0.004305046334790889,-0.005328685214606353,-0.012120490157493315
0.009708423252510666,0.004073196316099856,-0.0037823173632504023,-0.01876675072199792
0.012714022502524087,0.0031161589871574746,-0.003919790622841132,-0.018929862063797404
0.012394515226396268,0.002070070247454883,-0.004338209107623857,-0.012526947168198
0.008915998314358697,0.0014946270182482763,-0.003652846318435609,-0.0012628107072636535
0.003510230248100033,0.0015984522236853482,-0.0011585803481261661,0.011976743607770905
-0.0020595200014808107,0.0021317484000458187,0.0028248951791888764,0.02401319497304781
-0.006216607314914767,0.0024910227976736588,0.007054166345047803,0.03224249482412524
-0.008173795667494849,0.0019893152229541605,0.00985949536791151,0.035225195106206045
-0.008171478141571778,0.0001757967739786856,0.009833755039977974,0.032869411072803854
-0.007257090511109586,-0.002930959244743063,0.006437420561011611,0.026226426929919874
-0.006707074476697439,-0.006794597704695631,0.00028189461325070497,0.017036126792793843
-0.007347121103767812,-0.010519064585543927,-0.007018381756478852,0.007207845938512286
-0.00907411911463335,-0.013150588113473041,-0.013368100197389418,-0.0016032058372303648
-0.010802611291622008,-0.014004348208584108,-0.01689074963651091,-0.008238902177970658
-0.010881281313048823,-0.012889733132626369,-0.016548054335979043,-0.01210083117305523
-0.007823475272535865,-0.010152095578341153,-0.012459511652500255,-0.013092196121468974
-0.0010537047737077046,-0.006524101651608535,-0.005820774035013479,-0.01151354440002142
0.00864996782446359,-0.0028543231960747074,0.0015300570034959549,-0.007962415376766376
0.01922763226620065,0.00017566205897511476,0.007725256973823973,-0.0032456352496526737
0.027932847762158815,0.0022380861531628715,0.011434206173973355,0.001718111062571498
0.03224983060991036,0.003389243280452481,0.012193497045868345,0.006030732405504544
0.030793902874461328,0.00395140610203365,0.01041254790498317,0.008981955573106742
0.023850633732115073,0.004315008808850766,0.007093444243760998,0.01021348051636492
0.013338733873444392,0.0047565722339700245,0.0034038959997517854,0.009816684367385087
0.002197546956221638,0.00535135199851192,0.00027939880571955025,0.008305869233884197
-0.006582149686428843,0.006009053812456797,-0.0018041557184965626,0.006448732249602698
-0.010930641472764353,0.006600039483530218,-0.0028327574305781755,0.004994888464547417
-0.01032271352977154,0.007096080952717514,-0.003075450442746524,0.004395056767121028
-0.005835408254347939,0.00764349699686925,-0.002837533746232773,0.004621503268653918
0.00036001722889811294,0.008520217377592607,-0.0022721563381172954,0.005171437843766232
0.0058599204268772985,0.009986726349329357,-0.0013330500798229526,0.005266874775727275
0.00890642807161813,0.012097298296550384,0.00012590464228999163,0.0041833959868179255
0.008952637727100417,0.014566038325583487,0.0021724395907797983,0.0015808239650380584
0.006720863184548641,0.01676747930544233,0.004644380078432667,-0.0023013263667060885
0.0037657125267644004,0.017897992124000957,0.007115084126674179,-0.00667359318254445
0.001746876431819623,0.017253587675869042,0.009006837821216349,-0.010453430598387364
0.0017207216207780276,0.014522047062266244,0.009808111973135122,-0.01265716363852162
0.003736352286237664,0.009968877024589248,0.009294971740009761,-0.012774623493069511
0.006884148294600191,0.004428075613606738,0.00764741765059691,-0.010974333754870669
0.009752083884455916,-0.000919822497432915,0.005393954395909711,-0.008050666998769235
0.011077456302090428,-0.00491575261864893,0.0031945350806244777,-0.005127137417520532
0.010307100785933377,-0.006806563215351138,0.001549303988463549,-0.0032303719829516186
0.00782631007537005,-0.006501446344408794,0.0005628017258230006,-0.0029052052938573023
0.004763530317284669,-0.004597636369425638,-0.00012083493948480961,-0.004027918919134512
0.002461669237380247,-0.002156880105612602,-0.0011639324380566807,-0.005895375409585912
0.001850219983586067,-0.00030922775176080164,-0.0032097193519336972,-0.0075539620067787555
0.002995548010574292,0.00017052193114036607,-0.006514280979770077,-0.008230663417823199
0.0050318020418929355,-0.0008462899499285526,-0.010697648680643088,-0.007682355208314617
0.0065133317558873265,-0.0027972458540206496,-0.014741009736715854,-0.0063097607981807
0.0060486181221163955,-0.004651621175649642,-0.017265168747695528,-0.004979142453803556
0.0029511549510624,-0.005320727833594691,-0.01701085735650458,-0.004619195655947043
-0.0023728666813118693,-0.0041025713632973256,-0.013350242687146664,-0.005761285445065488
-0.008478818192015774,-0.0009917635147440144,-0.006629960648196424,-0.008224691522157719
-0.013380314310964219,0.0032660316193770106,0.0018051569277810937,-0.011097956475261794
-0.015305721978629448,0.007401176371465749,0.00994676345465301,-0.013050195704854172
-0.013418840537850845,0.010049419991997079,0.01572135911342231,-0.012868122800150292
-0.00821219997668745,0.010228245677281533,0.017652907738705877,-0.010011815540108125
-0.001402965097002551,0.00768686963093336,0.015356432937620505,-0.00495886688335987
0.004646560636769562,0.0030031672491314006,0.009681802874209795,0.00082413220386497
0.007774929907837846,-0.0026058615061244905,0.0024482888274057653,0.005305552960621565
0.006817367089653054,-0.007688859331248653,-0.004143531804125522,0.006575979358269257
0.002049109331405008,-0.011032265716933283,-0.008219775789925436,0.0035557994646649577
-0.0048945138615773265,-0.012031496055467189,-0.008815723473834025,-0.0035412580201189606
-0.011594410350882295,-0.010834787272372824,-0.006134252637417306,-0.013173771464836989
-0.01570650939644394,-0.008220580605076199,-0.0014005373356033024,-0.022900285656610612
-0.0157845510204472,-0.005267849141547475,0.003620779605203281,-0.0301330181636655
-0.011765864242801145,-0.0029513849564250377,0.007261300214457131,-0.03296013226028075
-0.004950096358476083,-0.001814443559234838,0.008505346842367825,-0.030751182085201348
0.0025067112946526304,-0.0018336556524342282,0.007274449128081211,-0.02433693414531754
0.008381175039107264,-0.002512277910210338,0.004356041903773207,-0.015707157087023638
0.011155305495397602,-0.0031493118637595068,0.0010278801995077663,-0.007340961967921042
0.01049165121504602,-0.0031679038591245177,-0.001460663166120639,-0.0014103322520992168
0.00725298449655587,-0.0023701726256265317,-0.002345814460302991,0.0008669402666066604
0.003086333121168079,-0.0010212902909529547,-0.001577112103828257,-0.0004858868711869885
-0.0002469859541105249,0.00026281367184725554,0.0002533413757234704,-0.004349984918186195
-0.001528893202470908,0.0007716118798347209,0.0022286317283076104,-0.009003339898487062
-0.00048439942586335494,-6.666879684522065e-06,0.003526473472255983,-0.012757566271694467
0.002207698610297869,-0.0021713408677609403,0.0037634050041359633,-0.01450160887643381
0.005267260962416816,-0.005356274922540118,0.0031272301809077974,-0.013970069989600709
0.007364614261960327,-0.008852801533565553,0.0022545304308498187,-0.011672896145381528
0.007642539604789479,-0.011855000868215431,0.001916761510639145,-0.008556214278452358
0.006007601623617596,-0.01372903574199905,0.0026549576132990013,-0.005558970889951921
0.0030953852117393543,-0.014203955211735295,0.0045194404904585,-0.0032524975630019437
-4.970619312686872e-05,-0.013417351966506882,0.0070224747283640625,-0.001696630675030824
-0.002428712821026857,-0.011809437281019255,0.009320286790103993,-0.0005434480919151007
-0.0034824867266643952,-0.009918594222219,0.010544996904015946,0.0006869509922759962
-0.0032707555264391824,-0.008166771859200268,0.010146326214610382,0.002300911831682642
-0.002379568590773636,-0.00672131884358456,0.008101637889174139,0.004239886768581776
-0.0016164109498035175,-0.005483468573408635,0.004910255306442089,0.0060869835057758385
-0.0016359975289725343,-0.004198841231140345,0.001379240438715599,0.007261700522784326
-0.0026589757113995183,-0.0026348971316271508,-0.0017054574260305863,0.007308045381997051
-0.004396229768798596,-0.0007444450649036899,-0.0038822919923534177,0.006140627310931096
-0.006197736748030841,0.001257403758534656,-0.0051645766609340615,0.004133248342266721
-0.007348709995115318,0.002937598357082072,-0.005977003843852878,0.0020047714088925195
-0.007377774508211244,0.0037944650599367677,-0.0069085910816655514,0.0005462650366294258
-0.006244738281371086,0.0034522696766081246,-0.008390925259067192,0.00030295521815051213
-0.004334888678552841,0.0018229639818004954,-0.010443381410106985,0.0013449216128597098
-0.0022744504868022868,-0.0008296705961745449,-0.012600327006868126,0.003223767927716902
-0.0006587260774629511,-0.0039495957051529015,-0.014059990296809308,0.005135023206684058
0.00018243483438370317,-0.006849964028998942,-0.014001564759790287,0.0062210478467085994
0.000280536994440108,-0.008916573466717523,-0.011944544347743913,0.005892499747856446
-4.8136634669841694e-05,-0.009779883650009848,-0.00800229055973217,0.004041119066031829
-0.00040526589177996425,-0.009397284071895592,-0.0029199754196961025,0.0010637704752827284
-0.0005364259473420521,-0.008023876359796088,0.00212951238086434,-0.0023036532708496926
-0.00046912351541035513,-0.006092664975800317,0.005922582276860017,-0.005267385932563401
-0.0004952782874088069,-0.004056752495077878,0.007596319734551743,-0.007254452683527257
-0.0010053296722767197,-0.0022551689809781478,0.006940081215120852,-0.008079382840209044
-0.002253195794031021,-0.0008482709988611951,0.004457693223486173,-0.007942774161515991
-0.004167508993512176,0.00016383098847665319,0.0011776741224211289,-0.007279526520203899
-0.0063076880952630116,0.0008613998047591696,-0.0017158875089979854,-0.006536785053186042
-0.007999904430355604,0.0013085405149874073,-0.00329297134885765,-0.005985638924769304
-0.008605367216998772,0.001487445089283744,-0.003177083437712565,-0.0056474209763239525
-0.007808362937768321,0.0012931627008437377,-0.0016298337879423336,-0.005357055947766393
-0.005794104230273836,0.0005892499428507766,0.0005994378934523342,-0.004919678271679398
-0.00322649754085777,-0.0007034151642019149,0.002589747509549517,-0.004273092832090417
-0.0010182670603554184,-0.0025272724350724023,0.0036019086079686624,-0.003567459247781457
2.3747552998245464e-05,-0.004656732090083111,0.003334019493928281,-0.0031153061975241897
-0.00046413585051960186,-0.006732792671285567,0.0019895365124540446,-0.0032304006766525548
-0.0022262721656674603,-0.008353665216758462,0.00014684260421611584,-0.004032678731477658
-0.004456517877239784,-0.009188177071417093,-0.0015023874444142216,-0.005320346556330478
-0.0060977786158099845,-0.009069656023745536,-0.002431565669787028,-0.006586486660151242
-0.006261290811159184,-0.008036385988142845,-0.002461393477058711,-0.007194584219052419
-0.004600005137849306,-0.0063064575531100175,-0.0017802496445073097,-0.006652185833990576
-0.0014821178199088958,-0.004200425068741595,-0.0008086488142278331,-0.004868270479010908
0.002113827866030496,-0.002043966926835088,2.122180254706882e-05,-0.002273871163386329
0.004950869861329976,-8.740445166564165e-05,0.00046803433596152855,0.00026670009160404545
0.006000716076808441,0.0015315954309160704,0.0005765822933761489,0.0017422232768343378
0.004844385825922271,0.0027761679047889898,0.000627962893238642,0.0013800008172459369
0.0018471010983123898,0.0036642520565054043,0.0009731894273897757,-0.0010197938469792209
-0.0019652117378017343,0.004216054963723327,0.0018308717904132257,-0.004942943384644571
-0.00528340762932147,0.004421932640327815,0.0031451622210177162,-0.009287084550380381
-0.007001527663373662,0.004244860239113468,0.0045727869552210825,-0.01272510834692811
-0.006623390297736155,0.003653174875993759,0.005609865659174139,-0.014178719556174117
-0.004431895115109375,0.002663783919954754,0.005805785560887134,-0.013223313105396668
-0.0013575199706902068,0.001370607648593307,0.004970400734016749,-0.010263413830544892
0.001398438578224163,-6.0008084575929876e-05,0.0032804801226743122,-0.006401329949863725
0.002833941662423449,-0.001429188275183034,0.0012324639916334798,-0.0030392832795829074
0.002522602900584925,-0.0025654946799489042,-0.0005458286911944818,-0.0013610040790438017
0.0007495091523851138,-0.003378874637542835,-0.0015496956132729292,-0.0018898685364200536
-0.0016417427047755173,-0.0038835605374486423,-0.0016114839514007745,-0.004295181536099646
-0.0036219791310377475,-0.004177724182581194,-0.0009801017286119665,-0.007524463264137485
-0.004412665496868071,-0.004386831893673379,-0.0002257828924648389,-0.010213444397970013
-0.003805415337350222,-0.00459462082891942,-2.4321327757939604e-06,-0.011216436210019581
-0.0022350642177137933,-0.004792669344812345,-0.0007615304074644058,-0.010051332401011626
-0.000579386720632527,-0.004873074304893282,-0.002535979738235542,-0.007085654794225238
0.00022843961199266183,-0.004671031861767039,-0.004888049782662097,-0.0033908272371792475
-0.000388426366185822,-0.004042410421145823,-0.007051351570585829,-0.00032185070929519055
-0.0023871156060940243,-0.002944956721340139,-0.008217905928901752,0.0010125767232481708
-0.005101055288230762,-0.0014878904432079256,-0.007859960038884811,0.00018152086831177416
-0.007499191651008765,7.450113575905443e-05,-0.0059579003890832885,-0.002403969882360066
-0.008603509089745328,0.0014080501882174287,-0.0030390258989286822,-0.0056569685636294435
-0.007894171458562617,0.0022017132976479385,-4.796704164700127e-06,-0.008243849507103064
-0.005535749714901618,0.0022712591029388756,0.0021920893583283613,-0.009106144134024052
-0.002330292149575721,0.0016246931903632772,0.002898317251226759,-0.00786951259254895
0.0005861345060874552,0.0004640390834748237,0.002002247457157616,-0.0049806854626564395
0.0021826062543453782,-0.0008781992112282394,-2.789481889613199e-05,-0.0015222174571515174
0.001932273687932846,-0.0020450853504715427,-0.002326921284619768,0.0012173844870491807
1.1423648990833285e-05,-0.0027654247486295774,-0.003967192491437316,0.0022451390551150308
-0.0027801095780147778,-0.0029290604202141246,-0.004315360605639772,0.001238138649523976
-0.005343580335496836,-0.0026026154687899816,-0.0032725996756950704,-0.0013535873571071284
-0.006719197700775691,-0.001984290650642255,-0.0013047921328870338,-0.004510057733033382
-0.00646104361441863,-0.001319116443749272,0.0007486797575270987,-0.0070619407271408086
-0.00479993496383976,-0.0008093718218855628,0.002012079655140782,-0.008155553475213129
-0.002532097596747564,-0.0005538478056216559,0.0019237562834247546,-0.007575033615665999
-0.0006826726244551634,-0.0005353841811957458,0.00046223218916899636,-0.005795993371709034
-8.318051552450023e-05,-0.0006551288714863115,-0.0018405983991271503,-0.003756090766835824
-0.0010348666015765721,-0.0007932435371539939,-0.004103963265838985,-0.0024430233576810956
-0.00319270001298024,-0.0008669511423319634,-0.005439908349867026,-0.002472827412908968
-0.005713580113135008,-0.0008610257254652361,-0.00529842400614217,-0.003832310564691868
-0.0076046789728525105,-0.0008205025398950877,-0.0036816963105276643,-0.005889560830661972
-0.008127697995069454,-0.0008135624988347551,-0.0011452004910968185,-0.007665117987031442
-0.007094321522454261,-0.0008859746167210608,0.0014129721657964792,-0.008249424438729419
-0.004934822205359443,-0.0010312888672909665,0.0030910031524550227,-0.0071931261652804866
-0.0025156920556495405,-0.0011921985883470085,0.0033184543513137058,-0.004709200850793467
-0.0007844453310322103,-0.0012924447059352792,0.0020593767321554074,-0.0016039284836341025
-0.00038860008113391926,-0.0012829142885211822,-0.00019111578487900766,0.0010350865802863027
-0.0014237424289056146,-0.0011776494400535936,-0.0026097121546922227,0.0022668965249870825
-0.00341023803659124,-0.0010592571218483032,-0.004363134486233537,0.0016680020248632833
-0.005503173367016383,-0.0010472616699251508,-0.004915488385183936,-0.000502770810497731
-0.006844941981534722,-0.0012410184849750011,-0.004206928887417728,-0.003409604375971015
-0.0069134799653987125,-0.0016625616481471053,-0.0026403068748990163,-0.005970124979460464
-0.005723969769479226,-0.0022274739974646436,-0.000890209006950346,-0.0072761312314613275
-0.0038048791271786744,-0.0027615689344797287,0.000381666462866824,-0.0069358716119140434
-0.001963605290742438,-0.0030617151541997706,0.0007870316082154022,-0.005203828297791963
-0.0009433794250622643,-0.002978742896475428,0.00034409382490588336,-0.0028520803014115
-0.0011159617607559517,-0.0024881745729707777,-0.0005645640025390766,-0.0008421595604502785
-0.0023370019528247583,-0.0017165553331225623,-0.0013839048745150004,6.498530516202417e-05
-0.0040209826604373985,-0.0009075328255233753,-0.0016421047156085847,-0.0003978130657737444
-0.0054001740658345815,-0.0003363859059089744,-0.0011601791408184306,-0.001922470439164367
-0.00585572499896363,-0.0002043439157285165,-0.00012786830818665995,-0.0037813030148879725
-0.005180433048729952,-0.0005549230058433073,0.0009839918514748455,-0.005147656124882764
-0.0036632098747504394,-0.0012482662831011584,0.0016350757996045628,-0.005443936464446346
-0.0019614333597874727,-0.002007738550591793,0.0014596987685053936,-0.004572322731657634
-0.0008169913252771693,-0.002524063139035474,0.00043874708715113675,-0.0029361962461045693
-0.0007372864437640847,-0.002577822123624492,-0.0010748087630930159,-0.0012498943193422624
-0.0017765701810614938,-0.002131575576732515,-0.0024896743715475955,-0.0002228349845945915
-0.00351011808452557,-0.0013528601687883349,-0.0032154268570619843,-0.00025464034808164726
-0.005212186176266049,-0.0005556550180691663,-0.0029088440866676113,-0.0012702310885123694
-0.006162725332645344,-8.042652209785256e-05,-0.0016251354900938958,-0.002762208228489979
-0.005953504921334958,-0.0001585127219930621,0.00018995284335165605,-0.004018890214759568
-0.004664306854978284,-0.0008146548429824874,0.0018665130057002113,-0.004437877140549634
-0.0028341443710516905,-0.0018480388401393433,0.0027700007688731404,-0.003789844664478459
-0.0012383143224688987,-0.0029020323820176594,0.002550294284581929,-0.002319743466249344
-0.0005636304374179342,-0.0035976113992561426,0.0012803662970417642,-0.0006426546379115286
-0.001117339988078423,-0.0036793514460754266,-0.0005711946941060059,0.000520732792929815
-0.002691921107174651,-0.003116586316589412,-0.0023229226965252037,0.0006558467422965036
-0.004643619183987688,-0.0021189054339831037,-0.003345443247347868,-0.00032002276543058317
-0.006153874703999647,-0.001058396903536353,-0.0033031063154291967,-0.002014690778483902
-0.006566546899777939,-0.000327911590877375,-0.002276760963361997,-0.003720126764294826
-0.005661744607001525,-0.00019038498260576242,-0.0007204757950284996,-0.004707384719050592
-0.0037525568096449767,-0.0006784002554364177,0.0007281227751450639,-0.004533506014242725
-0.0015636060036769636,-0.001583754015505895,0.0015059002293886098,-0.0032309363858688753
5.9826862938858194e-05,-0.0025413118813192026,0.0013463072542680074,-0.0012989517149948173
0.0004934266859921294,-0.003173987871292916,0.0003771113835532164,0.0005004936221187813
-0.0004136079784010267,-0.003241268297438149,-0.0009432696130790563,0.0014579777869325166
-0.002278528396664474,-0.002732228779824885,-0.002022188680847012,0.0012115109397618923
-0.004342001535957082,-0.0018661908753994996,-0.0023800145141128354,-0.00010217573591294118
-0.005777592119272479,-0.0010012136718413056,-0.001846810215812008,-0.0019035665930453062
-0.006026885742349879,-0.0004876435132666404,-0.0006289440981701519,-0.003410748305043186
-0.005023199273120914,-0.0005260076144404519,0.0007799415893014611,-0.003964453334431628
-0.0032129388795841124,-0.0010866749343340365,0.0018054323583776358,-0.003302497601133658
-0.0013669783645294635,-0.0019236140590314574,0.0020305778039421754,-0.001669268365851545
-0.00026058723825338366,-0.0026763702712163245,0.0013679385262001346,0.0002854671719738078
-0.0003540116360267499,-0.0030185399290943993,9.535789895639274e-05,0.0017764424001185941
-0.001604889831880365,-0.0027921096337798837,-0.0012584258437827595,0.00220920732153021
-0.0034888507160370902,-0.002072780312407485,-0.0021307557351958883,0.0014271046894271666
-0.005218662483498171,-0.0011395253830222274,-0.0021554095668627204,-0.00022384551067940184
-0.006070667284287373,-0.0003607243769807658,-0.0013121233510141883,-0.0020390943934509853
-0.005683526001637698,-4.334634183780924e-05,6.547860881739309e-05,-0.003248669806638106
-0.004206334294798331,-0.00030687857549184516,0.0014262837516338077,-0.0033371822339639742
-0.002235762802974245,-0.0010337283532194166,0.002226321899003257,-0.002257532022885367
-0.0005690337042881938,-0.0019166620669274215,0.0021498371817637724,-0.00044944108022388837
0.00012472293655835243,-0.002584162723152539,0.0012368646790354154,0.0013447554097304713
-0.00042097536057608687,-0.0027525927748269646,-0.00013418758727326563,0.002390189792369223
-0.001962328338386332,-0.0023428727959138446,-0.0014012589301426598,0.002266155870174029
-0.0038481190669951695,-0.001513687703467298,-0.0020471984701467966,0.0010416130849019989
-0.00528976494359719,-0.0005972580229255155,-0.0018090170934228558,-0.0007536152178334865
-0.005686570035682827,3.639333295121956e-05,-0.0007829861536326754,-0.0023499309138297025
-0.004871968462681758,0.00013131109560896026,0.0006165278968739696,-0.003059193160131991
-0.0031797159505219247,-0.00034862191552282457,0.0018269952569954784,-0.0025622003773863485
-0.0013036366880276248,-0.0012036312188184808,0.0023667415329977487,-0.0010425474173933608
-9.718857116907537e-06,-0.0020787385341178993,0.002029771074135857,0.0008890597944659316
0.00018007926582737192,-0.0026085675060715935,0.0009675158181698482,0.0024486744787592454
-0.0007981460739089801,-0.002567182864834608,-0.0003750182567440752,0.003005546888463634
-0.002526119535001283,-0.001961519903629236,-0.0014419336563938484,0.002345195330695632
-0.004278194839987228,-0.001029790234929974,-0.0017930784451848925,0.0007594462112282818
-0.0053220664951829115,-0.0001450292531683453,-0.0012823319531061056,-0.0010742664191883342
