ch0,ch1,ch2,ch3
0.004814688448824628,-0.0027030629614721753,-0.005407895667213846,0.005820383918937386
0.00825206460491433,-0.0017484023115929836,-0.007865717160611184,0.0028638053542715085
0.009386188471537627,-0.0009927305971664802,-0.007078292734895138,0.00026411708624919997
0.007736396998354128,-0.0007532152570774719,-0.0033362039562487567,-0.000929075272802983
0.003975158459945893,-0.00113189684980107,0.0018441078743608869,-0.00024616963232005837
-0.00035060747942321224,-0.001974565695870501,0.006347677569859808,0.002007824541181938
-0.003460443578206171,-0.002935824718002862,0.008337514902174575,0.004878528516362252
-0.004077982193518577,-0.0036228714099197784,0.007017107061339036,0.007155823162156589
-0.001959689354229348,-0.0037581338315516855,0.0029624686126813633,0.007873423253838864
0.002004339131720899,-0.003293408859988148,-0.002114699056986573,0.006708053568025632
0.0061592917928624015,-0.002428542736603076,-0.006075452459458078,0.004113262297002096
0.008771404990228122,-0.0015273987809907852,-0.00724059465105531,0.0011325075759010123
0.008746410388506442,-0.0009663716771219771,-0.0050885760356072784,-0.0010313202427598006
0.0060829322638833415,-0.0009784460114534085,-0.000474437206982755,-0.001512126598782887
0.0018729100565591898,-0.0015573596451783842,0.0047219624944057365,-0.00013763591398331665
-0.002151171796260048,-0.002461288216029957,0.008373660157602575,0.002500146201048055
-0.004334631932346365,-0.0033141222610044777,0.008988546944198754,0.005289881933637802
-0.0037867864036393063,-0.003762020477414328,0.006330004568797468,0.007059736977470289
-0.0007505130438309089,-0.0036201848683733023,0.0015182941741652828,0.007060280215390673
0.003498121626134911,-0.0029490528851426404,-0.003430440025266851,0.005271918965900539
0.007178725955234975,-0.0020284921178273033,-0.006437602451128552,0.0024101946226742707
0.008744848042551562,-0.0012408905275579744,-0.006223279286046712,-0.00037254666517776147
0.007525657438435328,-0.0009117419255585679,-0.0028381765040522006,-0.001964951535599148
0.004004962222035391,-0.001173868977770727,0.0023547629172830514,-0.0017557164858463536
-0.00037830552847996357,-0.0019116086461020351,0.007242488977148572,0.0001161347548804259
-0.0038256912977921165,-0.0028082175415878596,0.009835739514545475,0.0028228734883682157
-0.004924230143676572,-0.0034771196053684263,0.009093048068886136,0.00519516255255438
-0.003232129765585373,-0.0036230010527467556,0.005353221811762655,0.006209811979678657
0.0005377324750457727,-0.0031663917468799877,0.00019632993889179967,0.005415263970191889
0.004812769888190554,-0.0022802969860795247,-0.004210149252031087,0.0031181088095971962
0.007812081485829667,-0.0013234666229669598,-0.006009784133480467,0.0002535452006923386
0.008284432110742715,-0.0006971766630994997,-0.004428035999837279,-0.0020057537717811796
0.0060269119316963965,-0.0006836078923247932,-9.54378787480191e-05,-0.0027391283077901445
0.001969097141299128,-0.0013313101805936672,0.005211959916191753,-0.0016617514993479184
-0.002212481642858949,-0.0024339252020596155,0.00930851629475452,0.0007570723294689531
-0.004790058747528046,-0.003610338906223337,0.010507040823705432,0.0034902541372398947
-0.004702313062933044,-0.004453371093807609,0.008322477508643525,0.005381841205160318
-0.001996428681461838,-0.004686744582941743,0.003678471589899838,0.005629427274857799
0.0021890645019618724,-0.004267441213444079,-0.0014706030816400983,0.004118582199216483
0.006094112517222742,-0.0033934775480575097,-0.00494740904974348,0.001469480875127785
0.008065472653903089,-0.002415999932922755,-0.0052557164710254345,-0.0012240101780553563
0.00724212295798329,-0.0016933701519882688,-0.0022062197759301246,-0.002854022239642595
0.003913820691210792,-0.0014477644672435189,0.0029964760360776527,-0.0027650524969497978
-0.0005959789867681399,-0.0016826071535466572,0.008244011920085649,-0.0010316401039576137
-0.00447479423815704,-0.0021931361599459784,0.011391078733860256,0.0015696633912539032
-0.006168296044282963,-0.0026635337437667913,0.01114182929926185,0.0038835303818458983
-0.005021024314867485,-0.002808467474050856,0.007589574971616504,0.004860214230083057
-0.0015456911122100625,-0.002499160218995322,0.0021856266715179692,0.003998897523927781
0.002790158214913345,-0.0018213159525747868,-0.002851656261675481,0.0015640330546284054
0.006171602018389649,-0.0010411112814021142,-0.005445369125175336,-0.001517391270335157
0.007186350208249863,-0.0004938786412606311,-0.00451229622342951,-0.004036859488063607
0.005406933962996085,-0.0004421227604853176,-0.00040763156960166996,-0.0050062539018829455
0.0015644765012641296,-0.0009619986008668775,0.00522141240176395,-0.004071835176352467
-0.0027571797430954482,-0.0019053849652236575,0.01011305779541885,-0.0016667606475765477
-0.005779476433581628,-0.0029533882107397325,0.012320349419399135,0.0011634355470587776
-0.006266062032666454,-0.003739566108017357,0.01100937810473026,0.003192043239808512
-0.004033144835318091,-0.003992856839090529,0.006797407061580545,0.0035212583173800105
-2.224054085077018e-05,-0.0036426384707962944,0.001491981424186422,0.0019593088036086587
0.004093817765932709,-0.0028443679946509037,-0.0026605118181185945,-0.0008932598020604393
0.006606954991019473,-0.0019169626445381602,-0.003905836154973398,-0.0038860448262423575
0.006482182544817673,-0.0012188270469300488,-0.0017075040347294054,-0.005791445207217916
0.0037837452776940395,-0.0010134877526766818,0.003032759698870152,-0.0058127162935588395
-0.00035751267313012536,-0.001378501263903209,0.008350326561504334,-0.003916806498792794
-0.004220934946559882,-0.002191952789997259,0.012032899860158618,-0.0008529974241017618
-0.006217330768692242,-0.0031979017394696413,0.012537965126020248,0.00215186784234506
-0.005553287501239259,-0.004119515989502692,0.009632744913944953,0.0038965319352638125
-0.0025609538496098663,-0.004769972068243693,0.004492153908241273,0.003698853126023482
0.0014445563624551454,-0.005114057427734568,-0.0007851098399135337,0.0016748155029485887
0.0047205946983191575,-0.005256235752669132,-0.004041238148115606,-0.0013135798597449875
0.005832903369968494,-0.005363766564154,-0.003946237170559974,-0.004020887825778393
0.0042636880804203595,-0.005562184476096535,-0.0005399598485958806,-0.005341207268799834
0.00063624668653018,-0.005852722174282031,0.004794218782725457,-0.004773868449144986
-0.003539594898357326,-0.0060917813662942355,0.009911245081419176,-0.002636689109574923
-0.00649651015506153,-0.006045247283244234,0.012798144910327491,6.430797997188098e-05
-0.006950985215960527,-0.005496867392472366,0.012406781365207231,0.0020570773822400704
-0.0046463558790228125,-0.004364444566222377,0.009078665822889229,0.002343614420743975
-0.0004684543828152657,-0.0027713810523936483,0.004385429964678389,0.0006329039348982393
0.0039173474466266955,-0.0010373593484470228,0.0004528303591478655,-0.002516056071517246
0.006758436280554392,0.0004155347045789251,-0.0009475696565216241,-0.005905353604669303
0.006948047736068608,0.00120931247486444,0.0008430972397897724,-0.008181089624517544
0.004491247708525978,0.0011533125198170645,0.005082894356550738,-0.008391928763213222
0.0005055200688586434,0.0003262939968706295,0.009935918694544459,-0.006393179890619532
-0.0032485385041460457,-0.0009389136148403726,0.013249375520249535,-0.0029271479192307034
-0.005113318652044063,-0.002167438365661453,0.01347749893325697,0.0006582467642754566
-0.0042452660921355745,-0.0029121943173164577,0.010364096216195676,0.002942431376933778
-0.000989770149996183,-0.0029186772195248373,0.005092494780905711,0.0030023571998170698
0.003244143770560537,-0.0022219126476086676,-0.0001687402419627143,0.0007883552248598852
0.006565505899117391,-0.0011372046687429388,-0.0031443013944101664,-0.002848401801772399
0.0074030102388057545,-0.000146081461070785,-0.002395613116387682,-0.006490058728797279
0.005193184837818068,0.00028137323826446514,0.0020616047892659216,-0.00871422261241532
0.000662429145498078,-0.00013785353191044653,0.008726264383952673,-0.008657588050473564
-0.004426388713222124,-0.0013914276190269866,0.015188315764038868,-0.006353714211902131
-0.007971881293949643,-0.003170961059357081,0.019083099755340914,-0.00270929053520573
-0.008399052882822444,-0.004978853029488142,0.019036233184738793,0.0008699867893194983
-0.0053380894150196895,-0.006302605424398228,0.015212316554680652,0.0030507879641657326
0.0001675042035487774,-0.006791838264659747,0.009240864600796372,0.003108251514913521
0.006021349471610572,-0.006373049628025512,0.0035473572345426016,0.0012097183981599202
0.009871292564089924,-0.005261271699214365,0.0003618202739266649,-0.0016674013170386026
0.010031491131069777,-0.003866765172032438,0.0008110282259573068,-0.004147956468915026
0.006162113244419287,-0.0026339207907479095,0.004467588480292786,-0.005032147864584363
-0.0005683952693661398,-0.001874018409001317,0.009542478202996973,-0.00379595828654343
-0.007909190455714823,-0.0016545889874102111,0.013643175969979132,-0.0008167532638083813
-0.013377282135203547,-0.001785897934514391,0.014785856945688514,0.0027651692135471084
-0.015198303130574624,-0.0019082282569771007,0.012243546854843648,0.0054904692183479
-0.012967187788294171,-0.0016460681777117868,0.006877144696120968,0.006149315865233637
-0.007769905184707271,-0.0007707779524732498,0.0008069581948599025,0.0042466696575381435
-0.0017227979498727758,0.0006895369291578003,-0.003447002718728581,0.00018227007159364594
0.002881650178215872,0.0024348404968272275,-0.004008035843584612,-0.0049180689068917816
0.004478214510706097,0.003980398557576601,-0.000442645835639896,-0.009641728196435662
0.0028206257750662683,0.00481764895017428,0.00601358330005522,-0.012814959153249178
-0.0009706181122583132,0.004593905410719124,0.012903925885319148,-0.013902962633551272
-0.004915297061275914,0.0032492623609373765,0.017499132904127496,-0.013132257863788577
-0.007022432138831303,0.0010632296718630328,0.017869941584208585,-0.011303779261544473
-0.006132076372960857,-0.0014065885221636182,0.013655132089625363,-0.009394520429249133
-0.002406900604487172,-0.0034763656115236116,0.006218211000980578,-0.008129236451013426
0.002724620251574092,-0.004532230816668786,-0.0018693027749594193,-0.0077074890166655115
0.0071475878561871875,-0.0042108920368660735,-0.0078111487686893105,-0.0077954401091712144
0.008924821246218295,-0.002510139202646089,-0.009645235369174693,-0.007770536865588179
0.007093729461198031,0.00020348527718725556,-0.006961654376727647,-0.00709393536308317
0.002072884170956947,0.0032914240395057054,-0.0010049049678566013,-0.00562964756214368
-0.004485396573802404,0.006015042853589975,0.005864819503811708,-0.003755272859984421
-0.010335946521058622,0.00773217606069268,0.011120966130865217,-0.0022054462137656786
-0.013516675981248633,0.008061600429613305,0.01304252019644258,-0.0017135591772207623
-0.013108927436787862,0.006969286796421351,0.01132260826508094,-0.0026148302071362373
-0.009581271730145082,0.004754024696286954,0.007086151437017386,-0.0046002908671890635
-0.004585389391998804,0.0019399688413430545,0.0023354705380977114,-0.006752849269052452
-0.00029249766463915194,-0.0008888520570672909,-0.000925077827674689,-0.00787627106115131
0.0014602751271678566,-0.003260001626778891,-0.0015116251400912667,-0.006996365154794515
-0.00012594978372162946,-0.004936635805948997,0.0005083297658389149,-0.003828056131384587
-0.0045298990067404316,-0.005955668776629314,0.0039405754939702275,0.0009983907931684285
-0.010149368564076673,-0.00656923518572794,0.007069106987546855,0.006069972242252874
-0.01495154539302473,-0.007110455128349069,0.008463938614615488,0.009656426216259364
-0.017265259456578287,-0.007830780922316063,0.007633791403022505,0.01034216567098526
-0.01639915646050958,-0.008767890383965506,0.005238805354522237,0.00758042386507695
-0.012850768389315469,-0.009695219162175917,0.0027726941255227008,0.0019450646959946298
-0.008043601736084885,-0.0101779475171251,0.0018555637060713188,-0.005032018934706894
-0.0037200791706631098,-0.009723174717209765,0.0034490534259361896,-0.01138813877173167
-0.001249572860663531,-0.00797628575246162,0.007342012708903691,-0.015425590080051385
-0.0011316991251544561,-0.00489407410070522,0.012141955759282064,-0.016309204496725557
-0.0028813027616404474,-0.0008271556848941236,0.015792733421390107,-0.014334140436360679
-0.005316225030663896,0.0035288783270498586,0.016413071139591978,-0.010761013613254603
-0.00710312319523481,0.007309773056830491,0.01310951894081304,-0.007286619405906934
-0.007319019188229414,0.009735549501302957,0.006421121460033569,-0.005363218236117184
-0.005794651272095908,0.010356734961087992,-0.0017989624753156803,-0.0056387124282362006
-0.003111979237717534,0.009206035546939351,-0.009028948677450271,-0.007739404630182634
-0.00028318100222450397,0.006795246295679687,-0.012997871817019294,-0.010476519539261653
0.0017260230499409526,0.003949363716146442,-0.012512895069019814,-0.012384334352344135
0.002407497334235967,0.0015289296366710892,-0.007866836873540894,-0.012362447789399642
0.0018763794938079364,0.0001358262615014389,-0.0006717245353222712,-0.010153072857689766
0.0007311092150952408,-9.081151864637714e-05,0.006800264911731524,-0.006453712489724248
-0.0003096104087191229,0.0004900755077085275,0.012488224396371969,-0.0026179488409425467
-0.0008087384355629952,0.0011740030451159317,0.015266751684415839,-6.974327070932707e-05
-0.0008523459338761275,0.0012000909295625875,0.01523589609241803,0.0003218300406846314
-0.0010086901398618023,7.081090775542392e-05,0.013481685970183788,-0.0013590297565451645
-0.0020178006746173274,-0.0022207069736914567,0.011440768895226213,-0.004078195148749825
-0.004355340053174478,-0.005149165833963819,0.0101698226092794,-0.006265594049887913
-0.007881400300510766,-0.007827039004143194,0.009854293489091035,-0.006476374395167753
-0.011755700211601952,-0.009330015927358257,0.009777354535129845,-0.004028374301747378
-0.014685889327765152,-0.009057704331966308,0.008758265950294275,0.0006520110592783401
-0.015424640630501408,-0.006988609386273097,0.005852138353196923,0.006129609565556728
-0.013310921849553459,-0.0037220604783641947,0.0009765415163524513,0.01048027951061975
-0.008616694778996,-0.00027777762243171196,-0.004847478392298078,0.012032353318207702
-0.0025312921080304085,0.002281986702795554,-0.009787492053036643,0.010036229714454914
0.0032350600721524347,0.003268600624457614,-0.011933355025613587,0.004991110670174308
0.007082126732075807,0.0026587503580650304,-0.010170976270788133,-0.001509597931595212
0.008129561146040923,0.0011382163632775496,-0.004807999136070315,-0.007362462225948651
0.00654757755304841,-0.00013537159325010054,0.0023562674648329313,-0.010744217079488583
0.0034591906416604687,2.4839740037002622e-05,0.008603282572013711,-0.01080033322501072
0.00044308156243893365,0.002347841190797239,0.0113235981292521,-0.007962189235629281
-0.0011606760189577792,0.006761048087921928,0.009104165444797134,-0.0037682761231184747
-0.000846816959975058,0.012332552794383438,0.0024230259876814736,-0.0002595824716932968
0.0008214449362541759,0.017538483842386772,-0.006367864909333776,0.0008140537388009947
0.002459173633281103,0.02077057197781676,-0.013817579544922035,-0.001332551433106656
0.0025004042351428057,0.020902051427244855,-0.016647371341202588,-0.006225733616374768
-3.073000503857337e-05,0.017699480505988255,-0.013040364460512752,-0.012325787215936565
-0.004954398721877015,0.011919033043211964,-0.003439886262570538,-0.017622803073680502
-0.010842825941949283,0.0050419462205599196,0.009481313260364804,-0.020396309272690295
-0.01548248260097089,-0.0012577084376256507,0.02170451904666959,-0.019841614437756387
-0.016739585768346547,-0.0057125400545231,0.029290441541660724,-0.016326313029402857
-0.013495561808582503,-0.00789594932128608,0.029814832921480988,-0.011192658991235713
-0.006265759061345015,-0.008316736996265148,0.02326606691376011,-0.0062024839965676495
0.0027812174158522995,-0.00813024003040596,0.012055169796640664,-0.0028579297186106445
0.010459995873674258,-0.008575049687021049,0.00012766652267118261,-0.0018700152821961406
0.01365601605326322,-0.010360292415968073,-0.00848674134385223,-0.002975410800439074
0.010468084198557104,-0.013259214007673839,-0.011133276296352523,-0.0051522868861176435
0.0009684234063860875,-0.016093902351449422,-0.0074452188313070405,-0.007122114083692302
-0.012726525455753694,-0.01714654828319746,0.0006278645684276302,-0.007913304346161262
-0.02712510466194528,-0.014860197830104283,0.009668233212703388,-0.0072484497693708
-0.03853648433585208,-0.008564003270281437,0.016164777434583,-0.00560225526895812
-0.044322137462409095,0.001072058118497643,0.017865619924321875,-0.003923378664764776
-0.043756918382669666,0.012062619884047103,0.014580399464407062,-0.003157254044398622
-0.03818037066718436,0.021648280593210577,0.008134490550528457,-0.0037880398069951443
-0.030390433560255004,0.027189454710078338,0.0015226691690838484,-0.005603340818047545
-0.02352247845586255,0.02710108347322343,-0.0023704761154283577,-0.0077835623643367595
-0.01985223072636467,0.02147966247426411,-0.0019506903914976795,-0.009273749458174663
-0.0199844309606656,0.012168619452269769,0.0024838244713654076,-0.009271844719737098
-0.022731142658220606,0.002204512975381233,0.008948180030826845,-0.007616356683923534
-0.025707618157398433,-0.005185332067132233,0.014675386555959513,-0.004899651418223835
-0.026389769643793623,-0.007688645235262873,0.01732213206873904,-0.0022512895387876986
-0.023198583650516365,-0.004719940791951607,0.015958939068105846,-0.0008780311573832467
-0.016173763067781927,0.0023651966058662877,0.011426269072928812,-0.001552452342376845
-0.006971176051092917,0.010746015058895414,0.005911801663087579,-0.004265768523597169
0.0018044602425895812,0.017143767067826457,0.0019377724634949273,-0.008192659267438743
0.007651316490817392,0.01900177991828786,0.0012005298586945656,-0.011985772278251587
0.009173819157507146,0.015409084609462107,0.003770286100671316,-0.014280552434540874
0.006629546011070284,0.007425595573302204,0.008008471281696239,-0.014205013813485457
0.0018017587344491548,-0.0023166805552858744,0.011254974145716051,-0.011689834821308316
-0.0027433693897226524,-0.010594809171762698,0.011005340531600922,-0.0074603113236911545
-0.004705647615677461,-0.014798384804859371,0.006079122094262188,-0.0027255956763491684
-0.002975230430265763,-0.01390822387110019,-0.0027302334826499047,0.0012952083601796421
0.0019424589801900344,-0.00888252572060863,-0.012827513127132567,0.0038086516739718745
0.008167505369409842,-0.002300901764342597,-0.02077275305785048,0.004668246609481605
0.013243550973739943,0.002606512854978954,-0.023650998487043315,0.0043052945909837
0.015157396397853413,0.0031857082168717105,-0.02029435316467637,0.00342230093206522
0.013157747836404894,-0.0016170867899788915,-0.01183712860629852,0.0026035937744009058
0.008039290113095426,-0.010819661580786372,-0.0013448950833688592,0.0020274056086508965
0.0017841165688879668,-0.021723911346280877,0.0073651223750927156,0.0014094871081486299
-0.0032790391942334185,-0.030876126028691782,0.011254591438022633,0.00019586253647903284
-0.005438343740398283,-0.035310577065030026,0.009325856527357734,-0.0020967204177817153
-0.004278915842818226,-0.0336116974320361,0.0030836157964162156,-0.005564986346295604
-0.0007974362615342928,-0.026397628638229847,-0.004025037084233747,-0.009789841085901474
0.0030878914376670993,-0.016046226681728316,-0.008002795848439527,-0.013967317171602628
0.0054125600586685495,-0.005771769565898834,-0.005989744874167054,-0.017247289698139885
0.005041639762917022,0.001592287920002218,0.0024312913663603157,-0.019121647582942557
0.0021610255018719993,0.004636619649683593,0.014860811592743961,-0.019669112429303696
-0.0018360140796356977,0.0038434876290060482,0.02683566141355171,-0.01952075957069096
-0.005024395607541747,0.0012971764646953765,0.033461545593779465,-0.019536999362808838
-0.005893078506753795,-0.0002514270929206419,0.031319461298630086,-0.02032813529563842
-0.004140676378016947,0.0013977268971704787,0.019911287726810514,-0.02184118838690595
-0.0009501175544546422,0.006873899297404024,0.0020653311292914284,-0.023228990453705883
0.0014161442660792362,0.014825185319971353,-0.01689260959053581,-0.023108368528061658
0.0005695279950128293,0.022302519348463848,-0.030929389118822925,-0.02014365270243028
-0.004879912818979891,0.02582011769923704,-0.0354121822831305,-0.013731868148436036
-0.014502505076055994,0.022710342862976508,-0.028760558553849236,-0.00448999785369722
-0.025909518583455665,0.01226645871763915,-0.013032408099465369,0.005705502611974625
-0.03541331154406462,-0.0037689109575415602,0.006773945353291478,0.014211329670163114
-0.039283963677231526,-0.02157999336792782,0.024445865270883056,0.01850692335372629
-0.0351459671505918,-0.03641442778782858,0.034681266941721044,0.017162044985152322
-0.02297823253934308,-0.04409473785975797,0.034847848088653946,0.01049690818262039
-0.005311245829747811,-0.04237652177733624,0.025762830563929015,0.0006381850365439132
0.013489536305398675,-0.031674612976665906,0.011252172034170727,-0.0091067653355753
0.028618244882358895,-0.01490269881786851,-0.0033026761567211613,-0.015367108878373156
0.0364028593671991,0.0035113659255622577,-0.012867571425683198,-0.015917018499783595
0.03548696155976485,0.019079523587447918,-0.014413513953972515,-0.010513373996677726
0.027192005116697896,0.028660155197389913,-0.007765497496948381,-0.0010208860408684383
0.014941936744714413,0.031328625265562154,0.004591530934233257,0.009253372193978721
0.0029841767986974674,0.028427922494365418,0.018589445534510363,0.016786068182748456
-0.005100701219545187,0.022820030076260493,0.030071028659065538,0.019164476589339452
-0.0075434229327432725,0.017648931159341352,0.03612903333267181,0.015998583570849913
-0.004778744501802996,0.015095270905761099,0.03583509746429929,0.009051166660811481
0.001014882550523316,0.015590104246876714,0.03018135693564309,0.001518948506331011
0.006995197878087223,0.017768786540858873,0.021374308344427762,-0.0032651153704021108
0.010889969506399103,0.01915853286187491,0.011847731554052606,-0.003199420463709861
0.011879898900579777,0.017313836138962667,0.003417161082738429,0.001699021460994661
0.010790498135552301,0.010947491852422456,-0.003123083585363026,0.009258284614916096
0.00955057799047234,0.0006123045703810091,-0.0078897369537436,0.016002284508662083
0.010181850164504985,-0.011335551663845127,-0.011447598194032318,0.01856578807028269
0.013774410548693015,-0.021484553079776897,-0.014285220376922023,0.015112374780210845
0.01990004389603916,-0.02654938849103025,-0.01650335519041811,0.006176264513083448
0.02672286990598325,-0.024544453925987267,-0.01784496551750308,-0.005434295397601999
0.03176626980218299,-0.015511459653470082,-0.018000358265449483,-0.015664023367920464
0.03301182407639946,-0.001531446655719174,-0.016973014602904832,-0.020781707399573385
0.029858109321211447,0.013980955651645973,-0.015262419332833559,-0.01887637369281766
0.0235166463635431,0.027437656686351345,-0.01372243989422827,-0.010670906584280045
0.01664976817102659,0.03626405359158016,-0.013136214936559823,0.0006962796201133367
0.012368033931011466,0.039682440892503876,-0.013719530690628104,0.010863397131590229
0.012974933912608361,0.03881883771548098,-0.01483544007363194,0.01595719505561497
0.018962714445955722,0.03611636243328816,-0.01512979973578226,0.01414700145847414
0.02867611248514962,0.03429591286243005,-0.013104875660061781,0.006407749866834234
0.038803753842798404,0.03526753194446891,-0.007920720089040326,-0.0038388576654321965
0.045531906854423196,0.039404128748762576,-6.014366787572556e-05,-0.01209064436449803
0.04593179178919028,0.045442721383489225,0.008503917033703111,-0.014612096467528988
0.039054746819548194,0.051034775020397743,0.014822559574213454,-0.010024262706775547
0.026317668270350557,0.05371984701211123,0.016060734291999446,1.9988331249380653e-05
0.011031163162336446,0.051938955921752225,0.010774186011644503,0.011383790734106673
-0.0027519585049407547,0.04569410236068882,-0.0001618087044133118,0.019041035872409455
-0.011637024908695559,0.03659991342898017,-0.013436667166188701,0.019112723020455278
-0.014021463376515567,0.02730779451499314,-0.02418417828330753,0.010539908612057192
-0.010560290926820412,0.02052251714321044,-0.027644042237420202,-0.004294989561317266
-0.0038224170562378493,0.017985266783586452,-0.021037772717096295,-0.020291053133385084
0.0026990189322478753,0.01980848938989653,-0.004932463874542249,-0.031463659640711995
0.00583110825006441,0.02441350655299663,0.016513009096440295,-0.033210525445796876
0.0037613003452963657,0.02909380967699484,0.03664669275515025,-0.024136258510676682
-0.0034765549038659194,0.030991930285371252,0.04848918381068536,-0.006709690971053291
-0.014186666282318038,0.028124332480540727,0.04724694458604945,0.013535509052838736
-0.025724825222605992,0.020073913417217502,0.03225651582896329,0.029986300145201844
-0.03542027079242445,0.008097866986087568,0.00758436895716845,0.037384679415418516
-0.04134902065123778,-0.005379462259394813,-0.01904406034630788,0.03378588875596552
-0.042710421014203796,-0.017687652375172072,-0.03871009078636689,0.021284125005476426
-0.039753660631477256,-0.026890176902557475,-0.0443514158664405,0.0052147066511947365
-0.0333919017090047,-0.03244924155054499,-0.03332426151663666,-0.007874366498058845
-0.02474649814901185,-0.035323856541255916,-0.008531660996618687,-0.012712177889136318
-0.014844158548066415,-0.037466781274031635,0.022348716323739623,-0.007304659288930385
-0.004566100660904751,-0.0409162048362646,0.04933450697654375,0.006321500942146202
0.005212398155393337,-0.04683471759182509,0.06348682062421991,0.022913700797552707
0.013468896532887579,-0.054872425380898385,0.05998119443893716,0.036016252225585896
0.019055269745924294,-0.06311350917698844,0.039820190497923576,0.040437032443428375
0.02098191306245219,-0.06864942996122328,0.009570691253725554,0.034205340985496865
0.01888947357743072,-0.06858715425802467,-0.02080105496296319,0.019270519973627852
0.013488123147238292,-0.061134015333062494,-0.041255930452056555,0.0006843189743350395
0.006696184941257184,-0.04636389062604527,-0.04502455397328205,-0.015398824092458829
0.0012952077310842275,-0.026376423696514724,-0.03082299725739189,-0.02411202501956478
0.00011299365309857395,-0.004773614248608992,-0.003203500027853204,-0.023720106684181626
0.004970964135494152,0.014380501710322768,0.02904099079929867,-0.016203636282704527
0.015786637115995997,0.02776807056606323,0.05582945160172702,-0.006369569481609747
0.030226664169487487,0.03378483818171524,0.06906826314720996,0.0001444000107219956
0.04414051326564199,0.032942548135762376,0.06514521335532501,-0.0008264398365713244
0.052721659503737334,0.027579469098775684,0.04585342198095288,-0.010273461782702331
0.052049614270037625,0.020991202568543407,0.017529515239925103,-0.025582353212132272
0.040483123318803646,0.01628954947131646,-0.011194610428943055,-0.041527169322583934
0.019386239977252633,0.01538142740860234,-0.0321892789018811,-0.05228585282283095
-0.0071159093430260695,0.018405655908981085,-0.04021906416859332,-0.05367528931236275
-0.03330934371699387,0.023795768587162598,-0.03419598315734959,-0.044728760211115014
-0.05360338232424044,0.028915270705057065,-0.017015568160475468,-0.0280114368067831
-0.06418513923503064,0.031018024960688572,0.005795686634607347,-0.008577781068813461
-0.0640326600131135,0.02818818897441729,0.028020682406510913,0.007986946402031674
-0.054941164801343444,0.01994220073412194,0.044561725101906674,0.017645736575853107
-0.040590414416241005,0.007313895939064348,0.052554678796296585,0.0192851546907485
-0.025044886942284426,-0.007562289615609142,0.051556991041695026,0.014865315326977279
-0.011287890275582687,-0.022179059608641187,0.04294976690521586,0.008330973945850985
-0.0003610093620683222,-0.034409292500640724,0.028954673562386075,0.003775577075444448
0.008578368187707292,-0.04301604051851399,0.011730885604685715,0.0036472464734021715
0.0173531223025319,-0.04776787299299984,-0.00711355471262376,0.0077547949263956015
0.027442064604175746,-0.04917433315892458,-0.026508300228929096,0.01348730331101751
0.03883952446779797,-0.048005457265497944,-0.04556208426419045,0.017144917715114408
0.04962947831703329,-0.04483331597795432,-0.06315398786126057,0.015803912747813155
0.05650546303620166,-0.039805565093733376,-0.07775340724107715,0.008902059874556223
0.05606248224732137,-0.03274529067774962,-0.08760066306011384,-0.0011689209780544677
0.046342763345289945,-0.023517254445138594,-0.09118199845384783,-0.009775879333779148
0.027978821345322383,-0.012472564744928472,-0.08777905024501925,-0.01183269577422806
0.004408814600615929,-0.0007360467379983471,-0.07783244531258135,-0.003974209909657356
-0.019004903978931065,0.009844704299542779,-0.06294442276057345,0.013766542420051292
-0.036681894031755674,0.017131748813487217,-0.04551004967087708,0.037498206127222086
-0.044733632262320244,0.019386818639146826,-0.028129774595586146,0.060490980765322194
-0.04234574136523344,0.015966749141004617,-0.013041006689382701,0.07536313535214384
-0.03207981965800925,0.007737979359102256,-0.0017761406445385014,0.07665274781220248
-0.01894728379595712,-0.0029960392019288684,0.004871945387196212,0.06282003011281803
-0.00858183532987053,-0.013090416410488859,0.006653341858174289,0.03691929655903118
-0.005192428579011421,-0.01951416133185871,0.00361893034257553,0.0056686647013234545
-0.010071041714223947,-0.020350075651546597,-0.003977060514564909,-0.022757528726067858
-0.02121832313844778,-0.015481026686683219,-0.015542819419808729,-0.04141366649409014
-0.03421575128062589,-0.006693802702483716,-0.02985734266526007,-0.04677425643464042
-0.04398637774487078,0.0028725000584120253,-0.04483198809864647,-0.039657317851437446
-0.046741416958854844,0.009772132900632714,-0.05757058519367618,-0.024589883593872673
-0.041345612327050904,0.011443299380218867,-0.06487480787346867,-0.007909242783380913
-0.029577260704746734,0.007125740090922934,-0.06414036951173607,0.004648499199755726
-0.015211828524865148,-0.0018318814472391542,-0.05437095219656311,0.009960148000495092
-0.00233813201701584,-0.012404908403644017,-0.0369044014878247,0.008404370926140152
0.006372490338540697,-0.020933724235840636,-0.015475769251537673,0.0033606868971929604
0.010709251019541018,-0.024417078312496423,0.004554700862819514,-0.00041050351338018515
0.012833502783396532,-0.021600018913215842,0.017669011037536098,0.0011744978996994088
0.016094494546263605,-0.013459636127995604,0.019915329374447677,0.009838379404522854
0.023256452856759445,-0.0028981500969282974,0.010290168702884961,0.024253901543330847
0.034911487352435044,0.006266304774597074,-0.00875747497079847,0.04055412691696961
0.048800085366291435,0.010665569768890173,-0.03195677248085118,0.05377289138053269
0.060401717045777244,0.008621820029393448,-0.05283339466252415,0.059608376372278976
0.06463249619665815,0.0008143933262923092,-0.06579108784176128,0.05582495865468467
0.058007199974139174,-0.00987882439376174,-0.06793151570740694,0.04280660947693478
0.04038861473617331,-0.019327251448177776,-0.059952345252487896,0.023151714487842732
0.015563119148300567,-0.023561420048989992,-0.04578206723107771,0.0005889620758939805
-0.009686720025089642,-0.02016474616039406,-0.03106958100424493,-0.021265421556181285
-0.027757179555307696,-0.009155537396632838,-0.021074675440818154,-0.03978901394060379
-0.03288272533432997,0.006952534498428083,-0.018736147395370273,-0.053578961354600774
-0.02328997510250208,0.023935777711232092,-0.023633806745649903,-0.06206755969467759
-0.0020097940451274943,0.037219703950410216,-0.03222690881060916,-0.06486798640801963
0.024006255762175875,0.04334153419063115,-0.03926959612575741,-0.06130634377591046
0.04618772773413389,0.04101528480491452,-0.03985855280608472,-0.05048098323349602
0.05725077463732837,0.031446890727942024,-0.03133196339222913,-0.03189743076310316
0.0536584417270453,0.017818086689736196,-0.014304160231954244,-0.006393079526940501
0.036748502213217016,0.004152432813935892,0.0075386808136300235,0.023150794626802952
0.012138499895133291,-0.006012518277349218,0.028774109526595416,0.05179948782793789
-0.012341074030821707,-0.010671869564659708,0.04416909924595512,0.07349269077202784
-0.029395796895889417,-0.009768045091818889,0.05044075617199657,0.08274311041063524
-0.03467843302509739,-0.00487259325590414,0.04718513807341586,0.0765587868777387
-0.028004064053913064,0.0016862579325634675,0.03665919529086295,0.05585259590514083
-0.012995517433923201,0.007868877430474777,0.022572006018326825,0.025703989561526183
0.0046032278337869575,0.012711074551975607,0.008439616351959556,-0.005786205986157891
0.01921177279011476,0.01654168434943439,-0.0037793051076650125,-0.0297896766565912
0.027373570253968815,0.02056253132656499,-0.014188137734039583,-0.03947499481665901
0.028654125721923173,0.02599126193491333,-0.024400349325346807,-0.032229089073898716
0.025213164447688972,0.03315624697937078,-0.036200746673297195,-0.010570622301972456
0.02034879594555188,0.040964867080339924,-0.050046038176282545,0.018611477398636306
0.016728888997846234,0.04702562461437639,-0.06412435086438957,0.046268838028123316
0.015126720992199937,0.04844179703787542,-0.07447855240122252,0.06410360621561581
0.01422634140515841,0.0430100964868768,-0.0762567060453972,0.06717084620330913
0.01156773645033279,0.0303640863146043,-0.0656624594554944,0.055279290535192496
0.0051751804066209675,0.012579890696311533,-0.041841568571456274,0.03273824047589048
-0.004918730958750062,-0.006071125526492416,-0.007903708542113301,0.00660303677829608
-0.016028768885076983,-0.02023567773933393,0.02943123403398014,-0.015890241569729006
-0.02346841625061446,-0.0251413573245836,0.061560631358868564,-0.029741042001167676
-0.022349036189914795,-0.018258858162434777,0.08056104375747841,-0.033589156028510286
-0.009845179066072948,-0.0003686465717935572,0.08169588792791817,-0.02966451368919186
0.013029466059793965,0.024392703096320772,0.06496249387108462,-0.022409889400616306
0.040974499105787536,0.049597399717956736,0.035101903900940985,-0.016403793783427947
0.06564278536311352,0.06840906744644257,5.085479152878991e-05,-0.014446196469813558
0.07826234571355897,0.07569034463671788,-0.03161373036112874,-0.016557486863713756
0.07274714306876545,0.06963811269659233,-0.053321536466917695,-0.020236978571864274
0.04813641477371522,0.05238285234738077,-0.062311393523698105,-0.021801648069949928
0.009379059202845918,0.02932146084966621,-0.05998827396716404,-0.018193289627435702
-0.033947651524194045,0.00737447718938207,-0.05079058250567671,-0.008474610892693538
-0.07063425753145194,-0.007274459813958488,-0.04008612187736714,0.005607760360161831
-0.09153805850864945,-0.011214028333123675,-0.03196457006354933,0.02020653953644097
-0.09267058715775822,-0.004935587343205143,-0.02779711729783972,0.030831502959923464
-0.07654359707783756,0.007328551635616513,-0.02609402370771724,0.034051916895985156
-0.05125650756210309,0.019019897032924546,-0.02364764805806413,0.028729923032876657
-0.027626375294119928,0.023465750798703243,-0.01742098805002311,0.01629115313261692
-0.01537892852073601,0.016164773209729928,-0.006341265195496118,-3.525584737409243e-05
-0.019764690168711005,-0.003606573320452555,0.007796001586984916,-0.01662786040011264
-0.03980562421123314,-0.03240028186966158,0.020734572695401007,-0.03088035552898001
-0.06877383152686214,-0.06355505178597268,0.027350995630492116,-0.041965978810490634
-0.09668244036285467,-0.0892068515482588,0.023806714989839405,-0.05062147837992972
-0.11383975417720989,-0.10271227395879753,0.009379683597395293,-0.058072349091882816
-0.11415380375421083,-0.10071395782091416,-0.012801609426505295,-0.06463747605473774
-0.09700724651607788,-0.08419466923739467,-0.03648047199220407,-0.06873833432371379
-0.06709280779863792,-0.05819122699369199,-0.0542392399602864,-0.06690205795108944
-0.032381648719474555,-0.03026421706214736,-0.060003748644368006,-0.054931771976147764
-0.0010881254127143702,-0.008207644715732147,-0.051152984795227875,-0.029887222372423285
0.021168134867971082,0.0022874192158615497,-0.029439992668744162,0.007902824292657797
0.03293882706449548,-0.0007019681176385351,-0.00037825196818103493,0.05369844218628569
0.03674351803759201,-0.014834671328403673,0.02866927074960174,0.09872949935141373
0.03729684037374954,-0.034309281361899785,0.05097185626003866,0.13220678477768724
0.03899807149182184,-0.05169942563448861,0.06255263664560283,0.14443054696078686
0.043782952320935126,-0.060245340023642915,0.06317821047534468,0.1299815182343854
0.050252099385769675,-0.05590189399808125,0.055901641579392994,0.0898564048808913
0.05443291280190224,-0.03853321152902138,0.04541678206384896,0.0317140296027109
0.051832448541795105,-0.011914752183729772,0.03594209162784729,-0.03196713712809597
0.03988295167132691,0.017431487645328383,0.029517951755729584,-0.08728372749987626
0.019696647509813456,0.04219574759274275,0.025408709257171133,-0.12275701512367326
-0.0036903292307672968,0.05643317416008856,0.020828498506700106,-0.13236824756188376
-0.022796076411133143,0.05726689675701011,0.012649394487329286,-0.1167990487845878
-0.0303924579407526,0.04564606651890248,-0.0006711997057495186,-0.08253972814051361
-0.0223968374982553,0.025954425498947574,-0.017816994084554817,-0.03928650180989258
0.00020200832273234437,0.004610062308000894,-0.03461510987226597,0.0033634732177114483
0.031211090911408126,-0.011906296468363026,-0.045419067810630306,0.03871182766892286
0.06105198795308388,-0.018995057447392265,-0.0453968030697621,0.06430526396022546
0.07993905150197389,-0.015272315164426703,-0.03283619188230519,0.08148847227517217
0.08128405760671759,-0.0029045330478904337,-0.010507461994242389,0.09353829796226662
0.06407624323918246,0.013142315359473057,0.014571792039414236,0.10329320304926595
0.03334245150251451,0.02669690997665021,0.03304385835608464,0.11134713540988433
-0.001509596579368111,0.03232508642236666,0.03622732979725832,0.11559277739144261
-0.029884391533887923,0.02702401545913806,0.019224825847209956,0.11229649228988475
-0.043584768755995554,0.01115165441706406,-0.01699026597770614,0.09821399055353164
-0.03951114415890641,-0.011686644767315964,-0.0653093441905895,0.07278784515680267
-0.020531937203479955,-0.035748619355626135,-0.11423651224465882,0.039399243246930754
0.00573592703191067,-0.054907277390741305,-0.15114421253512234,0.005010075646683841
0.029733983480836824,-0.06449084328815499,-0.16600236848774813,-0.02181407676210647
0.04329519893547365,-0.06263265420878164,-0.1543717310441377,-0.03382588506075292
0.04229155064711569,-0.05071321301627419,-0.11869300678972194,-0.027854206376772637
0.02768900587128338,-0.032770984359927036,-0.0674731587109543,-0.0062865759529035226
0.004732525420501243,-0.01409329687545495,-0.012667033173819967,0.02339124232794053
-0.019309902180439608,0.0005351096035518393,0.033866257029654345,0.05093921420857769
-0.03790343785169194,0.008339319782450262,0.06368273766458112,0.06680034218051666
-0.04743314022007619,0.009316866423858153,0.07382188556999206,0.0653933175713712
-0.04804018166480921,0.006010142302205604,0.06705456993184229,0.04703915075845189
-0.04290372884580693,0.0023823649477279496,0.05036337243313159,0.017785389721935416
-0.03639320598842033,0.0022003321535175382,0.032275744009640644,-0.012832987389472302
-0.03194478400789887,0.007500332108329247,0.019995718871006,-0.03528366623639592
-0.030581036754428526,0.017688769461533034,0.017269011397157974,-0.043490241955997454
-0.0306785129424947,0.029612040421096025,0.023596796702339107,-0.036967384875737586
-0.02903188114965257,0.038593476180359854,0.03491656460939524,-0.020846780664882377
-0.022698096531089514,0.040094250762042455,0.04537623196376695,-0.0037931131636484323
-0.010763403294754833,0.03142881852068688,0.0495060972900404,0.0053982145118607085
0.004799411786663238,0.012934157514803406,0.04403554918157674,0.0012352602396244888
0.01963485548313649,-0.011830981803799698,0.02880199368840632,-0.01630069016897983
0.02873743922935265,-0.03695512754074698,0.006564081815575523,-0.04166822827747041
0.02873364338847642,-0.055847809348962246,-0.018081793519161955,-0.06579601599260497
0.0197496302421913,-0.063181302258078,-0.04020896729511758,-0.07946998613877604
0.0060059324080594945,-0.05647384438888352,-0.05594053724062545,-0.0768114886105056
-0.0052547830276959695,-0.03681070673885044,-0.06327217964784962,-0.05755026118737965
-0.00624889502277387,-0.008490143820673458,-0.06216383529758427,-0.027249079293503266
0.008302897153094152,0.022263560371243073,-0.054009929347907173,0.004601084006110354
0.03869930061685201,0.049081742053789054,-0.04080396364687483,0.027912918368298824
0.07934978754413777,0.06715236195749869,-0.02437586168254889,0.03554493128670898
0.11991029424191746,0.0743272021297553,-0.0059919564744944365,0.025777872940740347
0.14821431126791615,0.07135196281826661,0.013583462850766115,0.002857764554910101
0.15408569855762672,0.061243775273575884,0.03367762738003534,-0.024547249722315832
0.13276280580671296,0.048113554454150505,0.05321139635676406,-0.046378142561523464
0.08675165920385684,0.035875229866680215,0.0704081323730437,-0.05459547755611448
0.02543457930038997,0.027259972543049706,0.08291185242739056,-0.04576807511521047
-0.03748776177691552,0.02338620311785704,0.08834005646029336,-0.021982796210190614
-0.0879133594700852,0.023902483567108168,0.08510300993141903,0.010145693602381052
-0.11535638007506992,0.027516295872306036,0.07318494864950983,0.04190432077177826
-0.11578854833183555,0.032622922409829336,0.05455663014124189,0.0654127796373768
-0.09244203303669868,0.03778144461490792,0.032987163245789985,0.07601081526868547
-0.05440471601832456,0.04191831493705678,0.013217113743045295,0.07333297639321563
-0.013563954686241289,0.04430123691196349,-0.00031839732591469605,0.06083685109574616
0.019038206344187673,0.04443783187962841,-0.004845291845301136,0.044126459740771846
0.03625136375377132,0.04206360752452247,-0.00024116685024613838,0.028810884618996994
0.03635962225992043,0.03729198318522838,0.010711121643701922,0.01872301726798832
0.02278384404095427,0.03085646052024753,0.022974804401423632,0.015087855092066296
0.002245479545445987,0.024259935516378228,0.030702190739059443,0.016792098065290563
-0.01782222877332599,0.019627821044878167,0.02908347587631894,0.021456008071321704
-0.03166018732716816,0.0191656668471314,0.01604220967581866,0.026725887881054386
-0.036591242505066,0.02431411771378588,-0.006788943590321325,0.031192533890330186
-0.033112435092681414,0.03489073600333653,-0.034200532367904345,0.034582410596296735
-0.02385070740871844,0.04861060577079882,-0.058711806841779915,0.037244144503256714
-0.01196029306292383,0.061316235416821414,-0.0727378969876761,0.03929260346476136
0.0003168802710364245,0.06801790761379234,-0.07099672658764852,0.039927953709408166
0.012353730691335444,0.0645201756607448,-0.05239886428892335,0.03735328140822918
0.024889854622272344,0.04911495993536933,-0.02076608219253515,0.029416686618561793
0.03903882329415473,0.023689419163322324,0.015947735115240246,0.014736206023787841
0.055068230328115225,-0.0062896019670491896,0.047796096135001034,-0.006205980224065596
0.0715540671996227,-0.033101742434813355,0.06574737283783884,-0.030563199378190017
0.08534315440382445,-0.04911672111694454,0.06447507812360039,-0.053574803129451426
0.09241094115744909,-0.049427513450012575,0.04412718447708045,-0.06993849454203534
0.08931803875374542,-0.03383513150848368,0.010452583448837316,-0.0756653549330141
0.07470011994140442,-0.007372266910388212,-0.02683013025072153,-0.06971784963784847
0.05017835920566317,0.02099512422598438,-0.05696260222264936,-0.054739704993003686
0.020271534684167824,0.0412083422998447,-0.07146819163706292,-0.03647953160509259
-0.008745699388422824,0.04561405579457671,-0.06679533725300187,-0.02198788878579378
-0.030696885503990752,0.0319012482795205,-0.045406100289344914,-0.017151532024804204
-0.04144668989403826,0.004347366037230797,-0.014930135969769269,-0.024429095356763658
-0.04024855610366397,-0.027237426890650642,0.014355130798192,-0.04164259771500586
-0.02999943394497711,-0.050686840115623716,0.03289099870478209,-0.06234642187694956
-0.016273902173497223,-0.05580098336141486,0.03493079996597623,-0.07775003218406706
-0.005433930211933682,-0.03833874559099208,0.02032972842490153,-0.07960717236384438
-0.002439409349159094,-0.002203543302160934,-0.005551959860506342,-0.06311008801864973
-0.009102476892212101,0.04111595752309748,-0.033764093432360115,-0.0287854733615926
-0.023392743076803744,0.07587036429472349,-0.05480583160555781,0.017296458670337134
-0.040055248390662164,0.08716996960169174,-0.0617181871952917,0.06512254895121908
-0.05236402475156828,0.06622516762199401,-0.05216749635307322,0.1036506172841622
-0.054448615305452815,0.01388010841902498,-0.02884675547654185,0.12408723858048049
-0.04342772319506397,-0.0588961142899235,0.00185305564494255,0.12245341928646658
-0.020631427481936096,-0.13390484750406545,0.032321324098768395,0.10060719592726909
0.008523210950928835,-0.19118087453598603,0.05637856381075036,0.06542121074862232
0.03600992252990344,-0.21527570827374057,0.0711036080065724,0.026439064387860256
0.05359516884054538,-0.20025997215977234,0.07720341331916802,-0.007162865260867523
0.05543067959061282,-0.15171218204583384,0.07789081681442456,-0.02927462198636798
0.04002701480349814,-0.08494775576234632,0.07683572116603528,-0.038334549376187056
0.01097529891664269,-0.020018343272942447,0.07611913440573306,-0.037169772432315534
-0.023840947825375405,0.024864030136479434,0.07510196755002485,-0.03135755393152202
-0.05434481635662984,0.039251204287485714,0.07072659937073185,-0.026778533689060944
-0.07107758740477017,0.023698985222351712,0.059154771513244574,-0.027286904390186974
-0.0679049430895727,-0.010801100395053033,0.03805759348206457,-0.03333950440340906
-0.04382577449965022,-0.047007230717744194,0.00855404226686969,-0.04204481902132533
-0.0033541130619971224,-0.06777345405949878,-0.024117373616491453,-0.048557957911023526
0.04463637446334791,-0.062332129662706084,-0.05163481055465411,-0.04825395412868473
0.0892673050421178,-0.03029499944563592,-0.06509627167860277,-0.03883504338951314
0.12052795489787692,0.018056508910904295,-0.058127701891935855,-0.021562553085196827
0.13184519148678978,0.06532191492034714,-0.029426907599180183,-0.0011323754765435838
0.12163720716946083,0.0931476983927658,0.016281818001242756,0.01578752425204548
0.09345149605676316,0.08884968955975621,0.06935077867567113,0.022849306705474564
0.05471132345505092,0.05015465045828569,0.11807237541618884,0.016333145020265873
0.014498235426645849,-0.01363132863519648,0.15232456305235434,-0.0033582423344980968
-0.01894056863289789,-0.08447547339671864,0.16669294153795805,-0.03156893944567474
-0.04022739338832105,-0.1415321301519707,0.16193013693615305,-0.06070171809894899
-0.047879339846341774,-0.16808256159618087,0.1442207326331985,-0.08255225583085549
-0.04411193552806313,-0.15710198096204808,0.12254329892884067,-0.09089311201218855
-0.03359765036904412,-0.11353155648428179,0.10514391513038095,-0.08344928294438367
-0.021666963097283373,-0.05248168669835192,0.09647413297018584,-0.06261471392594631
-0.012576760631773275,0.005991074537851998,0.09576182134239797,-0.034684953560800744
-0.008396581716469738,0.043705129257215876,0.09774026076740705,-0.007876629921330543
-0.00881102481797228,0.050403595341694966,0.09520611411035905,0.010200153675905786
-0.011798678670838461,0.02695302389541814,0.08234608006116842,0.01478733184251118
-0.014843118029174929,-0.015375218717447271,0.05745824086731852,0.005232525185641698
-0.01616455540943064,-0.059230409233127765,0.023930382083215407,-0.015104647268979879
-0.015486120137771453,-0.08754891964220192,-0.010960066150196596,-0.04018678339505855
-0.014052041230105172,-0.08969981539434321,-0.038964343373078074,-0.06335739656708647
-0.013918428023829948,-0.0652489428407734,-0.05430827625496495,-0.07939076571928805
-0.016827563059219598,-0.024035865087990906,-0.056211796750111113,-0.08584348425688974
-0.023145569601573306,0.01743921671706751,-0.049355523756960104,-0.08330014893643266
-0.03132734000005523,0.042029392996751264,-0.0419757596051188,-0.07451974290509134
-0.0381760444014287,0.03823444433613214,-0.04224911842068638,-0.0628855361158495
-0.03985887282026701,0.004563480786356398,-0.05438932122965322,-0.05079880999557797
-0.033339200872996216,-0.04956659515347249,-0.0761014984600665,-0.038653251507885344
-0.017702134889700665,-0.1067300744953423,-0.09860444045856084,-0.024787644802955717
0.005142010331503955,-0.1472172701282481,-0.10947591729759015,-0.006429581309991047
0.030689904466484882,-0.15565152356813783,-0.09745101354105815,0.018745349520197005
0.05299924091656703,-0.12626805799527205,-0.05744368343314845,0.05106264219012625
0.06641489449881073,-0.06508329468432898,0.00617913364820968,0.08794542400976796
0.06729658886641143,0.011769467493043485,0.07953296967527171,0.12407206575428627
0.05515607569990984,0.08298810639613013,0.1427174888538904,0.15262168718500557
0.03280326094997453,0.12871160333377263,0.17592705193949004,0.16722641909491864
0.005440530214056407,0.1366502155617073,0.16617615833843774,0.16397002379278452
-0.02098758518203956,0.1057838802549569,0.11228823116635703,0.1427274070496925
-0.041619467363545146,0.04649445490652432,0.026281546656023225,0.10735056928596381
-0.05404586342391665,-0.022841277820116645,-0.06952974148708277,0.06460248160785909
-0.05876023858153162,-0.08165177245646235,-0.14892576414857803,0.022181196767646707
-0.058562399454421946,-0.11349821524826667,-0.18962741935037059,-0.01349700391125087
-0.057171180436827125,-0.11095697256671261,-0.18001137887682922,-0.038995217418761094
-0.05759194862144475,-0.07759971123492475,-0.12245363304993276,-0.05445522172613149
-0.06087241213243048,-0.026561452647021002,-0.03219959095910929,-0.06291200201966864
-0.0657301967348615,0.02374897916613177,0.0678105995971037,-0.06860166086676783
-0.0692003519523801,0.05539601112317015,0.154352047933129,-0.07490927594918187
-0.06805320595760504,0.056342858715065065,0.21101104858023648,-0.08273923492950895
-0.060421877234978126,0.023953756696681962,0.23257953349893873,-0.08994043534798823
-0.04697460115980016,-0.034381763606701615,0.22536062564563836,-0.09203261122848397
-0.031115783610684192,-0.10356300665852018,0.20347091212106383,-0.08399547988102198
-0.01805371680864571,-0.16523141092179508,0.1826387873810219,-0.062475586217958436
-0.013006016796486317,-0.20298934901356452,0.17384696489698515,-0.027587610183959763
-0.019165949574683785,-0.20686933787969886,0.1791550882353694,0.016392609741544953
-0.03618824462843767,-0.17583985084038523,0.1911841324639934,0.06176520730688797
-0.05981158567563724,-0.11775888136377874,0.19637084791712295,0.09938828777902367
-0.08285671267172673,-0.046933260493493986,0.18071343880572147,0.12126844578934176
-0.09735264681260825,0.019908744468980902,0.13583111600087755,0.12289301280224478
-0.09712198982115904,0.06804493457371266,0.06306676276993983,0.1045136516303436
-0.07995511584922499,0.08837460320381435,-0.025906615494168537,0.07094960295505175
-0.04860333891547907,0.07931637067807973,-0.11223748543535478,0.0299923873692701
-0.010197668438583538,0.04661187153097871,-0.17571391596629388,-0.010022503812745838
0.025772486393526563,0.0012491647414608932,-0.2012150763145109,-0.04263191938858115
0.05028980788875803,-0.04379251308417963,-0.18356126738390166,-0.06482953337288452
0.057528388879611814,-0.07701372749193552,-0.12912065903964842,-0.07731775980328034
0.046564899319099705,-0.09113779015285672,-0.05368724495883481,-0.08342113375910333
0.02151785345666149,-0.08445667291083458,0.022561749500034436,-0.08714340424861143
-0.009918416171206056,-0.0605492616987927,0.08125120729650223,-0.09115302964907686
-0.039034755636944196,-0.026612187337436317,0.11104333752571353,-0.09548844082593665
-0.05888590560868738,0.008986426025263726,0.11025460333324716,-0.09748506612239508
-0.06634837836133027,0.03914984659247328,0.08616950071877208,-0.09295005279050855
-0.06278436269173684,0.059780466290889504,0.05153611177515527,-0.07812613050032766
-0.05313589602377621,0.07035657824332821,0.019662867803372633,-0.05167409384447112
-0.04382560106078479,0.07331393746436075,-8.27625706235173e-05,-0.015880504277747464
-0.04025058744935236,0.07257016607370084,-0.004849724344849017,0.023427391465874102
-0.04477959290275112,0.07178314305706399,0.0017719832364860577,0.058305144233489335
-0.055958682032120996,0.07298035421717752,0.0121971207467852,0.08100315729251473
-0.06917508314200921,0.07602419291354442,0.01854260717531226,0.08638108392213253
-0.07848988870978679,0.07904994190946085,0.016078713216385945,0.07358424383577913
-0.07892575753441049,0.07964351947300946,0.005127812841303814,0.04638956223158427
-0.06834026478756704,0.07624578893854406,-0.009235166700548976,0.012088023589288545
-0.04818466661643088,0.06918128685290557,-0.01946348268165817,-0.020724225133811683
-0.022877234042439493,0.060848004777346795,-0.018843547303642665,-0.044703590289649583
0.0019507858712515674,0.054926564787239736,-0.004514613934422075,-0.05581661750301596
0.021648129318586645,0.05485830023552271,0.02096139317199671,-0.0542384990198486
0.034317066325762924,0.06215819425896085,0.05007742899562607,-0.043846179803312804
0.041465369373431496,0.0752465854688597,0.0727386199542075,-0.03054428103444162
0.047260571915927196,0.08934631885854144,0.07965246894944371,-0.020047142005018687
0.05664834056069521,0.09763459791207289,0.06555102627988492,-0.015895717985867194
0.07304474890858283,0.09338016699637469,0.03112632068563212,-0.01836959958652195
0.09649934821785554,0.07240042960796685,-0.016969838488496203,-0.024615724610102734
0.12307661879587443,0.03499036483344883,-0.0680353609005597,-0.029884418068226427
0.1457669786727111,-0.013413136568712389,-0.11047308830080649,-0.029393417424794413
0.15667264046607624,-0.06318357209424716,-0.13514439533908243,-0.020154518803793164
0.1497269741802479,-0.10289140782539935,-0.1378584278198177,-0.0021468971261457345
0.12298147567802797,-0.12244126995364826,-0.12026869161724327,0.0215271610192866
0.07962043505701455,-0.11598769608238237,-0.08899779632564703,0.04551430236892448
0.027299829771071003,-0.0836927651886323,-0.0533782416609533,0.06378999877535788
-0.02400173207362181,-0.03174685636167763,-0.02259602155757173,0.07142672351008197
-0.06490079446698266,0.029362426855774656,-0.0031404705137179773,0.0660135367557045
-0.08929989927441787,0.08777193730192592,0.002712532939420944,0.0483403855292731
-0.09593723224684614,0.13340749524553255,-0.002959383791758214,0.022209720131719526
-0.08829182641783634,0.16038400968384975,-0.014857075497463974,-0.006504881042828647
-0.07293187909692092,0.16792323234471163,-0.026393677319230584,-0.031248033744294534
-0.056947675417677375,0.15960508615770663,-0.03177958901576415,-0.04624350458608295
-0.04542435005481959,0.14135392615350417,-0.02764365634043951,-0.04769072994551993
-0.039868895299267744,0.11898569573086284,-0.013786739774773203,-0.03447531755198272
-0.03812792123619663,0.09625250706798943,0.007037630780980176,-0.008310091199621329
-0.035760796324916785,0.0740808461772954,0.030135470397711715,0.02665702822742151
-0.02828233187340553,0.05120244804251203,0.05030464781063565,0.06465100994230613
-0.013367072377713334,0.025813538748215986,0.06325249506937321,0.09933231668569714
0.007865868996659552,-0.0025152940416716743,0.06662634719047453,0.12493263122854106
0.031004043063362262,-0.03155984821447614,0.06043253382950618,0.13727465008834558
0.049883017368311335,-0.056425929532003295,0.046800022035145314,0.13449265446142405
0.05892627406790271,-0.07091911562496087,0.029209929475100843,0.11730169698936305
0.055372641630161146,-0.06984902626584091,0.011428356286254895,0.08873345115625028
0.04051082521994884,-0.051398746918279614,-0.0035678445804120454,0.05336788937456886
0.019411924117384512,-0.018596875497806385,-0.014395586711052316,0.016222495075083186
-0.0007767837790175593,0.020792230630039214,-0.02159349238578122,-0.01842502061347647
-0.013357794792113305,0.056088976273719754,-0.02737994114868663,-0.04795530705587621
-0.014484370351036203,0.07672759502441036,-0.03488658241710204,-0.07179129310906968
-0.004523669181963234,0.07551957441081122,-0.04705160775498603,-0.09112038223823266
0.012149293693519496,0.05104483910533376,-0.06546546533846985,-0.10803804816579873
0.028868048243007066,0.00832832769320562,-0.08950743691115295,-0.12439819619084372
0.03926615495486429,-0.04246862918694776,-0.1160704828723953,-0.14077387792992896
0.03976515142012977,-0.08893704586119176,-0.14003901652036507,-0.15591339558871697
0.03100348540379188,-0.11994774717499018,-0.15548199780440927,-0.16691624698583096
0.017636659100052254,-0.12867205058138392,-0.1573013493992685,-0.17010011554254967
0.00654621134695846,-0.11414906006618979,-0.14289929292739498,-0.1622735737432785
0.004098683502518415,-0.08097792827762292,-0.11336113704465743,-0.1419664629875421
0.01346936149130306,-0.037369130473476675,-0.07373036698634447,-0.11016792419827602
0.03304767098054329,0.0076648075194528376,-0.03217578059912722,-0.07028894603706526
0.05656735087072231,0.046956383593957006,0.0018367595069376103,-0.027344838547311
0.07498966960518544,0.07678459027516574,0.019941794549363578,0.013360146278205746
0.079535367998396,0.09700160099598426,0.017200384010116223,0.04757940079478665
0.06483973145840648,0.10984148800971257,-0.006322774560885945,0.0730272933566191
0.031145575471247057,0.11805789252678098,-0.04524074793902623,0.08954027616521226
-0.015231294851733336,0.12324740131251197,-0.08995703299563282,0.09848956693636049
-0.0633492452038791,0.12507389776621758,-0.1289708287738603,0.10173442960266574
-0.10055356445971986,0.12168406079050893,-0.151774933378337,0.10058381998325541
-0.11594412310378871,0.11107332726139243,-0.15155106784661138,0.09522139190645369
-0.10334359964405264,0.09274181401248266,-0.1269067897229052,0.08484552828167465
-0.06291945937140159,0.06884088822450965,-0.08216786703873233,0.06846143599922735
-0.001077550217876297,0.04420957153258191,-0.026161199882981566,0.04596447629599641
0.07121027141679478,0.0251564803076352,0.030134134469041847,0.018998980964549075
0.14104766991026954,0.017374220536823814,0.07636640740168402,-0.008862835149790716
0.19643544742900043,0.023764238737100818,0.10521837437204734,-0.03281531043390873
0.22856448615504799,0.043039810732373354,0.11379049876329256,-0.04821519081313189
0.23315192077761981,0.06971966506934002,0.1036601463537408,-0.052184633686408494
0.21073802900692384,0.09561719817550676,0.07974759277994051,-0.04478505653155729
0.16613441555960312,0.11236366753152732,0.04848328718445641,-0.0292353221527163
0.1073319420849673,0.11409740413631395,0.015944729536418283,-0.01098256515809449
0.04413997999617637,0.0993647375177753,-0.01343858348109389,0.0041258750686612635
-0.013289884928507505,0.07154965744340164,-0.0372931659591123,0.011944857585763474
-0.05599974329791763,0.03767854624634846,-0.05488141538098213,0.011625668372027257
-0.077763481286278,0.006034581817605838,-0.06624063137316337,0.006056392254891406
-0.07645961143340282,-0.016558087121333557,-0.07141781404478431,0.0008993066971126041
-0.054957845636530375,-0.026816626936881797,-0.07024649668738456,0.0024939664663995286
-0.021112908842379978,-0.025738240382816885,-0.06281607457824023,0.015340934242333364
0.013457167425397397,-0.01779573845360523,-0.050403066558559896,0.040081370603738946
0.035843344696302376,-0.00896059221255452,-0.036330319772546936,0.07275383573839614
0.03517513974924632,-0.00433788562265134,-0.02613696934612224,0.10567730772391667
0.005994756175140826,-0.00630306518369734,-0.026641899187114414,0.1297288458053002
-0.04936424155019679,-0.013797442338434891,-0.043916929413067636,0.13726701261935825
-0.12032877439314017,-0.02296893592044008,-0.08069986411649317,0.12469246815574732
-0.1900366992923638,-0.028826240438697647,-0.1341660544821567,0.09373834807885363
-0.23943552153135753,-0.027210681863733474,-0.19505842152668365,0.051016273932429954
-0.2525351611849782,-0.01631537619108315,-0.24886716834703893,0.005956198409660539
-0.2213181147929733,0.0027880931365427755,-0.27911224870647466,-0.03215207981669278
-0.14875829525589307,0.026725580279096724,-0.2720112311289567,-0.056989822408099314
-0.048863762361828336,0.05116262113648258,-0.22118626079571824,-0.06693799983709815
0.05647689040845142,0.07229655054997458,-0.13083105901181247,-0.0651315892793601
0.14306744547150096,0.08787625825455095,-0.016059665373317385,-0.05787371003701049
0.190821883159915,0.0973866785587883,0.10005097336874162,-0.05203102741268855
0.1891357673360138,0.10143838112445094,0.19215989197796468,-0.05238513953817357
0.13960792669517055,0.10076932795723356,0.2395683810361033,-0.059906816373034355
0.05532068015081815,0.09543333004157578,0.2322613613398763,-0.0715584512251815
-0.04304287499623913,0.08464307734644426,0.17412946200325535,-0.08165325651515352
-0.13299425862897676,0.06740086874362927,0.08220198674690413,-0.08422403748225499
-0.196148448895185,0.04363631572167881,-0.018051346085270023,-0.07549274916622364
-0.22249685482966203,0.0152667353256776,-0.10001527975174765,-0.05551442392330104
-0.21191034978635204,-0.013449129966676462,-0.14359514845780616,-0.028394987887743858
-0.17269011208495622,-0.03663973987228118,-0.14084757097263195,-0.001023333805549649
-0.11793387343830593,-0.04854555542621243,-0.09778808377549508,0.019192577140926342
-0.06110876669789268,-0.045673213773992104,-0.03182245107916527,0.026742983411658337
-0.012325398904946373,-0.028525155565402745,0.03430929163424052,0.01971481258018818
0.02360730345408646,-0.002102529376802005,0.08002997998632201,0.00019504019627023146
0.047012607336890035,0.025218254742018116,0.09335210360179694,-0.026697040365336742
0.06150843839351383,0.04421754716388962,0.07412016940760383,-0.05471474339520079
0.0714758293395184,0.04796035939385099,0.03308370919650585,-0.07856661367842166
0.07991000823829165,0.03438233483916092,-0.012717297635952834,-0.0953942830431316
0.0874116706603336,0.007296831185177172,-0.04648863014661449,-0.10514208013171075
0.09250143516264628,-0.02469210834325076,-0.05773202198870416,-0.109778688306324
0.09286488520303245,-0.05111855222325138,-0.045633924032812426,-0.1117933879990212
0.08679455974475964,-0.0634451435404412,-0.01863830455189061,-0.1126678454856924
0.07411083722296544,-0.05833614640093483,0.009516277317268448,-0.11201148104382035
0.0561796748478047,-0.039141523393623756,0.025696144956040647,-0.10775243354462671
0.035129466230431956,-0.01492439293240784,0.02289623465722437,-0.09731707216630298
0.0127723616834256,0.002739885662395823,0.0032359279572087077,-0.07929349277596992
-0.010128413013571966,0.004105739922861496,-0.022749477570510688,-0.05483568666434187
-0.0337952925763779,-0.014837307734805929,-0.040271669372407615,-0.02812586571257277
-0.05855618689802089,-0.050390260372662234,-0.036317392249718125,-0.0055573858476857165
-0.08359038645560092,-0.09194274869032451,-0.005210476718672663,0.006197092568322675
-0.1060171229479253,-0.12538646750032076,0.048479841825205,0.0025993771232890577
-0.12097893239137114,-0.1380058579680048,0.11088827581166397,-0.016741987887775145
-0.12296988497727539,-0.1231153065905472,0.16340663216070556,-0.04727123218590279
-0.10807495902291145,-0.0827437954936264,0.18920596087477498,-0.08032263982677544
-0.07627312629942828,-0.027331189213313654,0.17931695628048738,-0.1054553072763629
-0.03275606763252211,0.02753565977110567,0.13598974041371015,-0.11359709104312388
0.012545772534859525,0.06624164841748374,0.07205300805170584,-0.09997935374885594
0.04740992970188219,0.07832241077731067,0.006485422408390669,-0.0658585764303657
0.06112839516839014,0.061870450263680855,-0.04216646114240036,-0.01838699389662743
0.04841642462491135,0.02397002394916753,-0.06208264960100123,0.03140478806093477
0.011951815392356641,-0.021959945523324476,-0.051854647313289565,0.07191624166394017
-0.037581605914103575,-0.060914279423053316,-0.020241879492426295,0.09452923706430824
-0.08425127817480427,-0.08139426424690208,0.017815613009290843,0.09624814167533083
-0.11172213643020742,-0.07900562398673314,0.047316993830357194,0.08054782045429179
-0.1086449909156038,-0.05731735344293636,0.05904377638745694,0.056125199013391205
-0.07271977128053472,-0.02578997061584287,0.05285733815401301,0.03393767905272446
-0.011915883502272205,0.004310316959368766,0.03720618893615629,0.023484746523790047
0.05773930504108019,0.024356213087701018,0.025107075277399367,0.029556472993849725
0.11719910298703562,0.031419271250666195,0.028265237264545336,0.05054174727587438
0.1506278007647772,0.028793928839194814,0.05173958941717958,0.07889665662238785
0.1507039982690011,0.02387177916688665,0.09134158982487336,0.10367400247693921
0.12113779276328156,0.02432514865887501,0.13486182577152783,0.11433171799202996
0.07547230287911197,0.034242340814540195,0.16667490648965932,0.10459190570457676
0.03252002603218551,0.05187659765540546,0.17389387829071093,0.07506179668930688
0.00996137033298947,0.070013526195336,0.15158577178049087,0.03368159438139211
0.018284125738684,0.07888314003196634,0.10489664274601948,-0.006269926568631197
0.05713300103594521,0.07047039266690225,0.047149958690050786,-0.030105140586912667
0.11530574271802821,0.04244530264236206,-0.005395929645288414,-0.026440716212964177
0.1743746948271436,7.766292992785612e-06,-0.040062860393477,0.00876501737481462
0.21467798542583932,-0.045285069819474215,-0.05289343004995378,0.07017173633095454
0.22164669954742094,-0.07945594683292612,-0.05025130487608133,0.1437786478814702
0.19037593605410982,-0.0914176608039449,-0.04609388345566187,0.21035439759087782
0.12700805047770047,-0.07762752692156737,-0.05587740584877089,0.2506841341003537
0.04661907230084045,-0.04419340054578743,-0.08947873007488341,0.25114236992941646
-0.03152747436340178,-0.005425214574760258,-0.1460331595497122,0.20793145529139045
-0.08968313582399119,0.020853065727024306,-0.21295179758956068,0.12865685467850319
-0.1164087247155465,0.019656466711240373,-0.269803569441428,0.030660179837258376
-0.10905436359725676,-0.015428652742854652,-0.29581767816656457,-0.0635143008628396
-0.0734159110127059,-0.07928999019752282,-0.27823470677943196,-0.13226892491610548
-0.021038665610448693,-0.1563232976863442,-0.21823147705910806,-0.16094285879342354
0.03465267807091582,-0.22523626642098768,-0.1319090754388581,-0.14586863764124353
0.08200899363160703,-0.2660158720772088,-0.04562021381912067,-0.09526218640545267
0.11351596535561574,-0.26662739190650087,0.012932240455680661,-0.026646736640582085
0.12642531837902987,-0.22706834727455474,0.0246903123796369,0.03844170862723995
0.12192366956032735,-0.15932836802226957,-0.013381354873906338,0.08088082375192301
0.10357283723701552,-0.08327171449515597,-0.08642973020047169,0.08957029145627912
0.07583740399981895,-0.019924012092112083,-0.1663074153018112,0.06450887858765848
0.04323172577287185,0.015433210740186137,-0.22119856169000102,0.01640267088850195
0.010145173833901594,0.017918311259138498,-0.22692944303808393,-0.03705358590014715
-0.01901429815900606,-0.006129586390930999,-0.1758895318685651,-0.0770339318630383
-0.03988062175403166,-0.04232160697117441,-0.08025792653560111,-0.08971052255692916
-0.048753069687013796,-0.0740750761417784,0.03175856469659988,-0.07069881693061002
-0.043743131002297,-0.08889393679673246,0.12544079516984058,-0.026398886436288488
-0.02597919877264094,-0.0827204467398413,0.17147731988452142,0.028191589508789788
-0.00017831791529923408,-0.060796296471576444,0.1560316967155524,0.07448056858818847
0.02598753898273562,-0.03483596322409166,0.08534669070459777,0.09647869153907898
0.043855726667482324,-0.017728644679054873,-0.016748520295978057,0.08618018470013444
0.04658949611259724,-0.017909942475093876,-0.11747964156949417,0.046380582778742706
0.031873954123437874,-0.03563457276508799,-0.18673366378267953,-0.009987483221557967
0.0033752548155747894,-0.06261251951218649,-0.20738752377123065,-0.06379605060659829
-0.029833057590998763,-0.0851472462735719,-0.18062445908536556,-0.09568550054607498
-0.05596806360518307,-0.08954915676484215,-0.12438839608399033,-0.09215637457590709
-0.0646135870510457,-0.0677148822221236,-0.06568451611575073,-0.049873282590634956
-0.05078874990395453,-0.020697889903750634,-0.02971159763458199,0.023143457118795275
-0.017462407742944056,0.04113315302796126,-0.02996256871141101,0.1097604107070923
0.024605234271578437,0.10144675808324757,-0.06303055207650372,0.188650464285681
0.05991209730214806,0.1435745649421678,-0.11006480727930587,0.24032591331715386
0.07331107004468132,0.15631759006943663,-0.14430953390713797,0.25244000054060356
0.05548187253448951,0.13778424491077357,-0.14186805810770922,0.2228230632567746
0.006839823038847661,0.09586868816653739,-0.09161761016119829,0.15949626631592656
-0.06162616326567487,0.04524880774131708,-0.0005036052573049758,0.07787332145698134
-0.1310899213102058,0.002077316653613843,0.107852840416826,-0.003804465849856744
-0.18046676653851573,-0.02163379831283469,0.20083279064339846,-0.06931242544719005
-0.19307619378352436,-0.0218793050008217,0.24806594270061827,-0.10814285733246061
-0.1621898582714073,-0.0034388229971256835,0.23221559316500223,-0.1171457103929091
-0.09358433647502926,0.02257282213997357,0.15543304788561513,-0.09993791474907704
-0.004195223783653897,0.04331303722432409,0.03917304858160194,-0.06462137320866132
0.08273291074768098,0.04914724353474116,-0.08256291031484361,-0.020794968596873062
0.14444161729307275,0.037049384438049573,-0.17417016833710658,0.02309526915192908
0.1652138868380878,0.011281492877431694,-0.2097583441571188,0.06132517030229381
0.1406281878072319,-0.018732022917715637,-0.1809842410306238,0.091148942449705
0.07826359493984004,-0.042339060274417833,-0.0988588233598386,0.11202224566457013
-0.00518800269736003,-0.05176799258760153,0.010844297344625563,0.12439430769957917
-0.08928221440634442,-0.044808558582020964,0.11673124654323105,0.12871062997385718
-0.15580807967950927,-0.025130380294294864,0.19215236714921205,0.12504366517274015
-0.1934903881340777,-0.00030724942382188026,0.22321234510572868,0.11340230784093423
-0.20008091167721356,0.021463363903844585,0.2118666863910355,0.09442762169724205
-0.18149008128455402,0.03448947974250434,0.17340397290001447,0.07000373718960443
-0.14861547323244145,0.03726970180110314,0.12960953783899204,0.04336304639231252
-0.11320099837948586,0.032144768158555284,0.10032328148685982,0.018509191454222668
-0.0842041044519965,0.023255480646015375,0.0964729469444314,-0.0008931048466906772
-0.06576263401624434,0.013898197373239976,0.1169185819494209,-0.012747310376900715
-0.05713657955481366,0.004617659640686318,0.1499227186340778,-0.017366875969581794
-0.05425383741510727,-0.006985281825740448,0.1783599114663398,-0.01754128424116535
-0.051993293114604516,-0.024571281756398437,0.18651958270193503,-0.01771948652634778
-0.046246170560241724,-0.050263604943492454,0.16595643682516942,-0.02253654955041537
-0.035085294848461825,-0.08210103560451562,0.11838128379088103,-0.03516381424306464
-0.018869752745792265,-0.11312589385319813,0.054795375519654355,-0.05604302949317212
0.0004180322596710889,-0.1328695637029465,-0.008535528721121562,-0.08244367416497925
0.020062230950735678,-0.13097364619370977,-0.055610892926988405,-0.1090090259165052
0.03724905918115865,-0.10167592586943748,-0.0756970047328698,-0.12913300022634405
0.049259356715506845,-0.04733407938188873,-0.06615071987677824,-0.13675084712837318
0.05338337326010325,0.020669742211969704,-0.03234624312991229,-0.12801579110695038
0.04694337860777996,0.0844155979972385,0.014924761484569699,-0.10239504908265099
0.027776028748373028,0.12480467566792526,0.06337147929407354,-0.06291494955785393
-0.004753209437879956,0.12806826545380467,0.1029234576268872,-0.01553765431243266
-0.04852098653065705,0.09108027467042072,0.12800920120967835,0.03212432377926749
-0.09781708649604443,0.023371214047676735,0.1378450800361282,0.07241566254696626
-0.1435597583914931,-0.055181722188570356,0.13499471436295077,0.09920178717713882
-0.174898273081521,-0.12046973138339472,0.1230707477346549,0.10908302418125176
-0.1820018753651137,-0.1521080717989691,0.10466008069337125,0.10205834584233076
-0.1592611465485651,-0.1404761153506583,0.08032695565651073,0.08154600247885162
-0.10777885797345356,-0.09027916376745149,0.04901785002232917,0.05376091341408351
-0.036089072328864776,-0.019219062188615688,0.009587629024090931,0.026529009138859524
0.04145224591516647,0.04792456957508444,-0.037280907109618386,0.007701523427404286
0.10836442087395365,0.08783675826987536,-0.08763378065306272,0.003424535448200275
0.15078187022018785,0.08686969715172155,-0.13396241065368109,0.016605413145630434
0.16169610311067817,0.0459935917294645,-0.1663434236436062,0.04595938645638781
0.14319528880415916,-0.01931099514207977,-0.17477225224759324,0.08596970165841042
0.1057957407040066,-0.08425251955977703,-0.1520587062043116,0.1279255500213265
0.06493872960178057,-0.1232459812849746,-0.09645305186435374,0.16192791097718295
0.03574445710450613,-0.11878909738661168,-0.01321099879319502,0.1794411754907424
0.027796178975642332,-0.06760396163149632,0.08544681430696571,0.1757221922892183
0.041800440595966964,0.01808140795963842,0.18214578724927002,0.15138469233499185
0.06937634423239503,0.11452015589137043,0.25768086044175087,0.11252004755747363
0.09615395722733681,0.19426646639553385,0.29521168237991396,0.06918148171538235
0.10717999097473416,0.23508364574079404,0.28441715848859095,0.032547679988368064
0.09276214105361359,0.22688299995832573,0.22459753791989095,0.0115504942552228
0.05265591115678317,0.17441075685661916,0.1258301430901864,0.010008456197608543
-0.0029883359694384617,0.09495753236474175,0.007637391899729648,0.02523659710045456
-0.05640681415515101,0.012122690189294665,-0.10482022968875879,0.04869285662105258
-0.08792096062877593,-0.05201482706212922,-0.18635854432202195,0.06858278647796513
-0.08268991789191335,-0.0835467120885789,-0.2179317871398983,0.0736806645793511
-0.036223901077387904,-0.08002686419232509,-0.1917473499361821,0.05716643203811644
0.04328025355941427,-0.04956955744447804,-0.11381947425062143,0.019198977648990822
0.13669250311894682,-0.006487007076201958,-0.0030036524377545087,-0.032700170992985333
0.21934705740133814,0.03460164717868068,0.11351188475238824,-0.08568946944098779
0.2684138826254351,0.06385573214465914,0.20721429536489133,-0.12550838616526339
0.2698953646787665,0.07866374956206283,0.25586919336547836,-0.14102074817211338
0.22299541875766954,0.08280390756265343,0.2494774580416123,-0.12792193879876068
0.1404459578244309,0.08301572972728789,0.1927114371537117,-0.09035911966029642
0.04467353686278583,0.08468659267260364,0.10297661489440904,-0.039869304660355584
-0.03898296578359154,0.0886249328520324,0.004628498074890967,0.00808754563415789
-0.08986728986054515,0.09034436997993817,-0.07883064552517696,0.03892479532975933
-0.09804625378386331,0.08216303693179443,-0.13200791334827094,0.04352502717572773
-0.06695230635135979,0.05719422527188052,-0.1518743488452754,0.021152522952982394
-0.011878130630311106,0.013467357313658293,-0.14754721043057728,-0.02026532948857381
0.045124513651957535,-0.043690017345650076,-0.1356806349392422,-0.06658845084732458
0.08229312417177886,-0.10221271773176281,-0.1331319793072321,-0.10186982290443253
0.08494541719153262,-0.1468269194736993,-0.14961326846848821,-0.11332144811982062
0.0499458106385236,-0.16434989346073947,-0.18312301000052178,-0.09528408901952018
-0.013456372263852278,-0.14877895083921408,-0.2200045975895743,-0.050983842370370874
-0.08658765408861271,-0.10416180198272634,-0.23979804266402227,0.008423712844745593
-0.14713421313820785,-0.04399783690716575,-0.2232362201852351,0.0671677049162987
-0.17595643242849138,0.012815387246722218,-0.16046067933335773,0.10946889072738714
-0.16288450863431095,0.04817696241440854,-0.05630070385083347,0.12402326318746545
-0.10980034641221575,0.05096220172375275,0.06959178566152154,0.10704878156997957
-0.030150144287573878,0.020966495091504854,0.18813306529932694,0.06307879045881397
0.054906446138244316,-0.03085731087980905,0.27005065732469913,0.0033977589142941134
0.1225347650886078,-0.086041576931522,0.29578300615861525,-0.05729221485397738
0.1546713053267261,-0.12492276454160185,0.262444940713178,-0.10492107800457112
0.14301960740355413,-0.13347105514971078,0.18519395539703343,-0.12964642634022677
0.09119240449247457,-0.10826315175428483,0.09228534474160083,-0.12805555774058966
0.013441055028328002,-0.057858190596387964,0.015394572142030173,-0.10350797034433887
-0.06959971868960747,-6.878455414596751e-05,-0.021427413456369254,-0.06470308337835914
-0.1368762166587793,0.04397812229491787,-0.010196581894109786,-0.023019760103106357
-0.17284373587519028,0.05700817123610512,0.038292196008574024,0.01056908245981578
-0.17164955062419635,0.03160496578379038,0.09859433950505107,0.028190843970220363
-0.13839140784884657,-0.026938015976952806,0.14021591236759012,0.02675615666157825
-0.0871383616145851,-0.10186185517832565,0.1392741850297096,0.008328279128979932
-0.03635217221484211,-0.16989057035767177,0.08796883086064597,-0.020781111253349444
-0.003105835662103853,-0.20831484996697258,-0.001686098816194327,-0.05186649978243696
0.002162551575831187,-0.20199824966799956,-0.10140463781645118,-0.07613421411992513
-0.021200432168740097,-0.14816229661921526,-0.17636205877966793,-0.08690524768663155
-0.06392757319594014,-0.057533838041869845,-0.19775579015655892,-0.08121774909119282
-0.10971065092054669,0.04843645905248173,-0.1537261327475075,-0.06047727957126157
-0.14018890437941095,0.14341516991275877,-0.05465584324681732,-0.03001133633157438
-0.14051709800514936,0.20336880339954486,0.0692082201172757,0.0023743580917192364
-0.10383809866446846,0.21305827600776714,0.17718251252913103,0.028504723667414758
-0.03335604937776267,0.1700888332538642,0.23150070423721286,0.04209373998274122
0.05852985661869964,0.08549602618687657,0.21005733972868224,0.04055854273693493
0.153663642131748,-0.019188464245691383,0.11417213581992836,0.02586120882160784
0.2330170095857414,-0.11752990364606272,-0.03130624820947337,0.004069506689963897
0.2815223919920651,-0.18493929082620755,-0.18562846354887885,-0.0163354677767236
0.29147584675193283,-0.20484386410901118,-0.30496137701763437,-0.027004891483361024
0.2636772416349255,-0.17274887844174297,-0.35613474588561866,-0.02242421770649897
0.20624346563725265,-0.09722067563900344,-0.3268159005737903,-0.001957925006677543
0.13174889883023383,0.002408984667070518,-0.22888856326079654,0.029451957906467305
0.05377584949877934,0.10101836459581678,-0.09413160181855307,0.06226762882242881
-0.01602730516684628,0.17410202350840936,0.03616626112854942,0.08485691894757807
-0.06964702265069997,0.20400336600520375,0.1241233339007802,0.08686650580710634
-0.10300321918119729,0.18439447947455423,0.14653377056509512,0.0624988036450165
-0.11522480755033705,0.12183941070620483,0.10106023503871418,0.012687855881720828
-0.10758045032265903,0.034001010393386884,0.0057398468994728415,-0.05455238779679899
-0.08270178610808697,-0.05507951430863609,-0.10759491955021311,-0.12581302327108448
-0.04440417777020341,-0.12140569727229661,-0.20352768610199073,-0.1856056255144451
0.0020407680691711724,-0.14742737687096902,-0.25353447158604625,-0.22040041895056098
0.04967513459762177,-0.12665562761794225,-0.24359066545237354,-0.2222407619066042
0.09023408259545679,-0.06518856565954184,-0.17696481887905346,-0.19089520096690865
0.11544993720604585,0.020291460536525505,-0.071913552646665,-0.13393167595914449
0.11912099616590607,0.10746209923123909,0.04446992929838667,-0.06470555477696037
0.0992988495103107,0.1747772986286518,0.1440564307054238,0.001145215674795523
0.05968614785009549,0.2074333933605637,0.20479277015608582,0.04969251338825974
0.009454567262304646,0.20110212060694577,0.21536391991445425,0.07208953166123006
-0.03880926381263236,0.16235581662580567,0.17662681114898698,0.06643708617477805
-0.07261118067033467,0.10577100548008093,0.1000390457235312,0.03772824113436689
-0.08344527364396269,0.04876538506626876,0.004012927895105109,-0.003987446318139834
-0.06971092627017704,0.005939390456063012,-0.09060337880827538,-0.04660104975118963
-0.03749007760521627,-0.015192173930564785,-0.16483491848634327,-0.07921813282030996
0.0012910243352002703,-0.015725090533443238,-0.20493685091627747,-0.09482755714155111
0.03285317087553109,-0.003789043195684465,-0.20442547487299706,-0.09172607917476659
0.04640253285224835,0.009383244387717711,-0.16468050792558053,-0.07344718729293298
0.03809822181152095,0.014174710518434105,-0.09416918117043795,-0.04735181356911794
0.012644111511704739,0.006289617283457949,-0.0064438404797213245,-0.022358259384311917
-0.018201643923890266,-0.01191961514254703,0.08280137889094737,-0.00645034713120229
-0.039791629650191514,-0.03292830736536198,0.15912794414439718,-0.004591478825575767
-0.039999272279169454,-0.04764782126076416,0.21250124751015964,-0.01751868364373424
-0.013911350727257752,-0.04966485957849148,0.23937758902448172,-0.04165162928745189
0.03397608027367354,-0.038362317002010524,0.24304285866099312,-0.07008834561298935
0.09097275296079657,-0.019607715697239115,0.23192832758868187,-0.09442332416348367
0.1404881102370637,-0.003653115418020805,0.21625260251211567,-0.10695092479188646
0.16790191145562644,-0.0010052226021587674,0.20397353408177027,-0.1027312225620585
0.16586378628369602,-0.017863881265731702,0.1974227835709341,-0.08101137391013268
0.13701799487110683,-0.052957838462726274,0.19193227927535694,-0.045619096979801224
0.0930566631909015,-0.09712521037480587,0.17719104835090926,-0.00416683324239181
0.05035643869884245,-0.13596343114669202,0.14113819175905268,0.03380678797281944
0.023751592791087846,-0.15469403959406192,0.0752164568129886,0.05933689985216442
0.020747476747301666,-0.14350429398925824,-0.020845161861693176,0.06653062377277658
0.03838136275264335,-0.10138745105869526,-0.13659244898502404,0.05435041906156833
0.06400552568562942,-0.03701184964489652,-0.2519687067736623,0.027101143326756845
0.0798290562137223,0.033775604534579645,-0.3420467443928136,-0.006632952184032911
0.06963910713740695,0.09296543699943988,-0.3841229767032295,-0.03640494942140013
0.02526172493205451,0.12613991996861418,-0.3649762121535314,-0.05303579246243657
-0.04964781869781858,0.12691304518180352,-0.28585902741128566,-0.051530065295805186
-0.13996821195756984,0.09850175224645719,-0.16339822955889208,-0.03283193547344394
-0.2236170330274092,0.05195316641344897,-0.025857164346989342,-0.003770256809087655
-0.27867053190593977,0.001799789878065547,0.09426922031972189,0.02491870740061173
-0.2905982597554976,-0.039148287358018174,0.16912200339021272,0.041976312974118773
-0.2570476763561374,-0.06389600941383144,0.1830908396956138,0.039392788018842245
-0.18848800857813447,-0.07275971934435688,0.1368455138582895,0.015339901106459922
-0.10451689760107012,-0.07184860776922632,0.04662190600370789,-0.024764736511031865
-0.027196655391259202,-0.06931867056921287,-0.060877790715142426,-0.0695348192219209
0.02615857670343914,-0.07105885826565189,-0.15625082325679263,-0.10495415412243034
0.048166023635661706,-0.07766248665304497,-0.21536662978325444,-0.11879333324491706
0.04274176117900677,-0.08397608467432016,-0.2251913143864604,-0.10470862153515191
0.022307706520289402,-0.0814284260819783,-0.18597112850469927,-0.06466340422244529
0.0020409706331162465,-0.062163737535947484,-0.10955707752876392,-0.008805233235875355
-0.006556272780699198,-0.023214226044662212,-0.014870281801795032,0.0472670205394778
-0.000283038274892268,0.031124042251531082,0.07774556822439685,0.08706064366912311
0.01468820003567021,0.08985839528185567,0.15147093682006704,0.09817055247905439
0.025656285258677455,0.13877031528468647,0.19599553925469382,0.07611611016248228
0.019003933502366368,0.1655378764079723,0.20817151074296988,0.02580829930947135
-0.013637014399549436,0.164512280174707,0.1908139017749717,-0.039830408304757384
-0.07110212349472597,0.13918927449390153,0.15061889000793718,-0.10366540399374494
-0.14202117598581943,0.101250179114312,0.09616808716773617,-0.14937561751974404
-0.2081215687294905,0.06636967658083742,0.03657895416418816,-0.1661398744256274
-0.25036975794422645,0.048286803510195236,-0.019200955053642228,-0.1515552841822277
-0.2557283730607977,0.05339319911728732,-0.06287926869994528,-0.11195137238689576
-0.22204657994836213,0.07798853590112405,-0.08758404823805259,-0.06010639915239728
-0.15925856096382437,0.10939741083150663,-0.08912124166156096,-0.01118261525658144
-0.0863926599455998,0.13068054846971683,-0.06744817178193979,0.021787575256803016
-0.025400251038625643,0.1272607553972937,-0.027670463741425358,0.03146694552708275
0.006052414710050941,0.09297315914997901,0.020224457931558047,0.017815128404780323
0.00033117590930123106,0.033174513817324114,0.06334933923472566,-0.01260772077948084
-0.03783804485965478,-0.03641122008817145,0.08939861839326416,-0.04923040159892549
-0.09319317643772108,-0.09484840690128706,0.09068148800245834,-0.08099443178412702
-0.14518902495529795,-0.12334886231086394,0.06729475039567953,-0.09964976611418194
-0.17479446674713228,-0.11214192365389467,0.028080106988193607,-0.10184364355288239
-0.17048416107540984,-0.06426599359325283,-0.011360087874057463,-0.08949956057857116
-0.1314483211515059,0.0052208710598242135,-0.03329835463721691,-0.06856870370620452
-0.06709116808240215,0.07443233993618058,-0.023842200566366066,-0.04672992522437262
0.006788213118721655,0.12241564785108654,0.021755071795764098,-0.03086712078001023
0.07361893066143715,0.13665306817750097,0.09637571593593065,-0.025112299090720575
0.12143958850197689,0.11751482430569074,0.18209969510723334,-0.029960230255565365
0.14620524702816212,0.07796230805679914,0.2549900284938801,-0.042561437837525334
0.15203001532714644,0.03854185022727492,0.2922371064619223,-0.0579306073520606
0.1485146380087168,0.01946397740277295,0.279406140116061,-0.07058103343574706
0.14632558906951182,0.032676921121634284,0.21539546104793206,-0.0760594333130433
0.15273587947694553,0.07689354632402516,0.11340523349632006,-0.0719839224414878
0.16874546197635878,0.13748665059141946,-0.002490615048980839,-0.05840533335558008
0.1887427179452803,0.19140336526945703,-0.1041290089544638,-0.03752900607874435
0.20271374587121888,0.21540868484675196,-0.16726171842923804,-0.01298330685306969
0.20010569096873299,0.1947260740635034,-0.1782729821354312,0.011122783933277019
0.17391377254681556,0.12895707850542917,-0.1375797036984002,0.031131589898990203
0.12355048348827957,0.0331031725292239,-0.05881602339237341,0.04459546347629262
0.05553822792283389,-0.06675849868628064,0.03571590719915192,0.05075837201189071
-0.01815468933336866,-0.1417035840234972,0.12170149318589632,0.050697443675404255
-0.08352331019253569,-0.16927927548764846,0.17941301032487053,0.04709165640178375
-0.12852905895025674,-0.14073213921721445,0.19830573871246582,0.04362480414839075
-0.14641492878275486,-0.06371984789082737,0.17849759949885552,0.04409604803819685
-0.1373407781089115,0.040325906958142164,0.1291297938395882,0.05139957177138918
-0.10792926618147147,0.14317027726351117,0.06458385647110026,0.06661602180479954
-0.0689804566209978,0.21862091606598325,5.138834855035815e-05,0.08848920774483537
-0.03215148123490242,0.25024663780761636,-0.05210950113835514,0.11350585836673739
-0.006654296031464824,0.2354860453355126,-0.08434134661729058,0.13664726010817696
0.003052506230125745,0.18501943886536315,-0.09404680936198728,0.15267326549415883
-0.0020388911740302947,0.11795662948579687,-0.08246608328289068,0.15759968913377442
-0.01650120359511707,0.05478677447523329,-0.053117396660684046,0.1499184061707514
-0.032791105196009085,0.010665037761530195,-0.010557074097605064,0.13114282969766305
-0.0440945628077242,-0.008706378781115805,0.040176598236650464,0.10544813672557876
-0.046790944877597836,-0.007439324826107006,0.0935482110585833,0.07846481773539252
-0.04176039377409815,0.0036710658115777298,0.1433830053041718,0.05557936907262478
-0.03411130203640833,0.012276578170755864,0.18308805846463272,0.04028861437885226
-0.031381230989515285,0.009523077219711858,0.20649085153267485,0.03316495390080823
-0.040737294175195074,-0.006848064402827286,0.2091641679579636,0.03180203996105414
-0.06603960714162264,-0.03231404363392107,0.18977002026580808,0.031780669378017726
-0.10573032707815752,-0.0580832292026805,0.15083538505276567,0.028336205520673757
-0.15232427894766404,-0.0750754482852474,0.09853157710045367,0.0181513003039296
-0.19383510438578233,-0.07767177945152465,0.0413992756047951,0.0006391364411866135
-0.2168825783428969,-0.06575875470330542,-0.011622030731280614,-0.021748956278466486
-0.21066027923992306,-0.04437654427124128,-0.05322319472170918,-0.04431660510075809
-0.17058131066555557,-0.021288344152905005,-0.07915846481167799,-0.06174769441945635
-0.10040398178781015,-0.0036108063977980578,-0.08867562083520805,-0.06999122818211599
-0.012013716316929466,0.00503342879128562,-0.08393750791636403,-0.06773067110165606
0.07727944964042567,0.005665866624669965,-0.06880615528358779,-0.05690220489901838
0.14927343457033643,0.002984487000996447,-0.04755125338840788,-0.04206051131111753
0.1899338543547207,0.00276229627627967,-0.023975332525601644,-0.028801079180854363
0.19341161982166005,0.008780996104933797,-0.0011651580629897275,-0.02178783319168199
0.16369058336234274,0.020660868831920427,0.01827337058686848,-0.023082180994348566
0.11324544930024827,0.03357584661643387,0.03188737873194368,-0.03137133519464984
0.05905391780523306,0.04006011887596275,0.037368319633801744,-0.042384509356908046
0.017207141528131548,0.033234971498966426,0.0330580055726299,-0.05037425375851798
-0.0021217227793481203,0.01016344389206195,0.018816914995481715,-0.05017049730408103
0.002335631947176407,-0.026073754554413353,-0.0031998543279481914,-0.039114031968689164
0.02302022521622507,-0.06654207106375608,-0.028404060167229003,-0.018210867353902194
0.0466586822616441,-0.09897688292444239,-0.05062339373191947,0.007896278029969492
0.05931337860212785,-0.11186949589546522,-0.06386860016609162,0.03215751573916875
0.051569873728297674,-0.09867313684179863,-0.06448095730750938,0.04717840582188033
0.021995907976567808,-0.060566161377249385,-0.05282518988139758,0.04748630102610485
-0.02237938898099682,-0.006669715886697877,-0.033730615349329425,0.03131328429571413
-0.06873096288314129,0.048500773363423046,-0.015284625048648852,0.0013637632831998755
-0.10324681207027818,0.08958181364727993,-0.0062152866431430046,-0.03565559866812534
-0.11626936462946472,0.10539790008740116,-0.012715119178339937,-0.07060445993548545
-0.10581890769006394,0.09275892787329384,-0.03588956314340286,-0.09413388588424682
-0.0781490491645021,0.05767388458334036,-0.07089145205170948,-0.09896515941729571
-0.0451120113674488,0.013495185669221425,-0.10823421833899305,-0.08163468681072236
-0.019345832105619243,-0.023451346138995757,-0.1369568418892091,-0.043288479107285976
-0.009161844682166968,-0.03933151635906902,-0.1485575335147551,0.010624339364601446
-0.015163262152803142,-0.02755138898065579,-0.14023246985663057,0.07162789101057607
-0.029985534360903864,0.008807934637385327,-0.11612996358855862,0.13011021184542185
-0.04134408966745162,0.057718388418071025,-0.08602481413060567,0.17735389698666829
-0.03726055713503258,0.10191167796231818,-0.06178594991241239,0.20723558346173748
-0.011427428417660621,0.12440419082644091,-0.05288353922792158,0.21723433665203584
0.03346490701766969,0.11407919583915122,-0.06261027871060154,0.20857268051920771
0.08589511331182334,0.06953345184295229,-0.08648756656832418,0.1855238714907893
0.12930445092969128,-6.200464359061228e-05,-0.11354569204655318,0.15410811397856589
0.14821840077630083,-0.07739770351785286,-0.1300929434069318,0.12052909292905838
0.1344152949663993,-0.14203395311490544,-0.12463090238858102,0.08974414018593753
0.09072721421994853,-0.17645282769898224,-0.09210719825498376,0.06450821018381903
0.03085762355602621,-0.17130063362294515,-0.035914291135330685,0.0450960669163165
-0.024942634947249763,-0.12821829623331127,0.03312808787545883,0.02972149180354725
-0.056922494650109734,-0.059399919996398216,0.10044001375388673,0.015484644272058846
-0.053086898687730616,0.015978562917337097,0.15263473291132515,-0.00045942835192483607
-0.013967635918584666,0.07736731665786123,0.18191704430772127,-0.01986597545459328
0.046955512371603815,0.10878251718699386,0.18831185661232624,-0.042796072443459274
0.10749436183026617,0.1032861461994275,0.17895102539247654,-0.06759209050419493
0.14425609063707767,0.06467286164820202,0.16477729894597054,-0.09139409357415859
0.14079061938389936,0.005894504217072872,0.15600207998773818,-0.11099109949790704
0.09348585576057938,-0.05524466508425799,0.15809984812224953,-0.12371261003121248
0.013101792193057618,-0.1017541592787288,0.16986866455877836,-0.12808484897772315
-0.07860256775781907,-0.12270653353337653,0.18424185607774207,-0.12409129832981913
-0.15593520368074215,-0.11643285721485223,0.19144117987733336,-0.11303926086593213
-0.19751192406124962,-0.09067990139619772,0.18315185263442707,-0.0971751377608248
-0.1927869657075975,-0.059708065501405894,0.15603107220953671,-0.07925173592908105
-0.14468258050006516,-0.03928423528406086,0.11317010169900438,-0.062207296885765734
-0.0676054463777497,-0.041202537713353624,0.06297958078005539,-0.04899213079843766
0.01816954044238802,-0.06912814063378096,0.01600827289822954,-0.04243904734686424
0.09350280319297957,-0.11714444163021855,-0.01898384563408876,-0.04499585016117746
0.14616522915437316,-0.17151540857374029,-0.038117205476360286,-0.05817700340725033
0.17340565212912046,-0.21512522425087377,-0.04345121898242459,-0.0817497023905254
0.180694784500825,-0.2331653983724688,-0.041668699797208955,-0.11288771627864393
0.1775625534933792,-0.2182012869807997,-0.04101600468887328,-0.1457016681421491
0.1725363870252587,-0.17292036762377636,-0.04781518791092408,-0.17158172052000364
0.16941346463535428,-0.10960127975204131,-0.0639916337083738,-0.18060958476234779
0.16639291375375287,-0.04641351839026333,-0.08658928106270754,-0.16393595074688638
0.15826650323701863,-0.0017126556528811385,-0.10938458578975677,-0.11658961936486788
0.1404818935331681,0.011818879022783654,-0.12582686424280706,-0.039854186461032795
0.11303588961781066,-0.008741941540868384,-0.13199704820582292,0.057721069022356006
0.08219374610221843,-0.05560491288380871,-0.12830801385843998,0.16133161642890365
0.05896147913938289,-0.11277281305972721,-0.11924450486615806,0.25301925809938364
0.05468446257534109,-0.1611831850017302,-0.11130611864755355,0.31621016813990593
0.07550496873464776,-0.18478021197304825,-0.11009832111775156,0.3404231318436882
0.11809889936692686,-0.17550559345439232,-0.11787781480694093,0.32463084482162513
0.16880137492042485,-0.13557650716807945,-0.13264542226613196,0.2780133982807601
0.20699606788509883,-0.07635522201210129,-0.14918569066076107,0.2175818453122329
0.2119419613906139,-0.014285014448231218,-0.16158017304331615,0.16316305802402514
0.1707133984814711,0.03463787691799343,-0.16605302750237683,0.1311905280255308
0.08425462264555153,0.05991611552101464,-0.16284059938758438,0.12928969159278186
-0.03098189397683425,0.059406236707665816,-0.1561933965724772,0.1535444337799341
-0.14685223206613418,0.03908443980808293,-0.15244711163282001,0.18955913830562912
-0.2318433382851065,0.009967796883083888,-0.15698183513066685,0.2172038817057027
-0.26120921594554647,-0.0165330271331025,-0.17143414301123672,0.21764717366443814
-0.22541086540799352,-0.03300496800294726,-0.19247979798214765,0.18039100051211182
-0.1338024313559978,-0.03848040051041115,-0.21286131521571197,0.10786942951030637
-0.012104411457679869,-0.0380284982712106,-0.22435277943067378,0.015858452494122405
0.10561324859495458,-0.03970182621231527,-0.22145237496619338,-0.07071711611656908
0.18774516733215768,-0.050104365006778354,-0.2041745919502742,-0.12543459459182416
0.2150422373006422,-0.07042950088892432,-0.1785921079515176,-0.129089404254948
0.18617062411471658,-0.09469409321723357,-0.15467341566829668,-0.07659708648646618
0.11707173372270797,-0.11109444498628399,-0.14212541000691892,0.020318733022370226
0.03447646783093726,-0.10621419422114158,-0.14589325158575228,0.13573495954191234
-0.033990392294456245,-0.07066182854511982,-0.1632703559779862,0.23678474883398293
-0.06949787640608351,-0.00404339956711177,-0.1840545845344274,0.2933472639337747
-0.06801884334346556,0.08274325709459922,-0.1940135754104812,0.28710398719751273
-0.04060637027946109,0.1690692325117207,-0.18054068314471974,0.21705602593082973
-0.008027550938446707,0.22984670614427796,-0.13835730424109288,0.09973538395530623
0.008074277658850985,0.24302519474212225,-0.07289966218109864,-0.035920659782899246
-0.005926853001240889,0.19693834863823934,0.00023456420648510813,-0.157319017026301
-0.05006460675517013,0.09503086324728861,0.059947633072024074,-0.2377150747667911
-0.11060299571568712,-0.04375277174387121,0.08694566964373421,-0.26342673080339696
-0.16528235919862924,-0.18927260122503367,0.0710558034508595,-0.23656676518122122
-0.19197546109236563,-0.30802617527362697,0.015726804421204055,-0.17267567793838667
-0.17747229378685733,-0.37218491517736124,-0.06221718026394347,-0.094372108629977
-0.12307536566250828,-0.36710062092768414,-0.13779390985577064,-0.02342693443730424
-0.04488034527278476,-0.29503055774896925,-0.1863870061397443,0.02592977394650915
0.0314156482806125,-0.1740344305300361,-0.19256599713498285,0.0502597290216263
0.07932758129428172,-0.03251528237745446,-0.15593167495766647,0.055875703752569415
0.08085415359856765,0.09879857745792414,-0.0916862418296012,0.05426734019148486
0.03289342273289731,0.19493154475351607,-0.0255040015085786,0.05601754426604222
-0.05146531160037569,0.2424269123096211,0.015621146087894796,0.06570360307073314
-0.1471993038796188,0.24130590994041615,0.013336689749281802,0.07979789639062025
-0.22562788210077928,0.20302059048052554,-0.03489853595480738,0.08835294322608127
-0.26380196552437585,0.14546426100025253,-0.11409885920441531,0.07974748887364384
-0.25178860130652053,0.08691574388960703,-0.19622486401928807,0.04655427948364042
-0.19544968061708887,0.04091904350534781,-0.24936062635008846,-0.009878497830924076
-0.1139362197327046,0.013552281905028031,-0.24841983556471103,-0.07808763110879915
-0.032945237396129354,0.0035645688326202693,-0.1836644046191964,-0.13914871832004305
0.023829886131465118,0.004832350216203636,-0.06412022109873251,-0.1725675485091317
0.042140436639673436,0.009871493451800042,0.08518957271953614,-0.16340145665949424
0.021132848588866972,0.0129605882737268,0.23109052795517993,-0.10807112871514529
-0.02726694395041268,0.011795812655042131,0.3423530425722578,-0.016710411830662686
-0.08302907389749435,0.0073188540912380515,0.3985572263470812,0.08892853840415614
-0.12495058245455253,0.002130958111510652,0.39486591162009776,0.18146438839379034
-0.1374410397172135,-0.0015719029805028126,0.34145850419850915,0.2358708147720922
-0.11501256848098487,-0.0035170410841540087,0.2583422532933216,0.23686814756464694
-0.0632602799348914,-0.005642376535341276,0.16782557121652597,0.18334166646303177
0.0036382763327279825,-0.011074864746781841,0.08754814775804716,0.08842125743116418
0.0677740760506925,-0.02232733332585176,0.02644599521643,-0.02468843065566518
0.11296716665087997,-0.03959527889521635,-0.015340116811163377,-0.12965890757334553
0.12912092016179064,-0.05999837945790699,-0.04323685195182499,-0.20446854284759358
0.11432441276721628,-0.07820681960214816,-0.06354984492336066,-0.23698772476835905
0.07441006245737249,-0.08829233605490926,-0.07954503231035825,-0.22714631496478085
0.020487406842626735,-0.08609788610890615,-0.08994735428402767,-0.18533941428740708
-0.034510734277108365,-0.07115460348298303,-0.09027047478368397,-0.12797807836865377
-0.07913275272106395,-0.04730395685304149,-0.07606494651976331,-0.07193084119726192
-0.10569608620121292,-0.02166314803876976,-0.04632731122995558,-0.02976911019039211
-0.11116990461551911,-0.002219022356455335,-0.005297129582028683,-0.007221286598850555
-0.09675304801589361,0.005102327513095174,0.0383353296953117,-0.0032964073993616595
-0.06658794901040743,-0.001210129291368038,0.07455042650779203,-0.012538036931798766
-0.026172810423020845,-0.01741126020950029,0.09606730367290302,-0.02818423180356805
0.019040632409955516,-0.03557949354250618,0.10147489457017841,-0.044864664177182934
0.06456558275022306,-0.04632012362356549,0.09589382014291709,-0.05986511802009948
0.10722610872848723,-0.042175669937475346,0.08870328970690317,-0.07272754740777784
0.14500567680383802,-0.02052697756632721,0.08919069544085806,-0.0837083877771322
0.1765700046556703,0.01509212646547451,0.10198166132145298,-0.09208109234818418
0.20067681127553272,0.05580633784288624,0.12432802091593428,-0.09526774115000142
0.21569083364437894,0.09012783866401491,0.14663816332485474,-0.08934275531539862
0.21940101678869053,0.10770192367722661,0.156287072661368,-0.0707725674370358
0.20927763504675562,0.1027835920498479,0.14329405431139608,-0.03863401170955377
0.18319502370594604,0.0762253964008135,0.10552480228280904,0.0037425361429133004
0.1404835845418287,0.035257644719385625,0.05108913243036786,0.04860139696919304
0.08300075726492157,-0.008893807056717117,-0.00338595087474778,0.08540155655377793
0.015794517301597567,-0.04474661531039646,-0.03829415497349365,0.10387457106604828
-0.05305015926054902,-0.0643647875081741,-0.038472349715940365,0.09748853461273979
-0.11360072235303398,-0.06589339216665668,0.0003412516163520257,0.06605670617732742
-0.1561838348452984,-0.053923227272826814,0.06867812756866205,0.01645928669538558
-0.17390954845133144,-0.03753826317983881,0.14553215356522628,-0.03891859637295789
-0.16483723226400718,-0.02671848068390608,0.2050660935653441,-0.08562256140938448
-0.1329770438950561,-0.028369476393696455,0.22552923763563199,-0.11134928369835588
-0.08759910417158878,-0.04341422364900538,0.19711409745402747,-0.10956615498557508
-0.040855213484709954,-0.06604523955869268,0.12575237108016063,-0.08134288417077487
-0.004334140793793009,-0.0855029609515652,0.03130135218810882,-0.034826732436127446
0.014361951034290107,-0.08986281648609994,-0.05933017091869501,0.017395369358390575
0.0138221485061669,-0.07058097813862824,-0.12162501686017524,0.062097880081748005
-0.0010492117918479565,-0.02622403203434219,-0.14195339154607609,0.08908284961107268
-0.02114770149208236,0.03598533082521982,-0.12191816924323509,0.09353966665270823
-0.036847887048759076,0.10149014988914215,-0.07690290743434738,0.07646494043598624
-0.041922068275868384,0.15232793608478368,-0.029392648844425884,0.043244629257415
-0.03618428102076675,0.17251321272268955,0.0003365903460391742,0.001151316468364535
-0.02573200016348067,0.15318249933807404,0.0025198179788409256,-0.04316601850803559
-0.02052080093418064,0.09581796752947741,-0.018085155714815008,-0.08523435123850465
-0.030046543636058475,0.012432943143840065,-0.044117811532819254,-0.1228730253195718
-0.058729770258128755,-0.07744482985321759,-0.05280716756259644,-0.15505300452228446
-0.10285588666592149,-0.15212483206142563,-0.02569905437893509,-0.1802350492354889
-0.15047431837347336,-0.1938038582603235,0.042863735565062684,-0.195153741546587
-0.18462002050224224,-0.1934323979727605,0.14188647262832785,-0.19482250057691966
-0.1889520837528198,-0.1528844203600514,0.24615729915579182,-0.17399316810668558
-0.15388362882862977,-0.08378887099185997,0.3242598773015133,-0.12962733142461141
-0.08091915706026981,-0.0034699834490863144,0.34931803912904635,-0.06340027272585214
0.016594022394655378,0.07061336634029478,0.3085524195395098,0.016908935788246225
0.11688426369630373,0.12606201151926766,0.20812806869133196,0.0979939525194728
0.19641379416422355,0.15865340031935268,0.07149501366819802,0.16374669880874115
0.2375834570816134,0.1724117050394626,-0.06818326843918505,0.19950218712353895
0.2347706010015735,0.1767385856680685,-0.17876175509507292,0.19652073844732587
0.1964456510137388,0.18175188405710474,-0.23914412376135533,0.15519081465779944
0.14242901090702503,0.1936158402598665,-0.24509022206527753,0.08573357810850811
0.0970730085438572,0.21164696805884495,-0.20892041963684965,0.005946327614442149
0.08066137555040773,0.22833227278520563,-0.1535341009821656,-0.06350827497229976
0.10204492427521786,0.23231974591360394,-0.10323239523583941,-0.10490851544237251
0.1551812355158372,0.2133140172207321,-0.07490481228441767,-0.108585956989421
0.2209135239527023,0.16704170991337658,-0.0728274173433005,-0.07570981155665463
0.2734712959281561,0.09833470746266543,-0.08878633475191422,-0.017817291395378305
0.2894689133438648,0.02098292781840238,-0.10711039952223363,0.04680199982631337
0.25624455276161473,-0.0458595528841107,-0.1123107932889115,0.0987424749749595
0.17657523027250127,-0.0836607781385035,-0.09610797704185386,0.1233575623671333
0.06806856800406394,-0.0808841309629112,-0.06100685352778106,0.11501833895772809
-0.0425805008882327,-0.03747236804222802,-0.01907450143348848,0.0784394223354164
-0.1284516169821719,0.0342931178199155,0.013436496286508458,0.026724955289039076
-0.1712580661502083,0.11309850633755313,0.023291534800978744,-0.023139667874686586
-0.1671011159242517,0.17516040627994584,0.006260342867673898,-0.05580938237186118
-0.12715099484991021,0.20194074702431547,-0.030635734373017223,-0.062286747747911334
-0.07311491878792703,0.18640536007395264,-0.07160108483759309,-0.04231779784143171
-0.029207364063280408,0.13561417351338012,-0.09832518024399793,-0.003803325384582135
-0.013545268894823104,0.06862145739897675,-0.09753212218741944,0.04042078709997267
-0.03202321608584193,0.010256506810578249,-0.06677246858462602,0.07720713158698057
-0.07675349296994821,-0.01720050544603928,-0.01606430817679294,0.09747377198684849
-0.12946058034340516,-0.0016499847219292995,0.03540285867100016,0.09884577543308655
-0.16843472568896886,0.054512883388069006,0.06635961854408784,0.08574696175039292
-0.1764282055911452,0.1349338030969691,0.061703056437486754,0.06706444673474171
-0.14664894656390373,0.21456982204197161,0.018767946999614232,0.052369215762910024
-0.08481868304509457,0.2679439838292649,-0.05080260673419818,0.04815530792494932
-0.0067788603529266335,0.2775850517908758,-0.12438762181648969,0.055494966179961414
0.06724064880994635,0.23976842739128146,-0.1757974591177544,0.06993279885271131
0.11943651139499506,0.16559465666378181,-0.1841442038441326,0.08357803016942719
0.13983267630902319,0.07705301663222407,-0.1410388288895426,0.08852265142766627
0.12846602472461133,-0.0005426488812353535,-0.05361428937853758,0.08022203234913104
0.09388310393598602,-0.04710291277902234,0.05760461158726402,0.05950329823874412
0.048892772718612594,-0.05432634764420135,0.1651377300890164,0.03240235082505543
0.005479792678282826,-0.02802524810604583,0.24299039539201306,0.007871230095267322
-0.02906218092148871,0.014531061037084167,0.2742220095400918,-0.005772462320397555
-0.053391016611113805,0.0512383992568118,0.2552336012323325,-0.004277115221916975
-0.07057014361712503,0.06334001203334429,0.1956450285868187,0.0105925562737519
-0.08471713333601621,0.042240196458659784,0.11420927020524863,0.03141126428915737
-0.09757023671805917,-0.007456920206087951,0.03249585798674881,0.047713631527059916
-0.10665683720624979,-0.06971557960648711,-0.03137006664842675,0.04996348064314827
-0.10598042751646441,-0.12294862292292835,-0.06693464356362086,0.03340326408469256
-0.08898033105013615,-0.14785612007094914,-0.07259957099410236,0.0003008613173902533
-0.052454138538407,-0.13439802634570033,-0.05395634300726857,-0.04034410604011365
0.0003814348488100118,-0.08542476353164623,-0.020419952857677025,-0.07565614543493812
0.05925316067759128,-0.015718644063556227,0.018307278388146886,-0.09336712427430435
0.10923148253005754,0.053144919469757315,0.05467589060588918,-0.08634946285650061
0.13552362506976376,0.1002258746037091,0.08408328875585051,-0.05554041469400361
0.12895427646363336,0.11226938457220134,0.10428126589490512,-0.010124267975931574
0.09000640009927438,0.08790164903966001,0.11420485683535495,0.03520430012382557
0.029706037677566806,0.03757106300679142,0.11311094184015397,0.06502435754531316
-0.03325257743853314,-0.02061485143020743,0.10054857784736541,0.06838935199098066
-0.07834388879034088,-0.0675485762960486,0.07709024670040501,0.04262486885101608
-0.09005659966363913,-0.08982842533943944,0.04524375753674761,-0.005633264621338795
-0.0633356744203268,-0.08412447915687415,0.00979226885691624,-0.06255977715533367
-0.005637172885583557,-0.05773718921589553,-0.022941357655566805,-0.11170513425904136
0.0652156304146592,-0.02529950144459126,-0.046860659562015086,-0.13942088915338138
0.1266983332770546,-0.0029621716540505424,-0.058264802883881396,-0.1392519461130386
0.1588421042723595,-0.002259022659035985,-0.057468102607726834,-0.11377031127897436
0.15059036372985693,-0.02588120357517415,-0.04902646890809452,-0.07324089595840284
0.10310465436647455,-0.06681431248468479,-0.04025400247115889,-0.031645101739773876
0.028975412513139984,-0.11102101124745747,-0.03844450012054916,-0.0015315611216551363
-0.05224817277853222,-0.1425661757744957,-0.04783127856661558,0.010427307564092082
-0.12052316841874722,-0.14925061739163498,-0.06753869523449538,0.005568495539221979
-0.16146076337021859,-0.1267269094561213,-0.09147392532415832,-0.007685475463734399
-0.17007468899096145,-0.07971791974181289,-0.11037348176206033,-0.01742705050890995
-0.15102040859943167,-0.020074049027702417,-0.11534105113106528,-0.013176270839801014
-0.11554500307357111,0.03744316760834006,-0.10155264082310848,0.009738995663581296
-0.07654790957239012,0.08000124754942875,-0.0706488645506672,0.047979989069340506
-0.04374959790246646,0.1003991863072384,-0.030772225647802444,0.09101041066908525
-0.020779549043380308,0.09841538079135641,0.005912212538885374,0.12465111903652101
-0.00513030370915832,0.07954578412842081,0.027389655469221327,0.13608844437485218
0.009260566023336043,0.051870888187438076,0.026141549045258623,0.11851013914554964
0.02807474711412758,0.02243939605044434,0.002021565407921446,0.07367655584295268
0.053087974299441794,-0.005366048750341482,-0.037465973621516706,0.011489508087208071
0.08058916544203479,-0.032507865905429846,-0.07964810063933242,-0.053282063783060316
0.10243669461917325,-0.06288592724850788,-0.11104490241734231,-0.1059267934562575
0.10933785693902012,-0.10055999363858609,-0.12201351568891636,-0.13658252465888823
0.09500701787335336,-0.14684345550473493,-0.10996766165605193,-0.14317905964097294
0.0594695298761488,-0.19852152092825742,-0.08000723040691629,-0.13151312467111503
0.010082131577999481,-0.24796393831073585,-0.042773259298606106,-0.11250168201500368
-0.04028455606877862,-0.2851330549274441,-0.010382551827714949,-0.09769697281873249
-0.07735083181224653,-0.30074287271046357,0.00800743135937272,-0.09477281575188756
-0.09036200335810458,-0.289390993393971,0.009360717917242016,-0.10467776006955845
-0.07603327738105581,-0.2515167284408708,-0.002456629810556412,-0.12150611884859308
-0.040012073740132256,-0.19350211311382592,-0.01844892881488213,-0.13510572476388116
0.004747112280840489,-0.12593006653080838,-0.02802205355114399,-0.1354068733201651
0.042181823478998154,-0.06066776904707952,-0.02286074888106985,-0.11680474935286213
0.05844945838565317,-0.007808475125928565,0.00030479504799978477,-0.08089893337339202
0.04653524873534834,0.02653696029221782,0.038977652706245064,-0.036498168194401374
0.008558339851087747,0.041009284212672865,0.08629634316400352,0.003187496527142104
-0.044977833380405216,0.0383184046191835,0.13380560605101072,0.025195632372351614
-0.09866631958313732,0.02361013034497776,0.17436514116897894,0.021630520728167672
-0.1371506298824151,0.0026371503032162433,0.20402286506225875,-0.007111769473815942
-0.1498361933123934,-0.01958970578285451,0.22221956253952335,-0.05192952146381927
-0.1338079335620515,-0.03933702059510666,0.2304670141862207,-0.09764088970964409
-0.09410405557526764,-0.05397076400237086,0.23031329665282096,-0.12780197898976303
-0.04145775802455992,-0.061486052347458346,0.22169177748774993,-0.13009344932372469
0.011518776944511751,-0.06023909321691824,0.20253117134415013,-0.10044523495097822
0.054275712210802435,-0.04918196346195676,0.1698867797056488,-0.044500150070698546
0.08104775589908278,-0.02854627042391087,0.12211213993176089,0.02407333870069965
0.09157914631649462,-0.0005861509731073366,0.061052897749728885,0.08784465663138973
0.08987659369453874,0.030153834404870107,-0.006848770458389206,0.13103703249569507
0.08173903306440197,0.05744931180404661,-0.07124917962151195,0.14432164847180085
0.07218871189814444,0.07492345781018367,-0.12037148418580505,0.1274679461204395
0.06383514087243938,0.07808409885377254,-0.1444569885676279,0.08907502794914623
0.05670843652476542,0.06613955185165514,-0.13894062805341018,0.04357988163348803
0.049421946630686955,0.04282085021502457,-0.10612473986142049,0.006598961301548216
0.04094833931906514,0.015727317678203373,-0.054659109426098924,-0.00986788453538633
0.0320506914048614,-0.0057598722866357265,0.003038386364314697,-0.0008891863895521945
0.025592254827968203,-0.013386388658517491,0.054499563237364,0.0302571580039907
0.02547351006377741,-0.002773689222628172,0.09071360836887436,0.07343901425678118
0.034592078115320675,0.024988151773624456,0.10818226822059518,0.11493349542564524
0.052719178102666166,0.06352847103843288,0.10887684459125961,0.1414921293761125
0.07532203944190576,0.10315839902474992,0.09829425757165094,0.14397453915125563
0.09406363502905332,0.13394631732037923,0.08255320291516664,0.11957832988515746
0.09907996220832901,0.14882139895960872,0.06581160321738222,0.07221071212474206
0.0824072211845207,0.14559930686759018,0.04908582211557587,0.01112582198345377
0.041389945317437865,0.12722375807686775,0.03089788997721054,-0.05159650404622755
-0.019230984033886532,0.10019059084816476,0.009346328932643505,-0.10394555669566923
-0.0874988318336862,0.0718094802266446,-0.015458181596853096,-0.13651323128976944
-0.14690474049321675,0.04739422837748203,-0.03984696734543362,-0.1441691602624479
-0.18088425339431766,0.028482776676094695,-0.05683656094587835,-0.12668909568890524
-0.17780668666494714,0.012765412212982323,-0.05829116470639531,-0.08841545258148528
-0.13485799828075348,-0.004292319575620474,-0.03826727674899544,-0.037188565930042515
-0.05949722040991617,-0.026834528201125224,0.003797176920027498,0.017167236313077792
0.03209395948136448,-0.05612195776070505,0.06145577913802398,0.06454668183479051
0.11919076856588753,-0.089241803854445,0.12207926536425817,0.09624471750768654
0.18210137146722086,-0.1196292785568088,0.17010895195700165,0.10642672011799684
0.20744528457889538,-0.1392807907372512,0.19175159095531297,0.0931929065214098
0.19153074397211622,-0.14183874175321926,0.17950484871685646,0.05903762220527529
0.14084127387588494,-0.12533697857802867,0.1348738651951219,0.01054342818786511
0.06957217088510875,-0.09347637581705537,0.06823540702882043,-0.04273892461064502
-0.0049075015992732715,-0.05483124763659841,-0.004188422046332893,-0.09009736868439464
-0.06716348768529912,-0.02017109737612876,-0.06524771944562108,-0.12182968033397494
-0.1077531313848464,0.0011819958552343607,-0.10199815752135405,-0.13131114886702683
-0.12502707765532767,0.004639030562149165,-0.10931417585075116,-0.11645984903922117
-0.12427401415392673,-0.00795383316521597,-0.09081865292458563,-0.08021360508808717
-0.11470882459477164,-0.02886155875430853,-0.056947284660655066,-0.029869646064543648
-0.10549835688033332,-0.04709949084680859,-0.02097988405789849,0.024567870699418785
-0.10227456668538834,-0.052240813641101815,0.0054627080775841025,0.07262618321249968
-0.10532928716968018,-0.038039731400794,0.015874193871320802,0.10563514379988935
-0.11002450499550356,-0.004592385477977291,0.010192494574087607,0.11848920691958753
-0.10913123985216164,0.04169706612377413,-0.0062077283203371,0.11051667273457477
-0.09612326556592601,0.09027167643277667,-0.025194730954964183,0.08532237102319774
-0.06813882226285828,0.1298650150808574,-0.039021783789820436,0.04972988830216951
-0.02748595497208266,0.1519708820514692,-0.04269986628891749,0.01214460063723568
0.018864633907859495,0.1531336011723211,-0.03484019839710922,-0.01925492481242834
0.061595050460484684,0.13535702131885685,-0.01694059802216016,-0.03811481448042214
0.09228671671012025,0.10467403556623152,0.008239192523194303,-0.04101526085242764
0.10637848986485282,0.06860537918755351,0.03824531573020332,-0.027949464137877775
0.10472697491426365,0.03359999984051535,0.07162146644789597,-0.0021555205364610364
0.09317799169506612,0.0034573800716548204,0.10743732941073583,0.030621742493819718
0.0802932770074333,-0.02076197295218221,0.14402530913828065,0.06329848668768193
0.07405915224539017,-0.03951322523173806,0.17776944010029727,0.08886141945673923
0.07878507303819748,-0.05298704377860437,0.2028462182271873,0.10179009380228773
0.09334092497907485,-0.05976364898079713,0.21241193443102988,0.09923225517486835
0.11140387371797952,-0.056681288960823646,0.20103047231350119,0.08167398630664202
0.12366151253177605,-0.04012786355455784,0.16744861476903283,0.052906309048823125
0.12120962821880155,-0.008271173535811412,0.11647470160020013,0.01922157845308884
0.09894551874413512,0.03677507257415091,0.05889489087581089,-0.012039003055927366
0.05774834025822758,0.08796181915193785,0.009043502169268497,-0.03426908481761454
0.004658711117434936,0.13423133482532512,-0.01941730302810148,-0.04325768533150111
-0.04903142800561326,0.1633674478976328,-0.01813458357189894,-0.03825734499532313
-0.09114148036243702,0.16596252433041359,0.012598959012760466,-0.022125967041878015
-0.1122842548241293,0.13912430833563472,0.06321078088337478,-0.0004687644236494957
-0.10864072315986538,0.08846774951110066,0.11741617504666041,0.01998445579366385
-0.08293515072805902,0.027419148414546946,0.15731476908561565,0.03327925014062719
-0.04335299844566462,-0.02624354478888381,0.16934276715583213,0.03582592064543567
-0.0008472159326366399,-0.055692219349843225,0.1489814103491336,0.027188514133638805
0.034199818282956006,-0.05053633686307306,0.10246644373171804,0.009855306651181072
0.05482886019239784,-0.010656525306881553,0.044765351980619636,-0.011874172541267845
0.05898000601542046,0.052999932209965066,-0.005570106400853637,-0.03344402522117959
0.04923855370517858,0.1210861979434024,-0.032904102823217846,-0.05145364384223399
0.03112409212717425,0.1712709449010068,-0.03005440635739106,-0.06441831203001006
0.010683566606162022,0.18476215739509744,-0.000852174537609364,-0.07264312318447307
-0.007673065250216663,0.1519135510916545,0.04123956959011769,-0.07733839481077348
-0.02233416866319471,0.07517418042037932,0.07798530057698713,-0.07941734057841776
-0.03433085889496456,-0.03149793007847371,0.09297385933210674,-0.07855129756900997
-0.046081907685185726,-0.1465022207033052,0.07756249419284435,-0.07295487351045099
-0.05966660129373827,-0.246465529341435,0.034002569589365976,-0.06006743530391491
-0.07539266400719508,-0.31227303839382203,-0.025395481597359035,-0.03790645812250784
-0.09125744455028914,-0.3334789617446292,-0.08275378247713412,-0.006549654234259449
-0.10350570522515756,-0.3099526409283485,-0.12113465454215902,0.030908953420420084
-0.1080325238358108,-0.2505795258340785,-0.13069085625638693,0.06843207541472988
-0.10204612450330777,-0.16977747224217493,-0.11222417171620494,0.09827614865637754
-0.08531780349469531,-0.08318590656995321,-0.07687358394383176,0.11307838161690173
-0.06052685519542003,-0.003960320260076283,-0.04206866932016043,0.10812457362176554
-0.0325733079245404,0.059321639016902086,-0.025233599770188752,0.08301021705716011
-0.00712794163586458,0.10286209801753736,-0.03751886134944406,0.042082084610380044
0.01103923484648505,0.12640150108040818,-0.07979109823869195,-0.006541955065933237
0.019362383146191695,0.13143933161591712,-0.142259582952593,-0.05308115049182008
0.018003684630244605,0.1198571103488639,-0.2077893663106804,-0.08863963570726296
0.00950384451478753,0.09352098582107657,-0.25764219115875264,-0.10736221992502756
-0.0022146772278351275,0.05486302954597426,-0.27757226971107846,-0.10752969358050571
-0.01307084088243628,0.007906422570372586,-0.2621642706214242,-0.09133013666486386
-0.019848815574740504,-0.04105917855351245,-0.2160204748140203,-0.0635312351472847
-0.020760265450018918,-0.08382017077622694,-0.15158901203213104,-0.029660067818942877
-0.015522687878977991,-0.11181119597299209,-0.08462129030473962,0.005575799984506089
-0.00512862081246665,-0.11853544367579846,-0.02901537584916627,0.03906315474198942
0.008453227370479675,-0.10197551059415988,0.007116697262918534,0.0690840429076358
0.022486928390904035,-0.06599051870771128,0.022916554489089365,0.09442045060908467
0.03360342487156076,-0.01996085266970924,0.02355224553497348,0.11335272290469994
0.038030709958802575,0.023461710705672028,0.01708546019417463,0.12318400916167607
0.03212815721812301,0.05193144165874829,0.010861082641998088,0.1206729153123883
0.013308234407399526,0.057196418362913705,0.00888335747167273,0.10331561690192811
-0.018815312735258306,0.03780969251805015,0.011100581486303725,0.07097361949557193
-0.06146142299285615,-0.0002278185675970157,0.014648210485100724,0.027090609725036803
-0.10841835141455093,-0.04521264158104274,0.016266639122395263,-0.021194144595496546
-0.15088296362752474,-0.08337581308836974,0.014652026518813088,-0.06435029823845312
-0.1794495248200153,-0.10324600852334623,0.011590033326230993,-0.09293593363945163
-0.1868204652244279,-0.09929556774896191,0.011308449538085477,-0.10049061087265124
-0.1704048844952524,-0.07364755028975185,0.018309692916787204,-0.08581723645638678
-0.13382405121189128,-0.03527084156317041,0.034658052479912105,-0.053747034193306925
-0.08656857613121047,0.0030580688379057384,0.05799754889455684,-0.013964951148288763
-0.041620250940458146,0.028991784710882065,0.08133224863238517,0.021843670560007133
-0.011586226919601105,0.03461579841498044,0.09490216511350966,0.04363177680494862
-0.0045250467793234335,0.01888739266349196,0.08961151822210249,0.04618439648365689
-0.020910617713937697,-0.012266672253573994,0.06076602377407831,0.03073877095813056
-0.05293310492128832,-0.04815776479881082,0.010642709837315165,0.004423314857709831
-0.08661212360795653,-0.07703050462134844,-0.0512388013358601,-0.022329324922179893
-0.10622403562758528,-0.08994739659318637,-0.11046412802373556,-0.03951077860321033
-0.09966605869741646,-0.08354620031917129,-0.1520340465821553,-0.04109774077175003
-0.06293363445769899,-0.06079005164160062,-0.1652045682591738,-0.02717829934159726
-0.002074995387843878,-0.029556840516052972,-0.14715424393699497,-0.003879911077189692
0.06821585306067252,0.00033281359952199146,-0.10412572771340403,0.018879727587971455
0.1290546299057143,0.02053557451905212,-0.04954622104191052,0.03101470074977313
0.1634551091447806,0.02683754030431218,0.00030714867863877726,0.025966798007721698
0.16198982209347657,0.0201537136531768,0.0316487956876748,0.003151034536530671
0.12603442365486697,0.005621746248267178,0.037703681958394394,-0.031720434790830886
0.0673998745583001,-0.00976622430297378,0.020837142879475495,-0.06854221284685463
0.004407750172599565,-0.020039533522199518,-0.008453518606746778,-0.09625659796505198
-0.04426902044990063,-0.02253230817729803,-0.03534940665171034,-0.10660107720569781
-0.06585795093351776,-0.018733127555790402,-0.04601541606619551,-0.09684139165855701
-0.05762812541379493,-0.013420030482516065,-0.03257761618884865,-0.07055322534117126
-0.027453620662833116,-0.012449849881179333,0.0039342277782586504,-0.0362262221231091
0.00938963769929849,-0.020072714565248305,0.05368310672052209,-0.004237787326542624
0.03602314451606203,-0.036816663593177305,0.10112425820773871,0.016698934421897852
0.04024889229103164,-0.058775467550881644,0.1300566431060868,0.02236178645840442
0.01903020987336521,-0.07861640550246435,0.12893189790484177,0.01417204188657442
-0.020451569175439072,-0.08799317635267813,0.09466590539440867,-0.0016505972592028538
-0.06352549966615167,-0.08052998508633899,0.03372759591377292,-0.016541321432092648
-0.09351205781832828,-0.05432068857909071,-0.03979560790102026,-0.022722229261165863
-0.09791514624919208,-0.013038684240648385,-0.10845893433767563,-0.015898655354869125
-0.07303313364890013,0.034776773605553465,-0.15661784957888802,0.00337747057935087
-0.025297914900724257,0.0780703607840543,-0.17481778829593628,0.030056968002414825
0.031122896545967067,0.10651230930635756,-0.16207478268083253,0.056420737980858185
0.0795340136339944,0.11358644340075294,-0.12545434451062895,0.07466399019529633
0.10676798023602412,0.09853268810301313,-0.07726142065308175,0.07932053681738054
0.10783020925055006,0.06653568788477426,-0.030907707836063725,0.06875013121303443
0.08742701580654619,0.027128352908862476,0.003118966880947753,0.04530679438292261
0.05785470435704611,-0.008648451974456031,0.019893582870230055,0.014290418516120357
0.03409542523394026,-0.031411777453354064,0.02056791618619181,-0.01782456411639922
0.028000661273362863,-0.035945900999062155,0.010793727043609102,-0.04522014023896114
0.04376012572917484,-0.02233029783053967,-0.0022027715090290195,-0.06404717563463591
0.07634144865706669,0.004560414310519779,-0.012741286840045545,-0.07291509427936983
0.1134472500522218,0.03690218483990241,-0.0188578151835756,-0.07258844566209505
0.14020791593237117,0.06642860341558236,-0.02278596274866017,-0.06518021332803645
0.144813260183275,0.08676547190796537,-0.029654980502240795,-0.05323244224225098
0.1229615063312772,0.09489405455010239,-0.04496178390291463,-0.03900691719742861
0.07948040436087148,0.09139729696110813,-0.07180719318394195,-0.024133492477385665
0.02655931589861659,0.0795778793842545,-0.10895853210174111,-0.009577745370526657
-0.020696404685703877,0.0638980543927535,-0.1504966971855003,0.004222136873180113
-0.04969816512869859,0.04836084768612819,-0.18723917611505433,0.017200538638918995
-0.05477789307520989,0.03538858493839458,-0.20950056474364542,0.029557418986323025
-0.038979960500187094,0.025502115703965867,-0.21027490366004453,0.04165905699280422
-0.012666868335938657,0.017771299086603347,-0.18775975450283022,0.053852489071126955
0.010447435481264325,0.010723840807173297,-0.14634280217300555,0.06613686290099036
0.01830526173419509,0.0032668272163492267,-0.0956678659757182,0.07774863275768104
0.0047088887600455695,-0.004769439922445235,-0.0480219142871254,0.086844481380641
-0.028742197689711434,-0.012649601553569714,-0.014831666049868762,0.09052535888770236
-0.07353901559235858,-0.01923414370990941,-0.003349939850367932,0.08538044169901086
-0.11747377049898855,-0.02367367012742036,-0.014556338667304037,0.06854144859611752
-0.1488620613545254,-0.02593471745904633,-0.04291626294104649,0.03899069489547977
-0.16019794939598006,-0.026885773980629288,-0.07806289449716025,-0.001332369952065246
-0.15000602303328975,-0.027883311249472638,-0.10787590804242485,-0.04712761256590968
-0.12243582277282225,-0.03003772842019409,-0.12201467796783139,-0.09037670641039114
-0.08503162100727331,-0.033504424923080034,-0.11484854707288075,-0.12204176586817655
-0.045750898123037495,-0.03716210377036686,-0.08693920651156686,-0.13443246445859613
-0.010464087701173973,-0.038895534608322416,-0.04469298976524928,-0.12354319200365592
0.018180208535294992,-0.036446965807406494,0.0016393121906146512,-0.09057278006032354
0.0403152532799136,-0.02853981747699015,0.040957777378261666,-0.042032617285376696
0.057329197833432086,-0.015818964691636194,0.06439033032832445,0.01172040073216799
0.0701616291901878,-0.0011674708411183402,0.06757105968174885,0.059162930506193014
0.07831783690775221,0.010842213519087516,0.051533287879614816,0.09069911915373358
0.08007068792825611,0.015288128074748712,0.022076549046210935,0.10119683487346545
0.07369525995371853,0.008635376989062298,-0.012083879490769035,0.09115392752321477
0.05904632167037613,-0.009724896242796245,-0.04176053031080107,0.06613314950138627
0.038588681681532,-0.036722958864177375,-0.059607294044499465,0.03469037510643345
0.01721925088141005,-0.06600922435689446,-0.06170469833776637,0.005531592297206098
0.0007789476703765237,-0.08949417496948167,-0.04810196416818655,-0.01511704715761094
-0.00620637878561036,-0.09962011586799124,-0.022334684358392046,-0.02504716845642323
-0.0025857672989186356,-0.09167367554132465,0.009789029645697056,-0.026055589688394113
0.008539965675607247,-0.06538965141897446,0.04170206964926114,-0.022501234344182733
0.020673249573829336,-0.02529235326414582,0.0674745688105137,-0.019071829873314138
0.02633848048019851,0.020388186584901415,0.08280867827274396,-0.018668805510191643
0.020193591163929183,0.06192937131305108,0.08552832543182903,-0.021237176160669495
0.0015815596313657858,0.09079207534818237,0.07561596245938025,-0.023971619833377956
-0.024607794817387407,0.10193721712103067,0.05493126252940308,-0.022775616136037305
-0.04928658469007021,0.09507426163195463,0.026749431160247875,-0.014352135380546041
-0.06237939269313899,0.07447896772574158,-0.00479200671800387,0.0019464188640770305
-0.05676075732798969,0.04747906396196455,-0.035303004630913674,0.023289414212607218
-0.031409207654244056,0.02212788529425089,-0.06079195923487193,0.043943534072194805
0.007523496172362455,0.00482716475892454,-0.07831423634787585,0.057087888512493294
0.04829073341799364,-0.0013554798861905235,-0.08651732957165272,0.05721664059373399
0.07734216490162063,0.0028110512777282763,-0.08593559956242827,0.042237212744819355
0.08401986149325438,0.013475137263763159,-0.07889370149179366,0.01447029453496176
0.06445059580669377,0.025373262152341883,-0.06895590186543649,-0.019844905599768422
0.023167705001315424,0.033797889747438345,-0.05999373057676116,-0.052392423178657666
-0.02819519397907675,0.03618500419873117,-0.055090177044235224,-0.07533453482392935
-0.0747204484125765,0.032818408357926494,-0.0555942374119473,-0.08369812154925496
-0.10318022180161207,0.02648235048020484,-0.060636183258178725,-0.07678687842013557
-0.10638248173370227,0.021264726951646787,-0.0672973167641061,-0.058177554356958226
-0.08534031470787455,0.020989876173108934,-0.0714285647491659,-0.03436644222746442
-0.04853297377806265,0.027852419684315635,-0.06889648741778866,-0.01259329221569469
-0.008611169284873436,0.041710924143497724,-0.05688158650133604,0.0013820027708117463
0.022166072957804525,0.060234982650750196,-0.034822156243201646,0.004817623523367658
0.03604632196209123,0.07978513071145987,-0.00470420656863995,-0.0015896287517350224
0.031967069266201256,0.09665648609995638,0.029390408180895986,-0.014405988108028888
0.015117759763741623,0.10821829688008622,0.06232391909460878,-0.02890092622524157
-0.005775089565772992,0.1135578395465842,0.08919156364677985,-0.0406347572746799
-0.022230388163022845,0.11344879269084254,0.10645665370964667,-0.0466364891503174
-0.02929431819881581,0.10972522749150089,0.1126060354828417,-0.04585253535744021
-0.0270311513215917,0.10435412987363119,0.10818450968855085,-0.03887398526108264
-0.01972225831462572,0.09858757571759559,0.09528567092487335,-0.027226476596324004
-0.013244821038006782,0.09251602310714616,0.07674753433479241,-0.012625308704326023
-0.011857493414060342,0.08516833381383425,0.05536437506277011,0.0034728940553300364
-0.015851410792189463,0.07508472454329305,0.03336695422753529,0.019900687924729092
-0.021139084481267487,0.061110235450289124,0.012276477176298574,0.035512166434453214
-0.02101139964268281,0.04308270443217278,-0.006929281849927176,0.048894089991396245
-0.009342900777889851,0.022142176397776034,-0.023515464539734198,0.05833536149106307
0.016136461617125133,0.0005415778324069781,-0.03675435007596664,0.06218549861956703
0.051977188358349385,-0.01897063024833475,-0.04588009049046798,0.05950620470456356
0.0894985026527762,-0.03396860921596424,-0.05023420252095754,0.050726684789354146
0.11762545874933802,-0.043074259233306475,-0.04948868860769626,0.03795024467825406
0.12708193494004819,-0.0463379672256759,-0.04378865506775624,0.024666326391244317
0.11432000401643636,-0.045153788241395786,-0.03370159197945981,0.014860763365789703
0.08356955977518488,-0.04175383950740883,-0.019973231648561872,0.011787445069327267
0.04604602601422064,-0.038467485992098864,-0.0032125760043125173,0.01684646722000146
0.0164197492005519,-0.036998950416455664,0.016304337421745786,0.029019321078868628
0.007720328942446706,-0.037954171275624976,0.038553268237210676,0.045125264646765556
0.026503875716557358,-0.040749325324594764,0.06336995463690279,0.06085166164222528
0.0700858965267959,-0.043899577448420525,0.08988321446100124,0.07219903100964783
0.1269316397399345,-0.045565719511744845,0.11604198174368849,0.07679985826987415
0.1801584395677832,-0.044167199803113365,0.13853142211776862,0.0746013807329446
0.21296668286572618,-0.038869404120725315,0.15326137918400395,0.06764365213986513
0.2141065594260282,-0.029812657636411347,0.15638978655449762,0.05902452274585434
0.18147411311208633,-0.018043220262552152,0.14559710687994373,0.0514785399171765
0.12261547629936212,-0.005198723858342639,0.1211606224002619,0.04616730277752274
0.05204134802772883,0.006936047116730192,0.08637350248386458,0.04220708201428107
-0.013609154947120259,0.016866460498539806,0.04703704807387503,0.03716506254178177
-0.060788344722774765,0.023702221464165524,0.010072982240383298,0.028350648182148774
-0.08281898123390379,0.02728020312556312,-0.018358097980931076,0.01437552276328459
-0.08102234994046462,0.028085330367401705,-0.034620184783174204,-0.0036958940415244175
-0.06301877454112167,0.027010497378106027,-0.038623557830847394,-0.022162036324709773
-0.0390714415735398,0.025032127867043265,-0.0337064821684821,-0.035661154340573514
-0.018008142731747622,0.02289374328565534,-0.02537168662782336,-0.03903798785912019
-0.004298302667463165,0.020885622073425425,-0.01929201073173646,-0.029438039050015574
0.002704607072638081,0.018785681430834006,-0.019285189515884947,-0.007814168467061428
0.007274566592793033,0.015987482395042097,-0.025991822831821363,0.02081117099161204
0.014408025243831807,0.011790613235751419,-0.03674784600577122,0.04855889981881313
0.026862330434524143,0.005776025204738071,-0.04670494798656976,0.0670697468416867
0.043449254326264716,-0.001851506656130597,-0.0507808896672695,0.07027504150102742
0.0593074140550202,-0.010083378660980899,-0.04569779640916699,0.056597757329424736
0.06800494529262649,-0.01719000285223639,-0.0313206181672,0.029771108702530108
0.06453154537828693,-0.021095742236707047,-0.010766310041493601,-0.0020836988082718333
0.04785257050728048,-0.01997702415649955,0.010775100835465547,-0.028879301063938538
0.02187294256910073,-0.012919418833391226,0.028061563555892816,-0.04171197924444253
-0.0056799767268389915,-0.0004136103897658186,0.03787390277154552,-0.03569956402900337
-0.026071213134978614,0.01551630179916308,0.040315272809996916,-0.011560737340578678
-0.03296042517591655,0.031666427006981454,0.03879034526250787,0.024587513251671335
-0.025002011459223185,0.044451171484424845,0.038626510060983374,0.06313404398867321
-0.006541483993361928,0.05094343643169418,0.04483609333650652,0.09392957605060473
0.013948058040593136,0.0498362066424624,0.059875327037503485,0.10930875597327835
0.027138159662840725,0.041984939327329183,0.08228819562425446,0.10620237900712577
0.02656898746223143,0.030291376226245212,0.10681035777029461,0.0867067652794169
0.011350452017198427,0.018891630512841356,0.12596339152552177,0.05702188236772041
-0.013268660973509663,0.01185351654903248,0.13259862375011977,0.025217729807850902
-0.03775948583259953,0.011785813149272323,0.12247275565489707,-0.0013520069496296208
-0.051948390266452704,0.018837255462122837,0.09590286119770004,-0.018114976479963796
-0.04906536621654263,0.030473807214913495,0.05787429777259591,-0.024200656372326587
-0.028646232707761288,0.042183879984267175,0.016540910089264366,-0.02204155790181337
0.002867756755164593,0.04894436691004908,-0.01935143082768115,-0.0159531672186657
0.03413628942680047,0.0469934040815104,-0.043194419167466386,-0.010316452298975293
0.05285501496223224,0.03530580844297891,-0.052431878838221826,-0.00805890378316533
0.050205769513125456,0.01622088111847306,-0.04900900639803379,-0.009942150362165343
0.024196545384141847,-0.005072206831236166,-0.038261371233989816,-0.014806414196732176
-0.019341726943408626,-0.0221044656228749,-0.026726191800483086,-0.020541689299262273
-0.06848532506575156,-0.029284893315724737,-0.01973651192539598,-0.025297979685725433
-0.1090709011961582,-0.023935136746436343,-0.019696878721924008,-0.028401059015355105
-0.12930832540663453,-0.007480920829569054,-0.025631182884578677,-0.03060800598338146
-0.12353536052847996,0.014675960808414469,-0.03406939474276145,-0.03363794216111967
-0.09383146972234471,0.03465459804381777,-0.04081256335247249,-0.03922111887422061
-0.048997791298872995,0.044540350993356514,-0.04279419917556358,-0.048101962659313005
-0.00135517910146047,0.039007452503488374,-0.03926382531765598,-0.059438883166797005
0.03743607923862398,0.017245023884053565,-0.03184274058000429,-0.07087158718841537
0.0600391883252835,-0.016494174192579994,-0.02350192658751271,-0.07925094942962552
0.06534698512111463,-0.053968202557617445,-0.016976508683243734,-0.08175945644177196
0.05808074756346012,-0.08535395699208612,-0.013366029192595458,-0.07699552335410695
0.04638323467594089,-0.10224349617239446,-0.011577552659508841,-0.06560810809867419
0.03840560208968779,-0.10026669209762844,-0.008888939870344472,-0.05023762889437515
0.03918611466091058,-0.08048067416594279,-0.0024033342452847786,-0.034774940993546354
0.04893019920057863,-0.04906012930652053,0.009251003903533783,-0.02319298911995952
0.06322261221083143,-0.015378158408036881,0.024767231764245667,-0.018347176540935067
0.07496753747780066,0.010901822752729141,0.0401484411185078,-0.021135165540792172
0.07723915666275147,0.022777236385367196,0.049967411878731036,-0.030266640543640623
0.06594978659284599,0.01794598340309681,0.04947797426455294,-0.042678778849558875
0.04138302834984746,-0.0007088398197719337,0.036755699355764275,-0.054425826943904514
0.008115085290916608,-0.026308322474175607,0.013965337176497249,-0.06174246794066643
-0.026540102617744837,-0.05040269679263708,-0.012856335412536921,-0.06196542340256703
-0.05491170930968209,-0.0657922843836585,-0.035552758715734774,-0.05408540074995545
-0.07129272712275195,-0.06879498036113678,-0.04657125070176069,-0.0388456282801354
-0.07342006058727872,-0.06022495636941107,-0.041673144457406906,-0.01844399713378521
-0.06271135839470367,-0.044806045026994916,-0.021594676903723256,0.004014736896769542
-0.04334054256981096,-0.02928417813608358,0.008022098854428963,0.025151003963154842
-0.020634464621331887,-0.01993834133213611,0.038473570836814484,0.041898703499373274
0.0005522755771137783,-0.020371288151005938,0.06098342316168004,0.05198196982682588
0.016920893553036317,-0.03033340134817943,0.06975247619306615,0.05425935062157651
0.027003626094719416,-0.04594831416977833,0.06393779055920021,0.048927220063133846
0.03072555314457344,-0.06120822706493993,0.04781409345331539,0.037557675309036906
0.028623692894347713,-0.07016822944952908,0.029047991636343,0.02292471009827927
0.021180441149687007,-0.06904395813990197,0.01572899271505205,0.008576384675762543
0.008607490841158721,-0.05747820586931998,0.013276770477921147,-0.0018417340079298454
-0.008843882492172571,-0.038559671731198605,0.02239590738700281,-0.005421388711054229
-0.030249051029067796,-0.017631533354198835,0.038853965851061725,-0.0008022435994862395
-0.0534315838816017,-0.00035451346992034644,0.05516510800386876,0.011279068539513125
-0.07481924051717573,0.00926159225492549,0.06353446443155607,0.027919275876087238
-0.08994102268242124,0.010155646930804237,0.058936852342509144,0.04456994356859896
-0.09450022929814694,0.004401194311525303,0.0411521987560825,0.056092081698281254
-0.08569980652596212,-0.003748810941434255,0.01497858646858113,0.05810521050978268
-0.06335548143995648,-0.009576922132218502,-0.011461285301362941,0.04826571187983249
-0.03036606163878338,-0.009729539665266476,-0.029680113227948283,0.027089561727453138
0.007692305086204616,-0.0034854471639506335,-0.03393550749344579,-0.001959918123569649
0.04379247967037169,0.006993487411394626,-0.023322853280178725,-0.033193209867376054
0.07117193172636657,0.017511466374869562,-0.0020786066506678393,-0.060056046429328255
0.08503922180962954,0.023469609122208697,0.02199800749019539,-0.07676225543196222
0.08376943774386203,0.021678530296467383,0.04039142086664954,-0.07973899476158428
0.06924290108782682,0.01168751130772,0.046909254594781444,-0.06847756545616535
0.04624097757222003,-0.003863026567642404,0.03979312664213808,-0.045561808608993525
0.021089281129996147,-0.020013120698140423,0.0221556369137957,-0.015893230065702674
-5.3356455605620134e-05,-0.03112901450185398,0.0006452152738080433,0.014633187387325275
-0.012779331023657012,-0.03286315215014942,-0.017096011277771106,0.04060096442665793
-0.015467103291076534,-0.02375236145601294,-0.0251892435370267,0.05827379292668036
-0.009514180118519188,-0.005894229104972663,-0.02146368618691665,0.06622177177946731
0.0012560496909266895,0.015551440791595482,-0.007917934437815854,0.06526544400671136
0.011817732735611888,0.03389689555463008,0.010376649748579945,0.05784471668962413
0.017443726191141155,0.04301193081011141,0.02740861533447387,0.04707878821452911
0.015073345815343364,0.039292120170168796,0.03850739247398926,0.03584070869631488
0.004182913435281172,0.02287718805807895,0.0418827304372847,0.02611731428005999
-0.013067374573976413,-0.0022723378715121118,0.03887970869595621,0.018791212910126504
-0.032444491373853496,-0.02946821175655561,0.03295043486005051,0.01382037387214577
-0.048844665864137445,-0.05121792972565349,0.027860009717251555,0.010660828490470745
-0.057758412642435815,-0.06138568026067988,0.025927527463377287,0.008720547694286804
-0.056591056967361754,-0.0569355868867148,0.027047531966483684,0.0076595281756867
-0.045459246043772564,-0.03874489381131076,0.028877977461887944,0.007443089462222427
-0.027219350829074722,-0.011271319074014893,0.02807385910722137,0.008171460733140512
-0.0066971491187632765,0.018788702628230056,0.02200340958668219,0.009803058745399718
0.010675967153457977,0.04441701493333117,0.010186560437410237,0.011927514483750776
0.020426261949168033,0.060179461322032016,-0.005180525627374848,0.013716782278048595
0.020327862739993353,0.06356592417029495,-0.01986247141418445,0.014103135860483493
0.011013747258636068,0.05540832236948434,-0.02914204767271911,0.01213434932725297
-0.004297073888716869,0.039315272812320216,-0.029670349611527553,0.007377024487900192
-0.020880714028775033,0.020359113872387716,-0.020856340583570183,0.00020846947087506396
-0.03405326306356086,0.0034594105570090253,-0.00522610881373391,-0.00813311835847677
-0.04066987159220679,-0.008031445691898925,0.012402266739119198,-0.015791504629725797
-0.0400722113510204,-0.013130518225747206,0.026606763304150287,-0.02077857575416018
-0.03415888460713017,-0.013218756083456143,0.03324954266814165,-0.021565492801722375
-0.026555422970350462,-0.011292467824302904,0.030832469947637386,-0.017594716169157865
-0.02118101283811684,-0.01076136537949162,0.02081389640310851,-0.009541947411064691
-0.02073194169582309,-0.01420472632496909,0.006807281931848354,0.0007735207067962602
-0.025640885940844904,-0.02248508656673531,-0.006967748932623112,0.01082641790715903
-0.033904836649867764,-0.034483730658519285,-0.017322188990110336,0.018058661665882648
-0.041857216629925566,-0.04751220037500403,-0.023150392892436027,0.020597061635622145
-0.045605544631169934,-0.05823757128467828,-0.025492791512164298,0.01780160657617531
-0.04259750028599629,-0.06380336564755597,-0.026632968609499492,0.010472406355932266
-0.03271666717087708,-0.0627779805750221,-0.02866770596941448,0.0006402420829679199
-0.018474081221784844,-0.055629318597630956,-0.032213520320607654,-0.009009910221813949
-0.004196551001898349,-0.044582698104852964,-0.03585457254692176,-0.015918207685843358
0.0055061311539509675,-0.03291696582622642,-0.03661803472655929,-0.018398957882985727
0.007430751315887975,-0.023928870270570453,-0.03131567817901059,-0.016127089650344248
0.0009904688465651231,-0.01989515861394784,-0.018200658236273308,-0.010204277473247278
-0.011521228094151632,-0.021357301734076285,0.0017794366532533287,-0.002775279680466128
-0.025725986898711813,-0.026949434424254338,0.02472314822640863,0.00369096551935247
-0.03672722528933405,-0.03382029976328127,0.04471884304776709,0.007227399240010021
-0.04086309720885005,-0.03851779948258748,0.05571842567210696,0.007030138299705802
-0.036986069247051986,-0.03806556392511684,0.05367615188166292,0.0037277732605745916
-0.026788178857437575,-0.030905774649734385,0.038146447111570274,-0.0008450667375459672
-0.01405687724099185,-0.017426057494500137,0.01270622714812928,-0.004308486963242042
-0.0031585195972248653,8.456690743755685e-05,-0.016009511822235537,-0.0046183339007277585
0.002655513122385336,0.018034706787668088,-0.04035600365568087,-0.0008664893253959582
0.002458823534584889,0.03250567370468514,-0.054100882491728654,0.006287379922131478
-0.0020922933085651546,0.040316891512940045,-0.05436672125223297,0.014726053520100688
-0.007544549891838864,0.039875497267841564,-0.042415696906129924,0.021518959063589096
-0.010154118828770847,0.031573710328146494,-0.023024175274543174,0.023903844790283693
-0.007504609856443051,0.017634370428378628,-0.002708386303126864,0.0202799702912242
0.0004176903143217753,0.0014667218868510204,0.012531564906758413,0.01086530524437505
0.011129941724253523,-0.013267306494384186,0.019133589482757063,-0.0022302927290611153
0.02058708256724907,-0.023601305551261775,0.016903451163673755,-0.01557270343874849
0.024778594507866424,-0.027960498624863595,0.00868943242818078,-0.025449090876366518
0.021353123426660972,-0.026425279219724637,-0.0009870455636282385,-0.02905667643415917
0.010619643126255573,-0.020516912903921124,-0.0077627541445966924,-0.025438399463934967
-0.004482647952292279,-0.012602281947355097,-0.009012434067721467,-0.01584303927244425
-0.019445638324379573,-0.005120788057098764,-0.0046103044560063255,-0.003374853137506212
-0.029874697529973973,0.0001236268600786558,0.0033389929844918204,0.007964105594034224
-0.03313362242693374,0.0023982220926235115,0.011598478279467084,0.014529427532904773
-0.029306712410840458,0.0020952374418621647,0.017215960263617817,0.014175847810834412
-0.021102619412570453,0.00042034651250437774,0.018663025218161974,0.006911716735195889
-0.012744072748859095,-0.0011528018242389082,0.016255781386435984,-0.005140482783941736
-0.008288659722555256,-0.0014630896421622165,0.011743199143631394,-0.018449260997092504
-0.010047914388126994,-7.837670717132997e-05,0.007303713447318991,-0.029195128493701865
-0.01772625672270499,0.0025862242025094344,0.004428412234496339,-0.03442727938386786
-0.028606928013020325,0.005475009537393584,0.003196577886411759,-0.032879983139935405
-0.038688489090263664,0.0073366299035614,0.0022624619558594336,-0.02520626438298778
-0.044294446523065384,0.0072390537476418396,-0.0004452340800430721,-0.013597597257427091
-0.04349460841221766,0.004963667654185912,-0.006622394028175202,-0.0009688754194755178
-0.0367641505098666,0.001131531370832741,-0.016575948286302787,0.009977498409305334
-0.026628679727313365,-0.0029895461194699435,-0.028756990424526098,0.017480618325854368
-0.016468070133859494,-0.005933493512368503,-0.04007662343632593,0.02102044587238428
-0.009003259421386259,-0.006581730784488416,-0.04691694212828024,0.021143040682505394
-0.005122387214424706,-0.004606998664602948,-0.04645838594134768,0.018947405981528956
-0.0035589486617763205,-0.0006448954876809923,-0.03780463947787807,0.015483546210758863
-0.0015721101604136006,0.0038863517899132283,-0.02245390811813431,0.011319148828647554
0.0036532510667578386,0.007273836490950786,-0.0039134594014052886,0.0064375297192182795
0.013491448571897852,0.008147452036367093,0.013416252322645573,0.00047562212230062295
0.026924215702447983,0.006044562859628684,0.025681039113296385,-0.006837206884988449
0.04061780766333277,0.0016905107304759845,0.030806895363400005,-0.015260982763016483
0.05007500071675654,-0.0031300455879096807,0.02908088450364515,-0.0238545098554906
0.0514495480242309,-0.00610021834269971,0.022882359844077035,-0.031117184090995245
0.04330223737599384,-0.005145053481109267,0.01568836408624173,-0.03542327517364357
0.027552863303796818,0.0007955107643627668,0.010743061971068021,-0.03558213329046806
0.009163335643491546,0.011260420888233695,0.00989286343398298,-0.03130143652594802
-0.005427494404705885,0.024220819619012637,0.013008928739352929,-0.02336648131561881
-0.010594193741280525,0.036543166234985484,0.018183966235053903,-0.013460242759663777
-0.003697948439837173,0.04484529106622805,0.02259509272334391,-0.003689315341890584
0.013701879655408394,0.04649240736718531,0.02368241256462135,0.004007997579874939
0.036114975359152306,0.04042244979832997,0.0201920168299288,0.008357706378657632
0.05584316008865364,0.027533338756012427,0.012702825607061659,0.00898564646069052
0.06558651829261605,0.010497679792717651,0.0034634527255787617,0.006340195121568082
0.06101106790088073,-0.0069491225527061815,-0.004376405552014476,0.0013763835361108312
0.04234646547393419,-0.021032761969334415,-0.0078439340205178,-0.004837431552858366
0.014420289222280374,-0.028961319575699918,-0.005143465964588017,-0.011417013758325444
-0.014901895878840943,-0.02963207703471095,0.0037546250140856156,-0.017755311059220964
-0.037323984528336476,-0.02381705067806427,0.017104108126749163,-0.023412887210985674
-0.046851197516702754,-0.013792263342999322,0.03191150267089086,-0.027911821635160643
-0.04168760929765768,-0.002555717671874687,0.044790450847052236,-0.030589095243760953
-0.024655925502540785,0.007094225581951507,0.052850153502665885,-0.03063673552259986
-0.002040502129606842,0.01331729425442272,0.054355647699584064,-0.02735989439690211
0.01867830062720279,0.015596958319709513,0.049009255985728174,-0.020563298039928443
0.031351590503211235,0.01463267364538522,0.03784332603373664,-0.010887275853024608
0.033049396786821054,0.011847982005076052,0.02282939815134103,9.807805946788345e-05
0.024684777370506422,0.008732942367049846,0.006362946680009279,0.010154714121264827
0.010246773169766535,0.006282240825101936,-0.009228782551362114,0.016967125701249204
-0.004967954786369098,0.00473377494473211,-0.022063102354197825,0.01888521066962183
-0.016391497178194464,0.0036806765531980055,-0.03093271377672055,0.01555079823520136
-0.021708675975358107,0.0024747865438853184,-0.03540346881128911,0.00814869178068257
-0.02134100559782258,0.0007219455132636068,-0.03580182864554873,-0.0008596872927224787
-0.017803229591039818,-0.001365181296909379,-0.03310309880292747,-0.008475691590256402
-0.014292283930292145,-0.0029292175277776007,-0.028719562978239736,-0.012145968337185105
-0.013147447890167807,-0.002783525108708152,-0.024194855197098415,-0.01064754116190594
-0.014829325951941752,3.4109901691656286e-05,-0.020842186013463604,-0.004547799350350296
-0.01781357359565784,0.0056961870173118725,-0.019405713153698836,0.003949403483077152
-0.019395654412878743,0.013258596124561761,-0.019850726017204678,0.011742598201711266
-0.017022846009991766,0.020744599406334427,-0.02137552110339594,0.015910879233300868
-0.009562527943154722,0.02566027075511324,-0.022678119010693665,0.014752863233175373
0.0020403777097753074,0.025792146836625146,-0.022419991300459227,0.008411876601332816
0.01499521424442446,0.020015499094043966,-0.019741872248078787,-0.0011440441135385643
0.025688106891882202,0.008816180123917435,-0.014643808764366217,-0.010787352280476163
0.031068870612554506,-0.005685561380619193,-0.008069615950078352,-0.01730710463737043
0.029830498295465954,-0.02025228144171136,-0.0016336532194002051,-0.018512102283201555
0.022901627713583828,-0.03143874551886506,0.0029369061473889374,-0.013968559247373918
0.013059405310215887,-0.0366001486276801,0.004450827856534723,-0.005115394925025718
0.0038305922327555586,-0.03466291541264635,0.002745510970512236,0.005271157855963715
-0.001866075754070426,-0.026398604717762342,-0.001181783828937237,0.014056385518301608
-0.0027881124427756934,-0.014111768630912819,-0.0054815847847887594,0.018807492146935355
0.0002704002895422414,-0.0008556599574597035,-0.008107504591111033,0.01855613777051807
0.004948020699090193,0.010547944955437233,-0.007584506842007663,0.014006595029981278
0.008396851075613554,0.018345623549385588,-0.0035970982620296132,0.00714646460225685
0.008514631556988811,0.022265567905326578,0.0028402812565266333,0.0004378290518787381
0.004818532938033901,0.023385138087042633,0.009715605281226516,-0.004088516563419849
-0.0013883990266921088,0.02352942183946637,0.014745681370839744,-0.0054965446741006285
-0.007607557210117813,0.024443742819286095,0.016229383606452125,-0.004139656320859858
-0.011228187751635359,0.027056440895431157,0.013701628119682542,-0.00135307750042242
-0.010642476867701353,0.03110367749253543,0.00812999832314093,0.0011942597705029007
-0.005927282694281577,0.03524449102199243,0.0015676051066729757,0.0022054761783097364
0.0011843046695878244,0.03760724819522829,-0.0036142175885025135,0.0012333890346057225
0.008019505394047138,0.03654855445811271,-0.005623848336317509,-0.0012446261301761949
0.012064012028775196,0.031331610204052215,-0.003933216175169667,-0.0041536855430498315
0.011982300336878318,0.02246846160779409,0.0005179210387529845,-0.006383070895493191
0.008139849973906134,0.01160270571329713,0.0056785184542866435,-0.007325310879124173
0.002419066190535689,0.0009839080669983569,0.009167464900322497,-0.0071561684410344426
-0.002584792664896054,-0.007264512893442175,0.00917841620375548,-0.0067383633227789536
-0.004647223032182346,-0.011811785034885558,0.0051601134947445795,-0.007197633865901859
-0.0028275775806868644,-0.01248228997678067,-0.0019864171838556294,-0.009361833135134424
0.0021605117093894816,-0.010197554380595435,-0.010261954150223428,-0.013313155818459408
0.008263449066096596,-0.006542079600575353,-0.017327176087610807,-0.01825642895282866
0.012944025416202973,-0.0031349212159463083,-0.0213626517030429,-0.02277319536198047
0.0142163916866399,-0.001051777838182777,-0.02169534775549479,-0.025367977345299275
0.01142998753620128,-0.0005094709024224958,-0.01895639910105419,-0.025087549702718495
0.005485980098904705,-0.0009126065154528434,-0.014726557859474104,-0.021958230814050114
-0.0015874092671935066,-0.0012173747953149877,-0.010830749239288402,-0.017054979773470244
-0.007505027733213061,-0.00044728652725418636,-0.008578833232877617,-0.012161484961559811
-0.010661865588007927,0.0018541725394325727,-0.008262425823661379,-0.009143400874325903
-0.010737771814321437,0.005412051233057031,-0.009104467804744748,-0.009271623228251806
-0.00871878749536549,0.009322284922295728,-0.009667403718216297,-0.012753168458911682
-0.006337629432729516,0.012411346157849957,-0.008536606590444237,-0.018646329479787185
-0.005187036988471817,0.013696053082221809,-0.004985540094886776,-0.0251876418968921
-0.005902224372515329,0.012753534070000988,0.0006579453767381546,-0.030400935658520586
-0.0077820466388479614,0.009856765210192981,0.0070960542277372154,-0.03275561737263449
-0.009033151014282356,0.005833379608940894,0.012558375844895178,-0.031631614907032965
-0.007554422684913367,0.0017207793675211034,0.015502832305418934,-0.027433124134325026
-0.0019421228395057888,-0.001628868908153145,0.015228545400761712,-0.02133566212689001
0.007710819152539128,-0.003826640495668606,0.012148446138152011,-0.014792236631974723
0.019578188152965026,-0.004997991603791087,0.007612906927145845,-0.009008396837220503
0.0305631312820354,-0.005599465706071151,0.003362155685163827,-0.00459145498322823
0.03731435345038375,-0.0060966563145084494,0.00083673830068412,-0.0014922975839387273
0.037420476401913136,-0.006659349346263918,0.0006294332724543911,0.0007715391092884133
0.030324264162256392,-0.007021441718541941,0.00229783022991302,0.0027397909240885615
0.01759733242962419,-0.006579800787223398,0.00460300412044766,0.00466450357125852
0.002458424800842615,-0.004698678329124448,0.00606215277692905,0.00635412960427691
-0.011291733447995979,-0.0010902888468116,0.005576502071199481,0.007270817358389178
-0.020523573212691555,0.003900899012939588,0.0028723828375258956,0.006826360966620748
-0.023756959796388744,0.009252870956160132,-0.0014190900545842308,0.004731140216867434
-0.02151442313970434,0.013510135229197412,-0.006059296169365722,0.0012262121370260632
-0.015945126079765157,0.015248980287432459,-0.00973079195800644,-0.0029186586258204434
-0.009895617933027769,0.013599150275790207,-0.011558014501681146,-0.006652527030076526
-0.00580707947761324,0.008622765313518185,-0.011393659778849,-0.009035799353068724
-0.0048676436772768766,0.0013950413990456434,-0.009757107771562967,-0.009608377630132375
-0.006727689551125446,-0.0062619905309369076,-0.007472910139924162,-0.008569308797128278
-0.009848961339446183,-0.01231263900762851,-0.005195623837861287,-0.006682075573336471
-0.012303253534748808,-0.01512630267080925,-0.003059839525419626,-0.004937908669345223
-0.012665959966266016,-0.013966784988105788,-0.0006362471253312449,-0.00411687951130453
-0.010629625787713246,-0.00918417655917824,0.0027698821153843006,-0.004435981433663416
-0.007095660009934432,-0.00205095993915381,0.007608881956478332,-0.005441945971249022
-0.0037291940894743185,0.005686264089545749,0.013611321120650638,-0.006205541901129673
-0.0021868578116699434,0.012368177942622474,0.019599735428542167,-0.005745062180378964
-0.003357714719047604,0.016893740011836703,0.02372986209638573,-0.0035041348365089497
-0.006942729588997328,0.018943139054389366,0.024118611077759852,0.00032246277481138425
-0.011548057065192213,0.018898918190635428,0.019633465576192603,0.004766008690476081
-0.01524778064613562,0.017530622117576205,0.01051880237370953,0.008393618955583458
-0.016375300188116892,0.015595159488377267,-0.0014320243548084574,0.009841501121171416
-0.014210423558527724,0.013526156281505858,-0.013288964644901632,0.008364152689856637
-0.009277438291577775,0.01133483991547743,-0.021882812331881205,0.004175957175877876
-0.003135144948394966,0.008745734887556901,-0.02488294872651521,-0.0015629767759062115
0.0022481036140445596,0.0054853653955046905,-0.021654228803172533,-0.007126588159638476
0.00527180952399765,0.001575573828389399,-0.013551427296916278,-0.010831870233997022
0.005313152134740769,-0.0025173605574302996,-0.003508570688495513,-0.011645868959021019
0.0029252777706253175,-0.0059612155326002544,0.00495462092753135,-0.009555341790721466
-0.00044461916408328195,-0.00784420823438865,0.008958974569425099,-0.005553565722995434
-0.0030865668514839933,-0.007552820776800076,0.007275092481015835,-0.001247655836064926
-0.0037372757008041144,-0.0050761542018206915,0.0007378578388442109,0.0017614036026464969
-0.00207262257247718,-0.0010936927198428106,-0.008092150408815786,0.002484564069873532
0.0012123716041905104,0.0032118183200829237,-0.015895008416557874,0.0009011759953889142
0.004752892675852067,0.006560762010253414,-0.019822011914494543,-0.0020696035458680484
0.007128882977006975,0.008050672994757428,-0.018527428285813496,-0.004965285651021015
0.007473745917559352,0.00750899211114725,-0.012617159903090563,-0.006382124638547641
0.005816915907054368,0.005574837668509802,-0.004356545526428224,-0.005541117680818247
0.003021520643681136,0.003462483026426988,0.003234905959220241,-0.0025938917599818458
0.0003568477458387176,0.0024853570536662456,0.007541279103427889,0.0014487368844166319
-0.0010964960163225394,0.0035189345194245464,0.007310566391111911,0.0051303996659749045
-0.0009406587031903779,0.006612869447610546,0.003055018675098016,0.007133643478323208
0.000367032874961655,0.0109121890209735,-0.0032435699893489586,0.006798323712068271
0.0017407538660958594,0.014931933746256131,-0.008983279739354061,0.0043676819138902395
0.0019921218822004164,0.017093127015484585,-0.011992194196018283,0.0008691026341528449
0.0004212070131900253,0.016323487096916778,-0.011357177305669541,-0.002314542360377196
-0.0027945244954395397,0.012495394752567422,-0.007710965278578549,-0.0040032534522862935
-0.006596927169378833,0.006529748625874124,-0.0028845157021512025,-0.003679417066030085
-0.009447951262214899,0.00011721381700498246,0.0009097128600063439,-0.0016647866339989173
-0.009976143737416177,-0.004848404299075508,0.0020129211023980492,0.0010498576699038975
-0.007598050804054152,-0.0069210188319591,-1.4677386934947023e-05,0.0032438464529347677
-0.0028447014596202497,-0.005600875641688437,-0.004264437375596078,0.003987286585999915
0.002760501126324616,-0.001500335929538285,-0.00892312104946863,0.0030259079453502508
0.007241945563492527,0.00388048394249782,-0.012087812191658852,0.0008726448177827084
0.008923636395100097,0.008681865351835051,-0.012598573564888884,-0.0014274011698218337
0.007092626124053959,0.011320465354145881,-0.010534082894673738,-0.002755601668013221
0.0023029140330617925,0.011002447053714295,-0.007162510981309586,-0.002406843716683014
-0.00381016988114221,0.007935056040812506,-0.004372595029953602,-0.0003994780834348441
-0.009138704330250224,0.0031751023346878043,-0.0038303341076095787,0.002522128955328922
-0.011896397462060709,-0.0018107438660956328,-0.006222842962927688,0.005193806367372749
-0.011284946983492805,-0.0056954576346529145,-0.010914450344274323,0.006518961321171281
-0.0077703792477811715,-0.007740421147923518,-0.016166726715173788,0.0059339642278286725
-0.0028644753468751553,-0.007982009101713775,-0.019836503785891177,0.0036572052334317776
0.0014946163781570099,-0.007103341067800056,-0.020263578903871746,0.0006167732614961209
0.0037091155475707654,-0.006062970252949489,-0.016977462109788455,-0.0019157160187557613
0.003127242017072665,-0.005643599899371292,-0.010925009224965379,-0.0028365616240563496
0.00025022445767475254,-0.006107738632535687,-0.004118360492536596,-0.001658361286754395
-0.0035303484113834716,-0.007096510776883152,0.0011566916409477927,0.0012871314531278585
-0.00654323372611345,-0.007804989072496535,0.0032481351331661162,0.0049737321968119225
-0.007535439000993564,-0.007354584867891763,0.0017873742493795947,0.008081819874418073
-0.006167246546850011,-0.0052050949129975686,-0.002187198815161606,0.009512799636616436
-0.003105604150098029,-0.001435833819454689,-0.006683630727552237,0.00881004083005393
0.0003106346984154962,0.003219618509598607,-0.009598366732078645,0.006319796890072608
0.0026798733291086146,0.007600686598147666,-0.009596336516821638,0.0030332836598509633
0.003154799119988172,0.010520702485972484,-0.006662062192953462,0.00018102375210252153
0.0018019929575259757,0.011185993815840782,-0.002090952934112331,-0.0012507722144943847
-0.0004475116060168177,0.009473048258367395,0.002076681523375498,-0.0008846242290760989
-0.002231213611318991,0.00596156014387892,0.003942509713354001,0.0009461638005419538
-0.0023809443985790824,0.0017171962242324389,0.002584697329904198,0.003389206572642245
-0.00046754013509904546,-0.0020866470858057935,-0.0015151676159133737,0.005467537797371545
0.0029754623175512057,-0.004561236140405087,-0.006641088182052793,0.006503994576625819
0.006651914970182644,-0.005363575568319803,-0.010548107450920441,0.006394531752869692
0.009047720073825831,-0.004738254438092726,-0.011418062996636558,0.005617692891345111
0.009091045119773756,-0.003341029239655069,-0.008668558263647024,0.004982279210796626
0.006645411525715475,-0.001929068058619532,-0.003270374601421995,0.005227848299644781
0.00261910171813577,-0.0010489689302524557,0.002575189444526796,0.00665548838398148
-0.001366558671351846,-0.0008455804282093034,0.006286246239719698,0.008953018279610064
-0.00362163531475887,-0.0010581102909062758,0.005944888584141078,0.011295192552084825
-0.0030818225936449922,-0.0011899714875328732,0.001116160429616729,0.012681097602295266
0.00023638874234069296,-0.000768640359770284,-0.006896655406213759,0.012367837225622534
0.005213731210256714,0.0004205270645858683,-0.015477939399386423,0.010215577050546527
0.010056313804742718,0.002225567041708787,-0.021653281047546935,0.0067930519068144166
0.013004382020034094,0.004186043549732704,-0.02320466020353662,0.0031909888335161785
0.013034020709451644,0.005727501182295199,-0.01951335717565636,0.0006127410313575814
0.01026413076370708,0.006404819744954056,-0.011801280187135714,-9.412075540159376e-05
0.005900147279786244,0.00608874751702454,-0.0026769644776678675,0.0012258294498864192
0.00173572836499572,0.00501659059853847,0.004835174989716556,0.003970940907013398
-0.0005841417180473818,0.0036873491098375483,0.00840343689388054,0.007018522000071293
-0.00023604000572714778,0.0026479101188511198,0.007207459014623413,0.009168543517710865
0.002450207205467833,0.002262334588549462,0.0021596871607764273,0.009616581233812545
0.006138179697381337,0.002562223952441621,-0.004537384365096764,0.008265378503921419
0.009049765355747771,0.003240836954002013,-0.010303157148152992,0.005750286292704056
0.009715147229492294,0.0037924626150702134,-0.013186027731256267,0.003170673885032886
0.0075974970148920615,0.003737436878569436,-0.012565947648374709,0.0016390709738373574
0.0033328841691799144,0.0028375847025977827,-0.009287680767512782,0.001833080581594657
-0.00151574296323876,0.0012112794341610084,-0.005197732945716084,0.003732039366017355
-0.005091004450016465,-0.000700542918302835,-0.0023000000758876538,0.006642661127472423
-0.006000366092469102,-0.0023040558471412176,-0.0018930868070135692,0.009497988846753277
-0.0038893829802462854,-0.0030884807472937315,-0.004047667518361109,0.011301697977138841
0.0004081089689057654,-0.002831811450576635,-0.007630323824302815,0.011531534512597238
0.005205960172486528,-0.0016925921792654564,-0.010846568828363837,0.010335200397757913
0.00865060140649481,-0.0001508807696348237,-0.012058464491041105,0.00844066542956326
0.009473559917537323,0.0011770874242200066,-0.010521282286140517,0.006823328377792568
0.00750207139123716,0.0017753676407472885,-0.006723640983892096,0.006274232838747146
0.003717712526679958,0.0014212851225614137,-0.0021877884755286264,0.0070541910166899875
-0.00016078871302843516,0.0002594374805701821,0.0011823873571982363,0.008781359075931867
-0.002398166120462567,-0.0012695316242815335,0.0019257937649508755,0.010600349772346317
-0.001968979395645748,-0.0026128860166828444,-0.0003319182279272262,0.011561173061584988
0.001010498436242055,-0.0033257517896573587,-0.004691656890616036,0.01104650738604387
0.005323802328617608,-0.0032382567034898073,-0.009335223529596426,0.009063867171995556
0.009152960079849982,-0.0025051866350025093,-0.012275885234479061,0.006274654604638295
0.01082950027871066,-0.0015231055638765612,-0.01219218970291222,0.003742005138701328
0.0095286827874126,-0.0007540591808970513,-0.008994776857585651,0.002497984982706508
0.005620891034629819,-0.0005314828803697257,-0.0038854769938279077,0.003108425372070331
0.0005349318568779703,-0.0009283559877711275,0.0011211797808411972,0.005417652180663424
-0.0038115025393790584,-0.001739131944437049,0.004019589882003325,0.008583328706793823
-0.005781350037597758,-0.002578242829454241,0.0036391143844780177,0.0113929499314105
-0.004673163423831325,-0.003049725843411578,0.00013193855522346254,0.01273713598671199
-0.000994766035536828,-0.002914682419107535,-0.005081282211097285,0.012049006599974026
0.003754108566576238,-0.0021867900380681503,-0.009888242878730136,0.009531107473625261
0.007698332732853419,-0.0011185599840601995,-0.012348211769018902,0.006076955242849479
0.009348293467193389,-8.808725445376767e-05,-0.011486473119111815,0.0029182806812990195
0.008193049557604262,0.0005624324839524223,-0.007692421834464863,0.0011405595798474194
0.004884870541025502,0.0006664310313444499,-0.0025568668733564753,0.001262597596842767
0.0009442175133765746,0.00029235272682555727,0.0017846339195795313,0.0030489738991015952
-0.0018877819286771125,-0.0002999306083199607,0.003531788635867575,0.005628269560137292
-0.0023781110530883276,-0.0007835874984573055,0.001960258340198459,0.007864801242171062
-0.0003094905086978503,-0.0009138285651761197,-0.002281945292087584,0.008828625006598614
0.003441401345615217,-0.0006357116949980285,-0.007443745116333209,0.00817010913865629
0.007283583571913548,-0.00010412822225173979,-0.011393888903726723,0.006246875004242584
0.009587300826302927,0.00039164500383595535,-0.012498510299452668,0.003954763614943332
0.009371332496390987,0.000564530692608152,-0.010291317431094071,0.002337400020677555
0.006714673063067889,0.0002663399247840349,-0.005660872114020138,0.0021399139001429812
0.002721527765294586,-0.00043657510356565066,-0.0004795031970248609,0.003493920119251877
-0.0009442290718626196,-0.0012833352483609534,0.0031708917269380466,0.00586443807166907
-0.0027590730477620833,-0.0019271500004360356,0.0038550167698463145,0.00827893077314374
-0.001980569265406046,-0.0020865235960305095,0.0013685623416398174,0.009740365411021872
0.0010398341618929607,-0.0016736405618697006,-0.0031891614787620086,0.009649502749769792
0.005003351092229158,-0.0008431566120563616,-0.00788159836821932,0.008058394806674024
0.008208984445712747,6.214990884157584e-05,-0.010744305900232884,0.00564845740335795
0.009269594550018453,0.0006485489429605626,-0.010599973088646894,0.0034424736692670703
0.007699262179120828,0.0006351359541219848,-0.007540784049819699,0.0023718595425287394
0.004125295040275576,-2.456274806746095e-05,-0.0028792187996125942,0.0028815702046108994
3.4306275571247685e-05,-0.0011155342910832006,0.0014100049728996353,0.004739533276025311
-0.0028439104275942255,-0.0022423517311178087,0.0035225065202115907,0.007131857588672373
-0.0032593439487996374,-0.0029868293480513897,0.0025832237836713734,0.009005051805504961
-0.0009704725564463473,-0.003078156141495113,-0.0009850664008179133,0.009512324189841923
0.003142885095323806,-0.002505203191741953,-0.00563746475184479,0.008376446281988706
0.007432178181077945,-0.0015237421709945811,-0.009353661780554731,0.006015572102664445
0.010154541059611558,-0.0005542830045475976,-0.01048592493573508,0.0033769527547161914
0.010191091796011069,-1.1439601721171394e-05,-0.008454432805508429,0.0015457190926049316
0.0075118004066128796,-0.0001344039020097637,-0.003999155665388748,0.0012907839978687635
0.0031934763403896217,-0.0008882315568473492,0.0011182387709865599,0.002737596737592732
-0.0010182345962208954,-0.0019769709346746656,0.004840101183363227,0.005305998148998662
-0.0034233569854372568,-0.0029638854089154842,0.005665459154171451,0.00794180456850544
-0.0030643833244096766,-0.003449949762671073,0.003275372728293674,0.009548391116997436
-0.00011793908359007677,-0.003237638042946328,-0.0013296324314746588,0.009440408339507309
0.004180425801726076,-0.002412797773333676,-0.006238556213196644,0.007631153054225626
0.008047350558715305,-0.0013108331382994838,-0.00941704842781445,0.004832891594519759
0.009887651900599037,-0.0003808008810497615,-0.009547071481077394,0.0021678594014891348
0.008951253650619481,-2.8892199867985857e-06,-0.006571114878142506,0.0007077728202264932
0.005639867279640026,-0.0003338849789635695,-0.0017149837091236242,0.0010315704522558776
0.001337123338639147,-0.001243767586560432,0.0030208544117327346,0.002984631753362676
-0.002167032751456891,-0.0023692192460074424,0.0056909705394098935,0.005740183511345599
-0.0034190904711518654,-0.0032619656862182406,0.005211936099090311,0.00813888419723175
-0.001904274369101757,-0.003571126032389441,0.0018118380736701148,0.009167220853130261
0.0017408772636330616,-0.003185028530960154,-0.0030644007122364245,0.008377250493871113
0.005993429970696698,-0.002274804697611335,-0.007355036091719065,0.006073704170730054
0.00907644438223465,-0.0012224970356435744,-0.009238252908693033,0.0031901419686127808
0.009696628068958657,-0.0004637375421199727,-0.007890228445101729,0.0009043285508207877
0.0075814745788838345,-0.00030983541233694373,-0.003829625342113902,0.0001511698511920262
0.0035932232550765497,-0.0008221409767560292,0.0012951076301885509,0.0012345193580825253
-0.0006276759489926287,-0.0017896676815894463,0.00538816190647687,0.003698902056246324
-0.003341946857969312,-0.0028182964998443166,0.006775954182311697,0.006515117770145993
-0.0034322639855743353,-0.003494087346419844,0.00490318393182837,0.008503914678908236
-0.0008667446117441857,-0.003553107296886321,0.0005661183293946687,0.00882314242515065
0.003287001769177733,-0.0029880312614835453,-0.004414570131836326,0.00731699960962702
0.007303272438125577,-0.002048285709666378,-0.007946694900708706,0.0045824824510210665
0.009512442485607453,-0.001134602778557165,-0.008533592988365007,0.0017247604305976882
0.008992182128910925,-0.0006322764359416311,-0.005895844880531506,-9.816715983849283e-05
0.005949423776898027,-0.0007522986222786437,-0.0010893699148378233,-0.00015375515026472275
0.00163480791267262,-0.0014457786974540754,0.003929947703676963,0.0015615789055215545
-0.00217505177922267,-0.0024263584289553053,0.007115481955562733,0.004319594947696372
-0.0039131347222739615,-0.0032905502434522477,0.007177988077345987,0.0069598202912005466
-0.002870808561366317,-0.003685600489852392,0.004121017059695031,0.008368317075561422
0.0005088476605322606,-0.0034552117196731402,-0.0007588580098024378,0.00793802982256242
