ch0,ch1,ch2,ch3
0.0019371719399166043,0.00040307031769572926,-0.0004091179242248534,-0.0018652412592044115
0.0020025270345892104,0.003813126330822314,-0.0044333423076467,2.6357589874598242e-05
0.00201032610042208,0.00497381623084614,-0.007532700547226233,0.002945476904467753
0.00197659075964432,0.003393661219208338,-0.008400903311815706,0.005661487964183531
0.001935533892906502,-0.0002829145068505984,-0.006658657695264143,0.007026085061161549
0.0019248060052487054,-0.004543906243884205,-0.0030112630586941816,0.006445996240334595
0.001969088200417031,-0.007637067513071805,0.0010443537453272977,0.004127704161289603
0.002069203166717248,-0.008296024611593164,0.0038414639339532305,0.000993295357629688
0.002201545561522137,-0.006264285826510174,0.004235940223337356,-0.001698232635499758
0.002328141379059484,-0.002400291700526219,0.002081639178023509,-0.0028686674247912006
0.0024129920154206466,0.001679578859733702,-0.0017087114050988866,-0.0020644002736338284
0.002437586284916901,0.00427168666962173,-0.005542452638939668,0.00035633960746256355
0.0024088021655892244,0.004291329166540597,-0.007808421426379976,0.003370168216037344
0.002355738779253297,0.0017218344550295889,-0.00754617916548302,0.005709165466543528
0.002316874578324052,-0.002379296380574894,-0.004845079666613274,0.006382636547264002
0.002323209452125441,-0.006319385853024278,-0.0008073756680238159,0.005085356027164548
0.0023848324328648585,-0.008472499592442423,0.0029093997096009544,0.0023240362273412724
0.0024868583206748562,-0.007953312794090575,0.004780799832143842,-0.0007905244399730449
0.0025965356200849474,-0.004983812058529408,0.004048726144935261,-0.003000624438413549
0.0026783597857798144,-0.000801185269808935,0.0010365471270807648,-0.003420378503752916
0.002710429350151075,0.0028545881085218494,-0.0029849041826266846,-0.0019024583211872947
0.0026946719242440798,0.004460903880960682,-0.006324946119557123,0.0008985663248630427
0.0026562480337341265,0.003342084450281186,-0.007575279973279638,0.0037931680118092753
0.0026322581072625306,-5.2222157888835025e-05,-0.006195239262558494,0.005545086696224305
0.0026547083139632915,-0.004334626821457001,-0.0027369189162611968,0.005380495780698047
0.0027353723734265395,-0.007755291335593342,0.0013835173040073756,0.0033086283455031618
0.0028594800639775916,-0.008926189348756969,0.004473651115438487,0.00012140335568970595
0.002991321418317358,-0.007394222168379969,0.005267880252330104,-0.0029287049337310134
0.0030895381718953896,-0.003826106841694696,0.0034538846050241045,-0.004640962129329414
0.0031254360896184746,0.0002708649032261007,-0.00019624094475968225,-0.004358679268071968
0.0030961080973378463,0.0031756741182831227,-0.00414496778642022,-0.002239048926075033
0.0030262757491256453,0.003667628902645185,-0.006726450185801612,0.0008109873950653962
0.002957681889124847,0.0015314850807498954,-0.006837710888024873,0.0035072464364963238
0.0029304657336298584,-0.0023554117656487336,-0.004397226303583135,0.00471664017748296
0.0029647260328386545,-0.006389325871709872,-0.0003805239879725898,0.003924232625174207
0.0030506742250884233,-0.008906897322026569,0.003582336540642694,0.0014464686209905604
0.0031521915858926663,-0.008875177982995579,0.005880953526287253,-0.0016981061704219383
0.003222714555667472,-0.006318360774737912,0.005591374647227067,-0.004208601028903608
0.003226743982798208,-0.002304356479399333,0.0028594180308001427,-0.005040159106201703
0.003157443590628528,0.0015025206369778804,-0.0011582103127990018,-0.0038395255056928312
0.0030421381297729144,0.0035361015347466496,-0.004770713288104647,-0.0010976721167572645
0.002932605071893052,0.002980758146982801,-0.0064507631001071986,0.0020450964876031763
0.002883750779176464,0.00010989207627896957,-0.005464541130570086,0.004263512710377018
0.0029296430343095925,-0.003830538722139787,-0.00217420088568257,0.004591944178074882
0.0030674743889226863,-0.007145033257368261,0.002111569368601615,0.0028259759533746653
0.003256975021350972,-0.008400185262013568,0.005676331460488307,-0.0003847949464898682
0.0034362393436272766,-0.007028057102684268,0.007100896850969561,-0.003792799392683545
0.003547648397618952,-0.0035689473765013954,0.0058435087848301495,-0.006054736579461321
0.0035627814543021767,0.0005490311515237017,0.0024567940623092255,-0.00627616724328562
0.0034951753082058633,0.003603261903412154,-0.0016459528482513086,-0.004376474602436911
0.0033947573137994014,0.004296668224009786,-0.0047761074999466,-0.0011248363062731845
0.003325776280645027,0.0023044751052364518,-0.005663002081497295,0.0021682353010931896
0.00333765392080174,-0.0015814510085555705,-0.003968459182133385,0.004178692244227851
0.0034419362727355976,-0.0057732479170310574,-0.00041181921138844224,0.004101349744734329
0.0036065118553987516,-0.008541879518076417,0.0035424351705766327,0.001970176936561492
0.0037710111123454293,-0.008735442107211817,0.006300626317804661,-0.001363570070788741
0.0038777118682258305,-0.0062622513350560054,0.006800581195608113,-0.004585499164331885
0.003904490196747573,-0.0021360322969487706,0.0049417283702218595,-0.006458708157602036
0.003884015005383226,0.001938663356268057,0.0016075206372847886,-0.006328845185860903
0.003897994034598798,0.0042717249394770215,-0.0017252831882802813,-0.004386366566791741
0.0040454051558689585,0.0038923950968443727,-0.003622948520431553,-0.0015786386962232668
0.004395330407099187,0.0009608041076685451,-0.003307083983152489,0.0007913833025840478
0.004943294916554465,-0.0032873974763207546,-0.0009846113899792674,0.0016139850717134668
0.005591001347538968,-0.007044617398004584,0.002243300206676624,0.00044195945321837127
0.006161942240852508,-0.008678590012292924,0.004854348550034887,-0.0023145714011402405
0.006451929302326284,-0.007416231190949044,0.00556014493637122,-0.005550075855735512
0.006299173730671258,-0.0036805192120972913,0.00386609269254673,-0.007917614103508344
0.005649038334012599,0.0010624496225555974,0.00029848967043920316,-0.008389227027902783
0.00458822050169074,0.004888515393081536,-0.003799242204938269,-0.00669178603653869
0.0033327301509221106,0.006196715504325018,-0.00681816802886797,-0.0034368953128496096
0.0021704311743614008,0.0043684309463518645,-0.007553440261866336,0.00011215516134061541
0.0013760335033028079,3.377228860225803e-05,-0.005711219625645678,0.002544761242902857
0.001127560536680297,-0.005166649204189411,-0.002039032151097589,0.002875048886915175
0.0014538338538189477,-0.00923114292561836,0.001977552861326351,0.000948591164039024
0.0022317834263694963,-0.01059622678743998,0.004727670819497093,-0.002483454084264477
0.003234203748509204,-0.00876265721798259,0.005142996600486616,-0.00605564288334625
0.004209810222936997,-0.004494798593237807,0.0031421721682533404,-0.008329409303322127
0.004965424186192224,0.00048717291750518393,-0.00033440382180538464,-0.00836658996373997
0.005419683131836595,0.004197171930927113,-0.0037151719696913443,-0.006104065809188777
0.005609209903602287,0.005175730058477865,-0.0054514934155074635,-0.002378525553934613
0.0056472959369968725,0.003065192124427747,-0.004662801900758684,0.001407977356635448
0.0056543365017769215,-0.0012627225358923105,-0.0015035021226900737,0.0038455916376658426
0.005690772536129415,-0.006074516579224193,0.0029019106092049024,0.004071374673593552
0.005722313954972892,-0.009484148281217755,0.00692859008320823,0.002097375016929917
0.005633841498341938,-0.010213098921078384,0.009129243249963476,-0.0012183423368260001
0.0052877438721696535,-0.008092555397124335,0.008835565151629449,-0.004541967462540004
0.004602801734654438,-0.0041070004542312286,0.006429700606434621,-0.006620546664848324
0.003619226433882336,3.2508430431260615e-05,0.0031699820852589787,-0.006794689291898588
0.0025188394230064165,0.0026049296948828377,0.0006424088209391228,-0.005256592005945644
0.0015859327954586,0.0025885569395153636,6.780142494063751e-05,-0.002948628992298176
0.0011180049483050236,7.193093808788645e-05,0.0017576245181602501,-0.0011467567893889141
0.001317092826346733,-0.0037994233890373107,0.004951940016497451,-0.0009036323454153089
0.0022030117832059215,-0.007313747200685804,0.008114754930916745,-0.0025848003248518936
0.0035845958015570806,-0.008914544112332771,0.009570518866786176,-0.005693327700527559
0.005105174570725915,-0.007852356588801252,0.008220498822375872,-0.009059232358275257
0.0063510332000084185,-0.004496992903480292,0.004040242518297481,-0.011318758932843197
0.006986806784911551,-0.00018208145542148585,-0.001853972332451631,-0.01148725244368258
0.006869427114312307,0.0033522865422964607,-0.007605829699250194,-0.00938825186274267
0.0060977374757192615,0.004687062850517773,-0.011330013187830376,-0.005757925907025854
0.004976961304367422,0.0033202354269924322,-0.011846869677993699,-0.0019755274854278936
0.003908182823797388,-0.00011574074621672342,-0.009141417731711857,0.00047635942262344924
0.0032414957803851563,-0.004105900447392924,-0.004358288156693563,0.0006060038848356118
0.0031466147042369524,-0.006871649928205289,0.0006665654159593443,-0.0016794046993854825
0.003550271998075359,-0.007103260593958539,0.004146678277464811,-0.005519217050029383
0.004166542537683997,-0.0045059971266075555,0.005055636040290764,-0.009423968570463686
0.004612287679609706,6.382344209372032e-05,0.003516957776708452,-0.011851917436779092
0.004567432283433367,0.004929036231998481,0.0007149753236841278,-0.011808231675645275
0.003920900087147435,0.008254431282491244,-0.0016339507550094529,-0.009228183942019186
0.0028452489136547437,0.00877390668115482,-0.0020288045162962093,-0.004992805430458866
0.0017663866400125378,0.006288959826150419,0.00016182330367713743,-0.0005736685338747841
0.0012315260162850186,0.0017398660932643022,0.004412074200982963,0.002547457388779782
0.001715953077352679,-0.003174995789495875,0.00923964288026059,0.003448987636634482
0.003433819636691593,-0.006673903483884887,0.012814340437025194,0.0021013989774781236
0.00622077309665435,-0.007586542518133975,0.01372369638148966,-0.0006685322283629114
0.009535097996709055,-0.005790790392864155,0.011578013374823032,-0.003558964037182283
0.0125857441078241,-0.0022222470713338313,0.0072015226483241185,-0.005356454166931701
0.014552862763130933,0.0015373693622247053,0.0023255975649603133,-0.005445373604722331
0.014833779079154431,0.003917093681878869,-0.0010951265379324643,-0.004051760737110055
0.013236036611936008,0.0039878889328843065,-0.0016667660366891102,-0.002122229930321018
0.010053535033894848,0.0018141322155626957,0.000879498909229795,-0.0008915732868931686
0.005997546937437037,-0.0016086081303934435,0.005574329554394825,-0.001323276348230859
0.00200009510681555,-0.004791635848559975,0.010596345781034688,-0.003661123277170393
-0.0010520076557078567,-0.006376844814087446,0.014001891154388879,-0.0072847375256713184
-0.00257146877990444,-0.005685282939154851,0.014502705625729195,-0.010935625310973862
-0.0024350189960720397,-0.0029681379486853066,0.011976356678506508,-0.013225012639007577
-0.00100743958090262,0.000733092440836941,0.007503442936073478,-0.013214803508148607
0.0009821432186264273,0.004045941705270534,0.002918435692324653,-0.010828545262162587
0.0026733396706623558,0.005843718015584809,5.854748214598193e-05,-0.006915650512408684
0.003345056203245836,0.0056942821339516225,1.6589481445922205e-05,-0.002933063070791851
0.0026404892094148077,0.00399612652290364,0.0027002285989264144,-0.00036675925382495533
0.0006779706200057229,0.001754158034279224,0.006873643203387765,-0.00012584957645127987
-0.0019855948353258296,0.00010214709044334414,0.010660752532204477,-0.002158386450489942
-0.004526847217829852,-0.0002147992643491553,0.01230274408432,-0.005452142531245242
-0.006110742469556035,0.0008293697763489538,0.010862337968874508,-0.008429248668980885
-0.006150457028002175,0.0025417613404477846,0.006592900361993451,-0.009582789242215416
-0.004493887633952573,0.003839782034504316,0.0008300111332908353,-0.008101766898862495
-0.001480742116986622,0.00376451508524097,-0.004542091033931453,-0.004230515800103744
0.0021467734606106514,0.0019521243349683338,-0.007826883028927742,0.0007887858304691728
0.005453018931375425,-0.0011467353594216585,-0.00815628023695042,0.005176537489614861
0.007575791896885772,-0.004402868699669445,-0.0057839584317236,0.007303014545170449
0.007972431252073905,-0.006451114803126254,-0.0019273315994500669,0.006332919011173686
0.006573252587783976,-0.0062578037510687065,0.0017598051638503323,0.0025707869633383755
0.0037981490680086133,-0.0035741862864824107,0.0038552026252008653,-0.0026334804334908167
0.0004326034833862791,0.0009194444694306542,0.0036997754260867932,-0.007387054252971412
-0.0025995255838533182,0.005847282512475996,0.0015837598124540941,-0.009971530912788427
-0.004499299539123508,0.009660035802705642,-0.0014695744534016716,-0.009496612987382871
-0.004815098300105611,0.011234254645874561,-0.004208990138072365,-0.006235691806649568
-0.0035599593082046915,0.010302804080499689,-0.005718509918372167,-0.0015132100767922055
-0.0011912230130154272,0.007537940904242049,-0.005792891743375567,0.002811188656776209
0.001539310492910853,0.0042513151997115375,-0.004969689836223708,0.005060057982918465
0.0038184480777361807,0.001834300560382758,-0.004216983519103119,0.004378818417438495
0.005017564168707911,0.0011711107994906642,-0.0044272636871310195,0.0010542768355508332
0.004878104549989382,0.002270262798656008,-0.005950765307230148,-0.0036062833070447387
0.003582087596103338,0.004270757117631187,-0.008380921672117375,-0.00778095856613549
0.0016879731517070312,0.005824008318403425,-0.010690861626853737,-0.009822331186917263
-4.722475011343687e-05,0.005694965350509944,-0.011663463070867634,-0.00886276592764218
-0.000904791065899177,0.003331397434540223,-0.010427012119438903,-0.0051091534482214235
-0.00042819351104796295,-0.0008411724120098024,-0.006860908693976306,0.00027221843668280565
0.0014332275068523713,-0.005532206895391259,-0.0016916960401355818,0.005618139825109517
0.00430298384390158,-0.009073721118214195,0.003765619438831403,0.00938453059147747
0.007483257576315197,-0.010094148299303676,0.008111488468232134,0.010672647679619635
0.010153985368756582,-0.008108491811921498,0.010394953489130228,0.009470761757195797
0.011603757549531702,-0.0037814479595739622,0.010448248078372621,0.006540427527205808
0.011422771361103451,0.0012545711406909757,0.008883593526034364,0.0030224340454158283
0.009601482781729231,0.004970204804344389,0.006762839538209477,-5.4567006465583434e-05
0.006509312001108205,0.005688129204232728,0.005095705520393878,-0.002152550636934668
0.002765924560790549,0.0027267815436523325,0.004397902259024256,-0.0033410353988427913
-0.0009489672032227461,-0.003307439946365863,0.004511707590730038,-0.004124897578590893
-0.0040833470376137465,-0.010693327076346668,0.004770005807577471,-0.005083153231308035
-0.006337436397707702,-0.017171721410648697,0.004423652127161684,-0.006498256774087163
-0.007687573903966516,-0.02071423784846521,0.003123751673789768,-0.008153870181022274
-0.00830769362506327,-0.02020428623363324,0.0012149216705913991,-0.00939863585131974
-0.008422969821918036,-0.015789494471916486,-0.0003269997431947849,-0.009450288812000732
-0.008154817607158166,-0.008791831041281895,-0.0003190097005207823,-0.007802661605090275
-0.0074206953713217595,-0.0012261036834095712,0.0020114867454841326,-0.0045468501804336574
-0.005933913171691476,0.004884492185721456,0.006493709218398338,-0.000449988108627869
-0.003313259516162667,0.00814600240336616,0.011834327213240979,0.0032623221073756134
0.0007289170435479699,0.008168954387201305,0.015928977158471358,0.005344488271739507
0.0061845925582600155,0.00557599375542879,0.016595462277096587,0.005014496358737935
0.012611306458424596,0.0016761622955590097,0.012465312380799912,0.0022795005034118784
0.019121042355568954,-0.00204605591335796,0.0036732922667167406,-0.0020402375496946443
0.024524226417573815,-0.004430813187554006,-0.007966309740958022,-0.006610071627714126
0.02760623778930782,-0.004965090490960777,-0.019422695402689413,-0.010088305813870949
0.027466117598519073,-0.003846233599890711,-0.027424865038018803,-0.011637812559243468
0.023817896886124623,-0.0018092680854857879,-0.029607246985366216,-0.011231459115897818
0.01715540150907946,0.00018154412552951263,-0.02538933617389103,-0.009623336492331075
0.008713956708591524,0.0012501425309089237,-0.01623407757214826,-0.007995926695521405
0.0002192479436680106,0.0008353221190050691,-0.0051573150906245036,-0.007429962771659998
-0.006521637732446902,-0.001214118167103019,0.0043498605100067145,-0.008421037685083638
-0.010079381637544241,-0.004657297533513141,0.009587223545088328,-0.010650976042422565
-0.00978143895056421,-0.008941470035947786,0.009614931054517765,-0.013117204008121705
-0.0058967966983841935,-0.013297942039744846,0.0055454894511269,-0.014572022828462539
0.0004349617823955626,-0.016837224348977546,3.602035056606001e-05,-0.014088720971772176
0.007517324521971985,-0.018659206428999695,-0.0038273338698143616,-0.011510554914732157
0.013566536340536388,-0.018004879741215993,-0.0038164849572197845,-0.007579919504771632
0.01720091249167397,-0.014455003390495763,0.0004917114757227448,-0.0036744612448280783
0.017804607883821648,-0.008137280354099986,0.00749259168328352,-0.0012428976701284386
0.01565711513850518,0.00013801736866937003,0.014155091161761321,-0.0011672458530312992
0.011791253834267535,0.00890524138856405,0.017219412193716643,-0.00332238923094072
0.00762693648824843,0.01628895660854502,0.01452116006720527,-0.006536095471355197
0.004498527388470794,0.0204467071025763,0.005915303250273327,-0.00899612703329735
0.003226924299121702,0.020098181421540552,-0.006573266940639033,-0.008966922113509156
0.003872090373034612,0.014967789596548011,-0.019441267894055515,-0.005541185411941943
0.005742120386089178,0.005966874854487998,-0.02897461395384341,0.0008800454791802262
0.007650434414780652,-0.004986440886137828,-0.0325956140794367,0.008594059834944268
0.00833142834547941,-0.015487305679866082,-0.02976094191210729,0.015122346454047857
0.006874190805060326,-0.023350059958578702,-0.022061588849361227,0.018083466262378188
0.003030830339503174,-0.0272613923368061,-0.012496898106218346,0.01609472246209393
-0.002698664307370806,-0.02714407069083105,-0.004227128395591341,0.009357110539587987
-0.009225304139743814,-0.024090103244357612,0.000682234829629362,-0.0003157610409727715
-0.015211118254572368,-0.019879700950414806,0.0020117133515483963,-0.010061578700736748
-0.019468810277076504,-0.016262341009708386,0.0013325698914142849,-0.01693981060829879
-0.021284963846223373,-0.014274009676625295,0.0011786409543183447,-0.01896427890328215
-0.020564655679963573,-0.01385749508986029,0.003802259722265059,-0.015821676383378926
-0.017764357982582663,-0.01393842189741995,0.010048775321198956,-0.009008788800569975
-0.013657908248064676,-0.012930433045520773,0.018840679598655534,-0.0013309232420705697
-0.009037909847645409,-0.009469004249434749,0.027512793413813977,0.004063734414312722
-0.004471033054601212,-0.0030759578480128065,0.032884451456991606,0.004771351739339805
-0.00019524243585671702,0.005521859325718543,0.03263854395851122,-4.230174613223392e-05
0.003816984082026839,0.014561239146528043,0.026432295347873364,-0.009362752420215902
0.007676699739401372,0.021843730598044925,0.01625451830395,-0.02067739879829024
0.011374650689310511,0.025535843134074872,0.005837356792367299,-0.030814057854370688
0.014659833852070574,0.02484856164324783,-0.0006880898299557736,-0.03695990701321583
0.017066554649393634,0.020320098723492372,-0.00038694065427331836,-0.03750587620004637
0.01808770524954946,0.013584513924066025,0.0072593885433425535,-0.03244501563868058
0.01742186142368881,0.006719059660683785,0.020006179829876576,-0.023230025772697872
0.015180220128208992,0.0014381859771960687,0.03353935849949735,-0.012193633303745344
0.01194601419744255,-0.0015321279061435988,0.04297438322078788,-0.0017797280405038307
0.00863417460020505,-0.002639757933421444,0.04460614832812196,0.006127870996821804
0.006182493401289436,-0.003176781856263451,0.03725117494983586,0.01056549692666145
0.005183861148030371,-0.0045807692699403255,0.022675000072325327,0.01147298511047641
0.005608507326872861,-0.007675952029845855,0.004947223363767697,0.009392030775702262
0.0067454270633738635,-0.012196755076704847,-0.011023195267902356,0.00507290871830518
0.007416126297845851,-0.01682153034623552,-0.021210495555104715,-0.0008094487840598699
0.006407706535582605,-0.019725518840683035,-0.02380312634116432,-0.0077120479015865585
0.002976862045417264,-0.01942948957836152,-0.01966023831672835,-0.015066829382401139
-0.002768666257679575,-0.015574347465680797,-0.011761965589920376,-0.022042411945824993
-0.009776569661956155,-0.009259929588371765,-0.0039157923370972125,-0.027407883284675194
-0.016313383012745486,-0.0027531197728939555,0.0007394212371117093,-0.029641249490962196
-0.02052144092867704,0.0013665514508334371,0.0008347779108543452,-0.027309734551065244
-0.021086640297598023,0.0013036864031350705,-0.002933235565617767,-0.01960961167556282
-0.017775520534405176,-0.003066480909148732,-0.008378525421960784,-0.006852460622757961
-0.011629345422640783,-0.009923697227897224,-0.012976195295698517,0.00932924476743375
-0.00471503851069574,-0.016017723248815258,-0.015064335496119283,0.026199175261013834
0.0005093068952128632,-0.0178348443087116,-0.014570356824427241,0.04054416873760551
0.0020102255646243447,-0.01299736516430286,-0.012955784636258183,0.04953495174517593
-0.001106924217885625,-0.0013497833234906165,-0.012420918571562169,0.05153845249392465
-0.008246030109786447,0.014728191595974133,-0.014737065022782013,0.04659744941687424
-0.017471200155684277,0.03096380292779438,-0.02024020905705349,0.036400326022474234
-0.026124002993229166,0.04260351309756551,-0.027454673521519625,0.023741840933457374
-0.03169980754626742,0.04609694381836887,-0.03354500948532483,0.011657869277642688
-0.032676377061406366,0.04042236606654166,-0.03543285612005942,0.0025330672661888903
-0.02899879089239814,0.02753395344973452,-0.031116682617335786,-0.002514591372583728
-0.022045605429118396,0.011729389881977376,-0.020625698241340404,-0.0037764118174305056
-0.014089622237585156,-0.0018552812876856534,-0.006174927004289038,-0.002605644681713065
-0.007453502574713132,-0.009076241428511482,0.008585236010517895,-0.0007437177792295867
-0.0036751925260771028,-0.008253669383227108,0.019948453257181198,0.0004036303459774475
-0.0029957003972198373,-0.0007259153103180149,0.02560533070061302,0.0002608947113809379
-0.004360713900261548,0.009728229670772184,0.025560882792078188,-0.0008262757859422917
-0.005931683232844508,0.01838070281630142,0.022109829189537578,-0.0019087776033159948
-0.0059048798353664375,0.021387316759987902,0.01884405094642272,-0.0020003594065701614
-0.0033143787702893356,0.01725759050344909,0.019072817523092492,-0.0006372541007611783
0.0015041455719023468,0.007396200847004347,0.02429891189270679,0.0018132615786717009
0.0069849564099551936,-0.0044873915372922735,0.03339808890395786,0.004229405038303033
0.01092838835770573,-0.0138623599332717,0.04288443133118129,0.005167115453855536
0.011402258604949103,-0.017165321907940144,0.04821006664636304,0.003469077732254456
0.007599923962768422,-0.01318964537923064,0.04561721307025884,-0.001203452570804557
0.00030884808467493766,-0.003531857711978531,0.03381044925635046,-0.008141023189782277
-0.008219088981247343,0.008071584786832134,0.014755975502998092,-0.01576298032366185
-0.01498096464422162,0.01724187692079575,-0.006763456411770868,-0.022142523622090682
-0.017279356461553666,0.020683654774821342,-0.024725333047311532,-0.025681529617383528
-0.013739655846719486,0.01744590100804838,-0.03400734617350916,-0.02567603896033771
-0.004904654324677869,0.009217027396716967,-0.03227802008322368,-0.02255498473788492
0.00683308456272716,-0.0004526368357550964,-0.020897046094366996,-0.017701488959807457
0.017962332468694345,-0.007670628013159507,-0.004451208601806287,-0.012927026620913013
0.025004449184296146,-0.009831399240988432,0.010924755664207728,-0.00980045102801861
0.025682427273531372,-0.006677299395379654,0.019816937211186852,-0.00908551969536512
0.01969301788349423,-0.0003479379463975571,0.019525689377625423,-0.010493889097344673
0.008808004393127636,0.005607035505125993,0.011014452809575762,-0.012836187881033495
-0.0037267516130853814,0.007843107100013735,-0.0015567110288336253,-0.014502048625636386
-0.014271822036897256,0.004784707417701359,-0.01253473480781317,-0.014080159540886476
-0.019961288817870845,-0.002535629856373914,-0.017051143472161592,-0.010886105843018697
-0.0195406443426633,-0.010750743253677947,-0.012980748466316056,-0.005211959058431012
-0.013592495535458063,-0.015479785202594454,-0.0018071577891718288,0.0017752412826882134
-0.004103858857205656,-0.013192272443498706,0.011955421394882149,0.008426195311184985
0.006421471524122157,-0.0028652376771935786,0.022569321827229975,0.013133265189569678
0.01593547999428562,0.013264041564067054,0.025408525573512947,0.01479440388865547
0.023513904946665463,0.03021050596563061,0.018904903667688714,0.013069827361115623
0.02946438233088947,0.04188732791938868,0.005329794267124405,0.008379113294998339
0.034854230027711014,0.04329920379200837,-0.009919511424922683,0.0016894125391289233
0.040679604680780204,0.03246147271729691,-0.02028089751528423,-0.005786262163336012
0.047050975060424445,0.011305032774756613,-0.02050233943045201,-0.012852861139798916
0.05277158412778318,-0.014801994293406548,-0.008691027098296382,-0.018479250553049345
0.05553242436572316,-0.038766053880782594,0.012847791425048244,-0.02182331801096747
0.05269706157192571,-0.05409791293763646,0.03831044415685525,-0.022200599494076767
0.04239980001043997,-0.05701342443210114,0.06037967771328806,-0.01908609139096689
0.02453072896070092,-0.04755065464716314,0.07275837843552116,-0.012210759103474661
0.0011940035223406676,-0.029327402559601576,0.0723154300170356,-0.0017471254895341237
-0.023597708934512455,-0.008078901320971126,0.060063109010654495,0.011494188925736712
-0.04495188343193568,0.010433364314118124,0.040634208432576646,0.025975629761283592
-0.05853139151667035,0.02233828477710259,0.020493096160405393,0.03955481485458376
-0.06191125050777027,0.026697574451866796,0.005580487536308368,0.04985035680814169
-0.05537721226323228,0.02534612886945936,-0.0007184157139114022,0.0547850629095919
-0.041868622460447084,0.021688268736356375,0.0014554462013250669,0.05315369048120515
-0.026063089895038687,0.019011764858223687,0.00883667994453681,0.04502730037686499
-0.012901977817427482,0.01904414041134858,0.016589457313334013,0.03184175739464505
-0.0060534444431958045,0.021338173683161134,0.020364894225756915,0.016114920278166703
-0.006831203666056367,0.023699788039700593,0.01804727816474989,0.0008607502468390496
-0.013924490136628425,0.023420839677359678,0.010527544547322049,-0.011127845856888932
-0.0240075205287204,0.018739946500136828,0.001244076708387748,-0.01791202477609452
-0.03298977375949267,0.009866188808081856,-0.00528238713692171,-0.01877355009086605
-0.037452451930841166,-0.0009026536894402477,-0.005312462098298942,-0.014228987486933672
-0.03576744517214099,-0.010038686774801476,0.0025876927226712587,-0.0057275131173180616
-0.02852661306683324,-0.014261960639463023,0.016939828339143287,0.004831434042177396
-0.01816866859919903,-0.012001955953703528,0.033865596956220545,0.015582621806222274
-0.00798054211318399,-0.004197167741715621,0.04847914336022735,0.025032311390123296
-0.0008638741929129726,0.005945350806376398,0.056595553085541636,0.03218132879747014
0.0016794104404259692,0.014173921356896296,0.056098269390058915,0.03646463091352343
-7.636202713870097e-06,0.016921440841577123,0.04747633722073362,0.037608813280267044
-0.003985423180738513,0.012830753909875939,0.03339157077453706,0.03552410564885983
-0.007525779976946947,0.003427856728919265,0.017519629906825394,0.030304066463479648
-0.008150292679255093,-0.007371892962796667,0.00317345204125841,0.022328089390409166
-0.004507349351574107,-0.014765648248331598,-0.007736874325905318,0.012388144427541853
0.0032179356488222823,-0.014993244946686357,-0.015033821844621126,0.00172877416626524
0.013473081343563516,-0.00692274863644135,-0.01983885948385092,-0.008084000700783044
0.023976605855035707,0.0073626231207207585,-0.023646225782533364,-0.01547340142879839
0.03254962547957773,0.023241484016656072,-0.027366435452309268,-0.019259468207298618
0.037815684968150104,0.035255435344756586,-0.030787249655843358,-0.01901683674057164
0.03952227834496125,0.039176949395957575,-0.03269222204066999,-0.015232474283073033
0.038405138748043986,0.0336273826424345,-0.03157008089068107,-0.009177248867952646
0.035702070257417354,0.0205965880161791,-0.026575316525484095,-0.0025141579681381074
0.03255258433347731,0.0046476049024407745,-0.018277999231015453,0.003224775144610434
0.02954477063971458,-0.008885315079253643,-0.00882089683654767,0.007099323485254071
0.026587568139066584,-0.015990436633714855,-0.0013508293169010727,0.008982040425038428
0.023134536054176664,-0.015526166260722646,0.0010952986512970803,0.009453688443625305
0.01863008642547327,-0.009598183544138439,-0.0031775598526465124,0.009420105872912775
0.012955356575681701,-0.002608931042223872,-0.013676214167352804,0.009616379211322364
0.006655631641821914,0.0006425514500811857,-0.027632957816971317,0.010217245939293199
0.0008301556728028334,-0.0029555400970487505,-0.04076870975406679,0.01073323776652748
-0.003284648756513263,-0.013409469049626449,-0.048665741213964,0.010251840171331662
-0.004869362322948396,-0.027458459056276537,-0.04826726674739677,0.007929164859822736
-0.003975362889169552,-0.0397627402325739,-0.03896057071070964,0.003515143058584483
-0.001670112243242105,-0.04499253920476884,-0.02284607917097013,-0.0023401629860599626
0.00021752881871298785,-0.04000152417768805,-0.0040903426638220705,-0.008177517074915777
-0.0003140081449984483,-0.025221847476968044,0.012407513677151955,-0.01223455328955737
-0.004718172522543501,-0.004713416894933712,0.02256434761458325,-0.013199217759877029
-0.01331002320051139,0.01517844721269506,0.024341285643987264,-0.010909714743416475
-0.025030968930463873,0.028061099378787258,0.018249304057381295,-0.0066809255374106445
-0.037670112594853825,0.029784331690182637,0.007002504075439359,-0.003051703216225301
-0.048482738428121806,0.01991941691368051,-0.005504840211404138,-0.0029615041342930595
-0.05500712654860143,0.001881623850487249,-0.015497422414101784,-0.008600913980487193
-0.055813427797406334,-0.01832558584387485,-0.020429838609573474,-0.020345618350439104
-0.05094477339012712,-0.03424317527836882,-0.01955351711197444,-0.036204642558798183
-0.04191793743725744,-0.041146957582287744,-0.013812720617225938,-0.05206933514262718
-0.031297090419269286,-0.037485337055668075,-0.005197316967786339,-0.06278042738220868
-0.021986550315322956,-0.0250769422397371,0.004137085006577685,-0.06372841989998776
-0.016463028382567656,-0.008081855275940911,0.012622587392127516,-0.05247835634850167
-0.016165176118517217,0.008765211382584442,0.019639328917989952,-0.029852638461543797
-0.02118809569384464,0.021912158913379477,0.025400842918467913,-4.7375271957438014e-05
-0.03032531155094995,0.03004267306829795,0.030480205721835296,0.030339911124777533
-0.041400802683406894,0.034063903610475295,0.03522531530299265,0.05412939075580472
-0.05177098060683647,0.03613397694302872,0.03933367682347064,0.0656825220091095
-0.05886348213660411,0.03823722594996329,0.041770218790747896,0.06265819830577983
-0.06064760781398414,0.04098660502680741,0.04105979182360353,0.04682144830965795
-0.055977443873800645,0.04320646516525753,0.035833971385762754,0.023613150486407268
-0.044788726212963516,0.04248433066647992,0.025417923638452175,0.0005810682101385425
-0.028149731890676766,0.036437395228851234,0.01023706473757785,-0.0148616736849655
-0.008165742520604195,0.02411010653207725,-0.008102247423395006,-0.017665973081914428
0.0122703095926695,0.0068461906771141445,-0.027085491296399575,-0.00667960115871756
0.029883748747694495,-0.011805188938235494,-0.04382959632740788,0.014983309346665169
0.04155618431673392,-0.027174741056746936,-0.05573132105203546,0.04084113841200021
0.04492485888349588,-0.03513933817375418,-0.06105333543178252,0.06292919322848316
0.03892472333454013,-0.033689585868431335,-0.05931360649931969,0.07409604578847283
0.024130348163850318,-0.023736035728977624,-0.051405722297648705,0.07003173161319534
0.0027743030952072055,-0.008793522039201904,-0.03943969095792011,0.05045064583641741
-0.021613100633871757,0.00635298539938281,-0.026339544639615617,0.019122288868761824
-0.0448961243404327,0.017466775107396283,-0.015265105531203492,-0.017210526135807397
-0.06320804463913918,0.022414890318285724,-0.008948977169257306,-0.05067215182869585
-0.07378970446758862,0.02181457602756269,-0.009063385144122076,-0.07430776542758993
-0.07556897810390054,0.018503621604081907,-0.015751864971859326,-0.08378182822007268
-0.06932253115036198,0.016069240752599013,-0.027462991898939568,-0.0782911962783378
-0.05737771834768117,0.017082285888987095,-0.04118782242059878,-0.060508525694200475
-0.04294394089153651,0.021826145742772488,-0.05311865232938011,-0.035646501172545225
-0.029266554066761763,0.028112264650216497,-0.05962415351778396,-0.009959527586312788
-0.01883937055256707,0.03230972778702587,-0.05830946052961437,0.010878786929625961
-0.012882197468356754,0.031174944280943303,-0.04884935650842394,0.023088251850783524
-0.011200778195396943,0.02368021930669209,-0.03329425519260293,0.025467525963109708
-0.012430070396658367,0.011982566537088422,-0.015671392514628374,0.019324718404170466
-0.014556490744201178,0.0009899086111877925,-0.0009148876458894561,0.007734966369564306
-0.015551497768321904,-0.0034422520597087725,0.006605582983160576,-0.0056168051946536915
-0.013941002902076519,0.002955959003927533,0.00451247806128368,-0.01764808817297228
-0.009176030757743932,0.02062701639987695,-0.00667923985866695,-0.026782406855087072
-0.0017387918102272151,0.04523731932209796,-0.023541326492059866,-0.033275870657412936
0.007010369530410754,0.06858220200981023,-0.0406699944180739,-0.038869872159542164
0.015185246178123665,0.08119533044791627,-0.052332112498580975,-0.0458791797938469
0.02083565803860769,0.07580625198193716,-0.05430203553692482,-0.0560100821151973
0.022421387058345253,0.050372410459506294,-0.04526940410829738,-0.06931227812335632
0.019206066616634643,0.009470237957389835,-0.027313142495399168,-0.08365971795875879
0.011491435846958767,-0.036629595480402934,-0.0052412113172745425,-0.09501798484448348
0.0006316521880239054,-0.07503941572551569,0.015011143934568597,-0.09851634777802305
-0.011201497138394374,-0.09449539505326693,0.028390024558461454,-0.09006594203633148
-0.02148389305029455,-0.08928020239967888,0.032441666803175305,-0.06803885505063643
-0.02795473680006596,-0.06138945705011107,0.028129553152759425,-0.03443009118978026
-0.02924152205941079,-0.02008958697101068,0.019447434587573767,0.004983755308190424
-0.025317020332951152,0.02106056414652218,0.011952591030981723,0.04170434654519681
-0.017623550246239184,0.04872637242452771,0.010733444035276825,0.06662384115069322
-0.008773187848106968,0.05427515449925073,0.01853416397870336,0.07264826940892442
-0.001856228924824871,0.036629067003314315,0.03470667446059821,0.057051564421642054
0.0004709069801267854,0.0024814420830050615,0.0553640669571474,0.022774762907393033
-0.0031565488600676164,-0.03618510687152733,0.07467679937001326,-0.021857781193603022
-0.012304194596519616,-0.06636514692510151,0.08684351549430663,-0.0650736712784213
-0.02479200302983041,-0.07852986876698778,0.08803275661165919,-0.09478196233963931
-0.03734340291404693,-0.0697446386227226,0.07761553286230502,-0.10201948505943018
-0.04665095630905579,-0.04432252136901722,0.05827925377434296,-0.08367215624530899
-0.05050671310829615,-0.01185748847801344,0.03502608726614492,-0.04359445249274417
-0.04858554508542562,0.016550102409106288,0.013457047674292177,0.008289224572004372
-0.04256095498152726,0.03241528531834111,-0.0020206385439412167,0.05869854329205459
-0.03545776760124534,0.032789716575832656,-0.00943371295931962,0.09474491654372054
-0.030432323827402408,0.020932487092314545,-0.009541722378343775,0.1075865021781571
-0.02941302232343802,0.004565856134262691,-0.005176969658391067,0.09487585775682963
-0.032132350773479465,-0.007519563070129215,3.715714820458349e-05,0.06125844272516046
-0.035981754805959075,-0.009128518987829152,0.0030494263196411027,0.016796336200819245
-0.036840888903589136,0.0008606344166521424,0.0023053831740136796,-0.026151759303336134
-0.03066371847018024,0.018165252192319244,-0.0020644069532065254,-0.05658480832649271
-0.015280578716820592,0.03501707090301329,-0.008765115221979725,-0.06789765986083404
0.008271805125762054,0.043540650944555,-0.016249289903813267,-0.05939262215991947
0.0354765346331587,0.03922542300272625,-0.0235626877363126,-0.035886632890041605
0.059363963190285855,0.023085110089931606,-0.03073216795454564,-0.005674433792107678
0.07261818296226151,0.001607930299806156,-0.0385362170601283,0.02236905738221359
0.07011137054799524,-0.015538471239564703,-0.04779487609389505,0.04153205703965561
0.050989201191892874,-0.019204742454096525,-0.05854609511428567,0.04896738047214262
0.019510061934311186,-0.004458911506202905,-0.06953997690602375,0.04589118834824338
-0.015780066166763976,0.02713908723364153,-0.07835230217413684,0.036379028966150015
-0.04439445156875947,0.06759478778626485,-0.0821483376402663,0.025347400150433144
-0.0570827512837194,0.1049112639883734,-0.07883149238551033,0.016552040601489716
-0.04881116046730738,0.12705502528509305,-0.0681155937023692,0.011355879319746878
-0.020529360153003773,0.12604333632769038,-0.05205071464124676,0.008665506323422346
0.020920458133941333,0.10069191637760838,-0.03472042526014486,0.005951434051084441
0.06478303852243138,0.05704904725615502,-0.021141764100163354,0.0008434424466144085
0.09964274342832687,0.0063784133600619936,-0.015714390266922448,-0.007412535407791035
0.1168869400537671,-0.038573789233182804,-0.020756188910979766,-0.017264804411224487
0.1132336838164459,-0.06770091910585177,-0.03565160475066358,-0.0252309731493313
0.09149394882982013,-0.0766191464934337,-0.056928413419802065,-0.02719359487083875
0.05934820281393185,-0.0676942342183768,-0.07924915364279661,-0.020096188186505305
0.026603724257880337,-0.0487509080396645,-0.0969812773093984,-0.0033546069624795505
0.001916358159547299,-0.030021728961331075,-0.10581647495842046,0.02059413393711178
-0.009877928787873094,-0.02047562730600408,-0.103913226394248,0.04685032089407612
-0.008927025502651828,-0.024817748951023365,-0.09222796670407929,0.06953545527999906
0.0003043466337416742,-0.04214105855453072,-0.07399833521348807,0.08366596685279638
0.011185584435335091,-0.0665743900190791,-0.05362914968885186,0.08673502496738153
0.017679078255176225,-0.08955863809997291,-0.035402040712484414,0.07943492883586452
0.016641270705526783,-0.10285189691259838,-0.02243021432657884,0.06527856578689817
0.008815239881650162,-0.10119104888469116,-0.01612862243319787,0.04928794375564685
-0.0018038367504934413,-0.08375441973713087,-0.016243599089469055,0.03625384024701899
-0.00990767763214382,-0.054066059536544836,-0.02128413239105649,0.029208430641761124
-0.011292873692063374,-0.018553309737304756,-0.02909793728371391,0.028646717427634166
-0.004760749593754349,0.015597193068398617,-0.03736501977402257,0.03273114581056356
0.007274956913101545,0.04248585742523665,-0.04390499399653268,0.038337896998014404
0.019719232979174363,0.05879907944317686,-0.046837358215571695,0.042497611993529034
0.026889419148040924,0.06407250361225626,-0.04471878342276288,0.043659844201916875
0.024922676280307157,0.06004269852155729,-0.03676546082684748,0.042307477964156966
0.01351420028517893,0.04951301234177998,-0.02316405077611397,0.040717408520430556
-0.003738809198454377,0.03525091243753272,-0.005343099081043957,0.0419963090374848
-0.020561921099038753,0.01931068838310191,0.014001860498693341,0.0487867185068006
-0.030345069166938334,0.002918323443909243,0.031303192394742795,0.06214256543954447
-0.028695077874105024,-0.013210322759957094,0.04295947782918849,0.08098547037656392
-0.015194066545806184,-0.028408591134515847,0.046429251469543555,0.10231900845278288
0.006342040079332145,-0.041749476550189166,0.04121548924530714,0.1220950624467728
0.029226944400509255,-0.052048092634935275,0.029328339886557322,0.1364031466982389
0.04637163635875324,-0.058146041744921634,0.014941437374808617,0.14256738886808368
0.05289655101233029,-0.059297088185521415,0.0032328737302785154,0.13980532936609302
0.04786308520662365,-0.05543279967974016,-0.0012729391671912477,0.12928579892414974
0.0344422762119444,-0.04716721303281901,0.0036952558155181614,0.11363938703613888
0.01845926751561095,-0.035552296882026324,0.01721783049556093,0.09614111162154981
0.005907134466761492,-0.02173794619211912,0.03531909863922267,0.07984808053353212
0.0004503950766502965,-0.006745214403095279,0.05221012233179174,0.06693045389703055
0.001960173564783896,0.008502646416158652,0.06225209935180967,0.058320683979620765
0.006720351841851199,0.02290165553900987,0.06194949332403818,0.05368355714041298
0.009267256377655922,0.03482032977999697,0.05122895698121495,0.05162927518393115
0.005138753165252703,0.04195713404730393,0.0334957258505008,0.05007418208537291
-0.00661111938515109,0.04163219666707742,0.01440738975452778,0.04668296573361393
-0.022248518498252788,0.031566126735840055,-0.00020094854065658835,0.03936310944557926
-0.03418005083726675,0.010953183347836196,-0.006460829409345635,0.026788834298849797
-0.03362079334524939,-0.01857090378533132,-0.0038531580881741856,0.008893612790878653
-0.01420999840912206,-0.05253168870389838,0.004724953512132056,-0.012792464046868266
0.02478377300390147,-0.0841263135072848,0.014256065709684039,-0.03512611011850731
0.07698387960496622,-0.1056820006084222,0.019762921026924996,-0.053794626224299154
0.12991571884477704,-0.11073891561952455,0.018470753751127396,-0.06424475801679373
0.1683889354869654,-0.09614002841482074,0.011078223514546043,-0.06294133605973025
0.17924522613478663,-0.06341235593460046,0.0015737791120311803,-0.0486209762210507
0.15589668433421022,-0.018879828748328876,-0.0043936286940181105,-0.023111143225831358
0.10105560422048313,0.027676490176963095,-0.001986944712270372,0.008660630059168981
0.026606519227488384,0.0655200617555862,0.010482757441930515,0.039626600091718034
-0.04948491307693552,0.08592149616617611,0.030334253520834166,0.062345567777295566
-0.10832077219926048,0.08468520156153544,0.05099111424233267,0.07109834085016957
-0.13565125958888846,0.06343939817376934,0.0640879113690713,0.06364950651366727
-0.12608725225722456,0.02925433992965519,0.06248785941107202,0.04205164056512965
-0.0845851160560396,-0.00732960592741037,0.0430917283774398,0.012142583107202084
-0.024744455043775967,-0.03528574616275103,0.008339982513472649,-0.0181820056996876
0.03549167634777166,-0.04620660664564557,-0.03423734845721289,-0.04139892274027541
0.07930902971461379,-0.03661444817919049,-0.0743467427208824,-0.05268712250753247
0.09590097052200228,-0.008821147524022077,-0.10233789285979386,-0.05134901875666622
0.0832450149935079,0.029862134638400192,-0.11245895165608663,-0.0408091017467815
0.048016378967211136,0.06926756329000061,-0.1047510250614509,-0.02717432464730253
0.0028437818338424153,0.0991875851721765,-0.0848584076077442,-0.01686696025453028
-0.03804082178173902,0.11203690211359604,-0.06180377893686443,-0.014195930264591872
-0.06326033459907299,0.10463693369889115,-0.044546330112732666,-0.01977402296747545
-0.06744074076002728,0.07871024067047494,-0.038610508740857405,-0.030387196191427147
-0.05217678815278755,0.04007188878748923,-0.044058886365895215,-0.04038058495152237
-0.024732324566870027,-0.003135434951753023,-0.05558318284248097,-0.044043359447429126
0.004861833898976903,-0.04259672366967028,-0.06468795130209318,-0.03807433195877512
0.027199282998350567,-0.07177081211484887,-0.06314441375165063,-0.023153005394933812
0.036237022848183156,-0.08716161356892584,-0.04640193024664212,-0.003960059881624449
0.03060047066299681,-0.08868588365818146,-0.015650750072603747,0.012424445422983037
0.013253484224235525,-0.07916786487174533,0.02226764438100924,0.019185692810835965
-0.010095859086894084,-0.06320074401423625,0.057096676460313446,0.01250716245665157
-0.03312108666809395,-0.04573331541237424,0.0787320358228902,-0.006686548029158737
-0.05075129890649989,-0.030758856258525563,0.08080319267060146,-0.03269373808260941
-0.060244089778959994,-0.02041808825330213,0.06294730674630998,-0.056795259288267536
-0.06129808895925505,-0.014706782581812822,0.03094587682089254,-0.0702193048542537
-0.05541973366351356,-0.011829127421135557,-0.0053058712260865,-0.06724954663148319
-0.044975378290292925,-0.009084827180644711,-0.03522431461266039,-0.0473363847769526
-0.032360407292328267,-0.004043858779245013,-0.05108228559750835,-0.015422382553059825
-0.01954030562851901,0.004327221038785467,-0.050380895524022515,0.019653866598548307
-0.007973102798870398,0.014942860581775873,-0.036222502707865235,0.048101868851233014
0.0012679438062224956,0.024562954371142448,-0.015625057376918758,0.06240221440958357
0.007405342740956285,0.02855981697265208,0.0035114303623816553,0.05964714509750395
0.010043226120456047,0.022367943717230394,0.015591328315334566,0.042183841968894076
0.009396288600650664,0.003252226110333819,0.01944580711161954,0.016396238124411856
0.006479657257534993,-0.028143766085578392,0.018611468237845253,-0.009836186078721425
0.003038461727982479,-0.06703595622426223,0.019704753854326185,-0.029981733365813765
0.0010985654970668488,-0.10493277909518817,0.029554553115667032,-0.040904331334606636
0.00222044393150371,-0.13134591947424312,0.052209816056641434,-0.04337286924234189
0.006737374894426523,-0.13645230293983326,0.08696279655841664,-0.04093016918757535
0.01334877749136729,-0.11401670423271656,0.12812712645354538,-0.037689272560425174
0.01935519210661569,-0.06369908567668951,0.1666479618661778,-0.036053463384361904
0.021577217837908495,0.008046229353936913,0.19295435468056943,-0.03537170482254355
0.017690068915277676,0.08891560900102749,0.20003757930123836,-0.03213655451699311
0.007464718532274529,0.16344166027251586,0.18569740419895472,-0.02167088371268855
-0.006643204970952721,0.21675813277024641,0.15323465901835842,-0.0006022496151959211
-0.019925447319502448,0.23839565745063743,0.1104369987803901,0.030943087053284222
-0.0268644645368583,0.22498689597420302,0.06728413224982761,0.06842372103088111
-0.023151874586758773,0.18104723924471872,0.03318088290034231,0.10375170100646633
-0.0075467982543459405,0.11756918795447541,0.014594085330613647,0.12773480231567358
0.01719258027624397,0.04884617531457441,0.013732893784633923,0.13322073218176494
0.044792725638864536,-0.011499003122193166,0.028493769917811867,0.11774043035061171
0.06734640319438358,-0.054056647889641866,0.05346679041773213,0.08459019098474688
0.07802389060012838,-0.0756704675731111,0.08152358001781412,0.04186546353373923
0.07366543324364067,-0.07940921582067981,0.10545386915203596,-0.0002545340105468072
0.05626306346619928,-0.07259486362593816,0.11926180848587416,-0.03298119122010883
0.03267694391289663,-0.06365306545714552,0.11897234522627495,-0.05184152677784485
0.012546441977797158,-0.05892064595673214,0.10300704616059271,-0.05793556947573068
0.0050309244667976205,-0.06051623730380783,0.07227880419880071,-0.057041873433313295
0.015494566497501834,-0.06596794589519651,0.03011053715087092,-0.05692282621887419
0.043338640568317315,-0.06964540631228436,-0.018037222214316393,-0.06389191551042768
0.08182841938270938,-0.06539440040317626,-0.06514384773679335,-0.08000666120791394
0.12007212175355847,-0.049351155139595176,-0.10361983351741177,-0.10201716818160586
0.14653042509149017,-0.021867668337992193,-0.1266867968284992,-0.1225152367708741
0.15285525685144555,0.012179794029336506,-0.12991111008347792,-0.13285736702327983
0.13670001137919136,0.044827105865511405,-0.11247369473450716,-0.12672003206849153
0.10248247425547347,0.06769196629817886,-0.07771276410683065,-0.10287389863559718
0.05980487608115661,0.07491613577619886,-0.03262471838954201,-0.06605031088722822
0.020083543052497065,0.06531978495632892,0.013676855270262224,-0.025513177121517246
-0.007399096012222238,0.042988132532052775,0.052172896981167435,0.008144863785252171
-0.018584483911285678,0.01606566100723753,0.07617233473345036,0.026749653011291112
-0.015739874575386517,-0.0058390746273987715,0.08286022622567377,0.02737031195573426
-0.00617151879644906,-0.01475806377419887,0.07365966403858379,0.013103921912036989
0.0009639248609255129,-0.006935976129517499,0.05331377966301286,-0.00849659045295674
-0.0014545163422324987,0.015970916098184438,0.028051177140542297,-0.028725796774763106
-0.015409595946561857,0.047427210733522546,0.0035242651023172124,-0.0414257212425373
-0.03663483555480475,0.07805433742380416,-0.016729655023836283,-0.04556118933689364
-0.05597424744131761,0.0984593599913405,-0.03179000871981484,-0.04557251881847871
-0.0627726744520984,0.10192756327233886,-0.04274164243498861,-0.049286678555605604
-0.04908548465995312,0.0861556248924599,-0.05133747128823521,-0.06416403141522936
-0.013160514911547232,0.053575016111983315,-0.05861352991850176,-0.09337602804514372
0.03912684560320981,0.010307678731540565,-0.06412887346439569,-0.13335450826398182
0.09549112230274454,-0.03577129300131145,-0.06619721779866129,-0.17394851657736285
0.1407706477175634,-0.07716083301239321,-0.06300022231021599,-0.2013463804648036
0.16161260147797213,-0.10838364278394233,-0.054031757459987076,-0.20283644572979015
0.1507270287001567,-0.12675095736456743,-0.041118890653914913,-0.17170822844907047
0.10927151396426149,-0.1322004678795538,-0.028403933132911573,-0.11044576084257993
0.04657691847209794,-0.12649123939965484,-0.021111715720513853,-0.030913612653029617
-0.02265942781924967,-0.11220860631322754,-0.023489755649345863,0.04870561783797977
-0.0827336740090382,-0.09199924813447422,-0.03675146699513952,0.10928289930785501
-0.12137996620168334,-0.0682596975140076,-0.05796476579003209,0.13662145686962437
-0.13286814608105105,-0.04324011949776521,-0.08052992634524253,0.12582270068249507
-0.11885495395509146,-0.01931689272876875,-0.0962738212327921,0.08263412958768357
-0.08690609919053499,0.0008808647030586671,-0.0984908245243335,0.021335252429883857
-0.047404253620852224,0.014711836120650877,-0.08477624813620566,-0.0400643874042269
-0.010051201643578731,0.02014344248423056,-0.058452817805205746,-0.08561353148712304
0.01880028832330497,0.016541410362731598,-0.027844246349968363,-0.1061916786713579
0.037170329226969424,0.00527669405549726,-0.003457963434910144,-0.10168940179635774
0.046703623389593676,-0.010188987084831964,0.006002094945975369,-0.08000083517961101
0.050700521233573714,-0.024910570066125137,-0.0026894882461681036,-0.05339320527763088
0.05189455130223396,-0.033672230362652204,-0.025409493424586243,-0.033725426157062595
0.05095174339129551,-0.03246801111963407,-0.0515261349833311,-0.028314421424891066
0.04628747157725708,-0.01977525632453685,-0.06736032401656288,-0.037894440769003834
0.03519820325921712,0.0028217097786544035,-0.061145842290052314,-0.057241458792415156
0.01573615923081156,0.030902443723340365,-0.027701154946257477,-0.07799383622258424
-0.011558140360516379,0.05832698696601071,0.02898522748876682,-0.09239551128130437
-0.042888310199126485,0.07886634579915491,0.09636711743074977,-0.09641762899200892
-0.0718184003262024,0.0878452086001482,0.1571070269877776,-0.09105973105562057
-0.09111492848852225,0.0832991782763356,0.1947551835000363,-0.08143083664122804
-0.09514127014432495,0.06632218454138283,0.19932271214962347,-0.07413002875203532
-0.081884592025772,0.040556442131557256,0.17069400846477878,-0.0741154478967965
-0.0538158272879625,0.011055309236204597,0.1185720736380132,-0.08241089695504514
-0.01722195603309299,-0.017070172935799117,0.05892467059797539,-0.09560267521044236
0.019766767099446525,-0.039786217585274286,0.00822376456533402,-0.10730299019068129
0.04973373272814524,-0.05474826748581041,-0.022366017400004268,-0.11092662373333083
0.06817786265261044,-0.0613108723202227,-0.030641915208518767,-0.10258548225283726
0.07456689759680718,-0.06008432179646008,-0.023455969909715314,-0.08286895591218377
0.07189901319341359,-0.05232951442764259,-0.013212335742651567,-0.05675464668814155
0.06500731470153676,-0.03949006432529879,-0.012152638069651604,-0.031681654653649235
0.05832041131630937,-0.023039902362750074,-0.026722473248073222,-0.014589076781928723
0.05398612821614826,-0.0046345927187062715,-0.05433917379359758,-0.009156584908964795
0.051101209087968606,0.013618671839146678,-0.08398565049277562,-0.014402285850466004
0.04633475081450958,0.02903635026145692,-0.10055880998745786,-0.025228542516994502
0.03566766738559802,0.03859058207527685,-0.09137283127494941,-0.03469120039761775
0.016517679659742532,0.03954471561188558,-0.05226004334376563,-0.037038407888394034
-0.01064258171721407,0.03033059110908045,0.009273258341121401,-0.030225787011918356
-0.04187362450155398,0.011344294516442564,0.07535565391255522,-0.016811516260131863
-0.07078903757748196,-0.014701286535012069,0.1233682774714816,-0.002795609511291375
-0.0906635367155684,-0.04311448944673096,0.13401199948842962,0.0051716537248382086
-0.09684220286782874,-0.06826575767149848,0.09889321372324225,0.003077141113173875
-0.08852160650592915,-0.08507169721361728,0.024699713553048914,-0.008070300301279053
-0.0691905289208531,-0.09045963632469639,-0.0678393613200971,-0.02185205890251609
-0.045514620695665545,-0.08430303902979924,-0.15015375731516853,-0.028378273373665025
-0.025037668037651284,-0.06946004099320657,-0.19521195428677957,-0.017949628878616987
-0.013527962128246217,-0.0508404378933283,-0.18683551150760466,0.014892061195637976
-0.012946703444145648,-0.03377205663922768,-0.12559578445709021,0.06849323865461576
-0.02079755769936573,-0.02220970711498727,-0.029068297493318587,0.13359706656397796
-0.031112000812068476,-0.01742160584464246,0.07380148930160219,0.19558421907676288
-0.036721843618427924,-0.017652231285169503,0.15234834266732641,0.23879185519251067
-0.03199349807574323,-0.018931577959085323,0.18449980765520968,0.25146882825219113
-0.015025825537089662,-0.016787157502375145,0.16411170768575595,0.22965730438374726
0.011491459327483706,-0.008263572632114077,0.10271995016393362,0.17864683774466902
0.041072290224625885,0.006501654374998216,0.02509153886831912,0.11149443250075815
0.06559335863684657,0.02378794698598973,-0.0398153259636094,0.04512702158181553
0.0780378534076066,0.037176656222018004,-0.06922125128933633,-0.004636738908713755
0.07484156488523386,0.03961699704024711,-0.05449691245647965,-0.027485393352480646
0.05701654847323004,0.02603046972241784,-0.0038955563961311952,-0.02105054257366977
0.02968159101429519,-0.004438159664000123,0.06087293717807285,0.009253671000330893
0.00020811303255627127,-0.04736399236917394,0.11290003059159727,0.05269317551860634
-0.024319306003499824,-0.0936675580294675,0.13009562772712968,0.0969296834567784
-0.039404040429994985,-0.13186407405940864,0.1032837620515201,0.13162514787355017
-0.04439334769515403,-0.1513166501256123,0.03944428881238479,0.1507787113111087
-0.04228879167541157,-0.1454932412143428,-0.041013577735774374,0.15324943024318266
-0.03824981524560114,-0.11416775519100204,-0.11185048529741276,0.14165935394316329
-0.037398940242886286,-0.06380217145445494,-0.15059256555639794,0.12044225440312856
-0.0427673569231536,-0.005911730013051573,-0.14654978534474297,0.09399174304660363
-0.05413357679941123,0.04613367270488255,-0.10431776354146371,0.06562907480209909
-0.06814798873542312,0.08089982846192117,-0.041541584237968374,0.037595670173576685
-0.07964538653699547,0.09208995315488826,0.018127472206393207,0.011730449266955616
-0.08361266198765094,0.08015586695555238,0.054169144075049,-0.00983089572949915
-0.07705963507659527,0.051827078644647515,0.05696015006375182,-0.02455708523001744
-0.0601110623902462,0.01773999802142113,0.0312524747141039,-0.03027027894429602
-0.03595965752498908,-0.011039048930853057,-0.005918861290945095,-0.026465649128790823
-0.009762169959730227,-0.026459319509836127,-0.03208099441352058,-0.01550789998592949
0.013049397703793392,-0.025798996776668637,-0.028322895895000096,-0.002918654923415514
0.028378593579698103,-0.01214649575151638,0.012950013687193722,0.0037263040556355514
0.034409054399736336,0.007027020006777622,0.08443688842258572,-0.0028242940247170216
0.031595916168662024,0.022650623976599442,0.16591376025293122,-0.02659288563910489
0.02181962650948411,0.027215311778053322,0.2310767532358996,-0.06608147391508035
0.007158002143244704,0.01725761955344348,0.25678295120911765,-0.11366828693729575
-0.011125580561551083,-0.005613666290485269,0.23134407161798554,-0.15723118120280066
-0.03289252924595769,-0.03540088059058206,0.1588877916698183,-0.18370405713431026
-0.05857433529729163,-0.06378260966040966,0.058244691924733236,-0.18346434804110662
-0.08799057173178126,-0.08279770651614976,-0.04319870005678449,-0.15400043878926428
-0.11909444492720248,-0.08723863032511898,-0.11845117648951675,-0.10143065826734086
-0.14729936425552087,-0.07601703122477327,-0.1494950593415268,-0.039136359529189285
-0.16586823709769022,-0.05217197887041602,-0.13253338660851666,0.016201486044332105
-0.1674578081445709,-0.02167103171853548,-0.07822517928349913,0.04988932661766293
-0.14644336482439912,0.008470147580579738,-0.007068057052084523,0.05400222441226807
-0.10128116443710938,0.03207652428498727,0.05819707153422233,0.0299355579568574
-0.036044751508731855,0.045146137151855004,0.10031569998875166,-0.01223918304236649
0.03954040869943244,0.0463538213927816,0.11264573769478156,-0.05743535831782047
0.11179028263752115,0.036793247534333655,0.10004169947834152,-0.09093751665068825
0.16614504371050157,0.01926981907847023,0.0755073233483697,-0.10356480498384599
0.19081506535436984,-0.0024790121949982225,0.054188908454196445,-0.09472087935050716
0.1799261443653771,-0.024377200812690864,0.047176850838774126,-0.07220520611061662
0.1352030089202994,-0.04237597821263795,0.05750156635516686,-0.04885753400819701
0.06564989271611436,-0.052744234034881814,0.07972240945611939,-0.03729095793663716
-0.014709244727468988,-0.0524981534414823,0.10302698143768155,-0.04469365543535242
-0.09037697700792381,-0.04007785959580863,0.116372226426189,-0.06966826204129951
-0.14817617127649416,-0.016151972045792544,0.11344344476443938,-0.10233004797689488
-0.1801982925900432,0.01579692819859803,0.09536059443120704,-0.12767764731991893
-0.18510457144410244,0.049547200947418095,0.07004120955949039,-0.13103395477405672
-0.16751436018985463,0.07718887439750097,0.04853243224585639,-0.1035838227508038
-0.1358158260463521,0.09112917552210073,0.039886888632557405,-0.045994402958577305
-0.09920226690426281,0.08659828121449345,0.04677479770728191,0.03119725160283186
-0.06492444818391167,0.06384999462720031,0.06375045691704295,0.11057374549017386
-0.0366050002743712,0.02915890918957067,0.07902972785808937,0.1731450143841578
-0.0140469601639717,-0.00602786704210421,0.07920224499309991,0.20412231263134906
0.005564918006515001,-0.027861598394766922,0.05506403759674913,0.19720395876892188
0.02563958554302713,-0.024164770942127878,0.006210336153490068,0.15601923489533726
0.04814841590272414,0.011391818495987173,-0.05759109289755738,0.09243189524383151
0.07235520524871435,0.07642236385126899,-0.11904138499914396,0.022504283311598428
0.09476063629693221,0.15941263422197965,-0.1592119142402622,-0.038340562409645236
0.11025315868998092,0.24218648251647823,-0.16462505047962323,-0.07929770942104875
0.11401669852319295,0.3047344118124553,-0.13285265618900408,-0.0961298422343821
0.1034774071170894,0.331034748335045,-0.07438377763883999,-0.09078811015172972
0.07956533814053857,0.31405285212245626,-0.009800144876882494,-0.06928816512489783
0.04681732370757552,0.2582535195226313,0.036993930064716324,-0.038973428180746485
0.012260118169358417,0.17869166133877545,0.0472354241187518,-0.006322363841160833
-0.016560004092745342,0.09683249089251489,0.014471215309748812,0.024002409861132418
-0.03374258857389343,0.03433266200819723,-0.05223013573633164,0.04886733076343458
-0.03667519255507394,0.006713176412396656,-0.13037943706908284,0.06576118391008301
-0.026622684209870788,0.018920846560124965,-0.19099807098449298,0.07213494355089257
-0.008098787629186026,0.06417195731704975,-0.20817235314058619,0.0656361690518208
0.012733810774101333,0.12639856753087597,-0.16803259525561792,0.045315099984009455
0.030073393067765505,0.18544103882499346,-0.07406620792727188,0.013236332448753087
0.04022363153760158,0.2232542585007115,0.05313863111649901,-0.024465123724761305
0.04251592206685256,0.22911748415008695,0.1817577763918775,-0.05797480522471583
0.03915580653679641,0.20224363854077199,0.2783454396686419,-0.07598295618394435
0.03411520679985521,0.1511162092040398,0.3180656859900997,-0.06919793027157044
0.031508515660453,0.09000120347804492,0.2922001497323664,-0.03399957854375346
0.03404134312808684,0.03399147223535161,0.21051535243444627,0.025254609364754856
0.04206135258724119,-0.005667660554831755,0.09780445625424128,0.0964445438303725
0.0535016363019611,-0.024460675236329103,-0.014145323684595437,0.162739141684334
0.06468040865087724,-0.02492905246569206,-0.0964318122712162,0.20770217628872628
0.07162503156311087,-0.014638501486590915,-0.13151290755608447,0.22076710289773627
0.07142581633084452,-0.002788944232506037,-0.11761217548002095,0.20107657178625907
0.06314604812500496,0.003158066847541245,-0.06785003746981125,0.15812726601591215
0.04800195645619677,-0.0003707484857046958,-0.004702376252326195,0.10875268498673361
0.028804005132389923,-0.012733017537181559,0.04809043791490303,0.07133043861835335
0.008914234716752671,-0.03039033054920263,0.07331610508863413,0.05920234102622865
-0.008870830820935913,-0.049069733757610035,0.06522136589131416,0.07570027350268559
-0.023106025352996162,-0.06571749968286096,0.030164569676530383,0.11268340904890842
-0.0338982122213123,-0.07940777996128863,-0.016863412691498453,0.15325705859462652
-0.04250283288556295,-0.09092005567538602,-0.058293324147886766,0.17780204734333127
-0.05052313271757107,-0.1013382380416474,-0.0802823609701765,0.1711752752039192
-0.05905121908833001,-0.110473259852379,-0.07705381022658753,0.12844240826847364
-0.06808463733114148,-0.11598188972142712,-0.05194640806540781,0.05698830159884485
-0.07641956377016382,-0.11372469181582157,-0.015148666268705861,-0.02583714800200958
-0.08202154762853854,-0.09932470048993645,0.02069954621639884,-0.0987205281077342
-0.08269023365687976,-0.0703111866728599,0.04518316738993394,-0.14383588379693887
-0.07673878966475892,-0.027913200889644243,0.053290083419478135,-0.15297873318413757
-0.06343569729190347,0.022350760331243072,0.04606851778326601,-0.13009270615955376
-0.043087776227574,0.07168408022088228,0.028835565753356017,-0.08925325005134216
-0.016816651841866138,0.11037623139211956,0.007995616272500545,-0.048899255496343275
0.013783102748286782,0.1307061454297779,-0.011982142258247673,-0.024542287454271464
0.04687998963300717,0.12932312104531904,-0.030061693580781982,-0.02277605775288659
0.0803942268078609,0.10822123298603889,-0.04800820968741982,-0.03891644971893762
0.11176303531221118,0.07395759337260405,-0.06802705497042666,-0.05920228017882324
0.13767847703031058,0.035438488071274844,-0.08990019778470773,-0.06671099395884585
0.15408546424622743,0.0011342111577044896,-0.10913848280273436,-0.04867680701232474
0.15668048565303816,-0.023235935081603477,-0.1172913644351114,-0.002315940946923751
0.14196360964586968,-0.03575250150412376,-0.10464845126713976,0.06319652111223238
0.10862905781091552,-0.03784477335584029,-0.0644905973250017,0.12948522700552403
0.058839503249518824,-0.03274119486788149,0.0027545405708117726,0.17551678663907944
-0.0011721245267921412,-0.023657244094020154,0.08727679681058197,0.18547444186964934
-0.06162124166441441,-0.012602758142904867,0.17083369514426466,0.15494215871252914
-0.11094477275580576,-0.00033052452052731093,0.2310320543138732,0.09296699208315878
-0.13853124904908748,0.012656113424163833,0.24780962169927517,0.01911194798380529
-0.1377071344891151,0.02469096284541008,0.21003902594019758,-0.043477421415732
-0.10806065616677585,0.03205147868563891,0.11994301427386492,-0.07642456624805062
-0.056258931181792586,0.02932850239823133,-0.006382836682838337,-0.0727458354641697
0.0051061502821592684,0.01122791722532658,-0.14278054079385094,-0.03922465328484462
0.060520060652803104,-0.024762935630308493,-0.2601314511916323,0.006388199064154608
0.09565894750307496,-0.07597810774554808,-0.3345382821281286,0.04230565603436565
0.10144731559193537,-0.13369450313510067,-0.35395209246570225,0.0511416847415866
0.07681105288870814,-0.1845765575999159,-0.3210986871158707,0.026642285717166536
0.029199053760806216,-0.21437119192189877,-0.25180179659278995,-0.023862705710500542
-0.027405116642069797,-0.2127979970103081,-0.16936021256136288,-0.0822321548957583
-0.07648160981477277,-0.17790000134764422,-0.09695851560277158,-0.12646048403668167
-0.10382596631084184,-0.11806459546645663,-0.050706137568170134,-0.1391509960524999
-0.10178609379040929,-0.05058696303184997,-0.03559391473538505,-0.11428164283041492
-0.07156857418773105,0.0031600839919270728,-0.04555244053909066,-0.059681111801305205
-0.02287953386423264,0.024585832137926145,-0.06730310774304227,0.005726880089341826
0.029004004267899973,0.004497827643762706,-0.08635827830961214,0.0588557509897014
0.0678249042903438,-0.05293039760721389,-0.09283334161986209,0.0809227071158582
0.08116736827399001,-0.13048618202296902,-0.08491936799885466,0.06424100291841242
0.06401668801010357,-0.20275791261405246,-0.0688406620866844,0.014795841344086206
0.01998879498742284,-0.24410201222035094,-0.05550516051621057,-0.05030059178789929
-0.04007239860286682,-0.23715330917014582,-0.05531979120885709,-0.10940941426939013
-0.10158120648422986,-0.178969664638873,-0.0733133148196318,-0.1444168349440657
-0.1505826560622863,-0.08260608883771742,-0.10654217657827766,-0.1471205221786653
-0.17758241285424906,0.026568863016533325,-0.14482684598988096,-0.12153746428752771
-0.17965982211817952,0.11869483717223119,-0.17454137387828536,-0.08135716188131013
-0.1603301229264021,0.1688083950662075,-0.18396946752377663,-0.04368641572137165
-0.12741501027585478,0.16465929862943451,-0.16811075989630858,-0.02168261960554781
-0.0898443410457522,0.1103443046880835,-0.13101209033120148,-0.019081565178269744
-0.054615604091265674,0.024592235219558382,-0.08463753738703346,-0.028834955242742242
-0.02498553011196536,-0.06562347712072186,-0.044619566129727395,-0.03639783794932745
-0.0004309130785881618,-0.1338871225944851,-0.024445384570008936,-0.02631323147195131
0.021796131496630795,-0.1625398977709182,-0.03026457145896393,0.0106149890463298
0.044308413104675204,-0.14757354936358982,-0.058312090014497074,0.07254409021651803
0.06749692035025409,-0.09876718588826167,-0.09599144116500856,0.14626589645825977
0.08864988599493029,-0.03532479552091124,-0.12630776394618923,0.21161827366449465
0.10269410179543784,0.021193473897066127,-0.13408493284934953,0.2490046342132378
0.10428990695619114,0.05403725294586764,-0.11171275573306154,0.24709089568652853
0.09042646212254285,0.056083997742527786,-0.06230810729945346,0.207593500934913
0.06241190012457312,0.030894188167483676,0.0009106638194508916,0.14514350350205713
0.02634054069239854,-0.00994599194242788,0.05887786621995968,0.0821087596913565
-0.008315330073106381,-0.05181623557045319,0.0930985347769823,0.04024515653606142
-0.031608686518625626,-0.0823083132890367,0.09198562221964224,0.03234666822274082
-0.036515992695958996,-0.09479349776601774,0.054896199894554756,0.05714919440178391
-0.021570073734752702,-0.08925104667170078,-0.0075391717422822815,0.09955784530882389
0.008318184826677096,-0.07049887535961794,-0.07689526773026456,0.1362503515632143
0.04326814565128973,-0.044991327193293545,-0.1330160825846064,0.1446302801936089
0.07166942110288235,-0.017791245533118217,-0.16056440058893395,0.11176796443109553
0.08415059314525286,0.008957821528006085,-0.15382837853817927,0.03990285931326525
0.07685257694046822,0.03557076382767728,-0.11820117652872374,-0.05366816919907741
0.052781186722652605,0.06287961751044627,-0.06792249974259393,-0.14238984702269067
0.020677551244246223,0.0900255164907643,-0.020949257659354154,-0.19985060445543362
-0.008255902857639417,0.11330097491754217,0.007237398432773592,-0.20931599477542817
-0.024628233210709168,0.12682238484320518,0.00878817035829144,-0.1698398809846831
-0.024572256998988035,0.12488351469862179,-0.014070206790017265,-0.09666331591573368
-0.011484806846965227,0.10494738134445578,-0.05001146276532837,-0.0157446295554282
0.00494247562788361,0.06979613315522053,-0.08256088476963276,0.04554110600543168
0.012168891741746724,0.02760313272023851,-0.09562672897968415,0.0680729079290472
-0.0004268071011132007,-0.010454274678309314,-0.0787765962610107,0.04745357099110827
-0.03714253235076572,-0.034309327653343075,-0.030600124519713643,-0.005056198303230536
-0.09354115101739702,-0.03922939359181973,0.04080760200802946,-0.06736637766698586
-0.15700918985047635,-0.028286671637599847,0.12025967453964792,-0.11520711490996913
-0.2102426037488663,-0.011774367684596929,0.18992326244888322,-0.13125395228888337
-0.23657891867045183,-0.003452221590876235,0.23438387114841108,-0.11127451565421587
-0.2254117168663462,-0.014855864385392437,0.24483305618790896,-0.06505504257314797
-0.17584434735590374,-0.049856532263806014,0.22124691089547835,-0.011918238216477
-0.0973040765578685,-0.10177621464329195,0.17207245169211555,0.027264060154078253
-0.006856891808322949,-0.15453225024216222,0.11165748950909038,0.038339195598909026
0.07591506132841289,-0.18777512132377602,0.0562407023156901,0.019154111533818935
0.13477824216854745,-0.1843621859587572,0.019627301286662423,-0.020184398540549563
0.1615071776092864,-0.13742925840683196,0.009671587227963234,-0.06207825287555867
0.15780900215392413,-0.05425433100122638,0.026415041083094157,-0.08923261137060656
0.13392611791189976,0.044852802291172875,0.06228429448324514,-0.09226582212986523
0.10446866492331279,0.13259803170147963,0.10425099825068246,-0.07399529915026017
0.08296715614511282,0.18374922434572144,0.13739922850953143,-0.048582734226785454
0.07705057826072487,0.18398272185561043,0.1490180438787332,-0.035778310301370034
0.08590792395877539,0.13523563496635554,0.1321959803420983,-0.052485388504074616
0.10087478563072894,0.055430386234964185,0.08797499627346594,-0.10499239618157848
0.10889107125101394,-0.027537695937707635,0.025426854087511615,-0.18503657444722296
0.09758352996071497,-0.08551481098692121,-0.04049482010851388,-0.27143251622391784
0.06017808705857853,-0.10002363508026242,-0.09289087912511468,-0.3368627919134533
-0.0014769200040367636,-0.06876405902183098,-0.11767002474625742,-0.35741208962194954
-0.07683234445084694,-0.006228796235731252,-0.10781923346522441,-0.3213131458485513
-0.14954853662932133,0.061858664957134685,-0.06590174102812921,-0.23360094019650818
-0.2024293639507186,0.10826293828809502,-0.0038938963198610864,-0.11486458322052284
-0.2227501812266705,0.11450123757308465,0.05980420898239437,0.00551967049252473
-0.20624333054561694,0.0777947917934503,0.10549086290790566,0.09923034014176063
-0.15847467954670064,0.01206173304970996,0.11799428576606585,0.14833112671092713
-0.09321536835182481,-0.05745931675045234,0.09144676839050578,0.1507120093394294
-0.028381805293571465,-0.10394742182026238,0.03143520487141091,0.11973910002498828
0.019137433937121195,-0.10941070913945944,-0.04630569856192207,0.07838726831387635
0.038158449504634,-0.07179023814828299,-0.12042586496093236,0.050174706487453785
0.02600693093940746,-0.006000491817399686,-0.17042227775456525,0.05035849092956164
-0.011272557267339996,0.06155909195266641,-0.18303602736470553,0.08066335769727993
-0.06119147745854117,0.10299627154859367,-0.15651676606415332,0.1293929104942843
-0.10872431098480594,0.09965597267200788,-0.10130540325550319,0.17667652746971724
-0.1405753077244412,0.04950450863550235,-0.036817921279489116,0.20265085719381726
-0.14853762643406498,-0.03167691903163975,0.014706079984068046,0.19531121158818612
-0.13106796463712644,-0.11580127277329691,0.035331321735036024,0.1549904752639354
-0.0928179932429185,-0.17265600063004605,0.01721391601248697,0.09382303011626782
-0.042496581423822066,-0.18094112652346564,-0.03485251288349759,0.030564058410367044
0.010111021278836198,-0.13601532509522668,-0.10496780934643196,-0.017036321190122126
0.056986297683334394,-0.05144426938184713,-0.1712172958493273,-0.03917544475116041
0.09375727013520657,0.04620084977101578,-0.21263215887831038,-0.0374553393916115
0.12017126253252419,0.12728174760804722,-0.2157297843412681,-0.023495479855231868
0.13918566111910588,0.1699614301210112,-0.17853167899731387,-0.013319703227294286
0.15511096691968196,0.16786144966975164,-0.11084919986758876,-0.019860248222800386
0.17148091577858443,0.13162264403995974,-0.03090302164930078,-0.04670494283520267
0.1893491927166916,0.08384807802969199,0.0404515943805929,-0.08574003418609435
0.20653890599959673,0.049469978455705735,0.08590187386312503,-0.1197925952648545
0.21806578246518804,0.045355756333910535,0.09626244939321328,-0.12936100524501493
0.21760896840144628,0.0732643432841221,0.07215400491265717,-0.10083669551618454
0.19960347897323158,0.11896302704214551,0.022546520192553626,-0.03293860364721255
0.16134580018146144,0.1579127710427656,-0.038984014447871036,0.0613118295479372
0.10447955578629103,0.1653503657048423,-0.09875275878456498,0.1580713471455047
0.03536837886043021,0.1268364201883851,-0.1466141791381113,0.2305021730413877
-0.035859375835108634,0.04508724341098136,-0.1776783343777848,0.25811748471521234
-0.09745416540995978,-0.05972186796084376,-0.19187741202603187,0.2341576048265852
-0.13888818958153876,-0.15651495282570346,-0.1920129526679932,0.16818114718800808
-0.15366047092918,-0.21441981813328825,-0.18141465445675375,0.08281622816528719
-0.14126098281942065,-0.21429933579567162,-0.16232272824733907,0.0058031499101161765
-0.10765105363134668,-0.15633118443925076,-0.13561665869165906,-0.03976105859614017
-0.0639871473407018,-0.06066015026377778,-0.1017941029523678,-0.04337636422416703
-0.023810043848967684,0.03930183705011048,-0.0624795781385278,-0.010360676261802827
0.0005965907645047296,0.10860500251794689,-0.021485603550726068,0.040814999063932045
0.001660063306663571,0.12328512737390593,0.015334653971192175,0.08601617578505982
-0.021258332817348926,0.07909230928722713,0.04161583810281944,0.10488870198947006
-0.06161004427566274,-0.006816549051128776,0.05286601856920667,0.08866792730209519
-0.10754716630198863,-0.10190858067180517,0.048693856225795036,0.043408296280054146
-0.14545628129528257,-0.16989728386512642,0.033803882571108404,-0.012553495856794182
-0.16409194358754636,-0.18378144169829586,0.01710872050917705,-0.05588799255415616
-0.15802318966438855,-0.1356083626358745,0.009050376137221677,-0.06749619172350489
-0.12928027393565836,-0.039460599168699144,0.01798575525150963,-0.04012278723131779
-0.0866432707210284,0.07338125884285664,0.04695385684851823,0.018557576949606514
-0.042779490856826655,0.16533691767830805,0.09209698807094813,0.08856411340304102
-0.010158004731901862,0.20558059185127345,0.1434509076780212,0.144949976336477
0.002906372442314665,0.18063650702432035,0.18795240064505372,0.16707463785643156
-0.005239908852082751,0.0988546795272466,0.21367065868465712,0.14629927871928572
-0.02935847245689093,-0.01265695262718538,0.21378196151110668,0.08920532852401156
-0.0594037022530835,-0.11738358829262839,0.18887156581863357,0.015141552018991596
-0.0841534442485421,-0.18162171081017797,0.14674408130189287,-0.05094728079351753
-0.09507956768173935,-0.18527683786766352,0.09982730826266256,-0.08768408928503671
-0.0890858646600435,-0.12763205135230132,0.06111892514431605,-0.0849601917145786
-0.0691740228401302,-0.026402318719592942,0.0401226392496601,-0.04730039670450196
-0.04287471534104255,0.08918530926959581,0.04016918534274919,0.008316506873567386
-0.019112149411227256,0.18851346889174753,0.05795270328662272,0.059284885289418866
-0.004743399858551742,0.24919798817357192,0.08526793075658556,0.08620226206551461
-0.002109265601733728,0.26296348917558354,0.11214361382063931,0.08032543271488052
-0.008512551338365124,0.23610760790320934,0.13013397843541885,0.046826907040740856
-0.017763509321320627,0.1849649968878755,0.13460107057584114,0.002639529921447663
-0.023102944320633905,0.12855339299951263,0.12533617721117413,-0.030265750264827935
-0.020259502037015823,0.08141618541000947,0.10559149892613778,-0.0336029997466654
-0.009344340143108863,0.04931960157011406,0.08021334113068221,-0.0001883268966319067
0.005235965516258123,0.029128401325897637,0.05383284427220633,0.06275002740523802
0.01684127648350615,0.01244005619098907,0.0298897169937092,0.13562101788823056
0.019781641937176297,-0.008903073035334198,0.01074526972416925,0.1931342102543851
0.01225230378419315,-0.037932550465320264,-0.0014634884298432935,0.21313626906339592
-0.002313180260357311,-0.07040789576438355,-0.003979824274864737,0.184411305763714
-0.016202204966364358,-0.09627939896586958,0.006647755391119342,0.11066207131082632
-0.020478398957572343,-0.1040956276192361,0.03351266313773147,0.00932536825013721
-0.008998148108920434,-0.08646492076483997,0.07744120673342153,-0.09423447680696018
0.018255157694453968,-0.04423987466409387,0.13506709983527676,-0.17497619406327763
0.05402590393154452,0.012405651889598874,0.1979529809287836,-0.21591501611431926
0.08556683481461458,0.06661107767408031,0.25355838844118705,-0.21270350886378603
0.09894822755652376,0.1003168921194024,0.28816826815405383,-0.1736942213611162
0.08443297709334306,0.1006179349414941,0.29104963220358226,-0.1158204284899032
0.04089039621428657,0.06462615222337405,0.25845002968552044,-0.058110589270158816
-0.022581726634624173,0.001009185388848189,0.19589126718385344,-0.015365774362415196
-0.08872404588545779,-0.07242529214134541,0.11766298766868628,0.005751637254124727
-0.13741533330510275,-0.1343037458746923,0.043356185746599774,0.00708336763040752
-0.15247497341355526,-0.16650436973431032,-0.007637925981778969,-0.0038695579708634634
-0.12754285071373098,-0.15988990508019948,-0.021920187520850204,-0.018433585819047513
-0.06879699341258363,-0.11704867785074535,0.0037919692564383637,-0.030804729345684165
0.006683437548719651,-0.05121275489361046,0.06166370304464374,-0.03992943277004342
0.07654494737132436,0.018155030891114345,0.13526050649334947,-0.04857807615506292
0.1209081096791692,0.07152040263055184,0.20474265304523143,-0.06026882791640719
0.1294907642215812,0.09510490899232801,0.25294470027609806,-0.07568416347866455
0.10546541003013932,0.08454407185371288,0.27024893451191856,-0.09047381075218985
0.06450497479786155,0.04538314030502527,0.2566327013573137,-0.09574756959957238
0.029186055126380964,-0.009471387978585983,0.22033666773629218,-0.0813696359430349
0.020638123237018344,-0.06425001301043298,0.1738585207033551,-0.04086549700350857
0.05041126192989198,-0.10515437451418713,0.12894296211080658,0.024109263463534033
0.11555933180131994,-0.12398400233077442,0.09254417508749642,0.1018302357336029
0.1988570473540875,-0.11958719790177204,0.06526843619724217,0.17234972581991748
0.2742538724527034,-0.09699383274746928,0.04275243618366188,0.21295865007861603
0.3157639112131617,-0.06485327731626686,0.0192171864595673,0.20563018444962483
0.3066967175472112,-0.032251681646956604,-0.00845648709638222,0.1438775176001027
0.2459372119990391,-0.006008635348705247,-0.03799780888853818,0.03645020583064941
0.14897667177907004,0.010791945613168154,-0.061670629599124394,-0.09374062214700352
0.04323740850310778,0.018820131257318636,-0.06905163121103405,-0.21546035279385195
-0.04073862587743756,0.021362829311331058,-0.051639346877223234,-0.2980525964715922
-0.07918874456460773,0.02263800485889455,-0.007430760786787682,-0.32055931320663017
-0.06267972761699661,0.026207330710600746,0.05650784297921864,-0.2780464391262285
0.001279188464094607,0.03394570899018037,0.12476347976498156,-0.18301180995786537
0.0913739999667369,0.04572862855749721,0.17764692152569284,-0.06139434890872632
0.1801343121248124,0.0597286050084398,0.19735324009726762,0.055481262839766024
0.24327119169843198,0.07306499567017877,0.17407305426075662,0.1403439357459927
0.2673488646470032,0.08254900106988433,0.1098167908244124,0.17771224571829441
0.25313261409842047,0.08536082159749034,0.018457072492912886,0.16750191683346677
0.2136142128851021,0.07960781656657512,-0.07818405694976609,0.12355540422182557
0.16771019225155442,0.06477135307177162,-0.1569607082289745,0.06789391832476849
0.13221135050504557,0.04203137931331209,-0.20051368997067623,0.022890941641190574
0.1151475360518292,0.014390557947924548,-0.20244880733497075,0.004133701415843467
0.11311131864110027,-0.013533457125065146,-0.16884292875704915,0.016309627202532213
0.11350360094903938,-0.03615888832167315,-0.11563211024936332,0.05322866997081921
0.10072962398483068,-0.04803006415869396,-0.06287361710070205,0.1015502814842183
0.06382221545430006,-0.0451654172263473,-0.02793492908350164,0.14650115145067272
0.0023906985941154306,-0.02631607116261897,-0.019974721573373412,0.17730071481981452
-0.07158987644839572,0.006280958652527345,-0.037550626781513975,0.19032526197687133
-0.13705351367245205,0.046989098201734504,-0.07003033510952361,0.18907024396895725
-0.17113507118590005,0.08780558860540506,-0.10212958245471401,0.1812847372245578
-0.1578460483215391,0.12014719447404701,-0.11984004705926637,0.17473341742137496
-0.09488183431778222,0.13692428873991988,-0.11560466161872521,0.1734826138761732
0.00410264482895095,0.13430829713054165,-0.09095972771178973,0.1762647404960252
0.11281989012452903,0.11266318628982694,-0.055826699133681955,0.17751736548090458
0.200333697811214,0.0763602431967016,-0.02483223187297643,0.17052452262344642
0.24104800746781596,0.03254339665114419,-0.01203433760717773,0.15118724218135604
0.22327469247263587,-0.010762258279114447,-0.025903469104898595,0.12068050321468632
0.15339379497448116,-0.046617350882944115,-0.06622574409382784,0.08572044049780322
0.054115021291859515,-0.07063987464151682,-0.12387165339196718,0.05617760865939612
-0.042634544965602234,-0.08160954214931729,-0.18339359915744163,0.04091863347360632
-0.10584823965064995,-0.08113996518461372,-0.22752510140928156,0.043571762528911616
-0.11525761716900021,-0.07265464879108036,-0.24213323410764043,0.06005152832891187
-0.06764241822666212,-0.06009222944949888,-0.2201497407421325,0.07906710989826655
0.022326614136317587,-0.04678801413544563,-0.1634247648823795,0.08569812299989021
0.12682610727284382,-0.034843214161224004,-0.08212553758079107,0.06688595611342403
0.2135020784323842,-0.02506859303811077,0.007995429869623757,0.016843244397780944
0.2551104343311976,-0.017370326542870643,0.08961356045168153,-0.059724391013809164
0.23714547403034247,-0.01131446534451931,0.14804073590441424,-0.14798946000996577
0.16125779107821214,-0.00660006900338639,0.17459962889983335,-0.2270982564978865
0.04374693492742278,-0.0032725821019536335,0.16841403533594482,-0.2767386040981746
-0.08999216612193486,-0.0016591348361621183,0.13626678240323015,-0.28394988648803354
-0.21302334507051546,-0.0021343841098386673,0.09060705009622672,-0.2477540632236852
-0.3039831521290314,-0.004877142652434691,0.04618101577722138,-0.17987661778113723
-0.3517397940945175,-0.00974290415902157,0.0160661455544924,-0.1011696466224626
-0.35659416905590935,-0.01628591632496593,0.008065884795970578,-0.03487103862694066
-0.3282104953955953,-0.023871192975721146,0.022418224809464656,0.0010156163216241496
-0.2814154344787077,-0.03177242397218551,0.051545291233714416,-0.00041991974406776697
-0.2314388091662233,-0.039178125696904875,0.08211521141928793,-0.032955704541582594
-0.1900282778243681,-0.045108736436688134,0.09906560289580885,-0.07975558413192393
-0.16330728098111616,-0.04833492613945593,0.09059655226987257,-0.11958125452380963
-0.15153563239968884,-0.047429076947710036,0.05268439243298593,-0.13452820295044185
-0.1503508028431418,-0.041045522510036625,-0.008405468292705033,-0.1165673356650441
-0.15278550322835235,-0.02841735529532602,-0.07670852169922095,-0.07058416825952835
-0.1513906027826085,-0.009923735176260764,-0.13049104593054806,-0.012833006682429569
-0.14002760720311597,0.012513218561212635,-0.14867131853938903,0.03466828853755559
-0.11516138691010447,0.03544339026704481,-0.11792567170743451,0.05185489975255385
-0.07664367920532969,0.05444488559797728,-0.03820408632737621,0.02775906017768339
-0.027987726589809293,0.06515747210001781,0.07536299433631655,-0.03539623437865999
0.02394567632075918,0.06452592517284517,0.19519935718973103,-0.12256203608241528
0.06998151883583523,0.05185714424260923,0.28824181144291183,-0.21054494062534446
0.10043190016643505,0.02930256063092624,0.32525519525730595,-0.2753806082047855
0.10747448730922014,0.0015333186257018606,0.28969733601746883,-0.2998762589579646
0.0876010866269496,-0.025366778449885802,0.18327576410408042,-0.27878922818823615
0.04339156648060031,-0.0454964178043456,0.026257308840132196,-0.2199741416212272
-0.016133743022927503,-0.05474445023989012,-0.14777683281241127,-0.1412517085200868
-0.07701925708885005,-0.05191088640576028,-0.30122614728463826,-0.06421895795546542
-0.12360491579574018,-0.03898900659772401,-0.4029449912509803,-0.007220791044169783
-0.14270968209504847,-0.020523714181340358,-0.4365981769668127,0.02010022202475254
-0.12753121040320053,-0.0022545312614405373,-0.40428921920926475,0.01890927893727063
-0.07995305538451163,0.010531613970332995,-0.32443752980918317,-0.0005843141000551897
-0.010353403209106654,0.014444123433649198,-0.22481446765789592,-0.023907434353828617
0.06521129963822841,0.00883001742785397,-0.13324815813627527,-0.03824687760839626
0.12967554377108936,-0.004172852146228457,-0.06920521178452485,-0.037327264832905035
0.17002365168150968,-0.020308119006466424,-0.03901155899232435,-0.023528845694547457
0.18106596932816804,-0.03434138996433893,-0.03606125805000826,-0.006598454275260247
0.16664071682458084,-0.0413282751403702,-0.0455135435759382,0.00043655806662947546
0.13781175855264644,-0.037706012654820154,-0.051383625209724906,-0.01344689084496625
0.1086796810816875,-0.022022262688473442,-0.04317798483736191,-0.05275808519970923
0.09127767539869792,0.004751357947576617,-0.019571643900536992,-0.11338316319071556
0.09136498962444212,0.039281142958521635,0.01208809683713601,-0.18358039754283373
0.10662092557598335,0.07624390474308565,0.039958863041717294,-0.24764650593978021
0.12788208514500982,0.10897250300296073,0.05361391431683086,-0.29088380095844113
0.14296177881323385,0.13036917407126108,0.049103372346228934,-0.3040924918630743
0.14164505964943483,0.13407114369947035,0.03100402791714984,-0.2860616229859429
0.12001355481171284,0.11577633574359465,0.010590241909510821,-0.24331625073238605
0.08248478220884496,0.07451359070389868,0.0008967796493342464,-0.18738786343147035
0.040768820173814675,0.01352979345955943,0.010761640534201727,-0.13073151739583996
0.010053508512674092,-0.0595624088005665,0.04039766205943495,-0.08281220833954747
0.0037256761440744336,-0.13362749288380252,0.08045421234512538,-0.04770353840328355
0.028462469359222684,-0.19585335160111908,0.11512470176608222,-0.02388335422137621
0.08140104520057223,-0.234303622841585,0.12819384925130817,-0.006047184194246432
0.1503727833437255,-0.24060233317104968,0.10967139911229444,0.011972165425231926
0.21713855066806761,-0.2120456072674036,0.06033790760317636,0.03442181873989805
0.26256204446784026,-0.15251918073953286,-0.007720709252225389,0.06205349935411576
0.2720545659367023,-0.07189658048730795,-0.0749717046412322,0.09224775384829578
0.2396067921096845,0.015982668687685657,-0.12133851159043325,0.12059655125880432
0.1692644152008192,0.09624088337623943,-0.13356497570272668,0.14311660853372737
0.07378283323807028,0.15602063945851896,-0.11021520674802195,0.1580567694753112
-0.028913562963923077,0.1868830110487634,-0.06234303182626755,0.16650116858744546
-0.12024269628635989,0.18599145041595494,-0.009502635786967775,0.17154099181442417
-0.1850868055548031,0.15592894091009693,0.02744491277946057,0.17644214096341906
-0.21448551960992865,0.10341588347750433,0.034039397214352535,0.18269390026216356
-0.20646575580168205,0.037482709269370224,0.007548236166350069,0.18888910694032474
-0.16521265243845623,-0.03229174557659856,-0.04207789235455185,0.19102872597959927
-0.09922707509288219,-0.09704062909855454,-0.09594760838879692,0.18421107560145447
-0.01923619871966036,-0.1492503204985854,-0.13322114343246738,0.16502534166724137
0.063557358337308,-0.18297773677259585,-0.1387016162702853,0.13359768342360384
0.13865075310529984,-0.19400687511961107,-0.10820135339556827,0.09430839379882514
0.1969381560780348,-0.18025614078760266,-0.049765872062893735,0.054702744770695665
0.23120332647154923,-0.14250231228572735,0.019546179323262074,0.022865982418203156
0.2366458572927838,-0.08516473187015347,0.07994444572962651,0.004222776774745491
0.21148840730012067,-0.016655846801035448,0.11576835432097307,-0.0009402702329937423
0.1574900727204285,0.05121280843533689,0.1203449369172834,0.0018915511247776864
0.08006817127991671,0.10502946207889244,0.09716187347288897,0.0031347228310118977
-0.012219797481608436,0.13259761906963452,0.05719417444720397,-0.007348334921309482
-0.10887737860523544,0.126101449109703,0.013737045526964151,-0.03606872368965029
-0.19913273122668182,0.0846484482474292,-0.02299661245462041,-0.0826944875513701
-0.2736471663064714,0.01523986212603962,-0.049299830270266416,-0.1391581469925068
-0.3258185884921069,-0.06838895886405724,-0.06814540999772992,-0.19165575367878973
-0.35237990138272623,-0.1489599175908225,-0.08626674697086581,-0.22503353615730032
-0.35325784797548865,-0.2100754599268012,-0.10961230344098488,-0.22810660809737826
-0.3309164694189918,-0.24058504667221559,-0.13929282641256321,-0.19799642664249067
-0.28954327602746677,-0.2375284185113546,-0.16987857953915403,-0.14181365926599532
-0.23438838183747387,-0.20668237364750286,-0.19085519035272566,-0.0748980785152418
-0.1713702703428549,-0.16049010547577597,-0.19066450439007737,-0.016056023038917122
-0.1068253333307417,-0.11401357684482764,-0.16162804700443284,0.018636623681765052
-0.047134559367462664,-0.08021794790021534,-0.10365016106313368,0.02129894893062883
0.0019999127507505723,-0.0661289724484673,-0.02509108676373919,-0.0050144939035475546
0.03663466995703206,-0.07110639043643045,0.0596239217922193,-0.04737291996394772
0.05572591269749884,-0.08774508489579383,0.13473236023687024,-0.0875595360826774
0.06181307338930821,-0.10500630424112692,0.18830011915426897,-0.10863276693094062
0.06072732036643465,-0.11241677810388945,0.21575274515374815,-0.1011379709130163
0.06008567296260682,-0.10382755993516297,0.2203979874915612,-0.06671455264737422
0.06681328320148242,-0.07941963997855232,0.21083890498682095,-0.017733037357124004
0.08443352167178764,-0.04530561395516376,0.19648616315264195,0.026994955444640402
0.11114828430839477,-0.010961554666087043,0.18316622792830595,0.04896717730521215
0.13962811974649086,0.01449386213995246,0.1707508086520365,0.03681541212013548
0.15891640214314304,0.025759673918121447,0.1538282925610662,-0.00925294274896149
0.15807369412969535,0.023269192373983373,0.12508326923935728,-0.07703659816068154
0.1304331584301236,0.012880060505810517,0.07982710619813738,-0.14616493487481108
0.07692181932585948,0.0034966514154486372,0.01956550205860394,-0.19486885480123384
0.007043168156356309,0.0035510676380807373,-0.047143883377399734,-0.20733797141295296
-0.06316971414082181,0.017679190652718415,-0.10713417071900241,-0.17908102115724606
-0.11584897808273946,0.04483544654356623,-0.14749707941548057,-0.11840756109047058
-0.1372041800123392,0.07853793021253669,-0.16085469870053795,-0.04352314625671037
-0.12260797400147118,0.10913787060304829,-0.14870202327298848,0.023718537567472456
-0.07891512178991006,0.12726457181756284,-0.12118379706196858,0.06519371981454518
-0.02292179131324048,0.12718215019246726,-0.09312386043214435,0.07243436897659894
0.023796641846982526,0.10885213964361697,-0.07775096272143317,0.049074577128223884
0.04208239612682027,0.07799150241241781,-0.08067391554763906,0.009058352356576836
0.021981628793775007,0.04415266995993469,-0.0967478951432286,-0.028637377824128236
-0.033336186524121326,0.017552091570817673,-0.1114439511916859,-0.04680283742505527
-0.10808888739110291,0.005782120052567258,-0.10655061391714742,-0.03588320013390313
-0.1788664422815364,0.011522734340985776,-0.06819840767972683,0.003067707594254697
-0.22251941983825674,0.031954367627554624,0.0059368962047216586,0.059263726155485544
-0.22426168756938814,0.05993693281659427,0.10331982711682766,0.11638190935512518
-0.18310886487310524,0.08641116290839165,0.19886892159521352,0.1584021518484829
-0.11262168504330757,0.10311842741014321,0.2625233471407006,0.17491242479632357
-0.03653532775549147,0.10473599212824058,0.269589584528005,0.16401962378215013
0.01933085438977023,0.08985128510197181,0.21014716700552025,0.13199572149801594
0.03612673591428921,0.06069251954188453,0.09392411561423983,0.09005265250975136
0.0088241197812238,0.02198306855593661,-0.05142877025354953,0.04968992763428309
-0.05158249005674411,-0.020481107332001917,-0.1883657349852153,0.018506360872460135
-0.12138505329936755,-0.06098614758111086,-0.28113888934907605,-0.0019352412135658038
-0.1719262749982165,-0.09452291161487292,-0.3071065359244929,-0.015507634562709214
-0.17921171507103983,-0.11696455098001102,-0.26367722560724816,-0.028634078023336545
-0.13212143487364275,-0.12512979786286715,-0.16845826917223755,-0.04647783057424784
-0.03646507475784502,-0.11707989911192164,-0.05263488022332531,-0.06989417993621308
0.08643655136704098,-0.09278180654779886,0.04994938835895124,-0.09446608565217127
0.2060958969182276,-0.05493341950290652,0.11402912864763257,-0.11204400893007563
0.2919548628817149,-0.009467016333535614,0.130474488070411,-0.1141487969043456
0.32222932574003105,0.03481082870504481,0.10764528231779227,-0.09580610349789433
0.2897248165858392,0.06774903384283573,0.06639581708760509,-0.0581817039980039
0.2029991029586547,0.08039206511016667,0.03094852950855951,-0.008859597301532714
0.08287430473076439,0.0678570086727311,0.019302655063465273,0.04044156602304205
-0.04419551799667408,0.03154285125721297,0.0368433799521797,0.07786864443333602
-0.15353185558126625,-0.020300656742069732,0.07540666140193353,0.09558627173979019
-0.2280708430386314,-0.07417351426271049,0.11782303951736348,0.09242386168140108
-0.2611133081244831,-0.11489043038901721,0.1458075316430651,0.07394048917287348
-0.2557077245673286,-0.13013869834775565,0.14782965602875997,0.04986072281573177
-0.22155197255713704,-0.11455961547685017,0.12375072684497841,0.02990529549905001
-0.17096518993408252,-0.07188226137282515,0.08445529066458862,0.019719672934303763
-0.11546282349980695,-0.01418753572763355,0.04681693082925098,0.01860691179362215
-0.06386947133295234,0.04167411714310297,0.02625338998739058,0.020078827177350926
-0.022050721586744225,0.07946677679260612,0.030066247246764523,0.015109208538792373
0.006367646124454718,0.08898968915383931,0.0543599550973049,-0.00315596729946218
0.019203571968098746,0.06963967002874952,0.0857813281209074,-0.03515200818323387
0.015528481585685186,0.030770848621360168,0.10727259225804106,-0.07296931869153582
-0.0038025559236211023,-0.011421672609944,0.10534542836777515,-0.10179560609176243
-0.0353771132889395,-0.03953838505342011,0.07576065431250584,-0.10450713456855815
-0.07298303912105783,-0.04122953878387965,0.025194306777010296,-0.06793653421786222
-0.1085101851377771,-0.013859086911857176,-0.03180808511232444,0.011411609433627116
-0.13404876952581685,0.03415266393512381,-0.07926417769950142,0.12437806714429306
-0.14454479872070325,0.08591981170612381,-0.10677760080885429,0.25021591406083343
-0.13989908516136895,0.12184551219770204,-0.11406223181885944,0.3616387768777868
-0.1254121675057248,0.12661559307635514,-0.11090853286930023,0.4323711827062079
-0.11004173947631643,0.09499997667990462,-0.11247034403670814,0.44479876190737955
-0.10285469142415798,0.034374535578609186,-0.13179495647767875,0.39522196916998814
-0.10893919994963333,-0.037030743627163944,-0.1728059893168727,0.29499331219696406
-0.12648289964241466,-0.09568126390815809,-0.226909437848543,0.16719065589272114
-0.14646574340990595,-0.12027728912838266,-0.27499917897240445,0.03995951919165462
-0.15548830186841994,-0.09875686791064218,-0.29442456095863706,-0.061277248976233274
-0.14098225254232666,-0.03239132673350384,-0.2683427620269394,-0.12025903680259467
-0.0969371728938424,0.06441541621611892,-0.1937053690866637,-0.13306609799055338
-0.027816457202867094,0.16854664347617518,-0.08444806788610106,-0.10732585913268419
0.05121117380384381,0.25530107370790545,0.031802565709013186,-0.058109789120333905
0.11832205247276,0.3058213859162877,0.12267077356858345,-0.0022369454654819574
0.15230891848641429,0.31236412841508854,0.16247900692443693,0.04692633182108605
0.1406066707213453,0.27975453672588235,0.14189740988559305,0.08248124509270433
0.08504014129490686,0.22272744766124136,0.07198530514855331,0.10411402921313234
0.002834570212385587,0.16027654735081834,-0.01917431976816996,0.11575823001450444
-0.0779879807066305,0.10911308677963272,-0.09625995099383128,0.12212831168498145
-0.12764679249386607,0.07853609337444442,-0.1294356287504659,0.12574592380847505
-0.1251239345552075,0.06839195964162705,-0.10531293519692447,0.1257084394206876
-0.06642851722672977,0.07060538301806907,-0.03200650917414011,0.11859723852066917
0.03257899757528511,0.07345039886343387,0.0637059691898445,0.10095720518887416
0.14020853513372336,0.06678348869198003,0.1461567577638057,0.07209594554581067
0.2188147619074911,0.046214047933124336,0.1839062086415213,0.035821057664269004
0.23736729488691113,0.014704016595520192,0.16132995397030636,0.0001956478706814091
0.18244145760541253,-0.01885574852493204,0.08435248245884275,-0.024754890481117016
0.06373255212753731,-0.043369195305096864,-0.02180030157729312,-0.030563966126812732
-0.08801394245959392,-0.049991527031501275,-0.12195222173314721,-0.013694478497061364
-0.23017057903436783,-0.035548517350463535,-0.18388570042352823,0.022617698494861085
-0.32152866869296637,-0.0036418911814413927,-0.18994745618089526,0.06886252784735236
-0.3352922562106204,0.03686487490449725,-0.14302641106727462,0.11201407592470214
-0.2674004442873662,0.07523525002761577,-0.0647530053884752,0.13958932664130907
-0.1374199806308078,0.10266745459817307,0.0132600434661823,0.14354266194798126
0.018181168280360233,0.11497150515589824,0.06168867407061224,0.12259485161232142
0.15795656278892145,0.11311014804596616,0.06455114839440547,0.08220121935494024
0.24845338347413937,0.10154573231977249,0.024854496683738563,0.03226914408062394
0.27385249213692814,0.08528626898792074,-0.03722299489013123,-0.016419261753710654
0.2392061449290504,0.06707870162743795,-0.0927786688582105,-0.055670275072141256
0.16655437470922557,0.04611783723325097,-0.11589506214399792,-0.08193128415816966
0.08572008764350075,0.018949545646357202,-0.09403814710345429,-0.0962616611089615
0.02335675113097755,-0.017771947015048233,-0.03313233845327429,-0.1024281280431603
-0.005765105060878959,-0.06393140684169404,0.04460812634857368,-0.10410263736109074
-0.0022945677310897278,-0.11367714716274674,0.10921317168220888,-0.10249158972103438
0.020210701938080083,-0.15559265576659614,0.13455197350977144,-0.09551179412288541
0.04243168011426296,-0.17574293612861613,0.10855056300125418,-0.07893760330322787
0.04801740163133755,-0.1627903992696993,0.03816009830208508,-0.04905833642036703
0.030425922801378055,-0.11334532070755922,-0.05277464426584968,-0.005672416880357942
-0.004680379679303206,-0.035335654815066606,-0.13191476248560416,0.045992207693366954
-0.04219937870247663,0.05233256946592211,-0.169945338600688,0.09548731780272675
-0.06419303082719038,0.12431368117757013,-0.15097082875892515,0.1297161667948794
-0.057566991690906,0.15647758685502267,-0.07805388479991798,0.13712579027946456
-0.019741412388084294,0.13427913109810402,0.02796910429697401,0.11204085005166506
0.03988905547459796,0.05889838484885673,0.13577736174238042,0.05746870171602731
0.10320411925846373,-0.051283047969598955,0.21418254748856708,-0.014837463837099031
0.14997333966526982,-0.1648567507185586,0.24224383403754243,-0.08731412527178671
0.16523328071412566,-0.24628048209505726,0.21543768840378597,-0.14167213701131265
0.1446031965620944,-0.26683505452632944,0.1460385386283179,-0.16444451619142963
0.09559072861500888,-0.21410131703016516,0.05801705589099666,-0.15107250060085664
0.034530978134580156,-0.09671895384120063,-0.02136219313914229,-0.1070735997121554
-0.01952791062664727,0.057363495755289734,-0.07012792250975758,-0.04585448315212022
-0.05157846700454699,0.20881268868294128,-0.07752690410098367,0.01606685317205188
-0.05550294040990415,0.31859314344174566,-0.04569694081113369,0.06472490091118485
-0.03532583828092692,0.35968410672141027,0.012823998852938966,0.09322569179145104
-0.00264079578537978,0.3250407922804489,0.08024321640246355,0.1035068889784159
0.02853865290269742,0.22923086580486896,0.1391459247604141,0.10473672068707224
0.04733686356294023,0.10327532570485362,0.17670484206834797,0.10898724823474823
0.04979123491933837,-0.01552089346837631,0.18649687972447365,0.12582486534340073
0.03949240392103805,-0.09532691308924565,0.16809587785273244,0.15786526292882008
0.02506771243962804,-0.11925457132307399,0.12543636226757837,0.19899054955841422
0.015757873022768883,-0.08952820508248349,0.06514045564853138,0.2359501551139429
0.017044542567128063,-0.025218450811156576,-0.004430070397582702,0.2528228214479792
0.028170158206293663,0.04538865287221064,-0.07339709752552181,0.23676068245286377
0.04253064023898159,0.09494610248780828,-0.13052564887291987,0.18295384014600657
0.050692318425620594,0.10615522419598641,-0.16417558581341246,0.09701853548606301
0.04469784567951472,0.07679721305525103,-0.16451256758840196,-0.006076596496981914
0.0218183780973385,0.0192217495363199,-0.12665436531608032,-0.10620874762632945
-0.013830639769231382,-0.045165261099946584,-0.05363585318121173,-0.18399585247560735
-0.052492816842925644,-0.09415464678111887,0.042286617686466646,-0.22639197466933092
-0.08231861236826074,-0.11263766230661887,0.14114577620252933,-0.23013363611187954
-0.09384282720309713,-0.09738580266085196,0.21978123584820908,-0.20197993009238244
-0.0836267485891442,-0.057224848079161034,0.25831513335944,-0.15582623096550322
-0.055662281517820565,-0.008875153140712034,0.24653854728406666,-0.10783570791801002
-0.020042007881003708,0.029717296142876545,0.18787623541929066,-0.07134679475621164
0.010531811066308709,0.04594241171919865,0.09922640269187845,-0.05327670228378295
0.02502761609263929,0.036583891062090534,0.006346265159319223,-0.05309408938087115
0.017560577481013452,0.008073589638649521,-0.0639209474738843,-0.0644419982240573
-0.011115588476380943,-0.026843706506184794,-0.09203707098594424,-0.07853484620396356
-0.05443321006302704,-0.054484306383741625,-0.07188688488718104,-0.08788155032376574
-0.10257231719757466,-0.06542657511873698,-0.012455930143226983,-0.08889325648048899
-0.14558191425463737,-0.057558322144672554,0.06553770412587559,-0.08248638665062608
-0.17582515504767127,-0.035975933474552316,0.1368433506599467,-0.07265262781736138
-0.18897993759966997,-0.010055529876008702,0.18010962656659535,-0.06379140664423238
-0.18357891811193658,0.010875442705968316,0.18453416884735613,-0.058067885065748205
-0.1597558407381387,0.021368454216789998,0.15243780728718415,-0.05399862197530705
-0.11816760701680679,0.02161797448634499,0.09704538200918211,-0.04691561952241642
-0.05985418121581135,0.01655315028445572,0.03657099014553676,-0.03114619215051089
0.012810284825191956,0.012826087931268857,-0.012946481058917051,-0.0029990367492730846
0.09463392246617484,0.015159777396885813,-0.04324927439118208,0.036734474858691205
0.17661154550588026,0.023763154172362695,-0.05584569357460552,0.08191494858925605
0.24639834674882716,0.034022551131652055,-0.059845432535493154,0.12236360310652244
0.2906677308017893,0.038655310600734696,-0.0668072700825753,0.1470290287488787
0.2988929421486814,0.03139925190480397,-0.08492351890348829,0.1479300851902027
0.2672884041634587,0.01058604606081426,-0.11503976755237398,0.12341427174904847
0.20129572311165167,-0.0190760099600172,-0.15014480664388835,0.0794366577558079
0.11531490727614704,-0.0474782771454723,-0.17844228678156882,0.028228632626389333
0.029304135384581473,-0.06266088136386516,-0.18857948763941262,-0.015345308867363117
-0.036925525404469944,-0.05561961969502263,-0.17470565673472602,-0.03858702558149578
-0.06988548873552411,-0.024429444843605132,-0.1391387845240238,-0.03529452054706585
-0.06683985618633835,0.024098248527410788,-0.09148423335007774,-0.008093138410404167
-0.03673324305980008,0.07609794043593102,-0.04461344322588424,0.032118848905014825
0.0029590789387846927,0.11522939697049243,-0.009302517909802455,0.06952783431299109
0.03254077133607753,0.12851245483088794,0.010056771180234717,0.08852161848948206
0.03740352791250627,0.11118714959802332,0.016706595577958366,0.07890215069310152
0.013680603078671954,0.06865521873644703,0.019098866796418344,0.039470514790302384
-0.029926354723195586,0.014638138809485099,0.02582366834910677,-0.021219061172716276
-0.07499186912504344,-0.033845255348947494,0.04018861907967723,-0.08721485533626075
-0.10002474625731264,-0.06279688629141772,0.05705553610771895,-0.13989657633561586
-0.08863157174858687,-0.06639364804023071,0.06370256226120623,-0.16357588788673422
-0.03623374937209842,-0.04890547698833319,0.044797293043607564,-0.15020195620804333
0.047184666577830756,-0.022534852442740436,-0.010282767445736196,-0.1017187538471632
0.13944989877887204,-0.001947387625708591,-0.10077773496236081,-0.029395577147201427
0.21301706777215412,0.0023712051087305813,-0.21156402083163472,0.0495780827146035
0.24394283373849843,-0.010769066418638637,-0.31566937746386114,0.11709943654746627
0.219910459184246,-0.03188331400602265,-0.38199234415285693,0.1591792452791136
0.14450623582806438,-0.04398164636909825,-0.38578240901229843,0.16948054734075335
0.03625297794270939,-0.029311644244794963,-0.3181029386358493,0.15040673490350173
-0.07725512626811094,0.02279613041242596,-0.1905707262693898,0.1115923136291703
-0.168069335402594,0.11004828891851706,-0.03319939422981229,0.06645752271956387
-0.2164537350694722,0.21577501498164492,0.11435372899452098,0.02802907390066832
-0.21642797435099262,0.3129164021033617,0.21534278414302205,0.005348931674480688
-0.1765480065261116,0.37233622369399466,0.2479425356034538,0.0014852907101708217
-0.11590184144909432,0.3726927522347907,0.21238569191004147,0.013559251154018247
-0.05695412283081598,0.30836209755994143,0.1305483002804756,0.03452742838555785
-0.017879029004361884,0.19245017191919925,0.037997754697303175,0.05594088613240601
-0.007040527445614515,0.05358469316493601,-0.02872889759837157,0.0706898208680099
-0.021351208976236817,-0.07263332693021428,-0.045071331740874125,0.07487947703271303
-0.048750306880444766,-0.15471222663220635,-0.006953093175244902,0.06838339874880749
-0.07356152922033118,-0.17512652413939372,0.06821001960775992,0.05412078982803685
-0.08256245936473891,-0.13557135147599858,0.14831724798245327,0.036522765570258534
-0.06952627965891733,-0.055833371767659665,0.19865990946620554,0.019852122920879678
-0.03675266266315551,0.033266857206713504,0.194806319344649,0.006978296201538385
0.006651580308781522,0.1003385745747565,0.13157569223592808,-0.0010622825492171573
0.048752879653427936,0.12361724214247505,0.02487133034961253,-0.004744958183710142
0.07929468020085118,0.0973966828041275,-0.09418951641036824,-0.005293146286349866
0.09296934161046921,0.03262497021509925,-0.1905724678468691,-0.003915495943507576
0.09036717645455056,-0.04826986673044533,-0.23782090460724709,-0.0014099896413983654
0.07654536685475416,-0.12019887241473695,-0.22716833819013738,0.0017291560093904267
0.05812424130413542,-0.16452133279081305,-0.17003692892459055,0.00484079151031178
0.040330365691723796,-0.17512361267866416,-0.09320258981744732,0.00659905841559753
0.02528650275862957,-0.1594019760394953,-0.02861765056564541,0.004859584620139509
0.01218606675602215,-0.1340635092446195,-0.0017755446178456015,-0.002924980433191962
-0.0009085621318397769,-0.11760752160320323,-0.02289593491249461,-0.018761148608038947
-0.014647082797143322,-0.12253669853849011,-0.08400404964448566,-0.042959201042850004
-0.02662969885265837,-0.15034370759900442,-0.16268086678891752,-0.07324828659368546
-0.03128114782783846,-0.19115339497234335,-0.23077261095835316,-0.1046195823102894
-0.021600923672854364,-0.22804128786247346,-0.26461038137018134,-0.13013433408411218
0.007827056795359938,-0.244219571790991,-0.2529251425619107,-0.14258882708129744
0.05779440824544027,-0.23018294906956918,-0.19972509341584194,-0.1365855927514098
0.12273368069476054,-0.1879506927204591,-0.12145203635252765,-0.11035282979611588
0.1911752661123938,-0.13069753409179735,-0.039922093662833016,-0.06667185763901769
0.24845236749666672,-0.07787910613244606,0.02596033231317431,-0.012525211608716006
0.28083175657013304,-0.04772473903759451,0.06648046219730616,0.04251202480707262
0.27966899533665524,-0.050011891161389516,0.08316622021682327,0.08868813254253954
0.24413558586172754,-0.08195466793104228,0.0862144336132564,0.11855793666337433
0.1815605155304177,-0.12886685661894215,0.08874191500437249,0.12874966536494425
0.1052753527908965,-0.1694457095991877,0.10047079736772796,0.12046017543444723
0.030724230966782725,-0.18375627068905204,0.12349596331194168,0.09855069281447526
-0.028829146113583396,-0.16094638641554626,0.15174667960541488,0.06959457639569763
-0.06559640643229817,-0.10378554185517229,0.17411997608506366,0.039589305092826696
-0.07859437201926082,-0.02827229970119877,0.1797267973802688,0.01215457840525962
-0.0727903845053188,0.041635783479767076,0.16288098779500054,-0.01214757115936102
-0.05660678164205754,0.08232256391462633,0.1256806648423569,-0.03515463433180744
-0.03882323263032251,0.07888115250485159,0.07714993743584098,-0.059396527569038404
-0.025982118316483747,0.030553309952321285,0.029425960940055642,-0.08603534562048451
-0.021057859367281457,-0.04870359206553994,-0.007259827129292656,-0.11330379346913706
-0.023572217177000383,-0.13472406102821888,-0.028575933303730695,-0.13613492267012756
-0.03077635487696175,-0.2011258080164435,-0.037319845765677075,-0.14725056691519917
-0.039197204825482355,-0.2279958552971191,-0.041378137460754034,-0.13943258094744923
-0.04586109930439615,-0.2082932063549694,-0.049360867919618544,-0.10823494463159915
-0.048810307438183126,-0.14985059924719418,-0.06588893342888043,-0.05417872271336878
-0.046948468155544744,-0.0724313884793493,-0.08869213982393248,0.016407393985309854
-0.039583332620632794,-0.0010036273549160722,-0.10891670114394691,0.09231316292640548
-0.026131437927214552,0.04237311403472785,-0.11465865412201556,0.15996476642849958
-0.0062817639408383665,0.045302766347379717,-0.09631536346648452,0.20681447756190505
0.019415764693684598,0.008315745351085787,-0.051486414312805734,0.22456965810314522
0.0488888274942198,-0.05618794142430117,0.012764522358155228,0.21126174072019993
0.07829531479281417,-0.12864068184226868,0.08146316486267483,0.17152508616362167
0.10254830133364604,-0.1888172355676677,0.13672296783875781,0.11503411222850478
0.11662578210153396,-0.2218742990494336,0.16436267479482763,0.053635081470033694
0.11727003599806624,-0.22201868687900594,0.15955547026221398,-0.001894786376972133
0.10440771270045138,-0.19289825349273837,0.12918464078081254,-0.04445466094229
0.08162752801187396,-0.14501701204786824,0.08979013688297856,-0.07185204343374892
0.05536421015401602,-0.09144833053239759,0.061686532817601204,-0.08641581316550002
0.03294345693819352,-0.043534926714165145,0.06135247355050433,-0.0932963502273971
0.020135878101084945,-0.00803119109840222,0.09493135294544693,-0.09816531119279491
0.01913189823594099,0.013582807813084588,0.15533903948086922,-0.10515693185964504
0.027753432055728805,0.02378411581956754,0.22416503242322638,-0.11571661670702481
0.04027759297803145,0.026571854460580403,0.2777737142838914,-0.12862547599247048
0.049625899451909844,0.025087234035795207,0.29544167862996507,-0.1410124139959278
0.05011741884691981,0.020259739717960107,0.26660414634198193,-0.1498224354895082
0.039727873938139216,0.010893361991225328,0.19461456261296128,-0.1531017745328079
0.0209566333639528,-0.00504830298093141,0.09571247477917341,-0.15061092216102365
-7.006890573763198e-05,-0.02868214693151229,-0.006352244800022708,-0.14360737994452016
-0.015940615175923472,-0.05883017607185716,-0.08804073736310891,-0.13400587247527315
-0.020845705975795374,-0.09165519995965671,-0.13332049145843328,-0.12337312622647897
-0.012882986311112777,-0.1214618999164332,-0.13803091580208643,-0.11225010488097154
0.005132616912997708,-0.14231927455470267,-0.1099872399200332,-0.10011204194176594
0.02667800135871922,-0.14984103120805398,-0.06509230355776865,-0.0859627397947009
0.043954013682947934,-0.1424347721390603,-0.02113868529351255,-0.06925504710095987
0.0507782126458521,-0.12158463930475999,0.00831130662057273,-0.050668638190588394
0.04479669657552444,-0.09113886831247664,0.017807461368534488,-0.03233061328429317
0.0281561774726123,-0.055955530059597906,0.010510492650858379,-0.017311948949103755
0.006408438682953037,-0.020464464422809497,-0.004472387709701644,-0.008566631344844306
-0.013859616779021894,0.01233490130476039,-0.01653040506900799,-0.007753458726863163
-0.02766332131296398,0.0411612345240735,-0.01785768432974616,-0.01446835178021083
-0.03342529970719376,0.06606898942905909,-0.005981772246175434,-0.026269574638656402
-0.033217220625211166,0.08770208467128823,0.01623751303280617,-0.03955156589298658
-0.031384880975327226,0.1065854524714464,0.042773933876445486,-0.05094875824955379
-0.03220554687940555,0.12276379533683426,0.06753919800347934,-0.05869038057905238
-0.03765423840019823,0.13587743514678333,0.08693132631052773,-0.06330241548209899
-0.04632041834169491,0.14553146100090733,0.10073009412698859,-0.06729125900455891
-0.05402245702655124,0.15167672814004116,0.1110946270445001,-0.07386170010421597
-0.05591415825725088,0.1547381595791214,0.12032946898570747,-0.08515363589599775
-0.049182325185867945,0.15538038559442424,0.12865106171614363,-0.10074375663723374
-0.03510049527052008,0.1540119447457876,0.13316499166561724,-0.11712465076864861
-0.019393686836812953,0.15029143032984177,0.12867665660848593,-0.12853307346025333
-0.01052933902522565,0.14293136882039534,0.11007377655144605,-0.12896693397364992
-0.016426254114793586,0.12997932691778283,0.07523679364199587,-0.11471033641340812
-0.04080831995955726,0.10954176331300003,0.027106562077051647,-0.08639219245654123
-0.08070579094750582,0.08070174452621687,-0.02617580484636752,-0.04967573760874901
-0.12628012044284093,0.04426600189689735,-0.07335388388122287,-0.014116572143853947
-0.16331507790301536,0.0030159905158270196,-0.1037019153744686,0.009608161272165308
-0.17768466316220038,-0.03868092659197455,-0.11084658401883332,0.013250067094074842
-0.1602800866297046,-0.07579626126485414,-0.09521600801667454,-0.005906107482251469
-0.11059374432162912,-0.10378901133742521,-0.0640508587275628,-0.04355037748831443
-0.03755613333105418,-0.11958625675431295,-0.028860405130370383,-0.08913353586530903
0.04282327282508486,-0.12208543195957915,-0.0012365653799195075,-0.1288166841952711
0.1122961688392653,-0.1120727636736286,0.011373287377995256,-0.14968634958126456
0.15604914911998785,-0.09168870006739552,0.008280885705746043,-0.143842643641833
0.16722541683000045,-0.06373445998568021,-0.0044779259696155795,-0.11095815615475568
0.14870625216635427,-0.03113348520952236,-0.01681712594260993,-0.058402775025851235
0.11155756460542804,0.003267139657711294,-0.018844736984542438,0.0011318675723868063
0.07076590997620225,0.036583506614272204,-0.004970842181866955,0.0536937751285212
0.039871752783824876,0.06569183928565242,0.023779675063090457,0.08840286506912445
0.026481623326963258,0.08723419773578986,0.06018709426925952,0.10054563393994165
0.030264182123299736,0.09804593036952186,0.0938171110783299,0.09237935204846527
0.04405593535750362,0.09599980026440058,0.11533863812623142,0.07143627613800115
0.05750078580143295,0.0810064264708986,0.1203946508844205,0.04704036406779262
0.061689164742932734,0.05573899063430668,0.11140408956585725,0.02640648018510773
0.05291649878869808,0.025655231183145027,0.09650384746352567,0.011836378544408721
0.03407641695157304,-0.0019067141461799018,0.08601104758118527,9.77840285224154e-05
0.013180141811391023,-0.019444646512894175,0.08782553851207375,-0.01577151010113137
-0.0003383679665571685,-0.02136459587411036,0.10367463876420913,-0.04293827739112655
2.5404287539000994e-05,-0.005748359895343946,0.12781842313877234,-0.08492004776541004
0.014665039248115203,0.024814226116284005,0.1488811277300895,-0.1389621332746807
0.03721683733305353,0.06368601300164911,0.1542203604160919,-0.1957762388361397
0.056796669639450965,0.1018677552577412,0.1351867552602213,-0.24189923505364946
0.062299532813453455,0.13041449366289332,0.0911911993176675,-0.26393604281345706
0.047083319739089864,0.14282732769963297,0.030875039771285223,-0.25320592054765867
0.012153784994769871,0.13666795751778138,-0.03025629227380628,-0.20910114677298422
-0.033495101485883444,0.11391521797752145,-0.0750231688604939,-0.13987980681946022
-0.07565398414584779,0.0800231948824629,-0.09075081972410702,-0.06050771540556456
-0.09984926519303713,0.04208410096471161,-0.07415176666807405,0.011784130018554398
-0.09667333187471105,0.006779964773077754,-0.033031646246461925,0.06273488935531492
-0.06550563969592982,-0.021176033366433117,0.015936621265336563,0.085294617523415
-0.015200034680778046,-0.03965231968975931,0.05269433056903953,0.08142700945700701
0.03858115049979348,-0.048710677815003586,0.0606531999166654,0.06089037537536221
0.07847617888162096,-0.049555762262517,0.03251636958620875,0.037475921270650116
0.09117453736345409,-0.043391184336566954,-0.027000352038691885,0.024063588032214797
0.0717844097146089,-0.030730864990885946,-0.10251848550075551,0.028239746779173826
0.0253124451181944,-0.01146185961434089,-0.17295095246317357,0.049977186065114476
-0.035190941551928104,0.014416934091715534,-0.21833394171091397,0.08210574861831368
-0.09307476541611814,0.04578619347074926,-0.2261828364059223,0.11329177715560122
-0.13348848426327545,0.07968132020189408,-0.1952362781141927,0.13236676690046642
-0.1478482048146456,0.11130597028671876,-0.13541710897573644,0.1324134261953461
-0.13590762289924652,0.13493319114432845,-0.06418391175802138,0.1131724720517456
-0.10490871577582155,0.1454585435049745,-0.0006792605025465193,0.08099844779636609
-0.06635522586461529,0.1400665147033595,0.04023449970378146,0.046505738398204634
-0.03175005977284008,0.11937879994599623,0.052044647815809975,0.02086315062895233
-0.008886489420545091,0.0876133342813835,0.037540924634673255,0.012122018148302013
7.281783653464904e-05,0.05163541433172924,0.006600820369280398,0.022860973976742586
-0.001723173700283475,0.019187408052032395,-0.028128647027510542,0.04986548855034824
-0.007947610282419294,-0.0031193005773614488,-0.055927528928279936,0.0857678780945502
-0.01199167561503869,-0.011393529839656835,-0.0713579093542138,0.12186423723040471
-0.009415728256992916,-0.0051538929241373085,-0.07518674597308186,0.15096238466270911
0.000913130854693904,0.013013453969618047,-0.07277264640753775,0.16921707316792994
0.017214992256216408,0.03858377811124968,-0.07077315383704659,0.1764073062933302
0.036271839026761926,0.06650971037262493,-0.07361135916012079,0.1747855937593487
0.05512796270197088,0.09238871440507705,-0.08115048473824307,0.16720055989289417
0.07217377363189319,0.11303161915347323,-0.08848885795896481,0.1554358935257534
0.08716550123819154,0.12639585958938865,-0.08793061566215729,0.1395356829106376
0.10031027466797779,0.1311460347970687,-0.07234070663708744,0.11838647194489912
0.11103237093579282,0.12625409554433548,-0.03856738926685038,0.09122050992665633
0.11720708288639078,0.11098642623740107,0.010408836643328777,0.05925388313031847
0.11542486928772441,0.08537745786431088,0.0654731480641472,0.026571885929018366
0.1023314175609408,0.05097593774245135,0.11361889074195725,-0.0003299418657015593
0.07651585482418789,0.011421569535234405,0.14173354093087603,-0.014365578757895264
0.040058511581192835,-0.027614766862440954,0.1406844057427216,-0.010438489436342395
-0.0011164082695325206,-0.05938242897066756,0.10835185814060469,0.01221795614166929
-0.03849685539227264,-0.07777484926356196,0.05060528975932246,0.04894383361088683
-0.06358226765734848,-0.07932187068333701,-0.020111867986336386,0.09039352749828587
-0.07092805963104001,-0.06472210807927109,-0.08815867497355562,0.12503008548632213
-0.060431992030539214,-0.03923880407330895,-0.1389995381146593,0.14260388389214393
-0.037839373921658,-0.011620398979433764,-0.16313424070462557,0.13742473079466877
-0.013070686829413343,0.008277928742086332,-0.1585006406331625,0.11025298427382121
0.003180650160230041,0.01249230353478106,-0.1306854026113054,0.06809760138648077
0.003403786947320688,-0.0024051560382733553,-0.09094904806001447,0.02195192237093397
-0.01370675470731679,-0.03394363883698573,-0.052715273491241374,-0.016755455513675938
-0.04238687585810769,-0.07421503065118785,-0.02760273891800745,-0.03974984299786077
-0.07156537191106344,-0.11209859731457075,-0.02217483724789137,-0.04428570414453023
-0.08873927208169992,-0.13658125549143021,-0.036334059414802417,-0.033509425437532124
-0.08461628485398157,-0.14011493282592702,-0.06377569902429792,-0.014760104653845179
-0.05682615009146214,-0.12092279207718451,-0.09429493283917512,0.003481530274249321
-0.011283646582340594,-0.08351191249843729,-0.11719253732024726,0.01480299115863093
0.03938683896573596,-0.037249376794969105,-0.12470576735175795,0.01701059094367045
0.0798823042568513,0.006501343223426655,-0.1143950697499953,0.012441493251092943
0.09730783488015382,0.03773074270329568,-0.08974581387435594,0.006389333784959813
0.08550808454574466,0.050548624546546225,-0.05880432313739613,0.004336253998123568
0.047089814774234184,0.04453917920128138,-0.03129457303039468,0.009148878397981633
-0.0075825161945696495,0.02438911526153926,-0.015163648368296291,0.019405884973782525
-0.06403202948984718,-0.001948548068887876,-0.013716349420282895,0.02957722731132654
-0.10861038111661592,-0.02584739377115207,-0.024339309997591305,0.032042879088234374
-0.13293445295539894,-0.04048174518370603,-0.03931407458508775,0.020204793177498744
-0.13623666048414462,-0.04244834338107101,-0.04852251827295638,-0.008506872277715634
-0.12485037227702335,-0.03217166728010529,-0.04317901974354077,-0.050927477502886245
-0.10913331696979285,-0.013170854846592743,-0.01931271475583529,-0.09848261302474144
-0.09908013708324642,0.00938494318735723,0.020269129416742575,-0.13952691355566488
-0.10033392141116944,0.03026089112920114,0.06635066550701144,-0.1629292141170734
-0.1121088930231476,0.0453873727357076,0.10604833720765786,-0.16166485018653173
-0.12776738562921086,0.05247889270186174,0.1271156551285123,-0.13515982673874674
-0.13775546383615267,0.05105430576016473,0.12238462149260382,-0.08957457694162504
-0.13369389600127188,0.04206694866344907,0.09276162032299855,-0.03594881439877684
-0.1119904683262604,0.027409218085989215,0.04759600521177264,0.013121265309558941
-0.0755450171796576,0.009481847850301366,0.002092250170323308,0.04711274132894877
-0.03287392306174517,-0.009119188620465273,-0.027533009217277703,0.06029643588138105
0.005009529217592913,-0.02585880391083077,-0.029597913865561064,0.05271741575909569
0.02874843537784637,-0.038550695187581446,-0.0013037123618433871,0.02927310641369858
0.03421440928939883,-0.04570116707128947,0.04971326868628416,-0.0025828211219046035
0.02410109584551474,-0.04682404486394725,0.10733262624652004,-0.035530532354255046
0.006894371556656578,-0.042564873804316464,0.151919342106558,-0.06443566240124204
-0.006425790655322276,-0.03449009171217182,0.16674662784616157,-0.08708017726997835
-0.006729655129294729,-0.02452126986696012,0.14372859879527217,-0.10348831879342796
0.00950260691633906,-0.014176533957301294,0.08647154250644408,-0.1143622954931861
0.03843624564071373,-0.0039294551044309865,0.009510743666205204,-0.11949965193965403
0.06985083964954761,0.006980255314042727,-0.06611615204675189,-0.11703845475621225
0.0905323502474236,0.020091724918359238,-0.11954124010859073,-0.10398181602437015
0.0889163244153047,0.036703166877640844,-0.1367659030052882,-0.07785359957719648
0.05935521870665883,0.05666231180578995,-0.11513046654598477,-0.0387807777113344
0.004511889671794476,0.07752281401988081,-0.06404481945683425,0.008980488087369655
-0.06496260313831287,0.09458132294637112,-0.0017509854992885376,0.056930789580458614
-0.1333701086628933,0.1020239604923181,0.05074907782726696,0.09398029901768953
-0.18454481589981783,0.09496460610550536,0.07650574648174252,0.10953091761012657
-0.20656699356343128,0.07171975809639014,0.06785943914404155,0.09703113797126803
-0.1951102210005793,0.035426635021105685,0.028384120360664976,0.05674854198458003
-0.1544256380049337,-0.005794602460227942,-0.028994386049097723,-0.0033389525517833613
-0.0957743473354947,-0.04049617722384426,-0.08688828965597144,-0.06905416966023868
-0.0339394432028059,-0.05708663283354738,-0.1295089161211616,-0.12364785514247134
0.01699319666900018,-0.047623848052922746,-0.14773036976758108,-0.15250260899871157
0.04726654613501796,-0.010938933699347179,-0.14144617160925055,-0.14744801118693315
0.05348239449586222,0.04610306291842532,-0.11856834995138242,-0.10928436208863934
0.0386134552434678,0.10985888977235132,-0.09126983201241706,-0.04765621094283388
0.010246313599010591,0.16349711370466125,-0.07104566292285783,0.02173661480167224
-0.02218892408630785,0.19189924812590253,-0.06451342244212743,0.08173905629071254
-0.05024279816310685,0.1863149328541362,-0.07148158385617914,0.11871273115560951
-0.06849096586327517,0.14720526581953072,-0.08586139776462369,0.12632688737585038
-0.07533339867613398,0.08425826482294947,-0.09886690023956328,0.10701159883406557
-0.07253700097402617,0.013495833750518608,-0.10307992200815118,0.07068430314331865
-0.06389083239718962,-0.047611899702785926,-0.09568013190224417,0.03123973463406617
-0.05354115554421237,-0.0854109488684449,-0.07954420013248431,0.0019907746843511615
-0.044560649466686995,-0.0939535972168846,-0.06182544863043746,-0.008460516224804007
-0.03812909695925734,-0.07624218247689621,-0.050664904376849985,0.0013612442208376062
-0.03345232063220087,-0.04248819110212895,-0.051440786925749694,0.025782832775299393
-0.028315389121991025,-0.006098316338311267,-0.06413957810139972,0.05424035616475186
-0.02001771396994817,0.021117560383855635,-0.0829654808697608,0.07498235033789373
-0.006389705134844187,0.032790795581856505,-0.09838954069859213,0.07896677092915964
0.013375965654725513,0.029567578073988666,-0.10084476373926074,0.06270653897273759
0.03826660837076795,0.017967819297398362,-0.084597630112902,0.029220993616570493
0.06546047871790106,0.007107385329529897,-0.05023867647264882,-0.013102857638492785
0.09081010720944496,0.004640495401667867,-0.004769739570017403,-0.053266939036500094
0.10971296003748184,0.013524669978391406,0.04078956958782889,-0.08108782603714858
0.11819819685466557,0.030838925310597835,0.07537294070614327,-0.09019584837042836
0.1139846278212967,0.04905021229814921,0.0918842303310545,-0.0797163594961866
0.09722833007109988,0.05915351628957556,0.08970030679293539,-0.05420717226040932
0.07070900873482566,0.054385911192474226,0.07468429098580714,-0.02198682613549418
0.03932018926739668,0.03301363260872049,0.0567016035973007,0.007536215647240777
0.008917901950758065,-0.0009138431682665996,0.04560460784201244,0.026670995164992127
-0.015202891439797965,-0.0391197646223751,0.04725071487502494,0.03155268827502095
-0.02976986713234711,-0.07231208129340853,0.06111071497027484,0.022989169027087204
-0.03445707857436364,-0.09373486553498091,0.08041257646069386,0.005895184238123324
-0.03191719247237706,-0.10161187048600814,0.09478851494836318,-0.012417416740469714
-0.026836623505603965,-0.09948783552886901,0.09442738825570783,-0.024521914841849922
-0.024262790736348367,-0.09432953183089463,0.07415116261417162,-0.0250467361761528
-0.027736418059875746,-0.09316689630861341,0.0358544909460525,-0.012136612765798777
-0.037880289159899785,-0.0996668331089986,-0.011641332969147192,0.012148482604027375
-0.051985428389296,-0.1120893512599085,-0.05530169120749045,0.042534120077795015
-0.06481447451543537,-0.12354710962178678,-0.08218752277160134,0.0720724655593828
-0.07041171164389609,-0.12457685693649305,-0.08380603996272287,0.09406127617767225
-0.06432309128614389,-0.10709102201741871,-0.058949923155062936,0.10381176390501631
-0.04543701280008683,-0.06818189055618072,-0.01404227008796968,0.09980922233214057
-0.016744539553574172,-0.012241218276999088,0.03907972586691488,0.08399276573495063
0.015327884622430617,0.04954954443582006,0.08709610934670652,0.061119746384869895
0.04285572421305693,0.10232759053849155,0.1194287153355634,0.037415286388658764
0.05899215565556108,0.13223562709009418,0.13129715181883048,0.018882065967513316
0.06028629670330883,0.1310432944261308,0.12463134219389799,0.009720710959634775
0.047901520599373484,0.09904221136790156,0.10667640695170298,0.011271447702554394
0.027257685151791958,0.045155201361587266,0.08694719806564641,0.021744711301894683
0.0061761788907510225,-0.01580335987324759,0.07372217029153336,0.03679839127353254
-0.007848271042582507,-0.06776048226972556,0.07133387088037692,0.05079572825465261
-0.010291930159381405,-0.09829344347077704,0.07912366826143694,0.05839861815923781
-0.0012130360545193463,-0.10213395749172155,0.09225805147428724,0.056064279743050165
0.014766164735438571,-0.08213572148122661,0.10392122501012999,0.043043352609971504
0.03012447047959055,-0.04751782429967025,0.10795625229120574,0.02161722531570323
0.03717871089348911,-0.010175825072373725,0.10096683483170685,-0.0034767795665075103
0.030924916907440318,0.01949884426019858,0.0832001963138654,-0.02626153085275069
0.01096914136987024,0.03576325961816362,0.058056492168505044,-0.0410367328110995
-0.018148347812946414,0.038589541765251936,0.03059139208813017,-0.043785729334013784
-0.04836282874527464,0.032465188286600506,0.005698492217677457,-0.03311047951579908
-0.0707423456384102,0.02361889073395062,-0.013322767972106641,-0.010480456783678958
-0.07846846736153774,0.016930701752689584,-0.025361829351110806,0.02022000137229006
-0.06911094453874513,0.013831580936916943,-0.031196334883641597,0.05367342125315203
-0.04542574860112748,0.012023010312070141,-0.03259755953400526,0.08434524716423575
-0.014430636673233736,0.0070562046587457385,-0.03132772190833216,0.10761306648804331
0.014890290829315094,-0.004974912945948828,-0.028470697747645213,0.12055449699749719
0.034445402084938,-0.02483932599728996,-0.02431298793713213,0.12226663498983671
0.03949126469154475,-0.04885189049858093,-0.018706086421634877,0.11373016263739949
0.02990099565135873,-0.06949745843736893,-0.011627527594418596,0.09733896950323609
0.009903475168187192,-0.07787159390763373,-0.0036033639533068137,0.07626475523728433
-0.013515382181382691,-0.06706443703633595,0.004232862597305043,0.05381462824495399
-0.03292777209250752,-0.035199394913099605,0.010459775919490887,0.03288945276645386
-0.04269052297017009,0.013080315154471833,0.013883200239138416,0.015592817370388146
-0.0403866306554546,0.06733734583876572,0.013972112297115438,0.003001010829096498
-0.027122458793818197,0.1141344038326813,0.010995449357439128,-0.004907121040887627
-0.006744836423966439,0.14099629377877756,0.0058054116579382385,-0.009154445807037587
0.015608593738402114,0.14021068927590125,-0.000598155676169547,-0.011493381068951064
0.03505586725845412,0.11119192672178058,-0.0074734044718539755,-0.013964611115765899
0.048113980157243906,0.06063855295931032,-0.014483343516171879,-0.018340197220642684
0.05317904325848759,0.00047983854933723175,-0.021501732122449185,-0.02556506185177388
0.05037763686414655,-0.05565366110107218,-0.028196210770968025,-0.03535590455785029
0.04104748021750623,-0.09624721375994051,-0.03365743864343701,-0.046114407703256866
0.027177112858292524,-0.1147973999818546,-0.036359272451032654,-0.05524472624320621
0.01104490531781075,-0.11096912089507749,-0.03459437061065718,-0.05984315789865409
-0.0048905052168107255,-0.08983626919310048,-0.0272865520110347,-0.05758820315076019
-0.017982146425782435,-0.05966964121626736,-0.014846848429323482,-0.047556125431946365
-0.025492966164137695,-0.02915348481794985,0.00036652231233960664,-0.030670126648533816
-0.024974690990997223,-0.004980700072764001,0.014331891966192563,-0.009582759965794836
-0.014935864517455974,0.00949034631941547,0.022462722824079982,0.01202747937028753
0.004393880071335489,0.014301575028082207,0.021233138681433998,0.0305514297468533
0.03053324084324701,0.011939550549919187,0.009752367463747986,0.04357677906621844
0.058779305377183726,0.005916055839133901,-0.009372999536348701,0.05064030357554288
0.08296631712428232,-0.0005153131560599843,-0.03036306587207907,0.053299536902978784
0.09685930822727351,-0.0051011423618301695,-0.04583865937693144,0.05444782987080669
0.09582536409686264,-0.006700353553993066,-0.04922068208850782,0.05707770315685744
0.07826951333526415,-0.004967867755202058,-0.03715582831502094,0.06292681002160667
0.04634551110643319,4.636716238249315e-05,-0.011071288906957147,0.07152542335359001
0.0056572913978564406,0.008086774413194931,0.022798214687062016,0.0800581293660313
-0.03601367747218156,0.018565790713255616,0.05505546907967049,0.0841787184172218
-0.07060068085174152,0.03024671201005736,0.07599793053804013,0.07956575976364628
-0.09170629387051167,0.04100999714015485,0.07875667286425223,0.06370389866083853
-0.09604814368955199,0.0479731631934512,0.06163620822003975,0.037240949004113316
-0.08400288539799124,0.048078148719563424,0.0288146419490891,0.0043675897673956104
-0.05915684330764668,0.039025000640616175,-0.010880564490833758,-0.02802334659585095
-0.027085608912418322,0.02022790303665456,-0.04673230309832513,-0.05221688231012743
0.006199388290129358,-0.00660291263819399,-0.06949547281216549,-0.062024688438671836
0.035649844351292585,-0.03755048666948346,-0.07421410424629205,-0.054822750001881054
0.05805655337455608,-0.06731151909648159,-0.061546704108618885,-0.03255615078535436
0.07226082068229327,-0.0905275439310585,-0.03719067260859908,-0.0013091807973303338
0.07879933679697562,-0.1031993570287368,-0.009673895606189229,0.030481100669523364
0.0792424628563089,-0.10371000326150719,0.012652243504562004,0.05461481992647157
0.07552036892910127,-0.09311645008795075,0.024334783343810167,0.06567040912686462
0.06944586976447414,-0.07463439680422823,0.02432340525370047,0.06263473640136455
0.062493455780888774,-0.05252976341906257,0.01580781071773759,0.04905353284695161
0.05575792560410789,-0.030830875071621217,0.00456444025610029,0.0316351405833879
0.049955324218161734,-0.012311615080924897,-0.0034818466674483572,0.01777804599827433
0.04536371643241905,0.0019399669834638724,-0.004534854327014455,0.012875820616254724
0.041702717660039454,0.012299648722502131,0.0017794719735582873,0.01834273306715111
0.03805619144241308,0.019917720232214355,0.012503165137375725,0.031062204740657153
0.03298709878826174,0.02590836780449612,0.022675952152751297,0.04446858154545808
0.024941899760898813,0.03077115732946588,0.02730934746805072,0.05090096261544888
0.01290758243455117,0.03425994001622679,0.023218204028645675,0.044417148782775064
-0.0028739875263482408,0.03569771780183731,0.01004671742357495,0.023086094762242305
-0.02043308992307025,0.03453658405149305,-0.009805680786732333,-0.010050082019396035
-0.03612420870557046,0.030863629626291394,-0.032203508110414086,-0.04769805130713287
-0.04533698590725132,0.02559345046837785,-0.052738900847955336,-0.08049398554244018
-0.043758645242382446,0.02024170676719681,-0.06802847713393745,-0.09991837220263927
-0.028837669038234096,0.016370132513360256,-0.0763820945443837,-0.10097340641614763
-0.0009564185661596301,0.014944199619235977,-0.07770851977380695,-0.08374021637804148
0.03614906572207462,0.015885798796671992,-0.07287198931259797,-0.05332174600609493
0.07597194026165394,0.018020121020079008,-0.06293072728700927,-0.018225318568224305
0.11074022471173943,0.01944818963774661,-0.04868485864261113,0.01224625729471708
0.13343351728550068,0.018199361217468797,-0.030750123578056038,0.030721010391082392
0.13969046880825997,0.012908219433674116,-0.010062329558749764,0.03372964162683719
0.12898775874148838,0.003262209864214674,0.011542939595816204,0.02234697805582745
0.10469323176716622,-0.009925877979237694,0.031112398598482843,0.001401214966810914
0.07296699618363503,-0.025005108921432276,0.045012277138908846,-0.022372095864657104
0.04087415228162365,-0.039976564741079634,0.050002371432509324,-0.042537316614676066
0.014339848528943617,-0.052970093641758434,0.04458675622828524,-0.054778214290223004
-0.0033775911103604214,-0.06253483444040539,0.03006816214288283,-0.05778860496898949
-0.01221492396956654,-0.0676903538013292,0.010759952433192676,-0.05307051707853375
-0.014717674034532599,-0.06781857813561848,-0.006912621946932103,-0.043874199988447674
-0.014623028788047734,-0.06255592007361574,-0.016260017730407746,-0.03378637341093415
-0.0151832034130579,-0.05182933425941731,-0.012551379107693161,-0.02552966759921061
-0.017870760742747883,-0.03607596120351503,0.005178879976848516,-0.020374852346707453
-0.02193748986315283,-0.016545501633549224,0.033452603367015554,-0.018269051546925145
-0.02495605422054669,0.004518450564111168,0.06514218156212867,-0.01847621559696623
-0.02409067543076067,0.024026068461899076,0.09155655122319808,-0.020334469791779698
-0.017565307007465454,0.03861389535429661,0.10515139621822067,-0.023729187002809172
-0.005728931686305502,0.045548512050630346,0.10193917529905866,-0.029052349057766564
0.008719309536397893,0.04368073037353834,0.08275408248527161,-0.0366867538085727
0.02145329787148309,0.034076013321460465,0.05292172484059697,-0.0462988554458409
0.027932563257568654,0.020003822260710173,0.020449879452033172,-0.05633898239059444
0.024981323434956057,0.006172924335717492,-0.006616114980493356,-0.06408033407178773
0.01194866758474138,-0.0026177635576035627,-0.022739742581060506,-0.06630317950473322
-0.008975452531193483,-0.0029930272166909175,-0.026462614245903127,-0.06043965220584549
-0.03339666537981463,0.005849895810637877,-0.020493265503607083,-0.04575924015404733
-0.05606270801288309,0.021798573244944646,-0.010362416218193754,-0.024098389723368904
-0.07242725553185686,0.04046057827727764,-0.0022070049116486856,0.0002385147081526498
-0.0798800015210302,0.056593701198638754,-0.0005331862451568997,0.021492667658793776
-0.0782417505985826,0.06584288843777936,-0.0067679662511501495,0.034119102110520966
-0.06941668541782248,0.06616327767744072,-0.01906781692427384,0.03457751199970949
-0.05641308435856159,0.05840982099248846,-0.03335261464820137,0.02262329796552065
-0.04216449877463925,0.045878353395589454,-0.0450729083833611,0.0016120772737362038
-0.028623986657972705,0.032977891270665985,-0.0509733415959373,-0.022348221670791424
-0.016455928375497777,0.023546562773304296,-0.05016979161631553,-0.04216845222075953
-0.005379468724234386,0.019461069110907316,-0.04417627709113739,-0.0519155219137408
0.005062187426744386,0.02007341246359597,-0.03596133064387523,-0.04861835680999603
0.014707532046885654,0.022680343334746878,-0.02849993494508791,-0.03314573793953276
0.022359405389726805,0.023818166119018443,-0.02346424978347243,-0.009868347355971125
0.02597520646593087,0.020842500819187475,-0.020602252464051493,0.014772782424326676
0.023424011583977507,0.01313481950900982,-0.018037836616587324,0.03430269703505406
0.0135108902153864,0.0024262454373241704,-0.013326395589334655,0.044170172351376755
-0.0031705710245995763,-0.007911505869500124,-0.004783173072823332,0.042986068079710824
-0.023956425854379775,-0.014330437209714941,0.007504920218849,0.032664504886555375
-0.044592812626071156,-0.014725323189515471,0.021432129974321097,0.01747523645136867
-0.06037519849943854,-0.00952323567584186,0.03351503942977882,0.0023876039924249637
-0.06757549598534221,-0.001754746931101829,0.04017557269371948,-0.008685651683524108
-0.06465261391729843,0.003979736679374737,0.03915513720536027,-0.014128583340403573
-0.0527978477700533,0.0032841820076465397,0.03049559499292232,-0.01493843742058882
-0.03559441109661694,-0.006200493315715372,0.01669570067015054,-0.014054849308810348
-0.01788667002440497,-0.023640220572357526,0.0019754135896339897,-0.014992922319162218
-0.00424111805450425,-0.04502165267062195,-0.009078427977667756,-0.020310198095453744
0.00246970296601335,-0.06438422368344718,-0.012988158463589396,-0.03047997664079018
0.001873318724431066,-0.07584147709747832,-0.00846217702087984,-0.04358059235944354
-0.00397244407967557,-0.07564345852460522,0.003274652351630266,-0.05590609517922909
-0.01147536312975539,-0.06350023970570624,0.01895380902572316,-0.06327009791520236
-0.016887711391288283,-0.04266000110461915,0.034309905161306394,-0.06252983744592729
-0.01766108542767275,-0.018710088546931392,0.04530154067332257,-0.05278509982353449
-0.01329360405395243,0.002438809055477026,0.0491054108130967,-0.03582685336382602
-0.005384488729221183,0.01661042549763036,0.0446315348067494,-0.015675758051174278
0.0030918904876771555,0.022675346836311325,0.03252507334655558,0.0026348388110953164
0.008996111052665984,0.022627631802649296,0.014805276676989623,0.014622591264496616
0.01025397227289829,0.02042528868643821,-0.005630965420635417,0.01774815738533725
0.006650550491034326,0.02008446090284586,-0.025461913088871385,0.012184086145017717
-9.329580905850093e-05,0.02381293806091499,-0.041299236508002615,0.0007234416853956621
-0.006969896722863932,0.030951593408605406,-0.050025760141387286,-0.012124483252017551
-0.010798917456271678,0.038167812378996344,-0.049230421303154574,-0.021545921143502386
-0.009382076905087078,0.04084040920045296,-0.03778827790188494,-0.023887490083612503
-0.0022711367254601295,0.035090654693554886,-0.016481419197672084,-0.01772239790907063
0.009122721652998614,0.019641903039477958,0.01159441994757772,-0.004210939796714986
0.022098149300655803,-0.0032593007683756926,0.041147210689784566,0.013319457588804245
0.03367876972628193,-0.028272089766591076,0.06553732689112127,0.03040820472960635
0.04168121805855401,-0.04862853459141238,0.07831643481187191,0.0427687532079023
0.04543241905611274,-0.05844163271974999,0.07510668728620659,0.04746963935653943
0.045872141768657684,-0.05479762749863742,0.055232657720963474,0.04365593811876369
0.04501261848436475,-0.03884639445719852,0.02247376339542749,0.03263795122363016
0.044970523541949525,-0.015475683102013249,-0.015490572499779316,0.017372153610572406
0.04694844026341796,0.008315439201705462,-0.04895998806867917,0.0015330811159159768
0.05056484943546201,0.025746200061758463,-0.06895210920626792,-0.011525035252396194
0.05380681076512951,0.03243831864117271,-0.06996703169416826,-0.019613723099006268
0.05365377245652844,0.027679784809098565,-0.05184229605879891,-0.022142880869525313
0.04717553042947924,0.014356577717144745,-0.019998707815015067,-0.020058768991356658
0.032729378004212835,-0.0023518974927635317,0.0161096995957253,-0.015353790113946532
0.010833331773640015,-0.0169647933112458,0.04590878043820509,-0.01032985791896053
-0.015609486830724995,-0.02560397816723605,0.06104587078583452,-0.006850692195694501
-0.04184972725644873,-0.02711481588802306,0.05803460963043594,-0.005801153719660425
-0.0624573440784523,-0.023051233295631746,0.039284579514339474,-0.006895018592366044
-0.0727700179744839,-0.01663489016699482,0.01214239545870087,-0.008862559494530967
-0.07018556448279424,-0.011192585214589497,-0.013734430266358465,-0.009938587071642871
-0.0549061030080338,-0.008748936006192039,-0.029755965069630456,-0.008490277577417507
-0.02991275973133936,-0.009342812176303988,-0.03134333435967642,-0.0035922640004175665
-0.0001874638090334827,-0.01130102078080967,-0.019403666002510495,0.0046200970880481
0.028574604298898958,-0.012286292493447586,0.00016862328773744814,0.014918704859778018
0.051373877981541284,-0.010612668900391677,0.018757820320349332,0.025276374323513692
0.06502949488609684,-0.0062215437350674335,0.02822012894031651,0.03339730747706125
0.06871713422544223,-0.0008722563092607438,0.023840924307263048,0.037329799668519716
0.06381708469923153,0.0025497091388099746,0.005997285044316625,0.035986394268934165
0.05318460188128145,0.0013153072156370238,-0.020043670021998056,0.029426934006032843
0.040122768048117666,-0.00583037988789642,-0.04607157895167816,0.018831138009829468
0.027406236473087618,-0.017899590700560658,-0.06387561052800145,0.006178068364254191
0.016655410029218026,-0.031806989984216355,-0.06809434316743475,-0.006266980408273427
0.008216723151123345,-0.043415169732861636,-0.057953652714465814,-0.01650674187917188
0.0015183188391570124,-0.04908728191706969,-0.03731595868627339,-0.02325197001995412
-0.004293502727044825,-0.04712875539473393,-0.013103487875216487,-0.02613449634164966
-0.009717727177853628,-0.03852510384068904,0.007250730455940109,-0.025655225328256558
-0.014523418928918721,-0.026650877200760204,0.018347248581441683,-0.022910434595816095
-0.017782518501817324,-0.01603017281994377,0.018438936774513984,-0.019201801983131095
-0.018290012858935688,-0.010609933142507619,0.009601265848536988,-0.015659199361252426
-0.015192711087225488,-0.01221062083252987,-0.0034940624572769446,-0.01298524987882669
-0.008557540127331793,-0.019762197419637598,-0.015626633474948543,-0.011376981891534126
0.00037731978150117376,-0.02963725674721948,-0.023046496974632902,-0.010613903006838184
0.009411843980350816,-0.036972994220481656,-0.024685449057531006,-0.010247876141086944
0.016022282701874536,-0.03749331982766328,-0.0221512462515448,-0.009806728781848933
0.01822236817029742,-0.02914936434439197,-0.018607067913266967,-0.008936301579918742
0.015335387418886695,-0.012964283078766759,-0.01708255094276137,-0.007446009599974832
0.008369828042718831,0.0072318359347063165,-0.018965405686312532,-0.005271921653584255
-0.00018661791723062482,0.02607661111376794,-0.02331258525101572,-0.0024074710129023263
-0.007138013299678982,0.038489381980895215,-0.027253312056005875,0.001139702074252777
-0.009686914660816486,0.04136778313292376,-0.027290142490836153,0.00532793531214798
-0.006502366455983066,0.034571295488645286,-0.02093097625727327,0.010002578773476295
0.0016450337824792521,0.020873655637339977,-0.007953752899277862,0.014801793463157381
0.011952481052549622,0.004947341122876018,0.009236070601099582,0.01911095588266222
0.020399094970960537,-0.008218059765578909,0.02631815467419546,0.022118296382067543
0.02308129955939737,-0.014888978057930522,0.03856482620177311,0.022984801833420207
0.01764176263895144,-0.01362426317813754,0.04254784724874661,0.0210892522284271
0.004297047097104323,-0.005479356444663602,0.03737303883128958,0.016267079928492578
-0.013927911989218819,0.0065992735581575784,0.024966247278959696,0.008949323492853378
-0.031902808797084264,0.018889377271552037,0.009315677668997286,0.00013361334380602996
-0.04386295075965818,0.028080189295898984,-0.005013195984445634,-0.008824479095643017
-0.04520495823118144,0.03213290029927533,-0.01449834365147265,-0.01654505093373647
-0.0340279177413319,0.030595107200455267,-0.017792405631620996,-0.02197765877067235
-0.011896637515709498,0.0243830146567205,-0.01595488345423149,-0.024657660825297464
0.016459193519746854,0.015232765306189,-0.011746548582729516,-0.024778777496622967
0.04445220796534681,0.005095890212581326,-0.008319892145185092,-0.023060392063318197
0.06555697858172868,-0.0042990797940760765,-0.007864034873341169,-0.020462126798165614
0.07523530120813914,-0.01163291537018915,-0.010753600353853306,-0.017852690412522063
0.0722472191758238,-0.015988160344988834,-0.015520207345660857,-0.015753410936280403
0.058923249233828634,-0.01678805875472704,-0.019613801646646077,-0.014243852473476034
0.040314021702641936,-0.013808775405953731,-0.020596445698947807,-0.013050650630547216
0.022505021152962355,-0.007299807721399293,-0.017245541035906507,-0.01176785591255007
0.010659473307499404,0.0018663251355945099,-0.010099987089178551,-0.010107055633448339
0.007436923349924379,0.01216258584127776,-0.0012316368912628564,-0.00806845248327983
0.012299579955719175,0.021621042366772446,0.006642747098270577,-0.005962313863537513
0.02191026408801089,0.028310951874687795,0.01131740046929338,-0.004277315886522654
0.03145206283596068,0.030954709749817528,0.012023500728466162,-0.00345967931996071
0.0363902367161062,0.02944425578006991,0.00973219108125628,-0.003705781854829688
0.034058019737076936,0.025008284614044175,0.006710031243035548,-0.004864276146132364
0.024525510510216036,0.0198884421413927,0.005519250006306584,-0.006494181921409561
0.010474333714853762,0.016576186190944787,0.007887827246722476,-0.008054189553500277
-0.003845257150341376,0.016862101803856583,0.013926694966025208,-0.009136744106907221
-0.014179433952578438,0.021065308241197726,0.022023536359040474,-0.009636350338231008
-0.017790295050262875,0.02778008109235138,0.029458515521928644,-0.009767381638714406
-0.014393574761350336,0.034297212806963524,0.033486411188737075,-0.009913326723717863
-0.006197716486486073,0.037591857114289855,0.03243727955507936,-0.010369129182165107
0.002947210491672743,0.03552385118651176,0.026382798945349138,-0.011095919920716887
0.008968546249673224,0.027777394663478186,0.0170982099282833,-0.011615354461802554
0.009044103676243368,0.016135501538572468,0.007342802135337723,-0.011121230164152748
0.0026097767666427643,0.003926836802120491,-0.00023719430093693816,-0.00879588357328253
-0.008440842405230221,-0.005189823334052601,-0.004126943667819266,-0.004223775212454671
-0.020416047269416288,-0.008655335967973105,-0.00446416649081266,0.002264682881879131
-0.02909656370841193,-0.006087814609800485,-0.002855897403934951,0.009480892085876425
-0.03116650154426367,0.00045222781420506397,-0.0015791474222230095,0.015585771099752704
-0.025315780028654783,0.007169033019285065,-0.0025105925108342975,0.018588040147770046
-0.012656878524492925,0.009986931952406422,-0.006242229932302584,0.01698588465725507
0.00365326718640005,0.006213883068629293,-0.011761069133268201,0.010334006671141309
0.019423356926630962,-0.004242740526663322,-0.016834669326095602,-0.00047433809751402933
0.03070639420555001,-0.01862270599520039,-0.018948818762957342,-0.013332745717205562
0.03491933945076937,-0.03218141193142805,-0.0164110419406074,-0.025438140445389622
0.03146122919614086,-0.03990302055550673,-0.009159813326683496,-0.034043074105131514
0.021681140686371163,-0.03843261579368319,0.0010652292435143554,-0.037202310460270296
0.008274382064151813,-0.0274843586325159,0.011279291803700998,-0.034272308050053636
-0.005636025897011638,-0.01015230180504717,0.01832733410276352,-0.026009990137881175
-0.0174026109664165,0.008048158812084566,0.02005870392400923,-0.0142598887224775
-0.025459138442253497,0.021096225842665323,0.01613878905516485,-0.001362078350580262
-0.029484967124789728,0.02464683559754416,0.008176873695072064,0.01049741765450049
-0.030154478663183742,0.01765979259639019,-0.0008810890507634506,0.01977020014125816
-0.028635327615539247,0.0028458879916384017,-0.007857518672123337,0.025723498017936008
-0.02605846870696127,-0.014267606165545649,-0.010516292556907725,0.028306896673689495
-0.023152736789768716,-0.027330579958433618,-0.008352924453864236,0.02782969590853088
-0.020140616399771,-0.03149467483264805,-0.0027068873763509277,0.024638967594379713
-0.01687519817359007,-0.025204454335822003,0.0038303749726315423,0.01896889675499128
-0.013108732469927838,-0.010781274545430292,0.008465259919827096,0.011033895940061069
-0.008751541559918329,0.006425897569342295,0.009293110865317929,0.0013045551150697356
-0.004010259818792612,0.02001148191623929,0.0060108624437688295,-0.009203264628309955
0.0006350782087997942,0.02487319160778028,-8.738754320537778e-06,-0.018828389090673605
0.00457993562530639,0.01908254147102148,-0.006286525433139886,-0.025491255771587895
0.007287025426633557,0.0045740317761606315,-0.010208450779631506,-0.027245660601192948
0.008434207522214972,-0.013592263108938664,-0.0100152423434791,-0.022993340449865368
0.007967767987463577,-0.02910394303399233,-0.00543847452586739,-0.013089098286555731
0.006063688718110007,-0.036693483503032046,0.002234047394289486,0.0004425132542663357
0.0030425443138808184,-0.03400018701014316,0.010652177071861241,0.014246112053488094
-0.0007038019571022382,-0.022316895451873965,0.017236641210197752,0.024500328071460707
-0.004737046245710971,-0.0059744313110982605,0.020023528152048255,0.028068742219389292
-0.008553860531570014,0.009365523934794923,0.01821950424666665,0.023557157869904106
-0.011566801741207656,0.018834764518031386,0.01230845520249925,0.011890025593973935
-0.01313975009863343,0.02008799569561618,0.0037386649573536226,-0.0038413921472567544
-0.01271019100144835,0.014000278062949019,-0.005625770451189803,-0.019261658589258226
-0.009981938244095996,0.004108926060204816,-0.014045466650000962,-0.03006305856612375
-0.005120396210354143,-0.00493616276510116,-0.020244475745028093,-0.03338070547583934
0.0011447450881447996,-0.009277640146961797,-0.023480547814676372,-0.028714004200328
0.007589292446811738,-0.0073589159660261,-0.023419310695051113,-0.018060080351217672
0.012759389637267908,-0.00046079701237074916,-0.01996946660781268,-0.00519545959959275
0.015374680481380368,0.007912940551111011,-0.013228947448515172,0.00565416525973246
0.014744370041343723,0.013526907919369821,-0.00360058444849499,0.011291143044142513
0.011044250903099694,0.013173635166564716,0.007991188938777472,0.010644186087379576
0.005334961593058452,0.006003513813688813,0.019947130226617395,0.005092056756513939
-0.0007142272572986386,-0.006088247462531414,0.030079619836022302,-0.0021057890932081047
-0.005325106123868115,-0.019152510071171955,0.03602749502374522,-0.007065237752463163
-0.007174146010703968,-0.028669420001322096,0.035934555183004105,-0.006761155027934243
-0.005826400188487462,-0.03124028392062825,0.02917493596918201,-0.00019353625869306806
-0.0018831670450425234,-0.025840031874052465,0.01683110057724718,0.011194428664208389
0.003215415175052583,-0.014168733490589638,0.001673339477712192,0.02400262119389937
0.007668419991256156,2.5582534104728882e-06,-0.01245034610764545,0.03408738609897625
0.009905971540762587,0.012213043728953932,-0.02168363954657257,0.03805596188427753
0.009086093550326205,0.018880572010812786,-0.02336394795696596,0.03449186348308503
0.005323526442382334,0.018473086189773294,-0.01694249820056136,0.02446113657531264
-0.0004218882273197,0.011878796399407188,-0.004273011095559914,0.011116327815239753
-0.006742304365906879,0.0018941166047901706,0.010876710310599835,-0.0014507502229743167
-0.012304429971480872,-0.007916922423581219,0.023963992141285133,-0.00967963755943654
-0.016295358572271247,-0.014521858265208382,0.031095836954701195,-0.01179122406228224
-0.018626313063426783,-0.01638626873785569,0.030259199610908304,-0.008360087693703971
-0.01982978690890004,-0.013785185880847567,0.02193526757803487,-0.0020084910706157956
-0.02071009460631139,-0.008417168070516286,0.008888181203879617,0.003650011194258146
-0.02190575891904839,-0.002551523390429366,-0.004791690053002562,0.005412046661034689
-0.023555031687339897,0.0019031979786032494,-0.015049398566734602,0.001702898191562427
-0.025209942652233638,0.0040332936529397095,-0.019156311744343457,-0.006840024168030711
-0.026038083558673875,0.0040439293332260595,-0.016493000693822854,-0.01762667743921277
-0.02522790554439071,0.0028963890775430268,-0.00858157374873967,-0.027106489908558275
-0.02242315121906032,0.0016862225234719197,0.001599756250881823,-0.03211050496726854
-0.017992866559858378,0.001078416657213782,0.010735103550010401,-0.031036260141917765
-0.013004748398579,0.0010581040409619255,0.016301048416156354,-0.024435221463569023
-0.00888839320620572,0.0010858325187536044,0.0173115184669341,-0.014793086279702938
-0.006904501645507072,0.0005462369628655567,0.014448530684229535,-0.0055977253335785515
-0.007623936242496784,-0.0007605641277616086,0.009591061638886858,-5.2468143538347833e-05
-0.010629723931104382,-0.0023528120643364105,0.0049736258408837365,8.36453783139568e-05
-0.014579045123901152,-0.0031835645214831274,0.0023221876805900044,-0.004894800683907553
-0.017628054641861055,-0.0021103388727807676,0.002290720158717511,-0.012790211893635519
-0.01808086397921614,0.0014889301423883922,0.004376424107602105,-0.0203365744998178
-0.015030266541623177,0.007246987464814063,0.007290496563969601,-0.024393606808536653
-0.008749709375519714,0.013732566070381945,0.009587080890667628,-0.023056082396608238
-0.0006792603565148013,0.018854735696660824,0.010272084763157146,-0.01628258860914667
0.007006447624005416,0.020620930680687106,0.009150593866010186,-0.005840605762049089
0.01210666782437059,0.0179561565650882,0.0068022239783708804,0.005376496076322835
0.013133318471731258,0.011241431392200699,0.0042373820387719835,0.014379748426217014
0.009818550981974924,0.00232382392361518,0.0024143134085161527,0.019072295647897076
0.003209767351426338,-0.006045999138915507,0.0018373406698958678,0.018846529408994617
-0.004682432219420482,-0.011161548501313963,0.002400621287503929,0.01461124580011959
-0.01155836802338707,-0.011342579171365958,0.0035201605510245815,0.008293436993036404
-0.01558679135801029,-0.006573139789177611,0.004466584054349396,0.0020500503775389423
-0.01598057688170853,0.0014591413294281486,0.00472930394232416,-0.002488429841080511
-0.013194752902955499,0.009950018073920305,0.004241885551376768,-0.0046647700889812516
-0.008689633957692563,0.015978082443868252,0.003374093790332898,-0.0048026839694762236
-0.004357969530390777,0.0175436748538578,0.0027102348140077073,-0.003832748773479555
-0.0018315465051711825,0.014260090656526288,0.002732615115759035,-0.002741728140213208
-0.0019182075566094234,0.0074459719242465465,0.0035686712695050526,-0.0021022445768954165
-0.004364130008544104,-0.00040092403722459535,0.0049244196163689136,-0.0018804009686442073
-0.008011690460355297,-0.006534007364220634,0.006234005701391265,-0.0015799332781887918
-0.011277918316071514,-0.008932086253211138,0.006949607853272581,-0.0006257649086430801
-0.012766064739605107,-0.006955520000257905,0.006827248060679806,0.0012152998595034332
-0.011782887702644643,-0.0014602748074075828,0.006064320857301336,0.003590127686810156
-0.008578486373146774,0.005635509992947835,0.005214119191088412,0.005619413081973446
-0.0042341986865134795,0.01212818359597118,0.004909548159728036,0.0062486465819745415
-0.00025470512442372917,0.016326338329444808,0.00552308123328913,0.00473968420656401
0.001975578655356164,0.01756406788785861,0.00692798449932348,0.0010817792939464485
0.0016710382853698524,0.01626151510187704,0.008487224229562882,-0.0038731515556961263
-0.0011083747689881393,0.013560374488365834,0.009296227920807545,-0.008633658336492392
-0.005516480948938163,0.0107327334573359,0.008587452923581096,-0.011580886502403798
-0.010246951023720498,0.008637657013193373,0.0061219920776329345,-0.011573286741492453
-0.013994409909473288,0.007454405123678835,0.002385715309031644,-0.008399989222458479
-0.01588007622604652,0.006779850155508832,-0.0015179150528054353,-0.002892595057858313
-0.015696758226145455,0.00600626072702326,-0.00425838515737946,0.0033605463946549466
-0.01390365682465114,0.004770606706711478,-0.004805148851229846,0.008593002659007587
-0.011396041724385755,0.003241909763030959,-0.0028743673350835885,0.011506643472960865
-0.009152423636042586,0.0020974652715781347,0.0009007163224433179,0.011730072730526557
-0.007895373697568007,0.002192080885420441,0.005165183328891314,0.00990688987879308
-0.007883163306859039,0.0040764471222540025,0.008342451136308509,0.00738003615246852
-0.008889694047304756,0.007601690254496453,0.009245975967928654,0.005602006651111421
-0.01035574546826792,0.01181882499984905,0.007553999615060258,0.0055126113893876685
-0.011634572973512732,0.015254547608516533,0.003945793131430814,0.007140111958716028
-0.012230335846776026,0.01647346565380959,-0.00016824155330078666,0.009591361447510036
-0.011944198845337567,0.014697378962430438,-0.0032229838722741787,0.011437962977637307
-0.010889442306071154,0.01020858850573754,-0.004150640750166808,0.011342518569015136
-0.009392152588529781,0.004340101824698031,-0.0028387194756559486,0.008668099740382611
-0.007835430992219061,-0.0009769877983595784,-0.00019704935653262236,0.003816776455694282
-0.006517786568897947,-0.003948731404955844,0.002205657512767356,-0.0018507053523734267
-0.005578748484860962,-0.0036448016995584837,0.002796660674043966,-0.006494242023171927
-0.005007600678924315,-0.0004115510263167088,0.0006806525663603513,-0.008490754497440411
-0.004712372693263373,0.004217669094991022,-0.003936044340597439,-0.007074678627911585
-0.004602676700210003,0.00810373721529628,-0.009763973554279048,-0.0026668166724639897
-0.004640494737583245,0.009358675994886176,-0.01489906215847682,0.0032448006267055754
-0.004835215078188931,0.0071390014001986996,-0.017562598790814066,0.008633770392287334
-0.005191263089072563,0.0020483560263628714,-0.01681721141896321,0.011674906273942728
-0.005642977631307902,-0.00403066507796683,-0.012965405312560373,0.011412442098415063
-0.006019622054352136,-0.008629967129090657,-0.0074599988790921,0.008102011310578125
-0.006069858052211927,-0.009655210098461785,-0.0023513572936937344,0.0030982329392748517
-0.0055459481949261015,-0.006236691153448055,0.0005142344439813887,-0.0016644909818920167
-0.004316764752969148,0.0008689006096805341,0.00022524694489924058,-0.004394822975912031
-0.002459865294904478,0.00949564681289411,-0.0028319689860729982,-0.004093252794902261
-0.0002856991977141683,0.01683237882324226,-0.007129664443769668,-0.0008834979095842521
0.0017286344448474468,0.020444849960043823,-0.010618146890038496,0.004088555242802685
0.003082218747825898,0.019163465575561034,-0.011562992251894957,0.009133615968619831
0.003422338485056506,0.013494954454683378,-0.009263478016656904,0.012676768937035444
0.0026818984298852162,0.005402740711305309,-0.004360000989813435,0.013833538693758382
0.001126822027782753,-0.002451730602061407,0.0013983854473965177,0.012685680717473738
-0.0007111557679824508,-0.007704792783802188,0.005838000918768311,0.010164913378598504
-0.002198986547568501,-0.009133368523704201,0.007224604536934038,0.007611342995535092
-0.0028098356926649377,-0.007022467295904701,0.004961353712072858,0.006199455348728872
-0.0023017182447392205,-0.0029302764644043404,-0.00016053802770578905,0.006468762848739679
-0.000803968402715258,0.0010333859374106122,-0.006260734814450037,0.008143326441473642
0.001219796062927988,0.0031074991418870573,-0.011099802375866592,0.010298900883204412
0.0031201465668802605,0.002587331060139912,-0.012948497943654519,0.01179169605061891
0.004270825434306728,5.542142920387377e-05,-0.011248963687631175,0.011758488689964992
0.004267076417144607,-0.0029448910819750776,-0.006805281868554114,0.009975725766076915
0.0030474629599795237,-0.0046416857068322555,-0.0014315704665799206,0.006932158383370385
0.0009014974268875334,-0.0038539591491856817,0.002795105815335791,0.0035952897965348396
-0.0016344082843725155,-0.0005472435916452911,0.004371281219829964,0.0009825363327849168
-0.003952736309030799,0.004111994208192887,0.0029537712890745083,-0.000271522932832384
-0.005560847091816722,0.008228192095678693,-0.0005383235046176049,-0.0001632024087474815
-0.006216421339584662,0.009977510783103941,-0.0043416051542538026,0.0007218806897744904
-0.00597307437346279,0.008400520611230533,-0.006608923523060986,0.0015169701893143483
-0.005129892552088011,0.0038503367641636727,-0.006196005317430517,0.001508501989753627
-0.004110808212897707,-0.002099076590363194,-0.00314893409079575,0.0004999138430921025
-0.003319953571589346,-0.007256333735719739,0.0013080986403290334,-0.0010625840145452384
-0.003021624273768557,-0.009686364262895819,0.005278783750293433,-0.002267069823168483
-0.003279342683456696,-0.008498088036133639,0.00698487824271108,-0.0021476489592278485
-0.003964638420806937,-0.004221012804564224,0.005513974324260221,-0.00015623790594231426
-0.004822105192050792,0.0013888313846637731,0.001215548376858111,0.003514006377452493
-0.005561432105223307,0.006041124432585664,-0.004419659870331216,0.007906890353049104
-0.005943715919267845,0.007825376178569904,-0.009349850894007306,0.011613407196692481
-0.005837552410195811,0.0059786983663149655,-0.011802144360122543,0.013303840601607567
-0.005235193847363718,0.001196708574080137,-0.010988043598787245,0.012272128975894143
-0.004233863796883919,-0.004638891084236943,-0.007422389310721159,0.008767328305481301
-0.002996756010762297,-0.009207018856012543,-0.0027153561816364302,0.0039644052714606845
-0.0017100498710133985,-0.010668032270553372,0.0010783961882987608,-0.00043234531240753105
-0.0005476931140697139,-0.00838926752259321,0.0022894565265000194,-0.002811400264045749
0.0003516513267866894,-0.0031862582104605006,0.00030640455574940453,-0.0022641771483179612
0.0008972135276724136,0.0030127674556667747,-0.004179425802620557,0.00105668445865241
0.0010523430341498885,0.007938984967196205,-0.009453562976128663,0.005977272012255952
0.0008368811346622373,0.009877618271095946,-0.013466194126946468,0.01073299230871744
0.00032480918997591923,0.008325747351022766,-0.014648065822897006,0.01362865390841441
-0.0003661062817216891,0.004154277621637658,-0.012525512149748959,0.013675010446816169
-0.0010952913738325534,-0.0007811277267377927,-0.007890550873683351,0.010955814362737376
-0.0017296637616056806,-0.004412096642878961,-0.002464834960602475,0.006583474534867351
-0.0021765886543413035,-0.005292805323390673,0.0017984656760781821,0.002261706532964286
-0.0024089503152220394,-0.00315927707706095,0.0034869042705273842,-0.00037320811384448926
-0.0024719543257090207,0.001007466240793311,0.0022625407236286366,-0.00037543202511047813
-0.002466287438208828,0.005427827201486053,-0.001052310571490911,0.0021643225868165673
-0.0025106557500179094,0.008284390180622499,-0.00486027846095452,0.006180043951113642
-0.0026952310945906333,0.008476765400554302,-0.007475334794786924,0.010068335400666706
-0.003042464486374602,0.006059040739584187,-0.007821126615519213,0.012324949006607341
-0.0034905851124038267,0.0021853674252377553,-0.005853550040853542,0.012126635708720412
-0.003907790587298524,-0.0014038571992157425,-0.0025400041755770514,0.009630987034126036
-0.0041341217100189925,-0.0031323400311607554,0.0005849999628119995,0.0058826531656751245
-0.00403744282753201,-0.0022566643274316792,0.0020923679789258964,0.002372537040866561
-0.0035639813629288197,0.0008263206948424546,0.0012719390178638768,0.0004335646427520764
-0.002765008860306374,0.004758808197561568,-0.0015706497366305486,0.0007179273471618446
-0.001789247732037258,0.007808105507773638,-0.005254568980537548,0.002962827490595059
-0.0008425712834519913,0.008609465235409085,-0.008236931401790706,0.0061314327533042445
-0.00012808868964968995,0.0067514145224387145,-0.009277024496159178,0.008862658657620912
0.00021348648393750003,0.0029569712849119465,-0.007968280205652599,0.010039836644933839
0.00014362851904482776,-0.0012153052849205107,-0.004912460694275311,0.009243842468128372
-0.0002664006312593781,-0.004024726250158678,-0.0014630583575976908,0.006907753781799267
-0.0008612615751285441,-0.0042820555675251795,0.0008525059985283398,0.004115314067256709
-0.001450606054150809,-0.0018554163270508572,0.0009865394904799707,0.002132429586690146
-0.0018645737421293974,0.0022641466979335806,-0.0011767641052740155,0.001869373456775833
-0.001998088617571482,0.006366175342021267,-0.0047630380838606864,0.0034974196178818168
-0.001831648930312263,0.00872625575398963,-0.008269636116448575,0.006377481973212917
-0.0014252177159360807,0.008320192162629705,-0.010196710775511902,0.009327997009978925
-0.0008908125225484814,0.0052497495077054104,-0.009682453247440439,0.011118819139019825
-0.0003552932581871726,0.0007026245413479862,-0.006874659973543074,0.01098509288836335
7.400820703811622e-05,-0.003537116226661821,-0.0028805332418325447,0.008947768802204596
0.0003314751791899488,-0.005825106234936754,0.0006869160229163868,0.005808151709511836
0.0003996932585435681,-0.005333881200253708,0.00237813982047011,0.0028189620623150224
0.00030248816761133807,-0.0023903981234892624,0.0015129806005086816,0.0011680312412655422
9.035207341000911e-05,0.0016657739909020607,-0.0015305856265751122,0.0014879490074091312
-0.00017537383612006505,0.005044171886161974,-0.0054672968957664575,0.003594137208609932
-0.0004351797933144913,0.006251384173106847,-0.008634397443264344,0.00655961344368294
-0.0006395536569538118,0.004714409829346809,-0.009681361788774396,0.00909604119801238
-0.0007536326045438635,0.0010205400547079243,-0.008133013755735947,0.0100846135101831
-0.0007600849996003273,-0.0033257856789168667,-0.004591215635070936,0.009038656249469992
-0.000661103934875576,-0.006528141964598054,-0.0004899874376589064,0.006307803817239013
-0.00047883328040010387,-0.007245751461980583,0.002495560050715745,0.002939608402007632
-0.0002525192312269539,-0.005153253293771712,0.0031419065090910053,0.000254911362518484
-3.104481030530293e-05,-0.0010802156750494476,0.00118408642809998,-0.0006894123057168411
0.00013871958825517616,0.0033277220181455805,-0.0025737570627111447,0.0004693250873428201
0.0002249753697767254,0.006285904441478696,-0.006590578476804499,0.0032521441549867858
0.00022106767221591328,0.006605642202524523,-0.00922591599025368,0.0065335443402203715
0.00014832792311300635,0.0041829544614589605,-0.009418269452778384,0.008999019173859485
4.963725486067938e-05,3.901646993796637e-05,-0.007122819050928351,0.009677646217287127
-2.4848405365068826e-05,-0.004104039429680895,-0.003326755552538828,0.00833227234213952
-3.503867020311635e-05,-0.006536019555891358,0.0003640893299109438,0.0055486701834356195
3.5103357326066176e-05,-0.006265057593488572,0.0023954657843296354,0.002488631277788818
0.00017241579062371448,-0.0034253828532281837,0.001913090967849189,0.0004095226612770009
0.00034043578264822405,0.000781641783929473,-0.0008805572760280239,0.00014799965045314556
0.0004941632402167273,0.004587907489760984,-0.0048096991991355975,0.0017794739610978508
0.0005978687076224898,0.006392419258425602,-0.008214627807325563,0.004592108400915975
0.0006387949754628058,0.005424400159378364,-0.009643780208801536,0.0073846317052507805
0.0006312262488758144,0.002061246529520413,-0.008460733115817354,0.008964374130118281
0.0006093579842327834,-0.002329662533824061,-0.00511334805488611,0.008640125680897483
0.0006120568071383316,-0.005958893648888755,-0.0009524088042366097,0.0065071441790748134
0.0006659840204855556,-0.007356639446608044,0.0023257971442864206,0.0034075719715065678
0.0007742152026262716,-0.005980600178407413,0.0033821006540184495,0.0005832010522933556
0.0009151226168192042,-0.0024384561068912774,0.0017907400215237124,-0.0008360279416646244
0.0010518940488729728,0.0017665989536517455,-0.0017818863494984682,-0.0002971109139928152
0.0011485173084553255,0.004861036148800624,-0.00585079993339617,0.0019486387739319488
0.0011853141482873544,0.005537200356707388,-0.00872553018014326,0.004949219018228257
0.0011673418035124915,0.0034952251940668783,-0.009208918930282625,0.007443675184794385
0.0011220917100231709,-0.0004337364018879089,-0.0070920837821997484,0.00838062303522523
0.001087556170132363,-0.004633545984836042,-0.003240329005080589,0.007350248243446041
0.001095894439560527,-0.007374401693530236,0.0007656890324370946,0.004752211458078035
0.0011598074671610725,-0.007530807225283621,0.0032848488932969155,0.0016305915627441141
0.001267514254174637,-0.00504849793502094,0.003295056494416859,-0.0007560626699782804
0.0013884468405990693,-0.0009669644114058979,0.0008157172296748838,-0.001452630367957208
0.0014870938891369673,0.0030114391564584272,-0.0031018044581552356,-0.0002002484728285854
0.00153887038275978,0.00522691359285827,-0.006811521769563678,0.0024574297595125506
0.001541023913856479,0.004749669246146714,-0.008756315263860252,0.005398158363576672
0.0015137846965078139,0.001764610311578832,-0.008113904972527624,0.00738302555845404
0.001491265418921417,-0.0025058880723505365,-0.005137331295376895,0.007566343233291033
0.0015061353701718017,-0.006308768858791971,-0.0010488573827272807,0.005843748634714277
0.0015748483656334439,-0.00808640224770962,0.0024683996538186342,0.0028953073613378344
0.001689981695302059,-0.0071211169883264504,0.003969856353001344,-9.416037884684564e-05
0.0018231321479195706,-0.0038313210786290533,0.00284941063351814,-0.0019225481383862014
