ch0,ch1,ch2,ch3
2.6157142535648825e-05,-3.8559649538194574e-05,-2.2584714008511142e-05,-1.989671777546942e-05
2.8079327802284964e-05,-5.323066022377976e-05,-1.8219635159522074e-05,-8.619842123580579e-06
2.960257271578115e-05,-5.208773251047516e-05,-1.0351453006485212e-05,6.925349636810463e-06
3.2850614320997784e-05,-3.4025743068211156e-05,1.2163443272594776e-06,2.4062785030309897e-05
4.044729102836708e-05,-4.4138114442260346e-06,1.6471302500875584e-05,4.092233871816342e-05
5.486716043243134e-05,2.6781093344807605e-05,3.5208969262845446e-05,5.740398621528753e-05
7.776139035575724e-05,4.87069710458643e-05,5.700740547120997e-05,7.528121524924547e-05
0.00010952738243752425,5.3654486877108276e-05,8.11720884937861e-05,9.739779179324115e-05
0.0001492947912143383,3.974658272032361e-05,0.0001066813867108829,0.0001262948085331561
0.00019533124248660716,1.1190145332462542e-05,0.00013216729498222168,0.00016284690341616948
0.0002456988619049527,-2.400062052554386e-05,0.00015595561906933675,0.00020548685242671727
0.0002988899053909533,-5.7851190251700935e-05,0.0001761681764343992,0.0002503560107483538
0.00035417967030226816,-8.623351009515168e-05,0.00019086537760104605,0.00029233452757770895
0.0004115536784896068,-0.00011103617012184208,0.00019819061172476893,0.0003265392752458962
0.00047124449051294537,-0.00013977791553725083,0.00019647540210709913,0.0003496814684226801
0.0005330771212487262,-0.00018280399186979338,0.0001842779339809586,0.0003607321924558038
0.0005959027117414251,-0.0002492091961004139,0.00016035247714457634,0.0003606301055350536
0.0006573643391878936,-0.00034316434466878654,0.00012357393377110393,0.0003511634149073739
0.000714101694111624,-0.00046216226109833947,7.285971781800793e-05,0.00033350292205536203
0.000762320133363803,-0.0005979101811141307,7.133047773943968e-06,0.0003070109494884843
0.0007984998660122145,-0.0007395030125349478,-7.464368597517868e-05,0.00026883983239944786
0.0008199649442804935,-0.0008775678333801662,-0.00017336392103126097,0.00021450823811264286
0.0008250922730742016,-0.0010076656239194626,-0.0002896271674021622,0.0001392378934468308
0.0008130923091729803,-0.0011315402737236968,-0.0004235900620072272,3.951534940632717e-05
0.0007834720329695233,-0.0012556933325986175,-0.0005748653126058439,-8.575436536248371e-05
0.000735422554064058,-0.0013878696279127078,-0.0007424991769716394,-0.0002349711532128873
0.0006674037889010109,-0.0015329064760994937,-0.0009250300164994618,-0.0004045496989755204
0.0005771151117520135,-0.0016896683633665366,-0.0011206015861283114,-0.0005903181484557055
0.00046187919109103026,-0.0018503469798336614,-0.0013270863081761841,-0.0007890219829766731
0.000319294143202864,-0.0020024345091086415,-0.0015421729250510163,-0.0009993036517911419
0.00014789826983513388,-0.0021325767408096885,-0.001763389764743939,-0.0012217433504299463
-5.2412423031222843e-05,-0.002230736778872977,-0.001988062504305055,-0.0014579344417584017
-0.0002803702488737292,-0.0022929710362189493,-0.0022132326782585143,-0.0017089688478132414
-0.0005337147270415704,-0.0023216912719466465,-0.0024355794189622193,-0.00197395713250198
-0.000809793189910632,-0.002323324368881441,-0.0026513858407169466,-0.0022492008471945435
-0.0011061246963240297,-0.0023043571477634472,-0.0028565739906931675,-0.002528372340282359
-0.0014206902125235843,-0.002267422288490417,-0.003046805919606932,-0.0028036463941590317
-0.0017518318240231784,-0.00220906633630219,-0.0032176241477761547,-0.0030673374210239968
-0.0020978108113895444,-0.002120146997097727,-0.0033645924518876935,-0.003313386812689556
-0.0024562184791681874,-0.001988720201615224,-0.003483402106971567,-0.0035381047180358394
-0.002823494863695264,-0.0018042463735364889,-0.0035699270743210776,-0.0037398759664256653
-0.003194764426002278,-0.0015613963372980155,-0.003620235813333428,-0.003917966591495625
-0.0035640652975992837,-0.0012618981856883371,-0.0036305868224242865,-0.004070940325229089
-0.00392488624848214,-0.0009136720062341008,-0.0035974413786896142,-0.004195359660558506
-0.004270801646086064,-0.0005276178661777209,-0.0035175177763133725,-0.004285334452748979
-0.004595960476191985,-0.000113392168608617,-0.003387891022018974,-0.004333136930904313
-0.004895253765961449,0.00032407267351070024,-0.003206119660511708,-0.004330665612160223
-0.005164124970597872,0.0007858549974444906,-0.0029703671866891934,-0.004271190724870366
-0.005398139738761465,0.001277591751144655,-0.002679485733977749,-0.004150694405462396
-0.005592530726035605,0.0018058748053170273,-0.0023330443381507915,-0.003968280174230621
-0.005741938861262397,0.0023739763508718852,-0.0019313065709615218,-0.0037255031656804882
-0.005840484088699083,0.0029786687300142403,-0.0014751826853522942,-0.0034249117756356973
-0.005882155513779408,0.003609461569380662,-0.0009661905141377658,-0.003068413298500605
-0.00586137514699453,0.004250590615192923,-0.00040645313440076936,-0.0026561487822148178
-0.005773519016048945,0.004884964835534689,0.00020125745448712484,-0.0021863554113759065
-0.005615203371976574,0.005498475662760294,0.0008534442457033553,-0.0016562921718106804
-0.005384250108253941,0.006082925528361316,0.0015458069957270948,-0.0010638703160149032
-0.005079386961241328,0.006636402699846389,0.0022731951356994087,-0.0004093412166697452
-0.004699852516204195,0.007160981139846423,0.003029613358664288,0.00030363180758360975
-0.004245113746677798,0.007658724373652059,0.0038082806500261066,0.001067943959549067
-0.0037148488065213425,0.008127668038185876,0.004601723759803791,0.0018740689170559516
-0.003109224718170267,0.00855946087168985,0.005401876919878673,0.002711715579445148
-0.002429362895202236,0.008939657444116234,0.006200165464331581,0.003571459081829283
-0.0016777955906346897,0.009250562292457298,0.006987568906411168,0.004445704533887533
-0.0008587135019430536,0.009475476386803294,0.007754679596089276,0.005328623415645398
2.2108987825120163e-05,0.00960262591065203,0.008491784923255363,0.006215127804577919
0.0009576861730277164,0.009627194996569555,0.009188996340564082,0.007099341767862671
0.0019403363326768175,0.009550678040916916,0.009836427396767988,0.007973231321070973
0.0029621213914129557,0.009377883264738374,0.010424394412524685,0.008825983163515072
0.0040150239496499415,0.009112893870614591,0.010943591682560982,0.009644409560051248
0.005090790079759079,0.008755721896727575,0.01138519136484717,0.010414233047336963
0.006180516822461096,0.008301094705282064,0.011740841932477819,0.011121745712838471
0.007274184049586713,0.007739917543115538,0.012002581973342419,0.011755191417577693
0.00836036787352143,0.0070628303915395985,0.012162731492597278,0.012305344573315224
0.009426308535235683,0.00626439174477772,0.012213849732605364,0.012765102215963553
0.010458364650717061,0.005346145861528151,0.012148840744412193,0.013128323251681728
0.011442726342452803,0.004317280904277521,0.011961242344917966,0.013388465719748166
0.012366149651391711,0.0031925787989098287,0.011645663815274376,0.013537657575601325
0.013216461505677068,0.0019884828392031095,0.011198268752957485,0.013566653546375651
0.013982675758743124,0.0007188985603531484,0.010617161226631588,0.013465756218270952
0.014654719591034315,-0.0006075331876365386,0.009902546296126413,0.013226369720591324
0.015222930023087278,-0.0019875503989950083,0.009056601861307356,0.012842580338963128
0.015677575128523746,-0.003420707474754564,0.008083097791981186,0.012312135310756034
0.016008643611165385,-0.004905184447938207,0.006986894536873067,0.011636430152920485
0.016206033959341892,-0.0064337034163321205,0.00577350820482031,0.010819518427140074
0.016260107543689784,-0.007991263289783834,0.004448916427099825,0.009866559373545802
0.016162419025327224,-0.009555673589788552,0.003019697630195717,0.008782351867244131
0.01590636587616917,-0.011100729187551658,0.0014934715550263822,0.007570570171032298
0.015487536503298482,-0.012600788029403592,-0.00012051378116373357,0.006234030051791406
0.014903666639154378,-0.014034938278552983,-0.0018108758408114933,0.004775890035181474
0.01415427999146951,-0.015389108943611118,-0.0035638892552226076,0.0032013058502608494
0.013240219849658896,-0.016655322429869057,-0.005363698423726887,0.0015188656456447402
0.01216331702296064,-0.017828462783575416,-0.007192926392939947,-0.00025878200600354395
0.01092636958254567,-0.018901956414165755,-0.009033508211291959,-0.002115370462933225
0.009533462079506672,-0.019864210858632603,-0.010867487117349847,-0.004032359245281211
0.0079904911336805,-0.020697345378562104,-0.012677517256397305,-0.0059906509129629346
0.006305661675529595,-0.021378801714772522,-0.01444692000410605,-0.007972009938916398
0.004489719974032191,-0.021885232831553303,-0.01615930739044258,-0.009959648678681217
0.0025557967021495043,-0.022197122892026078,-0.017797954484938233,-0.011937801751831859
0.0005188998936272726,-0.02230228397961248,-0.019345208418245774,-0.013890538917137596
-0.001604749361586194,-0.022196833553418727,-0.0207822219884638,-0.015800389868837472
-0.003798275017418362,-0.021883294714749868,-0.022089190599487385,-0.017647437946687494
-0.006044380261662707,-0.021366652368505934,-0.023246090628557647,-0.019409348535049414
-0.008325185550726463,-0.02065005054455732,-0.024233731827566163,-0.02106241096931738
-0.010621781944413614,-0.01973197524220688,-0.02503481626952686,-0.022583250608988636
-0.012913752607013912,-0.018606163042355572,-0.025634688480293377,-0.02395058598141564
-0.015178949706778966,-0.017264352571591424,-0.026021570548694528,-0.025146382357671415
-0.017393721320554528,-0.015700813100111843,-0.026186262331734822,-0.026155998693234372
-0.019533598591587237,-0.013916828733791353,-0.026121480558360333,-0.026967338637897076
-0.021574254390703762,-0.011923301767574612,-0.025821138523217657,-0.02756942705918436
-0.023492417930329745,-0.009740376393325256,-0.025279881867288856,-0.02795107054352547
-0.025266434237620372,-0.007394177320400486,-0.02449309105431524,-0.02810022443598531
-0.02687629753310644,-0.004911922254336842,-0.02345737848812607,-0.02800439399687138
-0.02830320898246841,-0.0023173276954446542,-0.022171418271198895,-0.0276519648637793
-0.02952891986317241,0.00037188673144986084,-0.020636821889559842,-0.027033967629386813
-0.030535229280590215,0.003143435081038426,-0.018858759849610107,-0.02614559576542813
-0.031303959553307836,0.005987116633616077,-0.01684612962319254,-0.02498689359540307
-0.0318175445205201,0.008890078944611746,-0.01461124199317998,-0.023562372121445074
-0.03206010985901342,0.011832647060746077,-0.012169171927347622,-0.02187975379738505
-0.03201870596224726,0.01478644210143533,-0.009537028390800673,-0.019948407631198484
-0.03168426745999475,0.017715588450737715,-0.00673340025042074,-0.017778161397485726
-0.031051961316427568,0.020580569736148552,-0.0037781365314630833,-0.015379013447427425
-0.030120817744529016,0.023343242716029916,-0.000692463765267437,-0.012761878836821117
-0.028892822764914228,0.025971078670758985,0.002500702288714074,-0.009940054114045582
-0.027371870406263488,0.02843904590478466,0.00577646842537162,-0.0069307614098434445
-0.025563031898656274,0.030728526732857253,0.009107893402945641,-0.0037560742354861565
-0.023472468449969697,0.03282387295494493,0.01246622101406182,-0.0004427639949692863
-0.0211080422297521,0.03470815061513777,0.015821361424156945,0.0029789564565529947
-0.018480377283541904,0.03635992602495863,0.0191424555794339,0.006477358104253053
-0.015603915446338934,0.037752486714498934,0.022398329715638918,0.010021070131244564
-0.012497492814271927,0.038855871032147715,0.025557714614115906,0.01358019439743477
-0.009184144786201387,0.039640923856025134,0.02858923694321544,0.017126261287725653
-0.005690161739751398,0.0400837790775011,0.031461326295821046,0.020631115091303644
-0.002043734074104936,0.040169022290501455,0.0341422553616724,0.024065280888246873
0.001726290634771116,0.039890359619726534,0.036600501177128764,0.027396610075298033
0.005591048783978481,0.03924866341868771,0.038805486714787896,0.030589918408008787
0.009521456838587725,0.0382483431664431,0.04072858435986032,0.03360794274140014
0.013487283467127818,0.03689365280898599,0.04234411301344665,0.03641340195394008
0.01745595200198478,0.03518652442408676,0.043630010277166176,0.03897147368121984
0.021391685805848548,0.03312683121461801,0.04456794480511439,0.04125179091693154
0.025255515478982887,0.030714927277400828,0.04514283068545899,0.04322921755367015
0.029006346258702756,0.02795533597386818,0.045341944138511725,0.044883129974841895
0.03260285793149939,0.024859974451856892,0.04515402695177784,0.046195533228930996
0.036005650054900945,0.02144951048124022,0.04456880889549386,0.04714883460666297
0.03917890565119175,0.01775225683070558,0.043577259909616695,0.04772427903220672
0.042090997161830845,0.013801071006022347,0.042172625378621764,0.047901833188341514
0.04471385367720643,0.009629589451933485,0.04035199490951791,0.0476617599272246
0.04702139984989101,0.0052694148026257714,0.038117921949603895,0.04698745616100486
0.04898776925888204,0.0007494636697508439,0.035479543763044685,0.04586859668534976
0.050586123863431254,-0.003902260096143667,0.03245278547994773,0.044303447600342716
0.051788711109682695,-0.008655277849886789,0.029059528729505846,0.042299468351091496
0.05256832561565511,-0.013473194731952978,0.02532598099554073,0.039871925548466025
0.052900786906805164,-0.01831185854255002,0.021280765651746913,0.037040971567727565
0.05276761610747721,-0.023120155400814156,0.016953356458721647,0.03382821994825308
0.05215796891564295,-0.027843394566250748,0.012373360525240351,0.030254054198205593
0.05106912211392178,-0.03242813199041239,0.0075708495949385335,0.026336652953492523
0.0495053361253443,-0.03682662663754267,0.002577559881568048,0.022093092155793415
0.047475530649073616,-0.040999204405952144,-0.002571536148301856,0.017542123812677446
0.04499067600366191,-0.04491360924663809,-0.007836920834698141,0.012707613773109194
0.042061931837838795,-0.04854163511517545,-0.013174029949823612,0.007621376047403455
0.03870029576452211,-0.051854463378659676,-0.018533820439869737,0.0023243560278338737
0.03491794959957589,-0.054818708750451695,-0.02386429865362723,-0.0031342955095595704
0.030730824670689494,-0.05739495049550264,-0.0291125795419217,-0.008699974702847002
0.026161406060915215,-0.059539567500481005,-0.03422689041337533,-0.01431630249949524
0.021240657497703708,-0.0612093799214658,-0.03915799032345835,-0.019928554613154542
0.016008237056433727,-0.062367453737365464,-0.04385971698956845,-0.02548582856976634
0.010510789019074929,-0.06298791527844505,-0.04828869927825094,-0.030941445529760615
0.0047988114395901005,-0.06305796746708014,-0.05240355980162767,-0.036251745168023736
-0.0010768579972160464,-0.06257637267764227,-0.056164075989923234,-0.04137398855906825
-0.0070677332657146374,-0.06154904781943227,-0.05953072676630339,-0.04626433700125662
-0.013128631522691447,-0.059983555949874146,-0.062464857038619204,-0.05087675041528639
-0.01921660462032007,-0.05788471785033783,-0.06492943228085096,-0.0551632220552874
-0.025288322810208454,-0.05525312585039183,-0.06689013773073621,-0.05907522314332378
-0.03129697218807464,-0.05208719132877554,-0.06831648270407575,-0.06256579088635728
-0.03718993378857949,-0.048387951777948135,-0.06918262444456319,-0.06559151991403372
-0.04290825706529608,-0.044164761126507024,-0.06946778839533452,-0.06811385659047497
-0.04838831560907961,-0.039439625982610915,-0.06915635049427699,-0.07009946424354946
-0.05356526564961975,-0.034248473053801076,-0.0682377749568891,-0.07151985275743133
-0.058377295783815425,-0.028638829744078886,-0.06670661478793305,-0.072350762804541
-0.06276938478656707,-0.022664793967703933,-0.06456268506950041,-0.07257184299106878
-0.06669546471047128,-0.016381207627719552,-0.061811367064377454,-0.07216695047111882
-0.07011844588331279,-0.009839222884743731,-0.058463876205326504,-0.07112504770055017
-0.07300829241185808,-0.0030848596736927636,-0.0545372975679439,-0.06944132929109026
-0.07533898012235934,0.003839060234785252,-0.05005428020704317,-0.06711805146870287
-0.07708550340745635,0.01088856566376438,-0.04504244957493925,-0.0641646299203964
-0.07822202139032336,0.01801368638699033,-0.039533763913005227,-0.06059688250876549
-0.07872179426456422,0.02515519203057178,-0.033564117105369606,-0.05643568475784844
-0.07855892876535248,0.03224436135112342,-0.027173422570229644,-0.05170560078418451
-0.07771135440130261,0.03920601749780378,-0.020406209547227827,-0.0464341095809393
-0.07616408807400854,0.045963787951177955,-0.013312499688250046,-0.040651824894760824
-0.07391181677561409,0.052445705635113055,-0.005948521600093043,-0.0343936862345845
-0.0709601149633236,0.058588182779933495,0.0016232314029731576,-0.027700650221804013
-0.06732508877284582,0.06433707661591512,0.009334941111110634,-0.020621128649527476
-0.06303172715487981,0.06964573451537953,0.017115417117426437,-0.013211435526681692
-0.058111580991789646,0.07447108137824843,0.024892692768355165,-0.005534834056938748
-0.05260049618745227,0.07876953031029477,0.03259659989343301,0.002340700942211865
-0.046536997913584066,0.08249449091607519,0.04016058195534294,0.010345374512181787
-0.03996163944483294,0.0855965465765971,0.047522201956190474,0.018410193219766502
-0.032917305206507375,0.08802627769258003,0.054622221404828517,0.0264684553083415
-0.02545019796032727,0.08973867159344617,0.06140262950782968,0.03445565952103984
-0.017611103956954255,0.0906974903511732,0.06780440495312604,0.042307997249591514
-0.00945652236259234,0.09087806988359154,0.07376593985491264,0.04996017342004863
-0.0010493305714980583,0.09026772339554229,0.0792228779999466,0.05734361461117855
0.007541214515364353,0.08886390747994871,0.08410966680623916,0.06438603049317304
0.01624020612924297,0.08667116699926641,0.08836254753765888,0.07101281403048382
0.024968493585042932,0.08369826405463077,0.09192321395460656,0.07715006875040167
0.03364459909445019,0.07995668487362123,0.09474213324196157,0.08272840215408295
0.0421868781531632,0.07546102895284862,0.0967806306418933,0.0876862796219317
0.05051557641447074,0.07023093271960418,0.09801125230777091,0.0919718408337033
0.05855440939708373,0.06429353339178306,0.09841649070692654,0.09554261829593752
0.06623135481438652,0.05768530103137637,0.09798647981574699,0.09836337485027091
0.07347851952176032,0.050452409128987186,0.09671656073620721,0.10040300392963897
0.08023120271028089,0.04264950137354062,0.09460558760724086,0.10163183128135744
0.08642655561328044,0.03433742656212413,0.09165551491567914,0.10202055520701248
0.09200243622813331,0.025580936336740245,0.08787231380336136,0.10154148290485482
0.09689708127481178,0.016447291550560406,0.08326779339445145,0.100171864041954
0.10105002095242283,0.00700623689473881,0.07786162140377623,0.09789830136996897
0.10440427791049833,-0.00266889043387189,0.07168283319310492,0.09472074108360412
0.10690943360189992,-0.012499733336682445,0.06477036748342063,0.09065460279124826
0.10852477405377303,-0.022402184449012763,0.05717255349008621,0.08573019772871898
0.10922159419611221,-0.03228709240504951,0.0489458388726603,0.0799895052919678
0.10898392428179499,-0.042062510713949716,0.04015325363937061,0.07348130623232108
0.10780741028640112,-0.051636886566462425,0.03086309024757622,0.06625627032027914
0.10569668728280673,-0.06092212442739025,0.021148077269588367,0.058363643881019445
0.10266211894837834,-0.06983546035345042,0.011085039796939367,0.04985065036516856
0.09871703544090604,-0.07829956250719708,0.0007548049053930084,0.04076478437256981
0.09387647194653231,-0.08624103309030548,-0.00975797757446839,0.03115817008467664
0.08815791552881674,-0.09358819857079889,-0.020365345880328373,0.02109242195757874
0.08158387037077969,-0.10026942199228656,-0.030976917227734664,0.010642245402576245
0.07418539648448835,-0.10621298793467587,-0.04150099916853567,-0.0001035826685323038
0.06600540406964112,-0.11134895959431462,-0.05184564942591684,-0.011044350661605001
0.05710053763576817,-0.11561255711805041,-0.061919451476460316,-0.022072140723352132
0.0475409492529309,-0.11894792018796618,-0.07163194406261214,-0.03307779215874915
0.03740797338548002,-0.12131089864612798,-0.08089385901901047,-0.0439563841184823
0.02679041686462097,-0.12266987179441596,-0.08961747082561866,-0.05461074513806916
0.01578060986547533,-0.12300439302971339,-0.09771735821773536,-0.06495220988479189
0.0044713714407929595,-0.12230236140114142,-0.10511170807952852,-0.07489878696755145
-0.007045368473929531,-0.12055704913474458,-0.11172402141251248,-0.08437174647764756
-0.01867821505502626,-0.11776538660296709,-0.11748483273178162,-0.09329209906685582
-0.030334808314373504,-0.11392837711536286,-0.12233295235762354,-0.1015783801339861
-0.0419201647647576,-0.10905359389746122,-0.12621585447124845,-0.10914661963189426
-0.053335844758200614,-0.10315878487105962,-0.12908913867103067,-0.11591257862705762
-0.06448053257459518,-0.09627507494708937,-0.13091537512130225,-0.12179555809671355
-0.07525199795788984,-0.08844835154456071,-0.13166294205458307,-0.1267225994352067
-0.08554982427755918,-0.0797381240701669,-0.1313055382120415,-0.13063184921291499
-0.09527797855036388,-0.07021417794256618,-0.12982284425734525,-0.13347423936792457
-0.10434638635353574,-0.05995226724989666,-0.1272023744882556,-0.13521327557317753
-0.11267111961390769,-0.04903050923080671,-0.12344206193606005,-0.1358233857162367
-0.1201734189375481,-0.03752786433959959,-0.11855275599850684,-0.13528772195530409
-0.1267782957015962,-0.025525206039430814,-0.11255974232054877,-0.13359639244597676
-0.13241366996721615,-0.013108361910256772,-0.10550267085805798,-0.13074582082085107
-0.1370108044421115,-0.00037161364984278356,-0.09743381359017661,-0.1267394226653039
-0.14050626697961277,0.012580133448720499,-0.08841517123387116,-0.12158925423104883
-0.14284500866420596,0.025631823053161668,-0.07851537497972683,-0.11531793030120085
-0.1439836478760717,0.03866161971822839,-0.06780740746307984,-0.10796004690686262
-0.14389291176780666,0.05154623581321812,-0.05636785061415267,-0.09956258153589881
-0.14255846932797483,0.06416642435892844,-0.04427776617898577,-0.09018416558703785
-0.13997998522797817,0.0764107297715213,-0.03162465550124119,-0.07989355339042775
-0.13616889102640356,0.08817626837352988,-0.018504488079256892,-0.06876787845588206
-0.1311458371974793,0.09936652652566781,-0.0050227213606403864,-0.05689129313217056
-0.1249388627429529,0.10988741907859124,0.008706404575260673,-0.044354343344451375
-0.11758296669657903,0.11964361573088622,0.022562356345800144,-0.0312540465866909
-0.1091211321135217,0.1285370799637301,0.03642194056524227,-0.017694283138031897
-0.09960620170216272,0.13646887620881415,0.05016297979714947,-0.0037859281151084168
-0.08910260959658794,0.1433439368271345,0.06366689835142367,0.010353777881858595
-0.07768700662348427,0.1490772043104269,0.0768195087265983,0.024602826555140844
-0.06544727009039186,0.15359891958591737,0.08951001150125983,0.03883681503316866
-0.05248007835135693,0.15685710831106914,0.10162896062193164,0.0529315609924218
-0.03888786488203408,0.15881643489670494,0.11306640553472663,0.06676528955691655
-0.0247762702918482,0.15945410157805529,0.12371140741024352,0.08021985256048207
-0.010253038497201022,0.15875473790162276,0.13345362786154102,0.09318079727287666
0.004571293679218158,0.15670670265072867,0.14218688661646398,0.10553655007877007
0.019581353003445143,0.15330166773520387,0.14981378669481213,0.11717734596460211
0.03465462842479047,0.14853796185354445,0.1562500260610412,0.127994668904157
0.049660248072825014,0.14242647656461804,0.16142705117155048,0.13788180879237288
0.0644598706669434,0.134996682132124,0.1652922611749793,0.14673573726309375
0.07891097911749649,0.1263000264479675,0.16780684161326553,0.15446000358741
0.09287194804073495,0.11640887377692771,0.16894216685303032,0.16096794156352487
0.10620753336713853,0.1054108789921126,0.16867623350875466,0.16618531892005214
0.11879319840893367,0.09340060875513395,0.16699157086289573,0.17005172166332322
0.13051705862709145,0.08047152128692048,0.1638755213418283,0.17252039684985587
0.14127907285645452,0.06671151715387802,0.15932290120839337,0.17355682457336918
0.1509881148953188,0.052204051626567244,0.15334016998335248,0.17313675135667944
0.15955833788077434,0.037034667081396466,0.1459496846291946,0.17124461705567978
0.16690648837070704,0.02130056956342652,0.13719259019439511,0.1678731632681315
0.17295143656733875,0.005119432984869804,0.12712939804764972,0.1630245664901661
0.17761631172836856,-0.011366405761833093,0.1158381238398527,0.15671284973856947
0.18083260935493933,-0.02799270456248852,0.10341068226066319,0.1489668048624455
0.18254487105251005,-0.04458286802048221,0.08994875703102417,0.139832396615733
0.18271433112091867,-0.06096154960978051,0.07556040376259682,0.12937371972005057
0.18132035639757177,-0.07696789377900755,0.06035821541695929,0.11767201326691817
0.17835940204665085,-0.09246394627827616,0.044459180447811664,0.10482285437290034
0.17384220239047204,-0.10733539379067669,0.027985683259886984,0.09093223941290163
0.16779060602596102,-0.12148455827588255,0.011066701910846244,0.07611261130032893
0.16023556301670971,-0.13481844980272384,-0.006161714912009203,0.0604798840653934
0.1512172322115392,-0.14723658228572056,-0.023557204461824202,0.04415215694637514
0.14078721331707006,-0.1586234327027814,-0.04097300725774916,0.027250227912094943
0.1290119142114845,-0.16884877007635507,-0.05826046885813888,0.009899414623313424
0.11597545370326756,-0.17777618504020676,-0.07527134269466376,-0.007768225941428231
0.10178054115057122,-0.18527708624785078,-0.09185927635326813,-0.02561228627062473
0.0865464752909772,-0.19124534918373243,-0.10788031196471855,-0.04348377498019687
0.07040450413532359,-0.19560750119810377,-0.12319274835753724,-0.06122655692328754
0.05349185387043928,-0.1983249339332136,-0.1376570571842135,-0.07868022766934632
0.03594633416303372,-0.19938756023241705,-0.15113655598892684,-0.09568377259218824
0.017903299557755797,-0.1988014852353983,-0.163499208373502,-0.11207920161952324
-0.0005040871341842057,-0.19657545925431308,-0.17462039214968933,-0.1277144717219486
-0.019141581867782254,-0.19271129970961376,-0.18438599064964656,-0.14244533781877525
-0.037869042394772984,-0.18720195706789633,-0.19269494706428553,-0.15613617009589179
-0.056536184365441756,-0.1800380279802759,-0.19946058816557033,-0.16866009385683123
-0.0749808933182115,-0.17122036719294997,-0.2046105142352238,-0.17989894584283794
-0.09303119028269896,-0.16077419384689556,-0.20808545916936555,-0.18974347716417655
-0.11051063762293654,-0.14875955484023362,-0.20983797833430423,-0.19809402509159957
-0.12724572685182325,-0.13527436933761033,-0.20983190639921317,-0.20486162825102722
-0.14307308209174202,-0.1204489944183727,-0.20804318104087688,-0.20996937568085217
-0.15784440879388079,-0.10443428662502463,-0.2044619781770889,-0.21335371996486135
-0.17142797727513825,-0.08738735642876597,-0.19909542109699596,-0.21496554554164604
-0.18370672286778644,-0.06945982415703655,-0.19196971385439648,-0.21477090941096844
-0.19457427424550663,-0.05079221498360861,-0.183130615649151,-0.21275148645442232
-0.20393092275825012,-0.03151568000477756,-0.17264173144206602,-0.20890479813502233
-0.21168146093626394,-0.011759467358434833,-0.16058094667799921,-0.2032442706109946
-0.21773599659435627,0.008339458831064878,-0.14703614141263477,-0.19579909470665136
-0.222013623144316,0.028628814316128695,-0.13210173509885687,-0.18661381043386305
-0.22444768099125845,0.04893852208019712,-0.11587742936203238,-0.17574756650517465
-0.22499072395364333,0.06908431610278615,-0.09846975688227036,-0.16327311987450804
-0.22361744040854814,0.08887596242790946,-0.07999597140748091,-0.14927579489262377
-0.2203246023998895,0.10812694705810687,-0.06058883178426472,-0.13385273019760563
-0.21512828865991274,0.12666212791278686,-0.04040033367159984,-0.11711271932810219
-0.20805967808376663,0.14432090939417747,-0.019602647431554848,-0.09917676097348413
-0.19916122245176132,0.16095548603957324,0.0016146154552565684,-0.08017911651307352
-0.18848478397286178,0.1764257796073465,0.023050465328196046,-0.06026833954615729
-0.1760924620453574,0.19059401867642548,0.04450045845654818,-0.03960754256153759
-0.16205968482315003,0.20332196783215795,0.0657644049051321,-0.018373220655592437
-0.14647916628694496,0.21447261625864344,0.08665192040506778,0.0032477042366232944
-0.12946391706585653,0.22391620112112715,0.10698471110264929,0.02506240465913226
-0.11114780925368034,0.2315385741237178,0.12659567708580383,0.046877445079617774
-0.09168310528891721,0.23724888201821714,0.14532602275104306,0.06850368626250294
-0.07123550623974065,0.2409837379325796,0.16302214874212836,0.08975961752860812
-0.04997820315793014,0.24270641700377,0.17953396096132468,0.11047234945954401
-0.028086763880780602,0.24240156207593666,0.19471545069857207,0.1304762268953707
-0.005736325936929493,0.24006764563695365,0.20842731908860768,0.14960982743244258
0.01689835641807913,0.23571030005626847,0.2205405000992478,0.16771270505559216
0.039640579700118486,0.22933925995757726,0.23093906824473687,0.18462338943476791
0.06230851650269863,0.2209702110104132,0.2395213548644003,0.2001797765542006
0.08471294192466267,0.21063088600184515,0.24619899308337445,0.21422225552530316
0.1066572297533604,0.19836905980892816,0.2508946752838369,0.22659898074288143
0.1279401038139635,0.18425932398066253,0.2535401634802888,0.23717195484828996
0.14836059805009644,0.1684059556899793,0.25407618401646215,0.2458223127558551
0.16772390399560605,0.15094064968574772,0.2524551776754844,0.25245349778075976
0.18584655476468429,0.1320157808852573,0.24864669848063176,0.2569917889149608
0.20255977019252724,0.11179547690308686,0.24264402773181204,0.259384584085717
0.21771058280234548,0.09044750033961715,0.2344698115439084,0.2595976055619562
0.23116123187484855,0.06813852310537602,0.2241785931957408,0.2576124758378971
0.24278789238545606,0.0450340121865945,0.21185503059020355,0.25342580629730027
0.2524798728031905,0.021302181057659797,0.19760805140823487,0.24705017139690488
0.26013997364485714,-0.002880033942912502,0.1815626558953152,0.2385164223105971
0.2656859711936007,-0.027321696241650734,0.1638519575258052,0.22787610810908646
0.26905252333678825,-0.05181567499636264,0.1446119878916336,0.21520261614960406
0.27019250284644347,-0.07614073721178773,0.12398077590646786,0.20059010288919407
0.2690769946187533,-0.10006758773259919,0.10210160850959193,0.1841501943205138
0.2656938572993546,-0.12336720086952405,0.07912879582722254,0.16600742794391182
0.26004555166470017,-0.14581914913024252,0.055233309753109666,0.14629506603019143
0.2521475006493146,-0.167217843974391,0.030605717331735616,0.12515292712639567
0.24202827085258777,-0.18737550083560953,0.005454876653863044,0.10272819912250447
0.22973226938044217,-0.20612182848534108,-0.019997499909245042,0.07917903688709996
0.21532461569112304,-0.22330146111470273,-0.04552472271849403,0.05467954479021317
0.19889676679027185,-0.23877066089627863,-0.07090283868658934,0.02942398110064892
0.18057079745895444,-0.2523947183102398,-0.09591570835464311,0.0036280362861433324
0.16050029637070873,-0.2640469149113116,-0.1203560964216564,-0.022474116065531152
0.13886670110506275,-0.2736091928333726,-0.14402309811406483,-0.04863688793691775
0.11587131688573188,-0.280974111180754,-0.16671777304218088,-0.07461288921139606
0.09172476475382052,-0.2860474503083059,-0.18823965270253945,-0.10016253292724822
0.06663663611797824,-0.28875094871649465,-0.2083864894520927,-0.12506099171530755
0.04080827904252343,-0.28902495770596526,-0.2269583202823814,-0.14910072717385398
0.014430791171396229,-0.28683104633514367,-0.24376512920737642,-0.17208934409678261
-0.01231131713261105,-0.28215461376077733,-0.25863582060344803,-0.19384416979781657
-0.0392321777051441,-0.27500734511535313,-0.27142550649094943,-0.214186117471967
-0.06613519263623921,-0.26542901620906767,-0.28201857973874017,-0.23293562420578337
-0.09280566078410883,-0.25348793535439007,-0.2903265472266956,-0.24991266179311017
-0.11900828660576596,-0.2392794025293145,-0.2962815721896728,-0.26494128827971836
-0.14449096264995415,-0.22292202453764412,-0.2998283605201645,-0.27785750705006995
-0.16899425752242836,-0.20455242250431527,-0.3009177518987953,-0.28851796382897954
-0.19226425673344288,-0.1843195320967057,-0.29950483089099955,-0.29680670340042603
-0.2140653757830946,-0.1623800214898271,-0.2955527295834187,-0.30263794041648173
-0.23418981785659032,-0.13889613693707847,-0.2890411532622524,-0.3059542907525989
-0.2524614463304846,-0.11403653867212682,-0.27997682674235935,-0.3067215912166166
-0.2687336081078284,-0.08797964537535372,-0.26840222880415604,-0.3049226649030441
-0.28288229480720006,-0.060918046001578074,-0.2543994797886946,-0.3005527008487504
-0.29479737508268344,-0.03306204521259942,-0.23808789710899256,-0.29361819745028395
-0.30437506880485343,-0.004640606142778836,-0.21961592553654946,-0.2841399533248198
-0.3115142668997552,0.024101195143978738,-0.19915007179043992,-0.27215894681735825
-0.3161179570126569,0.05290788173310483,-0.17686442089704127,-0.2577427610361946
-0.318099354334207,0.08152101756704355,-0.15293395223653422,-0.24098993942702418
-0.31739088958395495,0.109686347630836,-0.12753336711107777,-0.222030396464732
-0.3139534019604536,0.13715876923354334,-0.10084107283044363,-0.201021466612749
-0.30778292559162773,0.1637041351236937,-0.07304612106719238,-0.17814078443629067
-0.2989132729515745,0.1890981317335573,-0.04435494505583204,-0.1535783286828843
-0.28741390920030174,0.21312361176397357,-0.014994996137308259,-0.12753020032834567
-0.27338396156389416,0.2355683449172639,0.014786308665947726,-0.10019595995654437
-0.25694421991462785,0.25622495150262137,0.04472709854033563,-0.07177992447684109
-0.23822939441225488,0.2748938747291363,0.07455918485732875,-0.04249527613581339
-0.21738263576013472,0.29138898240327404,0.10401619610888213,-0.012568763891136814
-0.19455352069750653,0.30554426367976684,0.13283937165387816,0.017756421117709767
-0.16989962550529203,0.31721954610122927,0.16077985826129576,0.04822128501686904
-0.14359076975196822,0.3263034209356041,0.1875979123348665,0.07855552513009845
-0.11581428795722548,0.33271253732587724,0.2130606922946055,0.10848478740104905
-0.0867794476948534,0.33638773894492924,0.23694081582772014,0.1377386383112322
-0.056719409058528236,0.3372886698950154,0.25901738283216186,0.16605706728673508
-0.02588980929495388,0.33538903113755936,0.27907995618489684,0.19319403877119112
0.005436041961451671,0.3306744169166709,0.296934577382133,0.21891783922190636
0.03697449847065991,0.3231437017745724,0.3124098779265288,0.24300920398503634
0.06843996477988015,0.3128136462897191,0.3253611626728382,0.26525896963368745
0.09955263912379958,0.29972522738975427,0.33567107231563564,0.2854670007112995
0.13004414951417703,0.28394959482558285,0.34324678254215213,0.30344342746752195
0.15966023395487972,0.26559170552318956,0.34801511336977775,0.31901213617282376
0.1881604373614965,0.2447905016794375,0.3499178190626535,0.332015453234662
0.21531559998927086,0.22171564652131315,0.3489093283251197,0.342318476909978
0.2409044715301613,0.1965618805103463,0.34495828687423646,0.34981172141942773
0.2647109463035748,0.16954264387332652,0.3380527675561621,0.354411527984049
0.28652313921090183,0.14088456327458238,0.328207532548196,0.3560586985878704
0.30613490228851264,0.11082380583441612,0.31547083339992243,0.35471656880773644
0.3233496171390252,0.07960444560752533,0.29992826730850053,0.3503699153935001
0.3379854331305754,0.04747822158036252,0.2817021617805189,0.34302561169977
0.34988076319568107,0.014704674270930918,0.2609464734905743,0.332715014176567
0.35889889913562806,-0.018449267439581654,0.23783869399629026,0.3194971037100416
0.3649310234858443,-0.051710719509129005,0.21257120419498943,0.3034608564418531
0.3678975028107643,-0.08480318271375906,0.18534458463673328,0.28472544832249325
0.36774790919710587,-0.11744924415278615,0.156364582797696,0.26343768105443166
0.3644605184549953,-0.1493729993916424,0.12584309268430277,0.23976713810004507
0.3580419692696373,-0.180301813272186,0.09400212531659247,0.21390055934468843
0.3485273838708609,-0.20996750363320066,0.06107882478254284,0.18603732292184216
0.3359807308939502,-0.2381074659289883,0.02732939364092929,0.15638753491083113
0.3204948020596529,-0.26446643646302403,-0.00696967863910361,0.125173173854063
0.3021900839674099,-0.2887994139731125,-0.0415237117005902,0.09263142929268015
0.28121211072442814,-0.31087578382073033,-0.0760248551423367,0.05901835005265804
0.2577274838216688,-0.3304841141233541,-0.11015891874856336,0.02461062054794816
0.23191939820918941,-0.3474366692692202,-0.14361267548768702,-0.010296132222040524
0.2039839209997876,-0.36157260870260477,-0.1760805330076006,-0.04539283708610817
0.1741282061580689,-0.37275916424710687,-0.20726994224248343,-0.08036517276492294
0.14257124573054802,-0.38089071026633337,-0.23690536177843852,-0.11490230060059883
0.1095468229267389,-0.38588632925952804,-0.2647308405562428,-0.14870376547249606
0.07530738151050262,-0.3876869730514927,-0.29051129501677686,-0.1814829176173784
0.04012694384497034,-0.3862534405185162,-0.31403246712341193,-0.212966588441491
0.004301275160729479,-0.3815660929643663,-0.3350995489166789,-0.24289223633486812
-0.031855747025963346,-0.3736266182503385,-0.3535346832939761,-0.2710047583652356
-0.06801936473420246,-0.3624614512096683,-0.36917398542386903,-0.29705523404200196
-0.10386330107360876,-0.3481258979477697,-0.3818651933567977,-0.3208029931298573
-0.13906894353658653,-0.33070776631784304,-0.391467275462832,-0.3420209383924698
-0.17333199830551588,-0.3103294249428713,-0.39785306359778455,-0.3605026139797037
-0.206365087547288,-0.2871476259382011,-0.40091518827676764,-0.3760686989003551
-0.23789619244197624,-0.2613509785822426,-0.40057445421569793,-0.3885707753161264
-0.26766437516868824,-0.23315548412697085,-0.3967887050789426,-0.3978913167550869
-0.29541526549565716,-0.2027989107611714,-0.3895596419797894,-0.4039404108901302
-0.32089894510447603,-0.17053494961586352,-0.37893530954327115,-0.4066511115091067
-0.34387200375714677,-0.13662805967691471,-0.36500708473015164,-0.4059759044229672
-0.36410395712802607,-0.10134972698826053,-0.34790168936366983,-0.40188629282649363
-0.3813864820025305,-0.06497657684903269,-0.32777042675264323,-0.394376129611089
-0.39554270232512145,-0.027790416307649404,-0.30477888431653155,-0.3834676105109597
-0.40643354518949926,0.009920128404534378,-0.2791003015909708,-0.3692175224326854
-0.4139591093125592,0.047857135513948545,-0.25091460891191575,-0.35172100688615726
-0.4180547463529458,0.08571117306312591,-0.2204131638621749,-0.3311109431113395
-0.4186835082302637,0.12316059524905193,-0.18780713965760598,-0.30755277565250794
-0.41582801825864374,0.15987343448538888,-0.1533361158446648,-0.28123651137412253
-0.40948511614302724,0.1955124434757254,-0.11727323387846483,-0.25236888057411877
-0.3996656465696524,0.22974301262677077,-0.07992441721765554,-0.2211687083489391
-0.38639983062938005,0.26224276575108213,-0.04162122841840114,-0.1878672722744504
-0.3697464786437505,0.29271092166753176,-0.002709189332712039,-0.1527132824857994
-0.3498026951229518,0.32087529868256787,0.03646501652719977,-0.11597995943305939
-0.32671032604722594,0.34649530557807623,0.07556371397975332,-0.07797041751001595
-0.300656401195997,0.3693603571901305,0.11426310429808778,-0.039017792495125186
-0.2718668967731745,0.38928457972860364,0.15225222272278402,0.0005216996419542125
-0.24059553422543592,0.40609996276842514,0.1892276459264611,0.04028191700992831
-0.20711114365013017,0.4196507861794893,0.2248872076974795,0.07990273449687646
-0.1716876521238656,0.42979188463833307,0.25892628723667543,0.11904392426069504
-0.1345997740709106,0.4363921063606424,0.29103913013197796,0.15739249163713698
-0.09612531822068773,0.4393425249066124,0.32092558162557744,0.19466112227634164
-0.056552476844202615,0.4385671789827545,0.3483013775285898,0.23057857900576514
-0.016188487057227363,0.43403300198988487,0.37290863968107646,0.2648759402933845
0.024634585565879635,0.4257556225559431,0.39452306561585815,0.29727431536240334
0.06556022232245781,0.413798943176935,0.41295556380585363,0.32747937798130466
0.10621502508047989,0.39826846260669846,0.4280482792484251,0.3551857610742182
0.14622183910801226,0.37930048649005343,0.43966721317687074,0.3800908473124838
0.18521465346065913,0.35705086680414166,0.44769505985982133,0.4019140616836963
0.22285076836705908,0.3316871299336721,0.4520278769791625,0.420415708642469
0.2588166688009886,0.303386649688032,0.45257774505370574,0.4354094943581854
0.2928263496591551,0.272341278660239,0.44928120310311404,0.4467651214788628
0.32461364614731425,0.23876636443480384,0.4421108871115703,0.4544009111140867
0.3539223733967806,0.20291027191922012,0.4310863708457955,0.45826995703840434
0.38049890815249576,0.16506011933715503,0.416280287621587,0.4583455131890106
0.40409091763140825,0.12554062720460618,0.39781738689009827,0.4546113349768567
0.42445358654407406,0.0847053921786545,0.3758666579961033,0.44706055005189504
0.4413617922816405,0.0429226690840499,0.3506290876312727,0.43570316999044867
0.4546243313527203,0.0005598442323398178,0.3223250749541721,0.4205789225239213
0.4640954121089519,-0.0420286029445861,0.29118545689519426,0.40177001716479455
0.4696795592363548,-0.08450600702280936,0.2574485401995561,0.37940854890011827
0.4713284930801752,-0.12655019743171003,0.2213631187385311,0.35367543806403706
0.46903154576138717,-0.16784389035968444,0.18319512841853475,0.3247912138511282
0.462803613906171,-0.20806312927826132,0.14323426543995627,0.2930022077552628
0.45267557953153453,-0.24686897035771876,0.10179706957425902,0.2585675236398358
0.4386911731933767,-0.28390657061693797,0.05922455282345937,0.22175176279669873
0.4209117415089715,-0.31881324398989996,0.015874775334314445,0.18282604590403978
0.3994272504138373,-0.35123382964564,-0.027887119648791786,0.1420763515174003
0.3743692950504183,-0.3808390405307698,-0.0716978668588075,0.09981499112449804
0.34592088922779407,-0.4073413138673704,-0.11520096205111678,0.05638946320350799
0.3143187853278274,-0.43050349962874557,-0.15804618304556253,0.012183645952817831
0.2798466966782494,-0.450138209510414,-0.19988484787300428,-0.03239092805798087
0.24282109436729685,-0.4660989048189069,-0.24036390614681602,-0.07691217362705825
0.2035739896651118,-0.47826664354109505,-0.2791227312057939,-0.12096804735950668
0.16243824351544484,-0.4865378086765952,-0.31579566672461234,-0.16417418451752808
0.11974001024871149,-0.49081761118676837,-0.3500212546167359,-0.20618298577475808
0.07580024262615426,-0.4910219225818822,-0.38145643732201895,-0.2466815624739496
0.03094374432476106,-0.48708688622738533,-0.40979191579393903,-0.28537998285142196
-0.014488657742799949,-0.4789829255955843,-0.4347641032792449,-0.3219948115341611
-0.0601305259861587,-0.4667282281365761,-0.45616007652448787,-0.3562346594751124
-0.10558764600353669,-0.45039705287956533,-0.47381426930385917,-0.38779371094403664
-0.15044539715151467,-0.43012012924087717,-0.48759852085596933,-0.4163562561559586
-0.1942841970498816,-0.40607722652845296,-0.4974094163518003,-0.44161124459625345
-0.23669845617894283,-0.3784846224681421,-0.503157768138919,-0.46327229089251437
-0.27731303102688276,-0.34758173244610896,-0.504764245125299,-0.4810967341251885
-0.31579194456350357,-0.31362108007641826,-0.5021628801970672,-0.49489791035940184
-0.35183690030292736,-0.2768642152404334,-0.49531132098740166,-0.5045474693785222
-0.38517685679391567,-0.23758378572323213,-0.4842042919736396,-0.5099682818739835
-0.4155532765980897,-0.19606968063360491,-0.46888566528361886,-0.5111218098929055
-0.44270736639290353,-0.15263582826163227,-0.4494551397015734,-0.5079955114726499
-0.4663750230273438,-0.10762427769921731,-0.42606751833942796,-0.5005953441482616
-0.48629247734701153,-0.06140450057413527,-0.3989251681215805,-0.4889460118524811
-0.5022117507655576,-0.014367821185385266,-0.368266462675338,-0.47309828414029825
-0.5139214112018461,0.03308129152805965,-0.3343540658664992,-0.45313983449714856
-0.5212660601090079,0.08053435804199584,-0.29746649552959853,-0.4292047074879101
-0.5241582617791418,0.1275859238802836,-0.25789477868282384,-0.4014771992700267
-0.5225791551813723,0.17383716239910724,-0.21594387647915889,-0.37018828062188897
-0.5165678649823604,0.21889634708246353,-0.17193677144677802,-0.3356057146324229
-0.5062036600628752,0.2623778761668367,-0.12621832936108668,-0.2980214919176596
-0.4915872201622598,0.30390209702119664,-0.07915648967542196,-0.25774114859336084
-0.4728275071254189,0.3430977301820123,-0.03113971566515933,-0.2150786046246513
-0.45003856638357115,0.37960746316689475,0.017428696730285353,-0.17035777433254315
-0.42334690942628955,0.4130958156845461,0.06613761566204061,-0.12391933949850165
-0.3929062863963284,0.4432572925995226,0.114574231309004,-0.07612888891309344
-0.35891403026610935,0.4698225820221374,0.1623279248565611,-0.027381975105350023
-0.3216226619323014,0.492561213133363,0.20899173350013592,0.02189724478800907
-0.28134222214937066,0.5112803754335331,0.25416264117267595,0.07126469496951013
-0.23843214942535776,0.525820986260609,0.29744265564384026,0.12027053846039207
-0.193285201673114,0.5360530249898598,0.3384424029940013,0.16847491001407258
-0.14630858106552533,0.5418722825907798,0.3767878582443306,0.2154607711641769
-0.09790812672711532,0.5431999911240112,0.4121293064700822,0.2608405254459435
-0.04847999017790994,0.5399856090015552,0.444150356416141,0.3042553044903186
0.001588795041335675,0.5322118338698828,0.472574386267608,0.3453683993492438
0.051912833698498535,0.5199001563964728,0.4971664339170603,0.38385621571506967
0.10209847241174848,0.503115202296369,0.5177300545883362,0.4194007324208628
0.15173668733693596,0.48196668590920355,0.5341004896021923,0.45168662608323057
0.20040264855266665,0.4566087131247447,0.546136908405336,0.4804044101575484
0.24766308376555943,0.427237017029793,0.5537169288136281,0.5052588697712612
0.2930894337046968,0.39408515726285953,0.5567358857554306,0.5259805092554977
0.33627252202047486,0.3574206480372555,0.555111658675729,0.5423371389269557
0.37683392610704725,0.31754152849046835,0.5487938909227014,0.5541431503071269
0.4144306238864449,0.27477334279289833,0.5377748688519242,0.5612651137326653
0.4487522462523603,0.229466156440826,0.522098739474736,0.5636235388350255
0.4795132933297288,0.18199126024973128,0.5018663223069073,0.5611914942035139
0.506444771640906,0.13273755091653175,0.4772342635555198,0.5539910792146471
0.5292900302427502,0.08210799147269918,0.44840910913208526,0.5420885850610652
0.5478079553040575,0.030516756150757177,0.41563836149199423,0.5255888884607629
0.5617837200941401,-0.02161253512714406,0.37920122433654135,0.5046295112464684
0.5710441140668597,-0.07384765854976211,0.33940137100240375,0.47937498549946606
0.5754723324657984,-0.1257485598730796,0.29656293016619795,0.45001254835063476
0.5750168707716659,-0.17686935123038272,0.25102947405560416,0.41675041129717244
0.5696909995811377,-0.22676269570569982,0.20316468358299694,0.37981955402596324
0.5595625695527244,-0.2749869737279542,0.15335294449354614,0.339479042726046
0.5447374190357762,-0.32111544141122006,0.10199847672487714,0.296023477558387
0.525342106603027,-0.3647454703506998,0.049522472911047,0.24978986314939675
0.5015121122857501,-0.40550543789364946,-0.003641315503078474,0.20116061705109875
0.47338982430932985,-0.44305727249588867,-0.05705148611272026,0.15056005084918658
0.441133163335543,-0.4770940355553499,-0.11026329301239222,0.09844350092375068
0.404931823735234,-0.5073338055381835,-0.16283176737805352,0.045280834743086334
0.3650252346652012,-0.5335128016557287,-0.21431383044235747,-0.00846160653046528
0.32171552319094543,-0.5553814080548303,-0.26427021262402683,-0.06233543542127293
0.27537031996535466,-0.5727060978032246,-0.31226818572524523,-0.11591653241849263
0.22641364414721057,-0.5852782887020536,-0.35788577600882354,-0.1688012943964532
0.17530712663346168,-0.5929285145663248,-0.40071741936243144,-0.22059444951757018
0.12252703836562914,-0.5955419391038658,-0.4403802848672409,-0.2708934303896836
0.06854384117037007,-0.593070137968706,-0.4765200832551381,-0.3192760980969704
0.013809847185730376,-0.5855347929130077,-0.5088152936347964,-0.36529799723577816
-0.04124249516224507,-0.5730213847692627,-0.5369793400220739,-0.40850230592793896
-0.09619302865422909,-0.5556643630992193,-0.5607610548623786,-0.4484411712722165
-0.1506215969324967,-0.5336284010127473,-0.5799444033587533,-0.4847027770809064
-0.20409704109896484,-0.5070920097145362,-0.5943486066109283,-0.5169359332068362
-0.25617265433771097,-0.4762392551977114,-0.6038294089356814,-0.5448642903999005
-0.3063905414396622,-0.44126263972460883,-0.6082814673538489,-0.5682855308055969
-0.3542937983483897,-0.40237624736721556,-0.6076410712748859,-0.5870560113300174
-0.3994424561119012,-0.35983440141379314,-0.6018880205110312,-0.6010665279914196
-0.44142785366796733,-0.3139487684294041,-0.5910457245544205,-0.6102181975153341
-0.47988097432494814,-0.26509699052300234,-0.5751793716061153,-0.6144076110132045
-0.5144729178253015,-0.21371858222219897,-0.5543930068781538,-0.6135272372304048
-0.5449090081676025,-0.1602981146266028,-0.5288270698774913,-0.6074816159486104
-0.5709207101436821,-0.1053401208220294,-0.49865796070763374,-0.5962141349507848
-0.5922604544756747,-0.049343098257762244,-0.4641004066577819,-0.5797352348658565
-0.6087032508470648,0.0072196375300991045,-0.42541202627343855,-0.5581422108334777
-0.6200560548443945,0.06390685453315283,-0.3828980880874951,-0.5316236543141484
-0.6261723947272507,0.12030294779027302,-0.3369136780767703,-0.5004469596271229
-0.6269671542344615,0.1760016818883937,-0.287860784080997,-0.4649332275485398
-0.6224257492272756,0.23058707296480285,-0.2361792301540034,-0.4254281569450177
-0.6126035890921748,0.2836192381050154,-0.18233252382673407,-0.3822785754115815
-0.5976151323926941,0.33463113739407446,-0.12679173667900343,-0.33582178242512306
-0.5776157623733607,0.3831381679543938,-0.0700216800954635,-0.2863898571343161
-0.5527826039150171,0.42865801170369877,-0.01247329614666351,-0.2343254539243157
-0.5233010961925364,0.4707346528204516,0.045415675226760585,-0.18000150161814235
-0.489362248892539,0.5089593019046972,0.10321250416369986,-0.12383614019118938
-0.4511716518781051,0.5429824447831344,0.16047728591542035,-0.06629648118622003
-0.4089668707123529,0.5725147312500527,0.21675198988057098,-0.007889380512176733
-0.3630365125224023,0.5973185556961162,0.27155586491524675,0.05085750502311278
-0.3137333033949959,0.6171953841198387,0.32439034344135204,0.10941754998356708
-0.26147542512156186,0.6319749827873168,0.37475336204996845,0.16728237476691235
-0.2067344914271109,0.6415113762943037,0.4221596779658424,0.22396930488949693
-0.15001341054067002,0.645687225090026,0.4661615339529877,0.279018300846207
-0.09182116319319114,0.6444246639748673,0.5063637655424298,0.33198210441737125
-0.0326527573049831,0.6376979417755538,0.5424293034380969,0.3824161579983344
0.027019241833982195,0.6255424909281292,0.5740743639906737,0.42987481641193215
0.08673955241683506,0.6080565602577417,0.6010562379558347,0.47391753220374855
0.1460545904110011,0.5853946018526217,0.623159152953648,0.5141242597667244
0.20449385844271845,0.5577549410987541,0.6401842426295564,0.5501151538843492
0.26155722042020957,0.5253665131685121,0.6519479906653178,0.5815674896252778
0.3167151249061789,0.48847971090103676,0.6582902466707542,0.6082235276473157
0.3694242090224064,0.4473645657781209,0.6590892553512404,0.6298865022583262
0.4191549423233505,0.40231633070331796,0.6542784685876075,0.6464066276636343
0.46542318278316935,0.3536653442861143,0.6438592184992242,0.6576630721992112
0.5078155448133854,0.30178613980126345,0.6279048628333351,0.6635495633350909
0.5460001646299579,0.2471009120735771,0.6065551717847263,0.6639699213305681
0.5797193042774731,0.190074629404048,0.5800032927297141,0.6588458911076321
0.6087665882205203,0.13120240859817686,0.5484802436453793,0.6481347156929629
0.6329572403903618,0.07099291291457897,0.5122425599444859,0.6318499554923251
0.6521024298819884,0.009953198562519958,0.47156721911548993,0.6100777023222165
0.6659976639228442,-0.051420082649810725,0.4267548982782089,0.5829821186477828
0.6744304049882273,-0.11264075561350187,0.37813918756448217,0.5507984276413054
0.6772053594974546,-0.17322567852761891,0.32609692353177777,0.5138163772366999
0.6741795541159963,-0.23268419206528007,0.2710542698543765,0.4723607978729749
0.665295645374886,-0.29051039103733145,0.21348475216289156,0.4267766950864823
0.650602241697781,-0.346183334392561,0.1538985212079469,0.37742403120541546
0.6302542825609903,-0.3991774120472179,0.09282547125313212,0.3246829098494
0.604493244833421,-0.44898118642447243,0.030797174987274953,0.26896514300064167
0.5736137757953877,-0.4951196202363969,-0.03166698516944555,0.2107251573101433
0.5379278855622683,-0.5371730266544518,-0.09406575251069656,0.15046320023103368
0.497738479608479,-0.5747869870897562,-0.15591331098056851,0.08871690531130623
0.45333056220125645,-0.6076705831829751,-0.21673055639023742,0.026042235654332807
0.40498212858944893,-0.6355844465727343,-0.2760351206043872,-0.037010405512914846
0.3529898230283096,-0.6583237888770654,-0.3333352871668258,-0.0999165622230902
0.2976993059802955,-0.6757033548261904,-0.3881313099295165,-0.16218712619226028
0.2395287169144687,-0.6875504633047211,-0.43992472669188165,-0.22336331108385543
0.1789761263606683,-0.6937092442495177,-0.4882332122083284,-0.28299947175141416
0.11660749484325511,-0.6940549791522818,-0.5326065261686106,-0.34064114190253797
0.053028375250274394,-0.6885136700078277,-0.5726389235280829,-0.39580805148715265
-0.011151951866958547,-0.6770799928546477,-0.6079750187610388,-0.44799048173088196
-0.07535289403152964,-0.6598273472778545,-0.63830882390613,-0.49666254020127065
-0.1390420153563789,-0.6369065553883395,-0.6633783801630868,-0.54130957662553
-0.2017367771974773,-0.6085338094278692,-0.6829599788842956,-0.5814614806389666
-0.2629899500951161,-0.5749722041374066,-0.6968658022891825,-0.6167211809409237
-0.3223655547385772,-0.536513250151955,-0.7049470105030244,-0.646779307658063
-0.3794150805089565,-0.4934644321802011,-0.7071016347779397,-0.6714110990828386
-0.4336631770402113,-0.446146340545219,-0.7032842335787082,-0.6904582585150958
-0.48460837563748443,-0.3948991697752283,-0.693513145582518,-0.7038040068950946
-0.531739082058506,-0.34009486304441505,-0.6778718235232382,-0.7113518504354466
-0.5745600018347443,-0.28214917973126596,-0.6565029196353522,-0.7130166918423758
-0.612621031050413,-0.2215281613310616,-0.6295966457441304,-0.7087316174884489
-0.645540400936285,-0.15874570905215413,-0.5973772904204793,-0.698467117259687
-0.673016372197209,-0.09435234756357191,-0.5600926631306958,-0.6822542908392569
-0.6948259574023841,-0.028918430026194264,-0.518010248232032,-0.6602018785674092
-0.7108134312177301,0.03698314490953754,-0.47142133152452814,-0.6324994445949592
-0.720874289425175,0.10278980552683228,-0.42065126621796034,-0.5994047495649621
-0.7249409735490339,0.16795487569552695,-0.3660715723295583,-0.5612199688279378
-0.7229750955188763,0.23194594238253993,-0.3081086817978991,-0.5182662229182986
-0.7149678770645191,0.2942389261550263,-0.2472452061758404,-0.47086686270395833
-0.7009472954657142,0.35431230386462165,-0.18401221580174154,-0.41934659070543034
-0.6809881786826877,0.4116456818374712,-0.118974181623985,-0.3640470589230194
-0.6552209139143538,0.46572503953841654,-0.05271073826232979,-0.3053526030981458
-0.6238355270268385,0.5160542415258992,0.014199662945148524,-0.24371507949432158
-0.5870800346755733,0.5621699241682488,0.08119014387581511,-0.17966634096950612
-0.5452542183807477,0.6036555458844262,0.14770824974553026,-0.11381104150910806
-0.4987014406076553,0.6401507018981245,0.21321264670101056,-0.04679968683635447
-0.4478013381120285,0.6713535631224994,0.27716734377811536,0.020710611600187376
-0.39296525631346535,0.6970167791775896,0.3390378496801647,0.08809531999228655
-0.3346346666093843,0.7169394237436957,0.3982926080172229,0.15478894771724336
-0.27328128243627553,0.7309587327575586,0.4544106619035354,0.2202906460238383
-0.2094067961380885,0.7389451159751073,0.5068937752570654,0.2841484230585356
-0.14354037523881036,0.7408024004063337,0.5552792968433464,0.34592930857856624
-0.07623311767734606,0.7364731414508277,0.5991496789592057,0.40518786121649913
-0.008050062157316115,0.7259469487984227,0.638135900335862,0.4614457503565879
0.06043853704130439,0.70926880417036,0.6719145419063677,0.5141906718577562
0.12866459961715987,0.6865445774081326,0.700200901749874,0.5628953539716113
0.19606672599369995,0.6579421724941501,0.7227422275466671,0.6070498273101093
0.2620914493683699,0.6236883837495847,0.7393151807433339,0.6461954211968388
0.326192199766188,0.5840629294768557,0.7497299763658762,0.6799488909813022
0.38782791647714787,0.5393917411104032,0.753840901441139,0.7080095900448586
0.44646348163456895,0.4900412724534887,0.7515601771186824,0.7301497653393539
0.5015735840394838,0.4364146069014112,0.7428704855620183,0.7461949178915389
0.552650492310196,0.37894899518450176,0.7278316098390409,0.7560049217018707
0.5992149401465222,0.31811369063363465,0.7065785271127689,0.7594657172354863
0.6408283367780281,0.2544068882121941,0.6793112583496017,0.7564962807307318
0.6771041001185942,0.18835119423972033,0.6462796934294815,0.7470683678446377
0.7077161299021011,0.12048800733951825,0.6077683661749644,0.7312302797665113
0.7324031451349674,0.05137197132635178,0.5640860705239477,0.7091232916045325
0.750968540922223,-0.01843316004412887,0.5155633042471514,0.680981642383103
0.7632763120909067,-0.0883564752451343,0.4625575094660286,0.6471133414035573
0.7692442705935518,-0.1578200076408597,0.4054630818996268,0.6078669980941692
0.7688361859658662,-0.2262384741677159,0.3447212687723209,0.5635961849069495
0.7620546117149403,-0.2930207776945927,0.2808250616903999,0.5146348044316515
0.7489360456389582,-0.35757515679601204,0.21431601563822578,0.46129352717092986
0.7295496998500192,-0.41931872300453377,0.1457728980117678,0.40387970001319107
0.7040004985731474,-0.47769046480518423,0.0757950732692771,0.3427340534740638
0.6724359889503931,-0.5321652633859724,0.0049854329678333115,0.2782705783405738
0.635055760708583,-0.5822657077359665,-0.06606222517215023,0.21100390660457963
0.5921209827576067,-0.6275689005112095,-0.1367682177261907,0.14155238648070081
0.5439611303075713,-0.6677069520825192,-0.2065641908609108,0.07061349342570651
0.49097521566287267,-0.7023619607620537,-0.2748853721922766,-0.001081831944767804
0.433625978689682,-0.7312581941795508,-0.34116271336362647,-0.07282162023194208
0.3724273537633614,-0.7541551680873152,-0.4048199986154657,-0.1439552591655798
0.307927595573779,-0.770844939671884,-0.46527931754735846,-0.21391266178654594
0.2406920061747298,-0.7811552797793577,-0.5219753050087699,-0.2821955503438879
0.17128960100121488,-0.7849580508623932,-0.5743752942882521,-0.34834635122994045
0.10028695391557184,-0.7821799757165397,-0.6220001677898428,-0.4119082081926992
0.02825006749905891,-0.7728118760150264,-0.664440070909122,-0.4723925004250374
-0.044247843038303585,-0.7569128575275406,-0.7013605271546901,-0.5292669828294614
-0.11661722723961487,-0.734607719349894,-0.7324974203882976,-0.5819695757059787
-0.18824727149570197,-0.7060784134369851,-0.7576428291632423,-0.6299430647645665
-0.258509600375093,-0.6715527047118539,-0.7766266450404461,-0.6726782661003066
-0.3267720704999634,-0.6312943545602219,-0.7893003078993083,-0.7097504496627336
-0.3924202194717104,-0.5855986545849526,-0.7955283803868134,-0.740836932327441
-0.45488052153575265,-0.534795083324437,-0.795191245666139,-0.7657113975483126
-0.5136380734367783,-0.47925596774990686,-0.78819871375736,-0.7842195966728918
-0.5682425034225188,-0.4194073844847853,-0.7745108567695435,-0.7962480586341287
-0.6182996186618326,-0.35573717284395545,-0.7541600369746313,-0.8016996024066421
-0.6634514305424473,-0.2887954520482518,-0.72726756681051,-0.8004860680160595
-0.7033519093178496,-0.21918534853991484,-0.6940499030389014,-0.792541212640821
-0.7376482764394411,-0.14754497154806348,-0.6548122814517918,-0.7778482083364726
-0.7659766780412677,-0.07452482978934286,-0.6099313371014423,-0.7564700469556167
-0.787976714657787,-0.0007666743847855387,-0.5598314374844849,-0.7285698383813524
-0.8033228319033068,0.07311054627495073,-0.5049612313621383,-0.6944119710649754
-0.8117642067829067,0.14651430689543954,-0.4457767498004613,-0.6543427599415126
-0.8131608428820247,0.21887204670048738,-0.3827353258560671,-0.6087574488479719
-0.8075037428150188,0.28961862729095544,-0.3163012242773301,-0.5580659516838807
-0.7949115080212656,0.35818400144814927,-0.2469601840277925,-0.502670289858106
-0.7756032102567829,0.42398744224335194,-0.17523717503289377,-0.4429620631192326
-0.7498553926659293,0.48644239205731876,-0.1017104472820061,-0.37934029023340443
-0.7179567637324363,0.5449721154922698,-0.027015819960786214,-0.31224173151504603
-0.6801753983126269,0.5990322484260643,0.048162078318466015,-0.2421706084872924
-0.6367494068293169,0.6481335275474353,0.12311102588424415,-0.16971453307588424
-0.5879042280435247,0.6918575457583359,0.1971204339613056,-0.09553852033912744
-0.5338905523195732,0.7298605670857957,0.2695114905379964,-0.0203572356227095
-0.47502956956302045,0.7618645568543262,0.33966055950155727,0.05510608362569526
-0.4117493784460032,0.7876392110683561,0.40700993720408446,0.13016049426701912
-0.34459909163710123,0.806982232350514,0.47106371741916664,0.20417452302092412
-0.2742345735569576,0.8197060806903436,0.5313709871124463,0.2765813523397832
-0.20137931404920623,0.8256374507235233,0.5875025020135393,0.34686201985827364
-0.12677233199045712,0.8246313642129683,0.6390291179440635,0.41451487845372803
-0.051119263979805776,0.8165964685720062,0.6855098465318186,0.47902462374415655
0.024938574192319263,0.8015237465835625,0.7264945088559098,0.5398441964768037
0.10082885717010692,0.7795089684727925,0.7615414253215207,0.5963978808925461
0.1760276374972468,0.7507606317470196,0.7902458105569933,0.6481059037958696
0.2500231919971261,0.7155894877886493,0.8122710634279124,0.694422851725379
0.32227919004831174,0.67438165779883,0.8273741004763533,0.7348772401004029
0.39221177189964196,0.6275628179128796,0.8354176519439003,0.7690993552059713
0.459189659501668,0.57556409176777,0.8363664816897347,0.7968289744619343
0.5225578474389665,0.518799979222925,0.8302695056609859,0.817901929134741
0.5816769118878413,0.4576648821371517,0.8172341294841756,0.8322218849627708
0.6359646199779856,0.39254875358558194,0.7974013731354778,0.8397284645015315
0.6849261892495621,0.32386608255138805,0.7709297625841771,0.8403733287588476
0.7281642163941876,0.25208794626418485,0.7379927587981023,0.8341121509589964
0.7653670973510978,0.1777657366732342,0.698789761195664,0.8209141760168757
0.7962827095609462,0.10153779474275362,0.653566073431342,0.8007847311114222
0.8206892522400371,0.024115698189140368,0.6026342199278176,0.7737919528770415
0.8383756028111955,-0.05374650104130274,0.5463886360924732,0.7400884208318534
0.8491393077040806,-0.1312914002954416,0.48530809130363156,0.6999211877962371
0.852803122940506,-0.20779460266303024,0.4199443799964996,0.6536284581696199
0.8492436779468453,-0.2825884758897429,0.35090035601903347,0.6016258558546204
0.8384211677705218,-0.35506802120188347,0.27880372459911007,0.5443880634728379
0.8203987127302682,-0.4246797410126887,0.20428404269693284,0.48243176143920685
0.7953441620144213,-0.4909000804535415,0.1279588475483684,0.41630360496537056
0.7635139627799072,-0.5532132699755012,0.05043137575660144,0.3465737426560344
0.7252255567578487,-0.6110981469153398,-0.027701759777866184,0.2738326956776634
0.6808289379505418,-0.6640299462765319,-0.10583784641606547,0.1986884500641115
0.6306879231459652,-0.7114974480550706,-0.18335658226061027,0.1217616140299855
0.5751774484607853,-0.7530302559271972,-0.2596152043798945,0.04367872390082064
0.5146965308821106,-0.7882273363518226,-0.33395292891045414,-0.034934078563281894
0.4496900810607585,-0.8167775205562526,-0.40570399974452775,-0.11345399099325168
0.3806690697310121,-0.8384655609059389,-0.4742158030414467,-0.19125926286246003
0.3082190770832337,-0.8531624593126136,-0.5388671913250527,-0.26772250004771486
0.23299177117149317,-0.8608042925344725,-0.5990827024638277,-0.34220334680175163
0.155680578472424,-0.8613676825983294,-0.6543403646574403,-0.4140460421364465
0.07698807549174919,-0.8548510262670128,-0.7041733375027712,-0.4825867066815121
-0.0024040282688760073,-0.8412683038529811,-0.7481677091162044,-0.547172106408957
-0.08185235569935441,-0.8206575985250204,-0.7859595956638483,-0.6071870813294432
-0.1607516400656851,-0.7931010777815529,-0.8172340868159876,-0.6620836266751006
-0.23851854999726652,-0.7587490450122061,-0.8417269688320965,-0.7114026401327274
-0.314567539937098,-0.7178392164685672,-0.8592283502814971,-0.7547807279618675
-0.38828988862577896,-0.6707040889296343,-0.8695861562115592,-0.791939033173973
-0.45904596335467807,-0.6177634700212442,-0.8727074523264667,-0.8226573181452901
-0.5261757348869358,-0.5595044006192792,-0.8685566740696105,-0.8467421893153352
-0.5890255938807142,-0.4964549504548993,-0.8571515126900471,-0.8640011388418876
-0.6469832689166134,-0.4291602185233103,-0.8385586325136141,-0.8742327091413651
-0.6995095210327004,-0.35816771519888563,-0.8128918419628886,-0.8772378076000176
-0.7461564818386326,-0.2840256299866247,-0.7803145201923164,-0.8728497771076827
-0.7865675367080633,-0.20729267732961032,-0.7410462830886517,-0.8609739352466386
-0.8204605791981178,-0.12855401848581494,-0.69537179496072,-0.8416235136327571
-0.8476026090974287,-0.048435669192264275,-0.6436481956769473,-0.8149397584898043
-0.8677866628988146,0.032389489353359724,-0.5863074962708001,-0.781189205631925
-0.8808208233496004,0.11320781436358306,-0.523851655650922,-0.7407389715670027
-0.8865340757912079,0.193282437549888,-0.4568404311562885,-0.694018470276333
-0.8847970222118728,0.27187754692410415,-0.38587459280714526,-0.6414805004370987
-0.8755495577239205,0.34828256058198953,-0.31157871174433377,-0.5835744879581927
-0.8588248348027698,0.42182973221222625,-0.23458780094033488,-0.5207398915935837
-0.834760233916231,0.4919014438954261,-0.15554052988423658,-0.4534201764192855
-0.8035910448815682,0.5579273926488171,-0.07507913741216296,-0.3820901594596654
-0.7656291722520578,0.6193755512526211,0.006146454156252409,-0.30728473181837856
-0.7212348261340135,0.6757428166276505,0.08747441540025444,-0.22961668082442385
-0.6707916552965046,0.7265509380322797,0.16823068288441598,-0.14977558179945438
-0.6146941715067528,0.7713508340632056,0.24773478571660934,-0.06850682337823186
-0.5533512549548772,0.809734766940394,0.3253113670634338,0.01342293002165141
-0.48720301353534745,0.8413524709405957,0.40030437198061775,0.09526283827623376
-0.41674284656056815,0.8659255325382771,0.4720895285625885,0.17630605555873594
-0.3425343545661415,0.8832547835062357,0.5400812378205997,0.25590122487200617
-0.2652146036764795,0.8932180182463364,0.603732179107952,0.33344598123045266
-0.18548047083146102,0.8957590113818513,0.6625269942139218,0.40836774934871317
-0.10406133779815124,0.8908721932943762,0.7159741042319393,0.48010141728652844
-0.02168672502216601,0.878589140432928,0.7636009012200087,0.5480739522298377
0.060940512447538855,0.8589725379033838,0.8049566591532058,0.6117027052368393
0.14315687019073733,0.8321206082717234,0.8396247543166759,0.670408485046639
0.22433359317092094,0.7981811096497335,0.8672421545273132,0.7236387552404027
0.30385828090838274,0.7573702866534264,0.887521003108587,0.7708927268951364
0.3811115800696929,0.7099899627490163,0.9002657304149393,0.8117399480799055
0.4554498983113082,0.6564361112271833,0.905380097710532,0.8458271117425931
0.526202993287556,0.597194727400156,0.9028616618130938,0.8728728127451868
0.5926898443350559,0.5328248171014749,0.8927852848839103,0.8926548037028624
0.6542494346953447,0.46393245954114376,0.8752810198255596,0.9049970178669605
0.7102774855956955,0.39114278858881574,0.8505136223127341,0.9097632516818192
0.7602578572204682,0.31507739368936444,0.8186703544994043,0.9068612078550757
0.803779104748342,0.23634285962462317,0.7799608390794075,0.8962559802072995
0.8405318636403216,0.15553255193229953,0.7346285223102165,0.8779879175185606
0.8702894028051169,0.07323951635362529,0.6829692979961866,0.8521877767455841
0.8928793837907893,-0.009925121606312433,0.6253504306430365,0.8190829047036212
0.9081575602926846,-0.09331550007287931,0.562222898070659,0.7789914503833275
0.9159929540584403,-0.17624266440633984,0.4941225797730451,0.7323059430355573
0.9162695049245597,-0.25797836556804965,0.4216594516374511,0.6794712495015021
0.9089030667706043,-0.33777107550065405,0.3454977450996596,0.6209635644973518
0.8938671747271612,-0.4148706275272066,0.26633257024060536,0.5572761791766145
0.871218171731891,-0.48855549423478395,0.18486899281889202,0.48891483454949985
0.8411109503045517,-0.558156244090386,0.10180798659981952,0.41640177773681764
0.8038003137656211,-0.6230702014268799,0.017840789501154135,0.340284682409205
0.7596282609081958,-0.682765200402148,-0.06634986657689895,0.2611454412545169
0.7090023325367578,-0.7367736169075807,-0.15008528589397246,0.17960473961447687
0.6523727935643369,-0.7846805658245724,-0.23268721637949874,0.09632066215987674
0.590216038369908,-0.8261114987177569,-0.3134781252716946,0.01198220988252208
0.523028545725748,-0.8607241252823135,-0.3917862234565216,-0.07269965775598047
0.4513312917165153,-0.8882078218854057,-0.4669539759063558,-0.1570006623512482
0.3756804957482812,-0.9082911037255728,-0.5383475320989279,-0.24019001877992946
0.29667840878829277,-0.9207551395299783,-0.6053644968125232,-0.32153587506797277
0.21497823418276993,-0.9254494384490297,-0.6674386139906932,-0.40031139724188225
0.1312798681934612,-0.9223052281267918,-0.724041646169008,-0.4758038128225469
0.04631680685983849,-0.9113427749562881,-0.7746841911173015,-0.5473275203932375
-0.0391621920937969,-0.8926706899230235,-0.8189177297930875,-0.6142401784643161
-0.12441149448659891,-0.8664775518926913,-0.8563396130948772,-0.6759585479175373
-0.2087023449828747,-0.8330182903244002,-0.8866012432212192,-0.7319698783448352
-0.29132959602707453,-0.7925991060133248,-0.909418035700899,-0.7818354410459265
-0.37161201748022044,-0.7455649134743535,-0.9245785948795924,-0.825185276331183
-0.4488892674448827,-0.6922923301555337,-0.9319504073654271,-0.8617064236567279
-0.5225195905054065,-0.6331894118416697,-0.9314803274726111,-0.8911295114445471
-0.5918815117891896,-0.5687011796254555,-0.9231898113490102,-0.9132194214419924
-0.6563806624728,-0.4993181346588824,-0.9071665793107984,-0.9277743105696443
-0.7154603772568359,-0.42558396192625414,-0.883555471762498,-0.9346340105662394
-0.768612921892706,-0.3480987899599032,-0.8525513082986103,-0.9336949790395382
-0.8153878713811795,-0.26751566650013275,-0.8143955848038691,-0.9249261141697781
-0.8553953684777158,-0.1845299548719123,-0.7693772723911594,-0.9083791138145959
-0.8883041973004495,-0.09986353327612621,-0.717836447124232,-0.8841890348764216
-0.9138368511626538,-0.014247306283331363,-0.660168554653195,-0.8525645952481609
-0.931765097230928,0.07159392150557081,-0.5968270856184195,-0.8137720266017994
-0.9419093745000815,0.15695091625253707,-0.5283232090830761,-0.7681191594333987
-0.944143754782866,0.24113239067116363,-0.455222073763477,-0.7159466139483848
-0.9384057875813583,0.3234612287749844,-0.37813651992277586,-0.6576302359355524
-0.9247083029516863,0.40326764789909986,-0.2977194504343739,-0.5935942076991192
-0.9031490624469227,0.47988356694573797,-0.21465597610189502,-0.5243294011213542
-0.8739145083873581,0.5526422307336198,-0.12965587611464366,-0.45040851426146455
-0.8372756456076424,0.620885535288322,-0.0434462859849887,-0.372489707600125
-0.7935766322478908,0.6839789880970353,0.04323578790990416,-0.2913039857007594
-0.743219014258329,0.7413316255272171,0.12965136224816512,-0.20762728054991003
-0.6866458575007988,0.7924163661715256,0.2150674936458649,-0.12224398559140492
-0.6243298643366435,0.8367858445230467,0.29876460455200066,-0.035912327223610555
-0.5567680192378888,0.8740799301620429,0.38004215390039364,0.050658064258181396
-0.4844829918443799,0.9040235481083311,0.45822212720683253,0.13680987576201817
-0.4080292797083106,0.9264163036027779,0.5326507462876546,0.22192301428214511
-0.3280006581104094,0.9411178342531836,0.6026998058117125,0.305387239059652
-0.24503532848419213,0.9480339660970141,0.6677695944637013,0.38657354459794246
-0.15981615576132813,0.9471082602021551,0.7272950404508802,0.4648159250027968
-0.07306509022524446,0.9383215771713695,0.780755479780403,0.5394116171833643
0.01446737733779769,0.9216995251271205,0.8276866734608292,0.6096414916451707
0.10201566333892645,0.8973250218274429,0.8676921234576725,0.6748052472618236
0.1888130090982118,0.8653515651000547,0.9004501321943157,0.7342609910194914
0.2741038689298311,0.826012683542313,0.9257138906844021,0.787457439796287
0.3571536815030954,0.7796244203619342,0.9433040764263488,0.833949781410595
0.437255900219488,0.7265800644193546,0.9530962936510887,0.8733960752685472
0.5137368256959742,0.6673388422506555,0.9550080988369499,0.9055377793416732
0.5859590170891569,0.6024120624963754,0.9489912442376909,0.9301731311281494
0.6533239421206554,0.5323506791609987,0.9350335368800284,0.9471339101686354
0.7152742741531402,0.4577373045641461,0.9131715328918082,0.9562740795246207
0.7712960694395024,0.3791837430333481,0.883511159266459,0.9574738728172248
0.8209210498337435,0.2973328612390817,0.846249771430228,0.950657006235379
0.8637293106015966,0.2128618665365025,0.8016915691277053,0.935814042257629
0.8993528036573901,0.1264834316296334,0.7502495396709645,0.9130231238577619
0.9274797618809933,0.03894177852954475,0.6924310051306292,0.8824607949733435
0.9478598034065508,-0.04899744284861718,0.6288092170201884,0.8443996305337789
0.9603089292219275,-0.1365624853639395,0.5599884120160725,0.7991942458145188
0.9647132658948345,-0.22299318821767944,0.4865724606803017,0.7472610822996157
0.9610304622826099,-0.30755721400198044,0.4091465567009838,0.6890588508399822
0.9492882254919971,-0.38956131263155774,0.3282773366229981,0.6250753281726089
0.9295804353242061,-0.4683554745275344,0.2445306580665294,0.55582307150651
0.9020622446040161,-0.5433298958751258,0.15850009923503677,0.4818429379555866
0.8669461060986636,-0.6139067785311068,0.07083526993197647,0.4037115400766067
0.8245004307456114,-0.6795305082822456,-0.017741269416149896,0.3220478826785061
0.775051534504491,-0.7396602730339926,-0.10643609201305614,0.23751550110118913
0.7189879910428212,-0.7937685713323278,-0.19440731029803335,0.15081873823720265
0.6567650674515136,-0.8413475056855418,-0.2808018043605111,0.06269420684260299
0.5889062245066979,-0.8819226766912367,-0.3647968299233054,-0.026100061047749493
0.5159991315639832,-0.9150724298301272,-0.4456342344170368,-0.11479526636282916
0.43868526111435546,-0.9404486727289858,-0.5226382518301312,-0.20262098451507327
0.3576443830506928,-0.9577948555397073,-0.5952136530698549,-0.2888130895114108
0.2735773316042085,-0.966957155631397,-0.6628277988804581,-0.3726218203043177
0.18719140339797474,-0.9678863492522073,-0.7249854544370944,-0.45332125973660853
0.09919213221401034,-0.960629974393653,-0.7812072199391096,-0.5302202750287152
0.010283035130487159,-0.9453167023509916,-0.8310204875372293,-0.6026732786078819
-0.07882807384667856,-0.9221367717659641,-0.8739667740923291,-0.6700879980702927
-0.1674203475570761,-0.8913233750469778,-0.9096230389057745,-0.7319276193866193
-0.25475426107655497,-0.8531396817911074,-0.9376294895953712,-0.7877064093805521
-0.3400738943185861,-0.8078746936359833,-0.9577142335596549,-0.8369806683471722
-0.4226193237437872,-0.7558486594923812,-0.9697066206907339,-0.8793394427399583
-0.5016475365802704,-0.6974259642899581,-0.9735355495501361,-0.9144005517322512
-0.576456773306498,-0.6330310361072667,-0.9692146114817739,-0.9418163311952651
-0.6464073497391303,-0.5631616437938566,-0.9568205909476225,-0.9612901652414452
-0.7109326731459931,-0.4883944340569974,-0.9364738350525605,-0.9726004381766352
-0.7695373037309936,-0.4093796599712426,-0.9083277247164274,-0.9756247163201998
-0.8217835184932843,-0.32682523219871557,-0.8725705585668082,-0.9703554527246225
-0.8672722585160224,-0.24147352907713227,-0.8294382013060073,-0.9569002464085645
-0.9056268759038876,-0.15407675984735014,-0.7792317710470795,-0.9354644074470767
-0.9364876291047031,-0.06537724678332954,-0.7223329339458947,-0.9063197702036028
-0.9595213511692336,0.023902520841626893,-0.6592105460617179,-0.869769104330928
-0.9744452322210211,0.11305841208259196,-0.5904158087693057,-0.8261179312168287
-0.981058124834002,0.20139400453733217,-0.5165673318172608,-0.775663849524096
-0.9792692547933679,0.28820628781453056,-0.4383308545963641,-0.7187078966818565
-0.9691141420476752,0.372774754352345,-0.35639963865214574,-0.6555848111253613
-0.9507511648802857,0.4543600321511202,-0.2714803990828149,-0.5867020101006399
-0.92443844650934,0.5322151462296613,-0.18428675703825528,-0.5125732925274995
-0.8904975039538732,0.6056082153382956,-0.09553889207078313,-0.43383428227835347
-0.8492749740903438,0.6738513432214976,-0.005965748203102521,-0.35123230293298835
-0.8011148840776029,0.7363280707373145,0.08369431208584054,-0.26559185127407614
-0.7463507769571875,0.7925119049790987,0.172697076954762,-0.17776514929502568
-0.6853204641509292,0.8419711532908257,0.2603004194253146,-0.08858241142434622
-0.618398415072629,0.8843596787951409,0.3457743639108646,0.0011834458409590732
-0.5460344746033436,0.9193977628206125,0.428409961580719,0.09082799949127207
-0.4687849591752006,0.9468504217554353,0.5075243519361536,0.17970122685507461
-0.38732423057873844,0.9665111723655029,0.5824615382318077,0.2671757429306105
-0.30243098235185756,0.9781971439647608,0.6525909628666239,0.3526109848909482
-0.21495166821172,0.9817573435533482,0.7173076592464365,0.43532800087826684
-0.12575098856317815,0.9770912445866362,0.7760376469187158,0.5146052637974954
-0.03566358078573345,0.9641713277045774,0.8282501838123094,0.589698035178601
0.054539412432220116,0.9430619777519549,0.873475250230203,0.6598751958921425
0.14416023140991896,0.913928607309626,0.9113215895703524,0.7244613106847639
0.23256001271772783,0.8770344248566229,0.94148919655393,0.782870213712246
0.3191270897921462,0.8327265464733509,0.963771177664916,0.8346200280124503
0.40324070818371827,0.7814165852144721,0.9780432747556527,0.8793267810925778
0.48424392729391963,0.7235622255215993,0.9842438964815143,0.9166818353578718
0.5614360140138769,0.6596551934917956,0.9823514918823115,0.9464241486031417
0.6340878369862866,0.5902180013839127,0.9723678475130444,0.9683197646441206
0.7014760220179835,0.5158081242038328,0.9543144793326981,0.9821574777754398
0.762925563612744,0.4370253219464073,0.9282449928594714,0.9877627501277653
0.8178481848716033,0.3545167627752134,0.8942705220853735,0.9850244107058634
0.8657656666060645,0.268975762472829,0.8525902121588245,0.9739233794894943
0.9063127985893598,0.1811327781876228,0.8035161516585656,0.9545516791639292
0.9392215551581132,0.09174057680244771,0.7474832792907038,0.9271136711960146
0.9642941443958856,0.0015578831010658453,0.6850393500978715,0.8919083215268306
0.9813757188271154,-0.08866366312475688,0.6168165255840217,0.8492986697408123
0.9903368427964668,-0.17818593530495763,0.5434922777603172,0.7996796649125371
0.9910717148659305,-0.2662837414750965,0.46575087609808447,0.743456191105718
0.9835122109792045,-0.35223992391082193,0.3842564592316907,0.6810391641281599
0.9676521630636119,-0.43534077179190955,0.29964466078982077,0.6128605453105236
0.9435728327898076,-0.5148763769501854,0.2125333956114632,0.5394006876149258
0.911460349923974,-0.5901485817137139,0.1235469767332858,0.46121645648556286
0.8716088620394382,-0.6604860063994447,0.03334347305335847,0.37895796281559313
0.8244081209902876,-0.7252625949843208,-0.05736544840156649,0.2933657487602477
0.7703194308427661,-0.7839144449509414,-0.14780993032126552,0.2052473645145443
0.7098475432017246,-0.835950108372155,-0.2371748362376794,0.11543978186006039
0.6435170616716532,-0.8809519363674614,-0.3246265270298374,0.024769182506895037
0.5718600172608399,-0.918569453969243,-0.4093456523024611,-0.06597955830650254
0.4954172702120325,-0.948508828357459,-0.49055692784852545,-0.1560751527034242
0.41475169371909604,-0.9705239773351564,-0.5675488893140241,-0.24483227976752756
0.33046725239069,-0.9844141290261266,-0.6396808100524601,-0.33158975127313317
0.24322628166742477,-0.9900299471162994,-0.7063786090354489,-0.415685222587636
0.1537579607084797,-0.9872867300818948,-0.7671249038231351,-0.4964381373696686
0.06285379787084858,-0.9761801066784259,-0.8214492981171546,-0.5731491115793683
-0.02865007201111571,-0.95679831908278,-0.8689234820682042,-0.6451174639232379
-0.1199001104664742,-0.9293261547692865,-0.9091626876457639,-0.7116715973285384
-0.21005582948553914,-0.8940384913870543,-0.9418319253703701,-0.7722020869138909
-0.2983164998862954,-0.8512851201131673,-0.9666535639766057,-0.8261864305724753
-0.3839384582295609,-0.8014715617799024,-0.9834128671936517,-0.8731977384599984
-0.4662401930005555,-0.7450418020412292,-0.9919598300969026,-0.9128958434400445
-0.5445958689140885,-0.6824678020336115,-0.9922080699664113,-0.9450059990002384
-0.6184210859417827,-0.6142477583182944,-0.9841333607139464,-0.9692949421007944
-0.6871566418294888,-0.5409115769133626,-0.9677747071785585,-0.9855549055550008
-0.7502563997803644,-0.4630293078460395,-0.943239437084322,-0.9936029006620999
-0.8071840235365617,-0.38121742643693934,-0.910711291485879,-0.9932965310490685
-0.8574207184288596,-0.29613912883287163,-0.8704581269612588,-0.9845610581941062
-0.9004829094548057,-0.2084976205373599,-0.8228348278516336,-0.9674178887492527
-0.9359458397312672,-0.11902447166218971,-0.7682780343998303,-0.9420037925642224
-0.9634671752899691,-0.028467136461685912,-0.7072920977162359,-0.9085732925520893
-0.9828044025070664,0.062420201140224826,-0.6404291983934629,-0.867482610791624
-0.993821258312021,0.15288022728848505,-0.5682693075465588,-0.819160101897326
-0.9964813344726913,0.24215140003285196,-0.49140633013709367,-0.7640728531998333
-0.9908306145241776,0.32946586444530096,-0.4104448442695904,-0.702700370982722
-0.9769740353495735,0.4140513728483626,-0.3260078977369843,-0.6355235936387276
-0.9550532018274076,0.49514118924099737,-0.23875181056064987,-0.5630318880163453
-0.9252323944133641,0.5719928930273779,-0.1493806759580414,-0.4857442271207284
-0.8876978100675901,0.6439130333853043,-0.058652684189408236,-0.40423571144538917
-0.8426710469067986,0.7102813472288987,0.03262705497222052,-0.31915871377553356
-0.7904332569787604,0.7705671874540835,0.12362765344792268,-0.23124976984255902
-0.7313525426071561,0.8243325737284479,0.2135226312446473,-0.14131815876739126
-0.6659053542463603,0.8712204334146416,0.3015204355377643,-0.05021817132348774
-0.5946836226735077,0.9109317185738013,0.3868859629203621,0.04118774096686294
-0.5183830477951282,0.9431992717750874,0.4689467288863357,0.13206510148240064
-0.43777339919716596,0.9677679286339997,0.5470829096187051,0.22163364347507433
-0.35365723847412833,0.9843886504483033,0.6207066155418324,0.30917798641297584
-0.2668273657588618,0.9928299542449602,0.6892400822771274,0.3940421621176943
-0.1780341593854653,0.9929040958027446,0.7521032271331107,0.475612262659882
-0.08797136306097553,0.9845004146432619,0.8087177772003107,0.5532946196612968
0.002716555750239758,0.9676157613634532,0.8585290204947826,0.6264975218531081
0.09340897116868319,0.9423728615297278,0.901039417018497,0.6946226263728628
0.1834747940199904,0.9090214447789849,0.9358434115376357,0.7570687834350097
0.2722414259868359,0.8679225105539327,0.9626517377737915,0.8132472259548149
0.35897821369691896,0.8195212177817723,0.9812968077789344,0.8626041470556041
0.44290115218226156,0.7643168119300939,0.991717314443397,0.9046453140521219
0.5231988999557184,0.7028378578137315,0.9939275684974659,0.9389576453562238
0.5990734460228395,0.6356281236724107,0.9879826053140093,0.9652241707756037
0.6697842111788718,0.5632440616795233,0.9739516548801541,0.983230795057421
0.7346834641640116,0.48626070832360213,0.9519095472545434,0.9928651129265592
0.7932339600129982,0.4052804913742586,0.9219491029668184,0.9941087708602094
0.845005616683795,0.32093955984148825,0.8842099164108236,0.987025466749525
0.8896548272248888,0.2339084876251071,0.8389129800707817,0.9717468095518733
0.9268953764915485,0.14488735029889044,0.7863884871020177,0.9484581895296098
0.9564721248145588,0.05459776561866324,0.7270866193233589,0.9173866991920078
0.9781469838774264,-0.03622459059526269,0.6615672064246616,0.8787929742326521
0.9917019167791625,-0.12683451817325508,0.5904715397507525,0.8329684251855071
0.9969574892154651,-0.2164787622741831,0.5144856048150918,0.7802385264447625
0.993800067324832,-0.3043967473716638,0.4343064116940759,0.7209715890892523
0.9822079522995557,-0.3898241478443603,0.35062118412668286,0.6555909778366102
0.9622674393588089,-0.47200219293238804,0.2641037890610036,0.5845874652617787
0.9341736078756868,-0.5501931969078675,0.1754260925446247,0.5085278415107977
0.8982161219108615,-0.6236997054661193,0.08527648543045507,0.4280563684030178
0.8547554451583348,-0.691882308528408,-0.005624360418549189,0.3438872155987682
0.8041978479985428,-0.754170806392255,-0.09651867800359527,0.25678828693241507
0.746977439242525,-0.8100654415670742,-0.186621045133057,0.16755917644747895
0.6835503765623618,-0.8591286796423674,-0.27513946439866804,0.07700763738403738
0.6144016267101835,-0.9009720465533841,-0.3613008592199927,-0.014070664568941134
0.540059949180783,-0.9352450554333457,-0.44437226260412244,-0.10490537924576931
0.4611138462557913,-0.9616330178928755,-0.523671101098208,-0.19475609974793817
0.37822102741328556,-0.9798673380266989,-0.5985627836205911,-0.2829093867892847
0.29210641422375605,-0.989746781312776,-0.6684492885565281,-0.36867135469293427
0.20354784019677336,-0.9911631435470412,-0.7327563469909592,-0.4513600560037208
0.11335281572187389,-0.9841218227985311,-0.7909275389306112,-0.530301578868601
0.022332526881425046,-0.9687484242431517,-0.842430831977065,-0.6048322385787664
-0.06872028108799,-0.9452767794603909,-0.8867778873502158,-0.6743070881163078
-0.1590447215829176,-0.9140202607762191,-0.923550904063906,-0.7381129547677179
-0.24791498925688027,-0.8753346417196279,-0.9524280993634655,-0.7956829894491007
-0.3346353807281266,-0.8295845050875761,-0.9731986486763597,-0.8465096178338833
-0.4185315098533797,-0.7771247005940338,-0.9857612352524896,-0.8901537061879122
-0.4989426906999773,-0.7183035236664503,-0.9901060926990053,-0.9262492422275277
-0.5752192256690314,-0.6534867052622159,-0.9862864220911687,-0.9545042686503911
-0.646725983753903,-0.5830936773118693,-0.9743890614007651,-0.9746996710235812
-0.7128512267603068,-0.5076327522682774,-0.9545147475495781,-0.9866874739656464
-0.7730180811041196,-0.4277217233518482,-0.9267750252964052,-0.9903896551297549
-0.8266958286124503,-0.344085147815811,-0.8913069995473482,-0.985797536858627
-0.873409148983006,-0.2575275870966644,-0.8483008189809733,-0.9729710436193609
-0.91274493875166,-0.16889045987063145,-0.7980302861000204,-0.9520368819883245
-0.9443575394518906,-0.07900584168313535,-0.7408758875034158,-0.9231850998396156
-0.9679735340296682,0.011338590544821071,-0.6773321487221974,-0.8866643016641784
-0.9833966107364102,0.10141355350594908,-0.6079965207077294,-0.8427766254484583
-0.9905117738331275,0.19053902264084685,-0.5335430524439102,-0.7918739951285076
-0.9892871470952442,0.27805838958591833,-0.45468876070267616,-0.7343568981641921
-0.979771470532827,0.36330831268159824,-0.37216233093141354,-0.6706760381970215
-0.9620864313855797,0.44559792055411496,-0.28668315198193206,-0.6013359997962864
-0.9364149076654638,0.5242071475908867,-0.19895449531545123,-0.5268990138145038
-0.9029882379935648,0.5984064776755413,-0.10966954524893,-0.44798646667986547
-0.8620767818215544,0.667492124573688,-0.01952482217631462,-0.365276172763797
-0.8139875693282869,0.7308248166149729,0.07076631708445011,-0.27949452851380435
-0.7590706502436388,0.7878590759615417,0.1604665466081125,-0.19140411126697265
-0.6977324730702521,0.8381536182849834,0.248817251532418,-0.10178856071907254
-0.6304514596738424,0.8813607602695412,0.3350506496570248,-0.011437239534082027
-0.5577891997452287,0.917200691712063,0.41840781846557074,0.0788679956741054
-0.48039126761718365,0.9454320867424137,0.49815763881799763,0.16836246190020232
-0.3989746177666597,0.9658316681005119,0.5736122159401063,0.2563045268847838
-0.3143029608406883,0.9781916105457715,0.6441363811710603,0.3419785517307268
-0.22715589990637367,0.9823365536219377,0.7091513934846552,0.42469631460782475
-0.13830024175425876,0.9781542496670181,0.7681348794021614,0.5037982247693404
-0.04847164794194992,0.9656284673560305,0.8206196973700874,0.5786550184109873
0.041628469871864617,0.9448617402887044,0.8661937429530844,0.6486698709852012
0.13132116281444892,0.9160792330716739,0.9045012632995613,0.7132803810919748
0.21992903621230342,0.8796119319503413,0.9352448528108102,0.7719599464715341
0.30675556070209065,0.8358648790021539,0.9581866773393167,0.8242186502716464
0.39107424323041945,0.7852814149012997,0.973147905883117,0.869604604221832
0.4721340540065381,0.7283154513621505,0.9800065494281756,0.9077072874220744
0.5491817597724008,0.6654203695070171,0.9786952377692246,0.9381643503531254
0.6214955888466412,0.5970566478269912,0.969201144334392,0.9606724490147752
0.6884202346376129,0.5237132963969038,0.95156981632809,0.975001127047868
0.7493922939362316,0.4459332665597058,0.9259131277055465,0.9810071036542583
0.8039482948565948,0.3643319739173805,0.892419524529269,0.9786452370523847
0.8517135002798777,0.27960113343439996,0.8513630580020741,0.9679724898474218
0.8923765460404118,0.19249590632891886,0.8031072090342248,0.949142631738537
0.9256601827036554,0.10380955730803056,0.7481005747955668,0.9223918853232586
0.9512999727188318,0.01434402992234772,0.6868638622185079,0.8880185125764897
0.9690400727687066,-0.07511443737631396,0.619970504727335,0.8463614951853742
0.9786490928385777,-0.16380838253743318,0.5480255148889353,0.7977841432657302
0.9799516315130123,-0.25100969156502695,0.47164799377411404,0.7426672791485547
0.9728651078144015,-0.3360116522390011,0.39146165136576716,0.6814138196596522
0.9574291437270797,-0.4181196409361263,0.3080950614635707,0.6144629518508318
0.9338169185049159,-0.49664757671035287,0.22219008424371495,0.5423088372295879
0.9023239019984572,-0.5709242269656125,0.13441410528826037,0.46551701094409303
0.8633370737250836,-0.6403087517961786,0.04547044974879959,0.38473203691608154
0.8172944042113788,-0.7042105470036137,-0.04389802395173232,0.30067249817514574
0.7646476281497091,-0.7621063002548336,-0.1329148282319884,0.21411327362567523
0.7058400114130519,-0.8135480826092694,-0.22078479236185405,0.125859016870399
0.6413053883494999,-0.8581598556396874,-0.3067147649697244,0.03671547967106741
0.5714871729197457,-0.8956244932257627,-0.3899352209287613,-0.052534124603103784
0.4968690345614215,-0.925667345877889,-0.46971807045223524,-0.14114235033276906
0.4180049575540209,-0.9480439012151851,-0.5453876442332448,-0.22839857217035958
0.33553683115144783,-0.9625375903034741,-0.6163243066319765,-0.3136202271279529
0.2501923097252311,-0.9689698543134291,-0.6819624790432455,-0.3961398587308492
0.16276271333889458,-0.9672197842482435,-0.7417862344377661,-0.4752948057240095
0.07406764736090993,-0.9572468681765192,-0.7953256855179067,-0.5504251686149955
-0.01508265220266676,-0.9391090818365742,-0.8421563020122111,-0.6208824759694864
-0.10391595859202055,-0.9129701940413177,-0.8819016415044407,-0.6860474089141312
-0.19171012148731276,-0.8790940255101503,-0.9142384871325109,-0.7453514864824786
-0.27778727031364325,-0.8378279493764947,-0.9389026118597015,-0.7982960165980918
-0.3614953192347601,-0.7895813960025146,-0.9556935130363882,-0.8444624682654589
-0.44218625276591783,-0.7348062584761449,-0.9644772534349324,-0.8835114319246706
-0.5192013686207686,-0.6739845948505948,-0.9651875142203274,-0.9151714343744446
-0.5918706325630276,-0.6076256401967634,-0.9578256079822585,-0.939222582492161
-0.6595278113820175,-0.5362703226137124,-0.9424602378956615,-0.955481967843235
-0.7215371939116515,-0.4604987496611346,-0.9192272867543694,-0.9637972264669424
-0.7773236289834959,-0.3809354826655337,-0.8883292321906011,-0.9640517583586051
-0.8263967012109525,-0.2982489222472646,-0.8500333653650438,-0.9561808627280657
-0.868362302145445,-0.21314397509747057,-0.8046681515451165,-0.9401939351755085
-0.9029195738623179,-0.1263500446985204,-0.7526178091607962,-0.916195372031466
-0.929846360290794,-0.03860805410170781,-0.694316159973577,-0.8843968526853
-0.9489799936719208,0.04933996158382213,-0.6302414886022174,-0.845116253812179
-0.9602012137624655,0.13675694203893518,-0.56091408056547,-0.7987627158417026
-0.9634270915395573,0.22291328394714396,-0.4868971295100956,-0.7458118570859223
-0.9586149182002763,0.3070883711504233,-0.40880009221402236,-0.6867782601428761
-0.9457747148249284,0.38857427947374706,-0.3272819602598227,-0.6221930552266131
-0.9249849473472083,0.4666835633332822,-0.24305105979068398,-0.5525924677014411
-0.8964052430630217,0.5407606929256783,-0.1568584226358795,-0.4785192877079011
-0.8602815027541482,0.610194378423354,-0.06948354939484706,-0.400534742452219
-0.8169419693292483,0.674426857505184,0.018286004172660637,-0.31923477277852785
-0.7667861898307894,0.732956905574435,0.10567727354880699,-0.23526342467069883
-0.7102710589314865,0.785335700327284,0.19195141702185942,-0.14931735664344453
-0.6478984763040847,0.8311577845927237,0.27641517382381,-0.062138802983058766
-0.5802076326638372,0.8700518635229237,0.35842152223518053,0.025501532350237097
-0.5077723610558356,0.9016768567835072,0.43736022712350536,0.11282675461393074
-0.43120153397596794,0.925727022870871,0.5126424016543027,0.19907483804475928
-0.3511392053281168,0.941946559781143,0.5836854084186082,0.28351298544454406
-0.26826157475388895,0.950150152545446,0.6499045246937611,0.3654427063085559
-0.18326962742650638,0.9502430794258167,0.7107156671576249,0.4441967741911016
-0.09687860180627092,0.9422339519020015,0.7655498043493872,0.5191323680663551
-0.009807171842738747,0.9262353092206514,0.8138757586382294,0.5896260560997086
0.07723042742305566,0.9024513996052613,0.8552253128020111,0.6550753438864617
0.1635273518895601,0.8711570132158712,0.8892138851871458,0.7149086603743475
0.248382524142454,0.8326744150270098,0.9155517321204516,0.7686020032142268
0.3310971578967523,0.787355972734634,0.9340440152078536,0.8156974336680405
0.41097349681512907,0.7355777200185132,0.9445818490355403,0.8558173965932233
0.4873194445828024,0.6777447268221439,0.9471292040525959,0.8886699597981067
0.5594606673346044,0.6143044728228239,0.9417112768981467,0.9140431525480944
0.626758704653744,0.5457612890550861,0.9284084554076595,0.9317905131463187
0.6886308398662773,0.4726845937863179,0.9073569748023478,0.9418132647511355
0.7445661326567887,0.3957062324973668,0.8787540684419728,0.9440459621297967
0.7941327708205699,0.3155066834619785,0.842863236931249,0.9384514008264846
0.8369746098742308,0.23279438644958866,0.8000151064207743,0.9250273696419984
0.8727985108435574,0.1482851382077146,0.7506012950056561,0.90382357325321
0.901357478908652,0.06268825233942518,0.6950619478334148,0.8749632703081234
0.922436340489875,-0.02329691259779692,0.6338707611842931,0.8386622291929322
0.9358460430903673,-0.10897511773249556,0.5675230008487733,0.7952382156751168
0.9414297625283033,-0.1936454365436495,0.4965313949546409,0.7451071980292615
0.9390798369534523,-0.2765948510006596,0.42143193338484897,0.6887667463075964
0.9287605845023451,-0.35710148006920683,0.3427975513475221,0.6267712049574534
0.9105297196407434,-0.4344496993561522,0.26125399075388334,0.5597057001660741
0.8845512097046,-0.5079541875228266,0.1774903508896937,0.4881660639897669
0.8510949773238907,-0.5769856250612515,0.09225783072803093,0.4127493624813367
0.8105229655237458,-0.6409892573882989,0.0063537625531997315,0.33405580953090575
0.7632653210304068,-0.6994896245355646,-0.07940695044714745,0.25269885591409386
0.7097933859816421,-0.752079805965093,-0.16422625341204816,0.1693175830169406
0.6505968803169944,-0.7983996294736765,-0.2473539853596557,0.084585102283951
0.5861709708834123,-0.8381120134245972,-0.3281069927023157,-0.0007914719181079041
0.5170155342078193,-0.8708879504066481,-0.4058714812054186,-0.08608052373330774
0.44364503299547836,-0.8964078581286898,-0.48008932424164885,-0.17054236968191536
0.3666043235523355,-0.9143809948599277,-0.5502344708919947,-0.25344763972438766
0.28648430354524707,-0.9245775719613827,-0.6157889608739167,-0.3340922085965279
0.20393185823621512,-0.9268628180947079,-0.6762281278504956,-0.411804996885731
0.11965065945845005,-0.9212207398637562,-0.7310213052826826,-0.485948088642062
0.03439215744468621,-0.9077584438328907,-0.7796488899607663,-0.5559119003382608
-0.05106136689368405,-0.8866886282569524,-0.8216309074278425,-0.6211102799260535
-0.13591824630114369,-0.858295775197653,-0.856558283776818,-0.6809805519369423
-0.21939954129269604,-0.8228976938987944,-0.8841172299257255,-0.7349915639382214
-0.3007585943879655,-0.7808159998984372,-0.9040997113982865,-0.7826594512610239
-0.37929589429071675,-0.7323660054585077,-0.9163979181514078,-0.8235673873549244
-0.4543682329226867,-0.6778693836169281,-0.920986138581175,-0.8573833685691253
-0.5253919793004089,-0.6176844296600968,-0.9178974985634458,-0.8838700092667486
-0.5918408574325801,-0.5522419515111192,-0.9072042424025235,-0.9028825334446957
-0.653239093310702,-0.4820723476943677,-0.8890082759209867,-0.9143549358465425
-0.7091513953285644,-0.4078122724348505,-0.8634444012382693,-0.9182783397207909
-0.7591719888598174,-0.3301864622756285,-0.8306937157930601,-0.9146784516221339
-0.8029156201577774,-0.2499691999904189,-0.7910008800947581,-0.9035996373889646
-0.8400136724273486,-0.16793724715029026,-0.7446877266998023,-0.8851012164005403
-0.870117906297514,-0.08482916719189992,-0.6921573386199211,-0.8592676773288837
-0.8929127078900629,-0.0013236352146078177,-0.6338865240625875,-0.8262299330550085
-0.908134370907984,0.08195756387286646,-0.5704090298895785,-0.7861909851207199
-0.9155935245381275,0.16442508196323252,-0.5022951624722836,-0.7394477184130753
-0.9151952121251702,0.2454870382935674,-0.4301344895188496,-0.6864015533713757
-0.9069510580631264,0.32451815344522705,-0.35452667735459925,-0.6275540168189605
-0.890979703088344,0.40084596255419314,-0.27608199110689824,-0.5634878546275189
-0.867494870623123,0.47376077696297486,-0.19542898173974516,-0.4948386086253964
-0.8367840958943689,0.5425474458438423,-0.11322398031431512,-0.42226423684089087
-0.7991840696255137,0.6065291926077829,-0.030156324797664582,-0.3464205584265032
-0.7550596437545001,0.665109648891051,0.05305501954086881,-0.26794806336719523
-0.7047923226833499,0.7178000871714774,0.13567434956410618,-0.1874717493728699
-0.6487808340076356,0.7642243094565295,0.21696877207807574,-0.10561144601557365
-0.5874521951055809,0.8041015894663114,0.29622896452703074,-0.022996926023739754
-0.5212780146231015,0.8372155649085355,0.37278527085681146,0.059719044705832294
-0.4507889099832598,0.863381372816757,0.4460151232364181,0.14185543442683674
-0.37658057937259215,0.8824231746042845,0.5153411844306208,0.22270824384279586
-0.2993080331740464,0.8941697875993697,0.5802231877621986,0.30156551162762424
-0.21966870974171493,0.8984692196660151,0.6401487994650374,0.377728015841772
-0.13837914172770788,0.8952160992745556,0.6946290279925506,0.45053003555836546
-0.05615205542915875,0.8843817356697996,0.743201694334986,0.5193548916151053
0.026319543010470306,0.8660362090818532,0.7854430639730654,0.5836420906655186
0.10836749315853345,0.8403553535630723,0.8209842804452179,0.6428859471468598
0.1893431662544653,0.8076112555759933,0.8495271038992545,0.696628465824239
0.26860605387756054,0.7681507056832904,0.8708534962673282,0.7444510410110553
0.34551293725788224,0.722369789824555,0.8848258068067862,0.7859696017805636
0.4194141081818942,0.6706932719412892,0.8913778451393475,0.8208362428175885
0.48966043057641134,0.6135646773730983,0.8905006099552872,0.8487477365580266
0.555620872776561,0.5514482965765788,0.8822285070700636,0.8694585809072011
0.6167060590028702,0.4848395884438504,0.8666317151017089,0.8827943693524367
0.6723909139188864,0.4142774542948573,0.8438179733129174,0.8886609305648012
0.722229537587822,0.3403515837054444,0.8139433561221856,0.8870459903020824
0.7658580368401791,0.26370044417557637,0.7772279604280543,0.8780126057639057
0.8029852052555296,0.1849994068164046,0.7339702493650075,0.8616864436012834
0.8333751634351708,0.10494236303544749,0.6845539154377036,0.8382411314798134
0.8568288127379997,0.02422251360561915,0.6294435347739575,0.8078866406117505
0.8731712450354578,-0.05648199666492426,0.5691691151962748,0.7708646648686881
0.8822500191526443,-0.13651412628125587,0.5043034955512196,0.7274525473913954
0.8839453030790783,-0.21523561949762662,0.43543902308075777,0.6779742578530468
0.8781887115158086,-0.29201955211025543,0.3631701202364632,0.6228142680440553
0.864984708275369,-0.36624285748214114,0.28808618993821644,0.5624288298716924
0.8444276724879378,-0.43728381016758044,0.21077558854176573,0.4973496296053531
0.8167093061939954,-0.5045274313784056,0.13183746216660983,0.4281769790096524
0.7821143114025939,-0.5673787330960323,0.05189549582766176,0.355562930420231
0.7410059644440103,-0.6252808017629401,-0.028392982477278048,0.2801879216408767
0.6938060723843115,-0.6777329790074523,-0.10833740012119596,0.20273669202814765
0.6409749204378001,-0.7243043727850969,-0.18722534459445755,0.1238795193372296
0.5829960127337228,-0.7646395248325171,-0.2643426925120813,0.044263155089412136
0.520368175566398,-0.7984556114172885,-0.3389972942083809,-0.035487308844057715
0.4536048843510433,-0.8255331364006278,-0.4105400241138281,-0.1147580134667312
0.38323849153304557,-0.8457038426303389,-0.4783781227746269,-0.19293258407854344
0.3098260371876109,-0.858840036316695,-0.5419785204457571,-0.26938145188798013
0.23395363558280152,-0.8648486858270708,-0.6008622062635169,-0.34345965385330723
0.15623764979035426,-0.863671930838605,-0.6545934987430393,-0.4145156849808066
0.07732230980313518,-0.8552936435907843,-0.7027693661870293,-0.4819102134795305
-0.0021255403285148702,-0.8397500211592885,-0.7450134048761434,-0.5450400306178498
-0.08142358398977861,-0.8171412498641231,-0.7809770348043413,-0.6033606657641988
-0.15988241444095197,-0.7876411843010585,-0.8103477413939851,-0.6564013405873926
-0.23681505443911216,-0.7515025971579522,-0.8328617696938949,-0.7037683233362051
-0.3115477681496619,-0.7090566203643276,-0.8483173612883479,-0.7451365034241364
-0.38343200206536776,-0.6607062298895328,-0.8565847489654685,-0.780232887008338
-0.4518564742041144,-0.6069147917855506,-0.8576104894476957,-0.8088184036729449
-0.5162575435746926,-0.5481916160828981,-0.8514157092205328,-0.830674986776603
-0.5761256123686376,-0.4850770299994625,-0.8380897042475205,-0.8456031270504624
-0.6310058718165407,-0.41812957543940493,-0.8177814546104849,-0.8534315716607154
-0.6804932304953561,-0.34791748243384746,-0.7906917204420445,-0.8540367209514368
-0.7242233097723054,-0.2750155738460403,-0.7570676055589955,-0.8473659382282748
-0.7618631590542564,-0.20000735871715392,-0.7172002339625387,-0.8334575454575349
-0.793106009420897,-0.12349057605193754,-0.6714249968593344,-0.8124511985372906
-0.8176734638192431,-0.0460832796533815,-0.6201230894988701,-0.7845852909346848
-0.8353261314134866,0.031572872232621056,-0.5637229112172655,-0.7501820177124807
-0.8458805977644701,0.10881488442325415,-0.5027002302978654,-0.709624412426253
-0.8492279174886863,0.18496747970913574,-0.4375765403301276,-0.6633318511499542
-0.8453476238479164,0.25935807179685655,-0.36891547747145137,-0.6117405440167385
-0.8343121864912688,0.3313347688263683,-0.29731738193079055,-0.5552934947178649
-0.8162797522908101,0.4002832884497368,-0.22341210986850904,-0.49444108078174903
-0.7914769332054564,0.4656387241604669,-0.14785020546426214,-0.4296499634384456
-0.7601769486866463,0.5268895423669298,-0.07129271116322171,-0.3614156174055045
-0.722680227168961,0.5835736125352036,0.005599705414138609,-0.2902730967890716
-0.6793038424848303,0.6352686955065214,0.08217711386470751,-0.21680179376761524
-0.6303830452715578,0.6815817291163004,0.15780861781279548,-0.1416223412184327
-0.5762836995104506,0.7221417472067074,0.2318871234238374,-0.0653865109244045
-0.5174202587074126,0.756600111246291,0.3038298268111961,0.0112370005697736
-0.45427158869249856,0.784639266590944,0.37307490301247587,0.08757725749643129
-0.38738740164595864,0.8059882789349618,0.43907627278727546,0.16297323574682288
-0.3173812280647058,0.8204409754125521,0.5012993421260881,0.23678201734017068
-0.2449106170339997,0.8278714548334556,0.5592207597643016,0.3083833928257668
-0.17064988178521387,0.8282424128261539,0.6123342878682578,0.377182483867851
-0.095263464170528,0.8216039104609058,0.6601630012183464,0.44261227187660124
-0.019387808243519895,0.8080831388773415,0.7022757865421633,0.5041372404581754
0.05637347620429235,0.7878683956974062,0.7383042945045301,0.5612581477496233
0.13144129738206264,0.7611920108189161,0.7679558290700232,0.6135168773319751
0.20524465709828413,0.7283168888937765,0.791018516636333,0.6604999184999112
0.27720421351248065,0.6895297938786731,0.8073573200301851,0.7018395061067593
0.3467239466992002,0.6451421050250459,0.8169023648820943,0.7372125851004221
0.4131959868139157,0.5954963856644743,0.8196336317987616,0.7663390018703382
0.4760186492806723,0.5409755062965578,0.8155673805083936,0.7889810265623443
0.5346226200310485,0.4820106777137445,0.8047491564092082,0.8049460486194533
0.5884969777767239,0.41908553266306514,0.787255965937969,0.8140930513738587
0.6372065883704463,0.352734900722833,0.7632069200363936,0.8163417031726565
0.6803954593888529,0.2835385234778549,0.7327784723311951,0.8116813354886321
0.7177757909977089,0.21211111022693824,0.6962184711781285,0.8001764372211295
0.7491077848570072,0.13909057299564265,0.6538533423209931,0.7819659792681551
0.7741787658409147,0.06512607502949211,0.6060848602998039,0.7572557716632751
0.7927904845456399,-0.009133007986953115,0.5533764474496843,0.7263055084467576
0.8047604330263676,-0.08304661678449805,0.49623254357246466,0.6894142405400665
0.8099377084691017,-0.155991676011764,0.43517701922578705,0.6469088658352479
0.8082283484528305,-0.22736755368026584,0.37073695438487664,0.5991393894997554
0.7996212288925431,-0.29659894648954815,0.3034361994035588,0.5464823657429734
0.7842050176013009,-0.3631360502261176,0.2337996196187465,0.4893508649006955
0.7621695850042443,-0.4264524796730554,0.16236504000601634,0.4282066303416914
0.7337906661068082,-0.4860422672633217,0.08969705005537212,0.3635688347228698
0.699402494350738,-0.5414180283505533,0.01639604822184285,0.29601457211205223
0.6593674236038479,-0.5921125742860555,-0.056902492255738825,0.2261687748358907
0.614052633764933,-0.6376855613353525,-0.1295401218251876,0.15468477830218572
0.5638214558513563,-0.6777352049597813,-0.20085642228401251,0.08222003257551819
0.5090415529588308,-0.7119131003049812,-0.27021327089850833,0.009413285974829051
0.4501060505822647,-0.7399385055031711,-0.33701550748803244,-0.06313075412923147
0.3874589306323669,-0.7616078246092163,-0.4007223822542618,-0.13484568124603774
0.32161430812742337,-0.7767959267336996,-0.46084738240052553,-0.205196639003429
0.2531612122100355,-0.7854482612353885,-0.516948085259194,-0.2736662866882277
0.1827504852724308,-0.7875657854122127,-0.5686111121662283,-0.33973957193876103
0.11106662381755264,-0.7831874291194304,-0.615438844385649,-0.4028936510243556
0.03879261533540178,-0.7723760972721355,-0.6570437694284598,-0.4625973711707483
-0.03342176159256513,-0.7552134074305159,-0.6930534765028638,-0.5183213417227102
-0.10497894432263559,-0.7318055650994759,-0.7231254703163417,-0.5695559932673223
-0.1753351028626269,-0.7022988587899877,-0.7469675153177493,-0.6158324354449605
-0.24398542682017266,-0.6668995820488366,-0.7643573711342175,-0.6567402474560516
-0.310440009341932,-0.625891148685918,-0.7751561305569428,-0.6919377292540796
-0.374200309176172,-0.5796416306382285,-0.7793117023545038,-0.721153013894029
-0.4347458552736483,-0.5285978983777254,-0.7768523610539235,-0.7441776883795028
-0.49153722263458033,-0.47326702835047496,-0.7678734431463231,-0.7608569968782425
-0.544035640844554,-0.4141900808845871,-0.7525220788691422,-0.7710814629370824
-0.5917338556969284,-0.3519161061615108,-0.7309847485064098,-0.7747836718847914
-0.6341889948568998,-0.28698422433260273,-0.7034806317241922,-0.7719415023093252
-0.6710474637671402,-0.21991875803004818,-0.6702610140867047,-0.7625862700583991
-0.7020545060121638,-0.1512376430598571,-0.6316125567213753,-0.7468121307633223
-0.7270460724688081,-0.08146941097099997,-0.587860989640644,-0.7247824495683441
-0.7459263494323181,-0.01117074580387669,-0.53937217861181,-0.6967298778467791
-0.7586388061756056,0.059063777466145065,-0.4865492627870395,-0.6629491349302732
-0.7651404919043303,0.12860545623871972,-0.42982682006678047,-0.6237840983854831
-0.7653880020936572,0.19680953727822764,-0.36966473637712216,-0.5796127862243866
-0.7593395568852357,0.26304314476374036,-0.30654481867678396,-0.5308344662879281
-0.7469723474641397,0.3267148535927462,-0.24097197198204562,-0.47786226492480777
-0.7283094417961404,0.38729688223958847,-0.17347942817396164,-0.4211226383127617
-0.7034476312737723,0.44433331076129845,-0.10463505937559156,-0.3610606744623267
-0.6725774940908968,0.4974325482253644,-0.03504434346851169,-0.2981482620768445
-0.6359895725354299,0.5462477408208088,0.03465415571643837,-0.2328913235831531
-0.5940649702066985,0.590452955231901,0.10380278930450083,-0.1658327660232819
-0.5472534049918018,0.6297243135145804,0.17174698852160986,-0.09754929595618111
-0.49604529974623734,0.663733350123904,0.23786100550041592,-0.028642188887498404
-0.44094579148627044,0.6921554454132106,0.3015707058465174,0.04027616952421404
-0.382457288754507,0.7146908908888537,0.36236716126841484,0.1085971564743145
-0.3210739294897219,0.7310918637363883,0.4198073511692263,0.17572931926942428
-0.2572871400374943,0.7411868075565423,0.47350234631074656,0.24110817206649077
-0.1915978587190445,0.7448949540326693,0.5230975203476375,0.3042014178650096
-0.12452903627849742,0.7422273865347331,0.568252109976838,0.36450984357136407
-0.056632342345165926,0.7332757027494503,0.6086257647009132,0.42156506193317134
0.011514591610834755,0.7181932602540461,0.6438773950427309,0.47492577282527304
0.07932045088984041,0.697175836370221,0.6736774051160828,0.5241743098518543
0.14619854240944685,0.670447801358095,0.6977297474375761,0.5689150323148615
0.21158537304836927,0.6382570782873888,0.7157968115395003,0.6087757153512345
0.27495358046655183,0.6008784718592567,0.7277191810086363,0.6434125230830826
0.33581529413643274,0.5586218476493244,0.7334241198707374,0.6725184212766429
0.3937154967939086,0.511840243588521,0.7329206207570089,0.6958340255606459
0.4482187332574636,0.46093365857588786,0.7262835279626698,0.7131590164448727
0.4988952304843344,0.4063465141903657,0.7136329464569569,0.7243616303116565
0.5453131307683659,0.34855956200366767,0.695116534471899,0.7293836598342193
0.5870417702808273,0.2880791284903963,0.6709008739077617,0.7282390947373203
0.623667262033391,0.2254272376928159,0.6411744647634069,0.7210060064671868
0.6548172651337019,0.16113519244921254,0.6061603622069587,0.7078132188660125
0.6801882497028099,0.09574118368416402,0.5661327461316054,0.6888251270672593
0.6995671047900767,0.029790406367263628,0.5214301541391524,0.6642290418167108
0.7128402194744501,-0.03616505766762299,0.47245927913310215,0.6342291168082608
0.719986899858627,-0.10156915440736251,0.41968667804317283,0.5990491386405936
0.7210589960088916,-0.16586868585018527,0.36362016604827524,0.558943631390163
0.7161532217708801,-0.22852313878801064,0.3047854340510143,0.5142137219939709
0.7053852302440389,-0.28901493936259004,0.24370513677822925,0.4652220946447111
0.6888740632950147,-0.34685704493476255,0.1808867349641702,0.4124010080543552
0.6667421448589237,-0.4015956898678503,0.11682210997657175,0.35624908386314935
0.639130614086021,-0.4528080648199225,0.05199762076771187,0.2973159835288166
0.6062243034815236,-0.5000968919239693,-0.013090553641368963,0.23617809930099345
0.5682769887669822,-0.5430853063582531,-0.07792285153019607,0.1734115972298321
0.5256270425323479,-0.5814155106816293,-0.14195092621155636,0.10957034852618511
0.4786966122092319,-0.6147532594379892,-0.20460379078284313,0.045174901282348634
0.42797298810408013,-0.6427979099317107,-0.2653047192819497,-0.01928497937895156
0.373977055568387,-0.6652954896495273,-0.32349429211517144,-0.08333634858805308
0.3172284465801956,-0.682050928167204,-0.3786528875630652,-0.14650392116044525
0.2582184841783479,-0.6929358240609329,-0.4303162867154361,-0.20829391000725775
0.19739960598597778,-0.6978897706243357,-0.4780806792222242,-0.2681881204981865
0.13519438252079127,-0.6969156524180543,-0.5215972138214771,-0.3256519441932516
0.07202038842873033,-0.690071444148316,-0.5605598856314391,-0.38015484919808157
0.008321437445051177,-0.6774620095059218,-0.5946926624607185,-0.43119730735338163
-0.05540686968570631,-0.659233825389394,-0.6237415995053198,-0.4783355718766219
-0.11860771114895147,-0.6355737310410512,-0.6474754073265907,-0.5211963253356737
-0.18067480664185576,-0.6067105596525957,-0.6656944400988122,-0.559476815543963
-0.2409831984505601,-0.5729168836938895,-0.6782447040961038,-0.5929314143563325
-0.29893022297767513,-0.5345078687257546,-0.6850315106565359,-0.6213506121167816
-0.3539741690543565,-0.4918355481669707,-0.6860275230287438,-0.6445413711439035
-0.4056587662541127,-0.445279160623695,-0.6812720800393426,-0.6623173408483052
-0.45361644690512404,-0.39523449024363044,-0.6708619791314518,-0.6745037491366904
-0.4975506289497814,-0.3421063144877745,-0.654937104520663,-0.6809561358081953
-0.5372045111501254,-0.28630741125667303,-0.6336661882830501,-0.6815865736567117
-0.5723284912327746,-0.22826518049346384,-0.607237892158472,-0.6763877363806301
-0.602658661568816,-0.16843364575939185,-0.5758603483677549,-0.6654454407758736
-0.6279147720294886,-0.10730574482960775,-0.539769071510988,-0.6489341297929816
-0.647819015608857,-0.04541966995536008,-0.49923994587043485,-0.6270958399006871
-0.6621294927635297,0.016645736829322612,-0.45460197546310266,-0.6002092952338473
-0.6706769155323005,0.07828812426743864,-0.4062443808446497,-0.5685596053012493
-0.6733918997505732,0.13890846375371643,-0.3546144580269888,-0.5324191122510398
-0.6703134732835516,0.19794089138165585,-0.300205708513396,-0.4920461057500512
-0.6615760002005684,0.2548771611938421,-0.2435389974009184,-0.4477017149325411
-0.6473792151116673,0.30927851732465605,-0.18514176155177414,-0.399678601606292
-0.6279518000350047,0.36077166275174666,-0.12553080911589426,-0.34833056932457673
-0.6035208992969862,0.4090307552510265,-0.06520289309052879,-0.29409156118129
-0.5742975175886718,0.4537521409291082,-0.004634527609991057,-0.23747603853282612
-0.540481836870842,0.4946310921670334,0.055710584060844545,-0.179059181491352
-0.5022852983072046,0.5313491673994934,0.11537056426182268,-0.1194424124150264
-0.45996042088682354,0.563577127460447,0.17387583576152904,-0.059214858803091686
-0.4138268330131168,0.5909929135394184,0.2307453253309089,0.0010773132976871491
-0.364283673414583,0.6133089530040997,0.2854905436385438,0.06094471805848616
-0.3118036418285685,0.630299888248001,0.33762697642937384,0.11994887274505339
-0.25691059269963845,0.6418218407964628,0.38668984969424103,0.17768083153452716
-0.20014823243501906,0.6478174781201395,0.43225005940695543,0.23373394333403597
-0.14205019200040575,0.648306247740091,0.47392622937128104,0.2876821559724373
-0.08312063819355447,0.64336429319428,0.5113903234647234,0.3390728938584914
-0.02383022305311079,0.6331018967307591,0.5443664239230452,0.38743788268352186
0.03537371089232767,0.617646643703822,0.5726244346163525,0.4323185185052385
0.09404892218753745,0.5971378438924982,0.5959718874044738,0.4732970005672299
0.15174089280971592,0.5717331633287931,0.6142473190012891,0.5100224342568613
0.20797426741885094,0.541623688564035,0.6273178367312017,0.5422231513205545
0.26225729188525154,0.5070505363867535,0.635081856959378,0.5697017595803797
0.3140982357707833,0.46831574163397055,0.6374761507828488,0.5923159059866665
0.3630282150611615,0.42578254386837255,0.6344848597045087,0.6099529773014014
0.40862259703097803,0.37986434093718124,0.6261474792402069,0.6225090308829726
0.4505140207492986,0.3310058410641247,0.6125631038946547,0.629880417619862
0.488393552252094,0.2796626956626697,0.5938893393710806,0.631971572618193
0.5220011710166155,0.2262861393572686,0.5703358457501251,0.6287162188584565
0.5511108076410289,0.17131690552623935,0.5421540042357467,0.6201041032593744
0.5755169915286906,0.11518889163749449,0.5096252624754127,0.6062032629604951
0.595029185431465,0.058339243329520125,0.47305102456230524,0.5871694491287447
0.6094765543279106,0.0012191835366972548,0.4327464444944183,0.563239050181529
0.6187216054999884,-0.05570011428380575,0.38903931192230456,0.5347078502804828
0.6226775493018163,-0.11193010163040414,0.3422737158229274,0.5019029824036662
0.6213227399656025,-0.1669758796455636,0.2928167496921564,0.4651576435512803
0.614706684465711,-0.22035231909563724,0.24106557390674757,0.4247967746999315
0.6029453466424609,-0.2716000249851085,0.18745194719131014,0.381137559713059
0.5862075112053109,-0.3202961572459606,0.13244195308844836,0.3345029535764369
0.564697222766968,-0.36605736386902343,0.07652992824586032,0.2852416416232973
0.5386385430429957,-0.40853535170450855,0.020227202163950783,0.2337456236200482
0.5082676584749579,-0.4474085720001223,-0.035952270744243536,0.18045775852064333
0.4738342630474899,-0.4823749512465477,-0.09150640366515492,0.1258655739727948
0.4356104008982582,-0.5131499968390105,-0.14595656731354373,0.07048287228171421
0.3939020548412028,-0.5394722277384016,-0.1988541063419436,0.01482515605725368
0.34905781511065326,-0.5611147051129594,-0.24978113185335646,-0.040613010902912305
0.3014702718296545,-0.5778987525292063,-0.2983466669183399,-0.09537161319251916
0.2515687659945684,-0.5897048343336889,-0.34418061102813613,-0.14902632686146783
0.19980558313324548,-0.5964764473233838,-0.38692858279784725,-0.2011785952392645
0.14664020607413758,-0.5982154216152353,-0.42625028690807765,-0.2514401910990297
0.09252687386111243,-0.5949702239531608,-0.4618227517627904,-0.2994197393344469
0.037909206265885814,-0.5868214677540429,-0.49334802579348935,-0.344717695513818
-0.01677733064485183,-0.5738698577906728,-0.5205633015799194,-0.386932844845764
-0.07109762057611452,-0.5562308554498139,-0.5432505243888359,-0.42567886434778945
-0.1246085255927392,-0.5340378192784936,-0.5612426659637333,-0.46060561454066107
-0.17685507987262514,-0.5074522231879938,-0.5744249724726748,-0.491418041968022
-0.22737469031529628,-0.4766769569415721,-0.5827312304824499,-0.5178864995987533
-0.27570969321459027,-0.4419676033011057,-0.5861368096973127,-0.5398455116732855
-0.3214253107782181,-0.40363731261380287,-0.5846513039606717,-0.557182256604609
-0.36412779791563205,-0.36205311907354165,-0.5783136011228479,-0.5698197021499944
-0.4034772284033125,-0.3176243956025047,-0.5671911540349454,-0.5777010561277931
-0.4391910766756051,-0.2707865821458925,-0.5513834889017557,-0.58078141294566
-0.4710378804655364,-0.22198452291097992,-0.5310282293145925,-0.5790295568742267
-0.49882367742832256,-0.1716594004649197,-0.506306812250466,-0.5724389849052381
-0.5223763683533444,-0.12024163387354812,-0.4774470653294458,-0.5610438124578088
-0.5415338087733399,-0.06814992265371708,-0.4447209264405937,-0.5449335560198363
-0.5561400742927392,-0.015794703243351527,-0.40843740462792466,-0.5242613835184592
-0.5660515008183384,0.03641672726678921,-0.36893270369315995,-0.4992429541361417
-0.5711507879578641,0.08807606346736864,-0.32656053389361095,-0.470146398783576
-0.5713648099060933,0.1387724905817683,-0.28168556068334116,-0.4372770028638012
-0.5666806561489495,0.18809420027133136,-0.2346816737805587,-0.4009616547522328
-0.5571551139320036,0.23563224840318214,-0.1859347685976028,-0.36153765561425844
-0.5429149699947213,0.28098566111478623,-0.13584778559545518,-0.31934835925862753
-0.5241483503961518,0.323766927120548,-0.08484463536232731,-0.27474524800096867
-0.501089878194322,0.363607603057296,-0.03336983584805508,-0.22809360173281873
-0.4740039312211438,0.40016426615594075,0.01811781062254303,-0.1797778027956612
-0.4431703658077454,0.4331251196797055,0.06915690042748553,-0.13020288318703835
-0.4088758654908461,0.4622171000411631,0.11929768944698063,-0.07979082464885143
-0.37141209139615416,0.4872125719030542,0.16811492467038336,-0.028972510140071725
-0.3310797366776915,0.5079340603357542,0.21521550603539505,0.02182191435229934
-0.2881960317668285,0.524255389916267,0.26023897080780756,0.0721709314539554
-0.24310257035108956,0.5360982936692955,0.30285139546754825,0.12166537087456908
-0.19617057390032383,0.5434248855086254,0.3427358203659159,0.16990750808386126
-0.14780166747522847,0.5462278977416258,0.3795837496627583,0.21650729177717176
-0.09842354256050559,0.5445216560108951,0.41309205770012664,0.26107891874572664
-0.0484811677787735,0.5383368841786396,0.4429677495813402,0.3032410767822759
0.0015748019951286468,0.5277214184064783,0.4689401178487275,0.3426228252849242
0.051300227261295336,0.5127470179628172,0.490776960923814,0.37887478884466463
0.10026805910366433,0.4935203149500148,0.5082997624470975,0.4116830061298233
0.1480754682396256,0.47019431871399714,0.5213927749231119,0.44078134929774027
0.19434650787695373,0.4429764105690732,0.5300028533052965,0.4659585197438327
0.2387303410926646,0.4121296644580918,0.5341300020433454,0.48705726868113963
0.28089617353372576,0.3779663452834443,0.533811823582473,0.5039661201747403
0.32052695244876894,0.34083489132274064,0.5291072136317204,0.5166065315230096
0.35731435610380224,0.30110373244444943,0.5200849339076541,0.524920118516145
0.3909573972218474,0.25914622360718065,0.5068209734466549,0.5288606469549737
0.42116604969367644,0.21533047374440292,0.4894054807466301,0.5283938789279796
0.4476698515448496,0.17001612165444052,0.4679566232314011,0.5235056111158055
0.47022982926516704,0.12355777828742012,0.4426362320499111,0.5142153202212236
0.4886508417101736,0.07631273499362007,0.4136614081488932,0.500590773444124
0.5027910226871611,0.02864933662716991,0.38130763048878896,0.4827585003555094
0.5125656472274571,-0.019047515012612024,0.34590181137092574,0.460906321036697
0.5179443401777792,-0.06637604511766655,0.30780713301078466,0.43527672737153855
0.5189426116582431,-0.11292293959396162,0.26740416434602376,0.4061529099993584
0.5156105454729568,-0.1582729908984246,0.2250737756556305,0.3738415757091274
0.508022406781791,-0.20202058227133168,0.1811864358211648,0.3386576105429936
0.49627057699808147,-0.24378037193133129,0.13610000040111908,0.30091482698784655
0.4804656259260398,-0.2831952648922156,0.09016502850189768,0.2609248052033053
0.4607420227884014,-0.31994097750961603,0.04373413015306158,0.21900299218590907
0.43726679951386654,-0.3537276771155801,-0.0028292730501195684,0.17547874504725575
0.4102472432539849,-0.3842998753933553,-0.04914677060113415,0.13070472893560509
0.37993392174939883,-0.4114357869619989,-0.09482734098109599,0.08506140690849877
0.3466170078656025,-0.43494685757565005,-0.13947566818183527,0.038954131881644385
0.3106163835265055,-0.4546774654817861,-0.18270363361984815,-0.0071970723685483295
0.27226842436043935,-0.47050430097731805,-0.22414129858253418,-0.05297246706675365
0.23191374278698568,-0.48233489559072557,-0.26344426680821853,-0.09796815480437558
0.18988991281250453,-0.4901052166562718,-0.30029606493833955,-0.14180796022801828
0.14653134255284378,-0.4937769285089685,-0.3344063353320038,-0.1841486473311716
0.10217566141519031,-0.4933354738860627,-0.36550731103774114,-0.22467773272241703
0.057173311168816035,-0.4887902114839243,-0.3933515773306473,-0.26310558866449585
0.011895538618297744,-0.480177319049985,-0.41771334349426087,-0.29915534471285243
-0.033263671547946544,-0.4675651714849408,-0.4383937172545462,-0.33255471661186115
-0.07789405857054993,-0.451060798663738,-0.45522853602038565,-0.3630331497080197
-0.12158311717009754,-0.430815274946933,-0.4680959784058294,-0.3903258426780291
-0.16393387459271072,-0.40702584825510585,-0.4769210120741824,-0.41418393508305007
-0.20458093435163982,-0.3799333819954578,-0.4816748058361194,-0.4343881435181553
-0.24319970704702584,-0.34981504580011197,-0.48236911591088416,-0.45076204233604333
-0.2795061363458259,-0.3169736919640238,-0.47904759024028815,-0.46318132037071963
-0.31324775782453673,-0.28172645449941924,-0.4717771396763329,-0.47157662071114387
-0.34419027090010135,-0.24439539062269156,-0.46064250898644854,-0.47592954727266434
-0.3721056479184573,-0.2053023180913589,-0.44574593630312487,-0.47626345810694654
-0.39676736823079367,-0.16476859467614485,-0.4272117949433254,-0.4726321257430425
-0.4179557232212826,-0.12311891727601103,-0.4051941398875372,-0.4651097975871193
-0.4354722257785084,-0.08068686627432155,-0.37988389636231046,-0.45378553187105597
-0.4491584405973369,-0.03781935548904242,-0.35151248524584977,-0.4387631619075298
-0.4589124793260383,0.005122437575384373,-0.3203499513276621,-0.42016635714604705
-0.46469684906526776,0.04776684351868485,-0.28669764997902797,-0.3981466010338104
-0.46653424166359486,0.08973972385159223,-0.2508774897009578,-0.37289099658165625
-0.46449219804830244,0.13067483752952316,-0.21322088639009873,-0.34462689893298937
-0.458661778209484,0.1702238614941415,-0.17406053751235773,-0.3136214013371321
-0.44913781352049137,0.2080635222747932,-0.13372691857649482,-0.28017531903692017
-0.4360080207826702,0.2438983036122991,-0.0925495301897178,-0.24461300389595575
-0.4193552256779124,0.27745870446237425,-0.050861114345994544,-0.20727055301345138
-0.3992722141161896,0.308496511740743,-0.009002000682395733,-0.16848537547719677
-0.37588400630615804,0.3367795210116014,0.03267818480012272,-0.12858954916118528
-0.34936937809902835,0.36208827044643555,0.07382308281485978,-0.0879081244359686
-0.31997337840399265,0.3842166181840887,0.11407634953661708,-0.04676193212186173
-0.28800550762612187,0.40297664610634376,0.15309088120612827,-0.0054730392303994485
-0.2538231287044188,0.418206863450213,0.1905378991617242,0.035629792140701916
-0.2178048322447258,0.4297815045294207,0.2261134121490006,0.0762082178380109
-0.18032201176003593,0.4376182442123085,0.2595406478200026,0.115915689161741
-0.141717535845858,0.4416820397765122,0.29056860578431676,0.1544033934571125
-0.10229788964672414,0.4419839240476229,0.31896830352148536,0.19132960745048982
-0.062340396213038995,0.4385750707604099,0.34452901985942397,0.2263702705320753
-0.02211183064989758,0.43153786165670394,0.36705663770498975,0.2592282670122573
0.018109194062582795,0.4209765668865664,0.3863751771292878,0.28963938750508
0.05801486577760373,0.4070103279070416,0.4023312329651363,0.3173740344362934
0.09726266222985966,0.38977037268878945,0.41479985225913574,0.34223506717420704
0.13548415391727994,0.3694020210320521,0.42368986303182243,0.3640533079226881
0.17230543649093397,0.3460704702705385,0.4289469671520709,0.3826827947716804
0.2073724384695063,0.3199680757040583,0.4305538642381106,0.39799771772052717
0.24037279703343328,0.2913202656133301,0.42852784996015486,0.4098921962926684
0.27104745695933086,0.2603875608243261,0.42291722978380286,0.41828294803593324
0.2991890210446295,0.2274623277119174,0.41379814610013116,0.42311384762462606
0.3246287011581006,0.19286053702251355,0.4012729561183422,0.4243607381721191
0.34721771764446563,0.1569104121008646,0.38547035198889057,0.42203482244319146
0.36681074758538157,0.11994089714426853,0.3665464185448557,0.4161835062218529
0.38325796149812164,0.08227298580499476,0.3446852270619952,0.4068884640299969
0.39640878458744117,0.044216042672155245,0.3200976367210774,0.39426161246295793
0.4061260808250095,0.006069584266107625,0.2930176967217772,0.37844028529383444
0.41230562865355325,-0.03187090406474438,0.2636971043527643,0.3595830112432461
0.41489390380818547,-0.06930701006968132,0.23239911504866564,0.33786689540176107
0.41389791121417574,-0.10593270488973708,0.19939369589718914,0.3134868779428166
0.40938376040986907,-0.1414346549213856,0.16495535971543532,0.28665637761502394
0.40146471028683817,-0.1754985728585772,0.12936411816616739,0.25760830912856014
0.39028302658054104,-0.20782047689662086,0.09290872843893429,0.22659537105194996
0.3759919184101716,-0.23811983642273604,0.05589038190068337,0.19388884182798236
0.35874343543141385,-0.266150669180588,0.018624619946750895,0.15977573735687428
0.3386857630887071,-0.29170710981696973,-0.018560263913510955,0.12455481644810987
0.31596982864963374,-0.3146217124613421,-0.0553289170384349,0.08853231628703785
0.29076184241014214,-0.33475722677151076,-0.09134787273535305,0.0520183076718128
0.26325650617199536,-0.3519949422092051,-0.1262957447424952,0.015324187933810185
0.23368571354892845,-0.36622406605335933,-0.15987220538682725,-0.021238758960764992
0.2023194802855753,-0.3773364318585109,-0.1918036842837419,-0.057360359745080136
0.16945876653246938,-0.3852291016280642,-0.221844835795693,-0.09273301255794045
0.13542266525286842,-0.3898146708730685,-0.24977622554840767,-0.1270543950975453
0.1005341303220491,-0.39103625520161,-0.2753998643243558,-0.16003171097884036
0.06510848292183677,-0.3888822488125639,-0.2985347580328252,-0.19138708516977848
0.02944748224194635,-0.3833957224662831,-0.31901438613699656,-0.22086312192644908
-0.006160558391154258,-0.37467492051869766,-0.3366871132298562,-0.2482273732264022
-0.04143636049250904,-0.3628642201543914,-0.35141935916402856,-0.27327466385801047
-0.07610406375872117,-0.34813813432366647,-0.36310035834599874,-0.2958268385150699
-0.10988752524852832,-0.3306833306072596,-0.3716468803746969,-0.315730328800826
-0.1425104990559598,-0.31068432682163116,-0.3770064794474302,-0.33285268335790885
-0.17370087700720238,-0.28831723193503117,-0.37915854147320915,-0.347079578725774
-0.2031975144054944,-0.26375306154173594,-0.3781132713536248,-0.3583136725961553
-0.23075727588658593,-0.23716877274924072,-0.37390943667108084,-0.3664760045625758
-0.2561600979418809,-0.20876144610659123,-0.3666119052924642,-0.3715097078590581
-0.2792109167189196,-0.17875997170971342,-0.35630974754217243,-0.37338489864326563
-0.2997387441705055,-0.1474295562141902,-0.3431151010850002,-0.3721030845473359
-0.31759436321724493,-0.11506699796160257,-0.32716242563631365,-0.36769948710967876
-0.3326485653492779,-0.08198800625817713,-0.30860749214469385,-0.3602423076350929
-0.3447924170132386,-0.048510641954557246,-0.2876255921158529,-0.34982897675867125
-0.3539399400766125,-0.01494020723921903,-0.26440893871075566,-0.33658046415413523
-0.3600323249347508,0.018439823967045743,-0.23916380632899095,-0.32063541270301243
-0.36304191827256327,0.05136865675630342,-0.21210830482291645,-0.30214593743671736
-0.36297412328618883,0.08360178137862068,-0.1834715834832511,-0.28127633922159956
-0.35986607245312624,0.11490099630224057,-0.15349468726762763,-0.2582049091973742
-0.35378218980655946,0.14502571995723607,-0.12243245204955362,-0.23312780694636379
-0.34480803509062563,0.1737297625845168,-0.09055508886711484,-0.20626310749622978
-0.3330445861384563,0.20076542499784153,-0.05814783354461491,-0.17785286523384872
-0.31860503771301013,0.2258938043311029,-0.02550743093407308,-0.14816156072075037
-0.30161527622346584,0.24889769402944792,0.00706478119259929,-0.11747043808163202
-0.2822177646821025,0.26959243728084714,0.03927215470671053,-0.08606863699233534
-0.2605771800739741,0.28783091786452053,0.07083228689004081,-0.05424319624956112
-0.23688532269518262,0.303501206716199,0.10148435561481475,-0.022270530805343886
-0.21136289333712444,0.3165182899821455,0.13099222835517316,0.009588359181192996
-0.1842567060759234,0.3268136264028403,0.15914261686671913,0.04108782929777072
-0.15583243589423992,0.33432709567690355,0.18573920173123865,0.07199315013072244
-0.12636454640440542,0.33900488238756576,0.21059508969352211,0.10207366140361682
-0.09612604869307989,0.3408043971396878,0.2335266456416736,0.13109640517085033
-0.06538084358147726,0.3397044400258333,0.25435136778977757,0.15882308786369798
-0.03438055210786378,0.3357166157441232,0.2728911338395009,0.18501221099857196
-0.0033662316362198796,0.3288933930016318,0.2889802837296419,0.20942652421061572
0.027426274885380963,0.31932941612853966,0.3024762748851376,0.23184413639630966
0.057759837624597965,0.3071552492707448,0.3132696733186351,0.252070284140514
0.08739125929409652,0.29252564699525674,0.3212903916944461,0.26994637531000276
0.11607051401697516,0.27560654415061747,0.3265083156360476,0.285353666430216
0.14354496084853835,0.25656540615510126,0.3289283407205743,0.2982105851820731
0.16956782366527318,0.23556819495880504,0.3285817039057868,0.30846474484009295
0.19390879421778712,0.2127835300910622,0.32551666888182196,0.31608243713045947
0.21636387488957975,0.1883917171312153,0.3197916988238441,0.321039233593557
0.2367617663931995,0.16259433194682138,0.3114732083359275,0.3233149602856981
0.25496515588382673,0.13561977995392982,0.3006382214495884,0.32289482837520367
0.27086683211821383,0.10772180902921703,0.28738042683383425,0.3197763816629666
0.2843821460271359,0.07917073032228136,0.2718168854949554,0.3139798721187306
0.29544044740136,0.050239995545452304,0.25409245183567697,0.305558401445626
0.303978416793757,0.02119264337703447,0.2343798682387344,0.2946041261172536
0.3099375904640026,-0.0077277834236246234,0.2128751343440706,0.2812480567107385
0.3132670403109748,-0.03629897878026492,0.1897895136544473,0.26565309174772556
0.31393053289187306,-0.06431427357673367,0.16534076465090114,0.24800220158047287
0.31191605450853593,-0.09157258211871927,0.13974642137947257,0.22848533637973353
0.30724479295039864,-0.11786853940011399,0.11322112096881781,0.20728908939431817
0.29997675550382774,-0.14298740762949644,0.08597839998845312,0.18459222380018028
0.2902111529478511,-0.1667074611787263,0.05823564900981069,0.16056816646359434
0.278081203921851,-0.18880961797654872,0.030219669056977858,0.13539316380566305
0.2637446501036138,-0.20909122568117333,0.002169974467693847,0.10925681297970913
0.2473725199940031,-0.22737925334368997,-0.025662256358499974,0.08237081751587019
0.22913915359530557,-0.24353833049441698,-0.05302014339722319,0.05497238042152124
0.20921605354615214,-0.25747103523338905,-0.07965077914518315,0.027320454216942958
0.1877708972176252,-0.269110787435041,-0.10531605589504675,-0.0003145042015855193
0.16497141245326324,-0.27841049297438136,-0.12980161438065707,-0.027664417638685046
0.14099230002826885,-0.2853316220617046,-0.15292145199594204,-0.054477035624949655
0.1160224593982819,-0.28983810027737644,-0.17451713295916196,-0.08052506087187292
0.090269734379091,-0.29189738251308284,-0.19445228721339436,-0.10560860405379116
0.06396124981397842,-0.2914881725298606,-0.21260457143978748,-0.1295509441356932
0.037338874390970486,-0.2886115938640247,-0.22885800284566005,-0.15218987210743637
0.010650931933069041,-0.283301250495427,-0.24309834446321815,-0.1733683583118894
-0.015857534378685367,-0.27562805900523824,-0.25521313444489285,-0.1929283983874186
-0.04195325452275289,-0.2656977911603412,-0.2650964054612877,-0.2107106334018714
-0.0674198202312365,-0.2536421080143301,-0.2726566588823622,-0.22656016969417947
-0.09205845784695649,-0.23960636638055333,-0.2778257136561102,-0.24033672932795735
-0.11568509574467259,-0.22373865787717695,-0.2805659059859529,-0.251925667748299
-0.13812559188944312,-0.206183954254679,-0.2808737572305579,-0.2612460680760442
-0.15921153288821058,-0.18708513585102812,-0.2787793855892967,-0.268253167713041
-0.17877866673268636,-0.16658991850312688,-0.2743422017117657,-0.2729344028135778
-0.1966689280257785,-0.14486036206439556,-0.2676443952606622,-0.2753006280788831
-0.21273557438525553,-0.12208064822908593,-0.2587841227713521,-0.2753757603490754
-0.22684971820419186,-0.09845952314909688,-0.24787009127384385,-0.2731885985930661
-0.23890597511962014,-0.0742259022309196,-0.23501854542008735,-0.2687697183358464
-0.24882527359837425,-0.04961878034760545,-0.2203527866720582,-0.2621544458099429
-0.25655395732861,-0.0248747351800557,-0.20400458150277012,-0.253390678031196
-0.2620597476963087,-0.00021713033206965937,-0.1861163718636356,-0.2425485385327995
-0.2653263616891638,0.024149664697094786,-0.16684316552057155,-0.2297281769902363
-0.26634911622678253,0.04803976167385024,-0.14635329200994807,-0.21506266430572213
-0.265133467454584,0.07128012505811548,-0.12482769871198461,-0.1987146535022277
-0.261697259257251,0.09370289353069786,-0.10245794053587493,-0.18086764032934938
-0.2560759269351652,0.11513931959254678,-0.07944333733070472,-0.16171448809524247
-0.2483286073472207,0.13541812308114598,-0.05598787056859768,-0.14144673703788366
-0.23854256009058525,0.15436911380227053,-0.03229728903093068,-0.12024782119367303
-0.22683374562947134,0.17183074806705773,-0.00857667749987931,-0.09829184133074559
-0.2133427018886046,0.1876587338772046,0.014971484141863445,-0.07574754599596083
-0.1982265445965567,0.2017324900774708,0.038148901504138466,-0.052785377269974953
-0.18164936072516752,0.21395727214623728,0.060762870831011145,-0.029584469843557004
-0.16377391556903437,0.2242616382078111,0.0826276587422384,-0.006336659571862274
-0.1447571867567784,0.23259184564659108,0.10356592479802956,0.016754248387275295
-0.12475090163731659,0.2389059457748084,0.12341017352971428,0.039477951890626306
-0.10390646923358739,0.24317031542916917,0.14200417307738877,0.06162620624915399
-0.08238212048048688,0.24536017832677093,0.15920426814052224,0.08300181884361621
-0.060349285411911695,0.245463855855916,0.174880533839386,0.10342544507591231
-0.03799553451371211,0.243488828058528,0.18891774460216354,0.1227384781707051
-0.015522679415275825,0.2394668817301742,0.20121615277978766,0.1408017964881248
0.006859612039057106,0.23345600146655288,0.21169208047029986,0.15749158313068778
0.028942739260495814,0.2255380428781409,0.22027832976648087,0.1726943453277316
0.05052785050334058,0.21581301183782908,0.22692441935870694,0.18630334426920825
0.07143172465621447,0.20439219001782014,0.23159666343853452,0.19821792791131743
0.09148846546929507,0.19139278641534907,0.23427811944111865,0.20834605653172938
0.11054726932809786,0.17693606719258176,0.23496843667761208,0.2166090939059554
0.12846800956999338,0.16114933185272073,0.23368363154945668,0.22294714725741693
0.1451171242427523,0.14417034214318417,0.23045579655276757,0.22732312910750824
0.16036602518572357,0.12615163367520596,0.22533272773211227,0.2297242687552376
0.17409309027940112,0.1072620709549205,0.21837744136639914,0.2301607639494037
0.18618873188616136,0.08768410066458238,0.20966755553997354,0.22866225063926754
0.19656168641323685,0.06760697538850245,0.19929453630319757,0.22527342194051253
0.20514408424835112,0.047218001443353,0.18736283982330998,0.2200502438566189
0.21189327155128934,0.026694846402166378,0.17398900219048627,0.21305780883150907
0.21678960182628843,0.006201677527891802,0.15930072048318042,0.20437014344311993
0.21983099801336775,-0.014109543592305013,0.1434359280282792,0.19407154271552882
0.22102637067196595,-0.03409335103675071,0.12654180732278353,0.1822585118904837
0.22039044599727325,-0.053603239819833004,0.10877363442093159,0.16904130088042948
0.2179420128425286,-0.072485758796829,0.0902933402724574,0.15454429374426293
0.21370624678765401,-0.09057916967174279,0.07126772618267603,0.13890500492397684
0.20772014026911167,-0.10771788609439487,0.05186637558315489,0.1222719186463482
0.2000388039801565,-0.12374163413543932,0.03225942829836187,0.10480170793555844
0.1907400092540275,-0.1385063552487933,0.012615474985222724,0.08665640940609401
0.17992497678605232,-0.15189308371925575,-0.006900159666070355,0.06800095337920234
0.1677148399440232,-0.16381171199680933,-0.026126568202380546,0.04900118224787717
0.15424386466488027,-0.1741984653736932,-0.044907845663819834,0.029822273643003314
0.1396517419650416,-0.18300830400758067,-0.06309331156664727,0.010627406499921888
0.12407759526863284,-0.19020541196150786,-0.08053772323005709,-0.008423431866931674
0.1076576310244718,-0.19575564602863954,-0.09710186650144487,-0.027174476980718565
0.09052688533011337,-0.19962400850758144,-0.11265379109285745,-0.04547495530195017
0.07282386162567178,-0.2017781867652006,-0.12707071542265164,-0.0631795221685996
0.054695669867635084,-0.20219676143501042,-0.14024133957276497,-0.08014845187943231
0.036301037752289364,-0.20087878952755572,-0.15206808108098235,-0.0962478498658097
0.017809371436042665,-0.1978508729442136,-0.16246868061670316,-0.1113502670530262
-0.0006044131218551074,-0.19316876948916642,-0.17137675623573556,-0.12533603498444107
-0.01876788843903443,-0.18691272425730832,-0.17874118663059385,-0.13809538905697416
-0.03651938884992889,-0.1791781584457226,-0.18452457890064183,-0.14953108546759808
-0.05371383097034965,-0.17006517621647266,-0.18870139220449622,-0.1595608961482327
-0.07022423790297372,-0.15967081139294984,-0.1912564242150625,-0.16811924439786474
-0.08593873044795125,-0.14808684339812905,-0.19218425957451385,-0.17515741515891098
-0.10075445905349273,-0.13540378801396358,-0.1914899507850829,-0.18064221259229735
-0.1145711039961862,-0.12171918398803076,-0.18919075636932814,-0.18455349635807394
-0.12728672212614056,-0.1071465290325905,-0.1853183508215775,-0.1868814879399207
-0.13879780752309978,-0.09182086923868257,-0.17992069264090976,-0.1876248962978629
-0.14900381100910698,-0.07589826306254752,-0.17306277867127848,-0.18679066911714565
-0.15781465259478472,-0.059548662571995536,-0.16482582077290503,-0.1843955888440163
-0.16515861526530096,-0.042944287381777635,-0.15530485672163202,-0.18046920441061287
-0.1709878601896631,-0.026247333962011066,-0.14460529246528103,-0.1750569971657998
-0.1752796984198185,-0.009601182899318939,-0.13283920270875746,-0.16822246693194998
-0.17803333826799345,0.006871985978547934,-0.12012227807243811,-0.16004710106532005
-0.1792634873711927,0.02306660973381755,-0.10657207780839957,-0.1506278792076697
-0.17899329068240039,0.0388841839979035,-0.09230780409165562,-0.140072826084765
-0.17724922119616837,0.05422252580816328,-0.07745130588025258,-0.1284958329725252
-0.17405967828727203,0.06896803698570408,-0.06212861618938316,-0.11601224907535881
-0.1694575419870183,0.08299399305245803,-0.04647115794177058,-0.10273647616421316
-0.16348537385932765,0.09616564755369772,-0.030615871101424885,-0.0887820705356567
-0.1562009467307522,0.10835047552746646,-0.01470387274190943,-0.0742639328362717
-0.14768070129824074,0.11943009486598688,0.0011222603976940582,-0.0593013959005798
-0.13801957653203883,0.12930993061923007,0.016722057322767492,-0.04402069719563132
-0.12732709003769394,0.137923646329762,0.03196077325594396,-0.028555570423435123
-0.11572098444064387,0.1452313444121941,0.0467122623036782,-0.013045415115832043
-0.10332064609480272,0.15121276210205964,0.060860536501406215,0.0023685762966519364
-0.09024251012395895,0.15585833495368157,0.07429984682611668,0.017548193827264885
-0.07659881041492671,0.1591614990943213,0.08693355893121224,0.03236244018009657
-0.0624996711083851,0.16111484701227247,0.09867243698612943,0.0466900286522918
-0.04805721398753393,0.16171110367982577,0.10943309679374019,0.06041967940829246
-0.03338959250683714,0.1609480231927296,0.1191373093748277,0.07344862958530524
-0.01862294570472109,0.15883492964916873,0.12771256000682446,0.08568046793291373
-0.0038901424588525246,0.15539821392942144,0.13509387932811023,0.09702363111262063
0.010673505074927508,0.15068372590573886,0.14122657247776843,0.10739156623909685
0.02493616698896775,0.14475534547441032,0.14606918475778463,0.1167048087776944
0.03877502977767411,0.1376905051504816,0.14959593297730361,0.12489435518803604
0.052079588640079166,0.12957449221532874,0.15179792878635429,0.13190508367216458
0.06475176203954686,0.12049561497982975,0.15268280094128572,0.13769785711635463
0.07670316905705887,0.11054275006473287,0.1522727195710989,0.14224939066117226
0.08785103738256506,0.09980569143015969,0.15060123925857605,0.1455498137811968
0.09811474193164454,0.08837757184898909,0.1477097026369223,0.14759877002467875
0.10741470429903138,0.07635787567508756,0.1436440914494404,0.14840150990895573
0.11567442212874646,0.06385446154887575,0.13845312586652297,0.14796648979323868
0.1228251256997977,0.050983537766768755,0.13218809986689367,0.1463054532009232
0.12881147564025308,0.03786741062446206,0.124904467323176,0.14343603607302702
0.13359624255713337,0.024630674959288557,0.11666467875261885,0.13938595843386176
0.13716222870364092,0.01139600799841553,0.10754135645069987,0.13419721858313224
0.13951067899926511,-0.001719284464639259,0.09761971621284452,0.12792864388319533
0.14065670465875513,-0.014605261724959573,0.08699827243173253,0.12065570278231363
0.14062332278901174,-0.027159803725122833,0.07578728996308491,0.11246743963799766
0.1394361958837726,-0.03928798412708917,0.06410506772904923,0.10346139666953587
0.13712086474619045,-0.05090105165238629,0.05207278136777391,0.09373806115864247
0.13370332726987022,-0.06191560687349473,0.0398090782058918,0.08339647605331792
0.12921358316015447,-0.07225323923491733,0.02742574907133613,0.072532155868821
0.1236906985646499,-0.0818405531626295,0.015025533933774121,0.06123756144020831
0.1171874268664809,-0.09060934472234267,0.002702511672966784,0.04960445391311826
0.10977262050518291,-0.09849676039334909,-0.009455248137659106,0.03772682287961679
0.1015304838937377,-0.10544550407468989,-0.021361793793219508,0.02570298684999267
0.09255683043329799,-0.11140438615777315,-0.032929583524358264,0.013635904115036734
0.08295350692334154,-0.11632955387537425,-0.044067345440208794,0.0016315072978266287
0.07282268941284108,-0.12018652317099993,-0.054680409721473366,-0.01020433795010739
0.062262675077103403,-0.12295271361700094,-0.0646736397726127,-0.02176916347053698
0.051366167125160775,-0.1246197612259548,-0.07395625959561719,-0.03296642397089938
0.04022113634951041,-0.12519468250100108,-0.08244726201272617,-0.043706568825670145
0.028913486434528943,-0.12469914698750151,-0.09007988778781051,-0.05390670127507413
0.01753024244780521,-0.1231666826148084,-0.09680395382275453,-0.06348949506205431
0.006161962426958267,-0.12063840287599464,-0.10258548390472777,-0.07238233820885775
-0.005096508742069378,-0.11715850239526654,-0.10740393361075623,-0.0805175209213308
-0.016147166524729167,-0.11277101784888627,-0.11124802494575892,-0.08783375195701698
-0.026891444185911384,-0.10751903412156097,-0.11411158106050706,-0.09427861057350306
-0.03723347678160416,-0.10144669447186314,-0.11599066365421001,-0.09981101764269051
-0.047083175037393565,-0.09460332959996767,-0.11688281058988831,-0.10440267491611416
-0.05635849701079909,-0.08704815263506022,-0.1167884334784281,-0.10803774833571339
-0.06498670000638623,-0.07885363412318208,-0.11571372113864709,-0.11071073734945935
-0.07290472029535006,-0.07010604122949471,-0.11367394235019795,-0.11242320860374727
-0.08005902900188266,-0.06090259531238528,-0.11069598663212754,-0.11318057337425802
-0.08640530765585425,-0.05134592418562642,-0.1068193170542674,-0.11299013671318592
-0.09190813170907786,-0.04153749628092876,-0.10209509188012128,-0.11186120504191921
-0.09654065821479912,-0.031572125315342855,-0.09658382262131404,-0.10980726808695201
-0.10028419668509897,-0.02153525442053568,-0.09035236090964915,-0.10684946685974556
-0.1031275573837927,-0.011503698403700385,-0.08347111366900123,-0.1030200366630421
-0.10506619956294588,-0.0015492300696405281,-0.07601216824294826,-0.09836438073802714
-0.1061013624625679,0.00825666136456732,-0.06804857803677172,-0.09294090369733757
-0.10623945577015903,0.017838923749884383,-0.059654595505003044,-0.08681853394848077
-0.10549194830410064,0.027117696762727073,-0.0509063197971199,-0.08007268376053148
-0.10387582507905585,0.03601031169244501,-0.04188215708758046,-0.07278092181962678
-0.10141445215442846,0.04443589549783461,-0.03266267200235852,-0.06501967069753659
-0.09813850007328384,0.05232092077097805,-0.023329739287518275,-0.05686278792837828
-0.0940865212720714,0.059603690840871804,-0.013965234121273082,-0.04838213265820776
-0.08930488849509957,0.06623619414665488,-0.004649687601642499,-0.03964946213040744
-0.08384703869115459,0.07218281812137595,0.004538690006867407,-0.030738538111573302
-0.07777222984222007,0.07741665170470258,0.013524428004210776,-0.02172632345772116
-0.07114419119329213,0.08191502964285541,0.02223476200898028,-0.012692595288930325
-0.06403005163816212,0.08565621471111884,0.03059949697890635,-0.0037179983573716047
-0.05649976132111481,0.08861858775783149,0.038551190766842325,0.00511878014133943
-0.048625950964419025,0.09078264349330478,0.04602595396387388,0.013743681274195924
-0.04048392342098746,0.09213491446061217,0.05296488009903805,0.022088847141399193
-0.03215135955779179,0.09267214646898336,0.05931580480455301,0.03009263552298236
-0.023707406122730514,0.09240394798987872,0.06503488051733597,0.03769828504118
-0.015231071090045761,0.0913527677972043,0.070087441973322,0.04485201286574719
-0.006799177963957431,0.08955115382380319,0.07444784316823722,0.051501566941364985
0.0015156160233148752,0.08703735679429553,0.07809829526157924,0.057596063118787455
0.009646169742657112,0.08385100760156988,0.0810270929799089,0.06308739491071624
0.017531178231945888,0.08003054570798884,0.08322684315066864,0.06793283443906867
0.025114415457964556,0.07561333092127129,0.08469331144100567,0.07209792319573927
0.0323432507101053,0.07063824134875846,0.08542527725404153,0.07555859433603584
0.03916707780678119,0.06514951200229846,0.08542541615380139,0.0783017394020652
0.04553635359528163,0.05920003294178239,0.08470185411134129,0.08032402215799156
0.05140273609936452,0.05285252347382394,0.08326979888840719,0.08162941204789709
0.05672041444484077,0.04617784942287867,0.08115263725249833,0.08222638956522266
0.06144828110188,0.03925090639047103,0.07838209157341686,0.08212587360359158
0.06555228002759517,0.032145481396517094,0.0749973699364378,0.08134060006418065
0.06900719277208606,0.02492992523279996,0.07104358545709152,0.07988607413084242
0.07179732422185525,0.017665147972653936,0.06656993374917211,0.07778257244008824
0.073915941108737,0.010405521293263692,0.0616281296902593,0.07505724622771376
0.07536374751719088,0.0032021109196896935,0.056271426293365234,0.07174534108229225
0.07614698817666193,-0.0038932604066875542,0.050554255935600936,0.06788991278938336
0.07627584103741575,-0.010824934748922349,0.044532271253503855,0.06354003003030334
0.07576357981457954,-0.01753272787500998,0.038262428462203325,0.05874806291752896
0.07462663830842536,-0.023954059100326497,0.03180279839440416,0.05356701462799457
0.07288533757156324,-0.03002820675825313,0.025211979976015722,0.04804881836495423
0.0705647925169352,-0.03570115755556108,0.018548232898025374,0.04224411088588276
0.06769548642560036,-0.04092930259343891,0.01186862461718502,0.03620337670841804
0.06431318747801967,-0.045680710801305535,0.00522851450287018,0.02997878634502674
0.06045819018376908,-0.049933674349704305,-0.001318443979981404,0.02362575996879205
0.05617415834099074,-0.053673272575621545,-0.0077198548085629926,0.017203393272129677
0.05150699892407237,-0.05688741880488096,-0.01392400695392787,0.010773342180673731
0.04650414711113801,-0.05956396338538206,-0.01987962980469693,0.004397391484831842
0.041214419950496656,-0.06168990671478641,-0.025536364104057296,-0.001865524420462339
0.03568830373651059,-0.06325286437363942,-0.030846085575569004,-0.007961841842746287
0.029978311253300492,-0.06424401017479359,-0.03576487103120041,-0.01384458494226537
0.02413898422108965,-0.06466117633529406,-0.04025509050050313,-0.019472935639341105
0.018226254016939614,-0.06451081956720778,-0.044286975478731394,-0.02481045147526706
0.012296152906531313,-0.06380812568283145,-0.04783912304585758,-0.029822751818111226
0.006403168017541622,-0.06257535836371514,-0.050897724847889736,-0.03447569646972787
0.0005987185950900309,-0.06083929100052743,-0.05345474577917525,-0.03873488293956795
-0.00506977359238564,-0.058628881126683186,-0.05550565781861394,-0.042566767496918456
-0.010558964113774494,-0.055974131342568845,-0.057047510958819714,-0.04594107459975716
-0.01582889197536913,-0.05290644386596305,-0.05807801860428263,-0.048833648178317535
-0.020841903025827446,-0.04946001745392911,-0.05859597700783009,-0.05122871251561589
-0.02556174593967353,-0.045673305504969786,-0.05860285263242776,-0.05311971804388488
-0.02995333551996615,-0.04158949816453736,-0.05810493542122169,-0.05450846409646781
-0.03398341071391631,-0.03725544083927762,-0.05711523317862849,-0.055402815774826086
-0.03762194473582964,-0.03271915852218957,-0.0556543591599295,-0.05581382810615698
-0.04084384098320337,-0.02802687681889151,-0.05375001712194555,-0.05575327521648982
-0.04363030417183816,-0.023220778790786396,-0.05143518781655837,-0.0552323960556394
-0.045969373813002146,-0.018338529684348487,-0.04874558432392656,-0.05426219351075218
-0.047855412143636256,-0.013414898847617235,-0.04571719940982005,-0.05285504770052518
-0.04928773197451142,-0.008484893301670765,-0.04238472188866682,-0.05102694363078947
-0.05026887578879552,-0.0035870827571241326,-0.03878126883278091,-0.04879943119912272
-0.05080318563921299,0.0012344241678579337,-0.03493938992381901,-0.046200582056884154
-0.05089618196278217,0.00593046843544634,-0.030892831683582297,-0.04326460790250852
-0.050554945589535605,0.010449980424437955,-0.026678275470086076,-0.04003029371977959
-0.04978929853319125,0.01474488421919673,-0.022336282653777434,-0.03653879126821555
-0.048613262413222,0.01877510032478863,-0.017910981936604946,-0.03283147746482268
-0.04704616200985967,0.02251183200317347,-0.013448501629457425,-0.0289484722600315
-0.04511287679068077,0.025937891651880318,-0.008994608478791882,-0.024928098998237773
-0.042843068921669225,0.029044912799919775,-0.004592295589716189,-0.02080719475119233
-0.04026960197602808,0.031828480575476936,-0.00028006568293117984,-0.016621886966698987
-0.0374266588663667,0.03428302700093744,0.003908612279857504,-0.012408346181228158
-0.03434815833617991,0.03639844408095333,0.007944629360588262,-0.008203120023945534
-0.031066927418449852,0.03815971124822598,0.011801738000096207,-0.0040428875010186105
-0.02761477580684757,0.03954966308717467,0.015454897812569812,3.626658023717089e-05
-0.024023265125476936,0.04055379643035317,0.018879156560023647,0.003999777737412863
-0.020324711639249544,0.04116521843398774,0.02204952333340965,0.007815412801915611
-0.016552900787376278,0.041387786961709416,0.024941897131171287,0.011453751008152768
-0.012743140758244724,0.04123621261339283,0.027534711062703,0.0148882952685776
-0.008931570775688541,0.040733092131679804,0.029810689392710865,0.018095335039186367
-0.005153945409796273,0.03990404662956448,0.03175808353748899,0.021053759375722125
-0.0014443151251245512,0.03877286515758949,0.033370956792715956,0.023744988026553726
0.0021659595919693297,0.03735851688393932,0.03464844215909607,0.02615307909496989
0.005648585232074288,0.035675113848305684,0.03559326704438359,0.028264948195849293
0.008978093218292016,0.03373470022171049,0.036210086977153166,0.030070561938492835
0.012131221528905778,0.031551601867154944,0.036504212206305675,0.031562983140491
0.015086298143180688,0.02914645151311665,0.03648114014460141,0.032738234790182064
0.017822970954987027,0.026548155101526555,0.036146994943395794,0.03359506306837201
0.020322448193939358,0.023792916147771903,0.035509642587361,0.03413475202931504
0.022568169260893445,0.020920636052218833,0.03458001662971488,0.03436112881615294
0.024546626118083337,0.01797006888328692,0.033373133989651915,0.03428079701128295
0.026247985502008686,0.014974599911790041,0.031908411239032874,0.03390349188946229
0.027666249347478467,0.011960244092982839,0.030209150848428068,0.033242336794473915
0.028798893236680057,0.00894654234642342,0.028301353340236035,0.03231375948863813
0.029646149233118202,0.005949850388254907,0.026212222192810386,0.031136926545665855
0.03021024967593189,0.002987552171314606,0.023968795809014953,0.029732742722609062
0.0304949563722422,8.137841823124825e-05,0.02159705404954232,0.028122664452650048
0.03050556194765991,-0.002741592483945454,0.019121650980110205,0.026327700659831976
0.030249327628358136,-0.005450699302587514,0.016566200443502863,0.024367953765540074
0.029736112543210957,-0.008015529894516094,0.013953868913243475,0.02226288005764343
0.028978846603319286,-0.010410275750291242,0.011307964891244901,0.02003217868519741
0.027993549334469015,-0.012616864350211365,0.00865226508984758,0.01769695619508095
0.02679878143875908,-0.014625645826538913,0.006010950762612793,0.015280668142473683
0.0254146563662222,-0.01643343100689243,0.0034081832801607925,0.012809380016010858
0.023861732184118467,-0.018039770996998328,0.0008674667923227186,0.010311113930528207
0.022160164699942864,-0.019443080410926128,-0.00158900950155888,0.007814377922638192
0.020329401811492842,-0.02063824451122015,-0.003940889689610372,0.005346287047453935
0.018388476029140982,-0.021616703577560903,-0.006169953452297761,0.0029308571276198403
0.016356699667331165,-0.022368949271362626,-0.008260216899701245,0.0005880112591134801
0.01425439228381993,-0.022888341325593142,-0.010197907451326038,-0.0016664043480761614
0.012103248544047387,-0.023174587697948612,-0.011971400002208699,-0.0038196557859635494
0.009926099083870321,-0.0232353635530978,-0.013571169899856683,-0.005860604722516205
0.007746069493942236,-0.023085319256590797,-0.01498976767964616,-0.007778223216311997
0.0055853989248892955,-0.02274282197790284,-0.016221780996769297,-0.009560691622835515
0.003464332226851552,-0.02222573254017146,-0.0172637414317805,-0.011195394770754319
0.001400482003795056,-0.021547937754103907,-0.0181139601571757,-0.012669784976500398
-0.0005911263873205896,-0.020718060383052184,-0.018772320847944446,-0.013972758889867709
-0.0024973894655394013,-0.01974087340492864,-0.019240095062265372,-0.01509602117533293
-0.004306157027660518,-0.018620820702541896,-0.019519852247293856,-0.01603494315340781
-0.0060054046570374164,-0.01736615825128518,-0.0196155055830749,-0.01678864610092351
-0.007582936398833118,-0.015991948475207407,-0.019532476790251885,-0.01735935125985666
-0.00902678866035006,-0.014520586953529202,-0.01927790274772817,-0.017751313477359587
-0.010326213026067177,-0.012979536239341727,-0.01886077234650657,-0.017969784781658504
-0.011472866660744707,-0.011397079949165445,-0.01829189178622026,-0.018020393660889866
-0.012461737423865915,-0.009797724544956643,-0.0175836303549613,-0.017909110718457577
-0.013291420658734898,-0.008199030840268205,-0.01674947717956632,-0.017642699737011547
-0.01396361197902507,-0.006611086512132085,-0.015803511385456603,-0.017229342852292273
-0.014481986763663302,-0.0050387664367312,-0.0147599236732609,-0.01667906708689454
-0.014850879095201608,-0.003485803754405964,-0.013632710518024449,-0.01600370786263383
-0.015074252347090644,-0.0019589699953921347,-0.01243559803064978,-0.015216370183485262
-0.015155337577530126,-0.0004706324734018441,-0.011182165418841511,-0.014330587046040122
-0.0150970501536839,0.0009613679858583024,-0.009886062142294205,-0.013359519865791258
-0.014902985787535461,0.0023164740449306276,-0.00856117843870155,-0.012315532175160848
-0.014578567987606872,0.00357568171377759,-0.007221649765626684,-0.01121030098861836
-0.014131860858269285,0.004725589346466885,-0.005881643718377592,-0.010055383684353297
-0.013573696125111057,0.005760593121335533,-0.004554966210225123,-0.008862941892714138
-0.012917035593006887,0.006682364814125541,-0.0032545972067007517,-0.007646235909179053
-0.01217578977568462,0.007496864431800532,-0.0019922961535062678,-0.006419586843344448
-0.01136352036295929,0.008210144819998322,-0.0007783920023034241,-0.005197727540490483
-0.010492487478937884,0.008824685655751063,0.00037819707204186925,-0.0039947332147048376
-0.009573352281784603,0.009337756003805153,0.0014697554994219098,-0.0028229217365740578
-0.008615575390836488,0.009742450347883458,0.0024894835110352287,-0.0016921519809360297
-0.007628273027680044,0.010030928507464731,0.003431265578394127,-0.0006098037361012276
-0.006621118120926556,0.010198476511340704,0.004289598684514173,0.0004185500122509678
-0.005604871172730251,0.010246669590175672,0.005059714818546279,0.001388055874888272
-0.004591292404845199,0.010184296160837991,0.00573784937048083,0.0022935368899958952
-0.0035924508056390456,0.010025633755034069,0.006321544767186882,0.0031289465163338304
-0.0026196971028151633,0.009786766401740588,0.006809861069862422,0.0038875762318631435
-0.001682703650826678,0.009481442518148864,0.007203398682181339,0.004562962676016524
-0.0007889412701934939,0.00911815834436619,0.007504108970189216,0.00515014298282751
5.6221930763877825e-05,0.008699638820392541,0.007714948285706791,0.005646747650595529
0.0008488726885968745,0.00822488965177659,0.007839488394183691,0.006053469056187311
0.0015856517472417897,0.00769292569938701,0.007881609636913478,0.006373685361475145
0.002262992777932682,0.007106584825795348,0.007845367900543965,0.0066123581713591895
0.002876825943755379,0.006474801069871916,0.0077350571209579555,0.006774619642229307
0.0034228691824956803,0.0058123506408619685,0.007555412938842654,0.006864596971957848
0.003897379953375135,0.0051371333322001445,0.007311849515369617,0.006884931645122883
0.004298045693558794,0.004466075763679023,0.007010610282681962,0.006837171011738197
0.004624632432138731,0.0038113172844384535,0.0066587476638482745,0.006722853098722836
0.0048791106487077185,0.0031782265374027327,0.00626391223593864,0.006544817819495841
0.005065192499288496,0.002566043260739239,0.005834002728246024,0.006308178401864817
0.005187454784651324,0.001970857619530114,0.0053767777671653305,0.006020519211620334
0.00525038805114908,0.0013896759363041106,0.004899540627648413,0.005691198520974161
0.0052577364617180655,0.000823875562538795,0.004408977169903794,0.005330000663447798
0.0052123674140024945,0.00028060720583023,0.003911168109783342,0.004945651487009484
0.00511668812673699,-0.00022844549675424264,0.003411733222260932,0.004544772281638965
0.004973401262266863,-0.0006904441057395405,0.002916021056479645,0.004131673280592996
0.004786255859839994,-0.0010955198508117991,0.002429248759383655,0.003709047926617054
0.004560457925869621,-0.001439941925830357,0.001956524156808765,0.003279261732772515
0.004302551257692466,-0.0017270193670661516,0.0015027339139398292,0.0028456855574485462
0.00401980080956682,-0.0019653595637378896,0.001072336472209806,0.002413503647728271
0.003719315316238314,-0.0021651948917193464,0.000669135484507144,0.0019896413945014457
0.0034072488527704947,-0.0023342828952667705,0.00029611547009275596,0.0015818196316864062
0.0030883818191512202,-0.002475057258889357,-4.460429741018346e-05,0.00119710355838238
0.0027662193758793974,-0.002584186214556361,-0.00035168762972564993,0.0008405263807301361
0.0024435293116115975,-0.0026546978343793826,-0.0006244085890408368,0.0005143425322222395
0.0021230624410437104,-0.002679770329924447,-0.0008624565482934221,0.00021821198577867684
0.0018081306485116938,-0.0026565984816493415,-0.0010657909345364591,-4.9761181986407443e-05
0.0015027869145400469,-0.0025887179040471886,-0.0012345929286795565,-0.00029156109451519696
0.0012115267271797063,-0.0024858081736525706,-0.0013693197473927943,-0.0005079631430116582
0.0009386361106317256,-0.002361038700766205,-0.001470825018810129,-0.0006979363554893148
0.0006874613031685392,-0.0022270360058120886,-0.0015404823243735932,-0.0008589845493705006
0.00045990682178657927,-0.0020921183977090085,-0.001580247748075192,-0.000988277245494773
0.0002563705712126385,-0.0019583301784921736,-0.001592620862813976,-0.0010840930876104271
7.613971356557059e-05,-0.0018220606727378796,-0.0015805022442176297,-0.0011469660834073636
-8.192191712422248e-05,-0.001676963557321054,-0.001546984271377394,-0.0011800437361060845
-0.0002186836793183211,-0.0015179422562838218,-0.00149513611969182,-0.0011884881198943043
-0.0003343407647229957,-0.0013445303474458048,-0.0014278448687313205,-0.001178144235898182
-0.00042845143558595256,-0.0011622519888472294,-0.0013477528262658134,-0.0011540027043446255
-0.0005003898176904054,-0.0009813892619678355,-0.0012572952447206243,-0.0011190708200115584
-0.0005500081028319559,-0.0008136615715492457,-0.001158806226638942,-0.0010741004718221592
-0.0005782131323728845,-0.0006681898626478833,-0.001054637149264015,-0.001018270580272318
-0.0005871984551088505,-0.0005484160972851482,-0.0009472295938519615,-0.000950529351213425
-0.0005802180463638229,-0.0004512532491463758,-0.0008391037857896078,-0.0008710292485904492
-0.0005609802589589541,-0.0003688172412110967,-0.000732756407734958,-0.000782047803792596
-0.0005328991717024611,-0.0002920229411053042,-0.0006304960342695121,-0.000687997457544054
-0.0004984990051723481,-0.00021455484036746186,-0.0005342678754906571,-0.0005945019934965878
-0.00045920185819758874,-0.00013556912688007794,-0.00044552385551721585,-0.000506902271480314
-0.00041556798229436254,-6.001127478688639e-05,-0.0003651782456573216,-0.00042879147614754975
-0.0003678693020791046,3.5765813427290905e-06,-0.00029365932955588425,-0.00036117181443778845
-0.0003167400039781332,4.684172416366539e-05,-0.00023103491088383166,-0.0003025732111835433
-0.00026361954700193646,6.542087522454221e-05,-0.00017716561667617536,-0.00025008273625409805
-0.00021079426434472692,6.116646711112894e-05,-0.00013183314782492725,-0.00020086188486154177
-0.00016101460401157786,4.186146150103598e-05,-9.48028030934231e-05,-0.00015353006522728085
-0.00011684359422442503,1.8524049270385312e-05,-6.580584567655173e-05,-0.00010884857817658466
-8.000341498126673e-05,1.4012410994301838e-06,-4.445779796538596e-05,-6.94273086000452e-05
-5.098510485734842e-05,-3.7067592524864246e-06,-3.0152496629770598e-05,-3.857826707627868e-05
-2.9073561431336437e-05,2.7134781068194336e-06,-2.198041109208182e-05,-1.8791123101807167e-05
-1.2764950008015141e-05,1.4628818785999975e-05,-1.8710667983340423e-05,-1.0461964460778406e-05
-3.910003264218087e-07,2.345567097167267e-05,-1.8853238002103367e-05,-1.1403818295147028e-05
9.31690908373417e-06,2.2053378123387812e-05,-2.078955830098206e-05,-1.7348458836941028e-05
1.695774555413032e-05,8.043835315163506e-06,-2.2936841123144536e-05,-2.3245010132039168e-05
2.2585888250464814e-05,-1.4932962540126216e-05,-2.3901619364719018e-05,-2.483785248910686e-05
