ch0,ch1,ch2,ch3
-0.00040931435023455753,-0.00020477386632450356,-0.00030376826651198896,-0.00034677714969194584
-0.000420130062491475,-0.00020273016696076285,-0.0003045564914550547,-0.00034824150394963116
-0.00043577895636492947,-0.00020505589035330063,-0.0003074156487855584,-0.00035281056620067863
-0.0004513869855462538,-0.00021144673472947573,-0.0003121898370048448,-0.0003599432262414437
-0.00046180631383041515,-0.000219693637321966,-0.0003176341883157907,-0.000367810799947188
-0.00046383964001139866,-0.00022668947740850376,-0.00032213116178757967,-0.00037412036606099264
-0.00045767692667858517,-0.00022981951269518408,-0.00032452190831018697,-0.00037710135354424024
-0.00044692887340441745,-0.00022814973641227532,-0.0003246807431972823,-0.00037627341803690706
-0.00043721659074469343,-0.00022289512554729551,-0.0003235785933511509,-0.0003726961007988333
-0.00043387779635578605,-0.00021694296445634587,-0.0003228135833125423,-0.00036859808686143247
-0.0004397288321523751,-0.00021360802125647282,-0.0003238312932332954,-0.00036652246683036016
-0.0004538186058003768,-0.00021513861116023714,-0.0003272036721681526,-0.0003683143534410696
-0.00047171945825066897,-0.0002216262951050263,-0.00033231534498914805,-0.00037434577947882686
-0.0004872747160131474,-0.00023083017927538751,-0.0003376234978974546,-0.0003832917783343215
-0.0004951162919204638,-0.00023905623718917246,-0.0003413907085892398,-0.00039256827962730334
-0.0004929284774872478,-0.00024277817270723645,-0.00034255845471270474,-0.00039929058087875835
-0.0004825110922836093,-0.00024033643116150305,-0.00034134149474507325,-0.0004014041771581156
-0.00046916474804975777,-0.00023295914333326673,-0.0003392287051147136,-0.00039855691585627406
-0.00045960010709764076,-0.0002245670910498987,-0.00033833789188802976,-0.0003923583906297323
-0.0004591884877819391,-0.00022028283569108797,-0.00034038039765676986,-0.0003858869755101191
-0.00046966902927471355,-0.000224089228912705,-0.0003457068164993138,-0.0003825833373579113
-0.00048827695215267197,-0.0002364667113292085,-0.00035291990403718554,-0.00038491175764243657
-0.0005087065267873059,-0.0002529215023809872,-0.00035932846775266203,-0.00039328603959937203
-0.0005235835497914565,-0.0002640506271004983,-0.0003621496921470402,-0.00040569578749494184
-0.0005274901234074147,-0.0002572629314954167,-0.0003599952340428425,-0.000418242901881416
-0.0005193195543727325,-0.00021968049318396576,-0.0003539635349351644,-0.00042647797820938305
-0.0005029612869412725,-0.0001413061169567298,-0.00034771918738774055,-0.0004271196303397007
-0.0004859527823086185,-1.7428407026065518e-05,-0.00034627674656950713,-0.0004195554484926478
-0.00047654621291537413,0.0001505069119195901,-0.0003537112520604069,-0.0004065339574138016
-0.00048030424170153463,0.0003557961085988437,-0.0003705006904056174,-0.0003936725916140471
-0.0004975890601648936,0.0005887705425524983,-0.00039146808751427953,-0.000387768694352697
-0.0005230256244960207,0.0008396430224963183,-0.0004052060038684524,-0.00039429824983849837
-0.0005472925975547605,0.001100919564445399,-0.0003954347259090274,-0.00041479240665215356
-0.0005606884832749515,0.0013686040169384045,-0.0003441038165962751,-0.0004448906845700429
-0.0005571799045057113,0.0016419079093515088,-0.0002354213468203914,-0.000473736545256509
-0.0005373559691860819,0.001921739932716493,-5.961930402600957e-05,-0.0004850354377313737
-0.0005090142730446168,0.0022086736365291015,0.00018471205447104233,-0.0004596351099442342
-0.00048490056680849936,0.002501224539283059,0.0004904564895581859,-0.00037904918775427676
-0.0004781385080651068,0.0027950744275524186,0.0008440105696365802,-0.00022906061382316212
-0.0004967543631531623,0.0030834551616277794,0.0012288525848430099,-2.4993471974543713e-06
-0.0005391067736320587,0.0033584274252677626,0.0016294827479236534,0.0002994961909590921
-0.0005918197328019237,0.003612453713378372,0.0020344973137773614,0.0006680147868708824
-0.000631053238113799,0.0038395958712907907,0.002437907038923451,0.0010885029154738268
-0.0006268913147844946,0.004035878077361665,0.0028384513295091757,0.0015438728452445913
-0.0005496418526316216,0.004198744138944832,0.00323735586054541,0.002017743341426551
-0.00037625789796033593,0.004325932843151026,0.003635481528439538,0.0024969869508811027
-9.509097366283692e-05,0.00441433081034448,0.0040309446240594515,0.002973007700549382
0.0002922471134954585,0.004459346010562748,0.004418022786636333,0.003441569204700498
0.0007722182080584922,0.004455093647562469,0.004787618346805911,0.003901411124862253
0.0013232387394459533,0.004395315660963461,0.005128948342376316,0.004352207204183417
0.001920783424933535,0.004274629393821061,0.005431698746866165,0.0047925447712800495
0.0025421849039387635,0.004089560631287181,0.005687772406501979,0.005218520824744055
0.003169893131959124,0.0038389191050802185,0.005891996419776557,0.005623297138429406
0.0037925948766128342,0.003523372321423246,0.006041621235461314,0.005997628281647571
0.004404327133345959,0.0031444337467279038,0.00613494281334237,0.006331080084036378
0.005002295324370909,0.0027033452794933965,0.0061697110003077205,0.006613480519796711
0.005584359439052028,0.0022003853133553686,0.006142029329780474,0.006836132682419616
0.006147045400806711,0.0016349489455228516,0.00604620382809401,0.006992456934666824
0.006684571667345179,0.0010064052872260087,0.005875578027004058,0.007077956205236213
0.0071889271083595,0.0003153865720863791,0.005623979387026745,0.007089631687662579
0.007650673095762617,-0.00043504181438092093,0.005287167548744753,0.007025139376499068
0.008059983942134974,-0.0012388499096705474,0.00486370521187407,0.006882025631712141
0.008407501059505162,-0.0020874109350459136,0.0043549423668293175,0.006657310059275168
0.008684784578229854,-0.002970650315368195,0.0037641901418479784,0.006347533543508699
0.008884383464023371,-0.00387852138155588,0.0030954948766717116,0.005949218043306281
0.008999703932615177,-0.004802204468355775,0.0023525678126006255,0.0054595525577577075
0.00902488350524594,-0.00573453308038125,0.00153832803494236,0.004877066028319166
0.008954791249300542,-0.0066694725471011795,0.0006552277397725015,0.004202081110930733
0.008785142247730193,-0.007600879428746446,-0.0002938195416354872,0.0034368405855069173
0.008512617276746737,-0.008521083099486487,-0.0013043435559615402,0.002585319442653111
0.008134869554029034,-0.009419918998981563,-0.0023695477090395767,0.0016528365425175773
0.0076503791777707275,-0.010284664393569731,-0.0034801980951277844,0.000645628958593325
0.007058233123378221,-0.01110095367584979,-0.004625203682818824,-0.00042946000034085885
0.006357993225112768,-0.01185433737227276,-0.005792615522998874,-0.0015650894563158935
0.005549811191908893,-0.01253187265061434,-0.006970598680934433,-0.002753320563374906
0.004634848534933955,-0.013123113604209702,-0.008147961465097803,-0.003985377353383876
0.0036159028880759503,-0.013620119795835661,-0.009314044955830707,-0.00525138382770475
0.0024980066092932796,-0.01401651930813369,-0.010458081104004258,-0.006540195239504595
0.0012887219766267721,-0.0143060720808596,-0.011568381035284403,-0.00783940651296657
-2.056505713360357e-06,-0.01448140479760679,-0.01263180164027558,-0.009135562245134447
-0.0013627934840478306,-0.014533529258384026,-0.013633817912276636,-0.010414529907352713
-0.002781284317077054,-0.014452431004281507,-0.014559253682355972,-0.011661948774608369
-0.004245549724079117,-0.01422855720961852,-0.015393417326251768,-0.012863644564004684
-0.005744295937304175,-0.013854635801198167,-0.016123190501516893,-0.014005909245294712
-0.007266738985957734,-0.013327093551908586,-0.01673761994523315,-0.01507558478384663
-0.008801848986840694,-0.012646486461309114,-0.0172277695993453,-0.016059949392131345
-0.010337323915518115,-0.01181675746129357,-0.017585915603173685,-0.01694647017840939
-0.011858741857683042,-0.010843629606437866,-0.017804467598180218,-0.017722538545203337
-0.013349298339287441,-0.009732818810963995,-0.01787514074088742,-0.01837532651665108
-0.014790317938725372,-0.008488844237916293,-0.017788815370606337,-0.0188918813785523
-0.01616241989200859,-0.007114977538817735,-0.017536236211948664,-0.019259511830889642
-0.017446942810487337,-0.005614395171352038,-0.017109339435913695,-0.01946642510365021
-0.018627112460205514,-0.003992077403530803,-0.016502711266387804,-0.019502478540386226
-0.019688527407469736,-0.0022566548372297546,-0.015714603574809416,-0.01935984518777001
-0.020618810904745044,-0.00042139124014645146,-0.014747100698397353,-0.01903339048996272
-0.02140662499080792,0.0014961730908876758,-0.013605381032443187,-0.018520628554996754
-0.02204051936663559,0.003475841560477616,-0.012296399246689738,-0.01782125794316447
-0.02250817228613805,0.005497029897032879,-0.010827564130419465,-0.01693642881449886
-0.022796429525380413,0.007540772828701303,-0.009205990762416627,-0.01586801052367226
-0.022892215651637682,0.009590643839264154,-0.007438656343992489,-0.01461816022335749
-0.022784014352180804,0.011632207605469166,-0.005533390211553246,-0.013189412866928873
-0.02246335212480499,0.013651252141722407,-0.0035002527353382162,-0.011585335525080731
-0.021925690695515254,0.015631595144868463,-0.0013526723378259886,-0.009811569670651943
-0.02117036171771497,0.017553485706376118,0.0008921974226080154,-0.007876904915798344
-0.020199576563676658,0.019393413643354313,0.003214101361633248,-0.005793963951326475
-0.01901695000257675,0.021125560960129297,0.005591049889537958,-0.003579172948825926
-0.017626213032840954,0.022724412996645987,0.008000850840687496,-0.001251928400587271
-0.01603074388776249,0.024167494387750788,0.010422140816142879,0.0011668254895552677
-0.014234219180063734,0.02543705996789919,0.012834473279899127,0.0036561383671323833
-0.012242202362743926,0.0265199445956944,0.0152174651327667,0.006196143853731503
-0.010064043291668656,0.0274055389339547,0.0175494763820254,0.008768245651732426
-0.007714255869481101,0.028082715646208567,0.019806578343914402,0.011354263705544924
-0.005212678550677807,0.02853712308219536,0.02196250548034183,0.013934818115626746
-0.0025831740393913727,0.028750312497310637,0.023989880026694166,0.016487584346576326
0.00014877659523984677,0.028701592762141126,0.02586240143591989,0.01898619947614641
0.002958725607785734,0.02837248412433696,0.02755716238251421,0.021400448483054002
0.005825107340377306,0.02775253818378981,0.029056045471588854,0.02369793264050528
0.008729469141099608,0.026844537568446236,0.0303454092956163,0.02584685342590573
0.011654866198446315,0.025667016117912278,0.031413938284106435,0.027819043907989255
0.01458294681546489,0.024252740157028052,0.03224936867367517,0.029592155016675947
0.017490854181413794,0.022643065711637822,0.03283546814357263,0.031150083879840862
0.020349266881830794,0.02087950677036643,0.033150824739056506,0.032481300207750974
0.023122577658719626,0.01899490713349461,0.03317054349772697,0.03357551478600096
0.02577145270527545,0.017006901338098512,0.032870954584050704,0.034419864553871804
0.028257087713242174,0.014915738156225433,0.03223623442776907,0.034996171449947266
0.030545736660875344,0.012707205074854011,0.031264883019160916,0.03528067366675419
0.03261184483434312,0.010359780490304227,0.029973691278648296,0.03524691574575478
0.03443850870987525,0.007853805935470914,0.028397366962901294,0.034871411528202056
0.03601491487121794,0.005179874956157626,0.026583256163858593,0.034140610513818836
0.0373315643651006,0.002343979355368564,0.024582203722585183,0.03305699530800532
0.03837504300220018,-0.0006318949806284335,0.022437986305747892,0.03164211024992136
0.03912447078636305,-0.0037134880938837767,0.020178413423056873,0.02993505073999647
0.039551364465608085,-0.006860681009460912,0.01781084500064961,0.027986250153451853
0.039623560484315645,-0.010034232274205968,0.015323588715449421,0.02584788967147933
0.03931241613303299,-0.013200578770515637,0.012692824016379,0.023563435763966578
0.038601227704243624,-0.01633334333243251,0.009892962501338642,0.02115926317319128
0.03749214554445318,-0.019411508557496363,0.006907292690353645,0.018640853875365404
0.03600910155807652,-0.02241544750808143,0.0037357388599884578,0.01599478277115063
0.03419536679084567,-0.025322699723182546,0.0003975915311292544,0.013195995750792944
0.032105991887024954,-0.02810531688389925,-0.0030712237555043653,0.010218298689503136
0.029797019826721283,-0.030729845372087977,-0.006624984814651319,0.007045025111664244
0.02731444881867595,-0.03315989093352156,-0.010216517975037032,0.003676850687421601
0.024686086913285277,-0.03536017596829222,-0.013804161258126637,0.00013467463834893056
0.021918608538469553,-0.03730045084772449,-0.01735518815068234,-0.0035429266201314202
0.019000560591871718,-0.03895774975470784,-0.02084497936335284,-0.007306478881412573
0.015910281270382465,-0.040316208817024746,-0.024252834173672577,-0.011104192783004632
0.012626269108647337,-0.04136467790173082,-0.027556484942836967,-0.014889534309744198
0.009136926370116372,-0.042093243721155804,-0.030727708892633127,-0.018625529131694848
0.005446974093261864,-0.04249019137368071,-0.03373083983048947,-0.022284825401806964
0.0015790366704581393,-0.042540714696239934,-0.03652473711476542,-0.025846065910925156
-0.0024295077087310435,-0.0422279468525989,-0.039067373548804296,-0.029288355171280173
-0.006532863148711335,-0.04153593067700495,-0.04132119912874399,-0.03258613377945793
-0.010683956924941007,-0.04045336973791297,-0.043257194770046525,-0.03570644240658602
-0.014840022868036054,-0.03897670360024724,-0.04485611415489693,-0.038609534411383456
-0.018965070066270844,-0.037111342712843554,-0.0461065662555033,-0.04125248582795982
-0.023028936452473548,-0.03487064999194406,-0.0470008472047479,-0.0435943477950414
-0.027003865905829733,-0.03227315660191771,-0.0475302948020927,-0.0456008861359779
-0.03086033669220535,-0.02933918457366219,-0.047682086192622875,-0.0472472129421731
-0.03456396450364094,-0.026088248184870988,-0.047438792089245396,-0.04851750318505538
-0.03807472567252718,-0.022538248912702508,-0.04678089690426834,-0.049402142818992134
-0.041348757494485494,-0.018706719311845033,-0.04569133656564767,-0.04989362446106094
-0.044341987249566894,-0.014613522299532389,-0.04416034540671515,-0.04998292960823547
-0.04701419377299551,-0.010283817658388789,-0.04218882285392911,-0.04965787078474321
-0.04933203280420512,-0.005750003030574824,-0.03978903909645315,-0.048904039878473415
-0.05127004871226021,-0.0010517574932792928,-0.036982537903781754,-0.04770795918754733
-0.05280952771604547,0.003765914689957961,-0.03379614746165799,-0.04606117402050802
-0.05393588222814699,0.008655938995071555,-0.030257669711252155,-0.04396368824376323
-0.05463577162008487,0.013572509937625196,-0.02639284700854111,-0.04142544363100992
-0.05489518046913794,0.018473281585141086,-0.022224619289021974,-0.038465345212358504
-0.05469921264452743,0.023319654574996417,-0.017774741399965543,-0.03510830978881996
-0.0540336248305649,0.02807518397811476,-0.013066913392561386,-0.031381574519343536
-0.05288741956629861,0.03270289659308441,-0.008130042496229811,-0.02731175134420022
-0.05125542355892637,0.03716274917618942,-0.00300029248252065,-0.022923763025673838
-0.04913983642847203,0.041410405513122445,0.002278862653559588,-0.018241998537726234
-0.04655020677426863,0.04539798478451415,0.007658530889752713,-0.013293105520317844
-0.043501971142899554,0.04907664889448088,0.013087433758441652,-0.008109165351559339
-0.040014293640659615,0.052400166010182075,0.01851488924646514,-0.002729838480789476
-0.03610822277650533,0.05532820052162929,0.023892683041244922,0.0027975175190059764
-0.03180602567623003,0.05782818595801137,0.029175315484223124,0.008419937740631364
-0.027132034185219533,0.05987519043178241,0.03431883576603774,0.014082438799091296
-0.02211465890079095,0.06144996180306811,0.039279062461004446,0.019731793085940544
-0.01678867516432414,0.06253603468786695,0.0440102018034319,0.025319096157582894
-0.011196690020451094,0.06311712372780809,0.04846464151943214,0.03080021420241975
-0.005388950544688298,0.06317589015187175,0.05259413882367209,0.036134045173661825
0.0005787365840609626,0.06269461461348536,0.05635198996108565,0.0412794053400153
0.006648469726909967,0.06165756290095725,0.05969534064363269,0.04619191469798253
0.012764024113484734,0.0600541862634722,0.06258675127202623,0.05082227732174621
0.018873673410082864,0.05788200112758041,0.06499447766354965,0.05511682639502638
0.02493109740083929,0.05514814730878642,0.06689150716761644,0.05902033412243962
0.030894080968212598,0.05186915337741804,0.06825394405576829,0.06248021346193086
0.036721508862051354,0.04806912246829537,0.06905962431887702,0.06545070103829387
0.04236979291709059,0.043777118736544884,0.06928773501270802,0.06789561517289971
0.04779009556298343,0.039024768040784474,0.06891976456434562,0.0697888237781299
0.05292744801888663,0.033844911080560314,0.06794151447931973,0.07111242007801793
0.05772219949169091,0.028271653512964012,0.06634541944991307,0.07185345375811375
0.06211341850043087,0.022341559400660155,0.06413226269327482,0.07200057556691963
0.0660431982236831,0.016095278633879384,0.061311607340995944,0.07154193578437684
0.06946053673997754,0.00957876463862481,0.05790079338338,0.0704651504049526
0.07232366531326473,0.0028434660117458432,0.05392294582865187,0.06875932877902113
0.07460029751002761,-0.004054645947513702,0.0494048459467441,0.066418366458458
0.07626603669290327,-0.011056834420851092,0.044375556849860054,0.06344425021380729
0.07730182052462364,-0.018103426092920143,0.038866347524916245,0.059849163330230826
0.0776915631622701,-0.02513499066596274,0.032911872889014315,0.05565568387841069
0.07742098505503359,-0.03209246736405641,0.026551993529575213,0.05089512223602011
0.07647807751310515,-0.03891634113111456,0.01983330707829367,0.04560474203394865
0.07485495576595907,-0.04554544670929538,0.012809553324665768,0.039824979193692545
0.07255028430166593,-0.05191621474188374,0.005540515438937965,0.033597684796356164
0.06957123240379781,-0.057963059181087795,-0.0019103220663725107,0.026965925036896543
0.06593411822324013,-0.06362017327091918,-0.009478554370866893,0.019975190842608764
0.06166344026603049,-0.06882441933267361,-0.017101060744377977,0.012675284083142002
0.05678965672547853,-0.07351850015783795,-0.02471683780166091,0.005121891130892148
0.05134659039160955,-0.07765339535609,-0.0322662378530973,-0.0026229802255673396
0.045369502722380994,-0.0811892322544461,-0.039689074416920184,-0.010492021870410456
0.038894626855271286,-0.08409428382355255,-0.04692256812947949,-0.01841480642653802
0.03196037311559202,-0.08634245796802087,-0.05390021970403856,-0.026320356963755127
0.024609746458478465,-0.08791021271306015,-0.06055235190595319,-0.03413920183652666
0.01689300732410451,-0.08877408212406612,-0.06680839154593851,-0.04180426760755255
0.008869466115892455,-0.08890982574540235,-0.07260023821809827,-0.049250490908530876
0.0006075856284504799,-0.08829367264688553,-0.07786559159203874,-0.05641359916524269
-0.007816830963763746,-0.08690540859339874,-0.08255008953929743,-0.06322887544911054
-0.01632389659466227,-0.08473240654911501,-0.08660756607771863,-0.06963072830843384
-0.024833354704454157,-0.08177335483675463,-0.0899984936923181,-0.07555353174098886
-0.03326762104676376,-0.07804051303653847,-0.09268742285852405,-0.08093363667151274
-0.04155330402801218,-0.07355979292356712,-0.09464066199260601,-0.08571192628108287
-0.04962095060399474,-0.06836865512231904,-0.09582536739631153,-0.08983602292387816
-0.05740344315408652,-0.06251249343499887,-0.09621065292979925,-0.09326137273378837
-0.06483397172476665,-0.0560406221741217,-0.09577050183560909,-0.09595089141802005
-0.07184463536957847,-0.049003051069680725,-0.09448750158296798,-0.09787346145064091
-0.07836644112278496,-0.04144892258123384,-0.092356039568325,-0.09900206997607308
-0.08433088659182658,-0.033426918158918406,-0.089383756471824,-0.09931255192547073
-0.0896726648530769,-0.024987310248055145,-0.08559069979803258,-0.09878367077038708
-0.09433257471149156,-0.016184848324317574,-0.08100649808431087,-0.09739871723497961
-0.09825963489890649,-0.007081461297558073,-0.07566663407229712,-0.09514815855160091
-0.101411719509646,0.002252125194060789,-0.06960922551716031,-0.092032397311124
-0.10375462613083908,0.011736384555814189,-0.06287348919149693,-0.08806360243923156
-0.10526012052950484,0.02128463247387552,-0.055500359552627054,-0.08326590459318794
-0.10590391938205879,0.030805896708139578,-0.047534843824098394,-0.07767387616252086
-0.10566460651073717,0.04020830318431557,-0.03902898277239236,-0.07132988641508836
-0.10452411082859042,0.04940220727966199,-0.030044043350293453,-0.06428135635689525
-0.10246974706778816,0.05830245506625112,-0.02065089622508151,-0.05657894994559831
-0.09949717880882553,0.06682946073566728,-0.010928293852619397,-0.04827631592586329
-0.09561326066554543,0.07490913287995973,-0.0009596472451484928,-0.039431307763697576
-0.09083771418532305,0.08247197631374968,0.009170467276041872,-0.03010794366029157
-0.0852029956095205,0.08945186855867115,0.019378726438992994,-0.020378008772282324
-0.07875236954510778,0.09578503250126325,0.029583522081651284,-0.01032131076054646
-0.07153685753957928,0.10140961101925905,0.039703443372116065,-2.414708762063511e-05
-0.06361213027989943,0.10626603879111626,0.04965465573450519,0.01042368998313993
-0.05503640098500606,0.11029816223679262,0.05934861578326346,0.02093237761474842
-0.045869959707193486,0.11345484545505002,0.06869153616073069,0.03141472840919495
-0.036176326545558746,0.11569167318536472,0.07758638513406713,0.04178704911334359
-0.026024354381175785,0.11697235447360577,0.08593720582243046,0.05196789606309391
-0.015490231353126882,0.11726954508656912,0.09365456185778252,0.06187532578693692
-0.0046583682230635914,0.11656501022652543,0.10066035832023415,0.07142394989296158
0.006379408210261922,0.11484927916244186,0.1068903920913539,0.08052332068119433
0.017526268808190498,0.11212112255896428,0.11229374105854517,0.089078773809843
0.028683682457188865,0.10838724283122725,0.11682923624411201,0.09699495882969117
0.0397545309057327,0.10366247358600478,0.1204603482559432,0.10418122850905254
0.05064503613332044,0.09797055483567552,0.1231504412811455,0.11055725011721146
0.06126496617340474,0.09134525956970607,0.12486025765958592,0.11605698468745704
0.07152627102147824,0.08383140312038956,0.125548716513099,0.12062967477244019
0.08134093833958944,0.07548517653620934,0.12517692587289586,0.1242375324483834
0.09061920072108187,0.06637337125132026,0.12371415771679806,0.126851045374854
0.09926913689170908,0.05657139032074979,0.1211438434099022,0.1284437513271534
0.10719821785127459,0.046160373858111226,0.11746766154994415,0.12898859648006483
0.11431663805559539,0.03522414868364135,0.11270649149018719,0.12845745945743337
0.12054160632460381,0.023846886489942626,0.10689811833188417,0.1268242651298233
0.12580139768501136,0.012112221612380458,0.10009267776115416,0.12407074978140692
0.13003802113519922,0.00010414535617234155,0.09234751861432444,0.12019288562242836
0.13320781491179806,-0.012090617166133383,0.08372320491901075,0.11520563841943732
0.1352799689353946,-0.024379621849118224,0.0742817976570107,0.1091442648755846
0.13623364343167427,-0.03666231478022758,0.06408760469939545,0.10206157731883486
0.13605476925267607,-0.04882936568608946,0.05320964680259033,0.09402206717329792
0.1347336467221636,-0.06076436732949529,0.04172451301324537,0.08509493842364674
0.1322641182376073,-0.07234777954122822,0.029718262081373736,0.07534851497280187
0.12864451907181373,-0.08346221453655603,0.017286530109731246,0.06484798328726071
0.12388002398242304,-0.09399764293619454,0.004532789531687592,0.053657189059318516
0.11798560329934271,-0.10385505431623351,-0.008434563843134346,0.04184368080180692
0.1109886942262811,-0.11294757839107214,-0.021505230838214984,0.029484953980881412
0.10293087592543698,-0.12119892053397596,-0.034569157701406034,0.01667336455941998
0.09386820328937323,-0.12853989876435407,-0.04751732426238431,0.0035176391553607134
0.08387024928689035,-0.13490455239209198,-0.060241337948412424,-0.00985985440740833
0.07301819388909461,-0.1402274659138046,-0.07263253165312539,-0.023329356242529894
0.06140241308011579,-0.14444353388002115,-0.08458144820168118,-0.03676146913332829
0.04911998232966597,-0.14749051753555376,-0.09597837022044028,-0.05003385838839134
0.03627239187931383,-0.14931372024407782,-0.1067150401371551,-0.06303474474164637
0.022963662725004247,-0.14987130867525916,-0.11668715223652168,-0.07566225048485298
0.009299000706060795,-0.14913852978568787,-0.12579684277541253,-0.08782022232781528
-0.004615880816163043,-0.14710943137962956,-0.13395441257842805,-0.09941248356394267
-0.01867466201408119,-0.14379556389004916,-0.14107888091209464,-0.1103380647252803
-0.03276953896986379,-0.13922220735177038,-0.1470975210079523,-0.12048960150727808
-0.04678977634744698,-0.13342353716177724,-0.151945012720142,-0.1297559043559521
-0.060620167768588834,-0.126438491613578,-0.1555630404654964,-0.13802813614185916
-0.07414009274434416,-0.11830880264865773,-0.15790096724959407,-0.1452076657035933
-0.08722388099344133,-0.1090798122033943,-0.1589177044575648,-0.1512130038458121
-0.09974294340355624,-0.09880363600282815,-0.158584292064623,-0.15598351970090185
-0.11156962452877649,-0.08754335380753928,-0.156886275180312,-0.15947877195544155
-0.12258211651358261,-0.0753765298404111,-0.15382491370093054,-0.1616738536640003
-0.1326692742406372,-0.062396633629411,-0.14941663779839404,-0.1625525694010386
-0.1417340117471999,-0.048711727288607065,-0.1436908253946983,-0.1621010245401039
-0.14969426775538908,-0.034440795800539686,-0.1366866604121929,-0.16030403817094951
-0.15648126137490662,-0.019708929227265914,-0.12845024321275006,-0.15714576273532005
-0.16203569686626212,-0.004642902924108572,-0.119033078663421,-0.1526143829259038
-0.16630338408065723,0.010631573173430539,-0.10849255751603978,-0.1467093182236488
-0.16923209084814556,0.025990424394693568,-0.09689425984909883,-0.13944847888803835
-0.17077114673219368,0.04131001243213382,-0.08431515247224644,-0.13087311964361548
-0.1708744166888015,0.05646528714918342,-0.07084633080248706,-0.12104867857018431
-0.16950603987338972,0.0713286119157851,-0.056594048718864226,-0.11006136198112382
-0.166647217303964,0.08577020910455191,-0.04167836446414244,-0.09801164522848227
-0.16230176368753657,0.09966038500111801,-0.0262295876031908,-0.08500681634839363
-0.15649837392599386,0.11287283892879701,-0.010383510758377623,-0.07115488407697027
-0.14928856819645753,0.12528781750809748,0.005723160906612901,-0.056561572657056525
-0.14074074742712012,0.13679389352465365,0.02195587744555587,-0.041330977730349244
-0.13093219460602795,0.1472877449305058,0.038183106338541384,-0.025569181139509456
-0.11994166839585732,0.1566722460169556,0.054275146047485574,-0.009389157862002506
-0.10784511778744274,0.1648540605868258,0.07010182867364831,0.007085038416294584
-0.09471599548001378,0.1717423466040155,0.08553044939449025,0.023716478198767946
-0.08063001026054148,0.1772499135334643,0.1004251307543193,0.04035674001530059
-0.06567251900078647,0.18129726532032692,0.11464823282479746,0.05685019463968964
-0.04994572732020666,0.1838187381019371,0.1280636009760269,0.07304000655824339
-0.033572850117700725,0.18476888774020564,0.1405407296258425,0.08877421682902907
-0.01669741755177223,0.1841268559527426,0.15195859183296684,0.10391037305187498
0.0005223584118961011,0.18189688623759767,0.16220806043674796,0.11831774089645629
0.017922447622753523,0.1781043825505031,0.17119244197037403,0.1318769392382651
0.03534220034314585,0.1727884966854629,0.17882640908888628,0.14447761047259142
0.05263086773517099,0.1659936067516699,0.18503423812814412,0.1560152402099973
0.06964944646097476,0.1577626599503189,0.18974848815698261,0.16638836252481082
0.08626763298050923,0.1481349037132681,0.19291001252787035,0.17549714745004982
0.10235755773736802,0.1371491100339259,0.19446958351058358,0.183243889336954
0.117787235059045,0.12485147097563731,0.19439069076933996,0.18953536642326788
0.1324168130258735,0.11130558932267284,0.192652540335773,0.19428657667503418
0.14609965949802606,0.09660106068607835,0.18925214706824955,0.19742506941116605
0.15868845598847073,0.08085742309303601,0.18420472988257874,0.19889501504895868
0.17004449371894362,0.06422169212104423,0.17754225321126615,0.19866026132248743
0.18004703920400927,0.04685983258273488,0.1693106535599904,0.19670586090509776
0.18859948978611743,0.028944601933339836,0.15956677100979655,0.19303786573760634
0.19563015915702825,0.010643490184369692,0.14837608751320497,0.1876815170685685
0.20108751881774012,-0.007889503965904085,0.13581203374107698,0.1806782707803608
0.2049318300340373,-0.02651581438016376,0.12195700590887032,0.17208233552652297
0.20712652388778663,-0.04510768669026427,0.1069045780358116,0.16195751307578082
0.20763286108904833,-0.06353900274088876,0.09076195047135693,0.1503750700597808
0.20641023122788899,-0.08167515748294563,0.07365159530233648,0.13741312128032318
0.2034223489493331,-0.09936593888077128,0.05571134871650865,0.12315760078565269
0.19864735144647133,-0.11644432104713227,0.03709272529597887,0.10770443016827269
0.19208824913610872,-0.13273202001855622,0.017957779035250393,0.09116209782740733
0.1837799293754721,-0.14805030523895482,-0.001524787159985025,0.07365367408068335
0.17379007785636302,-0.16223273589523876,-0.02118346634039707,0.055317391822898326
0.1622135458150071,-0.1751358359101007,-0.04084712246773432,0.036305316977091884
0.14916205360977106,-0.1866444543860417,-0.060347198016797936,0.016780209796321777
0.1347528005133246,-0.19667040886328402,-0.07951898380791912,-0.0030887473626435707
0.11909991582930515,-0.20514531727033686,-0.09820218644463657,-0.023130308951116854
0.10231159794286121,-0.21201048100212588,-0.11624107338703701,-0.04317454069528897
0.08449365164320444,-0.2172076140385672,-0.1334844063948974,-0.06305448798284971
0.06575774912026944,-0.2206738207257316,-0.1497852874230395,-0.08260603073465023
0.04623099652442089,-0.22234267547367254,-0.16500102290245627,-0.1016664832489785
0.02606293042753491,-0.22215111621800593,-0.17899318630853955,-0.120072972762973
0.005427053482052108,-0.22004988317492008,-0.19162817013559236,-0.13766173373153107
-0.015483941331464801,-0.21601408740745182,-0.20277856186420212,-0.15426913751823002
-0.03646779316687129,-0.2100505400143864,-0.212325559152377,-0.16973464728376184
-0.05732395989664058,-0.20219964719375527,-0.22016233437361166,-0.18390517394062436
-0.07786289853703661,-0.19253152951373692,-0.226197848667965,-0.19663977640210306
-0.09791056703010859,-0.18113789521814716,-0.2303602666283141,-0.20781349913584238
-0.11730728383783902,-0.16812245536656728,-0.23259901862062687,-0.2173194306483448
-0.13590224955095978,-0.15359292617108916,-0.23288481309889053,-0.22506868888545672
-0.15354662594451435,-0.1376568983400688,-0.23120749206861502,-0.23098875726382
-0.17008848724186468,-0.12042239103847285,-0.22757237103316696,-0.23502113527226431
-0.18537207596294442,-0.10200228904277153,-0.22199633104852273,-0.23711942726993362
-0.19924198934946036,-0.08252063804046897,-0.21450516019166938,-0.23724871900017303
-0.2115509214013344,-0.06211831875909135,-0.20513332296153647,-0.2353865011401553
-0.22216818055084533,-0.04095601756266121,-0.19392652048359646,-0.2315247347025082
-0.230985935205195,-0.019213446467864936,-0.180946350936257,-0.22567218311500117
-0.23792109228214342,0.002914967868787338,-0.1662754725881382,-0.21785604745373321
-0.24291248704882912,0.0252266509638627,-0.15002127818353728,-0.20812226354591765
-0.2459149363917536,0.047517904688731585,-0.13231640984446386,-0.19653441063293015
-0.24689293178268118,0.06958970334648637,-0.1133154178618006,-0.18317178571759163
-0.245816839370538,0.09125120135679551,-0.09318817581981742,-0.16812755202414656
-0.24266340574973483,0.11232075006199177,-0.07211183677579622,-0.15150781278580572
-0.23742057502563868,0.1326249947259806,-0.05026370008882006,-0.1334320041052256
-0.23009482806589587,0.15199707432756027,-0.02781710299100132,-0.11403432713872794
-0.2207181775816287,0.17027498921184134,-0.0049414090633865815,-0.09346533571023602
-0.20935202293701594,0.1873009049170936,0.018194306739454325,-0.07189253082024721
-0.19608625712856215,0.2029216984029551,0.04141564526021643,-0.0494990290879094
-0.18103385001614553,0.21699061981987755,0.0645378599768191,-0.026480014299274462
-0.16432287582469904,0.22936967644879253,0.08736377226412298,-0.003037514702182803
-0.1460889140444483,0.2399322850348079,0.10968592903396156,0.020625255351870014
-0.12647054802831548,0.24856583209711036,0.1312927604642315,0.04430848492209918
-0.1056093955796267,0.25517392865338495,0.15197702097521518,0.06781808262662328
-0.08365424282313702,0.25967825519597443,0.17154395044174692,0.09096529788505983
-0.06076715682919376,0.2620199261031794,0.1898167015595664,0.11356421372516545
-0.037128598537280066,0.2621602843121228,0.20663761087476207,0.13542849984583744
-0.012938887647156672,0.26008103066376254,0.22186546063405266,0.15636914991665116
0.011585240383645695,0.25578365727476865,0.23537039239898067,0.17619463103540944
0.03621834211917964,0.2492883054558943,0.24702901347024783,0.19471403904948473
0.060735925537244724,0.24063236002135407,0.2567221436540888,0.21174278101757207
0.08492296748575648,0.22986923288781563,0.26433661297587085,0.2271093900521571
0.1085786130958864,0.21706778740685184,0.2697709317239437,0.24066165696562491
0.13151583580986403,0.20231266584460603,0.2729431165848767,0.2522704904968455
0.15355676386058087,0.1857054398660446,0.27379805677843233,0.2618307020566552
0.17452603171827424,0.16736611915909477,0.27231188631115255,0.2692589527654382
0.19424525660144742,0.14743427732774494,0.2684918638260304,0.2744900104590202
0.21253129149888317,0.12606901727515712,0.26237185988194345,0.277472913872287
0.22919945105299916,0.10344725249073522,0.2540051116457943,0.2781684888595768
0.24407101554509433,0.0797602687536163,0.2434568444891576,0.2765490026766112
0.2569827218223124,0.055209097561097265,0.23079933567555538,0.27259986417058824
0.26779525314835534,0.02999967640027304,0.2161110298652692,0.2663225378355262
0.2763981883996026,0.004338917379645493,0.19947978339113448,0.25773751886844504
0.28271026196442817,-0.021567424345362227,0.1810087912093904,0.24688640570601247
0.2866755552027498,-0.04751474542060425,0.16082279533865718,0.23383267557306647
0.28825769085532704,-0.07329782274532738,0.13907211664689795,0.21866142740870942
0.28743467842350173,-0.09870827076548833,0.1159328786028204,0.20147878565938815
0.28419656434158314,-0.12353254795232305,0.09160316127241422,0.1824116515889938
0.2785467074035061,-0.14755173529740295,0.06629621093694144,0.16160804751208838
0.2705058876250718,-0.17054380628570226,0.04023273132503766,0.13923763757647734
0.2601172256451479,-0.19228835169729502,0.013634402922131,0.11549146256186663
0.2474495348050815,-0.21257295300342405,-0.013279867464466175,0.09057980536335097
0.23259738295914625,-0.23119986113582855,-0.04029457466437294,0.06472754659323487
0.21567752863357095,-0.24799150502706568,-0.06719585484661547,0.038167264486775127
0.1968229426428767,-0.26279366942710003,-0.09376879853270666,0.01113134500819235
0.17617669329131214,-0.27547584613373743,-0.1197954032318784,-0.016154935800521367
0.15388811396546756,-0.285929071939372,-0.14505425409944636,-0.04347736641634808
0.13011280981643894,-0.29406227468266843,-0.1693222244854626,-0.07063255186277043
0.10501652068398495,-0.299798545840301,-0.19237773359031735,-0.09742355785055057
0.0787812400070299,-0.3030727316438011,-0.21400468454000432,-0.12365300411935429
0.05161093272103695,-0.3038312993742248,-0.23399624937567645,-0.14911620447177118
0.02373412655431935,-0.3020347237542099,-0.25215806707495525,-0.17359713624903084
-0.004598379730330865,-0.29766185820699387,-0.26831092169845117,-0.1968692161716351
-0.03312078862601864,-0.2907151296791816,-0.2822932887495176,-0.21870129716670392
-0.06156291675296387,-0.28122509919239186,-0.293964106290064,-0.2388675184563907
-0.08966133352485871,-0.26925304581696163,-0.3032057608655868,-0.2571582860932087
-0.11716802689363805,-0.25489072905430255,-0.3099267763659431,-0.2733892477682208
-0.14385446210193456,-0.23825722989822012,-0.3140633440392354,-0.2874058327121348
-0.1695104848581661,-0.2194935617879245,-0.3155788716045294,-0.29908251662169894
-0.1939392442100885,-0.1987563602058692,-0.3144612266816901,-0.30831786506559533
-0.21695055811740474,-0.17621222498350692,-0.31071815555646887,-0.3150279008528861
-0.2383554973005606,-0.15203411302739317,-0.30437215603854484,-0.31914086457130464
-0.25796434303680604,-0.12640059036763868,-0.295456516763276,-0.32059578614837625
-0.27558875916789505,-0.09949789921340077,-0.28401406325099654,-0.3193456994195377
-0.2910475188530557,-0.07152391275420608,-0.27009936096624815,-0.31536441532312803
-0.30417398647032234,-0.04269239889436216,-0.2537839581526965,-0.3086542632543924
-0.31482314866798317,-0.013235806642725945,-0.23516311931716805,-0.29925170719529526
-0.3228763934300274,0.01659487955651963,-0.2143618331251368,-0.28722845553360105
-0.3282432259402558,0.046533865854033865,-0.19153795183982447,-0.27268735276393835
-0.33086026313623973,0.07630744170484156,-0.16688114073893529,-0.25575433102873846
-0.3306887222464232,0.10564262765069585,-0.14060761261549845,-0.23656923611706027
-0.32771191805481925,0.13427555835818325,-0.11295193993476774,-0.21527881455946574
-0.32193396292872845,0.16195758708895489,-0.08415810924521303,-0.19203434784465884
-0.3133801200132213,0.18845775653173397,-0.054472107073830364,-0.1669946306127577
-0.30209843486766197,0.2135614150437917,-0.02413767836725708,-0.14033288638551494
-0.288161702003487,0.23706601522102566,0.006604266389629507,-0.11224460623184687
-0.2716687104675139,0.25877609420569975,0.03751336657689886,-0.08295281454945297
-0.2527440517851382,0.27849975602484434,0.06834630646287351,-0.05270811808169246
-0.2315363751240408,0.296048509332834,0.0988539849655395,-0.021782773627975927
-0.2082155598250088,0.31124117964569176,0.1287808158155787,0.009539789692645698
-0.18296960005525537,0.3239111769688762,0.15786671946498498,0.040976874810646116
-0.15600194963149405,0.33391515104516073,0.18585139111904037,0.07225621116933496
-0.1275297156698283,0.34114046196145253,0.21247973637502526,0.10312065499898546
-0.09778260644696507,0.3455091826677851,0.2375071757032429,0.13332701233160876
-0.0670021585126094,0.3469774721716223,0.26070382885058796,0.1626403257472284
-0.03544065315533226,0.34553074758727415,0.2818571991356398,0.19082666043349664
-0.003359313277846332,0.34117658283720037,0.3007735891825478,0.21764794138140842
0.02897425831261037,0.333938116945221,0.317278837618826,0.24286153821441608
0.06128906738235952,0.32385061752072886,0.331218961966703,0.26622540558546326
0.09331361935822197,0.3109627141918051,0.34246099959204424,0.2875074040410838
0.12477826301631251,0.2953420585462143,0.3508939605932369,0.3064958000477231
0.15541683592647482,0.2770834001101023,0.35642957068853975,0.3230075056430296
0.18496783604474115,0.2563159480228492,0.3590025225883138,0.3368915316197221
0.21317560990739837,0.2332068680057724,0.35857024552337347,0.3480270251497963
0.23979207037332928,0.2079589147910231,0.35511257220790704,0.3563173879462329
0.2645792157688033,0.18080216389279452,0.34863189830430447,0.3616834793882414
0.2873123229824909,0.15198190738735368,0.3391543199842427,0.364059199724154
0.30778331366527445,0.12174625454963983,0.32673178684610343,0.3633917037423302
0.32580362451977496,0.09033725838466342,0.31144468948256726,0.35964652912332773
0.3412060410918697,0.05798831077494988,0.2934038016606643,0.3528158201131185
0.3538453378106945,0.024928436405075166,0.2727503951662873,0.34292643103579623
0.36359804443772614,-0.008608317651980363,0.24965377271831715,0.3300445756329244
0.3703620186974382,-0.04237209509163764,0.22430632319939292,0.31427491366925686
0.37405657695915395,-0.07608940452245214,0.19691718169783048,0.29575406722679726
0.3746236695377409,-0.10946175938525146,0.16770626326037286,0.2746407129353046
0.3720300817816522,-0.14217217736133614,0.13690049540191462,0.2511057485995333
0.3662701046920356,-0.1738982767446774,0.10473339192252784,0.22532603486754593
0.35736778206304026,-0.20432843024057007,0.07144788292005402,0.19748384209770492
0.34537786249170244,-0.2331763474877387,0.037300986339353984,0.16777190652413032
0.33038497542824574,-0.26018995625534735,0.002568004546690955,0.1364017763246232
0.3125011654792404,-0.2851523796987214,-0.032456142532677215,0.1036117720908811
0.2918625125186138,-0.3078754948567103,-0.06745998029281883,0.0696709300952429
0.2686258904401813,-0.32818906271255754,-0.10212295662173901,0.034876731037311814
0.24296683088894205,-0.3459298616954166,-0.1361257310135657,-0.0004533080263534467
0.21507898152112026,-0.3609351325674806,-0.1691605745682967,-0.03599386076775527
0.18517496288065882,-0.3730430115059311,-0.20093905771823123,-0.07142417422448305
0.15348780392503147,-0.38210008657025246,-0.23119514535538946,-0.10643700011414553
0.12027182285868551,-0.3879736781214096,-0.25968349576074135,-0.14074188611995886
0.08580194388667088,-0.3905648200051782,-0.28617453484604033,-0.17406284846570486
0.050370953809210944,-0.38981776735537876,-0.3104490545574049,-0.20613257778171507
0.014284902077511263,-0.3857231972414975,-0.33229518562968874,-0.23668655410569292
-0.022142540661964735,-0.378314574777855,-0.3515095608336015,-0.2654603057527368
-0.058595661506666646,-0.36765956079900375,-0.3679027128650508,-0.29219162907174717
-0.09476125007901019,-0.353849951056034,-0.38130694855690267,-0.3166274852244529
-0.1303316175710824,-0.33699388622652604,-0.39158384706275007,-0.3385333622631935
-0.16500621449688968,-0.3172129042469744,-0.39862861313120856,-0.3577019091856779
-0.19849246556192557,-0.2946443041062042,-0.40236977522715667,-0.3739579935005786
-0.23050661715931875,-0.26944708230554937,-0.4027646627727096,-0.3871588422375064
-0.26077520232690005,-0.24180824684003888,-0.39979293459204607,-0.397189962335603
-0.28903728030146386,-0.2119461666604467,-0.39345138100919264,-0.40395925253783166
-0.3150471232136082,-0.18010882342169432,-0.383752838642899,-0.4073924035263807
-0.338576731174265,-0.14656691492817076,-0.3707304262295239,-0.4074320517500938
-0.3594175962528225,-0.11160389131576447,-0.35444603935953856,-0.4040414661065097
-0.3773814882202866,-0.07550633565381643,-0.3350000353980975,-0.3972115063686088
-0.392300535260353,-0.03855808389355565,-0.3125381413156332,-0.3869680528789272
-0.40402728128025633,-0.0010400869399208174,-0.2872522652813937,-0.37337672550297246
-0.4124355112249847,0.03676424146463039,-0.25937392387333963,-0.356542670999879
-0.41742236863586946,0.07456071575229524,-0.22916168239190932,-0.3366051311738796
-0.4189117362608302,0.11203702723377987,-0.19688631956702574,-0.31372862687932757
-0.41685823670783895,0.14886021712854863,-0.1628184412829592,-0.2880940257207655
-0.4112508020533742,0.18468130612237088,-0.12722252219934993,-0.2598928877635712
-0.4021147491708153,0.2191469205523399,-0.09035905998491561,-0.2293272091480411
-0.38951170881094543,0.25191520440173176,-0.05249350592439833,-0.19661448549359728
-0.3735374375653716,0.28267163991402244,-0.013908019860374543,-0.1619957624076871
-0.35431821851294376,0.3111402546895974,0.02508910209086975,-0.1257429416947736
-0.33200694890376614,0.3370871586996029,0.06416076705616977,-0.0881616576627148
-0.30677995801815755,0.36031593124376415,0.10294723484942359,-0.0495875486213839
-0.27883512232912994,0.38065715382832543,0.14107991064139425,-0.010376157607411035
-0.24839115925312572,0.39795636612245205,0.17819879018910195,0.029110931901532508
-0.21568739198820572,0.4120651940677218,0.2139681948551691,0.06851971879643395
-0.18098305518577723,0.4228391883200908,0.24808603869643125,0.10751328665967935
-0.14455546301817998,0.43014344940041704,0.28028423100788324,0.14577491511343826
-0.10669697924080782,0.4338642846379424,0.310321048525116,0.18300498147730238
-0.06771142583018408,0.4339229531435254,0.33796919827621685,0.21891415331859457
-0.027910997233583118,0.4302867858685856,0.3630047581693747,0.2532166379340913
0.012385337567878102,0.4229738824468088,0.3852016991682637,0.2856269734778114
0.05285159238224357,0.41204984498705993,0.4043344775572761,0.31586215709188203
0.09315327724822366,0.39761779465008673,0.4201881097831069,0.34364852541732455
0.13294613203304426,0.3798052339966246,0.4325723874115212,0.3687307369119037
0.17187691017782847,0.3587523500272918,0.4413354874617541,0.3908793312631294
0.2095876547258127,0.3346057504180209,0.44637266933203035,0.4098940411755836
0.24572380999849708,0.30751962362644547,0.4476277862811796,0.4256020227613787
0.279945055540355,0.2776636370686849,0.4450881256611456,0.43785260743311044
0.31193648248483585,0.24523448427181996,0.438775511159522,0.4465119944306866
0.34141719324925235,0.21046669288098926,0.42873771728313803,0.4514616561695552
0.3681438987894659,0.17363853541432922,0.4150436746569177,0.452602865832721
0.39190854238454853,0.13507052474708486,0.3977839875073574,0.44986714995200594
0.4125309420642739,0.09511642278281421,0.3770757968651613,0.4432296526231931
0.429849226370997,0.054149083160483016,0.35306905337318684,0.43272056624064364
0.44371176417852287,0.0125449796255922,0.32595062365139155,0.4184298005179058
0.4539739558295388,-0.029328535329800537,0.29594358906460166,0.40050208435837464
0.460501700097754,-0.07112033703063345,0.2633011898986116,0.3791230667639234
0.4631810723232444,-0.11249610966850909,0.2282972224777658,0.3545004505708025
0.4619315270366126,-0.1531336691639427,0.19121630451722807,0.32684637865908006
0.4567185690204799,-0.19271586652734307,0.15234758829359313,0.29636723887908156
0.4475618343712272,-0.23092441575534559,0.11198412634180246,0.26326462840739606
0.43453592362769977,-0.2674373501812489,0.07042772886882245,0.22774720907522195
0.4177636656562023,-0.30193134335507144,0.027996766300037765,0.19004904001121162
0.3974039555958432,-0.3340884073230208,-0.01496704096825456,0.1504472671082909
0.3736380426845223,-0.3636051079972874,-0.05809663187963886,0.10927187753115128
0.34665854291503406,-0.39020183748620063,-0.10100447732363775,0.06690276922909474
0.31666439126043977,-0.4136299666924579,-0.14329377589257106,0.023753794795006306
0.28386281985022965,-0.4336756579514306,-0.18457298339012407,-0.019751865441525483
0.2484770127258746,-0.4501603265261017,-0.22446938012425416,-0.06320740408887676
0.21075619458905082,-0.4629387465609459,-0.26263775133059375,-0.10624101865506097
0.17098419213174207,-0.47189628273815837,-0.29876216679235645,-0.1485217481529289
0.1294831561981314,-0.4769466117075727,-0.33255153502782697,-0.18975132979015724
0.08661085474982833,-0.4780307329681034,-0.3637319969834713,-0.22964591776404833
0.04275208223965782,-0.4751173583999321,-0.3920403540050922,-0.26791517195591075
-0.0016934832709344927,-0.4682042207896695,-0.41722214348056785,-0.3042471690651617
-0.04632379496856545,-0.4573196422184756,-0.43903592541948877,-0.3383054510818787
-0.09074443966934798,-0.4425238571608506,-0.45726266476570454,-0.3697400858082982
-0.1345744639517468,-0.4239099332744975,-0.4717168858180064,-0.3982095063214244
-0.17744797229752057,-0.40160444231173303,-0.4822554462457642,-0.42340600193047995
-0.21901282673106034,-0.3757681145110212,-0.4887806770079338,-0.44507647703656783
-0.2589284592636235,-0.3465965066116023,-0.4912369021630615,-0.4630319138664544
-0.2968646400740741,-0.31432033137074156,-0.4896020649933094,-0.4771431623033503
-0.33250221992116336,-0.27920475206736894,-0.48387822812808906,-0.4873256545657655
-0.3655358120832746,-0.24154686530305458,-0.4740852321963136,-0.49351955109822276
-0.3956775614389427,-0.2016709042957446,-0.4602605504358166,-0.49567323800523594
-0.4226608723792439,-0.15992134551272308,-0.44246584372779285,-0.493736541577631
-0.4462432679433343,-0.11665487674309574,-0.42079791005202255,-0.48766614618620996
-0.466208204020617,-0.07223277500855046,-0.3953997685040202,-0.4774409998506295
-0.4823663007885608,-0.027015369635978725,-0.36646732192558495,-0.46308174532779733
-0.4945567525933658,0.018640197627566885,-0.3342485449707194,-0.44466680201019615
-0.502649498038502,0.0643786657031029,-0.29903486532077206,-0.4223391114313643
-0.5065481794985529,0.10984271709442134,-0.2611472723200343,-0.3963011445301105
-0.5061932884751569,0.15466829782463742,-0.22092156555624376,-0.36680013504634235
-0.5015645169977095,0.19848149481319538,-0.1786973070999337,-0.33410897749569934
-0.49268143306325773,0.24089894142153634,-0.13481341974736516,-0.2985095249659515
-0.4796021596096959,0.2815327176841197,-0.08961064528689805,-0.26028372455546767
-0.46242052081913815,0.3199993422868798,-0.043438347714609124,-0.21971472347206528
-0.4412627607484685,0.35593116681893266,0.003338486436027896,-0.17709610353839123
-0.416285114590496,0.38898771085736594,0.05033609306852405,-0.1327443068949875
-0.38767309790532894,0.418864481437066,0.09715489367457218,-0.08700826103632847
-0.35564251877921205,0.44529760120743056,0.14338817375049256,-0.040271528963368525
-0.32044127651820087,0.46806386022973456,0.18863362046295049,0.00705459971055164
-0.28235041901382757,0.48697716949833003,0.2325036664488981,0.05454506865043806
-0.24168299382018277,0.5018833747074054,0.27463115369502883,0.10177738795544092
-0.1987799757111059,0.5126556727440736,0.314668930274749,0.14834493268002003
-0.1540037085061562,0.519192395752456,0.35228474002278926,0.19386323046378617
-0.10773037730467513,0.5214178894126105,0.3871549877687211,0.23796821882822877
-0.06034353883926345,0.5192860029486498,0.4189616841275045,0.28030871474392843
-0.012230403035596443,0.5127847631774988,0.4473957278068931,0.32053760143423826
0.03621855125605836,0.501940447043856,0.47216708189059786,0.358306628811217
0.08460751188613093,0.48681959522582463,0.4930193827859054,0.3932681400945058
0.1325329236520733,0.46752836770898343,0.5097443389051233,0.4250841610312648
0.1795832506116043,0.4442096835837261,0.5221908840181414,0.4534402973536167
0.22534278397282376,0.41703940511890414,0.5302656992053587,0.4780599714023424
0.2693998426113857,0.38622310597701137,0.5339248315999664,0.49871442007631084
0.3113578689781533,0.35199459910545383,0.533159522862144,0.5152255649333215
0.35084650705606946,0.3146165321154969,0.5279816675625177,0.5274616292244896
0.3875293904298103,0.274382322151621,0.5184145898777689,0.5353280893042377
0.4211063104192865,0.23161790427291168,0.5044928786166887,0.5387581404080627
0.451309405259828,0.18668153324146206,0.4862715538171444,0.537706743644458
0.47789530066895336,0.13996033184660817,0.46384117046613954,0.5321506182400711
0.5006368481595919,0.0918632900296234,0.43734302414638765,0.5220939971572558
0.519318524998693,0.042811646029572464,0.40697838534367514,0.507577628524984
0.5337384203563883,-0.0067714136113117,0.3730077845278996,0.4886873023805631
0.5437173740902796,-0.056469392410910355,0.33574002015641924,0.46555853373533485
0.5491130917398861,-0.1058774947352333,0.2955143717646932,0.4383757073532465
0.5498349599296711,-0.15460311940630214,0.25268199958970256,0.40736622347960116
0.5458546617988896,-0.20226239270773838,0.20759272901529524,0.37279201984474436
0.5372088466639279,-0.24847464259438493,0.16059126328183507,0.3349415406782325
0.5239926824974712,-0.29285750410236033,0.11202317367148934,0.29412455546768335
0.5063462069397513,-0.33502528993294844,0.06224721400598407,0.2506705732219737
0.48443786855133436,-0.37459234227840876,0.011648067175270088,0.2049297435500308
0.4584505961688277,-0.4111815667397212,-0.03935650830815193,0.15727393618639637
0.42857478825897866,-0.4444367031729538,-0.09031796845590004,0.10809568119133894
0.39501011333359104,-0.4740356322485372,-0.14076889293140754,0.05780381622444282
0.3579748703814887,-0.4997015581391604,-0.19024102138772653,0.0068164645845532335
0.3177190205892295,-0.5212094092553501,-0.23828366615990532,-0.04444649649965833
0.2745358129137746,-0.5383861222825485,-0.28447677126298493,-0.09556878859242815
0.22876757525735825,-0.5511052225852051,-0.32843514635971915,-0.14613901804595536
0.18080342514773506,-0.5592777531312105,-0.3698039751566492,-0.19574785645493353
0.1310695010358844,-0.562842631939076,-0.40824914411700025,-0.24398318485681456
0.08001474347765737,-0.5617596194183274,-0.44344788656141315,-0.2904266716366125
0.02809638864907811,-0.5560072211148003,-0.47508492620331155,-0.3346552253805616
-0.02423115930417248,-0.5455862998260685,-0.5028568810867156,-0.37624916487650883
-0.07652221663036678,-0.5305283945990014,-0.5264841496121836,-0.4148063201669533
-0.1283409046587296,-0.5109062761985773,-0.5457262863547455,-0.4499586556404185
-0.17925968205092951,-0.48684354201573987,-0.5603952941036606,-0.4813865057555176
-0.22885819424798667,-0.4585202711924366,-0.5703619575918064,-0.5088258663717964
-0.2767245586521144,-0.42617284091906144,-0.5755530500502841,-0.5320664006331557
-0.32245951413510954,-0.3900876130062897,-0.5759408686347607,-0.5509411397789724
-0.36568207043135253,-0.3505898573832007,-0.5715296321238913,-0.5653120263986237
-0.406034267160829,-0.3080305107108556,-0.5623445460585896,-0.575057187026038
-0.4431829111866965,-0.2627738412000995,-0.5484282649066515,-0.5800653625071619
-0.4768176307961302,-0.2151887048844609,-0.5298464561394093,-0.5802403371781963
-0.5066466155610866,-0.16564498185863882,-0.5067003849071929,-0.5755144093992266
-0.5323930445080196,-0.11451531039483326,-0.4791414003282145,-0.5658663709680949
-0.5537955941647433,-0.06218080902704288,-0.44738114847185134,-0.5513375105857383
-0.5706152119045669,-0.009038464625785232,-0.4116927250857582,-0.5320396339099858
-0.5826478802309838,0.044492501131987584,-0.37240131152149136,-0.5081518771048364
-0.5897403229696558,0.09796765248748221,-0.3298668321913917,-0.47990715304709064
-0.5918036926057431,0.1509192399795491,-0.28446427199892177,-0.44757285872031605
-0.5888201606939821,0.2028633037368036,-0.23656826697112215,-0.4114325176566916
-0.5808392790738423,0.2533111298792256,-0.1865470144997573,-0.37177452353819485
-0.5679644251312694,0.3017832869547747,-0.13476700939967307,-0.3288912738771606
-0.5503333571291729,0.34782396157446666,-0.08160593827455037,-0.28308785389647484
-0.5280994332393298,0.3910132823254403,-0.02746785476120754,-0.23469567085664544
-0.5014202872681557,0.4309757392323026,0.027206249090414383,-0.18408453277708214
-0.4704584181334054,0.46738357680307213,0.08193776326155174,-0.13166736795306655
-0.4353939386722716,0.4999550242459712,0.13622135119118223,-0.07789480868744769
-0.3964451192295879,0.5284482626487648,0.18954483001461436,-0.02324099347625931
-0.3538890793352131,0.5526529350362803,0.24141215022004117,0.03181449982089449
-0.308074349305233,0.5723815971504111,0.2913624729740517,0.08680215146463968
-0.2594194310177959,0.587463623536209,0.33897983090011674,0.14127014433765236
-0.2083961919715837,0.5977436292637641,0.3838913670127861,0.1947822661066393
-0.15550228780462003,0.6030854597443466,0.42575634277873864,0.2469084424302182
-0.10123086808790097,0.6033814039273726,0.4642514131041483,0.29721364447908954
-0.04604703040306349,0.5985648075137259,0.4990588625546849,0.34525195006844034
0.009621693817587089,0.5886230987523896,0.5298631737852373,0.3905707171543198
0.06537841301914737,0.5736077706779337,0.5563579990663895,0.43272578773932097
0.12083695466538336,0.5536383294482112,0.578261603142372,0.4713039526476942
0.17559711384433302,0.5288986090506524,0.5953356521162882,0.505945475332492
0.22922507617028626,0.4996258660059162,0.6074010142724282,0.5363587675890094
0.28124726948212253,0.4660951592653983,0.6143454196714718,0.5623217631306658
0.33116115134753465,0.42860304624110107,0.6161208957818523,0.5836693254653406
0.37846039344015425,0.3874550429983207,0.6127326604263083,0.6002713629726635
0.42266676682571774,0.34296035897085997,0.6042241852644408,0.6120101220134041
0.46335863707119274,0.29543529438405625,0.5906643277487769,0.6187658255849854
0.500187212154861,0.245213959456886,0.5721413716265618,0.6204170132342688
0.5328760899536351,0.19266247250096008,0.5487659683028802,0.6168565636279852
0.5612056096414939,0.13819135413766076,0.520681441905912,0.6080184165372974
0.5849888485365519,0.08226101070576074,0.4880770419620618,0.5939057180653886
0.6040488935445273,0.025377052194403303,0.4511985541501703,0.5746101763417607
0.6182062777793139,-0.03192477444379957,0.4103516070862956,0.5503152785009541
0.6272815337009865,-0.08910095924359915,0.36589565215358427,0.5212816890936955
0.6311121654213887,-0.14562434531778762,0.31822993851988673,0.4878195453276395
0.6295780749344071,-0.20100360781742338,0.26777562368369456,0.45025709659762503
0.6226264984049936,-0.2547929309517394,0.21495944741723944,0.40891641217814484
0.6102878452511862,-0.30658965771737223,0.1602037337937488,0.3641041946072281
0.5926772677626404,-0.3560214579955111,0.10392516328522684,0.3161200699920208
0.5699819720227399,-0.4027279542518455,0.04654164253696831,0.26527819056709134
0.5424392570837864,-0.44634363079346895,-0.011516196525221824,0.21193302291030358
0.5103132217542824,-0.4864885669930323,-0.06979386453640132,0.15649865960202225
0.4738780003970231,-0.5227711158704549,-0.12780703969022264,0.09945344248274193
0.4334124356780545,-0.5548028472191359,-0.1850437510696798,0.04132717917679415
0.389206488755142,-0.5822221150692086,-0.24097502716142583,-0.017325312298142263
0.34157522015910796,-0.6047197900526239,-0.2950716547742202,-0.07595561290202422
0.2908735187233731,-0.6220599498558175,-0.34682292750615357,-0.13404768843928644
0.23750483115461543,-0.6340898924162837,-0.3957528975369477,-0.19113031849524753
0.18191979629510918,-0.6407372008284562,-0.44143069013468816,-0.2467730819260314
0.1246047827697507,-0.6419956231485032,-0.48347345337213565,-0.3005692388581421
0.06606422352149957,-0.6379048965152598,-0.5215427860852638,-0.35211369138419557
0.006802832569188379,-0.6285312464524216,-0.5553372928894806,-0.4009858613355395
-0.052686508649868735,-0.6139546447331075,-0.5845847511728142,-0.44674523025991925
-0.11192598381602528,-0.5942662983989164,-0.6090370860750189,-0.4889423130427952
-0.17044773786974532,-0.5695762124043053,-0.6284701354297545,-0.5271419277001479
-0.22778439036688106,-0.5400272821636358,-0.642688498138643,-0.5609510392051539
-0.2834608342763447,-0.5058103675166433,-0.6515341329364062,-0.5900418995298679
-0.33699236832744095,-0.46717479564452385,-0.6548962671755771,-0.614163189087677
-0.3878915579176654,-0.4244306371644557,-0.6527198484767429,-0.6331365319735711
-0.4356826374655872,-0.3779421357958605,-0.6450102474402377,-0.6468412490217156
-0.47991920836237956,-0.3281147175402935,-0.6318330048194564,-0.6551944023898417
-0.5201996691177511,-0.27537997762855415,-0.6133087800215898,-0.6581345063363899
-0.5561757403988024,-0.22018329482924542,-0.5896049239138283,-0.6556153158752425
-0.5875522145585942,-0.16297725880422242,-0.5609259396991955,-0.6476117275416774
-0.6140795304268034,-0.10422155019218016,-0.5275053025722652,-0.634134820096355
-0.6355435407629504,-0.044387290341178644,-0.4896006360536471,-0.6152494119609782
-0.6517577863294479,0.01603782937598807,-0.44749321676571047,-0.5910866198326179
-0.6625623399970291,0.0765475094677387,-0.4014914724515971,-0.5618460543727255
-0.6678303474711464,0.13662040902270178,-0.35193690713105674,-0.5277865616147296
-0.6674799625551311,0.19572950944451262,-0.2992100842491391,-0.4892090677917199
-0.661486856208348,0.25335510856504817,-0.24373417103491518,-0.44643824377441
-0.6498919194717108,0.30899780070340366,-0.18597415644431436,-0.3998101210945343
-0.6328004548242804,0.3621877628804412,-0.12643104129746702,-0.3496703112439985
-0.610372438562423,0.4124880714647343,-0.06563171385372456,-0.2963830954801739
-0.582807056527073,0.4594920610639476,-0.004116428617511221,-0.24034709899359002
-0.5503272187250823,0.502817020775634,0.057573587021730724,-0.18201033361968438
-0.5131700970399771,0.5420979258792581,0.1189060653585312,-0.12187723913966692
-0.4715876747478296,0.5769848942845469,0.1793637606193074,-0.06050304699942758
-0.42585754313726987,0.6071466463770832,0.23844656389679958,0.0015246890414608652
-0.3763001035362263,0.6322799732592652,0.2956708641899305,0.06361291000864921
-0.32329547453068425,0.652122937549862,0.35056810730209165,0.12519070016198486
-0.26729289285974156,0.6664680875096854,0.40268449237549436,0.18572992573499644
-0.20880751557570507,0.6751718759013363,0.4515830006009548,0.2447534704852878
-0.1484035980766216,0.6781577423907221,0.49684779551494435,0.30182993550522647
-0.08666762730435,0.6754124439328633,0.5380899545820456,0.35655815612184977
-0.024178501808502246,0.6669774029577342,0.574952939351635,0.40854799803096387
0.038516988909712335,0.6529382981406996,0.6071164155463904,0.45740461237193175
0.10091675796840117,0.6334163602707612,0.6342978976763978,0.5027215709757067
0.16256132281113372,0.6085638422576395,0.6562528217652281,0.5440848905329214
0.22301902353815878,0.578564350104636,0.6727745144601385,0.5810862473729344
0.2818646172281031,0.5436368599654612,0.6836956885340295,0.6133410279520587
0.33865927721194405,0.504040997827697,0.6888924091009319,0.6405060748961446
0.3929392996220824,0.4600809350019878,0.6882901792121365,0.6622931010738589
0.4442177220218255,0.4121060434675432,0.6818704333016157,0.678476048929253
0.49199871580638604,0.3605078560891003,0.6696749394336887,0.6888930805347377
0.5358005331681401,0.3057142740864652,0.6518058494245287,0.6934454025032366
0.5751803238764913,0.24818279297414475,0.6284204470729672,0.6920952660546855
0.6097540231363259,0.18839448897433586,0.5997216049645044,0.6848644104811887
0.6392066421232494,0.1268497110586578,0.5659468062558536,0.6718326516288716
0.6632917964161199,0.06406527348202361,0.527359508306488,0.6531351532340339
0.6818228936103328,0.0005719888208184434,0.4842461025403173,0.6289568171902455
0.6946608333314325,-0.06308893470374428,0.43691978746041327,0.599523306064723
0.7017035981553759,-0.12637163847333888,0.38572994033046565,0.5650899864580567
0.7028816992906299,-0.1887334638790938,0.3310730668864773,0.5259316903861331
0.6981607395231013,-0.24964372732265655,0.27340016670027567,0.4823367752170947
0.6875494331215302,-0.3085915319225465,0.2132160118364287,0.43460806489119436
0.6711093502699843,-0.365090816129066,0.1510683375727214,0.3830710534181724
0.6489621272513387,-0.41868174519981416,0.08752848782897399,0.3280870183333374
0.6212909946247247,-0.4689289385991241,0.023168361968133225,0.2700664980327821
0.588335715094344,-0.5154183311396303,-0.041459725665070016,0.20947786743370617
0.5503824998334911,-0.5577551281902893,-0.10583424285216911,0.14684690482051008
0.5077522576424851,-0.5955650162066499,-0.16946354874213534,0.08274596223829456
0.4607909965771094,-0.628499594040445,-0.23187403088028602,0.01777469367535247
0.40986522579085727,-0.6562453354494563,-0.29259249833558365,-0.04746294961654495
0.35536320795153464,-0.6785339231872128,-0.3511304625786783,-0.11237959251667022
0.29770065528448353,-0.6951511049256396,-0.4069776283795582,-0.1764181826743053
0.23732777183779208,-0.7059416130595033,-0.45960886612412777,-0.23905617446127292
0.174734009142388,-0.7108090418526395,-0.5085041526794406,-0.2998010063901069
0.11044767224750085,-0.7097113768145297,-0.5531761613351079,-0.3581805419875412
0.04502926730233634,-0.7026544202240288,-0.5931971469124775,-0.41373348357749395
-0.020940435014497903,-0.6896860350467113,-0.6282167090455072,-0.4660042275065975
-0.0868749752054589,-0.6708936525077724,-0.6579650499789612,-0.5145445289559631
-0.15219607698047355,-0.6464060265387372,-0.6822414373380714,-0.5589215809914079
-0.21634393817289416,-0.6163983378524933,-0.7008928941307868,-0.5987297844127129
-0.27878246333631945,-0.5810981962807603,-0.7137916902396251,-0.6336024519943821
-0.33899975120429626,-0.5407894914114251,-0.7208206348157951,-0.6632202437359391
-0.3965056795321129,-0.49581165894726714,-0.7218722444400665,-0.6873149015924833
-0.45082917764669683,-0.44655354450563667,-0.7168626211721594,-0.7056689990001137
-0.5015175328712889,-0.39344303736941466,-0.70575524433752,-0.7181139925500486
-0.5481390004070172,-0.3369352313875397,-0.688585968643864,-0.724529207522527
-0.5902885309440208,-0.27750241174032286,-0.6654798241736233,-0.7248434171658173
-0.6275951650258031,-0.21562842821095726,-0.6366530357945981,-0.7190388865756459
-0.6597290376583098,-0.1518082627605437,-0.6023990009215834,-0.707156004989252
-0.6864061905126155,-0.08655150164495262,-0.5630628090290641,-0.6892957654217337
-0.7073903653374991,-0.020386797951499426,-0.5190130581817844,-0.6656178189765827
-0.7224922368050497,0.04613609425339682,-0.47062063863010634,-0.6363334909542857
-0.7315676067947832,0.11244929914425966,-0.41825144560996524,-0.6016953112269474
-0.7345164847402503,0.17797552477654027,-0.3622746560759547,-0.5619863359829046
-0.7312845390893864,0.24214100728448573,-0.30308225891489726,-0.5175130161276281
-0.7218672752726314,0.3043895223860137,-0.24111121152044157,-0.4686042854636363
-0.7063159097852266,0.36419378386472223,-0.17685854537185836,-0.41561723083084157
-0.6847428243413917,0.4210614253457602,-0.11088236250843339,-0.3589470317305796
-0.65732416614368,0.4745347058704292,-0.04378696282729033,-0.29903688064413114
-0.6242978036807185,0.5241853640948306,0.023803693159251137,-0.2363831493274784
-0.5859562819346136,0.569607812093043,0.09127561967043724,-0.17153240811002216
-0.5426361559789874,0.6104144466423537,0.15804787571946516,-0.10506959626746287
-0.4947064736134581,0.6462360501813758,0.22358199302257667,-0.03759970309426449
-0.4425596624638571,0.6767283663896787,0.2873759678538039,0.030272394873059175
-0.3866073905157772,0.7015836765606945,0.34894698403016355,0.09795865438745058
-0.32728226682452977,0.7205444053422878,0.40781139272486244,0.16489711506216678
-0.2650440789152635,0.7334150854835424,0.46347155788798067,0.23055234018543008
-0.2003873901845936,0.7400696177170003,0.5154165577680361,0.29440883191521905
-0.13384645942060797,0.7404523866216532,0.5631383983107763,0.3559615989827714
-0.06599399307335244,0.7345737845946545,0.6061593653629263,0.4147088581842904
0.002567889363901704,0.7225023041695982,0.6440617112395955,0.47015081145869975
0.07122348244093679,0.7043560303641274,0.6765097286929942,0.521796005066016
0.13936265048608187,0.6802959469327005,0.7032568624346507,0.5691739026847177
0.2063984227089143,0.6505222476544658,0.7241358862834737,0.6118500762224119
0.27177834111604804,0.6152733955328118,0.7390363282857502,0.6494396335145033
0.33498674324168665,0.5748266174295468,0.7478779628934552,0.6816153746065936
0.39553813922488856,0.5294982551346271,0.7505905853555102,0.7081092715492232
0.4529649422237333,0.479642932208454,0.7471079259311302,0.7287083279847896
0.5068049444467058,0.425651486197848,0.7373783285460433,0.7432477355800098
0.5565942929307267,0.3679485082691804,0.7213886397330445,0.7516048375713976
0.6018700896292895,0.3069906380364307,0.6991928846682457,0.7536966052144364
0.6421835921039853,0.24326628313015386,0.6709354948165809,0.749481557757957
0.6771213533988358,0.17729636708811702,0.6368607038046281,0.7389650916586947
0.7063287565508869,0.1096345701202371,0.5973045155744299,0.7222058298934317
0.7295292965206264,0.04086492385367244,0.5526716041052315,0.6993203505973117
0.746534076399604,-0.028405024727612697,0.5034044910316785,0.6704845091553268
0.7572389889202056,-0.0975559335334365,0.4499546450506855,0.6359310709609608
0.7616109533040403,-0.16597184881525623,0.392764052688378,0.5959448227356678
0.7596680440467536,-0.23305575662553418,0.33226185024967336,0.5508570971650923
0.7514601870458341,-0.2982416919827018,0.2688752920994207,0.5010414355083246
0.7370566728796771,-0.36100028775791815,0.20304956625236595,0.44691108485437137
0.7165442024690792,-0.4208366592728495,0.13526835438957013,0.38891770664390957
0.6900354355075471,-0.47728221656350944,0.06606731456782253,0.32754970986538545
0.6576843805182551,-0.5298843881848418,-0.003964475542794513,0.26332849424991894
0.6197027198717897,-0.5781993620130513,-0.0741958260363865,0.19680168745480964
0.5763710648544502,-0.6217922406322336,-0.14397412786664476,0.1285338456160407
0.5280411595440102,-0.6602465741313318,-0.21264952294639192,0.05909643240578508
0.47512839977568844,-0.6931818472781957,-0.2795963169433396,-0.01094044162058913
0.41809743474927086,-0.7202743590050549,-0.3442271324197591,-0.08101241878679658
0.35744580889732536,-0.7412752291070868,-0.4059982327657766,-0.1505606872996243
0.293690796521071,-0.7560197273137212,-0.464407417882275,-0.21902824730868048
0.22736277275279945,-0.7644247073278987,-0.5189878895248776,-0.28585529363702156
0.15900541771369145,-0.7664748167097063,-0.5693019947047699,-0.3504769980294071
0.08918000890286495,-0.762201996534525,-0.614937879862678,-0.4123263736875299
0.018469254351664195,-0.7516651941306041,-0.655510406531789,-0.4708432376827334
-0.052523704049814955,-0.7349372686995959,-0.6906659510175461,-0.5254881528793172
-0.1231833851011156,-0.7121036777804829,-0.7200895522346195,-0.5757584249516128
-0.1928962403239372,-0.6832734801181043,-0.7435125404655175,-0.6212024275948176
-0.26106721648814757,-0.6485988827924164,-0.7607191432720735,-0.6614290216486489
-0.3271332410567953,-0.6082965203308346,-0.7715512428197684,-0.6961104195860747
-0.3905689794528429,-0.5626629686374505,-0.7759110507510472,-0.7249789189713649
-0.4508829767042949,-0.5120789179271487,-0.7737617503357226,-0.7478197233030919
-0.50760611714941,-0.45700027178280855,-0.7651261667741762,-0.7644629677452943
-0.5602777380631674,-0.3979388274439998,-0.7500834916731798,-0.7747778302905335
-0.6084363125455838,-0.33543855669871336,-0.7287642553312945,-0.7786704437167973
-0.6516205984876087,-0.27005465842952114,-0.7013442048290597,-0.7760857709582534
-0.6893837236646729,-0.20234111738190363,-0.6680383584583257,-0.7670122945343623
-0.7213179757393883,-0.1328490503963013,-0.6290969263051267,-0.7514877492947063
-0.7470837831454376,-0.062133953506972636,-0.5848046485609637,-0.7296042957987624
-0.7664341452342209,0.009233370824888124,-0.5354842300958422,-0.7015122293364373
-0.779226557498905,0.08065870716064422,-0.4815030957116461,-0.6674220824511972
-0.7854181716373054,0.15152442451656006,-0.4232811373040034,-0.6276053787089082
-0.7850453472675296,0.22119963688873703,-0.3612961161511352,-0.5823941551048493
-0.7781940273367822,0.28905858969879716,-0.29608345787689805,-0.532178850789871
-0.7649706152036342,0.35450207859424543,-0.22822850537827927,-0.47740367667106665
-0.7454830256086693,0.4169754137486248,-0.15835155181685756,-0.4185585872250742
-0.7198382296837091,0.4759775928842812,-0.08708841356885888,-0.35616771104055256
-0.688157011486994,0.5310595034257718,-0.015071011146087263,-0.2907754182505921
-0.6506007174565981,0.5818129553909066,0.057087313177085874,-0.2229325974523873
-0.6074005765168827,0.6278556686908332,0.12879841656564212,-0.15318649172037374
-0.5588791760621563,0.6688187729359456,0.19949725119505812,-0.08207704456977763
-0.5054562569854718,0.7043424053740879,0.2686333677563621,-0.01014099596909934
-0.447636245271633,0.7340819890987398,0.3356606003193441,0.06207763146638545
-0.38598103592943656,0.7577238608499908,0.4000301319474222,0.13401461838609507
-0.3210763672672988,0.775005538072576,0.4611908801725131,0.20507573416727798
-0.2535020144519725,0.7857342927802327,0.518598431774375,0.2746353000659376
-0.1838143821366156,0.7897983911891386,0.5717305939390728,0.34204618343539844
-0.11254552750950372,0.787168055638523,0.6201051965224844,0.4066606691778467
-0.0402168426188689,0.7778868677194911,0.6632949914292037,0.4678578568402294
0.03263938212745049,0.7620575843127679,0.7009356371290456,0.525070624768516
0.10545978278186001,0.7398279918712867,0.7327253737991339,0.5778048381580854
0.17763959145781244,0.7113819141777217,0.7584180650751118,0.6256456485569446
0.24853688732313658,0.6769380737383521,0.7778136162024467,0.6682498090354019
0.31749094765762853,0.6367561555810737,0.7907504856849662,0.7053275427985854
0.3838493890009228,0.5911464350663577,0.7971038471309001,0.7366210209859115
0.4469960269636356,0.540477844490157,0.7967904278777579,0.76188763126002
0.5063715664930282,0.4851799117926326,0.789778184094684,0.780894488632199
0.5614821562914807,0.4257363650625623,0.7760969192703615,0.793426621466834
0.6118953296003418,0.3626714293096881,0.755845521052428,0.7993063732977406
0.6572272320083379,0.2965326920348848,0.7291928223756996,0.79841754797103
0.6971277496786231,0.2278757797499284,0.6963716140159922,0.7907261374500952
0.7312703196798742,0.15725543702895065,0.6576679994749637,0.7762907073314583
0.7593509123007822,0.08522516928401028,0.6134099978409486,0.7552592004400822
0.7810968935919727,0.012344312409340386,0.5639593763416129,0.7278536824281676
0.7962826641426008,-0.060811530804136205,0.5097091225930996,0.6943486410783196
0.804746518214096,-0.13364219038779862,0.4510864163103148,0.6550503842396296
0.80640289310002,-0.20552167485495182,0.3885584981690836,0.610284206930394
0.8012460559676595,-0.27580644435305135,0.3226374806407728,0.5603927218793507
0.7893444900147856,-0.3438523103341691,0.25388045535278675,0.5057443627271959
0.7708285340306369,-0.4090359574759981,0.1828830831889372,0.4467472487620414
0.745875985134883,-0.47077539002907437,0.11026743471329153,0.38386175454967275
0.7147006719301434,-0.5285439340187119,0.036667100868006605,0.31760587326994527
0.6775474549387741,-0.5818746532948322,-0.03728641601213289,0.2485504070659168
0.6346944080528818,-0.630355348534529,-0.11097269077246921,0.17730494154638654
0.5864601571181931,-0.6736175058131169,-0.18378543091969807,0.10449891434321718
0.5332125330226778,-0.7113245008298554,-0.2551307983578376,0.03076360148983525
0.4753744389148188,-0.7431643698890795,-0.3244241212449463,-0.043279978580551076
0.41342410573945876,-0.7688505598409956,-0.39108864188550874,-0.11702496522832248
0.34788911054232474,-0.7881309830085456,-0.4545588572016904,-0.18987552804245567
0.27933574487178325,-0.8008025631183072,-0.5142887967001986,-0.2612406369583441
0.2083566999579985,-0.8067263985439166,-0.5697632295262607,-0.3305296451999742
0.1355601270853211,-0.8058384146922619,-0.6205083479798346,-0.3971535027679913
0.06156202607818493,-0.7981519885400383,-0.6660986024248734,-0.46053277957648997
-0.013017824462022832,-0.78375189011591,-0.7061580371543099,-0.5201106592498501
-0.08755777435874249,-0.7627819408301912,-0.740356979075611,-0.5753669481136563
-0.16143620580726803,-0.7354309264537671,-0.7684071425095547,-0.6258287941930358
-0.23403527823967746,-0.7019217612192845,-0.7900590963803426,-0.6710753245537726
-0.30474715126359053,-0.6625075348273883,-0.8051051015914048,-0.7107360876666717
-0.37298181175560274,-0.6174754021039155,-0.8133878641040555,-0.7444858450395799
-0.43817452979369187,-0.5671562756941158,-0.8148127650033539,-0.7720397307178746
-0.4997908090466139,-0.5119360396985659,-0.8093589315634604,-0.7931524468062414
-0.5573276027586512,-0.45226331363011435,-0.7970841667342096,-0.8076231422977442
-0.6103111899362922,-0.38864988984080856,-0.7781205977732326,-0.8153048174902995
-0.6582937681057788,-0.3216624305478585,-0.7526613541347618,-0.8161147474398834
-0.7008517821288411,-0.25190694699437566,-0.7209423150951327,-0.8100415859135667
-0.7375887840430613,-0.18000994378834662,-0.683225419282514,-0.797145913065412
-0.7681441781118885,-0.10660107171431851,-0.639790045096486,-0.7775536030498541
-0.7922070134866961,-0.03230138404835825,-0.5909363116176056,-0.7514444113726984
-0.8095318414660975,0.042280856849108955,-0.5369996536985197,-0.7190402944209137
-0.8199523874490765,0.116547621587021,-0.47837134657967173,-0.6805981983925572
-0.8233889462052872,0.18990494828665888,-0.415516648716353,-0.6364101953130857
-0.8198470343493471,0.26175742736505725,-0.34898221908550764,-0.5868106006980001
-0.8094074267214887,0.33150711176775643,-0.2793876777348997,-0.5321864161187279
-0.792210390608755,0.3985587718652582,-0.20740159838848898,-0.47298552687261847
-0.7684387750057668,0.46233090434967705,-0.13370791336554147,-0.40971746230849354
-0.738304946061011,0.5222696855371822,-0.058972525049987595,-0.3429441781684914
-0.7020452361385217,0.5778619515713554,0.01617968578282731,-0.2732622619515863
-0.6599230214110021,0.6286436861138245,0.09117059904739996,-0.20128160571276693
-0.6122386216564948,0.6742022287713583,0.1654564673162968,-0.12760737993857033
-0.5593419172816704,0.7141728152960432,0.2385030349499002,-0.05283120612917684
-0.5016426786530263,0.7482322080132289,0.3097584496577077,0.022466022095717117
-0.43961439278357267,0.7760932527148535,0.37863528447533923,0.09770191143707285
-0.37378956049834694,0.7975037896325261,0.4445099423386525,0.17227725764687668
-0.30474725509756434,0.8122515938561055,0.50674162858013,0.2455657309232357
-0.2330962079662025,0.820174576293898,0.5647061204567527,0.3169152123416362
-0.15945797873020706,0.8211732596978292,0.617834249302748,0.385663211481622
-0.08445446122531233,0.8152214006559415,0.6656432645209738,0.45116331191750025
-0.008702215492168167,0.8023710106623112,0.7077516936784274,0.5128149773776431
0.06718645471546751,0.7827498232623321,0.7438740456769997,0.5700871987337468
0.14259822480897177,0.7565518140182163,0.7737986344095843,0.6225282555134408
0.21691331479972337,0.7240237629787482,0.7973574329918767,0.6697587832088305
0.28950395298367504,0.6854521652677753,0.8143992248108323,0.7114515935971855
0.35973933484280635,0.6411545413711383,0.824775651084801,0.7473068923136803
0.4269972687973142,0.5914774535071501,0.8283447955463568,0.7770335882565111
0.49068020275059215,0.5368009374967571,0.8249905907051048,0.800345350434106
0.5502316200293638,0.4775465779658334,0.8146509016436023,0.816974558982838
0.6051484888185621,0.41418502276498675,0.7973445240417424,0.8267003186659982
0.6549866673522734,0.34723889671342545,0.7731882866890651,0.8293809078647345
0.6993585001135424,0.277278779619611,0.7423993925818317,0.8249787194893556
0.737924489036887,0.20491251214010775,0.7052834273732292,0.8135679461665676
0.7703829703692049,0.13077058447266388,0.6622130886951278,0.795321298186642
0.7964624500338688,0.05549177109984479,0.6136050285020653,0.7704797434425532
0.8159203706311984,-0.02028707191386967,0.5599016286373566,0.7393157352304164
0.8285498692715073,-0.09593496552406203,0.5015615833992547,0.7021031325993734
0.8341932659622571,-0.1708251648832558,0.4390592429228807,0.6591048545272677
0.8327585454964054,-0.24433109235582795,0.37288942308767803,0.6105829109220307
0.8242338106234526,-0.3158243199591851,0.303573020807681,0.5568271131160845
0.8086950508058581,-0.38467853011362896,0.23165959945188797,0.4981915708020468
0.7863044984043348,-0.4502811011685446,0.15772547745044946,0.435124759714163
0.757299713549747,-0.5120507506134331,0.0823684955149182,0.3681808257058031
0.721976404371962,-0.5694567567917029,0.0062022596232985516,0.2980062806720357
0.6806698937923754,-0.622033870107958,-0.0701474828753422,0.22530501294083974
0.6337404441875171,-0.6693878150101473,-0.14604344520281615,0.15079236177821226
0.5815662391584531,-0.7111891654711449,-0.22083595787651913,0.07515298316519989
0.5245451682667723,-0.747157422185543,-0.2938641223674645,-0.0009841464566052883
0.4631035605095233,-0.7770408851026436,-0.3644626080936172,-0.07704651039243618
0.39770768093855924,-0.8005999546347995,-0.43197596394626747,-0.15249640643647
0.328872929683107,-0.817600907787542,-0.4957791715488984,-0.22679687140748633
0.2571665489700716,-0.827823996795445,-0.5552999700826885,-0.29937968337865783
0.1832019320268004,-0.8310848884831301,-0.6100367025947502,-0.3696291058085741
0.10762552215655036,-0.8272636413045913,-0.6595660505484942,-0.4368891575436017
0.03109976386473863,-0.8163323336140249,-0.7035380569699813,-0.5004934595988355
-0.045713253328641304,-0.798372304285542,-0.7416602702593159,-0.5598083560062096
-0.12216334071190686,-0.7735749428234888,-0.7736769744652932,-0.6142751085498785
-0.19761684224093598,-0.7422251581482099,-0.7993516032184782,-0.6634373038716341
-0.2714549973717774,-0.7046723262732055,-0.8184595612370038,-0.7069450176718518
-0.3430691320780398,-0.6612977002137161,-0.8307949553828503,-0.7445357157398297
-0.4118570041352999,-0.6124884610243928,-0.8361894824399859,-0.7760002000703671
-0.4772241573353396,-0.5586263131248943,-0.8345369341524322,-0.8011470730882395
-0.5385921275028421,-0.5000935091887868,-0.8258143715320567,-0.8197793471821578
-0.5954125404342436,-0.4372931372650013,-0.8100920348848542,-0.831692002000727
-0.6471836169488256,-0.37067551091372974,-0.7875282162470066,-0.8366913581482219
-0.6934643432042907,-0.30076031661157787,-0.7583510850612418,-0.834629076930125
-0.7338821066377201,-0.22814556267436423,-0.7228345869403392,-0.8254383818173585
-0.7681317944436996,-0.15349885784741374,-0.681277961303512,-0.8091595811566655
-0.7959674142406694,-0.0775325556140791,-0.6339970808356475,-0.785946221609114
-0.8171900740194769,-0.0009697311044481365,-0.5813311013415482,-0.7560505129373192
-0.8316375650004251,0.07548907434069164,-0.5236615791151861,-0.7197942327908424
-0.8391802271247006,0.15118890255480488,-0.46143572800737886,-0.6775363130624934
-0.8397253792845789,0.22552751548716055,-0.3951830723651628,-0.6296489279501952
-0.8332292154491833,0.29794651533159033,-0.3255165004965117,-0.5765100333001768
-0.8197119698936264,0.36791181649198157,-0.25311413527503523,-0.5185135234011475
-0.7992705518412015,0.43489227215516546,-0.17868555913663914,-0.4560911141166537
-0.7720834302613917,0.49834551164879504,-0.10293206738801716,-0.3897354171787467
-0.7384051893031034,0.5577171331324005,-0.026513369978760318,-0.3200131628085213
-0.6985519486007677,0.6124544561305296,0.049968662249978604,-0.24756128631916552
-0.652882343483721,0.6620308869002041,0.12596446968848846,-0.1730651367161427
-0.6017806183443337,0.7059734090599175,0.20095256141882095,-0.09722488395647502
-0.5456477983265953,0.7438849539761407,0.2744064943043775,-0.020720722928058675
-0.4849039679609377,0.7754555535944037,0.34576635544884643,0.055811978461306616
-0.4200004058210489,0.8004603078830939,0.4144265423492521,0.13179002962175757
-0.35143627372312547,0.8187467211044345,0.4797458016422692,0.20667106374095387
-0.27977230284559546,0.8302172362983676,0.5410774292397325,0.27992902424037747
-0.20563441908055852,0.8348137406517988,0.597810223380976,0.3510266981364234
-0.12970346894300777,0.8325092660850884,0.6494069257502206,0.41939642447348946
-0.05269207608110283,0.823308841188429,0.6954279079860749,0.48443703264874316
0.02468556905853212,0.8072578201759395,0.73553336193612,0.5455292054497771
0.10174230264963724,0.7844534142662112,0.7694651585796253,0.6020649986115074
0.17783646138303807,0.7550544723709416,0.797016888828877,0.6534825128160822
0.25237505753028455,0.7192858777791111,0.818004654164991,0.6992953264305112
0.32480185254642024,0.6774365282732413,0.8322504591919071,0.7391086051338084
0.39457605635534765,0.6298525711488683,0.839584902010171,0.7726188054436534
0.46115102456640145,0.5769292356366063,0.8398682613651056,0.7995996538531187
0.5239626622108415,0.5191046108156219,0.8330219408527829,0.8198815022481876
0.5824340106930601,0.45685716676542887,0.8190582434767326,0.83333272397761
0.6359967388163876,0.3907064857026911,0.7980970841843394,0.839850138316152
0.6841239891180906,0.3212146485645986,0.770363204968074,0.8393613583374488
0.7263645183361801,0.24898494216967398,0.7361648017850358,0.8318371150082864
0.7623670244913341,0.1746553860434496,0.695861386311728,0.8173078654981458
0.7918864780680541,0.09888668367322116,0.6498325665259412,0.795877676139192
0.8147702532287755,0.02234666887934931,0.5984588069057297,0.7677298227073027
0.8309288390933578,-0.05430494688358441,0.542120410499646,0.7331220502484974
0.8403014340101662,-0.13042751837969724,0.4812138297057485,0.6923735204805309
0.8428287799538343,-0.20540358710702677,0.4161776950610345,0.6458485369477109
0.8384433617769163,-0.27863629095377834,0.3475171934848679,0.5939430371947243
0.8270812635821932,-0.3495428699197031,0.2758160162895096,0.5370783222993514
0.8087125129361432,-0.4175487044709041,0.20172975555925762,0.4757032473526808
0.7833802260599649,-0.4820861654155032,0.1259615433340631,0.4103024560180859
0.7512355648922364,-0.5426006123030507,0.04922726505617956,0.34140565126230016
0.7125565970492864,-0.5985629006282359,-0.0277786127402969,0.2695923475638771
0.6677442608659643,-0.6494849520311952,-0.1044060206034772,0.19548822596631565
0.6172960330949876,-0.6949334798036213,-0.18005486392512465,0.11975242861402201
0.5617650495420299,-0.7345374972939662,-0.2541635589980337,0.04305862055267722
0.5017169183534275,-0.7679876142720291,-0.3261871344557077,-0.033924935370654774
0.43769681845812836,-0.7950284211249345,-0.39557510769788945,-0.11055062100522134
0.3702156627934471,-0.8154481351298352,-0.4617590274800175,-0.18619807811378447
0.2997575249147503,-0.8290709243479835,-0.5241555692818615,-0.26027146785221955
0.22680348441083586,-0.8357563491769426,-0.5821849963725316,-0.3321901447961769
0.15186193112929455,-0.835407476537841,-0.6352990069863471,-0.40137799452108847
0.07549382239243083,-0.8279855313115219,-0.6830086497631368,-0.46725722847994905
-0.001676239264768265,-0.8135259326010609,-0.7249032821362985,-0.5292508439842982
-0.07896696199710332,-0.792149482362085,-0.7606552317007171,-0.5867948205903553
-0.15566299154869895,-0.7640638577810106,-0.7900103784881849,-0.6393575706663286
-0.2310458782632706,-0.7295539558764085,-0.8127701215558625,-0.6864614611708384
-0.3044239623425554,-0.6889637676863001,-0.8287731309165408,-0.7277003265220665
-0.3751530661920181,-0.642675694744141,-0.8378848675530565,-0.7627481010084567
-0.44264388844067193,-0.5910942349589827,-0.8399993533105623,-0.7913565754523133
-0.5063570773388482,-0.534639272662511,-0.835052540285288,-0.8133438192740026
-0.565791224384524,-0.47375038839905603,-0.8230419039491907,-0.8285777922181189
-0.6204709851081524,-0.40889910889940634,-0.8040443890486955,-0.8369611028101965
-0.6699416570618042,-0.34060261938232544,-0.7782254834613945,-0.8384223057673639
-0.7137733553142928,-0.26943155814294717,-0.7458356533146029,-0.832916803504445
-0.7515737726805422,-0.19600656331558378,-0.7071952308865486,-0.8204371422626568
-0.783005020322403,-0.12098254221169916,-0.6626731824637704,-0.80102937116262
-0.8077984971047224,-0.04502456246183454,-0.612667318439094,-0.7748101713811747
-0.8257626153044744,0.03121711379152802,-0.5575926533005728,-0.7419792516700208
-0.8367810592100506,0.1071245134599525,-0.49788116561972656,-0.7028230410324152
-0.8408028943756218,0.18211605706378445,-0.4339915382359829,-0.6577084216221332
-0.8378288568536223,0.25563629018300277,-0.36642341484728513,-0.6070682163734941
-0.8278994116318414,0.3271358211161496,-0.2957288591674905,-0.5513824230097943
-0.8110892623893747,0.39605016774174273,-0.22251474322894044,-0.491160089664419
-0.787510335620791,0.4617872443191955,-0.14743329133280997,-0.4269260555367234
-0.757321904986267,0.5237306236726518,-0.07116258803339728,-0.3592148459655833
-0.7207437384962865,0.5812603172426882,0.0056172608227681425,-0.28857151302513523
-0.6780669504489878,0.6337865267582683,0.08224494604073297,-0.2155569866549939
-0.6296580063059771,0.6807869256670297,0.15808955301149502,-0.14075424531805922
-0.5759537100418397,0.721836353833816,0.2325503100575153,-0.0647716712130064
-0.5174480769470777,0.7566200342801206,0.30504646427612536,0.011758782387638578
-0.45467463260618135,0.78492680906992,0.37500314884381647,0.08818901115953129
-0.38818896908663214,0.8066255484130819,0.4418407864308014,0.16386618955620658
-0.31855595377642354,0.8216334496604932,0.5049743885021001,0.23814532728197646
-0.24634408272696534,0.8298874430738383,0.5638254702727277,0.310399857455321
-0.1721268582683917,0.8313285019906556,0.617844530272246,0.38002807966369845
-0.09648870383154731,0.8259038729628801,0.666537889451178,0.446454975479109
-0.02003160067044379,0.8135858474808294,0.7094906783610357,0.5091307657149918
0.056621294372070224,0.7943999812694513,0.7463786624622353,0.5675289149273393
0.13282747040657567,0.7684526185925131,0.7769651258509549,0.6211466114783524
0.2079327502906355,0.7359481724701308,0.801083980369967,0.669509910113405
0.28128335081374556,0.6971904859392302,0.8186149202745556,0.7121839736691787
0.3522396096809187,0.6525682342808978,0.8294591971746601,0.7487867767478229
0.4201884868078587,0.602529641619821,0.8335244988637076,0.7790029642180238
0.48455270885321866,0.5475549159027169,0.8307245035836142,0.8025939175689693
0.5447957457092704,0.4881347818614029,0.820993917983541,0.8194007792455298
0.6004231645102285,0.4247605399668106,0.8043147615609765,0.829339085115618
0.6509818518046104,0.3579264781909345,0.7807459659950282,0.8323862038160814
0.6960588979801674,0.28814100548821087,0.750447175019989,0.8285651663857632
0.7352816304531624,0.21594016989209042,0.7136892868652942,0.8179298768016888
0.7683195918503889,0.14189710338005834,0.6708481974393604,0.8005565809775648
0.7948884869778222,0.06662319644765458,0.6223831131511027,0.776544763344909
0.8147555136999809,-0.009239642019518914,0.5688051840355449,0.7460277818520437
0.8277451634309339,-0.08503293066777631,0.5106447636627967,0.7091903940226401
0.833744509600291,-0.1600971860373152,0.44842564695127096,0.6662878670390713
0.832707105009918,-0.23378472548881155,0.3826522697580025,0.6176604323318451
0.8246547920245788,-0.30546726088323084,0.3138118814487724,0.5637378200755636
0.8096769601945726,-0.37453855255145124,0.24238935302747908,0.5050312775616931
0.7879270905998583,-0.44041462711885393,0.16888882260654933,0.4421140716294366
0.7596168446542686,-0.5025348750046363,0.09385473615141585,0.3755949043597124
0.7250084753919224,-0.5603664691621382,0.01788536610200712,0.30609084890938326
0.6844068550299278,-0.6134124839032805,-0.05836570021870684,0.23420661415934607
0.6381527339746971,-0.6612218576186746,-0.1342011089796687,0.16052505270740547
0.5866187693941307,-0.7033980093880852,-0.20890177946150823,0.08561037835822306
0.5302092695789363,-0.7396031404604211,-0.2817542695115461,0.010021605411446763
0.4693635518178323,-0.7695569706397882,-0.35207726988652976,-0.0656695039247546
0.4045615651934372,-0.7930311289866651,-0.41924175825163107,-0.1408631677470658
0.3363293853496311,-0.8098425196943189,-0.48268150162809076,-0.21492539610684852
0.2652417538280645,-0.819849715174165,-0.5418934785247052,-0.2871944860286053
0.19191926638486656,-0.8229553490667922,-0.5964305351352235,-0.3569998215007489
0.11701909460121829,-0.8191149294873161,-0.6458904236603771,-0.4236886947629758
0.04121992923370012,-0.808349471013798,-0.6899058325042273,-0.4866542670267528
-0.03479638425055259,-0.7907571240589704,-0.7281390722127035,-0.5453573270889347
-0.11036288080127996,-0.7665185751921813,-0.7602831120712191,-0.5993363454751811
-0.1848414248834112,-0.7358927185406527,-0.7860683453354329,-0.6482038927048388
-0.2576298512872821,-0.6992024121460227,-0.8052725476524176,-0.6916316740782686
-0.32816148971916126,-0.6568138111200091,-0.8177305759664827,-0.7293299120679277
-0.39589848208585965,-0.6091153760550858,-0.8233406829337786,-0.7610284819801507
-0.4603221271776057,-0.5565031098030094,-0.8220657239223017,-0.7864665470514703
-0.5209243439458694,-0.4993765958286612,-0.8139294800636627,-0.8053946542693949
-0.5772039625743649,-0.4381466501948245,-0.7990101023519813,-0.8175892241658118
-0.6286700592743711,-0.37325121736265476,-0.7774336536086681,-0.8228753723701656
-0.6748524214686158,-0.30517309339993703,-0.7493705330932738,-0.8211513013944434
-0.7153171240595193,-0.23445230276292572,-0.7150362793528473,-0.8124069471132229
-0.749683739360044,-0.16168778852619037,-0.6746963326951341,-0.796731320186885
-0.7776402871119746,-0.08752682656616566,-0.6286725153744408,-0.7743064763407457
-0.7989527132970492,-0.01264484392868545,-0.5773479589709887,-0.7453901564267652
-0.8134671969219366,0.06227847781958406,-0.5211674046435901,-0.7102925414070662
-0.821105440171336,0.13657997331785976,-0.46063120794048085,-0.6693541839776322
-0.8218547727677901,0.20962538619258037,-0.3962835217556442,-0.6229315031816136
-0.815755984000562,0.28081160468738364,-0.3286972327785821,-0.5713934999332555
-0.8028920853484085,0.3495609443173189,-0.25845948768994564,-0.5151294746471028
-0.7833807287163513,0.4153126315402198,-0.1861615405099327,-0.4545637799603265
-0.7573719562962031,0.4775174425911407,-0.11239514490152447,-0.3901712542399809
-0.7250516156935312,0.535639841054437,-0.03775529522428746,-0.3224867386692766
-0.6866494166642043,0.589168620878513,0.03715335130260898,-0.2521040567383569
-0.6424494670449815,0.6376333498236886,0.11171063429458694,-0.179663366901979
-0.5928003855635964,0.6806213046792814,0.18527996432007493,-0.10582970168326722
-0.5381218848521114,0.7177891267856427,0.25721507386390263,-0.031268463314459996
-0.4789051418279513,0.7488652867540982,0.3268744892682129,0.043375349984830724
-0.4157053455309381,0.7736428977909543,0.39364084594528453,0.1174887167912333
-0.3491264336951727,0.7919661021810338,0.4569401128639477,0.19049067962212124
-0.27979993273583337,0.8037157300886248,0.5162554055143298,0.26182265485111056
-0.2083615718231876,0.8088002222117572,0.5711315795693148,0.33093410706032733
-0.13543043218262701,0.8071557941080749,0.621169757385827,0.39727040475583963
-0.061595357766027564,0.7987562664068288,0.6660143477714189,0.46026897739967854
0.012588029805695922,0.7836292457274174,0.7053377747865726,0.5193670184283015
0.0865889423177426,0.7618728325424664,0.7388290587185605,0.5740198794662832
0.1598840774313262,0.733666690924477,0.7661912031791143,0.6237253805796842
0.23193663612792034,0.6992732468950489,0.7871493918709471,0.6680468981616771
0.3021787072908586,0.6590282351979329,0.8014682778109659,0.7066281600017622
0.3700037709142966,0.6133234805169289,0.8089734421428478,0.7391952288899046
0.4347737249236362,0.5625873206327887,0.8095705347808917,0.7655453811028439
0.4958408974621314,0.507268562220166,0.8032562462350484,0.7855270668142922
0.5525810472983526,0.4478281997041504,0.7901178887606208,0.799018325768506
0.6044297426850627,0.38474002212707914,0.7703220718450448,0.8059117743465812
0.6509129582342641,0.3184978934223082,0.7440964470197288,0.806112240528008
0.6916638844380295,0.2496251655469714,0.71171055488448,0.799548911891389
0.7264216163283634,0.17868118240293873,0.6734617317566824,0.7861988532537816
0.7550125566942532,0.10626123990942994,0.6296698866241424,0.7661146290079499
0.7773204719541158,0.03298904153817772,0.5806815405908818,0.7394469533829325
0.7932545585979529,-0.04049646249780833,0.526880075260295,0.7064544585057585
0.8027254797099013,-0.11355604199967508,0.46869690068266223,0.6674964884310965
0.8056368560408207,-0.18556284020660357,0.4066180100860912,0.6230100714072209
0.8018948767714846,-0.2559099236779373,0.34118218591537885,0.5734771738249054
0.7914330369531837,-0.32401228750867694,0.2729702636017227,0.5193913642495098
0.7742443060564175,-0.3893052518913578,0.20258816699356197,0.46123311897268726
0.7504107779820445,-0.4512426289696388,0.13064867704017605,0.3994601588933313
0.7201217427578559,-0.5092979922125039,0.057757261707346214,0.33451437416996244
0.6836748221039772,-0.562970900401399,-0.015494337895383018,0.26684166678370214
0.6414600825793422,-0.6117976418836879,-0.0885260784969081,0.1969171203801947
0.593932151393318,-0.6553639081201446,-0.1607617080450784,0.12526651785815712
0.5415786778092928,-0.6933156500259557,-0.2316198240024242,0.05247672487100104
0.48489401197148546,-0.7253646851217024,-0.3005091877514553,-0.02080876743515186
0.42436466944012574,-0.7512873020636394,-0.3668320329026315,-0.09390812768965914
0.3604689045411875,-0.7709165231972555,-0.42999612065096204,-0.16612819873294343
0.2936880188275489,-0.7841309335647991,-0.48943298393405377,-0.23679296694225346
0.22452344390115797,-0.7908442351911651,-0.5446173945498483,-0.3052665070701046
0.15351226232145676,-0.7909994836510406,-0.5950824856771708,-0.3709658822583908
0.08123495920779596,-0.7845703862198614,-0.6404264057125233,-0.43336309129951345
0.008312261627423122,-0.7715696489882543,-0.6803093533017011,-0.4919786047895759
-0.06460825858329587,-0.7520619820827708,-0.7144432648860559,-0.546371179368168
-0.13687191611363356,-0.7261777992931258,-0.7425790386702374,-0.5961289102951617
-0.20783747156620186,-0.6941233651022822,-0.76449701324379,-0.6408650250508008
-0.2768934131664571,-0.6561841794317846,-0.7800051500150178,-0.6802194878714911
-0.3434669069396724,-0.6127203483194194,-0.7889464388977345,-0.7138651043761526
-0.40702516715872517,-0.5641549031634667,-0.7912135109389409,-0.7415153779765388
-0.4670714853884634,-0.5109578141010038,-0.7867655862366632,-0.7629313025995575
-0.5231394824317349,-0.4536293054223428,-0.7756417620881583,-0.7779254158090638
-0.5747889917864488,-0.3926858641390333,-0.7579656869940133,-0.7863631415492205
-0.6216056156791798,-0.3286512171539986,-0.7339395215202749,-0.7881628988686666
-0.6632041163557294,-0.2620529565457534,-0.7038287460668082,-0.7832969877654729
-0.6992342344022746,-0.19342391439432724,-0.6679425260010707,-0.7717946660363577
-0.7293868618107897,-0.12330624991123783,-0.6266158447686132,-0.7537473929705285
-0.7533988956871567,-0.05225575270321947,-0.5801989084759221,-0.7293146020501353
-0.7710562400397634,0.0191558865554019,-0.5290566448989773,-0.6987273262554623
-0.7821956817058435,0.09034228796475938,-0.4735774133435835,-0.662287053884306
-0.7867070961518995,0.16070744305269907,-0.41418663525776267,-0.620358406030006
-0.7845372596900282,0.22965392127734438,-0.35135917914708176,-0.5733561815619852
-0.775695508416449,0.29659272927079783,-0.28562467728525287,-0.5217292758859747
-0.760260053235364,0.36095300093756866,-0.21756241182765496,-0.4659451849428049
-0.738382609960614,0.4221898982761117,-0.14778611495301372,-0.406478771160396
-0.7102887307361234,0.47978977565909564,-0.07692265195325665,-0.3438076747154257
-0.6762720824764279,0.5332726190597099,-0.00559078186787431,-0.2784146531556459
-0.6366826942456111,0.5821927347753055,0.06561380975449403,-0.21079496823524713
-0.5919112666714728,0.6261393144398146,0.13612326983435857,-0.14146545772497918
-0.542373207274411,0.6647385871229554,0.20539192374229898,-0.07097160301998011
-0.48849646852043616,0.6976586831111129,0.27288387447868495,0.00011023709663550083
-0.4307162682681621,0.7246171989627728,0.3380601223986131,0.07117660283348008
-0.3694776345808703,0.7453901155038032,0.4003718264900969,0.14160608975959948
-0.3052441469482843,0.7598196644050853,0.4592642498153178,0.21077192223738783
-0.23850913755784364,0.7678184293220406,0.5141921130182827,0.2780554971345812
-0.1698047199183261,0.7693676634852815,0.5646428586813492,0.3428588208725651
-0.09970465615774377,0.764509421356699,0.6101612227062052,0.40461466204913044
-0.02881904130534106,0.7533341787576813,0.6503676713729416,0.46279419113099357
0.04221861140511908,0.7359674381443462,0.6849650632173943,0.5169124691073056
0.11276895609933946,0.712559649274983,0.7137317654658124,0.5665322156932734
0.18220484939068618,0.6832831514179534,0.7365040716031762,0.6112659689916484
0.24992576857108906,0.6483377794875497,0.7531545052182109,0.6507763821827439
0.31536602321731544,0.6079638396685552,0.7635741034605925,0.6847743455174224
0.37799638478228104,0.5624583202220063,0.7676654601313739,0.7130150516138729
0.43732089712916444,0.5121885126455781,0.7653495712464586,0.735292928056244
0.49287195700415365,0.4575974204719435,0.7565846314301407,0.7514371746021667
0.544206870769211,0.39919754595657,0.7413905811630936,0.7613099983677624
0.5909080708611716,0.33755325343599213,0.7198709465599447,0.7648092040948408
0.6325874907963777,0.27325572578267115,0.6922241777639883,0.7618755484418582
0.6688939335305915,0.2068971954731188,0.6587400922671164,0.7525035607665285
0.6995212400458111,0.13905160435381902,0.6197820077347288,0.7367529873282034
0.7242149924862846,0.0702668222881082,0.5757599723930005,0.7147572779973173
0.74277629138787,0.0010696319666036631,0.5271034691426004,0.6867260043326655
0.7550624151401035,-0.06801980147490108,0.4742420195174098,0.6529397340728307
0.7609853398131503,-0.13647069866170314,0.4175992074054097,0.6137381824299912
0.7605096959478812,-0.20372948569228394,0.35760079313099813,0.5695046086375309
0.7536515688769934,-0.26921873316317385,0.29469251057560875,0.5206506227861252
0.7404787534629627,-0.3323492517398128,0.22935964378258905,0.46760533025642526
0.7211120555520667,-0.392542496057669,0.1621398230785058,0.410811114227101
0.6957264686169007,-0.4492564924976909,0.0936229124204934,0.3507259183743817
0.6645508882449978,-0.502007028804166,0.024436518069585585,0.28782954339527106
0.627865523119923,-0.5503774541396697,-0.044779138144164204,0.2226300926462334
0.5859970822559302,-0.5940146135338207,-0.11339935678288396,0.15566680666489457
0.5393127369398274,-0.6326136617279764,-0.1808373586780634,0.08750705095223849
0.488214345201442,-0.6658987985902673,-0.24655425365271627,0.018737546857413065
0.4331342507899141,-0.6936086599365408,-0.3100544226345219,-0.050047871044159316
0.3745331896122863,-0.7154934450863439,-0.37086952861684697,-0.11826049879748271
0.3128997910142984,-0.731326386688699,-0.4285386303096238,-0.1853258100953407
0.2487503155537482,-0.7409264937427953,-0.48259343961076506,-0.2506877004661796
0.182627016097477,-0.7441847683668796,-0.5325560214508782,-0.3138085395585528
0.11509398368092014,-0.7410841685595108,-0.5779517594690247,-0.37416752784582996
0.046730358473354994,-0.7317053144425611,-0.6183347840016694,-0.4312605863512239
-0.021878089867890006,-0.7162148003325244,-0.6533183045335035,-0.4846042506535441
-0.0901472875904949,-0.6948392517077114,-0.682600148022356,-0.5337440961045876
-0.15750139896691534,-0.6678336325379937,-0.705975101065775,-0.5782659197202871
-0.22337671844895138,-0.635454711468963,-0.7233299848480431,-0.6178062636505106
-0.2872233274293801,-0.5979490358865639,-0.7346232580997687,-0.6520586606650494
-0.3485061065063993,-0.5555597008643005,-0.7398562766072467,-0.6807734011536543
-0.40670719954862156,-0.5085494168845983,-0.7390462372164959,-0.7037511535135395
-0.4613315454086119,-0.4572313393907691,-0.7322102482861003,-0.7208333889328373
-0.5119157269052421,-0.4019960607267403,-0.7193660763797041,-0.7318941339314872
-0.5580386470464407,-0.34332425028832236,-0.7005492726162796,-0.7368373353805517
-0.5993311723398415,-0.2817793135181378,-0.6758406283875884,-0.7356020252874119
-0.6354815576186463,-0.21798137177307284,-0.645394264156117,-0.7281742513496827
-0.6662344945465059,-0.15257032616166713,-0.6094563850658201,-0.7146016551298375
-0.6913837744896698,-0.0861694102358202,-0.5683679177916525,-0.6950049292106374
-0.7107610871881631,-0.019360151802198564,-0.5225497356639055,-0.6695809655501015
-0.7242253930286613,0.04732472618372571,-0.47247504362087467,-0.6385952573961569
-0.7316577338604406,0.11339056957738514,-0.41863768335003515,-0.6023650843590462
-0.7329649013253352,0.1783587271887668,-0.36152620151018344,-0.5612386826295634
-0.7280923788992618,0.24174347059116272,-0.30161118310702084,-0.5155774844290728
-0.7170433820540539,0.30303807557329426,-0.23934847808552898,-0.4657477259453857
-0.6998979492609033,0.3617162945292993,-0.17519530283349147,-0.41212440089559277
-0.6768250628070529,0.417249268541096,-0.10963177136276987,-0.35510582006433866
-0.6480822841607127,0.469131906381113,-0.04317871734839207,-0.29513268572697626
-0.6140010818370005,0.5169091902886548,0.023595779531229787,-0.23270332139979932
-0.5749607758964705,0.5601930802511059,0.09008459539180823,-0.16837751166257053
-0.5313581967376602,0.598664539478584,0.15566270896668816,-0.10276516029410512
-0.48358220213881925,0.6320611565384557,0.2197150983189734,-0.036501382719869926
-0.43200120884535953,0.6601565614758297,0.28166310242717024,0.029785269171861077
-0.37696799213097254,0.6827410972463352,0.3409818401318515,0.09550193646203076
-0.31884035883181777,0.6996127469194982,0.3972046967307208,0.16010902994750825
-0.2580107718607457,0.7105833049490404,0.4499155373076843,0.22312127343089289
-0.19493452923528132,0.7154987576250946,0.49873349236825115,0.28409311548819316
-0.1301459907477197,0.7142671146536249,0.543297425394333,0.3425951058764068
-0.0642557967928867,0.7068837062215563,0.5832568172519393,0.39819120392957763
0.00207200248436026,0.6934444721312905,0.6182730416392903,0.4504267202433357
0.06815745034038664,0.6741418470254195,0.6480309503210437,0.4988327136181848
0.1333464746032504,0.6492439700162824,0.6722568422395956,0.5429465555925577
0.19704509586022595,0.6190638391246304,0.6907366216806141,0.5823422821706825
0.2587365998061684,0.5839285146305847,0.7033280014866667,0.6166605558934467
0.3179778144589075,0.5441582907270924,0.7099628633459656,0.6456280137478003
0.37437752176902855,0.5000620144022452,0.7106394546073816,0.6690595434705109
0.42756586785935274,0.4519488535352082,0.7054076594264125,0.6868432481249629
0.4771664163188845,0.40015097536607647,0.6943528713097382,0.6989142273819782
0.5227812687957036,0.3450478962099734,0.6775842561878036,0.7052274439802095
0.5639949045196835,0.28708296534952993,0.6552314155689768,0.7057402876065334
0.6003957542068141,0.22676553169985963,0.6274503350576796,0.7004118346570571
0.631608358715704,0.16465756428862433,0.5944361638213463,0.6892195461777788
0.6573254216203677,0.1013488889690436,0.5564379641498692,0.6721875553307095
0.6773293537922971,0.03742882993938329,0.5137698710365727,0.6494162120629972
0.6914968605124515,-0.02653728541850979,0.46681426903568485,0.6211018426690993
0.6997862646398713,-0.09002063465694617,0.4160151578836759,0.5875390157772975
0.7022133504804926,-0.15252859021437087,0.36186293965752164,0.5491037594559334
0.6988253536666391,-0.21359432225554686,0.30487441507696444,0.5062228867121275
0.6896829535219728,-0.2727622159302818,0.24557305087651332,0.45933940583332544
0.6748567153103663,-0.3295757659896428,0.1844742573657751,0.40888518033774396
0.6544386821265094,-0.3835729235947941,0.12207869495688964,0.35526917275955555
0.6285638819573462,-0.4342906072023945,0.05887411584163804,0.29888384461892203
0.5974326046082394,-0.4812766329232988,-0.004656270510346745,0.2401257319152495
0.5613238709651343,-0.5241049833475342,-0.06802272357561473,0.17942125800006498
0.5205937282990931,-0.5623898590055618,-0.13071964442839043,0.11724723406298054
0.475657672591585,-0.5957952730539255,-0.1922218311863821,0.05413771673200591
0.4269625175752886,-0.624039278552738,-0.2519885245014964,-0.009325983717268144
0.37495715180447786,-0.6468941538305577,-0.3094752908384423,-0.07253927903991592
0.3200722854321263,-0.6641850717538449,-0.3641516706902639,-0.13490461205304238
0.2627161875481906,-0.6757895479346288,-0.41552095593640553,-0.19585863053985803
0.20328763565602387,-0.6816385824113214,-0.46313781816786626,-0.25488843144015566
0.14220091929031475,-0.6817186678554379,-0.5066199341926194,-0.3115334656974844
0.07991308122752529,-0.6760726492250781,-0.545651156449743,-0.36537504572670865
0.016942363317998203,-0.6647974031879452,-0.5799758460877531,-0.41601969663465477
-0.04613045690798301,-0.6480375048058037,-0.6093862482797585,-0.46308431017681584
-0.10868041604340328,-0.6259759180000566,-0.633706684200633,-0.506189707878721
-0.17007222741341102,-0.5988243975416762,-0.6527793399002314,-0.5449654826162088
-0.22970009038345773,-0.5668168962754746,-0.6664561998051366,-0.5790644126264947
-0.2870217407392348,-0.5302084440042016,-0.6746001470642821,-0.6081811089201927
-0.3415768955592887,-0.48927994597637875,-0.6770957388459142,-0.6320681936003437
-0.3929854437160243,-0.4443469283372714,-0.6738672944001067,-0.6505446030209773
-0.44092745044681836,-0.3957684468927718,-0.664899525775156,-0.663493916177626
-0.48511295774250773,-0.34395197831954233,-0.6502547707548962,-0.6708545354896576
-0.525252666654419,-0.2893513731322141,-0.630081431913941,-0.6726065358711653
-0.5610398919322923,-0.23245742621990773,-0.6046104687697993,-0.6687609320618733
-0.5921500287049308,-0.17378335036682147,-0.5741401679198519,-0.6593557305584955
-0.61825768950149,-0.11384932211469208,-0.5390129425188273,-0.644460084194192
-0.6390657934221922,-0.05317052641328124,-0.49959046549659936,-0.6241844275042798
-0.6543371992917886,0.007748375346865288,-0.45623412822924414,-0.5986920083857118
-0.6639191142124746,0.06841210359878697,-0.4092962979064323,-0.5682066726121312
-0.667753419776458,0.12832946288766217,-0.359124494931216,-0.5330132443709852
-0.6658710569001361,0.18700813124717702,-0.3060764363712823,-0.4934497147135044
-0.6583738589707677,0.24395373469484788,-0.25054023751145943,-0.4498935265847812
-0.6454109097001255,0.2986755780914025,-0.1929521695726571,-0.40274632621911866
-0.6271574771678847,0.350698519025733,-0.1338049387890487,-0.3524218735982196
-0.6038027183986571,0.39957770608762644,-0.07364237608436681,-0.29934032468344807
-0.5755485454597997,0.4449114137669441,-0.013040798370386186,-0.2439294714571576
-0.5426178040233854,0.48634765543364494,0.04741831020701698,-0.1866308193846704
-0.5052667861906235,0.5235825283314008,0.10717672487658039,-0.12790663707035585
-0.4637961036151376,0.5563514755737746,0.16572099836295123,-0.06824394151498357
-0.4185552462896295,0.584417557435329,0.22259128035882583,-0.008152752850293182
-0.36993905019625706,0.6075622152497132,0.27737582593627896,0.051841760300352355
-0.3183775587300873,0.6255832648768639,0.3296943142282299,0.11121135771840299
-0.2643231160432775,0.6383021856754627,0.37917678921195386,0.16943775935615907
-0.20823914787407927,0.6455791566767866,0.42544642939662564,0.22602332698952277
-0.1505938690133718,0.6473311134765316,0.4681129818301,0.2804972945393793
-0.09185972725059087,0.6435466006971944,0.5067800327737755,0.3324173125300018
-0.03251680639672819,0.6342919959570162,0.5410645872703399,0.3813678124232892
0.02694328089382826,0.6197065299158901,0.5706232902054026,0.4269576422812976
0.0860166360711764,0.5999873865504901,0.595177429224319,0.4688192883119039
0.1441917024681894,0.5753696094449032,0.614529316760565,0.5066109540358109
0.2009592319167801,0.5461072864101365,0.6285655418363316,0.5400213485784071
0.2558252878133364,0.5124618955400625,0.6372468781008681,0.56877586766456
0.30832367399131144,0.47470100530284953,0.6405888534159985,0.5926423920902859
0.35802432454418753,0.43310674129990767,0.6386397243777255,0.6114352826378675
0.4045357074367783,0.38798995985389373,0.6314630067054894,0.6250170539906142
0.4475015656695511,0.3397041538893749,0.6191297630308894,0.6332981797658264
0.48659444654928447,0.28865339867187023,0.6017223131712877,0.6362360494481943
0.5215096323773634,0.23529093106301585,0.5793471724330899,0.6338340312955117
0.5519628552292943,0.18010832318456813,0.5521521397900955,0.6261409901310988
0.5776936668713826,0.12361838259177316,0.5203414370884749,0.6132508343593741
0.598474134741817,0.06633675091198542,0.48418384050694385,0.5953011765442519
0.6141204773908961,0.008767108850870113,0.44401133458466546,0.5724702983435792
0.6245040866502125,-0.04860689661589913,0.4002089646098248,0.5449723217500615
0.6295585013485046,-0.10532259488559308,0.35319917162507186,0.5130514894419038
0.6292802079154491,-0.1609342241095854,0.30342515720676244,0.4769772441453427
0.6237231336676776,-0.21500738621726675,0.25133747221533764,0.4370419103516794
0.6129886465701269,-0.2671154368707911,0.1973863638330689,0.3935620314350434
0.5972141239862049,-0.3168397950046148,0.14202016843574577,0.34688299777055226
0.5765633400981309,-0.36377415561813586,0.08568803750829385,0.297385048750484
0.5512210805644082,-0.4075309188112263,0.028844169516719295,0.24548770470144315
0.5213928990799109,-0.4477474924468155,-0.02804926466590288,0.19164969496978085
0.48730932933373944,-0.48409067347453255,-0.08452236007464944,0.1363626232813489
0.44923266003182993,-0.5162587006638089,-0.14010133355101462,0.08013860819487248
0.40746386232343934,-0.5439820685217146,-0.1943151705515436,0.023494248775571908
0.3623474464166434,-0.5670250380660997,-0.24670350512367512,-0.033065312122395295
0.31427271243846,-0.5851895290829341,-0.2968241380622928,-0.08905830805703856
0.26367074808895474,-0.5983218021603602,-0.34425910940722054,-0.14403158371158303
0.21100735113427957,-0.6063206010960074,-0.38861897426858566,-0.19755870951954152
0.15677268327543717,-0.6091440410820955,-0.42954554323054245,-0.2492329586048799
0.10146888859979694,-0.6068122024792374,-0.4667136292244214,-0.2986588384266914
0.04559719403539185,-0.5994034049437809,-0.49983227951762144,-0.34544623846483735
-0.0103538155666403,-0.5870442019021415,-0.528645719434928,-0.3892101532414469
-0.0659170398038965,-0.5698954836538819,-0.5529340109974257,-0.42957679410069505
-0.12065138397762018,-0.5481387638945605,-0.5725133919138323,-0.46619453232548913
-0.17414119406820144,-0.5219670109591198,-0.5872364247991924,-0.4987464115722466
-0.22599092342697016,-0.49158305220348353,-0.5969923273903731,-0.5269605462017474
-0.27581665662240284,-0.45720603770135715,-0.601707978172977,-0.550615690624196
-0.32323727690449633,-0.4190835972948691,-0.6013499478550752,-0.5695411881688663
-0.36786862876394816,-0.37750521333346354,-0.595927480597249,-0.5836125932192706
-0.4093236436631781,-0.33281175683278724,-0.5854957863664437,-0.5927456803358865
-0.4472199862461998,-0.28539732969527837,-0.5701585593668262,-0.5968917796483483
-0.48119463026116505,-0.23570209469759537,-0.5500685504674467,-0.5960363834771341
-0.5109225055034163,-0.1841977357299535,-0.5254254070775813,-0.5902012305676679
-0.5361347310290028,-0.13136950524628305,-0.496470764707395,-0.5794483604222738
-0.5566316029481506,-0.07769967456882892,-0.4634814596204278,-0.5638836775006951
-0.5722866941711996,-0.023656353871981152,-0.4267623796380581,-0.5436577691101571
-0.5830408860562224,0.030310521614253988,-0.3866405947436179,-0.5189629726937968
-0.588888151084555,0.08376687646158813,-0.3434619205411865,-0.49002742339839733
-0.5898574586728644,0.1362887973127162,-0.2975901237587426,-0.4571082520398616
-0.5859963934889653,0.18745724444315595,-0.2494079344790548,-0.4204865859069155
-0.5773614889805392,0.23685632656014233,-0.1993182975952148,-0.3804662735653402
-0.5640180329560933,0.28407652806362543,-0.14774417732571446,-0.3373765765005531
-0.5460489294711162,0.3287221511741756,-0.095125782655582,-0.2915771347793724
-0.5235691792736878,0.3704205992180925,-0.041915092254660835,-0.24346215316156325
-0.4967407128980907,0.4088305840375892,0.011431384653483714,-0.193460595637544
-0.465782307633977,0.44364701847718635,0.06446000637465472,-0.14203037167699842
-0.4309711265820668,0.47460188583872265,0.11672595204537792,-0.08964664107169193
-0.3926353714529537,0.5014620735773945,0.1677968001023436,-0.03678664018702051
-0.35114056781546665,0.5240263062988577,0.2172538638632919,0.016085067007321464
-0.3068740124229331,0.5421234691339141,0.2646924098078582,0.06852691942313892
-0.2602322019801199,0.5556137684370056,0.3097223711381013,0.12012369555774685
-0.21161457057502533,0.5643927412844238,0.3519709191066915,0.1704827163450487
-0.16142419166058214,0.5683967348767575,0.39108735199855493,0.21922532422753085
-0.11007328573377323,0.5676077205051795,0.42674958203723373,0.265977747949232
-0.05798949234611858,0.5620554818191281,0.45867056015033303,0.31036565809184247
-0.005618622551787057,0.5518162179380015,0.4866027172336443,0.35201532645469313
0.04657892190545188,0.5370079801535931,0.5103390867592278,0.39056184485729734
0.09813828053264768,0.5177845275321532,0.5297110160685021,0.42566226238070376
0.148604333304996,0.49432966476859624,0.5445837821408787,0.4570097373674077
0.19754573570173128,0.4668537461625558,0.5548524036144873,0.4843445158615155
0.24456445710756852,0.4355929894989144,0.5604400253730603,0.5074588125343523
0.2892980936662965,0.40081100663285224,0.561300328532622,0.5261949621474337
0.3314149338001644,0.3628010457206757,0.5574237844637341,0.5404386273716342
0.3706045333477779,0.3218872088713419,0.5488458413453698,0.5501104667588663
0.40656833757040783,0.27842340380771846,0.5356540051063253,0.5551598955245808
0.4390149691706784,0.232789740509815,0.5179907573039417,0.5555633798923005
0.46766312314532454,0.18538704552918844,0.4960504332293162,0.5513276172866837
0.4922521735123484,0.13663071773062774,0.4700701856365751,0.5424958293963378
0.5125576465126048,0.08694508573139946,0.44031725900235613,0.5291540806782037
0.5284067429658861,0.03675884521805555,0.4070761963158075,0.5114345316916296
0.5396888354171879,-0.013498607049000994,0.3706397299710863,0.48951380810670003
0.5463574311828496,-0.06340065307201699,0.33130586947070634,0.4636066661643592
0.5484229230093872,-0.11252746750647252,0.28938150945350904,0.4339570375420556
0.5459385321663544,-0.16047076696402313,0.24519053258266618,0.40082957055925006
0.5389840907817351,-0.20683872449040508,0.19908274064659204,0.36450454213910055
0.5276529336312733,-0.25125989141772453,0.15143962696780652,0.3252776053037794
0.5120459862721224,-0.293384951386386,0.10267412435748674,0.28346383348977744
0.4922745994957882,-0.33288581775877857,0.05322360311266848,0.23940372586140812
0.4684707022529653,-0.36945276109301806,0.0035377478705438947,0.1934679527774275
0.4408004577567811,-0.4027914170435207,-0.045935367914862635,0.14605798255216182
0.409476590633736,-0.4326220949644558,-0.09476127882545296,0.09760118126052156
0.37476517353560157,-0.4586833850342806,-0.14252644347493576,0.04854094031127437
0.3369846080325077,-0.4807406414613391,-0.1888400728828959,-0.0006758946839632574
0.2964970628721339,-0.4985979443446358,-0.23333178723370393,-0.049611182011705196
0.2536948573616192,-0.5121103668696345,-0.27564787952204894,-0.09784443376316815
0.20898549278485215,-0.5211925739451043,-0.3154492136834969,-0.14497705543264594
0.16277894572144197,-0.525820423785313,-0.3524127684665694,-0.1906321030429092
0.11547962484282241,-0.5260242691140077,-0.38623701911545993,-0.23445128008479516
0.06748360089820281,-0.5218754276077814,-0.4166495095060244,-0.27609161881648636
0.019180021468267736,-0.5134698158906671,-0.44341388650288827,-0.315224039127307
-0.02904543483320332,-0.5009140249566235,-0.4663337995833515,-0.3515349417527167
-0.0768073838100649,-0.484318562267482,-0.48525235302809283,-0.3847306456471755
-0.12371955842834803,-0.4638006641700718,-0.5000476870346899,-0.41454337135675534
-0.16939633392339,-0.4394957410176162,-0.5106269476230172,-0.44073700252811054
-0.21345667808650898,-0.41157334061004597,-0.5169216487932827,-0.4631111286164684
-0.25552963297335163,-0.38025169099874906,-0.518886886456861,-0.48150267644006806
-0.29526029940688325,-0.34580514766814396,-0.5165052254727023,-0.49578537755382823
-0.33231553425714966,-0.3085612058240893,-0.5097940135615071,-0.5058679899156748
-0.3663889423766703,-0.2688873515847945,-0.498813247004268,-0.5116923630134412
-0.39720501584549345,-0.2271716172328639,-0.4836706338519515,-0.5132321256382103
-0.4245223302604756,-0.1838029469889947,-0.46452142030509813,-0.5104922206832949
-0.44813560270398956,-0.13915751429124273,-0.4415625323544412,-0.5035090293065415
-0.467876318006354,-0.09359490906933633,-0.4150228421090583,-0.4923506534162576
-0.4836117184438822,-0.0474644265355447,-0.38515295449751474,-0.47711710055932477
-0.49524230363910926,-0.0011178903108985117,-0.35221812610277337,-0.4579404711124381
-0.5026985145421785,0.04507705445682208,-0.31649662053812977,-0.43498550453041634
-0.5059377496022481,0.09072949406635794,-0.27828345461820225,-0.40845076387336193
-0.504943014163382,0.13542785241797436,-0.2378970394293061,-0.378570274454847
-0.49972416071024317,0.1787530513390988,-0.19568470421263168,-0.3456147676954977
-0.4903218601850043,0.2202987854453981,-0.15202320799497743,-0.3098911678535326
-0.47681339552739016,0.259692752147929,-0.10731215065878005,-0.2717389549709513
-0.45931847378285284,0.29661218488067476,-0.06196104679068336,-0.23152271773271704
-0.43800289271643766,0.33078895629043537,-0.016373602195350744,-0.18962144604249598
-0.41307828392867246,0.36200314483903423,0.029065728355635756,-0.14641647932005386
-0.3847972252690224,0.3900679690313977,0.07399825536172105,-0.10228094941540238
-0.3534444353161347,0.4148119381704545,0.11808837452368459,-0.05757355265390692
-0.31932603492396333,0.43606490589183033,0.16101294139007058,-0.012638387252940017
-0.2827595120185161,0.45365318490460765,0.2024472721165367,0.03218933276039604
-0.24406679179155757,0.4674055908524886,0.2420541280681898,0.07657398467751778
-0.2035717511348558,0.4771684497586775,0.27948146580327216,0.12017045898724066
-0.16160198901937917,0.48282459976419123,0.3143718421129137,0.16261933410904073
-0.11849321678551243,0.484310263410048,0.3463821094377779,0.20354912569294795
-0.07459378177996984,0.4816246709977817,0.3752079609357688,0.24258609685128102
-0.03026688096883079,0.47482999790777325,0.4006055528016074,0.2793694610791087
0.014111078160287269,0.46404248463397263,0.4224028364654169,0.31356780995122047
0.05815610593505019,0.4494183280615386,0.4404963870213091,0.344892030824144
0.10148500223672302,0.43113915558336613,0.45483439759326294,0.3731011133520295
0.14372436881166462,0.4094013247339171,0.4653914101043912,0.39799970697466747
0.18451811147032196,0.384411315639455,0.4721434777719165,0.4194291935845176
0.22353200792963315,0.3563869717487907,0.47505259332052785,0.43725629646180963
0.26045509092902686,0.3255622828282236,0.4740662099795088,0.45136399692584794
0.2949987389897393,0.29219251002987257,0.46913251207106327,0.4616484762959352
0.32689504364308686,0.2565569191480134,0.4602265527013813,0.4680233377624762
0.35589601045453745,0.21895785458039033,0.44737843712776737,0.4704294378840729
0.38177452061921346,0.17971663112220163,0.43069382227026065,0.46884640817131323
0.40432704550022464,0.13916798333291422,0.4103594887689487,0.46330125640970554
0.4233772861461764,0.09765511002385813,0.38663177275319416,0.453870580190097
0.4387795439054372,0.055526658875060336,0.3598114543375187,0.4406754509698015
0.4504208389338281,0.013135722572465272,0.3302132385050174,0.4238709285103762
0.45822144197769,-0.029160297508954422,0.2981396350334507,0.4036342732103942
0.4621342426857495,-0.07100068404284553,0.2638672795336271,0.380156373058724
0.462143878135336,-0.11202465884420587,0.22764919874645584,0.3536394866962157
0.45826654917736676,-0.15187724821470552,0.18973085433497802,0.32430167304423063
0.45055095552677576,-0.1902168063193191,0.15037302695586696,0.29238532847538856
0.4390800163107859,-0.22672231189095693,0.1098724007506732,0.25816529869551574
0.42397237710712615,-0.2610984363150439,0.06857180165905677,0.22195191587288687
0.40538247121859733,-0.29307716415017626,0.026855959750468138,0.18408614936616824
0.38349824966708046,-0.3224161119477677,-0.014866068072791741,0.14492717460622007
0.35853650808969884,-0.34889505162752954,-0.05618598645193751,0.10483583812367178
0.3307366855232845,-0.37231290015754553,-0.09672058052986601,0.06415943544401753
0.3003546750581554,-0.39248723542970654,-0.1361275849254233,0.023223076489069364
0.26765825469671345,-0.4092572929730428,-0.17410875843288287,-0.017669356117189824
0.23292514807951517,-0.42248983555024,-0.21040059539250097,-0.058225247280050865
0.19644367616254257,-0.43208592322461026,-0.2447575398061217,-0.09814844653319235
0.15851488620639786,-0.4379860349661584,-0.2769350652075564,-0.13712591829793241
0.11945439948319633,-0.4401714762758938,-0.30667970251321824,-0.17482195744671314
0.07959229577371667,-0.4386613825234926,-0.33373024107900545,-0.21088355232202968
0.03927014488942785,-0.43350634721376424,-0.35783002944553033,-0.24495648096852873
-0.0011645121328600627,-0.42478106213734973,-0.37874618213279165,-0.27670773006910876
-0.041364839352762556,-0.4125787784161968,-0.39628905296618133,-0.30584733397264435
-0.08099064030682684,-0.3970096827198665,-0.410325391075146,-0.332142710780131
-0.11971197821182777,-0.378203693150021,-0.4207810338446503,-0.355421077568017
-0.1572099692011099,-0.35631633957785286,-0.42763282721244555,-0.37555966501391563
-0.19317559758500488,-0.33153504201980966,-0.4308932445866499,-0.392467711955607
-0.22730847411731003,-0.3040827904688806,-0.4305935329812123,-0.40606703845151093
-0.25931773145434805,-0.27421710075597816,-0.42677136417795336,-0.4162783417826985
-0.2889265247073428,-0.24222384120520363,-0.41946697023014196,-0.4230181238601206
-0.3158800955896435,-0.20840742021407416,-0.4087284382612264,-0.4262071883533055
-0.33995563950864705,-0.17308014978166147,-0.39462350232500054,-0.4257874218562924
-0.3609710024686408,-0.13655383611353988,-0.37725301127050587,-0.4217406475611759
-0.37878910017130896,-0.09913571192195254,-0.3567609757954486,-0.4141027540171449
-0.39331607354303944,-0.061129097862142705,-0.33333767159809913,-0.40296820589361737
-0.4044932546415946,-0.02283735379383324,-0.3072149844648083,-0.3884836587730508
-0.4122852903849333,0.015431525693772596,-0.2786559424939354,-0.37083333086219805
-0.4166683892238155,0.05336244302538248,-0.24794216714142064,-0.3502215613903225
-0.4176229369883825,0.09063465530031709,-0.21536320915562052,-0.3268586205840265
-0.41513345989636774,0.12692730737995497,-0.1812104723314803,-0.30095418312835515
-0.40919646122276243,0.16192754908033954,-0.14577629026767938,-0.27271966009205184
-0.39983385961023477,0.19533877578601638,-0.10935661903780966,-0.24237709350519673
-0.38710762219114486,0.22688660517444567,-0.07225456363739119,-0.2101698965836715
-0.371130524708202,0.2563212514621598,-0.03478198399427413,-0.17637025027824563
-0.3520690802655553,0.2834165126960628,0.002742400768197803,-0.14127953615732763
-0.33013721289388465,0.307966975850943,0.039998257619847544,-0.10522109515281561
-0.30558233497166665,0.32978568153115784,0.07667056268089434,-0.06852765662968124
-0.2786680236416863,0.34870411648702226,0.11245585989584925,-0.031527777870847935
-0.24965856874243744,0.3645751948096158,0.14706593181949396,0.0054641725052329004
-0.21880989376821663,0.37727838253674056,0.18022822917144313,0.04215156786070848
-0.18636901262373465,0.38672498034483715,0.21168393229630322,0.07825240682644372
-0.1525811285616864,0.39286131601732577,0.2411856124881741,0.11349201070621731
-0.1177008138437804,0.39566834933555145,0.26849663979775057,0.1475956143214937
-0.08200238272303272,0.3951576558633465,0.29339366911772774,0.18028482597106316
-0.04578503635627043,0.391365314704742,0.3156720860372548,0.21128022323758797
-0.009370402333121072,0.3843462006030466,0.3351528450832032,0.24030976969711332
0.026907075457855853,0.3741711217449494,0.3516883279408263,0.2671203443926303
0.06271388057175575,0.3609281250643568,0.36516506082000133,0.29148842821188203
0.09773093147471182,0.3447275330898487,0.37550229956871034,0.3132263620831656
0.1316627955863488,0.3257085886137242,0.3826471473353959,0.3321823936198977
0.1642403568764338,0.30404467384769396,0.3865683217318827,0.348235205182356
0.1952172501963259,0.2799443543511168,0.3872513129556955,0.361285758896732
0.22436270902792055,0.25364691690215346,0.38469717762128913,0.3712502519363423
0.25145469678796784,0.22541310272592238,0.3789257611063696,0.3780573908178613
0.27627687493748465,0.19551359536027663,0.36998230080267547,0.38165133311706395
0.2986212726503612,0.1642187624645416,0.35794487603992425,0.38199927739617545
0.3182961506917248,0.1317927725380211,0.34292965394038416,0.3791007586753814
0.33513642783804626,0.09849362012382121,0.32509156923017735,0.3729949783753437
0.3490129744164184,0.06457838224094048,0.30461972026682044,0.36376322201303835
0.35983746088636753,0.03031103358112556,0.28172872069119914,0.3515252719762446
0.3675611032689029,-0.004030864335558382,0.2566487348252944,0.33643094898007686
0.37216791394214277,-0.038153918472138754,0.2296173400901619,0.3186496370587144
0.37366507066920107,-0.07175280833373573,0.20087552162840835,0.298361217466829
0.37207400538862573,-0.10451978888588309,0.17066833984198487,0.2757510886772637
0.36742543889240153,-0.136157197268043,0.13924883106574676,0.2510102384330025
0.35976002461244183,-0.1663892945176897,0.10688231758798862,0.22433937359212294
0.34913413207809163,-0.19497005595194306,0.07384810118639658,0.19595467514537548
0.3356284082964378,-0.22168502813187696,0.04043660785853417,0.16609234659857455
0.3193557928804063,-0.24634750490949905,0.00694202246277166,0.13500983500717786
0.30046594418290884,-0.2687912283043081,-0.026347494879246203,0.10298304882046039
0.2791443955999664,-0.2888628766339153,-0.05915864459047812,0.07030043315470202
0.2556066468209125,-0.3064174138635741,-0.09123759259973171,0.03725576516738209
0.23008908348831691,-0.32131807826639114,-0.12234855025184807,0.00414164982227179
0.2028395062621819,-0.33344093568306554,-0.15226690606725207,-0.028755015164432823
0.17410986990003874,-0.3426822445675991,-0.18076982813731043,-0.06115546702425037
0.144152735188681,-0.3489659964731401,-0.20762861566564542,-0.09279024724257645
0.11322140465017802,-0.35224917882927115,-0.23260683822855935,-0.12340035056843214
0.08157235591197082,-0.3525233939741906,-0.2554664399720451,-0.15273923987272298
0.04946789734141924,-0.3498129520864967,-0.2759811149293353,-0.18057574535536425
0.01717714518544182,-0.3441708085336454,-0.2939534170080663,-0.20669696441967578
-0.015025692869242185,-0.33567425282357266,-0.30923033818147194,-0.23090984770575565
-0.0468655601182979,-0.32442192435547007,-0.32171218885358766,-0.2530404827143325
-0.07807216300437167,-0.3105327540679399,-0.33135160876367664,-0.2729310859556807
-0.10838536979419083,-0.29414629689052674,-0.3381427844627734,-0.29043595453823745
-0.13755905600685187,-0.2754231538882925,-0.3421043193240353,-0.30541850821206185
-0.16536280040386675,-0.25454412145335736,-0.3432614769180824,-0.3177515760331077
-0.19158172416034713,-0.23170735293573208,-0.34163384200777724,-0.3273220951955562
-0.21601542298462623,-0.2071238555748435,-0.33723264434199857,-0.3340396868646218
-0.23847712662304799,-0.18101257496010315,-0.33006866160960174,-0.33784680565190983
-0.25879391556689324,-0.15359668956541117,-0.320167915078029,-0.33872707987079154
-0.27680822361267216,-0.12510234731878858,-0.3075896030481485,-0.3367086093396151
-0.2923802559664851,-0.09576006528692028,-0.2924398731402782,-0.3318604441648065
-0.3053906187820022,-0.06580780906330386,-0.27487642553689773,-0.32428277626600527
-0.3157424992298976,-0.0354939007486859,-0.25510208119384536,-0.31409369418603705
-0.3233630772967685,-0.005077777103264791,-0.23334923284691628,-0.3014167702122522
-0.32820427479078784,0.02517267037201959,-0.20986018624681269,-0.2863736504038421
-0.33024321247738353,0.05498715431240289,-0.18486971004449176,-0.26908414488062216
-0.3294827096113618,0.08410108177826808,-0.15859519944614492,-0.2496736220008257
-0.32595184790757303,0.11226345770004524,-0.13123706934215124,-0.2282847739993727
-0.3197062185092603,0.13924239614248415,-0.10298833760382875,-0.20508908082455068
-0.31082722669006074,0.16482692515598463,-0.07404914315398238,-0.18029324839404565
-0.29941993411852375,0.188825190449047,-0.044640295003810455,-0.1541376086346352
-0.2856093951428331,0.21106053686229345,-0.015010420238363104,-0.1268863428070092
-0.26953611760372304,0.2313677127598445,0.01456634040461105,-0.09881237116781011
-0.2513518430162259,0.24959128589957136,0.04380173679154059,-0.07018172351079568
-0.23121698939332275,0.26558734595307587,0.07241036380222954,-0.041242413665341524
-0.20930067437091032,0.2792281213543022,0.10012675368271201,-0.012221190926786044
-0.18578332001231415,0.29040786207696595,0.1267172911959779,0.016671362328755768
-0.16086075159923935,0.2990477707515542,0.15198360433757913,0.04522999420355339
-0.1347478803966499,0.3050981415479924,0.17575716979411704,0.073242916963586
-0.10767988835631018,0.30853702883174555,0.1978879480690998,0.10048396657682404
-0.07990946810090836,0.30936621918881646,0.21823183647361669,0.12671231849968217
-0.05169995554025848,0.3076063958422791,0.23664193357151148,0.15168047835468834
-0.023315686153918838,0.3032936751938102,0.2529670318550149,0.17514822866363847
0.004987954965219532,0.2964790210607089,0.267058017540876,0.19689807842124746
0.03297200650988677,0.28723067885511355,0.2787799711484573,0.2167473002977687
0.06041684239538339,0.2756383024261727,0.2880257608190621,0.23455297655964719
0.08711994698170983,0.26181651797486116,0.2947264815160797,0.25020905894984946
0.11288978249844889,0.24590571692035296,0.2988553155272461,0.26363727908544987
0.1375384091834484,0.22806891952203368,0.30042377700595174,0.27477576633100453
0.1608760281134621,0.20848519474992647,0.29947196520788877,0.2835697282792948
0.18270997899821528,0.18734167250417333,0.2960564357662732,0.28996741915670254
0.2028491414433632,0.16482695862955793,0.29023993475229576,0.29392238037112794
0.22111272160182563,0.14112837374019202,0.2820863608847153,0.29540049957091913
0.23734077702793113,0.11643397146461579,0.2716623041850139,0.2943887412175392
0.2514031480058753,0.09093830090930329,0.2590441153592915,0.2909020532442389
0.26320398551196655,0.0648491679428733,0.244327545621101,0.284985991342218
0.27268060766382374,0.03839195806117172,0.22763620589288136,0.2767145161630653
0.27979740989631774,0.011808768854824514,0.20912564317710247,0.2661843805036979
0.28453726266640467,-0.014648526466379125,0.18898145508096728,0.2535087326292009
0.2868936272915267,-0.04072978933530241,0.1674119356563351,0.2388125689870518
0.2868662243107487,-0.0661992623526444,0.14463752316535014,0.222231545340665
0.2844616673580838,-0.09084521259559167,0.12088020999383162,0.20391394024448084
0.27969857731684805,-0.1144833242132644,0.09635583276759038,0.18402402679548505
0.2726150323490929,-0.13695281289945704,0.07127095375778239,0.16274441366672565
0.2632753985269586,-0.15810697564802176,0.04582436269510338,0.14027534975665906
0.2517738970854777,-0.1778020991450249,0.02021168756717058,0.11683033981847998
0.23823354034886524,-0.19588943947208498,-0.005369279660076665,0.09262908582993483
0.22280079231936742,-0.21221398367254193,-0.03071491820301059,0.06789001203841641
0.20563781398396452,-0.2266212234676934,-0.0556153241941959,0.04282489653368822
0.18691488005054946,-0.23897011248579975,-0.07985734941117875,0.017637287451003555
0.16680526667928727,-0.24914789612158816,-0.10323019276021034,-0.007475222968022249
0.14548377307324017,-0.257081568981547,-0.12553184746300267,-0.032316473753186414
0.12312853882054288,-0.26274173579422944,-0.14657462883754968,-0.05668759353500663
0.09992455704249685,-0.2661372985579417,-0.16618855728858623,-0.08038578360475213
0.07606673976989577,-0.26730270850102783,-0.18422227870159477,-0.10320736349415638
0.05176073678141563,-0.26628227297157503,-0.20054210080497836,-0.12495458327354081
0.027220749179605416,-0.26311714959222765,-0.21503028506145616,-0.14544400954406217
0.002664850923936174,-0.25783973591469417,-0.2275837933087294,-0.1645134635597693
-0.0216906987447312,-0.25047748496502914,-0.23811428301918308,-0.1820249187745583
-0.04563638509155113,-0.24106471883204003,-0.24654947883383377,-0.1978623228915134
-0.06897232514137147,-0.22965804768069853,-0.25283540040911845,-0.21192538822464965
-0.0915088303016294,-0.21634962834486232,-0.25693854176217235,-0.22412214431050684
-0.11306542718590792,-0.20127322527094607,-0.25884709789063065,-0.23436372147652015
-0.1334697756318392,-0.18460059822036717,-0.2585706889789342,-0.24256410118009664
-0.15255788781856405,-0.16652918948489084,-0.2561385823221777,-0.24864566098445712
-0.17017635076411017,-0.14726515014287445,-0.25159694160194024,-0.2525489806890512
-0.1861862050692401,-0.1270073138444931,-0.24500595276409026,-0.25424349550465025
-0.20046720974737411,-0.10593724661488507,-0.2364376861439021,-0.2537349589317206
-0.21292085076529163,-0.08421818335869113,-0.22597527137183504,-0.25106661515254236
-0.2234708191708374,-0.062002389350374526,-0.21371349755279556,-0.24631317299442812
-0.2320606618842401,-0.039443473611873614,-0.19976046697984853,-0.23956931170074422
-0.23864949136184355,-0.016708521364980883,-0.18423957736270907,-0.23093652602889875
-0.2432075212780999,0.0060148306707187155,-0.1672909810719979,-0.220512820116346
-0.24571337549968783,0.028519236235249046,-0.14907179010351795,-0.20838878516658105
-0.24615448117953792,0.05058628238492424,-0.1297546122005412,-0.19465128295604725
-0.24453062936037456,0.07200000523236535,-0.10952442125628274,-0.17939315960555818
-0.2408594517805296,0.09256072607755592,-0.08857417384344488,-0.16272517900789246
-0.23518166918862946,0.11209476158839143,-0.06709988625477324,-0.1447855322917858
-0.22756390214389163,0.1304572791508341,-0.045296015875643025,-0.12574315910217845
-0.21809766150447848,0.14752818655248848,-0.023351918933997476,-0.10579337134908971
-0.20689455218697916,0.16320345215933804,-0.0014498968003568702,-0.08514704713393886
-0.19407917971653083,0.1773857268905596,0.020235051844310015,-0.06401692075150253
-0.1797821604655409,0.18997809338610958,0.04153409779555281,-0.0426054033220897
-0.16413562134839965,0.20088330594757103,0.062282771615947696,-0.021097620849193074
-0.14727261270449246,0.21000863714786122,0.08231938984090859,0.000338722310220016
-0.12933030739632775,0.21727430333403203,0.10148458670376792,0.021547634752943468
-0.11045532177642306,0.22262220069740835,0.11962251032074714,0.042376368341218745
-0.09080858059561914,0.22602175626853074,0.13658372761631588,0.06266811095361902
-0.0705672339608926,0.2274709711114038,0.1522293043330676,0.08225906649234943
-0.04992220754501155,0.22699264338245867,0.1664350693836808,0.10098123756872945
-0.0290716247481045,0.22462753629838264,0.17909490684430215,0.11866989099495606
-0.00821194173510742,0.2204272307153341,0.1901221366076935,0.13517285089518666
0.012470444486437332,0.21444925700630596,0.19944861441543305,0.15035813134824394
0.032804486993563836,0.20675597264062112,0.20702194039059557,0.1641172002196526
0.05263519610667175,0.19741704839995655,0.2128018590986358,0.1763630063090567
0.07182000382147097,0.1865140053451736,0.21675730273233013,0.18702404117863825
0.09022266552912159,0.17414454689262504,0.21886540050692233,0.1960372829643926
0.10770749829372703,0.16042467402792582,0.21911314460445158,0.20334326257836224
0.1241365961383018,0.14548758832020187,0.21750144550467365,0.2088855659726327
0.13937148485011855,0.1294797144663853,0.21405034696455744,0.21261522986629677
0.1532789361497856,0.11255525914084648,0.20880355824269928,0.214498455986115
0.16573902730480175,0.09487115094097082,0.20183045938874797,0.2145246725861717
0.17665263851831783,0.07658385741375162,0.1932244048683037,0.21271176060403665
0.1859457702727188,0.05784865341394249,0.18309731009965163,0.2091063084081558
0.1935692596269774,0.03882084298708617,0.1715717776272967,0.2037786400624465
0.1994942124617139,0.019657667964086453,0.15877295515895132,0.19681433186550434
0.20370507495197865,0.0005194655049379493,0.1448225545149165,0.18830522144723943
0.20619312368911047,-0.01843091162847174,0.12983686340551037,0.17834303197621595
0.2069529347551438,-0.037030563257097804,0.11392930733922348,0.16701765510892855
0.20598318947336902,-0.055120216263637334,0.09721657663350201,0.1544203000203349
0.20329145848514352,-0.07254795030665387,0.07982605257522116,0.14064984619836302
0.19890103976101461,-0.08917188733412146,0.06190171066681621,0.1258195542672686
0.1928571096810642,-0.10486129877593792,0.04360607487171944,0.11006122720089878
0.18522968493441933,-0.11949632713301758,0.025117043800778477,0.09352496310843633
0.17611208425653962,-0.13296711466415234,0.006620101878566889,0.07637436033106915
0.1656152571816572,-0.14517331416612778,-0.011702010368971949,0.05877874081405772
0.15385986664913967,-0.1560246569541554,-0.029679207967798937,0.04090499305353605
0.14096879829965311,-0.16544262669934512,-0.047160706819709686,0.022911629965506455
0.12706253539618367,-0.17336263978208583,-0.06401663507841407,0.0049466578134063355
0.11225869125680596,-0.17973577696167994,-0.08013452686811728,-0.012850706475118046
0.09667538227670322,-0.1845292259992023,-0.09541232016345638,-0.030345915718330452
0.08043667103635452,-0.18772514073447685,-0.10975061642695494,-0.04740484606178999
0.06367755503627648,-0.18931835572708183,-0.12304713482589985,-0.06389157834967202
0.046546189286462,-0.1893139765408149,-0.13519545731421806,-0.07966938443175203
0.029202106039337927,-0.18772600888893456,-0.14608861784595825,-0.09460469294547594
0.011810706627395695,-0.18457779662082924,-0.15562638979713228,-0.10857256642281762
-0.00546432825197371,-0.17990424922563064,-0.16372386671112896,-0.12146163755690295
-0.022468338176307667,-0.17375498139125406,-0.17031854171894273,-0.13317674181352598
-0.039060488658028164,-0.1661969381984718,-0.1753736817681329,-0.143638499054566
-0.055114844566013094,-0.15731510491542716,-0.17887712497218528,-0.15278039917019426
-0.0705178487961663,-0.14721053131659273,-0.18083620794244548,-0.16054499014014462
-0.08516360663064809,-0.1359959092227093,-0.18127078918783768,-0.16688112304580402
-0.0989490700340874,-0.12378992672045763,-0.18020684416420318,-0.17174373750525446
-0.11177111803491704,-0.1107121698178185,-0.17767272286665342,-0.1750965727627294
-0.12352672082894028,-0.09688020081876586,-0.17369906481145234,-0.17691691735712425
-0.1341161943930953,-0.08240963562708395,-0.16832198897699455,-0.17720058353976653
-0.14344845222521752,-0.06741686895376275,-0.16158802737656336,-0.17596508768902458
-0.15144653288892435,-0.052023019717959224,-0.15355874920452506,-0.17324961915956677
-0.15805171458228695,-0.03635713031234228,-0.14431327486251802,-0.16911155007296463
-0.16322515061506498,-0.02055689129220191,-0.13394775981123133,-0.16362051753882786
-0.1669468903800922,-0.0047661084417955635,-0.12257206904469042,-0.15685200001873548
-0.16921301930009575,0.010870576304041785,-0.1103048242665815,-0.14888247164423407
-0.17003214851844206,0.026214066267970793,-0.0972684458870072,-0.13978760055970246
-0.16942247347642966,0.04113614172629762,-0.08358561057576645,-0.12964380915659712
-0.167410171090655,0.05552193042697606,-0.06937783533961406,-0.11853228132873452
-0.16402924875960195,0.06926878521859287,-0.054765999301011295,-0.10654364908292445
-0.1593223778824616,0.08228224691871691,-0.03987189195585518,-0.0937814215660629
-0.1533419568560852,0.09447095753778648,-0.024819600185123053,-0.08036276589136465
-0.14615072377358532,0.10574287298239021,-0.009735784739876768,-0.0664162705815444
-0.13782158760737345,0.1160046905173912,0.005251495330735989,-0.05207741066277178
-0.12843677358311711,0.1251651962789473,0.0200150626443944,-0.037483177448240486
-0.1180866777892816,0.13314170259342195,0.03443119044961063,-0.022767480631427722
-0.1068688721323772,0.13986747316900344,0.048381589066670505,-0.008058465947421406
-0.09488749764648913,0.14529752726546885,0.061754295307527796,0.006521956140576268
-0.08225295479517129,0.14941068783693762,0.07444353958271857,0.020856948128731845
-0.06908152204845479,0.15220703654883833,0.08634920663049422,0.03483308228732587
-0.05549445686736182,0.15370158580792104,0.09737674376619054,0.048339354501054976
-0.04161630545898483,0.15391636004785098,0.10743818674085226,0.06126761199842795
-0.02757249713347565,0.15287367413382724,0.1164544385240251,0.07351442203843767
-0.013486665466266312,0.15059297592980248,0.12435828185224435,0.08498374144852194
0.0005216538215755406,0.14709233189358176,0.1310971258140629,0.09558939616912399
0.014338360022685903,0.14239395096298513,0.13663440975092928,0.10525647296982382
0.027854896474807433,0.13653167987124576,0.14094897875010887,0.11392119957454794
0.040967333225951585,0.12955769316806462,0.14403246972405054,0.12152952803185246
0.05357503936629221,0.12154589208027153,0.14588552219568574,0.12803516585911034
0.06557974763126698,0.11259069630390967,0.14651413452025208,0.13339800505917698
0.07688568507147442,0.10280152212488974,0.14592750119661765,0.13758370884955623
0.08740104006988969,0.09229470032589188,0.14413815806036664,0.14056472373489526
0.09704051225215454,0.08118538110648502,0.1411644079057909,0.1423224028454767
0.10572825406395181,0.06958184275939806,0.1370341224364051,0.14284949302359534
0.11340033504328345,0.057583652696500225,0.13178845898841274,0.14215211731760202
0.12000601329093208,0.045283709521414514,0.12548401639021778,0.14025060413138532
0.12550752307668556,0.03277285415585883,0.11819249900937417,0.13717896226049514
0.12987861613433388,0.020144951111504536,0.10999785870461268,0.13298328048561736
0.13310252139557877,0.00750035478929377,0.10099179735035121,0.12771964649609857
0.1351701515546228,-0.005053568899395011,0.09126908717491367,0.12145222110969339
0.13607922952176627,-0.017405023983281226,0.08092418238028845,0.1142518829228378
0.1358346038855741,-0.02944249612720487,0.07005005074955059,0.1061954989552064
0.134449534453352,-0.04105993991070678,0.05873926392052757,0.09736555165857075
0.13194734726198026,-0.05216076842358791,0.047086498657468404,0.08784970595003862
0.12836272367727117,-0.06265956883322593,0.035191063405080325,0.07773998465875193
0.12374203804227213,-0.0724814071675764,0.023158079608364496,0.06713147970577013
0.11814251824530511,-0.08155948851117406,0.011097501530048848,0.05612082286277032
0.11163042257366396,-0.0898324699396641,-0.0008789740685178904,0.04480482353813294
0.10427874124259015,-0.09724271478473812,-0.012662221839036453,0.033279657362556156
0.096165032162994,-0.10373627786089074,-0.024149864038344043,0.021640763505055463
0.08736987062136681,-0.10926465327195284,-0.035249013827122644,0.009983282776564933
0.07797610614840722,-0.11378760946225419,-0.04587686104025371,-0.0015974048752233905
0.06806880498182932,-0.11727604466504005,-0.05595921488912051,-0.013005572956810096
0.057735537477094805,-0.1197138414215671,-0.06542788749746603,-0.02414585148313378
0.04706661641087121,-0.12109812602066589,-0.07421819805703533,-0.03492478973368435
0.0361549965991655,-0.121437951986066,-0.08226775129276653,-0.04525295492088677
0.02509573574952638,-0.12075197794745085,-0.08951706005245286,-0.055046992670077566
0.013985092996613338,-0.11906599851602973,-0.0959117877853713,-0.06423106376277887
0.0029194296972011036,-0.11641113088862462,-0.10140571049507824,-0.07273731343968143
-0.008005943019570166,-0.11282311713156334,-0.10596321357078597,-0.08050542768092989
-0.018697914031266805,-0.108342731648778,-0.10956035587852175,-0.08748171585981557
-0.02906674709548457,-0.10301687396294831,-0.11218415299803947,-0.09361836107280957
-0.039027322249236746,-0.09689972112980802,-0.11383048947940377,-0.09887340210213108
-0.0485004090548124,-0.09005335928019532,-0.11450164682888508,-0.10321167641405005
-0.057413810151625166,-0.08254755681162948,-0.1142045865484656,-0.10660649683202011
-0.06570311615736596,-0.07445866387616204,-0.1129507898477502,-0.10904144938454446
-0.07331182518893997,-0.06586789577378455,-0.11075776609915056,-0.11051155790333012
-0.08019073704682284,-0.056859395446671984,-0.10765158726342405,-0.11102323734873043
-0.08629679609436558,-0.04751845451111197,-0.10366930236583338,-0.11059289551587981
-0.09159182503697044,-0.03793014685936617,-0.09886005132863901,-0.10924457150224748
-0.09604173564147139,-0.028178467570335042,-0.09328415696918718,-0.10700740283449833
-0.09961672603785898,-0.01834593778867598,-0.08701024994575807,-0.10391381760825072
-0.10229266490734668,-0.008513562951603215,-0.08011126268224705,-0.09999909542276622
-0.10405340983175804,0.0012389925614359198,-0.07266059575266087,-0.09530241693714714
-0.10489337661098053,0.01083315804080151,-0.06472971689402984,-0.08986892533181975
-0.10481944965201684,0.02019129491108554,-0.056387905583494734,-0.08375188845605813
-0.10385142119075585,0.029236802014129648,-0.04770401549136437,-0.07701395494426355
-0.10202057147245996,0.03789466954820142,-0.03874932481205684,-0.06972678842973457
-0.09936662367217758,0.0460926039081192,-0.029600101178929472,-0.06196893780384385
-0.09593390510311009,0.05376270547372619,-0.020338604386703527,-0.05382244296074507
-0.09176788822515644,0.06084348235252951,-0.011051853676962958,-0.0453691409138316
-0.08691322008407903,0.06728179172275317,-0.0018283619302938148,-0.03668774948482957
-0.08141387238668127,0.07303420559698415,0.0072461579284841815,-0.027852523267219688
-0.07531530933800837,0.07806737067352115,0.016092696321184485,-0.01893370826582
-0.06866783661083313,0.08235718604788506,0.02464118392365275,-0.009999383386046945
-0.06152983432595596,0.08588699433958735,0.032830426831579274,-0.0011178065613393073
-0.05396956963662035,0.08864534386668704,0.040605992293286985,0.007640751453558525
-0.046064746293901435,0.09062408565453556,0.047917081218219915,0.01620346633364894
-0.03789972040366618,0.09181751452397946,0.054713795256695175,0.02449599180106468
-0.029561116010382457,0.09222293539358228,0.06094602081816031,0.03244477695428913
-0.021133118456199446,0.09184253044391422,0.06656448620849598,0.03997996526396197
-0.012693810312685155,0.09068589798029769,0.07152366738828247,0.04703804471084194
-0.004313517113401333,0.08877232520600103,0.07578547257070212,0.05356360296324025
0.003944598444804298,0.08613187992455648,0.07932232023598451,0.059509934445547086
0.012022240217538838,0.0828047758176024,0.08211846115605131,0.06483867223133949
0.019863078234264392,0.07883906268878493,0.08416908489828723,0.0695189048474475
0.027410465667358025,0.07428730068657649,0.08547761746574062,0.07352628833981284
0.0346066629740277,0.06920326329762344,0.08605231333047553,0.07684248929762016
0.04139381952800364,0.06363971996787135,0.08590349589301471,0.07945500405667327
0.047716275294255206,0.05764795866179917,0.08504250836511856,0.08135714504609176
0.05352327673637508,0.051279058462069274,0.08348272213377045,0.0825478913297496
0.058771122547221555,0.04458625528830644,0.08124209973779101,0.08303140686744076
0.06342407467889682,0.037627316734127884,0.07834616509058417,0.08281627585244022
0.06745393718037956,0.03046582487297397,0.07483005161945397,0.08191475693935901
0.07083877390710464,0.023170672576868195,0.07073865138384214,0.080342475378962
0.073561568740237,0.015813758053385793,0.06612463371967872,0.07811887095381675
0.07560959618027252,0.008466553481036476,0.06104494319056761,0.07526841881788066
0.07697489115363165,0.0011966580212680877,0.055556988843027,0.0718222582504644
0.07765565402075636,-0.005934548047664467,0.04971586064943537,0.0678195714638021
0.07765794144501703,-0.012872457372432672,0.043573505066529974,0.0633079998744317
0.07699678782611546,-0.019567999904572836,0.037180018882667455,0.05834262734456805
0.07569606930139544,-0.025975307563225136,0.03058638288901426,0.05298353392908517
0.07378689957182855,-0.03204938079344666,0.023847382861383402,0.04729245921043369
0.0713049394962963,-0.03774483181497956,0.017023378884056986,0.04132949962523271
0.06828746500717339,-0.04301632562738078,0.010180017831407318,0.035150831598718894
0.06477117527346396,-0.047820640910110124,0.0033857680605702822,0.028808149979309805
0.06079147112844732,-0.05211960869341642,-0.0032920140039908175,0.02234993109408028
0.0563833867010585,-0.05588282330447508,-0.009791217400139163,0.015823978042345047
0.051583729541609405,-0.05908910328721967,-0.016057966062278356,0.009280226736244387
0.04643352452264235,-0.061726175900402636,-0.02204754750880117,0.002772672081607974
0.04097974579633661,-0.06378876707028747,-0.027723124291569257,-0.0036404298115787215
0.03527560063815657,-0.06527591269601807,-0.03305287049326544,-0.009898316681303004
0.029379184892853787,-0.0661886095248902,-0.03800671204919903,-0.015940962971519618
0.023350939328881,-0.06652877037826893,-0.04255393161005511,-0.021712806224555237
0.0172507592748318,-0.06629989952718496,-0.04666251271614785,-0.02716578402176839
0.011135685615839733,-0.06550918059835231,-0.050300408795526885,-0.03226076636813047
0.005058815637450725,-0.06417006496918909,-0.053438202660723355,-0.03696705277024076
-0.0009304532034004331,-0.06230421058597896,-0.0560521435886287,-0.04126029241269136
-0.00678527352125996,-0.059941850408220254,-0.058126478154635175,-0.04511972228366795
-0.012460053208543737,-0.057120278734827085,-0.05965432951261829,-0.04852580715293914
-0.01790977505524341,-0.05388089051600564,-0.06063697224407549,-0.05145914819448738
-0.02309036635197198,-0.0502657934121743,-0.061081951922626554,-0.05390100028448913
-0.027960055178838983,-0.04631519730467373,-0.06100087711426938,-0.05583511232905397
-0.03248119381829473,-0.04206649216024075,-0.06040773570868563,-0.05725012100188093
-0.03662181132899278,-0.03755526489418813,-0.05931827435646342,-0.05814156276080795
-0.040356267589629735,-0.03281773895380603,-0.05775047936507882,-0.05851276869237487
-0.04366476900898947,-0.027893550877803527,-0.05572572507945145,-0.058374374991217115
-0.04653200140195857,-0.02282763326241023,-0.05326990196812392,-0.05774272213669346
-0.04894552198626956,-0.01767031278866566,-0.0504138910051099,-0.05663781283547775
-0.05089466025959127,-0.012475422886721765,-0.0471930711626419,-0.055081604475142154
-0.052370456253261755,-0.007297001598116776,-0.0436459827902497,-0.05309720130094164
-0.053366705723510266,-0.002185693259938337,-0.03981263073006111,-0.05070908785096745
-0.05388168065271587,0.002813916361927543,-0.03573304714732184,-0.047944092513975495
-0.053919766998674346,0.007664168725422971,-0.031446596627222434,-0.04483247569130103
-0.05349225595254303,0.012333239175995186,-0.026992164247724958,-0.04140851485217009
-0.052616851361044104,0.016792666472845386,-0.022408974549641705,-0.03771020532065622
-0.051315983568923085,0.021014599564768477,-0.017737515810072227,-0.03377809571728689
-0.049614528359404275,0.024969928340984215,-0.013020004328706217,-0.029653655143848892
-0.047537800574217914,0.028628079307297882,-0.008300029558856364,-0.025377764746360602
-0.04511060166524594,0.031958573637255405,-0.003621379899984678,-0.020989860201157756
-0.04235767449629074,0.03493373941934247,0.0009735952258313196,-0.01652795788440914
-0.03930532535348086,0.03753152180349062,0.005445530424724843,-0.012029406253810132
-0.035983456378545414,0.039737316480075335,0.009758976963404359,-0.007531885090313717
-0.03242703145050167,0.041544161522260536,0.013882459305908645,-0.0030740655781205384
-0.028676178401587815,0.042951287370419367,0.017787755032827035,0.0013045099830035212
-0.024774651155903604,0.043961673028213466,0.021448812952540697,0.005564431873723713
-0.02076703494319777,0.044579628316001596,0.024840859334087584,0.009668027624358005
-0.016695610650889176,0.044809372996604035,0.027940142994153983,0.013581017473086876
-0.01259797874912634,0.04465514144701127,0.030724482221593796,0.0172736353716329
-0.008506292497451759,0.044122692239434325,0.03317442492663658,0.020720844080178547
-0.004448351551214175,0.04322151243856559,0.03527456764591014,0.023901645858761866
-0.0004500902734932144,0.041966715657519915,0.037014510076459284,0.0267978645935793
0.003461557572221413,0.04037975588907394,0.03838907546762482,0.029392991404147528
0.0072566018403653065,0.0384875617580685,0.039397734419369224,0.03167165015436835
0.010901636951775873,0.03632033882881541,0.04004349712160765,0.03361996404107048
0.014361425849494347,0.03390882857448965,0.04033174678773749,0.035226703530300496
0.01760192421769008,0.03128203276604513,0.040269487948816185,0.03648473817011283
0.020593683168507015,0.028466223999188744,0.039865279917427554,0.037392153508645054
0.023314417401597787,0.025485544846912678,0.03912980829663093,0.037952502603774696
0.02574984209414194,0.02236386002035448,0.03807675445558362,0.038174000488170434
0.027892541564610795,0.01912702468143803,0.03672348161837041,0.038067902889532934
0.029739377451085736,0.015804567282693728,0.03509112786118507,0.03764665854520394
0.03128848277745083,0.012430020117100898,0.033203949959245915,0.03692253983828464
0.03253701259139097,0.00903966811047003,0.03108808785724354,0.035907284416840046
0.03348048824635991,0.0056701099150711365,0.028770175952865712,0.03461288342026536
0.034113918142961774,0.0023554873174774504,0.026276301819221,0.03305318618085651
0.03443416527300103,-0.000874640632396978,0.023631670566058097,0.031245644571627068
0.03444254367085897,-0.003996065283756067,0.020861032199798304,0.02921243587170519
0.034146551995292374,-0.006989159989868654,0.017989597688769905,0.02698042114845911
0.03356001604329667,-0.009836990077741137,0.015043949767332667,0.024579835734386518
0.032701561623921516,-0.012523130856716747,0.012052443823833315,0.022042098417496492
0.03159201115219723,-0.015030103377779158,0.009044801586849394,0.019397473000240806
0.03025172194727538,-0.017339060597322653,0.006050941689089692,0.01667338107941553
0.028698893842920514,-0.019430841994688752,0.0030994236632326533,0.01389391980561707
0.02694946859204428,-0.02128797219711559,0.0002160635463144822,0.011080676893675149
0.025018590081303416,-0.022896822718491305,-0.0025767707882048407,0.008254436816820886
0.02292295692555779,-0.024249118667779013,-0.005259942611652135,0.005437031332677006
0.02068303319180151,-0.025342256297644417,-0.007816540807213557,0.0026525368773696045
0.01832413356045888,-0.026178377191846236,-0.010230547862786377,-7.272028708463218e-05
0.01587584335361751,-0.02676262249826017,-0.012485787006851379,-0.0027114249060593565
0.013369892011780744,-0.02710127672820667,-0.01456564808852362,-0.0052373827630596
0.010837207818850817,-0.027200500627367508,-0.01645377478238319,-0.007627737420987657
0.008305201237910044,-0.027066065156062136,-0.01813549483686233,-0.009864513926640894
0.005796231084080103,-0.026704063263523092,-0.01959945473693353,-0.011934970785759835
0.0033277437974678775,-0.026122176466375713,-0.020838814315785936,-0.013830694880326566
0.0009139289760295988,-0.025330870046271492,-0.021851513278847545,-0.015545841186744958
-0.0014318391983524081,-0.024343957314126585,-0.02263948084763595,-0.017075220267425584
-0.0036947821020822114,-0.023178269165762433,-0.0232070781532015,-0.018412960483351004
-0.005857605024670032,-0.021852556532405976,-0.023559370724528517,-0.019552218187821546
-0.007900919084392943,-0.02038607258180819,-0.02370089863338498,-0.020485985142662033
-0.00980501022433411,-0.018797397550032735,-0.023635413206540667,-0.02120861819128811
-0.011552250452695922,-0.017103940709093268,-0.023366659468799733,-0.021717456192915985
-0.013129221633983668,-0.015322244192312706,-0.022899858737891354,-0.022013887555439315
-0.01452776879896478,-0.013468859729110952,-0.022243257497177427,-0.02210347762970588
-0.015744646807262397,-0.011561323887930908,-0.021409074003034767,-0.021995150876240044
-0.016779983606321214,-0.009618722421611058,-0.02041340812636855,-0.021699789309997275
-0.01763522975080606,-0.007661520210203523,-0.01927508920172627,-0.021228811589226404
-0.018311425094850953,-0.005710656451632552,-0.01801385674386405,-0.0205932629385428
-0.01880843778044633,-0.0037862247442914804,-0.016648530916647808,-0.01980369977631391
-0.019125402748019604,-0.0019062378677222325,-0.015195828595427785,-0.018870803998013497
-0.019262089589002662,-8.594227666497423e-05,-0.013670217997669876,-0.017806357274356754
-0.019220565709024806,0.0016620851598982411,-0.012084786930685834,-0.01662406881928874
-0.019006431178177352,0.00332715483083193,-0.010452695521973476,-0.015339831143799276
-0.018629110006949445,0.004899378164695711,-0.008788556246117341,-0.013971236217863003
-0.018101090454848034,0.0063687794984747526,-0.007109122555767088,-0.012536506246637574
-0.01743643864003136,0.007725013923747914,-0.005432954808338719,-0.011053242573854274
-0.016649187112287744,0.008957832187561854,-0.0037791505932625036,-0.009537470174310732
-0.01575221602493526,0.010058108579758307,-0.0021656063007295945,-0.008003326152455307
-0.014757004346308639,0.011019002447188064,-0.0006074652618014431,-0.006463466106532674
-0.013674243464963765,0.011836762001942058,0.0008836689265030451,-0.004929959318101675
-0.012514942731097878,0.01251082581777413,0.0022994834373501194,-0.003415239750512014
-0.011291467258764565,0.01304317001176708,0.0036338140554507126,-0.0019326592280087124
-0.010018005341366418,0.013437163607004088,0.004881102498459244,-0.0004963591285552515
-0.00871023218438749,0.01369639836732256,0.0060350934912673515,0.0008795345884560768
-0.007384295574557033,0.013823967024268136,0.007088300519136503,0.0021821017752702565
-0.0060555407052988106,0.01382247252279356,0.00803244785386964,0.003400747095472778
-0.004737492367969717,0.013694741298567403,0.008859698034365149,0.004527814071794589
-0.003441485125191726,0.01344491538297743,0.009564160277244715,0.0055584623149884105
-0.002177037448583524,0.013079435625040547,0.010143071004651671,0.0064898724220762705
-0.0009527365427111079,0.01260746860360562,0.010597180538975792,0.007320111972971166
0.00022281849842686885,0.01204055521417935,0.010930207016580318,0.008047127634882023
0.0013404820670318007,0.011391575101275253,0.011147593370625541,0.00866826974491669
0.002390709021178661,0.010673396953016334,0.01125507293346506,0.009180532229009553
0.0033643417527634,0.009897707110000376,0.011257606894620908,0.009581394786119635
0.004253700345344169,0.009074429637127956,0.011159084233927974,0.009869907074951945
0.0050534934565724665,0.008211905589653096,0.010962847863760727,0.010047556310859573
0.0057611372697006225,0.007317691301960472,0.010672766940643674,0.01011854870051021
0.006376325165957375,0.0063995927572029765,0.010294355909461594,0.010089373341999441
0.006900020354824676,0.005466473708035061,0.009835432991449011,0.009967806171167715
0.007333302580821932,0.004528487791919451,0.009306012900636096,0.009761733316511256
0.007676572603932952,0.0035966377226449506,0.00871745260423501,0.009478238634398228
0.007929468958344565,0.002681848870366592,0.008081178531261668,0.009123284700686352
0.008091541656807255,0.001793940747629147,0.007407491115071746,0.008702069449815109
0.008163389534180387,0.0009409083940273982,0.0067049015143553214,0.008219864150638578
0.008147749275594751,0.0001287791293138052,0.005980226907698449,0.007682945281407616
0.008050023567547526,-0.0006379445352948376,0.0052393531791358194,0.007099200501741093
0.007877959547413826,-0.0013554965686486398,0.004488300451541763,0.006478128272161571
0.007640546099437817,-0.0020200950358408853,0.003734110309267104,0.005830202668367979
0.007346538853483131,-0.0026275783406117803,0.002985159103493387,0.005165835425190141
0.007003197745794887,-0.0031736000049686353,0.0022507501087804527,0.00449432996869667
0.006615753119572632,-0.0036542964308161063,0.0015401422153796807,0.003823222081341532
0.006187824651057161,-0.004067125902616542,0.0008614064256794174,0.003158240980149739
0.005722620588954785,-0.004411494364028268,0.00022056778547557832,0.0025038705312029324
0.005224408400570479,-0.004688870194207773,-0.0003786349965090585,0.001864247793653441
0.00469961614641945,-0.004902308805858846,-0.0009343012360288616,0.0012440038664931624
0.004157058175969092,-0.005055563715197886,-0.0014454457799634168,0.0006486827882759977
0.0036071298655867,-0.005152142771251311,-0.001911006824886985,8.455367730050845e-05
0.003060242554798545,-0.005194696895801376,-0.00232920520558183,-0.00044211537427796266
0.002525095103756321,-0.005184990160517378,-0.002697515807295381,-0.0009260300298602198
0.0020074644130920263,-0.005124452449693007,-0.003013244629447187,-0.0013636952997156393
0.0015100025037507459,-0.0050150647812789995,-0.00327444552054057,-0.0017537596735569538
0.0010331270582471658,-0.004860180389012869,-0.0034807680318882372,-0.0020967389474395026
0.0005766474811983169,-0.004664905899855687,-0.00363386069732613,-0.0023942317351730025
0.0001414627243887523,-0.004435848920504415,-0.003737146059932972,-0.0026479423728782425
-0.00026937081886033165,-0.00418030490560678,-0.003795051678699868,-0.002858901057331109
-0.0006506529509053005,-0.003905194495313846,-0.0038120108210986103,-0.00302718644124067
-0.0009961468911449112,-0.0036161709611274295,-0.003791640752913328,-0.003152248033702676
-0.0013003414344764375,-0.003317248919323057,-0.0037364268471252182,-0.0032336798103175246
-0.0015601529787356294,-0.0030110879188778583,-0.003648022460825129,-0.0032721123712323164
-0.0017758662461812014,-0.0026997892871615803,-0.0035280113154519954,-0.003269842922957955
-0.0019509145676221973,-0.0023858482034921635,-0.003378782848549977,-0.003230928853979742
-0.002090569877850168,-0.002072837587707127,-0.0032041243749219017,-0.003160687684138963
-0.0022000579241999163,-0.001765514672959545,-0.0030092556723381736,-0.0030647853743799303
-0.0022828522596134992,-0.0014692875785430257,-0.002800269191349347,-0.002948259791261898
-0.0023398315075527365,-0.0011892538748299224,-0.002583191261215201,-0.0028148506538270834
-0.002369633781844016,-0.0009292094471500673,-0.0023630397128490133,-0.0026668826458760564
-0.0023700518157779293,-0.0006910440931586909,-0.0021432542007514543,-0.0025057257021285917
-0.002339882908715618,-0.0004747813027114606,-0.001925717835259133,-0.0023326258783411546
-0.0022804565034673097,-0.0002792498142794586,-0.0017113401719383303,-0.0021495542251719346
-0.0021961897139661235,-0.0001031076365378969,-0.0015009377192729545,-0.001959717517572679
-0.002093917374021703,5.421130609234437e-05,-0.0012960275344586214,-0.0017675137933249319
-0.0019812469321073833,0.00019202700659698424,-0.0010991921850344866,-0.0015779405553878745
-0.0018645928976822046,0.00030861832637107955,-0.0009138609407962506,-0.001395683515171775
-0.001747682979846732,0.0004020151879624012,-0.0007436023842573199,-0.0012242410061707315
-0.0016311397363718005,0.0004710384431645953,-0.0005912311862032865,-0.0010654236721203691
-0.0015133025957432267,0.000516138094068197,-0.0004581090313192093,-0.0009194182035085346
-0.0013919447262957796,0.0005396605283412015,-0.0003439349826633853,-0.0007853791596501656
-0.0012661676151084489,0.0005454128931284274,-0.0002471112978803536,-0.0006623045695160167
-0.0011376781119934731,0.0005376883580172076,-0.00016552684828902153,-0.000549841970192283
-0.0010109029736140862,0.0005201449767774369,-9.742587336961095e-05,-0.0004487043904495003
-0.0008918741675458253,0.0004949955175037601,-4.1998535208587207e-05,-0.00036053618480383354
-0.0007863288187861944,0.0004628371915618157,5.462066164918511e-07,-0.0002872915699156098
-0.0006977998823932546,0.00042318152465553593,2.9439696168920282e-05,-0.0002303848558827537
-0.0006264881963071456,0.00037544849143944514,4.412971411760225e-05,-0.00018996271902924078
-0.0005693940771210743,0.0003199909337869844,4.5023638042984704e-05,-0.00016459969714410772
-0.0005216726165107946,0.00025870017157558767,3.386510504055362e-05,-0.0001515487613758526
-0.00047867142758686865,0.0001949196136351028,1.3570735487911101e-05,-0.00014745728968229566
-0.00043782165992531374,0.0001326869911933426,-1.2412441430686982e-05,-0.00014927334374548185
-0.00039960413966291797,7.561359497132436e-05,-4.0961351027435366e-05,-0.0001549914209694192
-0.0003671855537839275,2.5867926029932153e-05,-6.998507930966458e-05,-0.00016395068054742
-0.000344864760734781,-1.63076974099563e-05,-9.869378985977173e-05,-0.0001765766046017414
-0.0003359639406942394,-5.234138898441154e-05,-0.00012732697835438067,-0.00019367870242498197
-0.0003410389121390467,-8.444357614509346e-05,-0.0001564751514527285,-0.00021559460487580173
-0.00035716556718434767,-0.0001144641041757044,-0.00018630589088675098,-0.00024153443973629063
-0.0003786286848196929,-0.0001429842424157668,-0.00021604643641537358,-0.00026940324815000194
-0.00039876838795349645,-0.00016903626698239194,-0.00024396193712694636,-0.00029619260812363546
-0.0004122609602766336,-0.00019057555533734394,-0.00026784984874073103,-0.00031880801281930493
-0.00041692217187089264,-0.0002055038394569858,-0.00028584132814152285,-0.00033502336182344994
-0.000414303501681923,-0.0002127967753940748,-0.00029716006079888446,-0.0003441966935394669
-0.00040883430712640445,-0.0002132317311238502,-0.0003024998745873586,-0.00034746511081984455
-0.0004058516749892438,-0.0002093715973962712,-0.0003038415102297187,-0.00034733046581003624
