ch0,ch1,ch2,ch3
-0.0008255972429279442,-0.0008129170660360896,0.00092607496453102,-0.003635055489461511
-0.0015314289499878155,-0.000281172514309716,0.002661529698842386,-0.00276747630951793
-0.00018709114322555676,-0.0017736195730195595,0.003092214408041638,-0.0013882146123664618
0.0026591819483261416,-0.004682928412218106,0.0020419584484581144,-6.76685077931824e-05
0.005835996163567288,-0.007815203613981081,-5.4727748112548547e-05,0.0006455241341808571
0.008034889306682579,-0.009885118539477981,-0.0023323517236829017,0.00045339957690263
0.00835315930965197,-0.010048361622997576,-0.003851778641339676,-0.0005656393646227068
0.006668230338072512,-0.008250868357341611,-0.003987774133854274,-0.0019872430438674787
0.0036882829875791723,-0.005250433104654933,-0.0026868865673394526,-0.0032158249371967047
0.0006582078216281206,-0.0023021395450125576,-0.0004892907471408699,-0.003731641705420702
-0.0011570495604795172,-0.0006382890748339309,0.00169443028893871,-0.0033078516790384614
-0.0009973325113031457,-0.0009584600895774786,0.0029594918519794573,-0.0021071112934424804
0.0010774875855383143,-0.003140860133775736,0.00278086847631636,-0.0006168589897778826
0.004212665933846574,-0.006294185137329489,0.0012306078806592624,0.0005507752312124414
0.007113637683873686,-0.00912797077163574,-0.0010513838916140772,0.0009121700341245403
0.0085835448669557,-0.0104874936463627,-0.003121318484884242,0.00031381403934379465
0.008020070975800958,-0.009831326310831716,-0.004121592026125498,-0.00100152010688985
0.0056653158417256325,-0.007453768101557991,-0.003636070402160435,-0.0024921503278669613
0.0025049828245646173,-0.004360458994458777,-0.001863789028220389,-0.0035389632572876556
-0.00014122537465468404,-0.001849447217401469,0.00046111250938500603,-0.003700074867976036
-0.0011678567483034905,-0.0009720626536489224,0.0023708873791997084,-0.0028937252830966396
-0.00014285469146565338,-0.0020975170765362566,0.00306338840790199,-0.001433778412397363
0.00251316324999621,-0.004761713116596157,0.002234662831354435,9.717638356354641e-05
0.005701994914890242,-0.007862424636471101,0.00020760196849230889,0.0010852075719848461
0.008104555515135408,-0.010119019745243818,-0.002197101644039863,0.0011354446982590471
0.008729357493363038,-0.010605076535353385,-0.003995549238706438,0.00023268569792936344
0.007324715697245207,-0.009132209350943145,-0.004443963497963683,-0.001253545197459821
0.004483210773148772,-0.006325623690066347,-0.00334530512649725,-0.002721102704821038
0.0013948782470305293,-0.003360447443992179,-0.001133013627893184,-0.0035814197309915405
-0.000648269820004323,-0.00146925470042651,0.0013031448646479427,-0.0034982423358217996
-0.0007902139492152356,-0.0014265579259274339,0.0029784744661727498,-0.0025209066235277536
0.001032646679979609,-0.003225660368056979,0.00321449887793949,-0.0010581982856310707
0.004065247005171468,-0.006083056428805814,0.001915886797310501,0.0002950125419425298
0.007049022383930799,-0.00876886029499039,-0.0003901549658049189,0.0010053850634640926
0.008747430888462998,-0.010125429447028766,-0.0027682497008266888,0.0008197738615188408
0.008462846732709813,-0.009557267183316134,-0.004255480779063056,-0.00013546885776571926
0.006329020022735677,-0.0072865588782592555,-0.004252878101094371,-0.0014146628252335591
0.0032564686605430528,-0.004265889119898461,-0.0027680436615624415,-0.002445794768604237
0.0005527245181117905,-0.0017825680767470618,-0.00041018319957797367,-0.002774381108397228
-0.0006248213058756384,-0.0009181750241298997,0.0018599405495988985,-0.002255433262503284
0.00024470004726885944,-0.0020885104504145616,0.00312257865404841,-0.0011130709000863603
0.0028236465354688784,-0.00485717294840296,0.0028736087726903975,0.0001566720225668894
0.006052245644913409,-0.008103303193808808,0.00122847297076107,0.000998144477163846
0.00858799080136177,-0.010477138315901594,-0.0011271705669150187,0.001033247877386326
0.00936581687994478,-0.010956793741874284,-0.003219088143094108,0.0002227695711312181
0.008045423595651073,-0.009276217523765378,-0.004182754389290801,-0.0011167865902095564
0.005158025535445393,-0.006045977413612673,-0.0036155598836396553,-0.002448375671865656
0.0018893721143527636,-0.0025144633286799806,-0.0017397598361881539,-0.003244508996642234
-0.0004124449707097119,-6.538365323401074e-05,0.0006891729296130793,-0.0032144384240864604
-0.0008002319629705455,0.0003432034413977242,0.002690073620494747,-0.002431051153815894
0.0008733147441819869,-0.001431939885290584,0.003453160391370471,-0.0013018922833665496
0.0038892176190538745,-0.004662154632608884,0.002664839211704585,-0.00039456757191768527
0.006959002159205491,-0.008045856583986315,0.0006291893763661002,-0.00018907647594126886
0.008763564115670221,-0.010240949031250612,-0.0018609597278499085,-0.0008620202675733712
0.008510627261341708,-0.010411806147766031,-0.003848051595011597,-0.002196054315793783
0.006277276539342029,-0.008565853993587572,-0.004594820728538396,-0.0036566653200468535
0.0029913937818755124,-0.005541510454637369,-0.0038730424831325133,-0.004608348178306909
5.5031133477025096e-05,-0.0026531281724948078,-0.0020401777792450754,-0.004582659855189047
-0.0012377111200399075,-0.0011402518097239425,0.000123552414059952,-0.0034866084423882462
-0.0002480996733760857,-0.001649417756109571,0.001746583726817158,-0.0016620455181737756
0.002723404786614706,-0.003963381778668465,0.0022267426247244843,0.00023331659274584277
0.006539197729346458,-0.007090457530751326,0.0014721869071233212,0.0014792644503387326
0.009676134229086142,-0.009677707751194586,-7.487255969320511e-05,0.0015802579310546724
0.010844948951006544,-0.010577527782395443,-0.0016377962208411617,0.0004697811821796488
0.009523908727205935,-0.009333151707617907,-0.002441899709234474,-0.001453121481338443
0.006185318442245182,-0.006381318722681842,-0.0020453250454800787,-0.0034731174731050876
0.002117505297026522,-0.002886388576952996,-0.00052622680099354,-0.004836373541763632
-0.0010895726673581102,-0.0002718289088798134,0.0015502826054729218,-0.005046740379478817
-0.002187775213700796,0.00036022947991959375,0.003369041398338074,-0.004061652436198602
-0.0007807323012834749,-0.0013158719686292945,0.004204013138224494,-0.0023086067658416136
0.0025100543432982564,-0.004705930121119691,0.0037162740036884735,-0.0005149364583798
0.006294215276909118,-0.008523481239277465,0.0020860977938133157,0.0005813214162429386
0.008978308342654867,-0.01129639696797348,-7.443980926596233e-05,0.000523839981469848
0.009419423867104933,-0.011947274198886887,-0.001988563448559723,-0.0006830430110714159
0.007399749627554561,-0.010213478293884512,-0.0030457297179965204,-0.002579556538090527
0.0037263565804472876,-0.006739427920344307,-0.0030538352845915218,-0.004436255575077125
-8.783060978136831e-05,-0.0028081424895987916,-0.002304252470326243,-0.005544175540643917
-0.002435189652321316,0.00017439357881427614,-0.0014218257048823901,-0.0054920775673869965
-0.002269939821389618,0.0012300219455257458,-0.0010649874234182621,-0.004320113310198957
0.0004567542687496928,0.00017178999638892134,-0.0016070805011391132,-0.0024905915875186174
0.004761367111002095,-0.0023619723369663337,-0.0029403888095890784,-0.0006912958557540663
0.009009016921517076,-0.005207258790593167,-0.004494057733250262,0.0004457158408627468
0.011558736074540478,-0.007175199953635358,-0.0054664513281236764,0.0005941409729534053
0.011413376976964068,-0.007541974171855658,-0.005179313912571662,-0.00014846952555523651
0.008612333669696985,-0.006325460430401036,-0.0034048630843060285,-0.0013194374847862803
0.00420937294121404,-0.004240016608738947,-0.0005222935335407602,-0.0022980670716849713
-0.00015403040133079443,-0.0023581168255536952,0.0025736001493427973,-0.002572299590594733
-0.002905784582458602,-0.00163037590791959,0.004788058173257819,-0.0019533156959812836
-0.003163983409600458,-0.0024722845155061325,0.00524819160847631,-0.000650213962849866
-0.0010707061693340913,-0.004593612083064557,0.0036643145527442827,0.0008234029244027219
0.0022939609511522137,-0.007139586869186303,0.00048234525686915997,0.0018687377709046826
0.005378844873600439,-0.009077747867696793,-0.0032419487723600315,0.002053215684039142
0.006815503377827686,-0.009658683822943617,-0.006207018571461276,0.0012886481550677537
0.005989367826963354,-0.008747831697535749,-0.007332835129531718,-0.0001365088231281078
0.0032934373908498765,-0.0068822563493630175,-0.006153557053631239,-0.0016808313035454533
-3.954534408792676e-05,-0.0050264764977565185,-0.002985099334283828,-0.002773811152570395
-0.00245743108555993,-0.004133315381428004,0.0011957758405402724,-0.0030431642246102463
-0.0027477759518605704,-0.004702527023211951,0.0051120972004443654,-0.0024495401563099997
-0.0005646292156941332,-0.006533678695908884,0.007645937241846347,-0.001274393474365712
0.003394813459983919,-0.008787918776759718,0.008219375188632177,2.87062240921232e-05
0.007639408504983097,-0.010340066453777517,0.0069549391775412805,0.0010497344762923355
0.010461883082347391,-0.010274693563770015,0.004563806714268495,0.0016067884125683107
0.0106145662052919,-0.008312817232181798,0.0020192788361296787,0.0018162605101718354
0.007812363697925484,-0.004979623205463499,0.0001566149573512879,0.002016917933497564
0.0028617139261873023,-0.0014300084798306474,-0.0006353105670545787,0.002582343380048858
-0.002635551842308407,0.0010061489036157084,-0.0005089196700389514,0.0037079258492681566
-0.006884697621260823,0.0013745096602298043,-1.0833993789968743e-05,0.005272830023867574
-0.008567369010730418,-0.0004889430574185061,0.0002327195640959845,0.006846973488815744
-0.007314579410350602,-0.003859914331434719,-0.0001466379732333739,0.007850169472871371
-0.0038024189210944387,-0.007396684847058466,-0.0010518423440466496,0.007801883131340517
0.0005571470750892968,-0.00967724945637452,-0.0019382280104209143,0.00655544805320632
0.004196322203203283,-0.009784562402267678,-0.0020541035973949406,0.004410537419659126
0.0060036627285441815,-0.00769529172566797,-0.0008032584975277146,0.0020440621805436904
0.005723463437567078,-0.004303545336434962,0.0019278591223466368,0.0002744422438491073
0.003990311693549825,-0.0010601463541627804,0.005626027521630467,-0.00025349189482017087
0.001999186653559637,0.0006307134492918032,0.009265420766019022,0.0006631910770650701
0.000960137960813838,9.70859970104987e-06,0.011649065496420502,0.0026777350032995764
0.001570780063333943,-0.002696911941789063,0.011850315899477534,0.004999514632701128
0.0037262657191444552,-0.006345454060855713,0.00958083394707393,0.0066811550705653255
0.006582407333011785,-0.009335751947678807,0.005335291971991904,0.006979150290366651
0.00893764688124412,-0.010283682831559254,0.0002481448233675951,0.005646227916508179
0.009766398577482245,-0.008629608736324682,-0.0042894470151539354,0.0030366890874344576
0.008674881351892684,-0.004924928415231351,-0.00710947586135055,-2.186434466218412e-05
0.006085516402664703,-0.0006643547376676967,-0.007661863767921939,-0.0025438848687477818
0.0030716836685844504,0.0022845836360230742,-0.006175518211762224,-0.003765373376880255
0.0009121839786151199,0.0024354565824914465,-0.003528983176515836,-0.00343655997310624
0.0005524681493872374,-0.0006814206018613822,-0.0008876750693499989,-0.0019097541994386735
0.0021987971365832575,-0.006264283501165924,0.0007455914099553027,1.3999881446721818e-05
0.00521619411416101,-0.012481787085185048,0.0008900601939262481,0.0014179681765109087
0.008374792957406764,-0.017129785910226715,-0.00027928008438993235,0.001646764756539236
0.010344667175908713,-0.01845317822461269,-0.0020651624187128063,0.0005720808511898261
0.01023635095562428,-0.015812622287246877,-0.0035813887547873346,-0.0013640400569155872
0.007965357172189685,-0.0099333082452603,-0.0041403249416192105,-0.00334852332882514
0.0042914340352362065,-0.002636363104263968,-0.0035320796764743076,-0.004558059129480194
0.0005167479903613222,0.0038421415672845686,-0.00208364519187762,-0.004530388725629629
-0.0020335954690843725,0.007676484759600519,-0.00048226882451306297,-0.003386379194636205
-0.002537435678721573,0.008097049211903323,0.0005522011426728965,-0.001800950230804066
-0.0009956532253567393,0.005607155760461169,0.000598534800536947,-0.0007233019248532382
0.0017802285624055475,0.001696235278859537,-0.0002774401332402317,-0.000953079772824543
0.004503659587908354,-0.0018216050176772386,-0.0015595343074095488,-0.0027454898334933406
0.005932294424072955,-0.003564722003676579,-0.0025260746757652316,-0.005616206953098737
0.005359634654962822,-0.0031232526128993077,-0.00259395513228336,-0.008444403865389777
0.002883198728466499,-0.0011617698803713036,-0.0016076990491718512,-0.009855973749866354
-0.0006522896798290406,0.0009486147759296161,5.8952327828036555e-05,-0.008754106701719805
-0.004004889341809308,0.0018039124224821235,0.00164135230495948,-0.004796824871930588
-0.006029823068287032,0.0006520700826738723,0.0023097097236356584,0.001370466731613812
-0.006116211927596579,-0.002212012562318802,0.0015449518618593887,0.008235371424172772
-0.004394664307764619,-0.00552129658617434,-0.0006003601439396877,0.013870347010204953
-0.001643624111518173,-0.007562260752402822,-0.0034779682970569187,0.016568133016992954
0.001052373208838553,-0.006937607931320318,-0.006080848411994515,0.015437987710118674
0.0027408788194201728,-0.003243422149889083,-0.007452886059602129,0.01074619214352246
0.0029527053317806307,0.0026372578614350453,-0.007103540024693513,0.0038708773056203745
0.0018285748209664054,0.008771745515333843,-0.005248318441512679,-0.0031229009077610864
-1.468044105301658e-05,0.012875962977411816,-0.0027603066449877235,-0.008146541346291995
-0.0018019336742440897,0.013208438228773055,-0.0008343713411528841,-0.009763208300600536
-0.0029503830082371688,0.009302785158715653,-0.0004874770946742685,-0.007644378915025863
-0.0032955784335469,0.002233189105920713,-0.0020951395218297766,-0.002654631498061437
-0.003098635982501336,-0.00571443141244421,-0.005161484095117866,0.003457885634647072
-0.002843601128455161,-0.011857814499786928,-0.008436050751658125,0.008652389954425238
-0.00293073926765856,-0.014114452388259563,-0.010355204799557066,0.011262593527166144
-0.003418909565307257,-0.011792282982099465,-0.009652611585767273,0.010516734241085058
-0.0039471238578909175,-0.005861026340050765,-0.0059058025849935275,0.006746532540597861
-0.0038821270244750634,0.0014113414704257851,0.0002020724671981597,0.0012332051305687652
-0.002632371879408995,0.007324961597358008,0.007025839277552605,-0.004238428552241921
1.3202780731899622e-05,0.009786485433830365,0.012475555765494736,-0.007956161934070838
0.0036831289650935198,0.0081179438797702,0.014729887370390382,-0.00879577533060412
0.007466844761785302,0.003320997608475963,0.012885938270649627,-0.006520631608227995
0.010208029516345557,-0.0023080770456878202,0.007301378900856484,-0.001793896537794229
0.01094087460629603,-0.006065303586126815,-0.0005056665382462688,0.004071019881889709
0.009292663376471319,-0.0058859178859046145,-0.00837002151463347,0.00951943300887987
0.005680064735036877,-0.0011485525708457359,-0.014221771346914845,0.013187781581063554
0.001205155598951839,0.007069885342237361,-0.016785545190621115,0.01423740544365417
-0.0027209467327044493,0.016380880539429488,-0.01597949863971436,0.012516182948728007
-0.004884649408927907,0.023957254578129736,-0.01286902306029998,0.008534888140221603
-0.004706617850694227,0.02755365784100887,-0.009197907101009095,0.003295128418086525
-0.002433309584132369,0.026287117521065363,-0.006679032931091303,-0.001967883819402612
0.0009934498839830608,0.02089254151302865,-0.006316883790513025,-0.006062568228839091
0.0043332729602684195,0.013378086892585616,-0.008020692069707666,-0.00808675479973936
0.006544205336028508,0.0062377493564346916,-0.010655116138132345,-0.0076076972393639385
0.007172151000574237,0.001541325903531062,-0.012507685741192653,-0.004754251184928674
0.006471294489660849,0.0002529994503567782,-0.011992861822708284,-0.00020566870063760956
0.005209993276046744,0.0020214149931474003,-0.008322016840122043,0.004931839736100105
0.0042535863691352815,0.005484643975003564,-0.0018810707690377626,0.009355156932410909
0.004114917041778923,0.008926517692549247,0.0058322841037162995,0.011869989258997286
0.004681085955852364,0.010990552385282307,0.012694087082942472,0.011710534649370913
0.00525095464812891,0.01115430444544795,0.016686203479846014,0.008788074949113569
0.004881388414018049,0.009787012854355431,0.01660713966886051,0.003782837442526858
0.0028983717591894234,0.007802295031951505,0.01250230311927638,-0.0019753721432856294
-0.0006563146687275541,0.0060936018321168135,0.005658855064666082,-0.00683260514549161
-0.004861130711750424,0.005028576308867195,-0.0018296819463040487,-0.009266222942145866
-0.008143798790625174,0.004243346581199993,-0.007768473669264281,-0.008338378505810207
-0.008849540797036533,0.002836239694428061,-0.01058182109862836,-0.003999524464671916
-0.005941485164525057,-0.0001250214466724936,-0.009795716434030044,0.0028695806398996576
0.0004505864715420721,-0.005016734382803048,-0.006121866412588217,0.010707066474821864
0.00888018842242598,-0.011273062357439231,-0.0011302133552449911,0.01773932071088157
0.01693765897482473,-0.017402007067303833,0.003355966282644715,0.022516970358069627
0.022016769788881535,-0.02143497397120024,0.005915277077623231,0.024333075003958222
0.022231827599776807,-0.021650804145782892,0.005999155772930122,0.023375875341685882
0.01714459263301693,-0.01728590559118323,0.004061055179075533,0.020562973663998993
0.00801230070628417,-0.008931335834155726,0.0013162303203199145,0.017122636658621435
-0.002564332421349326,0.001566644636258701,-0.0007622095457932195,0.014085643744054018
-0.011491886688516143,0.011689173380686941,-0.0010166700621586089,0.011888132599961703
-0.016240012485487784,0.019099452025857278,0.0009611429884954156,0.010244742100795887
-0.015721254019633164,0.022442102751645786,0.004684764075144621,0.008345072232421522
-0.010668777941873701,0.021774887119711775,0.008955282371364434,0.00529504701930545
-0.003365127387003425,0.018463077985032834,0.01229427239541718,0.0006202841583710858
0.0031869803462489035,0.014580351029488535,0.01346766477502593,-0.005385270591293581
0.006353590365403901,0.012057906635136548,0.011918740766522107,-0.011628312123565347
0.0048220619001457035,0.011924410687206052,0.007969698922754218,-0.01654179920499769
-0.0009299004330281246,0.013941128327129557,0.0027366084468090322,-0.018659624935217917
-0.008818042549320353,0.01677410575501119,-0.00220073201629745,-0.017221909369717937
-0.015917583313140075,0.018624555207332943,-0.005257870949354718,-0.012564494529883088
-0.019528758131055104,0.018050298492219632,-0.005287322009320854,-0.0061167303508502385
-0.018153530497055516,0.014633019207374795,-0.001875340270552292,2.2757416657984142e-05
-0.012033635390631285,0.009210884506978462,0.004577396464933416,0.0037967257154479933
-0.0030658871036454635,0.0035775637979586633,0.012991855032788914,0.003930071363621168
0.005860426567954213,-0.0002280448600472662,0.021903018203901232,0.0004190316289289092
0.011853320556224706,-0.0007447466574287548,0.02981358154720168,-0.005428514285313884
0.012976385615685024,0.002321023658073816,0.03551176243776526,-0.011433927452005095
0.008842994394720518,0.007988085117404425,0.03828079118387584,-0.015318439885041765
0.0006588862975853496,0.014423951054518089,0.03796719364365718,-0.015521384196760982
-0.009269166888498739,0.019721913467156876,0.0349155137133939,-0.011759167660220317
-0.018353653192524445,0.022701826852881565,0.029807998569933263,-0.005112078005227064
-0.024568825584568493,0.023388961303238046,0.023463628163430242,0.0023953649005103526
-0.02702424488324716,0.022956258529091778,0.016651404076728674,0.008559839932678611
-0.026097375626372585,0.023140939868262406,0.009960971644964386,0.011814925267667642
-0.0231246711681573,0.02537387475860107,0.0037537169775332287,0.01178112106533201
-0.019807080009482957,0.0299936172092903,-0.001806017449753148,0.009338176595349412
-0.017571111774831373,0.035897545308543055,-0.006662384796457983,0.006196629203103009
-0.017115568483527174,0.04081324556790031,-0.010761377921287403,0.004145326548041901
-0.01828025913827496,0.04211970118340266,-0.013970912810846118,0.004282663535300638
-0.02023997704147809,0.03791238500949329,-0.016063994518187127,0.0065476023295590255
-0.021908812700775854,0.027887087446555485,-0.01677892373646756,0.00974683233727685
-0.02237921387205729,0.01366756853517143,-0.015939572458548615,0.012072802015695883
-0.02123291171809557,-0.0015924472092237046,-0.01358941939242098,0.011904086424217145
-0.018632452519949712,-0.014219757356190483,-0.01007744163046691,0.008557429039598418
-0.015196953896009134,-0.021283060193714738,-0.006041542576646439,0.0026716779126538734
-0.0117437359906341,-0.02163020390657255,-0.0022677755123291232,-0.003953147058610409
-0.009010903105781273,-0.016297025493638966,0.0005473029043452302,-0.009017959720040583
-0.007459193510953942,-0.00811523096580834,0.0020557186104177283,-0.010634153143389117
-0.007200444285602268,-0.0006517913122790209,0.002436804382630404,-0.008113617529780674
-0.008042526073799489,0.0031277836296332157,0.00240476932836756,-0.002305641384690263
-0.009602183959413119,0.001967788689563016,0.0030054911169925397,0.0046810398203224884
-0.011430115092460051,-0.003220662747342118,0.005240552891513182,0.010287187018768768
-0.013111928347806036,-0.009731136923110999,0.009633394956133239,0.012536884867154059
-0.014337177355901995,-0.014123123982612791,0.015896849186742716,0.010882617205085793
-0.014947424365667854,-0.013570180602748304,0.022849762112730418,0.00650373403470865
-0.014973027220864767,-0.006982240876442693,0.028658530305570588,0.0019041959724070967
-0.014650872086018535,0.0045238253610609055,0.03136656751672535,-6.832913859458611e-05
-0.014396920851919973,0.01798179465068709,0.029559575160676976,0.002580972027007522
-0.014705889783282883,0.029622924768518327,0.02294171293046143,0.010052362635428087
-0.01597471614570615,0.03621398119108986,0.01260106449596797,0.020460379248399288
-0.018290216439080974,0.03618432342984068,0.0008301249563558849,0.030352957156557385
-0.021263484067198746,0.030128711655987822,-0.009485415539376992,0.035889799896410474
-0.02400789030084774,0.020516660587707264,-0.015738162548625444,0.03426222315471704
-0.025326198834253397,0.010741661355334942,-0.016449196031754352,0.024820619776211212
-0.024097227408217934,0.003886684540288371,-0.011798886778744647,0.00946189799694963
-0.019758572830346665,0.0016740813048619074,-0.0036315423308829753,-0.007907572758266292
-0.012709198461777226,0.003977568813390335,0.005099610416313238,-0.02267285044600431
-0.004442942918100649,0.009042597751714787,0.011283665513960775,-0.03111752718464157
0.0027096685648448707,0.014284179374382047,0.012686775978469511,-0.03174650457214419
0.006221270928898667,0.01731829034964147,0.008713812665051536,-0.025821377998873296
0.004224149981726703,0.01681527184916958,0.0006235137381767966,-0.016886764263322543
-0.003698115618500933,0.012861658444429797,-0.008890956959640532,-0.00943968067365053
-0.01608943297326453,0.006734098899999888,-0.01662064861766704,-0.0072206904282138135
-0.029784304300130914,0.00023262783113026791,-0.019942558479731972,-0.011759850796859851
-0.04068243687402026,-0.005109753520377507,-0.017718250564614454,-0.021729938244038162
-0.044941404911048546,-0.008595093450259036,-0.010672265074769045,-0.033369082372250364
-0.040220649327346085,-0.010478051019729151,-0.0011189057850537285,-0.04183983557586438
-0.026554904034806447,-0.011615414720994033,0.007858659824001654,-0.0430384097322731
-0.006529325284273135,-0.01284072090569098,0.01347493201357115,-0.035189677014243775
0.015351271368279525,-0.014377617013088137,0.0141656228638707,-0.019630123221258067
0.03393353295146908,-0.015584948419103063,0.010037782840590155,-0.00047095632091647896
0.044932747354320374,-0.015174391232795778,0.0026976506020651297,0.016758204829494153
0.0462031288106064,-0.011823751349366321,-0.005456311853839171,0.027008650010691956
0.038340628823629146,-0.0049201577074985264,-0.012186863020686417,0.02747438530803844
0.02441979078058037,0.00490968576755485,-0.01624138962823414,0.01858020843617618
0.008960615412017713,0.015753716730676277,-0.017727475862128618,0.003837128714632765
-0.003517433403493966,0.02493092267475456,-0.0179057339443026,-0.011385253791459146
-0.009863789758799398,0.029909713887055076,-0.01850061039562933,-0.021730178517856767
-0.009139023899785631,0.029284890259889174,-0.020825302251907755,-0.023701610410654522
-0.0026822013914641896,0.023420258788201878,-0.025094022599659246,-0.016836662799905297
0.0065641035094244,0.014473559196592475,-0.030221344874737183,-0.0038012026263203463
0.015181253530680026,0.0057500213584787295,-0.03421130022187996,0.010601851614419303
0.02042544573979603,0.0005916021721607831,-0.03499512967387258,0.02113577191698817
0.02099929381961386,0.0011971684473679619,-0.03138323774215526,0.023927816678362208
0.017215560456823174,0.007808149898808431,-0.023733309963393845,0.017732331518954137
0.01057293495842384,0.018566244761496483,-0.014032426261789743,0.004244056629500698
0.002986310682353485,0.030102497504852357,-0.005313343379975591,-0.012598827023535694
-0.00397553864330542,0.03864584731925445,-0.0005897206022443535,-0.028022269164057922
-0.00953209707977102,0.04124916702066947,-0.0016983696312387747,-0.03800141538797851
-0.013667282167880676,0.03669498325921115,-0.008495985633544069,-0.04046293707698618
-0.016712988178500515,0.02577367124826889,-0.018744552768352747,-0.03572283533585219
-0.018790162678988236,0.010870673134996248,-0.02877160108156819,-0.02608382716560973
-0.019417402985354715,-0.004940887839037435,-0.034700155339229835,-0.014827241675253407
-0.017515518786076222,-0.01893177749850734,-0.03381933956779762,-0.0050319477578650955
-0.011849447658123076,-0.02947962578477213,-0.025597871639925076,0.0013310036856045392
-0.0017372150576537605,-0.03630390774626926,-0.01195936315196651,0.003738310579371816
0.012288588030570206,-0.04014404676237979,0.0032995026839462045,0.0028580407591959275
0.028193286074557358,-0.0420826763834941,0.015755262433690652,-8.676901857046504e-05
0.04272263692005615,-0.04285237321138468,0.02183107960259611,-0.003984180318850929
0.05222825998761086,-0.0424512981983063,0.019974530296831033,-0.008208026700290073
0.05378229680051924,-0.040239302197708084,0.011124086362843608,-0.012552459023215237
0.04619079452519721,-0.035458329095432076,-0.0016911499282797338,-0.016811926819715953
0.030526764584746804,-0.027917675737547762,-0.014457622731491745,-0.02028156279059508
0.009963421065008748,-0.018494443413980488,-0.023574546696062463,-0.02151029699029435
-0.011063719648449238,-0.00916417378172929,-0.027030117305291798,-0.01853437433453211
-0.02809558220169571,-0.0024731261798554335,-0.02493922915161426,-0.009593339277817501
-0.037876669533241314,-0.0006123332433601303,-0.01927379900928186,0.005919713863639577
-0.0391690668009119,-0.004450169102454868,-0.012923555526965357,0.026684601190285196
-0.032909134016371105,-0.01293822791487459,-0.008473159652497751,0.0492627534134546
-0.02170302202474378,-0.023192395140942172,-0.007177460940230421,0.06870656244074905
-0.008886379482379468,-0.03130366188100901,-0.008526421253224753,0.07988202305202009
0.0024947505218695125,-0.03364446888602934,-0.010552303709375504,0.07911064870530751
0.01043553969789563,-0.028219972210729565,-0.010738303666429319,0.06555591510945255
0.014249603242023933,-0.01555940461321972,-0.00715390910830184,0.04180942687955044
0.014368854931930623,0.0012198671791770425,0.0006423467809208369,0.013378364483644767
0.011844705542493485,0.017258154529860417,0.011296391017532957,-0.012841563236562561
0.007816455697797238,0.027462142195032235,0.022075105649699535,-0.03064345072515339
0.003176810310202863,0.028178067051304767,0.029847821786963033,-0.036441593106766104
-0.0014688150843090667,0.0184539964341814,0.0322533934393413,-0.03037849281364592
-0.005616236963176625,0.0004458524655202231,0.028600845767692604,-0.016193883030396254
-0.0086333413611481,-0.02118542736629793,0.020154916336665975,0.0001248608227085446
-0.009687298451754436,-0.040687955944142734,0.00969564985240633,0.012450714880035275
-0.00793663259025073,-0.05296581671354712,0.0005203822150933284,0.016638188713329956
-0.0029428401953036087,-0.05507071240995677,-0.00473140683040852,0.011895029484345725
0.004885892417781618,-0.046949735475321636,-0.0049861605187172114,0.000906376669044591
0.014065540597160989,-0.031230828015613984,-0.0010407916317779625,-0.011331464352524107
0.022209218623672675,-0.01216792717449353,0.004837017957805723,-0.01953043296173028
0.026630290656531472,0.00584574699909364,0.0098424720797362,-0.02022098417847823
0.025209046702725807,0.019657112579395508,0.011729891765757361,-0.013146620807767434
0.017212563727878206,0.028153629304234748,0.009645861654908577,-0.0013958460471184264
0.003733333961789112,0.032247211814934965,0.004385112289279992,0.009802518468644997
-0.0124711148362062,0.03411385618972143,-0.002013435071210958,0.015182620348121442
-0.02773690115166013,0.036030206058715285,-0.007153086305652416,0.011647027280948102
-0.038614609486042395,0.0392795147474493,-0.009284298164499011,-0.0002869358313950382
-0.04296045084121086,0.043549956623768885,-0.008022898965958338,-0.01639970014249993
-0.04059837200692676,0.047043286619119905,-0.004495015432339131,-0.030142006313661096
-0.033303882387042,0.04723319703194975,-0.0008526631266876326,-0.03501417920115471
-0.024113254550122417,0.04196632708747873,0.0006447056804721185,-0.027095475966942967
-0.016218377409504804,0.030474832543416677,-0.001386230637593907,-0.006771077770336684
-0.011864771099792372,0.013909290387276084,-0.006801323131654883,0.02103802149092493
-0.011663472087339102,-0.004815860683017925,-0.01387974497679497,0.048310230918620196
-0.014558102528617098,-0.021817418989374733,-0.019913379085771954,0.06658249542023528
-0.01842456862060414,-0.03340152394330665,-0.022222325510890366,0.06992278047743601
-0.02103006630282005,-0.037183322980420846,-0.01921552501594484,0.05715256081311719
-0.02094323437511941,-0.032789731879422156,-0.011091768981090905,0.032485130416088845
-0.01802349660236076,-0.02192190038933197,9.397024582724622e-05,0.004284302978899233
-0.013308662171495053,-0.00777969078475102,0.011040667300097479,-0.01769004094831652
-0.008384226810790749,0.005936557497414174,0.018281024832564607,-0.02563303687447009
-0.004542520466606914,0.016105248525272564,0.019352978321738046,-0.01648711186384986
-0.0021280026574710675,0.021000265365136245,0.013653412013719494,0.006816320378386781
-0.0003775251707621788,0.02061598003957546,0.0026812862729316926,0.036141885767446306
0.002162245620278093,0.016452332077539794,-0.010404046901031402,0.06074657367948495
0.006825973915000741,0.010890825131385652,-0.021745682730261208,0.07084428286661042
0.014006028897334252,0.006407402044626788,-0.027938906711218466,0.06095083739934806
0.022716853640905074,0.004886064868877861,-0.02698844342876989,0.03188101509789894
0.030793193690333925,0.0072228200842622825,-0.018783380658055085,-0.009287067822872613
0.0356900682358397,0.013280962495016368,-0.004983529858589637,-0.05128907838499454
0.03557145757545876,0.022129517941513535,0.011584145106013188,-0.08212555465097918
0.030216102345205005,0.03241464993788622,0.027769837116284314,-0.09277142472680497
0.02131064769800827,0.04270341139107385,0.04089018687864813,-0.07995629258228847
0.011937193959250567,0.05169425343827,0.04923085916977632,-0.04714821333379334
0.005403144408800291,0.05827768138935234,0.05216944164841786,-0.0034698342442594163
0.0038641595727181496,0.06151113003316558,0.04997768972912969,0.03905863107861472
0.007321460795080212,0.06060934967684285,0.04346656943890315,0.06904247394075273
0.013463632464124756,0.055031150153762476,0.03365848214844752,0.0788966995130943
0.018500370909235387,0.04467681932624893,0.021610204246345195,0.06675250756603486
0.018723470460761664,0.030129589312657752,0.008403481507576464,0.0366019246777575
0.012197032049906638,0.012817432551353855,-0.004779111300901771,-0.0032269571694243104
-0.0001291770137978182,-0.005032741651075971,-0.016621197199793988,-0.04266959901313553
-0.014410297900668959,-0.02071996126238487,-0.02578316757129219,-0.07273438111156635
-0.025115644639684465,-0.03164461081343252,-0.031171038274491566,-0.08768463624496313
-0.02707956349249462,-0.03599849229684381,-0.032276195163799426,-0.08604433313038506
-0.017641799443948707,-0.033360855717381,-0.02943086752682611,-0.07030463134504739
0.001972099590436375,-0.024985766174007495,-0.023827142078235237,-0.045617523900474154
0.026642105376019735,-0.013636997647167588,-0.01722652944802614,-0.018022737658267
0.048830522739809396,-0.0029572011835174924,-0.01141354961629949,0.0071998098723617815
0.06108351161720081,0.0034911384747585844,-0.007568259434431145,0.02661014967497903
0.05866965240196202,0.0032540056080107085,-0.005795030246802328,0.03894318816101405
0.041365366393016315,-0.004224397517173302,-0.005015286467432312,0.044788087357734305
0.013675234352803038,-0.017312400289543395,-0.0033135902456964406,0.045879529262586545
-0.016657412804508324,-0.03253086073306509,0.0013405411862242658,0.044312577986702614
-0.0413473421951356,-0.045466807859112265,0.010225868767987221,0.041918454015933415
-0.05449206608633424,-0.0520245240044372,0.023166830006784985,0.03990366671153659
-0.05462881981519568,-0.049658180503785114,0.03827236679742495,0.03873035517193803
-0.04513130189509367,-0.0382128616738161,0.052256576900488,0.038152377533092204
-0.03277076277476709,-0.020097771008700017,0.06128484507596461,0.037331123401839965
-0.024967219955187296,0.0002966183886976524,0.06210171744577727,0.035009248539391906
-0.02677226483073906,0.01779977789015149,0.05308661267110509,0.029770726060465418
-0.03875049906504615,0.027947120648862588,0.03489181925126019,0.020419471934761416
-0.05660392796245975,0.028313870654222896,0.010443358685082692,0.006453617438025642
-0.07272713313726706,0.01928621464252596,-0.015713487192777723,-0.011476964594667353
-0.07913725666453102,0.004013631284356289,-0.03853490637832323,-0.0313148424373325
-0.07067729359357126,-0.012472894828706643,-0.05373340167348846,-0.04972911803038956
-0.047258449507415964,-0.024736125817148392,-0.05880218111419236,-0.0627355923551557
-0.014246491349211996,-0.028569124438957472,-0.05352948691381135,-0.06672970573226897
0.019213684494910933,-0.02229680395636117,-0.03989176047795279,-0.05967175783833739
0.04336003813852318,-0.007334729744534474,-0.021405958193140825,-0.0420386841099183
0.05131125657353535,0.01218359874070718,-0.0021711384286752997,-0.01715973786387777
0.0416021416360499,0.03061527024750753,0.014107695203773103,0.009293322944367813
0.018799161632335276,0.0424948728757393,0.024856013179717827,0.030625095418182747
-0.008056413029832718,0.04418737381019489,0.02897906056714574,0.040917740525984715
-0.028626003785991866,0.03499820869726687,0.026814186190315045,0.036781255623246537
-0.03491907278293564,0.017396133170842258,0.019790356534842513,0.018483002541774297
-0.02408213988789097,-0.003720726378640092,0.009954163431271486,-0.00995097110787686
0.0006713121816012899,-0.022486643874426636,-0.0004901020956719071,-0.04175332904716117
0.03130191726035714,-0.0338025089510197,-0.009538172469956977,-0.06927547120499357
0.057869919629974315,-0.03480597250121044,-0.015624905438581561,-0.08612677379348667
0.0720524607914027,-0.025631060285391978,-0.017777464440715388,-0.08892683549826538
0.06996987697451693,-0.009241836873932922,-0.015722648877133642,-0.07812741730699269
0.05332706172523187,0.009579626280429365,-0.009958053478169828,-0.057669280587202915
0.028524950215916587,0.025747329738454762,-0.0017523785756229128,-0.03362528625947761
0.004154007932049127,0.03539756869129468,0.006986717935488025,-0.01230835735769474
-0.012140821522250232,0.036952815948694095,0.014024999447326362,0.0015233357061757921
-0.016247489846626655,0.031415842369532154,0.01728427034946603,0.005801412921172672
-0.008711398113608843,0.021845381519787786,0.015403768248904364,0.001320939726518422
0.005924353654910914,0.012226758910156482,0.008219805895377151,-0.008998324576066336
0.021196791739208756,0.0061305638855039535,-0.003016652037426449,-0.02140495621935759
0.031337304666617063,0.005595184280823468,-0.015814583595244392,-0.032647757485399026
0.033387969738371784,0.010568806685931435,-0.027026179607821835,-0.04087424783829688
0.028039079355086913,0.01904526318689157,-0.03371282790279383,-0.045837468997692844
0.01895059958167053,0.027798824797913062,-0.03404793251326345,-0.04844427006727342
0.010929520501594688,0.03344282748843519,-0.027962665121638988,-0.04992912536807352
0.007768155425731026,0.03346057193425509,-0.01729213929518795,-0.051052616721054433
0.010642059968609792,0.02689959945709384,-0.005323188016107507,-0.0516673852609085
0.017697146471504235,0.014556308608866333,0.004161299149939339,-0.050802262571227746
0.02494518335517283,-0.00134743677549716,0.00806712207079955,-0.04717655080467242
0.0280483375545013,-0.01784175076307931,0.005027899161079125,-0.039874521650232
0.024223847078949066,-0.03200248212529287,-0.004055987369058871,-0.028859141867981268
0.013473626557106749,-0.041625273884539876,-0.01619080221221605,-0.015098135899014674
-0.0013590118954414435,-0.04561702733045425,-0.027163558215769046,-0.000265368164994572
-0.015712006048829393,-0.04405072734657981,-0.03287124621560322,0.013823541584615209
-0.02513168856813347,-0.03793309093045419,-0.03069430160329102,0.025769976837527173
-0.027052276188143,-0.028801663946479913,-0.020465762559226636,0.03489438542652552
-0.021808808362156373,-0.018286957284437754,-0.00469623576358949,0.04117095733743669
-0.012486897219344338,-0.007753185759061222,0.012059835360504773,0.044875724431617255
-0.003686597671319812,0.0019132306183015351,0.02453844967967416,0.0461776933122401
0.00029117399837295943,0.010345581838463585,0.028410095083079952,0.04493347583089656
-0.0028893103787076407,0.01758560330978701,0.021726946147320444,0.040838164198588885
-0.012726637435716379,0.023862215654888035,0.00570838480502104,0.03388524391190838
-0.026118179445965728,0.029322438058337865,-0.015409627018086156,0.024891296215562346
-0.03857208753215059,0.033790704276497704,-0.03545367797874491,0.01574916883845439
-0.04588724178887346,0.036638807778998875,-0.048025977769624834,0.009147116254462018
-0.04563382773921508,0.03683740823011673,-0.0483547962466566,0.007718152250461598
-0.037879841844241036,0.03322186565451145,-0.0347327053148588,0.01287508010612834
-0.02493619569942905,0.024938948371979294,-0.009107272746900083,0.02381131217752716
-0.01029349455946757,0.011960574890410044,0.023363262808406726,0.03718742884799756
0.002768282055310753,-0.004515067391311953,0.055670185420227,0.04782843670705172
0.012320413691924777,-0.021971396155682114,0.08083896705949423,0.050375938497338624
0.018244375234655396,-0.03692931606537838,0.09379174960935142,0.04141163269443214
0.021889571726250667,-0.045758672952777364,0.09264955990273535,0.02127253495613505
0.025151867628602262,-0.045779825762113625,0.0791055067930482,-0.005239186766245553
0.029421085910397316,-0.03633475293842337,0.05777853858003021,-0.029739384423382833
0.0348674479390114,-0.01943704022095281,0.03476020861297823,-0.04267087516968823
0.04035603172104306,0.00032695858848900625,0.01580295007812956,-0.036563237842150584
0.043983085620494494,0.016773005259733763,0.004697018325386843,-0.009044628142584861
0.04395248244967949,0.023808473473508795,0.00231591931912138,0.03554397052510154
0.03937502596923361,0.017391487509277197,0.006598582550772048,0.08669774496788486
0.030632253302186926,-0.002856231240981541,0.013446073200786876,0.13051036180477404
0.019166263926523985,-0.0329755239655906,0.018230189738404692,0.15389381865848498
0.006832953382467564,-0.06529008745763125,0.017426373453336023,0.14890143340809173
-0.0048407303119900255,-0.09028150892288858,0.009850133304946843,0.1156504860853426
-0.01511844868866397,-0.09925119708259988,-0.0028955858968215294,0.06273128479981939
-0.02400562304412152,-0.08698870973235351,-0.0169046878758028,0.004811287354521351
-0.03172432654073919,-0.05359228718138137,-0.027231889260080595,-0.04188046950967898
-0.03800236026723998,-0.0048007062148774145,-0.029536391005839956,-0.06472286479913501
-0.04159171604416947,0.049355862784655445,-0.02158111497386358,-0.05877213063168045
-0.04035723439248641,0.09723514832972695,-0.0041025205592417225,-0.02830845732517965
-0.032024217842236594,0.12878817179288454,0.019242272407103356,0.014709837906775915
-0.015349059391669626,0.13828721791326837,0.0428582461146413,0.0547736893503753
0.008775021408288168,0.12570885381277988,0.06083994195650272,0.07810209858368974
0.036821347839671,0.09634128400918561,0.06875071463423614,0.07722431674633483
0.06310248399937415,0.05877885527370877,0.06500352599080365,0.05326313026561458
0.08120618140498927,0.022011107072233426,0.05140570250546428,0.015146044430464838
0.08598153467771792,-0.0073849244831629655,0.03267991680951196,-0.023915410873378805
0.07538420195442863,-0.02699378034957078,0.015084908026541305,-0.051349482900694604
0.051467269393807726,-0.03868967341144337,0.004536734860658129,-0.05972612602786233
0.02006658733374477,-0.04717473878007179,0.004789133984735676,-0.049194570742351326
-0.010810482538551498,-0.057537598046918534,0.016220798305729367,-0.027007632870584136
-0.03339786552006801,-0.0727942887984685,0.035600858647211554,-0.004389739831697482
-0.042568566590622435,-0.09236707734643296,0.056915232037078545,0.007994862349394605
-0.037376752457336765,-0.11209217340835997,0.07302357636050825,0.004203996043058916
-0.021196102782744076,-0.125759090098366,0.07767383998092758,-0.014791954364449054
-0.00041106781649696486,-0.12759198001466834,0.0673007041124998,-0.041708387795499874
0.01785605506980574,-0.11471047469498497,0.04210304660211445,-0.06605455034508975
0.028153200725985355,-0.08859794585946949,0.0061093853924699335,-0.07848850291940745
0.02838012053866531,-0.05496679463779881,-0.03376852366446275,-0.0746688722466235
0.020174072415610183,-0.022011073941194177,-0.06941368337084292,-0.05705453608513156
0.007931654079243176,0.0023480265622579308,-0.09344566082932183,-0.03391753202596784
-0.003087612831718661,0.013221458183159,-0.10091295322286967,-0.015944969438476987
-0.008804561657877873,0.010488779975565445,-0.0903232927136687,-0.011776759791562758
-0.007724246587708799,-0.0011546168538658225,-0.06380593885048849,-0.024272134833179367
-0.0012077284071196764,-0.013889427788278362,-0.026443948828861488,-0.049036184888979664
0.007404509447383065,-0.019610045399270012,0.014978294184546062,-0.07586199071406226
0.01437162843702196,-0.012884974509623053,0.05345187176921086,-0.09259202529007453
0.017127533055071805,0.007036160174490855,0.08308228140069188,-0.08992617123726822
0.015187962088011972,0.03590040015194661,0.10002382402566883,-0.06529244910143633
0.010045473432955417,0.06592948113484534,0.10289107502359039,-0.024223044328392156
0.004165014827158097,0.08855525064972548,0.09267621374630122,0.021373285973190236
-0.00041018300247464,0.09741352863504876,0.07230240286225229,0.057444065038596295
-0.00316541896699319,0.090512057580511,0.04597851219357083,0.07293834791734169
-0.005391631012836802,0.07080278294217593,0.018496517401825834,0.06388560402368305
-0.009469878310599998,0.04498307147992803,-0.0054419246433195095,0.034814832875423404
-0.017461982275742603,0.02100096007125199,-0.021834088974829243,-0.003061416992057038
-0.029649263073669295,0.005203919064404542,-0.027905521163731142,-0.036213146285521844
-0.043731653095168105,0.00017934274676782713,-0.022531217009492798,-0.054014399934821516
-0.0551556939872313,0.0040539849195496205,-0.006485267127562658,-0.05276894477421905
-0.05857383277080275,0.011461207884467285,0.01757004091251945,-0.036937807883178055
-0.04993875099796186,0.015763373164822705,0.045433282433012576,-0.017057628342812558
-0.028415922544631524,0.011665400617516792,0.07206733090350849,-0.00515264200373945
0.002700541492588618,-0.0027613390705332995,0.0925725637276483,-0.009463571399561693
0.03654369135581087,-0.025373695801143847,0.10323781409001982,-0.030633012025196773
0.06462118684599814,-0.05078366462087284,0.10240673640430287,-0.0609576307869692
0.07952034998875687,-0.07235471694872933,0.09090142007682225,-0.08713173774399181
0.07740653028163047,-0.08458586347169633,0.07183812289341343,-0.09551691818558734
0.05938390226733997,-0.08499279664608121,0.04983410155127026,-0.07792202865880135
0.031183261166893596,-0.07482537987470911,0.029792204533277196,-0.03559058533324411
0.0012533981468508398,-0.05842816169749547,0.015598320963594384,0.020296535555554877
-0.022072631120254732,-0.04156688218753894,0.009119489944649506,0.07199883708001562
-0.033318172551644785,-0.02940911943532608,0.009818953192964334,0.10137366708892079
-0.0315293536652708,-0.024928033714383555,0.015121412845247737,0.09659119496100452
-0.02029354571119858,-0.028277799761494908,0.021420640012845757,0.05688193968840857
-0.006156763217217073,-0.03726994063256689,0.02540104279600825,-0.00655388757618456
0.003920075586282101,-0.04863795872429054,0.02522296559674768,-0.0739613007216798
0.005088537489638126,-0.05949147421965535,0.021148159732121682,-0.12365141347684654
-0.003809778698123073,-0.06833855069721342,0.015358622831696533,-0.13948970515796716
-0.0201483306677592,-0.07529239083695796,0.01099784326372974,-0.11654445913609664
-0.03884319268090731,-0.08146540433150079,0.010748663504687575,-0.06282234460677652
-0.054494911033732676,-0.08792006409401135,0.015456544155945336,0.0035707975950417074
-0.06344822130527171,-0.0947347633553076,0.023335048391838985,0.060838520356557894
-0.06495190245382332,-0.10067487548023307,0.030128358036452283,0.09116257424997547
-0.0610051825980947,-0.10366596094209315,0.03029467175182193,0.08686836460712152
-0.0550354195637172,-0.10187647253881837,0.018910795814130407,0.052885769729661775
-0.05003419629082033,-0.09490359231762094,-0.006295380608045523,0.004669981660783983
-0.046990353768386894,-0.08446090288102343,-0.04349319136463824,-0.037595438174692825
-0.0443170311713179,-0.07414271399378261,-0.0864682088050551,-0.05635838625499234
-0.038538639315134626,-0.0682240223970517,-0.12576886018394773,-0.042945951969929785
-0.025963457638832135,-0.06989187007058027,-0.15108458883991047,-0.0004948047748370918
-0.004641471528986224,-0.07960740704368968,-0.15422915571702508,0.05737722069206883
0.024230176509061976,-0.0943284108056997,-0.13184093445886289,0.11153029215898184
0.05608456583086649,-0.10804572503874235,-0.08691955557788107,0.14398007280528566
0.08410887266976716,-0.11359553421035973,-0.02861338427591755,0.1438492695148913
0.10134142493873381,-0.10518792656678658,0.029820532487453894,0.11053937262878709
0.10297757193551077,-0.08074960321415695,0.07439389374182909,0.05319690378437345
0.08803014562840894,-0.04316446483066548,0.09416246145689477,-0.013043292927429312
0.05973427048784233,0.00016181137263178783,0.08428229364120152,-0.07241354463427609
0.02456298185669249,0.03939852326396168,0.04739708158087083,-0.1133898343428293
-0.009762220346476816,0.06541044406065313,-0.007116873901841809,-0.13138250958308578
-0.03652660513380767,0.07284294730447405,-0.06587387473285986,-0.12853824907729497
-0.051744570664407616,0.062062301336684014,-0.11537747351940623,-0.11115352056342945
-0.05479831983934183,0.03919923238317828,-0.14591247316161435,-0.08610811437878135
-0.047885970207011366,0.01419413281934612,-0.15422255934123089,-0.05798626786720069
-0.03462748379877195,-0.0025433395695307337,-0.14412564744852996,-0.028087308437528206
-0.018462585669214396,-0.003729033371612775,-0.12486139221985292,0.004434259329274
-0.0014876289191005226,0.01220493335064865,-0.10769144125753619,0.040086868772591086
0.015868960942184776,0.04046045812129613,-0.10184967557696405,0.07664793832317246
0.034321631058652595,0.07143716353252613,-0.11117448072102253,0.10826239513228478
0.05470123179374599,0.09400584206531361,-0.1325611414539674,0.12675196748776968
0.07695657858057461,0.0993766100167573,-0.15680053414517844,0.12479943586920252
0.09965204562243199,0.0842208542526956,-0.1715966752321516,0.0997094778584757
0.12016810415663681,0.05195062125419911,-0.16582807879382627,0.05601044257202854
0.13547854106695173,0.011691825354034992,-0.13367603983291718,0.005472772210857585
0.1431256786522074,-0.024712367500741333,-0.07723954098216643,-0.03590803065404414
0.1419528207858698,-0.046645364734790445,-0.006704383854653256,-0.05315643483539661
0.1322999157075599,-0.04825410871802284,0.06210132099946013,-0.03794970878822736
0.11564552097559155,-0.03036430674886939,0.11209355301557389,0.007560042039448666
0.09394789737080833,-0.00011926020516899588,0.1299455709805985,0.07042333613719406
0.06906830470697628,0.031527715422257886,0.11017832997987509,0.130530689587116
0.04258601263228042,0.05360131090574689,0.05703594520397322,0.16717125132506772
0.01607219460775928,0.05887294134443692,-0.016472726763665173,0.16628226461691475
-0.008401140875392349,0.04632487225740403,-0.09210834127004436,0.1257577440867159
-0.027930111301773086,0.02147685321362013,-0.15145263117614227,0.05676804752187721
-0.03901603206280381,-0.005527489389919761,-0.1809517826597642,-0.01957213522714322
-0.038512935116585684,-0.023421298255094914,-0.17544199112951764,-0.07916019816543919
-0.025051841507028633,-0.023722762823942208,-0.13913874421565706,-0.10309696140462389
-0.0003747560691059297,-0.0037472964410225074,-0.08387595728976704,-0.08421175138875409
0.030108163897253112,0.032269752448975855,-0.025236553247494464,-0.02957057937567873
0.058038648129261544,0.07430146329954923,0.02215360964363084,0.041957377823648154
0.07415378991986267,0.1095338691254526,0.04868974520783878,0.10621917166682532
0.07114078086798972,0.12627455182690078,0.05200398888512386,0.14205213877770453
0.046358119891245234,0.11752504319386373,0.036776079139090825,0.1383611565835564
0.0033741633617363044,0.08311266741733025,0.012382512136631298,0.09751289173629873
-0.04841729166781915,0.029758435084001632,-0.010689199314216573,0.0339340561694974
-0.09620233438581532,-0.030883792458734516,-0.024391341079567988,-0.031436407906333536
-0.12752046302054404,-0.08556158475421285,-0.02545974029532549,-0.07870031081293971
-0.13418409403532797,-0.1230876124869496,-0.015865404771062297,-0.09575148747715276
-0.11497330341947944,-0.13724019935651818,-0.001383066654273537,-0.08181257965881386
-0.07609652671440692,-0.1280958680577402,0.011060911820276008,-0.0466291171697922
-0.029172069450411613,-0.10150372803112527,0.016211145658690966,-0.005862488464977285
0.012620377834536511,-0.066981021998758,0.012429398628024037,0.025365078953651587
0.038882152961746005,-0.03475587493405712,0.002095018043851397,0.03820018011008463
0.045288483672609216,-0.012880254374241298,-0.009606149103818032,0.032879161138602155
0.03465610952697919,-0.005242261002342367,-0.016965831947705592,0.017681792160701384
0.015427801085383157,-0.010972878723738835,-0.01618639164028339,0.00462288688624516
-0.0018205634976116852,-0.025287892560888148,-0.007007631533657098,0.003770292407095352
-0.008504423024396825,-0.041377251640083074,0.007100930974019828,0.018580892442507324
-0.00121317431462966,-0.05267819888947466,0.020252695420786906,0.044183820700071263
0.017242614399041026,-0.054815024808443004,0.026453263068700005,0.06930941786371045
0.03926957272687858,-0.046654643052384454,0.02201470230255597,0.08106260647608085
0.05578659267366024,-0.03024499982119684,0.007137237228106103,0.07057155424111165
0.0600194507288516,-0.00976468532459065,-0.01397063420529415,0.037172090829528576
0.05025174181975306,0.010095025177638696,-0.03451407288522268,-0.010638385125205506
0.03042312429946169,0.02575268439985852,-0.04757169022517359,-0.05795604527972266
0.00835055456958247,0.03584113700747956,-0.04868638614544633,-0.08892397931309204
-0.007670664846384519,0.04146861126761254,-0.03761209249814945,-0.09277478265712785
-0.012450102084449126,0.04559532536186221,-0.018536949889909712,-0.06808491315799417
-0.006139409735690729,0.05176495931163085,0.001341684654696704,-0.02353514484971422
0.005866402410171154,0.06262362094483802,0.014402930158839738,0.025177243257498646
0.015386821775355004,0.07871255941947518,0.015417935950358154,0.06112766115796452
0.015290725626369071,0.09792640704538785,0.003556788266497156,0.07244660751676565
0.0030967821663519775,0.11582118557988053,-0.017177783526454136,0.05668382689233905
-0.017252746415335484,0.12670122668881267,-0.03929257871502939,0.02157933444673918
-0.036351948568405776,0.12518679550899964,-0.05447591415256139,-0.01804389705414751
-0.04283587583533449,0.10782752598728287,-0.05665417738859211,-0.046050685138003644
-0.028164093145744227,0.07431450118098219,-0.044323875477722395,-0.05118817288929109
0.009200349098755178,0.0279531220146093,-0.021288186712082963,-0.03131434248299014
0.0619876876321689,-0.024745925357614232,0.004512064369595864,0.005948483889213622
0.11563371419399121,-0.07527531631237198,0.023697566951598456,0.04634043889661953
0.15279517856908714,-0.11486156238844272,0.02874144078154634,0.07460120628061337
0.15935968070455359,-0.1363199028510437,0.0166801856433235,0.08037866165930957
0.12977285440325628,-0.13561534218550053,-0.009739981284037982,0.062086200831774824
0.06964634308941275,-0.11278612011186173,-0.04291887959118753,0.027216584108396277
-0.00546445906086694,-0.07203103394942012,-0.07298262531066843,-0.010963810334640563
-0.07484260642845639,-0.02094089932512634,-0.09118435370069139,-0.03897445361114854
-0.11935730181601491,0.030971353101396978,-0.09291233935968114,-0.048669947654909826
-0.12781856414171033,0.07414973949055353,-0.07921845934189181,-0.04051752982017231
-0.10067543042987859,0.1009113229140012,-0.05630272820568416,-0.02324644042674999
-0.049726267047117405,0.10701552262996059,-0.03312615237692626,-0.009967658027941457
0.006060289867895297,0.09256038208991398,-0.01801036789839759,-0.012295154472111432
0.04711658352619663,0.061999410231500934,-0.015467692897764198,-0.034842950474825066
0.059894129725784645,0.023239463242180663,-0.024443106272596916,-0.07238517506744784
0.04119842975718301,-0.014030768411440943,-0.03865361798208733,-0.1109695012870883
-0.0012245636484860128,-0.0404549881575421,-0.048951847544252934,-0.13274387379080596
-0.051930625606309885,-0.04911466016232639,-0.04688983017283985,-0.1227805942016964
-0.0935461836576971,-0.03713924907192426,-0.028189849868580672,-0.07533463247163666
-0.11289511577715833,-0.00641442678523059,0.0051805362454032805,0.0029073313721650583
-0.10527240313464307,0.0368274131029426,0.04516634237005295,0.09397345596735132
-0.07542875789747679,0.08348165103367457,0.08006744638281968,0.1739281884382409
-0.035107183821261864,0.12377708904145875,0.09848670934280912,0.22059101732128003
0.0017457129332941164,0.1496640351469123,0.09342839711981477,0.2209531471558506
0.02416772937320354,0.1567583864936423,0.06508229645949218,0.17565490669044323
0.02780403393305047,0.14531220346520068,0.02123994843982953,0.09891431615292419
0.015710775472255117,0.11993946990835326,-0.024911603077676203,0.013912356076062463
-0.0037599195770144297,0.08817853559170041,-0.058959583268317614,-0.05475092757624321
-0.02095724755226578,0.05831627796394734,-0.07003172754502178,-0.08890030524478573
-0.029099164640931197,0.037123565030844276,-0.05454336192836646,-0.08224054671075016
-0.026926591447227713,0.02817849795339584,-0.017617449743543498,-0.041636125926001695
-0.01885424100812916,0.0312653414703811,0.028363273048119947,0.01605443782977715
-0.012684964119901186,0.042986930724091474,0.06764624330990636,0.07029147477257802
-0.015941041779480306,0.058328604663590584,0.08618140819458381,0.10396542004172013
-0.03239005584062458,0.07259679937676927,0.07620470750098726,0.10878731510681619
-0.06021008706381612,0.0830362315086076,0.03881660830762656,0.08717968048373154
-0.09252346314328477,0.08955289196494659,-0.01629055144461873,0.050235457779595566
-0.12003655478444615,0.09429865538959473,-0.07384885281404116,0.012750569258746468
-0.13466456353019438,0.10029541236333506,-0.11775803428541688,-0.012663648061242531
-0.1326398947502062,0.10964279609867135,-0.13598560979806357,-0.020164365057274904
-0.11584374918997714,0.12202904153706445,-0.12404066216223329,-0.012342324038201527
-0.09085116273354532,0.13417859914398522,-0.0859594197100157,0.0014762759094229944
-0.0661238173980529,0.14054438448401352,-0.03260455496746516,0.009461530344633363
-0.048534427756514606,0.13509646777858253,0.022021202503572094,0.0023146268402073934
-0.040659834197885936,0.11363353550751867,0.06512558382040479,-0.022838598049639752
-0.03994262922312919,0.0758044969115994,0.0886825909957828,-0.06112205820603195
-0.04004019287118775,0.026069534797803356,0.09110914304364068,-0.10155942953170402
-0.033779883779273906,-0.026850357864981328,0.07670810961542048,-0.13099073936908295
-0.016487108368002726,-0.07199095596451993,0.053329921493450554,-0.1387502088150956
0.011690330144270174,-0.09908150329588891,0.02929138777405247,-0.12039937636054242
0.04542244218362032,-0.1015152945735694,0.010751966035656223,-0.07924216419453153
0.07596414703820463,-0.0784182741848908,0.0004461538850681415,-0.025214472765106726
0.09435774409362857,-0.03513888955854122,-0.00195552445931748,0.028307793932545507
0.09481341855221434,0.018031651168846093,0.0017239211917247643,0.0685571254200911
0.07695299751076592,0.06854728612867952,0.010049679837763607,0.0868714017411296
0.046064559899276644,0.10490551112023672,0.023191986481490866,0.08057154326125976
0.011300774634347224,0.11958017490333356,0.042850100284194836,0.05283960851482274
-0.01745839787614093,0.11074527328494145,0.07088175410230295,0.010961301745483047
-0.03287885612488425,0.08233939505112145,0.10727730801287857,-0.036189287357664704
-0.0323876216419832,0.04253892564182378,0.14849849212492416,-0.08043218647413058
-0.01860305937569171,0.0011814826620996643,0.1871467391591451,-0.11562634811454306
0.0020283711728701533,-0.033038307836291365,0.2134339777388485,-0.13789414814431916
0.021726259821429107,-0.054767737900288604,0.21817864123690475,-0.1450592695109474
0.03398014343824233,-0.06300103027960667,0.19633748041078447,-0.13592317005294913
0.03531783494723946,-0.060706324815785834,0.1497089368618198,-0.1099660330525936
0.025738174157125995,-0.053317097010201826,0.08758948493808705,-0.06773203395837928
0.007907360865213276,-0.04664643747125971,0.02481775278434502,-0.011713082625594201
-0.014296501338785716,-0.044902782338391165,-0.022413010088450133,0.05280685176347635
-0.037135924560770084,-0.04939413191646004,-0.04170149787064031,0.11757707181678376
-0.057704253584193316,-0.0582544742643591,-0.028783031724524264,0.17228925488873376
-0.07383655174162468,-0.06720254663513486,0.010554133906960063,0.20654720747864083
-0.08358459693748382,-0.07104841507316738,0.06185448217009198,0.21240042782180263
-0.08484594264178649,-0.06547407894332946,0.10642429156302256,0.186637469866331
-0.0756425838143564,-0.048566674111070116,0.12743114928870652,0.13203069186852567
-0.05514871725167502,-0.02167147768275627,0.11561879923651619,0.05703530076052225
-0.025060746658847097,0.010679287725125601,0.07260913721731434,-0.026042417091571624
0.009455389172854572,0.041767848627746594,0.010528212290914538,-0.10387572454675302
0.04000787039109187,0.0643935109081071,-0.05204603462238583,-0.1650893353121051
0.056777712315396744,0.07286159333166797,-0.09649673342408643,-0.2024998396122321
0.05156239964093699,0.06474385288106509,-0.11072439570413273,-0.2140432615080919
0.021091075580517756,0.04190849276714865,-0.09349584969725139,-0.2022843181010557
-0.03070494215307702,0.01045533490484998,-0.05494875676537824,-0.17287483661246444
-0.09260363281216821,-0.020557384143194017,-0.01294968630597208,-0.1326220291779504
-0.14862806743008306,-0.041386110504495616,0.01350145261375248,-0.08784515115054942
-0.1826674944276912,-0.04434777331173042,0.011510728644066652,-0.04346085454408251
-0.18375248521164375,-0.02629067574620333,-0.020456079409843037,-0.002864004797038959
-0.15012550445967365,0.009989680967837918,-0.07131156248718205,0.031670880019612824
-0.09050494924130434,0.05596447989288453,-0.12070964853469246,0.058510130839705715
-0.021842077673357458,0.09936522645557909,-0.14601453553350446,0.07648176552803504
0.03588452447010877,0.1275628261559938,-0.13051361593775462,0.08512625604652037
0.06616202276404473,0.13143567898618186,-0.06997314880263264,0.08520183507712165
0.06147724455119752,0.10854906335173178,0.024880153126956694,0.07905906687635937
0.025883125007663328,0.06454003278292109,0.1310028621122737,0.0704912909936847
-0.0264109177335294,0.012056359815435586,0.22007185146432878,0.06387555493557501
-0.0760169318547577,-0.032667742494696464,0.26760745698188204,0.06275707921126258
-0.10519267670402097,-0.054719493132454874,0.2610759716752503,0.06834898003415613
-0.10407653899403843,-0.04542901560257938,0.20414376998444134,0.07856736972476343
-0.0740701664103398,-0.005680744232021459,0.11553822208078744,0.08811487752414957
-0.02712142461085197,0.05362349364918577,0.02282285829507116,0.08978294050865121
0.018845188393087714,0.11434119520139917,-0.04682910184529873,0.07668635769155463
0.04668215921574645,0.15643865743310753,-0.07570683596437919,0.04474966506096996
0.046472830615120905,0.1643251662589375,-0.061344926286483616,-0.0054037500874204
0.019303141010645408,0.13213305694110505,-0.017003229578881455,-0.06787095348876351
-0.02304545182764164,0.06611923492484198,0.033333719040409715,-0.13249912400544517
-0.06237400456807253,-0.01678086993157507,0.06370269073256304,-0.1872884777723366
-0.08074516346699628,-0.09397187198090397,0.05560241016344561,-0.2214577005492575
-0.06711838662991218,-0.14428869921590887,0.004825242880887077,-0.2282273286616241
-0.021530155402931954,-0.15487745815346748,-0.07672076689937884,-0.2064693836527949
0.044671399038808984,-0.1255476066562229,-0.16485578621452074,-0.1607568595596751
0.11257471099246497,-0.06903281845491514,-0.23131981090576736,-0.0998823884790431
0.1620354442460897,-0.0069260679164349845,-0.25348152786869826,-0.03440638139265792
0.17829938009503227,0.037480503377417485,-0.2222120051916253,0.025932889327218787
0.15659994936650404,0.04712055890665122,-0.14521702709654993,0.07414924328012708
0.10323058430834889,0.017173642057676134,-0.04470263335825163,0.10679237454236834
0.0329205528590885,-0.04292354406771164,0.04979616717489862,0.12355689007878509
-0.03633287223692091,-0.11227340307950488,0.11094899538913637,0.12611124592498715
-0.08899644892215247,-0.16530405790097374,0.12228573602203513,0.11677192711266712
-0.11627198775915867,-0.1803509672762988,0.08309834566381254,0.09761055625971049
-0.11758837678740404,-0.14717768451220664,0.008058510059318897,0.07030825079897442
-0.09914120484546884,-0.07087877244204145,-0.07814245796431515,0.036686806590409744
-0.07042025680911083,0.029219099425216062,-0.1491482697338311,-0.0004860272573330854
-0.04031757199724616,0.1253826568872499,-0.18536523691004442,-0.036962621033081136
-0.014376017879323542,0.19016339061534343,-0.17964407690363826,-0.06719460404673737
0.005916953970684006,0.20512166755523187,-0.13846878483206412,-0.0853608571104851
0.021852444348906357,0.16672361008266,-0.07853370178542038,-0.08699761332636335
0.03515822347320512,0.08747970384315566,-0.02018099014622649,-0.07068072738080611
0.04590012411695261,-0.008036348398835182,0.019833614332450768,-0.03911081030035318
0.051716539027431556,-0.09097072323307277,0.03370260634498014,0.0008986031687300763
0.048771113638981164,-0.13723075196760623,0.024336866488285917,0.039682024210445144
0.033946338861487,-0.1348704444271565,0.003210585157326728,0.0669637433327407
0.007170889039724883,-0.08749932747481257,-0.014633475238988461,0.07446979581394908
-0.02734063302659313,-0.01273142631747523,-0.016394581869747904,0.05815629345070546
-0.06170070818626501,0.06368847107338986,0.004026210706971012,0.01940245613364877
-0.08675048107036426,0.11608398914723261,0.04442412318452165,-0.035176129433509645
-0.09534785809196265,0.12671187708937454,0.0958805583301246,-0.09523481187574229
-0.08516926176305831,0.09085567583953646,0.1466588158253968,-0.14910208930332947
-0.05977199228832496,0.0177074304494321,0.18671370997245457,-0.18643239762374691
-0.027346081934486968,-0.07299910953491673,0.2110148499665147,-0.20044582398379096
0.0024460282299208925,-0.1573066236649644,0.22047792196699628,-0.18925324615735256
0.022296190741948385,-0.21417159139024894,0.22033181526046816,-0.15603717119515498
0.030145213714677873,-0.23118981320320198,0.21679920870486769,-0.10814704059862272
0.029864901830843178,-0.2072951951045256,0.2136208090482933,-0.05539419603100473
0.029331658827956755,-0.15189451236765628,0.20996393514654024,-0.007954759223170852
0.03659815820210477,-0.08105478829615714,0.20063848681912447,0.02569135898324866
0.05573206672529408,-0.012212124750391403,0.17855826007489467,0.040411930513546024
0.08413577650359096,0.04082484816589034,0.13843339751595174,0.03538608815991312
0.11265188539265132,0.07109177914215606,0.08014125455421106,0.014214871650529249
0.12866712158454197,0.07914813163272645,0.010310722245728127,-0.01586068888570518
0.12117416484228935,0.07134900799693968,-0.05866720442728029,-0.045529706308031666
0.08584540922646253,0.05658361129406154,-0.1119899572490977,-0.06550714532561104
0.028006879294573,0.04273506785569971,-0.13701270647576363,-0.06874304713775277
-0.03791579574244518,0.03405319037286324,-0.12739728647772985,-0.05223891453209209
-0.09260236791980928,0.030197407703307776,-0.08532964555349301,-0.017979336185909627
-0.11837873546072042,0.027082750440391847,-0.02099640610707973,0.027355039475841246
-0.10577042765768732,0.019065313121297858,0.05048599285575467,0.07393498233329306
-0.057585782604599144,0.0016157542373670588,0.11357754720505718,0.1112716613374456
0.011164623484989113,-0.026456836182958035,0.15665822909965516,0.1310081797131108
0.07773128530026399,-0.06196247709322938,0.1747335827490098,0.12921434541232157
0.1190703914488565,-0.09779576545626233,0.1696978305082779,0.10746687022044057
0.11971348628645241,-0.12476677536824904,0.14829700400439605,0.07232676678741279
0.07726642055721428,-0.13425610047177206,0.1187851114359049,0.03331855779179828
0.003529589699050763,-0.12092242660275783,0.08769299819028495,1.5772513539022773e-05
-0.07922842146740651,-0.08467463948056488,0.05797819632562836,-0.02083306273116932
-0.1455813914800995,-0.03131001413295462,0.029171779742383566,-0.027177172553536785
-0.17529636929155662,0.02843630741442417,-0.0007401069311441947,-0.02188470176467118
-0.159822706442207,0.08126920807987734,-0.03270547469981615,-0.011221744972037106
-0.10471141029956031,0.11458561327257735,-0.06457673518913251,-0.0021207995326159206
-0.027240805841945562,0.11977587092404182,-0.09071510460090468,0.000769198599809371
0.04975798591709016,0.09467622689502814,-0.10356828862379577,-0.002860527414501487
0.10556715710596858,0.04443775454357673,-0.09668181119900543,-0.008641428476185101
0.1279946152950352,-0.01953935244951583,-0.06792368249127259,-0.009127527631885603
0.11636744086253537,-0.08243511803552653,-0.021507721258105388,0.003173117216929335
0.08029209873809473,-0.12990661814972618,0.03221051196917321,0.03241571743087736
0.03495932465172186,-0.15198641633771806,0.07935619299459594,0.07696900325216993
-0.005001001271738954,-0.14583618520421876,0.1068055598375955,0.12891867365981763
-0.030697017348604756,-0.11647747907922625,0.10662494822918081,0.17588463519652303
-0.04129360788566747,-0.07519118881889916,0.07903431706137183,0.20467994066440665
-0.04281088640056474,-0.03599270038174627,0.03271469058770092,0.20563173930296447
-0.04416844193746445,-0.011227665192043589,-0.01778631321822198,0.17606850386273493
-0.052304338809390935,-0.00767215534345518,-0.05673486039331462,0.12168817757560119
-0.06849074796328741,-0.024420810691455703,-0.07237292842922756,0.05520655758002344
-0.08739856724275205,-0.053307905308858664,-0.060747102430763894,-0.007383343145277253
-0.09928100568602133,-0.08178396455650397,-0.02684572763052752,-0.05175824145017606
-0.09433693834495083,-0.09733205927684342,0.017352241386187843,-0.06977169734159464
-0.067405540711439,-0.09194561184023423,0.05720021027720415,-0.06197906977981012
-0.020993284040338265,-0.06511660205331675,0.08051075432743517,-0.03728840420959845
0.03470459617637631,-0.024250199127020703,0.08164456887597454,-0.009824407540483105
0.08492343014873707,0.01771141702366599,0.06312355573831796,0.005940771587486137
0.1154617513920013,0.04669843576431146,0.03425692086334865,0.00012583832854160502
0.11787755110130234,0.05245928530737301,0.007370150878931439,-0.029248604234559418
0.09273978691065904,0.03231575456784742,-0.006909389930584715,-0.0757084108763405
0.049652393752402955,-0.007623017342833318,-0.003547619552598892,-0.126700405137194
0.0039920980110472615,-0.05427194931177764,0.01523129574083833,-0.16803396185933075
-0.02845313230537608,-0.09183470705001359,0.04105297865190029,-0.1888092489415624
-0.036971060447997375,-0.1070783332907901,0.06276796697431788,-0.18509260471891284
-0.019531560012882455,-0.09380424963274474,0.07075638791457223,-0.16105943626307914
0.016769076147054446,-0.05497171338200155,0.060517839370617235,-0.12723842079108832
0.05851483528108656,-0.001747267534457352,0.03422273008816064,-0.09652893832479201
0.09091778404298917,0.05017303638368145,-0.00028833936622151696,-0.07945321613856166
0.10304515285409162,0.08567879185028743,-0.03259101840909429,-0.0803627926271897
0.09142978348346184,0.09503285534032865,-0.05361155836034023,-0.09595570191014184
0.06084112869721972,0.07672432437370344,-0.05889501753873108,-0.1166115343083606
0.02209465770558275,0.03750204573739503,-0.05000301021229039,-0.13002701335340805
-0.01212703691683015,-0.010283657738931706,-0.03359500001103238,-0.1258076056635707
-0.0317922010160219,-0.05297582333810189,-0.018647763048457073,-0.09933957784480156
-0.03270818350994818,-0.0799786746640673,-0.012958359099458795,-0.053547939183380626
-0.01732283564501951,-0.0867140953701577,-0.020296690248683247,0.002068990095141089
0.006942754416191849,-0.07529225534879047,-0.0392557062459471,0.054739215737406255
0.030968678011405303,-0.05290794038746443,-0.06413496392821225,0.09281703078252634
0.0474096397091987,-0.02878810144858032,-0.08738176980237565,0.10966613079026499
0.053001249298826374,-0.010953684037090116,-0.1025288061484275,0.1056229329823522
0.04891433167115284,-0.003976871016132968,-0.10643313638235548,0.08736448997613033
0.03923189089584501,-0.008382444355753017,-0.09997615121032526,0.06497342688048277
0.028399965685113566,-0.021604870724093103,-0.08706599023923442,0.04784206366211732
0.018884362600566064,-0.03978788242217278,-0.07250250305318334,0.04097650952740966
0.010109147474668043,-0.059456219586526485,-0.059720488518979535,0.04309745087837219
-0.0008578310537034131,-0.0782888565798071,-0.04943459944594017,0.047252176269343825
-0.01720602471201524,-0.09476786859673379,-0.03977321163239821,0.04370770634438369
-0.03985288965985083,-0.1071055005697307,-0.027799609646189896,0.02403887909550095
-0.06569583183618799,-0.11226677044586797,-0.011674775869004872,-0.015125667933716475
-0.08756881289453224,-0.1059037377532184,0.007602643066218582,-0.07011741124421686
-0.0961375196758061,-0.08358439879215229,0.02579164964750998,-0.1307764906440212
-0.08315440178477725,-0.04301712588684741,0.036682275419315284,-0.1833821964971238
-0.04488739172285614,0.013650603917400972,0.0346355376105361,-0.21494363380542214
0.01561897713541796,0.07863937044631103,0.01735947073776911,-0.2173369588212274
0.0884246654615981,0.13936356468876174,-0.012317929146905946,-0.18983836904500054
0.15893784965577307,0.18145302002961014,-0.04660264794026847,-0.13919108524024715
0.21188377608453393,0.19321539527268228,-0.07500121589794545,-0.07723810657492985
0.2357219763514002,0.17003782121451586,-0.08800807888420872,-0.017019172136375854
0.22605169407470935,0.11700675359812582,-0.08086136351182091,0.031247145761424823
0.18688189084629525,0.04848376967827582,-0.05585791636545294,0.06288283834023271
0.12936934404056716,-0.0156034484929619,-0.022163272218554075,0.07928270755313521
0.06847724540749722,-0.055767453420648726,0.007041612574478941,0.086208408865458
0.018673137707210054,-0.05931164727317298,0.019200061310796615,0.09062626773198235
-0.009957197513676162,-0.024771213461727372,0.007166842485981702,0.0973886337454545
-0.014023042955463246,0.03727644053641019,-0.027670689032254392,0.1070730519565917
0.0029956861108043943,0.10753058803597199,-0.07523706308233294,0.11580827554142788
0.03254245702296693,0.16442577295379654,-0.1198375616111238,0.11712252011224314
0.06396993572244461,0.19153574017899294,-0.145514167377968,0.10505259227474326
0.08765328208225033,0.1832796222558054,-0.14184640533381926,0.07725555677001243
0.09727034611239266,0.14680223247085647,-0.1080945353961873,0.036853978049722666
0.09070358842338558,0.09923007435923839,-0.0540895664273181,-0.007777595305339514
0.06956299438750316,0.0611850796322314,0.002611728486894581,-0.04529666474664518
0.037793069693699846,0.04885352091871623,0.04245930846077689,-0.06497131265980738
5.358153100214896e-05,0.06751889404479587,0.050618073634340725,-0.06027935332031007
-0.03949783003835297,0.10901887530999402,0.022333870548239744,-0.031231773596252187
-0.07768015264150226,0.15421071222981006,-0.034949372774551624,0.015417939042483179
-0.11205235161955512,0.17971012863199268,-0.1035354022678529,0.06815410250164793
-0.14030018838813701,0.16656828666399331,-0.16090757679248907,0.11416399849601033
-0.1597041622206995,0.10776717808401057,-0.18687298996028348,0.14307506799162373
-0.16706199470423527,0.011754448182593809,-0.17006192383443308,0.1496980172885198
-0.15920373675797794,-0.09939734867593629,-0.11165608448682522,0.134919104335692
-0.1339595385974317,-0.19671556031997306,-0.02516999002607226,0.1045905760964917
-0.09123216614357216,-0.2536836090095784,0.06756396909279101,0.06699604096709576
-0.03376195869100449,-0.25500291714534046,0.1428233698106664,0.029942311452752564
0.03273759305799421,-0.20171084880572504,0.18173351822505243,-0.0014196956758809852
0.10019679779911086,-0.11087267287191878,0.17522892553989322,-0.025317593225328387
0.15945436661859957,-0.009969909224052564,0.1258593313776406,-0.04253461149192932
0.2018843786730165,0.07203882387594074,0.04617248757471626,-0.05459173116774581
0.22101534350912422,0.11387211647834891,-0.04548859928413269,-0.06187052122358422
0.21378952596415235,0.10816651512374136,-0.13021573280215168,-0.0625937934440347
0.18120773141713248,0.06277048823884125,-0.19311145535817106,-0.0531748180298705
0.12824088303170766,-0.003146110550493901,-0.225983606732219,-0.029824399218353673
0.06302935611535374,-0.06656963387977867,-0.22773617207962227,0.009272023741079258
-0.00448728920680423,-0.10889858789807806,-0.20285787103441483,0.06218662615767433
-0.06427224358394507,-0.12200532101334988,-0.1589504144047931,0.12275055827028955
-0.10792245635656511,-0.11004630628104999,-0.1043360932397327,0.18169509996077235
-0.1301010332518926,-0.08659514777435104,-0.046471442769777646,0.22913838222082217
-0.12937319014386087,-0.06840239187889632,0.008637575398604536,0.2575516935496018
-0.10824652685089464,-0.06827724442193114,0.056314511144298814,0.2640974007941048
-0.07238220177902371,-0.08981619508390062,0.09292162696185266,0.2514263581066929
-0.029148504338756254,-0.12591644345742337,0.11584987783381115,0.22658994056373266
0.014122528262438016,-0.16152983189108022,0.12391114961800459,0.19844299322472075
0.0517082618482677,-0.17950635384838534,0.11787573927113759,0.17450477475342785
0.08046010670768353,-0.16724616116510185,0.10068036036056316,0.158467052426431
0.09989790789881939,-0.12163242046527874,0.0769015559023872,0.14929579502007123
0.11145358444107042,-0.0504214301289959,0.05142819262298725,0.1422528780996233
0.1171786313966528,0.03036746916036165,0.027717452479881697,0.1314065756084386
0.11842975794339236,0.10201836997106624,0.006355065723532909,0.1126035864539559
0.11506546461325329,0.14952376473015022,-0.01532853654569418,0.08568134318615844
0.10549997035659678,0.16645085908631158,-0.042171346170565324,0.05499178515630156
0.08762490484939292,0.15652152605143593,-0.07880612135294385,0.027978259363819917
0.06024430869989393,0.13141841692992104,-0.12680406150138773,0.012334026953923214
0.024418533086854304,0.10573699023021482,-0.18250295425449198,0.012860556099480343
-0.015911686702364758,0.09103424093905456,-0.23659656073518234,0.0292955979804139
-0.05441868542120891,0.09121171491757754,-0.2759979067976889,0.056024849464904346
-0.0839805791965616,0.1009306127072144,-0.2876319461415908,0.08385911326089954
-0.09890452439001234,0.10761362443537975,-0.2629856665080464,0.1032373703917944
-0.0970034716940115,0.09627670871424412,-0.20178841432315686,0.10763350762222096
-0.08071723516455676,0.05543347273360147,-0.11333376090191252,0.09584025297732152
-0.0567481378821305,-0.018028462194958753,-0.014687690634223552,0.07223043013104856
-0.03418844620996382,-0.11669182315714094,0.07388025381318036,0.04489210218350661
-0.021673188321042956,-0.22388828683634893,0.13485205284384094,0.02238606473172839
-0.024489560420381556,-0.31794784637915285,0.15880410799862685,0.010436486617785515
-0.04265359469570161,-0.3780014931407938,0.14724006249320637,0.009901823594721228
-0.07067922492001329,-0.3895021703369177,0.11182777184118345,0.016854889137287665
-0.09920266722792496,-0.34784854786968467,0.07020897916462546,0.024725887644229526
-0.1179811106580188,-0.2592213184259076,0.03979548420496095,0.02758154352371105
-0.11929041836560492,-0.13867541469651667,0.03173417760171268,0.023094182753011713
-0.10058369126577194,-0.0063340233728466176,0.04720997576178374,0.013829910344999077
-0.06550478138837654,0.11705306674590069,0.07744002622658111,0.006152808940489766
-0.022898824562950684,0.21397833089290752,0.10737626675302123,0.007054697277354942
0.015867797487582637,0.27269190123246867,0.12176241474358407,0.020172996650252933
0.040408672605983145,0.28816367035062895,0.11129717270575656,0.04274817079338204
0.044517806503603825,0.2617827410351441,0.07658193735071687,0.06505732714807311
0.02807680469472497,0.20031775705730764,0.028321699935009076,0.0729742593211965
-0.002872976755960639,0.11460472940102659,-0.01637782755185807,0.05305688846204737
-0.03783424430669399,0.018181928463270564,-0.040318650124055784,-0.0015709700767745334
-0.06473708092648575,-0.07417259092446866,-0.0328307731538113,-0.08682704853468722
-0.07310642784493575,-0.14816538807361604,0.005749646435477227,-0.18674590746861414
-0.05663310280409714,-0.19204122923647787,0.06345488976190372,-0.27688518571127346
-0.014551728236022961,-0.19876460654670586,0.12024332862264848,-0.33136443778074537
0.04835298256230024,-0.167831096336587,0.1545572790530323,-0.3313942298992883
0.12290238092910707,-0.10605819603499382,0.15060638453962397,-0.2723849427532928
0.19740140341355866,-0.026818791674977787,0.10383000727899255,-0.16697156262608964
0.2597615224088097,0.05243114089981866,0.022635848608462926,-0.042532023000892566
0.299506831022999,0.11393175243169965,-0.07416933966285827,0.06637993897333477
0.3094598092955981,0.1438013562946756,-0.1633322395188478,0.1284573204387804
0.2870065254180839,0.1354607141757192,-0.22441132159433436,0.12556868124073628
0.2348424313948013,0.0912590819029381,-0.24587300128098039,0.058849515206189605
0.16103057245778832,0.021750210490140098,-0.22804692702663296,-0.05121308758260529
0.07815417710787122,-0.05722471811189919,-0.18212585403905657,-0.17090272224281225
0.0014140065620491405,-0.12880019806931226,-0.12579053732971926,-0.26371031053802124
-0.05424469601911166,-0.17941967914506132,-0.0771555265010464,-0.3017077581256168
-0.07753284082686698,-0.20195128693190867,-0.0491821439096479,-0.27413493177332626
-0.06395197460099686,-0.19671318879792932,-0.04636751871836853,-0.1904028350594692
-0.017696209495516608,-0.17023574073467954,-0.06456703781301915,-0.07660050253963631
0.04850269170059856,-0.1323294158870138,-0.09363235994575389,0.033219592245791546
0.11592420875945722,-0.09255457053683111,-0.12159671033258274,0.10797583658044926
0.16441763785791538,-0.05732312627342379,-0.13874669370296902,0.12904033002381898
0.17786000350669312,-0.028566483471890086,-0.14018262559195477,0.09520554169156141
0.1489445879894869,-0.004294200776983132,-0.12622586093409252,0.021715497929528094
0.0817512903331899,0.019331527553318073,-0.10094099306444496,-0.06597534429430432
-0.008894489128071063,0.0453190421728967,-0.06972923856572225,-0.1412789485952449
-0.10131331188243334,0.07367147743121771,-0.03716169029244146,-0.18510353136500307
-0.17309750912641908,0.10059794537486336,-0.0059171666055530744,-0.19110390954402767
-0.2076626266264705,0.11945931882536157,0.022952591154178456,-0.1659961944996
-0.19918172080641133,0.12313637017532687,0.04887763384096487,-0.12524536212572812
-0.1543001503740764,0.10696410836858355,0.07058647213654314,-0.08608871814116606
-0.09002520923481724,0.07114057429086364,0.08568036774261713,-0.06070451333787151
-0.028416623686435223,0.02167198050994596,0.09131292382372766,-0.052094231362898646
0.010245900811335636,-0.030597004545713208,0.08569580743162156,-0.05405499783852398
0.013637831940582,-0.07266891577280345,0.06965001439796265,-0.05496295775021513
-0.01905039537250413,-0.09300610794975185,0.04729475683826104,-0.04361617337384814
-0.07725085141548671,-0.08495055725891348,0.025292688654874093,-0.014653492441133509
-0.14270638059537058,-0.04886835195161281,0.010721768119431697,0.028668681347621426
-0.1954068200398225,0.007673903879142536,0.008334108961301335,0.07543000982609635
-0.21978079206559045,0.07178277942192243,0.018369225202159258,0.11128851502029113
-0.20915268026974076,0.1286126078301881,0.03599895185370883,0.12424866133766437
-0.16714474351139286,0.16524243665096844,0.05288830642191606,0.10959574576689426
-0.10578578195677056,0.17392754192779225,0.06047840112212232,0.07198881303214749
-0.041187855843385635,0.15382022326948924,0.05379446812671937,0.023853175023753437
0.011610696226471684,0.11074732240469168,0.0342103523346674,-0.019302691133658303
0.04289828639645523,0.055230037229457865,0.00985986860332624,-0.044792172296576026
0.05036735956551486,-0.0005572808056260748,-0.006777191331000342,-0.04753471406554956
0.0386057019203091,-0.04592592746548055,-0.0034697606503737025,-0.031818460740735174
0.016510789717806514,-0.07399633572031719,0.026592948511079184,-0.009337732756884265
-0.006220777227300002,-0.08262857281144184,0.08105443167984637,0.0057191278688175735
-0.02221559035331721,-0.07387796000973539,0.14770170563599788,0.002578841260089537
-0.028174265983629286,-0.05237784401541763,0.20742396715427497,-0.02157277310790701
-0.024912138377022202,-0.023361290761440605,0.24005585317717468,-0.060249940950135764
-0.01603040740875887,0.008928628407079416,0.23118780699069263,-0.10011119366170282
-0.006006107808321808,0.041924837062296084,0.1775295513005265,-0.12627132375291417
0.0014425890199569616,0.0744145105439346,0.08879989045207766,-0.1284086163210914
0.00415068387693976,0.10553465745339477,-0.014717902338001713,-0.10524117215395329
0.0013794997030330113,0.1336924109147154,-0.10827897699635751,-0.06554101749219048
-0.006867806160521819,0.15604190126299367,-0.17041837648960445,-0.0251769836771321
-0.020515746220597812,0.16890155019907427,-0.18966960123183607,-0.0012208350037941256
-0.03959978765718902,0.16906597591500397,-0.16791552780114877,-0.005319153084540925
-0.06383264440351587,0.15552257404921252,-0.11920356420135561,-0.03886925915002658
-0.09182254432095835,0.13080803747057285,-0.06447016316010379,-0.09190135501006762
-0.12046838809266697,0.10126510065948686,-0.02407747315867783,-0.14619434014890711
-0.14503640910023263,0.07580681175020967,-0.01082823247174704,-0.1815578898722689
-0.16012580330540133,0.06336023037167945,-0.025912911084990727,-0.18300451280973964
-0.1612898624606237,0.06974124685115876,-0.059139416075791026,-0.14617459134012095
-0.1467022359363378,0.0950758506764203,-0.09321757549774035,-0.0790060200518491
-0.11813374000793181,0.13285722855688448,-0.11040972890429637,0.0009761901916184304
-0.08071522675427698,0.17127066888272463,-0.09905585740402927,0.07275666307598655
-0.04143822512756205,0.1966498952211793,-0.05762180726306774,0.1190750585846028
-0.0068922001964067895,0.19810401881581047,0.005073979354587621,0.13217841963253735
0.018886225987377776,0.17178076118859226,0.07332962698930023,0.11602122001238746
0.0355536453390104,0.12315717015591443,0.1302364546202116,0.08419600571149011
0.04606079957400387,0.06626283684658153,0.16333448270383846,0.05446764848956248
0.05481595634904046,0.019721734471671852,0.16816241261435344,0.042021967122266995
0.06514984055905546,0.0006391237606964053,0.14855746700170677,0.05396429524542906
0.07718801518605478,0.018259212840162457,0.11389853637528644,0.08706832232281622
0.08715232174914506,0.06962369903613606,0.0746789365637432,0.12949900980857026
0.08857705499031111,0.13899858416279914,0.03837126979924532,0.16571290516788292
0.07512986209647177,0.20169609060897942,0.007293710711682689,0.18255761443109728
0.04398834740766941,0.23144259446976312,-0.0207679184268581,0.17419421601983776
-0.0016423028701158127,0.20912591439186468,-0.04967254865354334,0.14398985825428465
-0.05209264923207568,0.1300754753526258,-0.0812686772596592,0.10275444998084109
-0.09337606637622707,0.007278608021347697,-0.11281484726146943,0.06413891286337303
-0.11142670916600791,-0.1308988894317352,-0.13685246983731306,0.0391088835129938
-0.09704388635640328,-0.24817732958527822,-0.14381838840433583,0.03173402564018019
-0.04973593122980606,-0.31094489624466,-0.12642577435026314,0.03796992472783375
0.021093798652554133,-0.298719725201946,-0.08394754652354516,0.047885509699546865
0.09830452966162007,-0.21110902213811317,-0.024402654727281016,0.050389979682629316
0.1620080229257,-0.06886133535765418,0.03663544228583802,0.038492535863803634
0.19579727823708473,0.09156650678294707,0.0805742217989393,0.012890801489321172
0.19207173105496794,0.22841753941464818,0.09224946112963647,-0.017671499299011798
0.15453646293485318,0.30685059108090795,0.06593778324261837,-0.03955680354333847
0.09689377785745437,0.3091417517750906,0.008551695655543014,-0.03975685258322627
0.03808515884322265,0.23964067254110663,-0.06146233354021031,-0.011647969879399915
-0.004303773412634681,0.12291444192540321,-0.11946862679009654,0.041341188069625175
-0.020160371408543536,-0.004295234783669489,-0.14257898289289406,0.10574369938004025
-0.010293171452069285,-0.10468273659400816,-0.11748127957374549,0.16197491982430293
0.01405627412264916,-0.15181250265457735,-0.04537676049132326,0.1908846868076
0.0355057786593299,-0.13774811818890326,0.05781430741617151,0.18060943861091697
0.03712543067884372,-0.07455914165091429,0.1661773694236875,0.13119047993943803
0.008984003996909887,0.010560497877983657,0.25191334192219395,0.05517131535161537
-0.04770274669751794,0.0847385613726366,0.2940826782245215,-0.0261810824105021
-0.12033399250553828,0.12018635437479036,0.28501116594707665,-0.08979350347479259
-0.1887267239442838,0.10273195514329658,0.2322266525708798,-0.11844157447438008
-0.23166569279045124,0.03547940677770736,0.1553874099335319,-0.10644394884968048
-0.23394893589942198,-0.06330439297149555,0.07941608667362202,-0.06138085889286393
-0.19152318221463238,-0.16700649661134487,0.026328744125650862,-0.0012421599183627466
-0.11299391312950194,-0.2496159157672893,0.008595295468201057,0.051952801358030334
-0.017066999853687388,-0.2936852465130223,0.026188342659439288,0.07976564850042653
0.07313228613460411,-0.2947425193209879,0.06805674780285934,0.07346585623903969
0.13690410515989743,-0.26099187803312385,0.11714867369688856,0.03653135846639899
0.16172742512893462,-0.20885278908669147,0.15690753786590161,-0.017276686858127402
0.14615712130852423,-0.15628619417034556,0.17679697683964268,-0.06944686421346541
0.0991634531478858,-0.1164649082276355,0.17496925162637839,-0.10374227488430589
0.03644147882104575,-0.09399705734095365,0.1574128870546607,-0.11209537689949312
-0.024830398758332754,-0.08479386460141364,0.13429718802604262,-0.09721453003140447
-0.07094327849512061,-0.07924468534709364,0.11523457046723957,-0.0709961954328457
-0.09479160092813377,-0.06716846926974265,0.10544141560846731,-0.04940970689746077
-0.09646466372327317,-0.04247831647487204,0.10423876282891105,-0.04583348958119923
-0.0815379763770416,-0.005778934408932186,0.10625826670627686,-0.06539190150763638
-0.058062249923719465,0.03594606753034556,0.10457022589499723,-0.10246594481755186
-0.033538101158329656,0.07220930339889607,0.09420065571569602,-0.14237250649599703
-0.012935273296729013,0.09313908463591253,0.0744422225912662,-0.16666126650435822
0.0017822215854281665,0.09313739737024801,0.048984522185629986,-0.16013201489127313
0.010848581724028316,0.07268055460595568,0.023904954272201406,-0.11701710628257356
0.015315044791266087,0.0377095177582506,0.004527710709069974,-0.044040192100395566
0.01591183962656332,-0.002935196462509478,-0.0073387544435180585,0.04084613100707181
0.012697786175370204,-0.04082210137368552,-0.014447339938311514,0.11371906752898389
0.005549177858609752,-0.07055888276882151,-0.022872168316521495,0.15220746841067895
-0.004930076183917484,-0.09072016008270155,-0.038949728180371596,0.14274511588575722
-0.01672332342056062,-0.102863308438162,-0.06572408384563005,0.08510944189251762
-0.026475695762479552,-0.10929413544108316,-0.10052035895805826,-0.007272398657226359
-0.030471609684823243,-0.11079667845922062,-0.1348728484523497,-0.11133345603731165
-0.026175569789867008,-0.10553860554431847,-0.15708475092850027,-0.20133880442680707
-0.01365206251847036,-0.08980621134712242,-0.15657880835429025,-0.2565165540285865
0.0038565275515644835,-0.060348160186374136,-0.12837578196926322,-0.26689397131818093
0.020611532220682117,-0.017291736686564765,-0.07586498321157104,-0.23555474499181767
0.03021292153167038,0.03379969542185428,-0.01060515141762752,-0.17676776563989968
0.02796006888039839,0.0819397527759071,0.05099036166243509,-0.11079788260908757
0.012822617788449613,0.11323740820799862,0.09300358782181689,-0.057234387943724485
-0.011811247611670487,0.1153142479035258,0.1054663919167863,-0.029039788147986634
-0.03900313179312842,0.08212567781163918,0.08786431516296384,-0.029146361956989268
-0.060516297266380976,0.017331747923562683,0.04930633988657161,-0.05048242909659477
-0.0696549469798518,-0.06528429663816476,0.005202742770228589,-0.07914591343502247
-0.06362964090773919,-0.14487857558794387,-0.028390145510169093,-0.0994599250950118
-0.04453808927301911,-0.19936518974902057,-0.04069728944109548,-0.09915288773668633
-0.018567179950708442,-0.21219598753836583,-0.03022709188221242,-0.07302430448121724
0.00629493405462956,-0.17783536411515263,-0.005340490358721566,-0.024092429632397744
0.023169217134451112,-0.10399525082197192,0.018861072770176956,0.03788573056779767
0.028709104612160263,-0.009738770775524028,0.02621959299226713,0.0997968565477527
0.02412099293712897,0.08004171178717581,0.005720562825599031,0.14922041794113416
0.014419905281274976,0.14201274082545817,-0.04403285289299476,0.1778496400786107
0.0062518364975147536,0.1612388756401158,-0.11367924911391825,0.18334410824580846
0.005170243354266668,0.13524186139493893,-0.18569254746491615,0.16927199892138137
0.01345104884948891,0.07401252549742127,-0.23978542143348863,0.14341513743845627
0.029292160990352513,-0.003892845160073318,-0.2592419827565646,0.11514454091027254
0.0476698776273767,-0.07770639869174487,-0.23604428062948954,0.09272251700000983
0.06245105877846523,-0.1309949038177169,-0.17316407238888692,0.08125796664893808
0.0688612935425309,-0.15616393987109428,-0.08343653095098551,0.08173256660820886
0.06528722749255826,-0.15550273221754338,0.014393148834931861,0.09116268411567996
0.05369204530731275,-0.13865153027220684,0.10098609706006793,0.10368121148043838
0.03851875540139919,-0.11767321186252695,0.16133963929877604,0.11217314411182369
0.024596685243664207,-0.10173695023855679,0.1879277309837937,0.11007226285926003
0.014984134716028693,-0.09348158947159552,0.18142963347132338,0.09297526905335857
0.009698743716059673,-0.08841368250071832,0.14929709985032064,0.05980045476026842
0.005897424125750599,-0.07748876305990202,0.10303610115366477,0.013282901346622326
-0.0005679666489875525,-0.05178169713894533,0.055258969635699054,-0.04033350624841128
-0.012906420865431697,-0.007337957668407533,0.01730618322521707,-0.0924434568753526
-0.03146995735214191,0.051786414294186116,-0.0022621911677223397,-0.133940248585025
-0.05307111333462793,0.11361451424024972,0.001529232466193499,-0.15745188440478583
-0.07193705948476248,0.16160723162731996,0.02960035680913893,-0.15941985654140972
-0.0819955967898285,0.18018407149148907,0.07843412025998989,-0.14139454922389874
-0.07957801093098311,0.16044754975104253,0.1398882757647448,-0.11001503741956205
-0.06537428527342196,0.10401049104835697,0.2016384260623154,-0.07544946829652129
-0.04471183025956066,0.02344887057609884,0.24876897386070893,-0.048538345169231875
-0.02587632009659416,-0.060930802884489946,0.2667300761479236,-0.0373679774341114
-0.01700392775124649,-0.12702882653811767,0.24527459323670064,-0.04432486636741992
-0.022719710288115827,-0.15765723019155886,0.182330332311249,-0.06468922694475893
-0.04189991299611216,-0.14579213069716038,0.08637849362716038,-0.08745638959854163
-0.0675859778713403,-0.09663970903469829,-0.02394196643045425,-0.09840218950131098
-0.08928347308983606,-0.0258608338961331,-0.12354468626404762,-0.08463318261363288
-0.09693358056580781,0.04541208300728744,-0.18732926895922375,-0.03925268475234519
-0.08511769649307244,0.09708357883940667,-0.1976223542968062,0.03542880391522847
-0.05584892521309256,0.11599358567734572,-0.15025445737464493,0.12738411350745332
-0.018729649240576435,0.09935273302494146,-0.05704074740472338,0.2175102904670979
0.01181813843721827,0.05475800294102488,0.05657810493316873,0.28483921141121077
0.021444697158987246,-0.002988401345118954,0.1584201361901974,0.31281557151529504
0.0012243800830003294,-0.05699082124109304,0.2190533497155919,0.29466005701901016
-0.04847344285775605,-0.09348445219166054,0.22091970215356518,0.2359998285824092
-0.11710441924699107,-0.10546130021672763,0.16404027991687148,0.15374486241122026
-0.1865615033467884,-0.09368018435581991,0.06624866481669721,0.07138046968313294
-0.2365465848113243,-0.0650433897344393,-0.04232307169708942,0.012042946597341807
-0.25095560021382746,-0.029252332348070703,-0.12882548573620645,-0.008466427399173276
-0.2231160962546435,0.004821052360860478,-0.16821992502042216,0.013516427502244554
-0.15806375948095855,0.03166266356151873,-0.15124371494303043,0.06848050850015006
-0.0710434909612653,0.04973742490615207,-0.08713180099570422,0.13683146683017705
0.017279045031657638,0.06025120265031493,-0.00019460278002142797,0.19511701247203583
0.08727113466982037,0.0648858977112153,0.07853601765311626,0.22334860593937217
0.12625921065839915,0.06374197958378348,0.12168612264013927,0.21102462529919683
0.13193943062508245,0.05458427566725585,0.11436756925552558,0.15991741848511648
0.1121871398239983,0.0338665423335181,0.05847207335068191,0.08280463668401936
0.08145409970998219,-0.0008384962953677973,-0.028908258299894296,-0.0012842527412277142
0.05513078792631872,-0.04810252372481051,-0.1221792292432174,-0.07355948880625066
0.04393078922001958,-0.10098551849221196,-0.19651816527752008,-0.12140529553727622
0.05029004992847645,-0.1475473511127138,-0.23633677703142414,-0.1417302744385694
0.06800068522426866,-0.17380571368588965,-0.23994073311722303,-0.1406901395538942
0.08510637221841584,-0.16839219436795747,-0.21885856507707768,-0.13007651900211886
0.08890941066674643,-0.1273131986316503,-0.19229614425939873,-0.12187091731508312
0.07120026322582307,-0.05691937581582647,-0.17894159061513376,-0.1230990627524175
0.03177569347757366,0.026395661974101085,-0.1892579123337738,-0.13295986089254025
-0.021036019389034273,0.1001956030520244,-0.2211423879473076,-0.1433100273399947
-0.07302260245677965,0.14278243051743206,-0.2605242600764378,-0.14229444731203805
-0.1089404307573664,0.14067947460846195,-0.2866193270565853,-0.11970413676650131
-0.11782285056068029,0.09421892257596105,-0.2798527717185664,-0.07196829602068089
-0.09685014513588808,0.019015765074802665,-0.22951968512451631,-0.00479709194440257
-0.052418001953269525,-0.057664115124365506,-0.1383981087232094,0.06765087980583775
0.0019549731228831694,-0.10492893051121405,-0.02267667369712984,0.1269137777792107
0.050128803593044634,-0.09835339555611462,0.0927398905896088,0.15627814279272442
0.07867532611305247,-0.028876553284472025,0.18186212423242132,0.1465934790322823
0.08120770131762098,0.09262952969184007,0.22553486503084244,0.0997498807256937
0.060255094823473423,0.2370262451820105,0.21700328523219736,0.02852980741878192
0.026105267390067237,0.36473652915743066,0.16341350015201195,-0.04717270611406764
-0.006916161870537767,0.43756841111780453,0.08300090087658418,-0.10648756583108451
-0.025408713587652468,0.4308808874247161,-0.0008309228732937442,-0.13396146470461606
-0.021407505140944503,0.34210769622476,-0.0664146217478481,-0.12404935316638523
0.005040403269042616,0.19265770954293096,-0.09946693862853022,-0.08225492269438239
0.04601282649668621,0.022272850319411445,-0.09590181845460351,-0.022679432055530795
0.08841007311161461,-0.12261026934355558,-0.06135476784027148,0.03700263489864629
0.11822611608542366,-0.20290570965364424,-0.008097951681051459,0.08127256589421036
0.12494311457625312,-0.19883445263945593,0.049241138676346385,0.10118981760421798
0.10464192727635388,-0.11587402308332359,0.09762508755866178,0.09608981757385511
0.06092470593811941,0.017303313057232997,0.12813203540854182,0.07222229213260567
0.0035118292161428273,0.1582783122643695,0.13673202485330116,0.0391455367768703
-0.05486904475117377,0.2646271235556723,0.1236961890461867,0.00547382482985577
-0.10218987828547779,0.3074127131424647,0.09240272348145481,-0.02429450156800097
-0.13022462707218774,0.27995332003104556,0.04824919459829033,-0.050687176673190455
-0.13615991629757282,0.1989935361655769,-0.0020086615100700384,-0.0777120802875309
-0.12240258811880947,0.09799205684028668,-0.050648521936327,-0.10968617668294686
-0.09489376050367639,0.014933316265523099,-0.08955519512927629,-0.14792603768962695
-0.060691156654686454,-0.02106564169262968,-0.11137749195799526,-0.1888183329548066
-0.025726601623006995,0.0002999620871999252,-0.11129244540900066,-0.22419296701532437
0.006536513077457638,0.06743935257389497,-0.0888920096600494,-0.24394525427106342
0.03523525416013477,0.15162748350141078,-0.04934417058641107,-0.23989405600358657
0.06119649246879026,0.2178262933804178,-0.002993729009764346,-0.2093099329066471
0.08551747650281644,0.23765320276703294,0.036973991110223224,-0.1566283872551092
0.10830328672904402,0.1998487491225998,0.058421381025142605,-0.09255236786281809
0.1280957617624726,0.11451258736584716,0.05455179540133847,-0.03077572906127695
0.1422031900498912,0.009618449405933545,0.027044208041983153,0.016482517467421562
0.1477551704944612,-0.07891771142831011,-0.013368820960003847,0.04243956557758399
0.143010860124783,-0.12004477267519521,-0.049514835608989435,0.0476720906432462
0.1283491351425432,-0.09867630444575057,-0.06309478036423527,0.03923989076981963
0.10649645006219075,-0.021133694434713666,-0.04112100317526235,0.027337891770234577
0.0818480014584815,0.08697529862593928,0.01870321329487113,0.02078630887950149
0.05909391908840235,0.18964051658424083,0.10569790999275458,0.023153057574795494
0.04164045457543941,0.2528933504286047,0.1981351447825903,0.031088643916057937
0.03041321040014325,0.2563767933549075,0.2691033412572935,0.03561156795166081
0.02350921992854806,0.1999768711432152,0.2946276313026175,0.025928709738193854
0.016869855998265473,0.10326960832866247,0.26147517967719947,-0.0056456767688000155
0.005782328031001929,-0.001867053194936288,0.172040160902735,-0.059596544772794205
-0.013286250608660202,-0.08270170037646143,0.04457396613077696,-0.1276184524876534
-0.041153046011278505,-0.11700032353115164,-0.0914759004456544,-0.19430745308691172
-0.07522922494188582,-0.10026125007183062,-0.20364045511560014,-0.2416889071974777
-0.10994740463850883,-0.04639760932843749,-0.265569695748049,-0.25504989454695903
-0.138205754914425,0.018149120287079407,-0.264274169327276,-0.22801022776181373
-0.15338380863697776,0.06452039817962708,-0.20324709263102203,-0.16499141553640767
-0.1512882848499906,0.07198870306803895,-0.10062172559501686,-0.08015191902262866
-0.1314050043670899,0.035129106264080445,0.01685817745193562,0.006884158202382376
-0.09705936127151453,-0.03483597830238542,0.12196613571273437,0.07703481881524452
-0.054445775425421984,-0.11475816439702229,0.19456756522135718,0.11742882641775002
-0.010854570381936034,-0.17836934952463712,0.22633567860229026,0.12481140625979031
0.027321405034767283,-0.20578029262120767,0.2213941862341069,0.10560798776871255
0.05616267999835002,-0.19017182038275704,0.19309321010866135,0.07278427134767684
0.07490268447948834,-0.13937112874098037,0.15836716842110032,0.04077620618964516
0.08554743831387426,-0.07200741349892288,0.13177245345516864,0.0204008350870553
0.09163357865386079,-0.009974854868840607,0.12118071028886786,0.01557608333008162
0.09660613097263616,0.029768184821945525,0.12631892470163347,0.022925411686549924
0.10240689940787087,0.04093108055095236,0.1402367453900814,0.03422119611312743
0.10876658899496333,0.02911056855028136,0.15277001062538115,0.04055843021212591
0.11342787818087796,0.008279849275475534,0.1545090772013014,0.03654318059839591
0.11318937109479282,-0.005833252618583632,0.13982492731114948,0.022841281125870548
0.10537102336562539,-0.002714739155895452,0.10806964806013195,0.006117752788112808
0.08915978884944861,0.018418322055403363,0.06287866541276182,-0.00357114367387093
0.06634501451522842,0.04829370054017547,0.010221585073450735,0.0031074350441735767
0.0411727743563991,0.07149121984854596,-0.043791392913885015,0.03074191634036247
0.01935472770799468,0.07294737103310334,-0.09443827750707195,0.07679328059175772
0.006550761573018735,0.04443157798146645,-0.13880000317340024,0.13176341046877468
0.0068088427840423925,-0.011575766221599136,-0.17519861932599273,0.18187672805180122
0.021440023662822775,-0.08211859190637916,-0.20224319378702324,0.2133283351452954
0.048643631117509245,-0.1480103042943681,-0.2181887290660205,0.21661761146261002
0.08394414515004134,-0.19044521615575272,-0.22107820558045782,0.18950361463105153
0.12125110629479145,-0.19746514233699608,-0.20967517494169036,0.13765226630948427
0.1541916351768598,-0.16789108113553808,-0.18472939245548634,0.07287246777341684
0.17733730628650085,-0.11136209380783804,-0.14987126199847606,0.009643655372332763
0.18704541383945358,-0.044637444099720536,-0.11152190601091491,-0.03886304616235586
0.18180568102803524,0.01428926132316578,-0.0776023353469048,-0.06402287071925328
0.16215305516062323,0.05197892612697533,-0.05535852918168214,-0.0633863149792719
0.13031189690361,0.06313310947530199,-0.04905644648932833,-0.04045090804064455
0.08974849253829484,0.050856479652294506,-0.05844505615000499,-0.00293970188225361
0.04474291248445135,0.023840776252010833,-0.07865947438501744,0.03966110535565248
-3.9736802916641445e-06,-0.008096041421695274,-0.10171745482037281,0.07848842133352142
-0.0397807577030867,-0.038137919790517984,-0.11915209249148379,0.10701633594905664
-0.0703494887920274,-0.0645796295253424,-0.12486565485904107,0.12186529994151907
-0.08849886763209154,-0.09020133982299028,-0.11717144328720051,0.12280592416272812
-0.09257160706604495,-0.11941827490548815,-0.09926718840267074,0.11223321320803491
-0.08280524591679184,-0.15467428927330062,-0.07795379192230291,0.09437976712243507
-0.06133077244231217,-0.1938470490007539,-0.06106044345427851,0.07441400374166357
-0.03176254834706324,-0.22995827400170793,-0.05451416935878313,0.057449048123938584
0.0015429107493767028,-0.2534469798757469,-0.060118199635855796,0.04746766470977266
0.03434424020093572,-0.2561108575423041,-0.07483473884625595,0.04627215158823002
0.0632098723303174,-0.2350407533715287,-0.09181055133116564,0.052729895243990854
0.08582249489475885,-0.19479826323128774,-0.10275199288914551,0.06268386145474922
0.10082398395566919,-0.146755188439708,-0.10078585959895328,0.06982172578732869
0.10733733043504301,-0.10565531732486842,-0.08280125100009492,0.06751444139539851
0.10446607988345,-0.08460589702962096,-0.05049323633960092,0.05122336833660397
0.09111164649312367,-0.0903858648849473,-0.009820412286650801,0.02070527275374904
0.06632798594355108,-0.12088723052948994,0.030849245960158925,-0.018890290508983672
0.03018321709202925,-0.16570678794096674,0.0632057464906876,-0.05771217857780854
-0.015186329758474882,-0.20969540669540687,0.08123654155905823,-0.08380151698884808
-0.06483814574511426,-0.23813554939495116,0.08256283508188852,-0.08696829696576017
-0.11111059795071707,-0.241607702138952,0.06858079341884382,-0.06271052323754808
-0.14481582855849276,-0.21876209662739798,0.043551965984212876,-0.014708060550606016
-0.157420117935215,-0.17606270919907985,0.013108792277363416,0.04525561462315182
-0.14366092541608266,-0.12476666659093738,-0.0172565292222807,0.10027061924374517
-0.10375568699303722,-0.07646006512407547,-0.04327413244851985,0.13344618692414412
-0.04434082237650351,-0.03897033779870205,-0.062366296714064934,0.13358888761681714
0.022412517218258356,-0.014228682053703465,-0.07359271914952925,0.09939929828039215
0.08150053008140133,0.0012166692707511924,-0.0773217296195633,0.04052508188093964
0.11897037358973137,0.0134612278684708,-0.07487985150444429,-0.02517237195612143
0.12587120702554935,0.02761261642519111,-0.0683025130067594,-0.07742614771888123
0.10102331712948849,0.04491996341755903,-0.06013845014333002,-0.1005374072630118
0.051642500912820875,0.06192829419094753,-0.0531541291673151,-0.08903532448108656
-0.00850391142703951,0.07200092243814905,-0.04980840551206675,-0.04986800165316074
-0.06294306934900386,0.06849975949496025,-0.051515848881776016,-0.00012628638940856245
-0.09720604099091648,0.04817991553132293,-0.057913485588741126,0.039090823876577266
-0.10294734376909578,0.013254313776430705,-0.06647904944828592,0.05058523857100217
-0.08018654036630814,-0.028841072472930013,-0.07282709697985579,0.02788184588676519
-0.03698507211403006,-0.06794689824405097,-0.07180723048675139,-0.021644372260719674
0.0132915403378247,-0.09490998713806195,-0.05920713178872557,-0.0786999844311751
0.056190865340733157,-0.10494530228344422,-0.033550140525598765,-0.11861020503945319
0.08047404539447653,-0.09916056857772074,0.002683625328522371,-0.12027271663073234
0.08112553583864396,-0.08354969022973185,0.04299550196934847,-0.07433955483882673
0.06018869569560934,-0.0658626282677455,0.07820954718672657,0.012420878298667153
0.025321195307674092,-0.051715286588773064,0.09897285512708787,0.11835481934152861
-0.01325470344011867,-0.041691718767155196,0.09870951415253933,0.21354294790492445
-0.04622657139875999,-0.030822707860300096,0.0760693800004955,0.2696337296706922
-0.06785364881220998,-0.010829361149408932,0.035984037783073235,0.2694794585216085
-0.07697369432920574,0.025697511326124522,-0.011160626052179809,0.2131408035069151
-0.07619416762463142,0.08093503328751722,-0.052124472692045634,0.11805377954500154
-0.06980742307114607,0.14925153675973146,-0.0744735681142591,0.01320906702318874
-0.061420781047902065,0.2177613187235663,-0.07020081177169,-0.07066101112922119
-0.052329498064543886,0.2701139457502748,-0.03817573994771826,-0.11144228306232459
-0.04128380576075423,0.29224938790017985,0.01536121219782604,-0.10288407136196291
-0.025672820814003752,0.2779191110061927,0.07843451127481027,-0.05617848656871957
-0.0035275011254936976,0.231697082396408,0.13660561092498957,0.004639964361978707
0.024615217076493116,0.16806381387767938,0.17688561659395868,0.05176334026500016
0.05489823810971676,0.1066396651263117,0.1911205902852457,0.06383850568126517
0.08085615647305783,0.0651947651461561,0.1778852580564757,0.03365755290528573
0.0954816703567109,0.053045471013125706,0.1424176822273679,-0.029426811402425215
0.09387864682939799,0.06743679006720207,0.09474020628076787,-0.10315055596812814
0.07543495299263941,0.09446427756560427,0.04663595080098731,-0.1606291167414844
0.044576983069036735,0.11437909903339502,0.008425583284834275,-0.18020351597700526
0.009685029018277929,0.1093976171903056,-0.013547396132456268,-0.1532466396767187
-0.01954168502802388,0.07108251838484939,-0.018117240074740273,-0.08714990051387508
-0.03535652111428812,0.00441545763588249,-0.009017991826290397,-0.002527837459923918
-0.034669443144016224,-0.07314232656547955,0.006613257039065925,0.07419181296613685
-0.02014761635492509,-0.13743051790103442,0.02041097766369504,0.11997624265799092
0.0007499961375212819,-0.16617895139028888,0.02501201655533157,0.12281001951616802
0.018500245428156842,-0.1472479488361244,0.015821225159580933,0.08504639781901877
0.025033069649031618,-0.08342478931204944,-0.008002054351559332,0.02147376278172742
0.016752212526728517,0.008070820131460422,-0.0434252379602992,-0.04692250435355966
-0.004061022244905937,0.1012502554101487,-0.08420358596694154,-0.10096315883756514
-0.02999381813888423,0.1701265333162486,-0.12212980262040408,-0.12995388487629045
-0.051139915748164295,0.19736666199086783,-0.14863543300654722,-0.13458891896313094
-0.05867481838379886,0.17966557759662125,-0.15648769721707695,-0.12517859752814953
-0.04807082602333737,0.12795156829376386,-0.14130892040056064,-0.1161438954605562
-0.02079322120007615,0.062515511590127,-0.10263653498402564,-0.11914391944953957
0.016117206970101113,0.005079372528488547,-0.04426860532167783,-0.13766674467400766
0.05239629251694852,-0.029065305886996483,0.026263392416226584,-0.16526254457090508
0.07797163884809552,-0.03584126300011814,0.09907486703701227,-0.18810616846705847
0.08621308093887767,-0.02238700377021284,0.16391279941020986,-0.19083846360615142
0.07589447653575651,-0.0025281829294168676,0.21228649491737883,-0.16333043885316478
0.05125326005611966,0.010203350413823416,0.2391827347624929,-0.10564248241770419
0.020246373464223758,0.008964350131910962,0.2438717822954596,-0.029145494615133074
-0.008259365447375447,-0.003338373671496919,0.22955809429877172,0.04674714926691646
-0.02729446909762888,-0.015639921118663944,0.2019913968400493,0.10109585863611839
-0.033612252479114826,-0.014297134784227037,0.16750776816299223,0.11880589816485322
-0.028003975557480344,0.0097429531724488,0.1311800583446821,0.09611925734502685
-0.014193326134929442,0.05534768926740216,0.09572703294800856,0.04218303334268689
0.0030655152710579916,0.1097928812432274,0.061551553239217745,-0.023903132960706
0.019817865625279863,0.15249991903456206,0.027839705445590758,-0.0795069332069615
0.03392598375605986,0.1627380613624818,-0.005782590748327347,-0.10605851549254217
0.044960498794694964,0.12837155804086078,-0.037796071718906504,-0.09515009119571025
0.053186356827476036,0.05210294310969228,-0.06425942059634515,-0.051064710941217506
0.05827397157615987,-0.0475517476912317,-0.0795849414624249,0.011021538722541298
0.05847935896390437,-0.14138143246047163,-0.07846800278404327,0.07038359982207362
0.05080816158072171,-0.19915236978569809,-0.05830195892146467,0.10767014787302148
0.032208343637692885,-0.2004231419478696,-0.021116620681796552,0.11100841989777105
0.0013286095878463668,-0.1424678387060584,0.02585312728156367,0.0793333393418984
-0.039944083613945545,-0.042186467818811815,0.07142720076511636,0.022073898467787473
-0.0859469111719893,0.0689717068367386,0.10336735014709333,-0.044367608313810425
-0.12813266678491214,0.15545630812038186,0.11204495027463568,-0.10187897841553374
-0.1572597110226096,0.18976742133463742,0.09366407948200871,-0.1357695324829235
-0.16620286908023973,0.16192318018956342,0.05186600843577939,-0.13818872108558003
-0.15239829199488159,0.0827701177703417,-0.0029672594240024042,-0.10906199490036506
-0.11899799541583787,-0.020107486970874333,-0.05661920595105549,-0.054739105388020265
-0.07423395901515613,-0.11240202865628168,-0.09528068900276929,0.014713329707256147
-0.029123167008757965,-0.16535138256751475,-0.10974970327119593,0.08838423797927919
0.005754438731376283,-0.16575905086598935,-0.09818222414152741,0.15661250314503125
0.023332644995319077,-0.12010855910083645,-0.06645866917875207,0.2119329746038808
0.0219677988499144,-0.051327900160705126,-0.026043178946765014,0.24910440267155443
0.005578190153377664,0.010491016599168908,0.009921411983056393,0.2648045165034897
-0.017956898550974945,0.039862270916830374,0.030933757601176518,0.2575534687495824
-0.03950789617396052,0.025703902998824375,0.03239347684133031,0.2280813791002881
-0.051535872297739864,-0.024520605644059584,0.016722018083334025,0.17989881602316277
-0.050108819511734966,-0.08784186710574539,-0.007958054216185138,0.11951836020297575
-0.035510721104988034,-0.13480700037184462,-0.03102185721430316,0.05579175671572811
-0.011421655381669924,-0.1410311492671285,-0.043213881891692965,-0.0018126627391319844
0.016829473674717446,-0.09688370982385978,-0.03979921558900739,-0.045622402011696206
0.04415351077799385,-0.011635816907946864,-0.02192293996484418,-0.07202722762721264
0.06699640630172601,0.08950447420383373,0.004195543585427246,-0.0826257911924482
0.08365150227905245,0.17436435832722566,0.029803175572230365,-0.08358311920638467
0.09367545883620607,0.21543517522886607,0.04685266310224824,-0.08319371703383277
0.09689315129435332,0.1998336721621668,0.05071397661019781,-0.08841131471324362
0.09262768211175126,0.13392181029719188,0.041409851272317034,-0.10164508839926437
0.07963566296407643,0.04092461771501152,0.023047422418412143,-0.11917204188435612
0.056840947981090434,-0.04750736562937344,0.0018259020514972343,-0.13200239981108808
0.02451983543945199,-0.1026243706933498,-0.01648252536336753,-0.12911945603899508
-0.014698918201108288,-0.10861336900326948,-0.028547444525372292,-0.10204052617197176
-0.05565342244333461,-0.06771604587877668,-0.03424302077889835,-0.04900672974464418
-0.09161011429337565,0.0013178296217997154,-0.035979216170569796,0.022906764008563663
-0.11618971402670669,0.07070243694051905,-0.03703121323591223,0.09880753436811839
-0.12560059143008248,0.1141183183818357,-0.03969608646610721,0.16005397374059913
-0.12027865829158185,0.11631493037716233,-0.04413615833958369,0.19012482630070232
-0.10515293093431827,0.07832324998643554,-0.048427442785986194,0.1802703376937415
-0.08822276787066999,0.016501553190910546,-0.0497710836893257,0.13287864727912563
-0.07778307182185625,-0.04404545939139348,-0.04628775365399336,0.0612212110047998
-0.07921643006214768,-0.07908664364493888,-0.03853075943981506,-0.014496626992790442
-0.09254476229267267,-0.07430498697448551,-0.029947453244335297,-0.07351670010978682
-0.11176333510613698,-0.03047189827361392,-0.025956085727548203,-0.10116577013590958
-0.12639932266809112,0.03700705612210077,-0.03190669423430017,-0.0934403753592713
-0.12494027936977366,0.10382401174042,-0.05070817348418444,-0.05793717334436179
-0.09905436559928364,0.1455242136809629,-0.08110899047652148,-0.0108270170399551
-0.04715070162301818,0.1460273525403711,-0.11741888968202854,0.02901338019301065
0.02403719536045969,0.10288209553104627,-0.1509215841008739,0.046590075702274344
0.1005442141030793,0.027536543006019897,-0.1725625603597712,0.03575037734593442
0.16474553633382027,-0.05921927083549795,-0.1759684241169893,0.0007932254424492212
0.20034807563957363,-0.1347630470644652,-0.15968194933898044,-0.04573416019081837
0.19722207399746744,-0.18227884185575524,-0.12775907619206284,-0.08811768296984532
0.15450707939023267,-0.19582771838369215,-0.08847672169672513,-0.11347137904229851
0.08097625138513156,-0.18124388310080838,-0.051611714312202434,-0.11640082882914532
-0.007459165774034639,-0.1528475038609479,-0.025292590359119557,-0.10064678763080202
-0.09228844567150539,-0.12745655825702387,-0.013582307245180884,-0.07719037881588768
-0.1575167770969907,-0.11803041259213218,-0.015656540782693247,-0.05963333470217824
-0.19374560527522533,-0.1292253750281109,-0.026812569756967414,-0.058661003449520646
-0.20000296923003277,-0.15627553928774718,-0.040825906839112726,-0.0776906548099056
-0.18289670777745248,-0.1873112772173965,-0.05265091386249239,-0.11131316981846749
-0.15355898741096768,-0.20800175782956193,-0.060346240104138624,-0.14706064280091924
-0.12354332432029658,-0.20669486348979588,-0.06544395490733018,-0.16979451749864263
-0.10109778995786667,-0.1782375709049932,-0.07163900457547898,-0.16707335980213156
-0.08900335497812363,-0.12531551269613966,-0.08238917123242434,-0.1335603052722316
-0.08454414220715509,-0.05714414427209957,-0.09849493334864959,-0.07295030099337219
-0.0814058703284054,0.013724863203703586,-0.11677313987379828,0.0031526862377535096
-0.0726568535517685,0.07518182449298023,-0.13051935838375617,0.07887550137386663
-0.05366675068104519,0.11862417681305801,-0.1317285582325141,0.13885754955525945
-0.023940923230829306,0.14047484160386628,-0.11429704285575576,0.17250930081397292
0.012682734435130372,0.1420020009967431,-0.07696146432139789,0.17641035792196652
0.04940495098638507,0.12789503960570792,-0.024742014294963303,0.1542852689859109
0.07879082972069669,0.10436292656399318,0.031838314315206534,0.11489194447806236
0.09515769652277795,0.07747140202979777,0.0796668503106948,0.06883042374925766
0.0961941460411336,0.0521180970899133,0.10716806094714647,0.025499996114948673
0.08332910760146464,0.03165322906811944,0.10821026421450139,-0.008831782782786568
0.06085612083305135,0.01788201726293261,0.08436386691450556,-0.03147249586300395
0.034254086325255076,0.011140436981681323,0.04462378903373493,-0.04252237375163417
0.00838019068807326,0.010297426256504025,0.0025975985442187113,-0.04354909949361665
-0.01382044790971251,0.012777411301709028,-0.02792513443421114,-0.036461131066059305
-0.03170216547048675,0.014855531778722536,-0.03750543591232945,-0.02303814832237004
-0.04638565723280902,0.012442863452851942,-0.024110275869073446,-0.005124276506615871
-0.05962171287000702,0.0023473221589820695,0.006382584246116544,0.014900954061258864
-0.0725536370786409,-0.016322194407732735,0.04240865038894655,0.03390054435438417
-0.08486540929960193,-0.0411739802485291,0.0708866340452704,0.048368021879641246
-0.09461668839031008,-0.06653837033639354,0.08186951765007922,0.05540750798389077
-0.09879432022342192,-0.08473844382731306,0.07205317494558955,0.05389299974346213
-0.09435758350268852,-0.0884209108161643,0.04593518040761349,0.04519179116938364
-0.07940411808228284,-0.07324888296696799,0.01425204727301355,0.032947084782243875
-0.05407060326401125,-0.03997898812531259,-0.009725503134822892,0.021808861861360808
-0.02088987185591199,0.004967628001091535,-0.01473142096489221,0.015510850450153192
0.015498974861808245,0.05086709483954616,0.0046845113601849085,0.015077531379733871
0.04921187477505624,0.08572294502066255,0.04633987112113253,0.018009471888242812
0.07434249797825082,0.10003998135902081,0.10114162967496049,0.018971462446149657
0.08626805225085718,0.09005528133757912,0.15601154317897814,0.011901800425018729
0.08275467157829668,0.05924184179074071,0.1979552917912038,-0.007184326309410181
0.06462073633972056,0.017457526541810597,0.2178915902184297,-0.03782656864886485
0.03579084808154087,-0.02206552304118879,0.21302374916024644,-0.07427354517305705
0.002673633251871501,-0.04691080376271485,0.18710523434842027,-0.10673456630217423
-0.027078437823489176,-0.04941893732125989,0.1486982252567657,-0.12449455913842222
-0.04622678935879565,-0.029021781905706784,0.10817742152894126,-0.11986306656836286
-0.049685646353515765,0.007820446821702715,0.07457057866795253,-0.09147894818423345
-0.035917340662378214,0.05000723829902669,0.0532609886979281,-0.045601392867586896
-0.00756613663287508,0.0856084922879734,0.04516594611624269,0.005315179098253967
0.028952836826309045,0.10570800024542959,0.0474282348877381,0.0464659105849189
0.06493676785799964,0.10692690082194113,0.05513760384636544,0.06570649088135815
0.09165562624649078,0.09181438014615573,0.06331706419079547,0.05794073682621271
0.1028048974422756,0.06712095865248979,0.0684404485404608,0.027214351583998358
0.09641752608217091,0.04076205043803963,0.06904451766339612,-0.014391374628063086
0.07557703261476656,0.018731185356399574,0.06541747088628581,-0.05082437075827427
0.04758492254267069,0.003166784611208187,0.058710563100999556,-0.0677328618511409
0.02170994217387127,-0.0077504278573920435,0.049993639885050234,-0.05773959746399249
0.006139158321330586,-0.018168676732175974,0.03971024072803001,-0.023386872296541322
0.005087893116636724,-0.03201310897004499,0.0277352438615177,0.0233916172173223
0.01706754426385097,-0.050674809158016955,0.013921457687184377,0.06518486211023558
0.035008104687576806,-0.07197029022515329,-0.0012182635031812517,0.08509040153088467
0.04835619111458741,-0.09083701324073962,-0.016110302207386788,0.07268805624543515
0.04659655671531989,-0.1014741295254466,-0.028284690246783664,0.02789370698029997
0.023104447116285603,-0.10000311964751588,-0.035121705878961976,-0.03867836707809058
-0.02197006650067984,-0.08647473165604898,-0.03491496985025098,-0.10898567731423964
-0.08085697604959864,-0.06529355213559766,-0.027808461117862827,-0.16332464313889158
-0.1398172183318458,-0.043775071514880526,-0.01617073010863623,-0.18659823902165587
-0.18293238413805846,-0.029333147680740593,-0.004160274161071235,-0.17294799220656157
-0.19693208520233507,-0.02639835511799645,0.0034605463039477508,-0.12723258899666046
-0.17554425936032828,-0.03433772958629922,0.0029062805384565717,-0.06297210702369022
-0.12192940281605769,-0.04730217978885341,-0.007192691797827611,0.002390545008714707
-0.04832098970352663,-0.05619326482215566,-0.02501919527802641,0.05317567222849337
0.027130408036601265,-0.05209922734387169,-0.04579158018736061,0.08013235680714673
0.08540795079504337,-0.02993323071112854,-0.06298232064278189,0.08258737348112663
0.11204369613816133,0.00913487649517776,-0.07020303237032352,0.06755221204126449
0.10122885585323387,0.05745923137740816,-0.06319556954303904,0.04635611408139792
0.05735446641103148,0.10311195079903736,-0.04131642292147356,0.03018769329560988
-0.006465713227485268,0.13378438699258668,-0.008041947301631502,0.026189163835774902
-0.07238111580090226,0.14102537196556997,0.02969281671486508,0.03540168074240052
-0.1230106425085114,0.12328137339738934,0.06316978265703056,0.05308140328862003
-0.14623486242412667,0.08660801308437058,0.08413537298244042,0.07101448032076398
-0.1381331947559083,0.0427518512574752,0.08701726246000546,0.0807920493486414
-0.10327977409392272,0.005250942997224128,0.07051668632894958,0.07678746146872575
-0.05249492936162504,-0.015078119624785735,0.03815015140679692,0.057841790092993776
0.0010423137355648274,-0.013675144965384618,-0.002412077907549515,0.027257874390361772
0.04594927757614786,0.006445574705789865,-0.041058857844679,-0.008635959027452424
0.07570787434331744,0.03603502265232722,-0.0675915363622177,-0.04262483395267678
0.08976099311477216,0.06309819568248085,-0.07415299984257595,-0.06860379223132711
0.09248821412540552,0.07726604836039874,-0.057150247317775,-0.08281421129042499
0.09064639170381829,0.07349056965566532,-0.018207556614089286,-0.08412968954574085
0.09033863671082715,0.05376875775350844,0.03608601402178917,-0.07361581490328437
0.09464569751520842,0.026321082718589062,0.09558808891153146,-0.05381059681245316
0.10271760494468876,0.002557512457880374,0.1488510057766624,-0.028130325669019338
0.11052611647997891,-0.007066769617043642,0.18567956063640684,-0.0005598459175885362
0.11285082060923443,0.003159662393216663,0.19938956644007594,0.024507503272043315
0.10564284120949456,0.03207943934919201,0.18822421661327116,0.042585390432433874
0.08782455103786899,0.0719087676270394,0.15558966636364985,0.04981555943341698
0.06185334703786238,0.11072360698387901,0.10906788046599818,0.044082688364033146
0.03288340445871868,0.13631075734724152,0.05847857676076931,0.02617510356196418
0.006901480384830169,0.1400765819234591,0.013507461522795285,0.00041845991281979494
-0.011412400613690869,0.119734539441916,-0.018476666655065702,-0.02575527563277606
-0.020273363544942545,0.07994482286006044,-0.03386214746407188,-0.04351026197785508
-0.021242590968066747,0.030780419638402005,-0.03316400143370373,-0.045267130618857954
-0.01840539799730973,-0.015403563217135464,-0.020310884751895682,-0.02751104802746987
-0.016626914249659296,-0.047647311831382724,-0.001146844421746564,0.007303752134842644
-0.019572834676364982,-0.05945449320895298,0.018349015358532818,0.05064150985201625
-0.02825025383781008,-0.050362672425003974,0.03358312501453591,0.08989695376839867
-0.04060589917457923,-0.025652173020499672,0.04220212305638038,0.11209475750566597
-0.05230719416358309,0.0055769795308309306,0.044133136147164576,0.10814584738915442
-0.05838563437965156,0.03326074312494813,0.040946859740457635,0.07619876887891376
-0.055109150919704794,0.04924766705554943,0.034892241670685276,0.022820596657703432
-0.0413824494619673,0.04936773763792732,0.028016658033623888,-0.03856706016913876
-0.019168958667685167,0.03418532819843299,0.02168817308683778,-0.09161633218557134
0.007195598042205721,0.008362391870895285,0.016623342238184284,-0.1220947502569847
0.03251503620587145,-0.02103658181871102,0.013285768345405645,-0.12233903369881703
0.05249127556673641,-0.0467049938691317,0.012356376933136496,-0.0935781046844251
0.06507795159740495,-0.06306680823655925,0.014954060099258204,-0.045311917277776066
0.07094694139583137,-0.06753982194014543,0.022413913440990748,0.008024426650496474
0.0729277574106362,-0.06082862025403208,0.03565523600909595,0.05191028445215712
0.0746632842950494,-0.04628669435975964,0.05439594929843693,0.07636772771782953
0.07900831350755175,-0.02863965462428264,0.07659399871658297,0.07874195826115354
0.08677921745851065,-0.012503519866899414,0.09845781004011103,0.0637206673779069
0.09632001228428276,-0.001138620350802675,0.1151707949402889,0.040726902452775514
0.10404072466508016,0.0042361282755436595,0.12219015027296887,0.01980186890730695
0.10572546475691608,0.004438729041215415,0.11671989309345192,0.007633561739684727
0.0981307918069094,0.00171385247614066,0.09883174878789322,0.005278317277449925
0.08029680841309184,-0.00122567346304377,0.07177747632322935,0.008411403346184634
0.05410344752901825,-0.00216335593154357,0.04129003867984874,0.00991104734236561
0.02387681051687541,-3.232928142669206e-05,0.014022772899137073,0.0036354658831315176
-0.0048164910702823,0.004934661094346239,-0.004403516270360161,-0.012231153324400425
-0.026774208867778707,0.01156569121538531,-0.011109014480527306,-0.03371662787715464
-0.03862656837937249,0.018442967898462455,-0.006839326667838569,-0.05217437886418683
-0.03969614205017806,0.024630306773980613,0.004286231381049565,-0.05761198283882238
-0.03199921000436244,0.030123668530881387,0.016089311040732218,-0.04294769270233934
-0.01943260083483194,0.035819980647446875,0.02227277888592561,-0.007479161278858983
-0.006453242739676342,0.04299190846781673,0.018338915244385322,0.04190360365356413
0.003297264042895565,0.052466954652003454,0.0028583462534879783,0.09239035128706372
0.00798485131451755,0.06385701693030038,-0.022295574213007763,0.12932672805812148
0.007910940921452295,0.07520445362066008,-0.052760195508253505,0.14126111867436283
0.005131822460840537,0.08328151134870172,-0.08319483584221438,0.12410780076179731
0.002555882711368397,0.08453733076880057,-0.10891868811120593,0.08285300709390538
0.002853892202971338,0.07641559901648354,-0.1271020132010382,0.030114367538096223
0.007543017545985511,0.05857214641987315,-0.13714648418324066,-0.017980917105384978
0.016511840097123465,0.03349224272055046,-0.14022326598231655,-0.047145002028967056
0.02808559967662498,0.0061730496735807345,-0.13826112167999757,-0.04960247448118052
0.039552565276542495,-0.017145571535950723,-0.13286671110358145,-0.026443234281391555
0.04794384023265111,-0.030856902458683014,-0.1246466432290686,0.013125556315599723
0.050815089003222444,-0.031855486552233636,-0.11319887619945887,0.05527145203072288
0.0468205121343462,-0.02072000198595436,-0.09773753766806009,0.08643420129512058
0.03596787817627906,-0.001720674394392746,-0.07803619952814206,0.0978292756160503
0.019554414563632723,0.018450070096188865,-0.05523335951346252,0.08797701886369981
-0.0001337490920260906,0.032865235226242774,-0.0320958554735548,0.062473826630992206
-0.020243262491014317,0.036748423362230206,-0.012557701929568852,0.03127711677835811
-0.03779658908367711,0.029214719629543237,-0.0006517235427323971,0.004680973082401129
-0.0500987687185977,0.013707476718970373,0.0007925928235425323,-0.010424213565953609
-0.05509027519266377,-0.003092728480369032,-0.008797802591269133,-0.01262624929545351
-0.05164438070577201,-0.013568427042456015,-0.027338356011470024,-0.005748898336116187
-0.03979446949398923,-0.011903801648617958,-0.05050468901071298,0.0034141453680087124
-0.02084780811962171,0.00370054844749965,-0.07283922792278028,0.008318374298255035
0.0026786898636228275,0.030146332826899935,-0.08917492435691456,0.0054583806412629825
0.027355796748279915,0.06024744572486481,-0.09590943915481553,-0.004394388727029432
0.04937896107123866,0.08499351983178557,-0.09174515893813145,-0.016925460437943227
0.06527468181442656,0.09650611961039585,-0.07772790921699141,-0.026555870036052462
0.07262869609981937,0.09066801737908227,-0.05667673141623562,-0.029200177966207455
0.07064472545826421,0.06851160782630997,-0.03229322438927391,-0.024265677915047263
0.06035822922130807,0.03588786816510667,-0.008298503401898513,-0.01500819540139512
0.04440989031689466,0.0015453372886554996,0.012142840630604598,-0.0070841442040691024
0.026408313922902042,-0.025692737441807393,0.026636772044265625,-0.0059262752782136136
0.01004065933300944,-0.03965991324176937,0.033525190219721335,-0.014091037364794591
-0.001822330807537905,-0.03855177916037059,0.03181908576956084,-0.02975997364261364
-0.007768793984168389,-0.025065177878909772,0.021286985574648393,-0.04710882989307084
-0.00805116439744668,-0.005012272447316099,0.002742509688219137,-0.05847719215031407
-0.00430732233393874,0.01500262534587854,-0.021609659192309623,-0.057500192555558036
0.0010943651920090752,0.029944459512003335,-0.048037750273791216,-0.04192326626368231
0.005858519596581346,0.03788240443142491,-0.07161942118056694,-0.014900442646271259
0.008446233357174537,0.040189785582467906,-0.08715621409928527,0.015844704690398358
0.008422637517979031,0.04043269989344748,-0.09051621762689424,0.0407635363939986
0.0063798272686608065,0.04247111797517257,-0.08000888134381369,0.052113871817185665
0.0035017772731579452,0.04857370516768045,-0.05727505123864167,0.04706012316929335
0.0009642735212154821,0.058303780090110086,-0.027255298614233422,0.028980796302566003
-0.0005861944978039491,0.06859747286587586,0.0029225062862257463,0.006387691952819945
-0.0012734131888670654,0.07496772946907151,0.02590777539616228,-0.010217019759695387
-0.0018702709590071448,0.07332501037796313,0.036362260966129115,-0.01239969396837183
-0.003382273498326524,0.06167882810980666,0.03271131710549937,0.0027701243883678367
-0.006522814872327209,0.04105418112601587,0.01775287540517472,0.03125523856397766
-0.011311207846791313,0.015284204881135143,-0.002180689749491843,0.06318461838868017
-0.016973945079386238,-0.010214387007013763,-0.01931359686850001,0.08624038639232245
-0.02220363191734043,-0.03019360437803497,-0.02710969300749802,0.09009391539534277
-0.025677994642829934,-0.041191855950084316,-0.02263028021438225,0.07027086149882691
-0.02662459717685899,-0.04244857359643356,-0.007713183765557928,0.030012828682466013
-0.02518454250045625,-0.0358549948191623,0.011501657416729635,-0.020572840115829202
-0.02239761937896694,-0.02506488825033639,0.02660410263453472,-0.06779482699282438
-0.019779181196736835,-0.01419010720517309,0.029845431106945937,-0.0989268074376588
-0.018629989080809265,-0.00660705934252347,0.016964910241932446,-0.10640787307958395
-0.019346633208223617,-0.004275952424788194,-0.011091229341912312,-0.09022229727704238
-0.021028162691000274,-0.00769721088316893,-0.04819917678229854,-0.057663174353892
-0.021586015091532483,-0.016333410381443564,-0.08487572694716192,-0.020634700570558523
-0.01838552132429387,-0.029146096836021086,-0.11129772707840811,0.008483739759149747
-0.00924101632901303,-0.044910923695078764,-0.12050455973528455,0.020917864643177957
0.0065699390344625234,-0.062164649844706515,-0.11068887488871235,0.0141153938983904
0.027651712934843302,-0.07890237413513573,-0.0857888849818097,-0.007918355135836032
0.050480984056320066,-0.09234436896033779,-0.05418048663235793,-0.03652837811117388
0.07012428296200844,-0.09911807730778491,-0.025921812594862613,-0.0617289931606181
0.08151689042888259,-0.09602289884081565,-0.009494765178889308,-0.07565751216335045
0.08093208076028574,-0.08123388307648038,-0.009145574249925403,-0.0749370864294725
0.06718140268082463,-0.05549896686560042,-0.023698804180710527,-0.061220334400870186
0.04215050441331094,-0.02274741902310487,-0.04719400046361136,-0.039914166290478434
0.01047343069672077,0.010351299014047834,-0.07106307196420303,-0.017756661362060507
-0.02158347990953452,0.03597466739001076,-0.08705422967719101,-0.00027831908992796695
-0.04770866246558545,0.04749866970820011,-0.08989060678284108,0.009883982851527758
-0.06313853685790266,0.04183712275562847,-0.07879340989794567,0.013285601696609603
-0.06579688552461063,0.020863874073095163,-0.057434761394368414,0.012656630991253963
-0.05667096359020754,-0.008758083518527266,-0.03244640885228513,0.011164657887218668
-0.0393573203372129,-0.03748148661763123,-0.011092291235123564,0.010792149029022025
-0.01896147558931282,-0.05599775834757236,0.0010502454487757995,0.011535334673451657
-0.0007129977782518448,-0.05853641399658183,0.0016321044697086007,0.011713352697016483
0.011292032896510408,-0.0451278704074876,-0.008131585064096045,0.009158889321377095
0.014892489576924598,-0.021899846099565565,-0.024298629737765233,0.002669155948986826
0.010056535677440146,0.000857029965943678,-0.0417725254781911,-0.0070071878956726105
-0.0014789468597145704,0.012299859094880596,-0.05596817788485298,-0.017148486140550465
-0.01691412556909183,0.005098250823720009,-0.06398118807157228,-0.02405822981725496
-0.03316400285631367,-0.021519256894147392,-0.06493898411674036,-0.02466288615125326
-0.04747498262384636,-0.06092214179932722,-0.0595714397323937,-0.017995048643693584
-0.05776076390477533,-0.10087694740464478,-0.04934049323262691,-0.005863971719465677
-0.06267184719984882,-0.12748024498221278,-0.03559716611944867,0.007657851467768158
-0.061511349479760474,-0.12991560160223473,-0.019152270806573772,0.017799198458507522
-0.05413801732834099,-0.10437303475808851,-0.0004044794866459832,0.021101496253596447
-0.040953042471741065,-0.05571412424325679,0.020119544599867818,0.017036333661727132
-0.02297921857199592,0.0037660549092152287,0.041165236313294024,0.008496381090478303
-0.0019546504470913826,0.058108312448082476,0.0604787071331179,0.0008498721401119791
0.019679295371506186,0.09271539578126134,0.0751033124402041,-0.0001735922385893221
0.038994049607804504,0.09890820426113961,0.08221597054883013,0.009005255293008194
0.05301421218732843,0.07645417914635097,0.08020521778404129,0.027899199703804084
0.05930237980623154,0.03323926644599179,0.06954015414656003,0.05146497067761505
0.05652997484200582,-0.01772289756393134,0.05301500658720802,0.07137115722340753
0.04485371542914591,-0.06281248759221485,0.03517184864293481,0.0786962097500287
0.025963911639691896,-0.09221291862743643,0.02102176392973159,0.06715983908297782
0.0027695017628514562,-0.10266453163964273,0.014476343139802665,0.03573164252835913
-0.021201560092565214,-0.0976800409398223,0.017047264814724114,-0.010379425272900762
-0.04252188544936528,-0.08530501624751834,0.027306888836926543,-0.06081740607734256
-0.058511710399513805,-0.07440925507700538,0.04134395128303932,-0.10299401531110473
-0.06765818531107987,-0.0709970883270431,0.0540888823992296,-0.1259137513875762
-0.06973533476428921,-0.07594765302391335,0.06105783284921822,-0.1236512450784719
-0.06564822183717327,-0.0849853453108774,0.05989802026075931,-0.0973102300559251
-0.05709530834127853,-0.09078448687466659,0.05117614663031585,-0.054787781994392035
-0.04616677078719347,-0.08628318032874821,0.038118683099485504,-0.008396727406882694
-0.03497370445195678,-0.0678380621690586,0.025391585481748122,0.028890149673974262
-0.025353944431411334,-0.036956280839279335,0.01735847308434954,0.047362373176678324
-0.018654033804098795,6.108280228949402e-05,0.016450478121243756,0.04341194768570379
-0.015567503860900115,0.0343849239063604,0.022245326936028098,0.020420566155531693
-0.016023760008643386,0.0579000404775465,0.03159958801139705,-0.012523842977753791
-0.019155898801566547,0.06612237397335403,0.039798103243127735,-0.043598414563234024
-0.023402891096554933,0.05964791286623896,0.04231599543820799,-0.061908640541659565
-0.026795714595204294,0.04359893550221046,0.036564320301068966,-0.0606825598228402
-0.027427509255352034,0.025344335992221266,0.02299060009188926,-0.0390519484677144
-0.024027375360356457,0.011456433637906327,0.005129160289976651,-0.0019806565398078867
-0.016479347705612803,0.005154116122194394,-0.011437312299172171,0.04149386107870028
-0.006092938304109062,0.0052610310549892,-0.02086458456831832,0.08103713012594618
0.00453131735389966,0.007072352492460694,-0.0189829067995706,0.10789824357208008
0.01208655912785481,0.004734408713764668,-0.004732764930563894,0.11704682054406507
0.013484778249102575,-0.005881511674257087,0.019377304598938862,0.10804280998601647
0.0068688776764791355,-0.02503453549037063,0.04793796712042953,0.08456302239109081
-0.007615396073672894,-0.04862558398583926,0.07420559650490632,0.05291880263759008
-0.027578344623478242,-0.06961293855778587,0.09205401661420318,0.020144618995024285
-0.048819761453579566,-0.08079279171746763,0.09768788722270691,-0.007738326183030572
-0.06636516492439398,-0.07782770362097764,0.09059308959947186,-0.026849053972279747
-0.0758217970968137,-0.061273406513425804,0.07346540475023819,-0.03580405850943334
-0.07464201612061183,-0.036726278953488734,0.051196194817576014,-0.03541135143977455
-0.0628872748687837,-0.012947727878997131,0.029288110895728706,-0.027976688108344677
-0.04323273158155815,0.001370377817066372,0.012230898803222624,-0.016529174315520912
-0.02019527590976019,0.0009734891058517936,0.0023437676361522802,-0.004187358253795188
0.0011762605068572698,-0.013769614410176684,-0.0005946437290902107,0.006255754535974791
0.016731114805797906,-0.03675245669029663,0.001116031164543077,0.012576589605014964
0.024312237343918748,-0.058197946514793764,0.004166306938935431,0.013298271833741812
0.02418203427284337,-0.06818109068996189,0.0055076692318226095,0.007879106006613972
0.018675389953511125,-0.060313262275629026,0.0033894587164024076,-0.003092635386529803
0.011239771330429905,-0.03421395284389557,-0.0021617855327017606,-0.017789235363142166
0.005220653925114439,0.004162654198943211,-0.009533171398585328,-0.033249968789085496
0.002815473820959976,0.04448338870189299,-0.016266022961241612,-0.045797605567051175
0.004531980321680527,0.0755640395969788,-0.020048628341275535,-0.05175572909050038
0.009285178759214044,0.08918172129542491,-0.01959734176428205,-0.04832818742680192
0.01503022721287918,0.08279147910898484,-0.015121872455200438,-0.0344024568612153
0.019646054878830095,0.06018950704255899,-0.008229307988863354,-0.011016316358763698
0.02172115089689273,0.029936658208355074,-0.001321501211863474,0.018699469137488902
0.02096537255461632,0.0021803119167808638,0.003286317378368847,0.0501395387075577
0.01814291388809383,-0.01492022670142816,0.004207774778131411,0.07826317433651794
0.014618151547073448,-0.01785627509137737,0.0014905853873577873,0.09877231482748086
0.011748242515255785,-0.008598310332390238,-0.0033926270036499506,0.10909179845882369
0.010390580014098722,0.006615044748666171,-0.008066580080308687,0.10887006835067956
0.010712976558161036,0.019967392605421033,-0.01011038610106108,0.09986612621130052
0.012341123658745342,0.025149775542502847,-0.007954593433466805,0.08527970640214667
0.01472187037971194,0.019662810433893882,-0.0015057324963416822,0.06875209771069624
0.017490894553067286,0.005514082972114882,0.007726638655447718,0.05335785946427768
0.02064702171614365,-0.01185872491597569,0.01706067564946969,0.04089319303642662
0.024443476470922043,-0.025922111457243917,0.023502496715749263,0.03165245077745991
0.029057049155225955,-0.031665931022053534,0.024757320574005016,0.02471170769833819
0.034218423940146854,-0.027475964851095533,0.02005169023994029,0.018568079783872097
0.0390218292964047,-0.015571981004975553,0.010477974844402937,0.011873932224408114
0.04205970963222883,-0.0009188894563021757,-0.0012776899940567799,0.003992270041726566
0.04187722315289282,0.010877113812844313,-0.011760297330217016,-0.004815134738105423
0.03757866172430521,0.015799818000591707,-0.017870403298357047,-0.013605166667603783
0.0293192628949331,0.012885760827416916,-0.01792219075813197,-0.02125547991700571
0.018432850148099665,0.0043706389777254315,-0.012274651196089212,-0.027021077374624704
0.0070809204928152375,-0.0054754382498458515,-0.003302219918147428,-0.03089630517131154
-0.002488312234541795,-0.012288251065335286,0.005317605817573748,-0.0336128542665082
-0.008796673665480474,-0.013493287589795011,0.009793703093898432,-0.03625411780355657
-0.011750083665805787,-0.009350333763537014,0.007512149671742616,-0.039630766986538696
-0.012715601702954344,-0.0027417766658763415,-0.0019985690976354817,-0.04367850870803519
-0.013966301571623898,0.0021853370337364605,-0.016765587616426818,-0.0471584443505091
-0.017660188193822115,0.0019407084185293633,-0.03286449456542049,-0.04784845748922599
-0.02473749603439918,-0.00463620020351487,-0.045580251060477535,-0.04323673069940717
-0.03419943288683945,-0.015660644626555142,-0.050883419144214445,-0.03152605980103766
-0.04312488762470167,-0.026764791549718225,-0.04675185032760159,-0.01260486762423195
-0.0475169900464697,-0.03274153778210461,-0.03390254420458349,0.011399248183970992
-0.04374300602959007,-0.0296366984017669,-0.01567762749412291,0.036267747242424785
-0.030066480334187864,-0.016470254119529057,0.0029033464629603933,0.05660737418407674
-0.007681219881506239,0.004097123449413598,0.01664212749764283,0.06733131827049396
0.01920804177885882,0.026435467364019034,0.021745542877039226,0.06527403573044413
0.04439003179557998,0.0437310005866028,0.016993868833455085,0.050407731863649205
0.06146927847993432,0.050244922660067026,0.004120790901730613,0.026204135088351087
0.0659140923775178,0.04323505415930511,-0.012719263237020415,-0.001072290837854012
0.056615118209138886,0.02386579183812533,-0.028231309456363582,-0.024013732644105664
0.036376606615833855,-0.003186861949954156,-0.03760664778053777,-0.03620788019598771
0.011120461448551193,-0.03125311150761495,-0.03798926831772405,-0.03421316020006781
-0.011963237710963696,-0.05373978962796321,-0.02933076172425314,-0.018723458613601786
-0.02670203549056711,-0.0660224814798816,-0.014380224505665368,0.00549948359530536
-0.029877439200679524,-0.06654269681256919,0.00217155542005934,0.030966508513394095
-0.02214025922408306,-0.05682346303568385,0.015115137549827434,0.049698290775983325
-0.007593759348858305,-0.04052491880888734,0.020270078150468593,0.05567206974631135
0.007789859515172151,-0.02198911410676161,0.015693337851986976,0.046696081586672586
0.018336323375061678,-0.004852932272303431,0.0022062097112839595,0.025094309300213585
0.020632499908681295,0.008792972712629254,-0.016883412087020253,-0.0030384654137461144
0.01458554797222808,0.018493812917065436,-0.036743578028237446,-0.02978269413018747
0.003221976312519685,0.02488524778460916,-0.05235484186650119,-0.04791053679372188
-0.008656683638680808,0.028867836192495035,-0.059825149096890455,-0.053146508455907265
-0.01642165456171777,0.03092244873871512,-0.057325091682580966,-0.04542855249729631
-0.01741331376855193,0.030869009457011064,-0.04542306686483184,-0.028762749586534533
-0.011904326920789014,0.02813198704675203,-0.026786159464996795,-0.00974283839008172
-0.0028783272438554983,0.02232767414037337,-0.005387610236597701,0.004740270491486856
0.00526650760035699,0.013838994734078281,0.014523612996534416,0.009802623680470385
0.008565956973400686,0.004054323934199702,0.029405799220575762,0.004096179550282561
0.005158302380982468,-0.004892663999303215,0.03712549297667568,-0.009942332400330212
-0.00388484820519858,-0.0108093554941261,0.03724645520000774,-0.027168393196810206
-0.014895927104257235,-0.012278388217902503,0.030897231757516852,-0.04170818164668179
-0.022994079727966073,-0.009276500836169349,0.020310179061127316,-0.04910196146874321
-0.023985319687704367,-0.0032887501026408993,0.008186224793874187,-0.04783308924940738
-0.016050698521204547,0.0031688549522500917,-0.002946097643879573,-0.03970404151210114
-0.0005708141848141529,0.007459248263949763,-0.011234694632656323,-0.028955123304573258
0.018238886966880224,0.00782138273089298,-0.015779981543701936,-0.0204886943642235
0.03475860351620022,0.004061249658110656,-0.016653537760188644,-0.017889280262931163
0.043936377658896394,-0.0023443629687215466,-0.014688676689121546,-0.02199721035927399
0.04307650056585033,-0.008784875445805584,-0.011119110123852145,-0.03057663958003573
0.03279019069428264,-0.012495340042884981,-0.007170581798047013,-0.03920002216781737
0.01676870488824807,-0.011605151970914884,-0.003716341643563534,-0.04300779774430892
0.0004743481544294964,-0.005854975339537757,-0.0010880354239749326,-0.03866837137925092
-0.010763179502872602,0.0032897688472325187,0.000909739806907877,-0.025784996783002372
-0.01355367567241069,0.013166044929309034,0.002792826155987041,-0.007202679531810557
-0.007519774822164826,0.02087206635285786,0.005072345754298879,0.011917700828272086
0.004714857980605516,0.024287867481752348,0.007929315448260116,0.025924867852135384
0.018571506559015134,0.022772890997168973,0.011017205229030796,0.030726639160023078
0.029178561843136913,0.017290228539355565,0.013486222468788014,0.025298262439046953
0.03303394689557093,0.00993450151133006,0.014249769826923706,0.012081930957383052
0.029087729352291328,0.0030696787340935977,0.012422280676593931,-0.003879283392108461
0.01890874101936625,-0.001574937338960733,0.00778008219381696,-0.016759458852584952
0.005948908741334042,-0.003500273044058644,0.00106460744280399,-0.022052515436107378
-0.005761099349123222,-0.003508294099486456,-0.006020873800436234,-0.018187427052541606
-0.01297777383460413,-0.003244876027199403,-0.01117686848020832,-0.0070662879804220605
-0.01419145249163806,-0.004417940877751013,-0.012164402563634515,0.0066639584883782105
-0.009873379129456489,-0.008013631931715656,-0.007564052985189584,0.017327455314706294
-0.0020266752287685444,-0.013822822657345704,0.0026145159087893124,0.020283955287771202
0.006702988947662969,-0.02045890261196731,0.01670295973367026,0.013583180279499577
0.01397420674653816,-0.02585136272784158,0.03164844533495251,-0.0013867512370216162
0.018405870078575793,-0.028016874916904154,0.04375434986558646,-0.02047125305178754
0.019759328512285262,-0.02581011585743113,0.0496882244759721,-0.03830156875601968
0.01867861654214467,-0.019374676851961432,0.0474531272354938,-0.05023070041361942
0.01619192654278577,-0.010137069800021357,0.03701228983877172,-0.05392879507488762
0.013238123281176711,-0.0003615966974397887,0.020357219646846662,-0.05005925641694777
0.010418397777288653,0.007558633014246526,0.0009853028625908533,-0.04181550955219282
0.008026807343828657,0.011817157718499983,-0.01705449797572684,-0.033531409154979985
0.006259868008663702,0.011677165747472615,-0.030247542648408857,-0.02892137605954994
0.005418443593790484,0.007586722449786254,-0.036490670241988064,-0.029632007443878304
0.005933981443659468,0.0009327884085944121,-0.035497039062876226,-0.034652061785170024
0.008163098294322449,-0.0064366467683533435,-0.028631543721443248,-0.040788485104820874
0.012042082242241736,-0.012733734457576851,-0.01827590320163951,-0.044004814812845065
0.016800526145587902,-0.016625695979404977,-0.0069774448142715245,-0.041091928850203484
0.0209427544378389,-0.017413266056935585,0.0033063470610699697,-0.031021674795000575
0.022603715091153026,-0.015001604646507127,0.011613591280176708,-0.015462873229635132
0.02021235406929088,-0.009747924410542327,0.01793008351100866,0.0017366037886819632
0.013227107257589191,-0.002293076303928984,0.022766508738574782,0.015904307022665536
0.0026259042319487433,0.006547127320789589,0.026584393902628924,0.023223201994929023
-0.00911471204484366,0.01581824248404536,0.029345375218374777,0.02210883953451768
-0.01863819684958639,0.02443796731767038,0.030396490523384792,0.013774630885574214
-0.022771161054774405,0.03125274006597886,0.0287546811613087,0.0017827514856415365
-0.019673629197827086,0.03518904282370945,0.0236763074972271,-0.009245875996654964
-0.009640497468529928,0.03549043296366644,0.015263595631055518,-0.015284638052022962
0.004790283388754129,0.03196789860964579,0.004824657176482075,-0.014316957070039379
0.01952927198625946,0.02515579021909563,-0.005215796721790393,-0.007013640685345015
0.03023383306150692,0.016279825379689937,-0.011889764385017508,0.0035512878574027983
0.03377464295894954,0.007006305282375641,-0.012585273041896237,0.013020296060447183
0.029340815136954704,-0.0009715418385323263,-0.005970739386691917,0.017290610607280085
0.018761682070820657,-0.006380497260534995,0.007392610827268636,0.013923873085762359
0.005897399240373373,-0.008691378883179675,0.024998441559573925,0.0029499073648895507
-0.004707735722575249,-0.008199871505225595,0.04296647773193163,-0.013178158194996306
-0.009435010142165648,-0.005831450651595363,0.05708489888580234,-0.030414369490741222
-0.006880225345639649,-0.0027433565115485004,0.06400300631892886,-0.044409533409685356
0.0016544484220469783,0.00012262395345664923,0.06219286692628209,-0.051803227579696035
0.012653319582785948,0.0023613505185519634,0.05236923952683606,-0.05110077120772219
0.021688948896581663,0.004173346855388928,0.037234268153020916,-0.042898173604294446
0.02505554727871722,0.006157456433422612,0.0206350435597608,-0.0294624761389342
0.02113172672671723,0.008917743229543654,0.006411161488843312,-0.013889280051352499
0.010970300893802118,0.012656127926618722,-0.0026982333856126403,0.0008304837379848754
-0.002099221206843971,0.016934805061687385,-0.005751401244444565,0.012524423753686946
-0.013702351132145872,0.020729000776950352,-0.0037109841637555444,0.0201527964056468
-0.020024044423889893,0.02277401191218425,0.0010337865047464617,0.02371728828799625
-0.019190611071180152,0.02208588311289228,0.005538461691956056,0.023905893867772098
-0.011923555676154367,0.018452495746318243,0.007265771145173586,0.021680863098707356
-0.0012365311908381985,0.012686292077719506,0.004831805979645415,0.01798610428931114
0.008696167713559695,0.006507221065388997,-0.0016758021737344891,0.013650139758947362
0.014068730798137495,0.002058455179224452,-0.010863965387572904,0.009443658666093438
0.012804244031771363,0.0011989067685269032,-0.02058210519250954,0.006171835622615536
0.005258106119053533,0.004812041351697202,-0.02864050604906053,0.004674228559276919
-0.005967412686231251,0.01238220928062516,-0.03345848849410525,0.00566797049262964
-0.016996130349675058,0.022010187792497346,-0.03445294668383936,0.00946969751358484
-0.024054549653665894,0.030894747879787438,-0.03208231115754463,0.015718722456961966
-0.024740198889939002,0.03614695480872028,-0.02757781103692547,0.0232552194280021
-0.01873769521884571,0.03568484073778848,-0.022483730697012094,0.030264795140010792
-0.007767451382406768,0.02892026724947623,-0.018167001413646945,0.03469992878056441
0.005152755041250873,0.017010467090286807,-0.015440750067596728,0.03487088562914198
0.016807163928278954,0.002583806301329594,-0.014391485727351418,0.030014025957829357
0.02481052726440261,-0.010983271456709638,-0.014430028333879397,0.020631551168183545
0.028200499945526994,-0.020518988531659378,-0.014525472651223552,0.008462899759362246
0.027430715725239585,-0.023948746268395583,-0.013543780245001628,-0.003928839848973246
0.023850652032527175,-0.02085953313794474,-0.010600849681375674,-0.013838064699101506
0.018952996200718025,-0.012573785816798876,-0.005348366737191329,-0.01915349788851774
0.013734476752663025,-0.0017231107468849358,0.0018692440378560646,-0.018919230991014176
0.008433471472195246,0.008537055232978485,0.010023156734201354,-0.013549766356011492
0.0027197938391308255,0.015428892663221706,0.017581580875536473,-0.004646839533276142
-0.00379711204145192,0.017302754143769666,0.02283970785812417,0.005503922609308799
-0.011016368475294048,0.014026999672429388,0.02433836521667125,0.014582578326295108
-0.01804012352368701,0.006924042787956761,0.021279503750978007,0.02082645684379819
-0.023289966208412442,-0.0017025034247529353,0.013828786197853576,0.02339969031151666
-0.02502874925879195,-0.00928786496843829,0.003204201098705523,0.022465969636035463
-0.022084136200746583,-0.013749259439572828,-0.008508263647401593,0.018991227710408246
-0.014468161925597637,-0.014035315139225974,-0.01879971603112488,0.014379273078588523
-0.003613839583809779,-0.010335432298783278,-0.02534970105100326,0.010071704779576744
0.007904921722447361,-0.003912181663833825,-0.02664288428779922,0.0072224101163819825
0.017099469076511692,0.00336618816807404,-0.022406962771408384,0.006504607764378348
0.021488027303398438,0.009631384129227857,-0.013723493915608474,0.00805208412623773
0.019879738685586207,0.013565413515914844,-0.002754093289311251,0.011499684263152888
0.012736223495315478,0.014730725725941547,0.007855368070963861,0.016081341128407745
0.0019845749942228458,0.013593097085520468,0.015720238615808395,0.020760586827902508
-0.009638946063144804,0.011252075097998946,0.01938110367467997,0.02439089424476786
-0.019464990875439653,0.008987467204360493,0.018672613075751965,0.025912596486344162
-0.02566814837256863,0.007786370269642726,0.014676016847173562,0.02458003921873319
-0.027681648198520814,0.008015890009184595,0.009273162202163968,0.02018221009029768
-0.02614020830981887,0.009351800329965574,0.004456828193607196,0.013190036546302158
-0.022428291553821457,0.010980849317159945,0.001637860900222509,0.004755245704875427
-0.01805484421355499,0.011995135522187096,0.001190810867368209,-0.0034870849109459867
-0.014120720084432038,0.01182521537752583,0.0023940818011497743,-0.009799734504908036
-0.011078287097946822,0.010540567415959129,0.003777755434638902,-0.012821990184438609
-0.008837678762763389,0.008890384396547987,0.0037441244507687745,-0.012002739067709461
-0.007115734963185991,0.00805134103607325,0.001227343927876906,-0.007833670291223914
-0.005820324808055229,0.00916041119726374,-0.0038535640271294413,-0.001775328142263638
-0.005257575993828603,0.012799922971041412,-0.010515157060934227,0.0041356895807211635
-0.0060425893253581026,0.018634250140838943,-0.017029907201173207,0.007897401575081314
-0.008743023861202348,0.025356817831413872,-0.021524123136391987,0.008182092910461285
-0.013422957684973702,0.031002317785657638,-0.022630147749542646,0.0047892634985243765
-0.019319502856060638,0.03354625855684269,-0.019953801350196147,-0.0012539202898345092
-0.02484553067543025,0.031599632026353235,-0.014192226136173183,-0.007996836584965583
-0.027981755409077696,0.024954589667613568,-0.006871432760402491,-0.013187297796658705
-0.026952962828734835,0.01477149354335925,0.00018559788217110268,-0.015009541497180041
-0.02094687253552608,0.0033119056343776238,0.005454852488097985,-0.01268989313657301
-0.010589253147841714,-0.006720803304192509,0.008153226141024934,-0.006762050776919319
0.0020412815682728583,-0.013026708185151916,0.008379718815332518,0.0011008515070001224
0.013913849944651092,-0.014455451926465522,0.0069332359014352835,0.00863064263104902
0.02192374288382299,-0.011388741481119185,0.004910065617578299,0.013697988994954016
0.02386213164432282,-0.005611924222665269,0.0032611856280273382,0.014985007791670477
0.01914372621746385,0.00029695810739653605,0.0024889585977686257,0.01237138056342832
0.0090346315556315,0.003859720710025872,0.002588179606602868,0.006913387874798872
-0.003706425415599621,0.0035650883664036064,0.0032221102391082543,0.00044007745045090974
-0.015657233194899513,-0.0005955679607484304,0.004020230277230929,-0.005077445337853141
-0.023754920921505537,-0.007117969884902348,0.004835745519384489,-0.008156115138476704
-0.026175794954877193,-0.013510051828692388,0.005827872238156694,-0.008215558977576181
-0.02279498777531443,-0.01717115615722261,0.007323974265611809,-0.005651434760484492
-0.01510198132356283,-0.01631559273647793,0.009529307841519629,-0.0015711023806669958
-0.0056359541174055144,-0.010613198557533787,0.01223626301874917,0.00268406412504385
0.002841510170888739,-0.0013203679635592006,0.014700690579767542,0.00603764078231947
0.008151821807484319,0.009141714607205323,0.0157892385369734,0.008013729390183008
0.009234935457836838,0.018006198960156844,0.014382404387209224,0.008800131120627414
0.006284817482820074,0.023080573109155504,0.009892936333666827,0.009041662992058469
0.0005030269684860728,0.023439547075253003,0.002683665512314387,0.009469357697588263
-0.0063892409142944084,0.0196517642456297,-0.005819561171164757,0.01052733829679866
-0.01268552003782121,0.013476554044817873,-0.013422567850150897,0.012149341407644045
-0.017103066885179624,0.0071621960633614715,-0.017811288440988025,0.013768703665079422
-0.018975433961155364,0.002619135193004017,-0.017349061609812682,0.014548691313447507
-0.018235060139363636,0.0007779219984829361,-0.011734898334787655,0.01373341435913731
-0.015264777781484044,0.0013607305086540886,-0.002258860947350264,0.010976209043321077
-0.010719191318683569,0.0031302996921204577,0.00847987887718355,0.006516743708445544
-0.005388584615822627,0.004495814729890232,0.01733553894533825,0.0011415144353076265
-0.00012213666490979921,0.0042226278518955815,0.021619425984308688,-0.004052329455015324
0.00422329308839443,0.001961618392450293,0.020002079662615198,-0.007996817947276122
0.006860858008626836,-0.0016060100548777323,0.012990124199692844,-0.009970079647170858
0.007207792071660363,-0.005055340421455279,0.0027936171915911856,-0.009780075963047467
0.005056717548271236,-0.006811088305984037,-0.007388069149244433,-0.007761453433172291
0.000717350198841428,-0.005804767011222317,-0.014425506393511422,-0.00460418803990233
-0.004955937899383443,-0.001932920009386288,-0.01630000262046964,-0.0010920420066846
-0.010708170552640034,0.003862278983477248,-0.01276434551952018,0.0021464153428534284
-0.015192247778351806,0.009916419845547204,-0.005394116441921629,0.004787798054885474
-0.017359287067967556,0.014437776721758597,0.002984741246022389,0.0068257938496931805
-0.01679709677952569,0.016138914412491767,0.009286593213180393,0.008462846874799274
-0.013883175050326754,0.014663232403541032,0.011224709116180075,0.0099430650129021
-0.009676111217580975,0.010653263012131903,0.008069432872130917,0.011402217596277436
-0.0055649561929437125,0.005453411040963363,0.0008510709506124037,0.012793486329530791
-0.0027924999129163436,0.0005828513596643423,-0.008045799304310014,0.013909196677252753
-0.002024914235418604,-0.002802868469864876,-0.01573504992648861,0.014476996333593839
-0.0031307627214021277,-0.004251706142474887,-0.019816845185934726,0.014281226707682684
-0.005257179936483336,-0.004040128719872693,-0.01915479241801491,0.013256257267769453
-0.007177796755971855,-0.0029036556160624005,-0.014186786297810932,0.011517074898388966
-0.007780367868634071,-0.001615188485745489,-0.006690269394646342,0.009322863535282297
-0.006505504276865963,-0.0006096673917128786,0.0008827068744092503,0.006997215837106354
-0.003565566077284636,0.00017767546869980333,0.006243494771711863,0.004842293237991756
0.00014108862827073854,0.0011956016590640196,0.007980018685202823,0.003079617755571862
0.0033845523623542845,0.002949411411937976,0.005915429196298703,0.0018318559322977566
0.005083774921704684,0.005626379214273697,0.0010271593775303747,0.0011383352599456525
0.004720786486956077,0.008863437040719332,-0.004996586367750827,0.0009829553565662529
0.0025248949504934476,0.011785408001496373,-0.010367329215931309,0.0013127388558420092
-0.0006424180364035387,0.013320762040442975,-0.013743233851335024,0.002037279079145877
-0.0036490573793618516,0.01267235333998773,-0.014535542623890063,0.0030162162377403295
-0.005547972222468252,0.009739713291584115,-0.012910627898186935,0.0040537534847812084
-0.005938537101663116,0.005294550082132032,-0.009546419476424983,0.004919027882229428
-0.00508739363185047,0.000803662804563135,-0.0052852816455731255,0.005398221077652726
-0.0037649223330471077,-0.002062335191468194,-0.000840581129775541,0.005364870243234829
-0.0028733528607320924,-0.0020593464847595763,0.003337353319099668,0.004839118944269305
-0.0030295755118568413,0.0011071553794077538,0.0070195787363225084,0.004003792730768424
-0.004283486633326582,0.006585519409578605,0.010049833232454196,0.003158631552261759
-0.0060937141870426766,0.012608328983629874,0.012200824099859599,0.00261933502812306
-0.007571642606215704,0.017085217449418655,0.01313307686071713,0.002594526850658474
-0.007888620662137844,0.018347121050229592,0.01249186966407212,0.003088891722121234
-0.006669360001566697,0.01576319625080294,0.010099413639796218,0.0038762029589880787
-0.004197773773755631,0.009991923111049725,0.00614239359757434,0.0045616242342286645
-0.0013393067297319886,0.002763067851425244,0.0012464197877354796,0.004717364733247881
0.0007959644484513348,-0.0037343457658330914,-0.0036263465254027204,0.004043936375686424
0.0013130155358681006,-0.007630847239783994,-0.007441645660100986,0.002494909948283934
-7.844901966693602e-05,-0.008029508973406457,-0.009427725529682978,0.0003135640506881712
-0.002912783095872777,-0.005288324125249058,-0.009347496876784822,-0.0020377011939670883
-0.006127872791021845,-0.0008301254933634483,-0.007591239746469337,-0.004032265884668061
-0.008478607264341128,0.0034395316368081297,-0.005040275871574566,-0.005261053441384217
-0.009039646226104415,0.005876000425687554,-0.0027440688547546582,-0.005571338413706849
-0.007591366040643159,0.005711032582935496,-0.0015313873507780684,-0.005108489964515624
-0.0047265892533313175,0.0033050283028571367,-0.0017069392646694992,-0.004244642971820846
-0.0016278354579715992,-5.313365843043205e-05,-0.002954069500769735,-0.003423560868112324
0.0004001368451702486,-0.0027089152600993163,-0.004483156896984253,-0.002984784631480851
0.0004555059631444758,-0.0033367952706883433,-0.00536685807693861,-0.003038314550675429
-0.001591274159943111,-0.0014881796522053826,-0.004927687657608988,-0.003439797127455728
-0.005036414180808701,0.002223021411431927,-0.0030219388217356674,-0.0038740370132852725
-0.008617833040298218,0.006365348750700356,-0.00010584859661896123,-0.0040091020067952385
-0.011016741135055488,0.009261557886569668,0.00294168251094358,-0.0036535203802273777
-0.011382593344020071,0.009655682936976301,0.005166701039042515,-0.002847871981817591
-0.009667426128635009,0.00721029882711452,0.005916276335713122,-0.0018502964593102716
-0.006632716833674293,0.002641123831488623,0.0050905883919832515,-0.0010214143252985693
-0.0035258330096852725,-0.002556656127973511,0.003170296214693037,-0.0006584272562067412
-0.0015590335028502975,-0.006673995535672106,0.001010991127284644,-0.0008516420263730701
-0.0014057857682540434,-0.00841747130902687,-0.0005083279256077426,-0.0014287768235890022
-0.002922774775812091,-0.007356566690724547,-0.0008372061965243108,-0.0020158103331279816
-0.005213506670757408,-0.004023175146084919,3.767689766785015e-05,-0.0021928664237298506
-0.007008547167100232,0.0003582781663832857,0.0016101283081418685,-0.0016809971464278586
-0.0072061059761537195,0.0043840682936742426,0.0030866441202448414,-0.00047936108474502283
-0.005349223125725059,0.0070102769609300675,0.00373290701707147,0.001109881341292883
-0.0018404948567222676,0.007900479017221601,0.0031881419060315885,0.0025860690839298664
0.0021975574321794616,0.007453629489670557,0.0016160800687178185,0.003446237571843286
0.005362525538269472,0.006522157644779335,-0.0003689658489599342,0.0033942799018718862
0.0065341260950037595,0.005959421245971073,-0.0019675309626246765,0.002475041910003718
0.005328180693618692,0.006202065705580059,-0.00253828608667382,0.0010728856678780957
0.0022556065727731,0.007070245040005585,-0.0018733766059733433,-0.0002315518943789563
-0.001480152227218548,0.007868611299090264,-0.0002892027773400488,-0.0008936185745240244
-0.004465417598454538,0.007737333428864221,0.0015058345208678464,-0.0006337181596696162
-0.0056411825252628,0.006092569912096876,0.002710900058543561,0.0004316917847851376
-0.004719127645190974,0.002956466834908633,0.0027731658572778817,0.0018156309133632864
-0.002278299096679079,-0.0009757236497127085,0.0016251512584760028,0.0028393222982365796
0.0004963437708586926,-0.004570006618941892,-0.0002819665706981483,0.0028982301076111334
0.0023241863424069698,-0.006696726171106497,-0.0021643346046880743,0.0017117842991883625
0.002375349058223619,-0.006696856627796219,-0.0032335502615382095,-0.0005437109691329434
0.000624967279436367,-0.004671767521619075,-0.0030294175411078733,-0.00327575800845116
-0.002133762725058469,-0.001467759110384298,-0.0016169828972517203,-0.005679146827398555
-0.00462533966053022,0.0016463999956797017,0.00043632745983676613,-0.00702681532440802
-0.005638393296095473,0.003481076793324423,0.002295707107320466,-0.00693697309076266
-0.004555249946471983,0.003401114578513345,0.0032089773493153215,-0.005513308668981309
-0.001641435238349205,0.0015773129191706259,0.002825169528158887,-0.0033039424898925474
0.0020309326147246523,-0.0010927209377617209,0.001346968958360513,-0.0010953355508720175
0.005001348785517782,-0.0033644814041411952,-0.0005493505776122988,0.0003784253041447666
0.006014002444555754,-0.004171678552422259,-0.0019960058574358328,0.0006982698719801422
0.004543946555125314,-0.003078939340728837,-0.0023021296572168296,-0.00010551665998665902
0.001038269523583428,-0.00047259354232204176,-0.001255070134201862,-0.001595476813721991
-0.0032321602290986406,0.002592535311867032,0.0007731096937204363,-0.003123425430497942
-0.006657034051111024,0.004829722445972656,0.0029622894271778694,-0.00409837388979771
-0.007916084680939628,0.005260858648269012,0.004372037732050367,-0.004216810150894881
-0.0065017812204388875,0.0036361176692640464,0.004328292675741079,-0.003564260389120298
-0.002924351559599684,0.0005557472944650588,0.0027104403069834956,-0.0025516184707701783
0.0014848477076875519,-0.0027612082804622587,1.900350376746532e-05,-0.0017181393230695924
0.005094115646294625,-0.004970407397268194,-0.0028073633604784355,-0.001487146209651291
0.00660835003695831,-0.005157164245588437,-0.004754675193189622,-0.0019783788008431585
0.005567697527659302,-0.0032241339228815807,-0.0051312920562749074,-0.0029555584816235436
0.0025099218687459207,5.0701952867215905e-05,-0.0038402602977316846,-0.0039300551070404754
-0.0012651550373585022,0.0033142218416430808,-0.0014161226538477317,-0.004375650388350746
-0.004230103808394952,0.005178075321842215,0.0011888880441786112,-0.0039626964013878795
-0.005244526398698882,0.004780400627274223,0.002982912595409337,-0.00271177994477494
-0.004000983472190609,0.002140643740401224,0.0033240949836872286,-0.0010006171691050274
-0.001124402782853957,-0.00183836716701255,0.002164977324762965,0.000580728411505433
0.0021100129119385816,-0.005723950981150389,5.4606132372597704e-05,0.0014676225969302154
0.004319507828522834,-0.008120809594897301,-0.0020996355392954476,0.0013535769847847576
0.0045911169759428605,-0.008222835852719771,-0.0034106885087747795,0.0003210871702942139
0.00285586109967223,-0.006126486823103787,-0.0033747462697375427,-0.0011848044062399074
-9.217528193011804e-05,-0.002779833993871522,-0.002070088986271472,-0.002531073814648413
-0.002936314962071959,0.0004101786327435353,-0.00011213591808533624,-0.00314923032936882
-0.00439344942156461,0.0021507637418133885,0.001613958594465538,-0.002763280740724329
-0.003753959308339553,0.001782445150709966,0.002330200959486956,-0.0015003864607183032
-0.0011815216198631413,-0.00046652744295017784,0.0016946481333676502,0.00016073354765696983
0.002350691912829099,-0.0035918796431095475,-5.442045860677702e-05,0.0015824034836845677
0.005460035010456894,-0.006241952706440455,-0.0021984457932862963,0.002222981797388602
0.006924284897478813,-0.007284399762710558,-0.0038403278910248964,0.001850628562595779
0.00618534148495428,-0.006276412587966455,-0.004281693048751971,0.000629738648013454
0.0035786557410653376,-0.0036450218762063766,-0.0033180147476517957,-0.0009534450743699753
0.0001941701260510277,-0.0005045918904401231,-0.0013280463174048934,-0.0022935832818111717
-0.0025730161080714433,0.0018111843641793676,0.0008804515801858065,-0.002912822927694462
-0.0035960878720603592,0.002307686334041048,0.0024052395762504397,-0.002649779938250118
-0.0024771715662395607,0.0007461717116835284,0.0026256215280313216,-0.0017144610682403652
0.00029444005148595524,-0.0022539258081628252,0.0014633513589754482,-0.00058887129528927
0.003550718135948383,-0.005469638720861883,-0.000581004185097031,0.00018296691217911665
0.005932604992938872,-0.007580603188199843,-0.0026328450752720178,0.00022662448796340745
0.006454530791210491,-0.007717098075667117,-0.003805917140084547,-0.0005063536549001768
0.004912141873152639,-0.005822972970299323,-0.003572782680592329,-0.0017217487519209512
0.001965118482921434,-0.002682908651924651,-0.001989557231329611,-0.0029111448073377245
-0.0011382551582070494,0.0003978499409666991,0.0003195253160306749,-0.003570294745246989
-0.0030798827812251323,0.0021295341503906606,0.0024133508118618016,-0.003414816584526501
-0.003018760556874632,0.001768704083698086,0.0034190459677213812,-0.0025023145276976133
-0.0009396174017455572,-0.0005750211764745938,0.002893074576876646,-0.001209719173009799
0.0023405777750412776,-0.003982891523069944,0.0010092784203275338,-7.563369428777167e-05
0.005510289649033037,-0.007103552894477238,-0.0015048021189328232,0.0004258246136573385
0.007304958666391817,-0.008707025455331831,-0.0036588842389623233,8.450165059985248e-05
0.007028077295629362,-0.0081879688613119,-0.004600217745446687,-0.0009569193892555589
0.004836412463326077,-0.005811207344183902,-0.003959821924839631,-0.00226212199968402
0.0016720112222800634,-0.002598971263682262,-0.0020028726509902367,-0.0032837678229487924
-0.001130002261245315,9.288095864154466e-05,0.0004787460170609034,-0.003593036024364331
-0.0023947700543912997,0.0011343012399501196,0.0024882578404720936,-0.0030598366387627057
-0.0015928170260313002,8.523876058769142e-05,0.003228884487532467,-0.0019079971194683534
0.000943654997858475,-0.0026265244376525235,0.0024264055232204873,-0.0006220235496833676
0.0041621371282046515,-0.005886391154610714,0.00043765715063906474,0.00025577889027201053
0.006729369981932718,-0.00835702570668257,-0.0018990658871727017,0.00035300009093476234
0.00758620481443012,-0.009032984784556242,-0.003609986054242259,-0.00037579168923361495
0.006387462529216237,-0.007656425083785223,-0.0039860654925674074,-0.0016286585937037232
0.003644562783704626,-0.004822318947920262,-0.00287328363472307,-0.002881586751514384
0.0005122169466634241,-0.0017303181830613107,-0.000734112692802262,-0.003607452278015927
-0.00169184246844397,0.0003133901953765311,0.0015445798668455076,-0.003497241706235915
-0.002034515996712779,0.00043765755304024656,0.003017804123387459,-0.0025908462497771234
-0.0003550566091151085,-0.0014328486389584005,0.0030720482297869126,-0.0012622667422984846
0.0026679252584595713,-0.0045467676108541105,0.001677965353663137,-6.479063687077347e-05
0.005797806678227199,-0.007637475243877891,-0.0005976165134929656,0.0004996829708683315
0.007752784998136954,-0.009447569200757983,-0.002825043059835025,0.0001910002600527018
0.007737395378829531,-0.009249140878764703,-0.004094306304819967,-0.0008672883158648021
0.005772265681109598,-0.007144540647609721,-0.0038891600980954094,-0.002237510591774225
0.0026854262575873884,-0.004023392707953932,-0.0022989789829653343,-0.0033489967871967313
-0.0002311130469473885,-0.001193976264135685,1.865002166361214e-05,-0.0037356995872322024
-0.0017570160791322148,0.00015819330409810178,0.0021089817286906384,-0.0032313340513987973
-0.0012493540204863984,-0.0005395914373724359,0.0031130716631330227,-0.0020403564989375737
0.0010912403523708897,-0.0030112448097509847,0.002620836218438373,-0.0006545653286005627
0.00430424701021169,-0.006247309002144208,0.0008389768727791042,0.0003506015182249238
0.007067927605876441,-0.008923617078645613,-0.0014951398407690819,0.0005556500875154441
0.008247566562922071,-0.009949604514398885,-0.0034179225792157417,-0.00012727343463337943
0.007365905897634689,-0.008919217199869607,-0.004136747517448108,-0.0014161446124945978
0.004800737939647566,-0.006277930038429268,-0.0033562575925390886,-0.002774863563731869
0.0016278231685636227,-0.003137098395493157,-0.0013994582756983731,-0.0036355341730776314
