ch0,ch1,ch2,ch3
-0.005034698686959445,0.0031715344111186965,0.0016707532834273064,-6.368620775044909e-05
-0.005874885235857229,0.00142273931097614,-0.001145780582670189,0.001587438371653871
-0.006805241486299657,-0.0006366545646517771,-0.004315689705217812,0.0019516147112948884
-0.007425677815916708,-0.0021560079442245333,-0.006519247815600204,0.0008805097440325593
-0.007464862511592785,-0.0025102817188830534,-0.006837913035019204,-0.0011791283431107254
-0.0068909531926502,-0.0015574110806835639,-0.005134910876082133,-0.0033727473188102583
-0.005923474085663329,0.00030439059693070786,-0.0021114640734883686,-0.004793461180167324
-0.004941922877597843,0.00230250145141081,0.0009844872824398554,-0.004857873888287623
-0.004329087001931159,0.003609831490370488,0.002876169698840546,-0.003546488988090929
-0.004313666670340152,0.0036863008798746766,0.0027876608952273237,-0.0014095636354903227
-0.004876803674919876,0.002500795118243967,0.0007657273564612953,0.0006632203204525039
-0.005760630306328462,0.0005422937771806975,-0.0023396430326458675,0.0018130220531559493
-0.006574965374264302,-0.0013837890646899373,-0.005227979813112071,0.001568113480916511
-0.0069580725229263785,-0.0024892703747500244,-0.0066881460411942345,3.8500390265469586e-05
-0.006725419840441213,-0.002328614671211246,-0.006101447623379219,-0.0021313323855408454
-0.005945544931863514,-0.0009816553307659542,-0.0036993761230173366,-0.004031316088843891
-0.004912185300958383,0.0009814538765781644,-0.00046890438376734345,-0.004864325951563123
-0.0040243595762315745,0.0027378828079745454,0.0022557735411833334,-0.004277235518162503
-0.0036236333497574186,0.0035534603542725657,0.00334624386568377,-0.002507492049856175
-0.0038550654292847653,0.0030862009694085663,0.0023487243436385447,-0.00028496992602447535
-0.00460837876276976,0.0015265817687721388,-0.00032547688131379093,0.0014696922881188776
-0.00556296159192593,-0.0004829412748172425,-0.0035670884439647776,0.002025014775402484
-0.006317952859044365,-0.002115131404616319,-0.006024933291439771,0.001139677814229495
-0.006554213412668264,-0.002700616121917923,-0.006662775182192028,-0.000839366041406997
-0.006162389589902749,-0.002003785654810575,-0.00518710708000758,-0.003121290400169785
-0.005285481691532579,-0.00031784149484302693,-0.0021693354342547794,-0.004797567954394649
-0.004259332671617724,0.0016597583957280032,0.0011879549797001315,-0.005214414351982593
-0.0034758514815764058,0.003118935461471399,0.0035440386810480506,-0.004237644848180969
-0.0032247320258882994,0.0034738876831591284,0.003968893287186956,-0.0023014639390101788
-0.003577506943204134,0.002604860477211847,0.0023216677126199903,-0.00022270760238959908
-0.0043599989301035535,0.000904244967507975,-0.0006966220129911299,0.0011408267918286419
-0.0052231370734896615,-0.0008918699998187174,-0.0038367078921603057,0.001245364186674397
-0.00578254302949455,-0.0020160195972580217,-0.005818475231085725,8.236103906643366e-05
-0.005770286462855642,-0.0019947206115791816,-0.00585757289289808,-0.0018246367236882492
-0.005138429605971134,-0.0008503296203431591,-0.003983584522108882,-0.0036443365617677935
-0.004074495778676954,0.000905874710208171,-0.0010191669790989843,-0.004588255704286099
-0.0029250147649989844,0.002487630988046566,0.0017695051108238755,-0.004240678732949584
-0.002059933483244049,0.003166213486650804,0.003204349019268804,-0.0027307029437611124
-0.0017331372296657682,0.0025828330980064984,0.002687259017186139,-0.0006756094221316566
-0.001993924493351687,0.0009094978288977651,0.0004476149737594748,0.0010795612283540923
-0.0026818536272615046,-0.001210997062151678,-0.0025570593416975873,0.0018165442125655518
-0.0035027160323320705,-0.002923840061603386,-0.005045064882754954,0.0012440792755916696
-0.004150988136512698,-0.0035146155439928356,-0.005949877800516916,-0.0003813314145375418
-0.004427115481910299,-0.0027101384745882376,-0.004869153334934241,-0.002364004905623447
-0.004302796141524526,-0.0008022158055062956,-0.002235272906001576,-0.0038610889384633057
-0.00391126824101155,0.0014593523925709867,0.0008645163161282027,-0.004235786940800776
-0.0034718847413429677,0.0031636180632261257,0.003143891281944075,-0.003324434042816099
-0.0031852142971879535,0.0036057275757660767,0.0036589694394817823,-0.0015063432270872035
-0.0031454289634526046,0.0025750844142108514,0.0022086755464754554,0.00045229182401958223
-0.0033069612028552575,0.0004460694444252261,-0.0005749570310010291,0.0017151582250498135
-0.003517161607980518,-0.0019672313300349853,-0.00348663994747956,0.0017215069234197689
-0.0035972424640981493,-0.0037348229039296105,-0.0052516059677262805,0.0004176009933170091
-0.0034329496144011457,-0.004182681417727995,-0.005064159320248576,-0.0017211138269455743
-0.0030329995852797498,-0.0031622762485664802,-0.00293549177212935,-0.0038848525801045905
-0.002528507042300933,-0.0011085589570425936,0.00029716548472787097,-0.0052591412251060295
-0.002113505222403063,0.0011369748124978873,0.003308094518267926,-0.005351948442917198
-0.001953333503421098,0.0026662199500863543,0.004830903165647715,-0.004183416432531499
-0.0021024230577629914,0.0028694726703436674,0.004191070783781212,-0.002261894410065156
-0.0024693885729026345,0.001677817328717246,0.0016014382525134999,-0.0003598473942994715
-0.0028468819156465333,-0.0004144925050576509,-0.0019053920923678205,0.0008134386740639155
-0.0029952592817552026,-0.002555283531094049,-0.00488492231217081,0.000903469772084789
-0.0027451166715640185,-0.0038824867914571057,-0.006065250739902453,4.433600609224375e-05
-0.002074660382503382,-0.003872595667126666,-0.004870007653983981,-0.0012194054853135322
-0.0011277958707600379,-0.0025480259139724765,-0.0016645240819051152,-0.0021864442144896162
-0.00016363545971772794,-0.0004603401673809737,0.002378283359475493,-0.002317222513423981
0.0005427308000754139,0.0015417011158181254,0.005740821614183239,-0.001479297356744333
0.0008074041886641792,0.0026625638103874166,0.007166203038906194,-1.3243435608656373e-05
0.0006083044698120821,0.0024845096103946057,0.006160622346188416,0.001410287595712545
9.0056854326101e-05,0.0011337049301917979,0.0031883930747454436,0.0020821230073103103
-0.0004982654244072293,-0.000778808887776046,-0.0005197610748518544,0.001570253903417973
-0.0009055319180838392,-0.002415158005256428,-0.0034668447721196843,-7.634074591980622e-05
-0.0009772631374783541,-0.003060082151397265,-0.004493962084754799,-0.0023253262405286274
-0.0007089379577954052,-0.00241736689226724,-0.0032423935440789205,-0.00436476517374405
-0.00023233961345903165,-0.0007315633106699353,-0.00028557490228566657,-0.005429979867693363
0.00025709586174413324,0.0013141105974936972,0.0031210583997512004,-0.00511726122692998
0.000597927558001865,0.002880403525938765,0.005567317996206279,-0.0035521792548310945
0.0007402784730109746,0.003317792220459498,0.006073776933415584,-0.001340311592970829
0.0007672126401429002,0.0024324845263790154,0.004493157254628233,0.0006806361053163928
0.0008491563802901052,0.0005632056016366058,0.001561689345383718,0.001784392841829796
0.001151382938049273,-0.0015623364908297216,-0.0014202677333580698,0.0016512823830794332
0.001737185210638252,-0.0031314995015725156,-0.0031449568598630427,0.0004903407184125574
0.0025134137235538895,-0.003585393225849977,-0.0028585846352912093,-0.0010638339884399411
0.0032480593185269108,-0.0028521468298444083,-0.0006913666140514751,-0.0022364439994940616
0.0036582294752021405,-0.0013780716750400115,0.0023849459422037866,-0.0024589603629341927
0.0035345024702181232,5.6995534631461287e-05,0.0049590931051733764,-0.001628034118031696
0.0028485487296057935,0.0006654033783925345,0.005778642354881923,-0.0001634600133385948
0.0017941950746098723,-1.412345745145649e-05,0.004297138144419302,0.0011641451629791078
0.000737527611755117,-0.0019100575735368774,0.0009397603558942424,0.0015672921197205578
8.930219164926881e-05,-0.004423952640194767,-0.003030216965311139,0.0005978237029928141
0.00014720979693353536,-0.0066474601003122386,-0.0059991514994172795,-0.0016270828837028004
0.0009715033722356194,-0.007704578607730318,-0.006653295188097895,-0.004430458378951993
0.0023473617314043495,-0.007083810114162812,-0.004529600449261904,-0.006818961018639602
0.0038541517852688292,-0.004830353433339686,-0.00024056285764140206,-0.007870657498133829
0.0050184088414016725,-0.0015258605511062548,0.004725434026803879,-0.007110684303930859
0.005491704959171992,0.001931382513490336,0.00855737802589289,-0.004719213197187919
0.00518195301162587,0.00465467793593061,0.009814879284839852,-0.001481696817135291
0.004283373162593723,0.006074583433058139,0.007989507013597113,0.0015045481243482553
0.0031905337684510066,0.006105012861113812,0.00371231008597106,0.0032532551293879275
0.0023296661558363484,0.005113398487398391,-0.001475764177724187,0.0032727563749849198
0.0019761126062299364,0.0037198780649510405,-0.00570193218958083,0.0017551704316259853
0.002134870170939076,0.002518580357479913,-0.007462938032226904,-0.00050625567181109
0.0025372433434295155,0.001841274538688209,-0.0061776266268794705,-0.00243924362449624
0.0027593634429168568,0.0016598027078027489,-0.002379535798495952,-0.0031242494584558245
0.002416631687264706,0.0016601776733293494,0.002518041202851186,-0.002161384597492034
0.001353502973538867,0.001445721339612592,0.006783655761575774,0.00017548253037761447
-0.0002542519815223465,0.0007713881333610839,0.00902922029627556,0.0030582514698304294
-0.00193511265882923,-0.00030035931855471737,0.008710872962964088,0.005446492662085474
-0.0030900297214822153,-0.0013956104428100302,0.006278871593826632,0.00650971379693251
-0.003231696039115141,-0.0019823621233936994,0.0029306282923267507,0.0059560279417171375
-0.002199268287750203,-0.001615864699792826,8.038483160233839e-05,0.004133390435052939
-0.0002566239343662069,-0.00016788594474318602,-0.0012309061102937224,0.0018651223010397108
0.0019759046195831353,0.002064517283848974,-0.0007445047426615017,9.261523590967796e-05
0.003741434376486774,0.0044262150051744276,0.000949009543736383,-0.0005215613404698713
0.004440355040127644,0.006128921864032175,0.0027014339194670334,0.00013875652230441182
0.0038851453282067946,0.00654789638085599,0.0033270862157550735,0.0016181541206931327
0.0024112580909481825,0.005471614626272853,0.0021300357630970566,0.0031158562715995486
0.0007893566369443564,0.003201646454202626,-0.000781558278605328,0.0038636758526250925
-4.122322504154785e-05,0.00045870774708776756,-0.004522432640499355,0.003489078713008492
0.0006728877652926596,-0.0018717029806324306,-0.007784251033487288,0.002200690968852219
0.0031862535923312535,-0.0030563644429135606,-0.009367806616313742,0.0007080248046908641
0.007104687737669341,-0.002771544835196045,-0.008673041429133749,-9.817041274507582e-05
0.011464045505430499,-0.0012024655457583897,-0.005946440339205477,0.00042821229623599306
0.015021411672339677,0.0010492255469722461,-0.0021870452136068252,0.0023425753261188745
0.016663503886844976,0.003207943299432539,0.0012471793279345555,0.005004079679265441
0.015791267295378334,0.004616970131585796,0.0031697957909700702,0.007275686392867402
0.012544453207338414,0.004966049570511416,0.00301785551141856,0.007966680078634457
0.007784312025114579,0.004369525163316887,0.0010464360375241066,0.006346683796005399
0.0028367622261442488,0.003274993126401879,-0.0018046446421414106,0.002518664746821768
-0.0009181995055094969,0.0022519619473249444,-0.004307684299292812,-0.002516530965993611
-0.0024727328960940514,0.0017556982538413993,-0.005438428898799263,-0.007154910505306582
-0.0014920354659608767,0.0019649498851838747,-0.004760243734276623,-0.009750749305754206
0.0016046490008721354,0.0027536694180062063,-0.0025509111974112847,-0.009239389133916826
0.005799755621827336,0.003794399419637079,0.0003662239890462101,-0.005580863023520614
0.009806856686731077,0.00473278414372922,0.003000810141133571,0.00015707802995208742
0.01245737838082946,0.005344495151023615,0.004613643982255177,0.006124978422485029
0.013018530329687916,0.005599749433907536,0.0049947579915166785,0.010318945669986326
0.011351106574445935,0.005609589115787947,0.004489128380481218,0.011282945487034395
0.007878772299041423,0.005489222025663959,0.0037715892201949826,0.008626513589417344
0.003406271582921172,0.005218176229843968,0.0034831309228253587,0.0031644147589053734
-0.0011317497096448165,0.004583033525129787,0.003900162808455822,-0.0033740874980850433
-0.0049009801777519825,0.0032514295889899854,0.004791074554003676,-0.008956810787340425
-0.0073123258936588775,0.0009610454422278539,0.005528372538465123,-0.011951681879738107
-0.008062808013988843,-0.0022564954194839257,0.00540755032440689,-0.01166048856571314
-0.00709819759510107,-0.005929111192840267,0.004027180230624403,-0.00849169697723351
-0.004547451110157922,-0.009169754484542932,0.00155158354834432,-0.0037225714251287317
-0.0006751501810583014,-0.010903904549464348,-0.0012761798775542538,0.0010405129551152442
0.004128787493071388,-0.010241613325907,-0.0033958160950634435,0.004481613948536384
0.009337391856708753,-0.006862791440164139,-0.003867600530373383,0.0060291144788518075
0.014291875084749654,-0.0012577886681203066,-0.002303190466409012,0.005972520681066516
0.01826277513914818,0.0052977293702578115,0.0009024080730449455,0.005211671669842363
0.02058098946486392,0.011063212585105061,0.004654801899816319,0.004758528576338988
0.020813759961851863,0.014365268223763689,0.007547857470148786,0.005211423168530002
0.018926385852121808,0.0141664319195264,0.008412028047977776,0.006430524945087793
0.015358616117673918,0.010464937771214794,0.006803784557794484,0.007558124235255918
0.010964146691317345,0.004365833939398087,0.0032288854612787105,0.007382799224670923
0.006807716485370194,-0.0022260625314498156,-0.001008057441408361,0.0049012314341146945
0.0038699267080698034,-0.00720530775407674,-0.00428624622152983,-0.00015562710309081906
0.0027523791097147296,-0.008960375220784092,-0.0053037680059384446,-0.007058357721182462
0.003486046427121102,-0.006924074039584754,-0.0036150531768341723,-0.01420394501624389
0.005516954182384265,-0.0017837529244843497,0.00015009233489753256,-0.019604040918686477
0.007883857093660546,0.004728797369305426,0.004486736558333995,-0.021564949832430375
0.009534061984959631,0.010400640309420991,0.0075704725501116316,-0.019306413837407874
0.009671989826498953,0.013262429972010444,0.007960487469460376,-0.013282499466287165
0.008020921622557381,0.012226522585183822,0.0051772327741371055,-0.005076112954364623
0.004908053832898822,0.007422964183045569,-7.577321020060812e-05,0.003102569720557294
0.0011459962859093967,0.0001267727372460531,-0.006141641233909062,0.009135318352960567
-0.0022433990298077328,-0.007685475657436054,-0.011011690392495728,0.011673586843779768
-0.00436199839480465,-0.01398471996157788,-0.01307269222140078,0.010532936196989324
-0.00470766121814855,-0.01731523700054278,-0.011714089035118135,0.006670096181190022
-0.0032957724667554145,-0.017188553757439863,-0.00756150853652246,0.0017648251117739072
-0.0005998456392455609,-0.014130272477780266,-0.002246568794314091,-0.002426644858063473
0.0026506955578578795,-0.00939370938037963,0.0021980549294690543,-0.00470121053004692
0.00572752946756222,-0.004469721298643439,0.004085558887878707,-0.00479174937133417
0.00811450233295076,-0.0005823326369558124,0.0026791510749323982,-0.00337463313437128
0.009599920740143625,0.001653782005499621,-0.0015717497720119204,-0.001719230916945265
0.010232676940987735,0.002314786685751871,-0.007241658196000655,-0.001130554655038262
0.01018377080042807,0.0019952649348695117,-0.012489114766419857,-0.0024075667248561663
0.009592440540259699,0.0014818462186793613,-0.015737242223073565,-0.005523776670741391
0.008477097541230855,0.0014176785930246384,-0.016206240781975783,-0.009643049701273377
0.006756014500510957,0.0020863350080645828,-0.014098300378730354,-0.013450891145730944
0.004367175729071651,0.003378687702594696,-0.010382719687370423,-0.01566208975693134
0.001425514322776527,0.004923337484271631,-0.006293564839143596,-0.015504483915328764
-0.0016681520957809205,0.00629616759181997,-0.0027665884162667714,-0.012996475546666057
-0.004237409799952047,0.007203087474596779,-6.016622444203479e-05,-0.008922263926950502
-0.005482335993482135,0.007557292119217539,0.00227955679230616,-0.004527341666920516
-0.004733722596161158,0.007432263200776366,0.00510022827009321,-0.0010607409143275418
-0.0017198736678492726,0.006934868370699466,0.00911671047694955,0.0006589981478069273
0.0032593242366406316,0.006080044632075048,0.014414274124630103,0.0004963802860534217
0.009329741812841387,0.004743541645601288,0.020211612937073624,-0.0010102453076402534
0.015230599538208952,0.0027257945739197625,0.025007775959888713,-0.002897311619053447
0.019641084029892675,-0.00010032474442301514,0.027076383531818668,-0.004154784867610943
0.02154205464894822,-0.003633145276436732,0.025121384161692822,-0.004086465757321876
0.020494524322348898,-0.007464618951314939,0.018833339189845644,-0.0025231590630312353
0.016746254808055208,-0.01093805422632204,0.009116117691125969,0.00017318072708621263
0.011139624135056023,-0.013336669474696753,-0.002120177851288138,0.0032921128459203752
0.004863327191447768,-0.014134669772273505,-0.012533610529781837,0.006054583814145559
-0.0008596758949610157,-0.0132057586410252,-0.020079588980673985,0.007874476359459426
-0.005043774913281864,-0.010892991001086299,-0.023620494443301603,0.008508084098903579
-0.007096412690227219,-0.007897486832068444,-0.023189666801825944,0.008053972191969405
-0.006837187119833308,-0.005020329713043635,-0.01982277534841595,0.006830303560828518
-0.004415721273140834,-0.00285895218655682,-0.015043035410516527,0.005202544625631245
-0.00019666215272333594,-0.0015859793576813996,-0.010223509769024565,0.003444370433380816
0.005323144321309729,-0.0009105094086305741,-0.006093538863863213,0.0016878159662955007
0.011536190893393552,-0.00024803806113652196,-0.0025888826133103407,-2.994896648483847e-05
0.017705022651605767,0.000964896984557144,0.0009058850995603412,-0.0016633673895737888
0.022960010758975632,0.0029435343898306376,0.005046043666449292,-0.0030642798099025648
0.026376556482160946,0.0053627561707295796,0.00999011212179675,-0.003955341773420155
0.02715990094100564,0.007400091009536633,0.015098424526539131,-0.003994981556757829
0.024905812947610594,0.00801981717119063,0.01903094427383087,-0.0029118823853400283
0.019846901033578397,0.006400424142670405,0.020236304375974002,-0.0006507602968664171
0.01296700598972119,0.002337642385700084,0.017646819380108286,0.002539104678442247
0.005889225029151202,-0.0035495704425260177,0.011286841936021638,0.006120891818421292
0.0005151780913155313,-0.009916144741801691,0.0025130712583645125,0.00939890242545361
-0.0015094970952903887,-0.015082316115874614,-0.006263254706801374,0.011718558805605649
0.0006562597850520088,-0.017591526374442862,-0.012318946954009282,0.012666287907549305
0.006680369263994429,-0.016731869077228984,-0.013577085387701403,0.012194837560562312
0.015026198737329563,-0.012819455932855252,-0.009423654293019827,0.010626008050073084
0.02331263897755713,-0.007123024705339513,-0.0010533537114917058,0.008528118806852177
0.028984303813993417,-0.001441122926331119,0.008824678283693613,0.006511993506231349
0.03009102181950489,0.0025236784373257187,0.016855146050569855,0.005019082845533436
0.025919798451780524,0.0037669550163695713,0.0201906116807127,0.004177713663994553
0.017256344241124936,0.0023368173254310035,0.017520627561884758,0.003778240504446924
0.006170843364723934,-0.0006954097029899485,0.009593699436747066,0.0033751272613478604
-0.004614787339587673,-0.0036423391056934276,-0.0009768874091709116,0.002479532587076491
-0.012571407089053709,-0.004837960445630549,-0.01057544531442519,0.0007752545892345253
-0.01613196902701471,-0.0032706740848950783,-0.01582075240813297,-0.0017164796749312983
-0.015120383340392334,0.0010216167092740522,-0.014741408739534508,-0.004580875597821665
-0.01069378212783684,0.006938670412113844,-0.007469663781849063,-0.007085078743607004
-0.004827158361430793,0.012688644442390498,0.00379608641211647,-0.00836794133649904
0.0004634914046520826,0.016401944925997287,0.015547373210660312,-0.007692426233317132
0.0038670476412571344,0.016761323590766528,0.02416933268666783,-0.0046898577637468075
0.0052119133688085925,0.013422418760613834,0.027162363014575374,0.00047486774492833117
0.005427429974700967,0.007085105038058696,0.02395096855658939,0.00706987475047724
0.006051472919578232,-0.0007882215064016849,0.0160043665488101,0.013915654318180544
0.008480217097789552,-0.008480123461308916,0.006246249335485843,0.019639432222832362
0.013260157278447066,-0.014548551305553273,-0.002013206206514323,0.023009362546619228
0.01971260725228481,-0.018185160298248,-0.006225606417374394,0.023265696156448357
0.026058270262442784,-0.019290960903380623,-0.0054208770621575544,0.020356339064157708
0.030018440785386707,-0.018282580532558115,-0.00041689787973313297,0.01499823362911313
0.029681520424749155,-0.015753000487199104,0.006619719728603715,0.008524833466218185
0.024310832810070855,-0.012162093839154065,0.013063744962794287,0.002537602100866565
0.014777254862834238,-0.007704395742828898,0.01681753141800456,-0.001557782080443916
0.0034283341681465226,-0.002407990646638776,0.01702080222282496,-0.0030011957311351783
-0.0065909529183661025,0.0035989788601856997,0.014234806871681799,-0.00196925917530362
-0.012346481404158352,0.009806542535758061,0.010064360255161914,0.00040637735690221555
-0.01210444824290972,0.015197876187459415,0.006399329539841167,0.0023339125752650167
-0.005950580965791978,0.018391958039972095,0.004596843511997184,0.0019098536760808124
0.004187658040588384,0.018046445307552186,0.0049355569503471974,-0.0022330743380844873
0.015133845567951044,0.013386909830386796,0.006553621936303305,-0.010387127011821977
0.023471259526894946,0.00464946771200777,0.00788251213267456,-0.021536859237888836
0.026622179623740052,-0.006769863681933837,0.007389064379804924,-0.033546663325560014
0.023630499106413568,-0.01856990383778684,0.00431594725719589,-0.043748749728717715
0.015389701550066682,-0.028161737605708226,-0.0008874656837012801,-0.049769204323764915
0.004258065489117776,-0.033457417341240865,-0.006628633952566382,-0.05032942469153924
-0.006780746430850108,-0.03355203473223053,-0.010719315177245378,-0.0457435483834676
-0.015099884724789993,-0.02903759759927973,-0.011205427255850536,-0.03791432746252659
-0.019206195852738313,-0.021806775027253086,-0.0071645539407359194,-0.02979004085966025
-0.0190551475279752,-0.014387146842470073,0.0008363614649072766,-0.02443211572217814
-0.015828985864054,-0.009025081632036122,0.010806623309624577,-0.023991098651493084
-0.01130521492260881,-0.006844151841240584,0.019911545807806928,-0.02894037459469212
-0.0070881774074087744,-0.007392382687769317,0.02536892681182601,-0.037846740613535976
-0.004012619617032989,-0.008764499906933843,0.025350696524729308,-0.047782220044813174
-0.0019440228403012766,-0.008282872987655565,0.019578844762850982,-0.05525990363133549
-3.1661806478573695e-05,-0.003516396542393996,0.009416942041050987,-0.0573865824408203
0.0027158260357488216,0.006714867366388849,-0.0025619192902959637,-0.05283756164787811
0.006793075469573261,0.02171008421747916,-0.013370526275140453,-0.04231079748014587
0.011783764018869691,0.03887398736917068,-0.020491238309531097,-0.028294745969746377
0.016363460191529896,0.05435254733107969,-0.02256041474696979,-0.014226097709493332
0.018743201960798175,0.06412895373465347,-0.019653985704898756,-0.0033326465277863926
0.017394571595062892,0.0652318191023736,-0.013124420618011674,0.0024286363678928807
0.011773324665420418,0.056667120178600996,-0.005092314239624071,0.00296238263457399
0.002743396743596853,0.03977654088876412,0.0022036328503484554,-4.866876698556705e-05
-0.007495718421315148,0.01791403640546773,0.006977727560236097,-0.0038559772700235972
-0.015994195044257933,-0.004447342652133351,0.008232999805192862,-0.00570926838577715
-0.01997206349013294,-0.022890682598868416,0.005815939260121486,-0.0038685334188561515
-0.01776320492983389,-0.034151014830205606,0.00025344035062189324,0.0018129916840616475
-0.009449434136072113,-0.03681772005379158,-0.007501632375770669,0.009941003979168568
0.0030506442101947834,-0.03147495430128043,-0.0162925364371876,0.018224427772558963
0.01648843923782898,-0.0202992066661316,-0.0248835713107987,0.0244380794172629
0.0272330554394786,-0.006296839880443637,-0.03200411284262136,0.027308375842405794
0.032352895584334844,0.007548396398932004,-0.036389074330493286,0.026962992720717983
0.030478898696816602,0.018958774367707487,-0.036902546937580764,0.02476615177693099
0.02217359553438488,0.026711824485575603,-0.032782825220232494,0.022615418770742544
0.009699743331058823,0.030624800309447663,-0.023962498294453974,0.022001771452649407
-0.003716175025461968,0.03126646363216848,-0.01133806044668181,0.023239899290215985
-0.014867788150161834,0.029557391677137876,0.003167832264986334,0.025214535496151824
-0.02147377971604554,0.026418729021026904,0.01686718475109896,0.025781611932775977
-0.02272333760470612,0.022569491145237375,0.026898706899972244,0.02269042889216827
-0.01932010808688394,0.018487026694334247,0.0310220708984001,0.014664257461610361
-0.013061115752308255,0.014472760912226896,0.028373457447926586,0.002187232557379265
-0.006140584406455832,0.010734294223243703,0.019906103322831062,-0.012362443408769158
-0.0004442736472005243,0.007412836012908729,0.008306924790745095,-0.02534835065192431
0.0029244216875144863,0.0045371792310733156,-0.0026617666757094843,-0.033090875220614775
0.0037547478157612946,0.001943184398629741,-0.009247244147385772,-0.03322552983120666
0.002492550273131146,-0.0007684588044018503,-0.008899982045521376,-0.02568307389902072
-0.0001934882410755262,-0.0041707833178379755,-0.0011838513574718365,-0.012886151147446016
-0.0038297593578466224,-0.00882616561642735,0.011930576939049087,0.000961542441380206
-0.00834930385685223,-0.01502416237021572,0.0265410491995652,0.011274411664000006
-0.01400561919144247,-0.02253958715054702,0.03795787938424893,0.014679688530415704
-0.021031840772148175,-0.030524181976175638,0.04218310383147431,0.01021988048463332
-0.02920537247184221,-0.03761198215750311,0.03725413258366443,-0.00029824936329413826
-0.03753138643200274,-0.04224570339836455,0.023998356727486257,-0.012962172114787718
-0.04422647037144141,-0.04314532217251205,0.0059178235791435,-0.023198004383268016
-0.047076088507758476,-0.03977369431005921,-0.011800078815687447,-0.0274769912637466
-0.044094653647542614,-0.0326350053214227,-0.023859233986797703,-0.024648372650136585
-0.034287578209070205,-0.023280970183560595,-0.026526106195812787,-0.0163887834676211
-0.01824914976287481,-0.013986803530663363,-0.018855177122755785,-0.006579524121552299
0.0016444135345675404,-0.007166062152265187,-0.003059083152723553,0.00017781467697165765
0.021574734929901924,-0.004684511231080241,0.016115247107521616,0.0003687505819815057
0.03711614333014544,-0.007276769485051335,0.03282089638340677,-0.0069749843318435735
0.04436215053993855,-0.014249660296708072,0.041905616310526195,-0.019720711703777986
0.04102913701163763,-0.023577702239878096,0.04049593285988694,-0.03321732288361792
0.02720533867052797,-0.032382731213014763,0.028866334322526922,-0.041834707344546196
0.005498815473952791,-0.03767594034508246,0.010321701212303604,-0.04092855824986465
-0.019496017888575863,-0.03716109552257771,-0.009857836697166155,-0.028539023659754137
-0.04229603660508728,-0.02987592745323077,-0.02605820419338306,-0.00622112032567354
-0.057904036004587434,-0.016490746906213213,-0.03402451279141819,0.02129021030828191
-0.06308332895350902,0.0008234126922005286,-0.03206754829885125,0.04746961855733667
-0.057174600390366384,0.018927132571658033,-0.02141823671020482,0.06597221067755592
-0.042222332784089614,0.03450613858588224,-0.0056536484383197735,0.07252430438775151
-0.022373529024265627,0.04491547084836678,0.0105765764157853,0.066120632245571
-0.002720193642881591,0.04884920317788792,0.023075638101865387,0.049173158983245285
0.012082880614800937,0.04665616297977392,0.029367583145533893,0.02662493004173335
0.019030315588998332,0.040215394427647745,0.029309832354522794,0.004384134882300654
0.017467164309226433,0.03240165447967827,0.02489178502513153,-0.012370621107259179
0.009092494161314968,0.0262806460269272,0.019342367290527296,-0.020472376407048163
-0.0027107531403881835,0.024247269004178385,0.01589442547199668,-0.019289129821139134
-0.013994782310651599,0.02733807773323726,0.016647950968303234,-0.010437210161043348
-0.021459647116586086,0.03490564262063141,0.021911218483539077,0.003088529116847396
-0.023385508389917195,0.044747959258427006,0.030208986356499788,0.017979963644907646
-0.02000886001199926,0.05366478336326834,0.03890318038813872,0.03149137327320481
-0.01325181321151488,0.058297269946728326,0.045162717507650205,0.04188598058896366
-0.005924832725196208,0.05602956096582388,0.04691724142165738,0.04842715186992608
-0.0006922389692997841,0.04571339189675552,0.04346448129022866,0.051074674275793305
0.0008396613908815583,0.028025147364249603,0.03555167733413635,0.050132105945232264
-0.0013962846565414785,0.005365748361059339,0.024955986812842272,0.04605110059071037
-0.006028790425872212,-0.018661869812035548,0.013768547108440509,0.03946479619086337
-0.010873117788906761,-0.040051597777992054,0.003676876725914782,0.03136611801350604
-0.013834863263869006,-0.055257352567990886,-0.0044874484006571375,0.023245518300081237
-0.013746864735806066,-0.061906156479882374,-0.010796421165691766,0.017005050422765625
-0.010818528069830406,-0.05920484029802888,-0.015901245112633647,0.014570919869235019
-0.006520704691339384,-0.04798103504918218,-0.020515765847703857,0.01728549646596026
-0.0029424014867073384,-0.030401074904808506,-0.02495268517051434,0.0252970468884399
-0.0018614709671067875,-0.009481322046738135,-0.028918724510043285,0.0372139447866473
-0.0038930576020363844,0.01146537305409593,-0.03165199143641568,0.05022093058264847
-0.008067807345590955,0.029330774456176267,-0.0323308480298424,0.06069114577698528
-0.012044720544179432,0.041598412498969825,-0.03056282801091633,0.0651350391585581
-0.012929351450325463,0.04661325167782463,-0.0267241560183576,0.061186626017057606
-0.008430127921288794,0.04376318689788675,-0.021980398814678073,0.04829983266133986
0.002066840017920891,0.033596077067897016,-0.017951855266227345,0.027927011376122468
0.01692850235449318,0.017858999742538583,-0.016138826894621185,0.0031389152820416946
0.03248059435258049,-0.0005972584098875681,-0.017329619663051944,-0.02215606169996815
0.043991532372928535,-0.018124184532178775,-0.021233174926421333,-0.04410702591466144
0.047151271804713436,-0.030838176395376664,-0.02649927763246108,-0.05963616322823764
0.03955960143172063,-0.03540608667594031,-0.031142354681576598,-0.06679259408375886
0.021699350174764515,-0.029913313113766573,-0.03322745268934571,-0.06473972200663944
-0.0029819198552246823,-0.014583831644747684,-0.031571226279764136,-0.053531742970839374
-0.028966239943925304,0.007906064028141164,-0.026198794482672805,-0.03390392730587081
-0.05028217636292075,0.0327141942546581,-0.018384496611379704,-0.007246286854944571
-0.062326360445456835,0.05375984257848748,-0.01025740646579186,0.02422260862877163
-0.0632784996119353,0.0651309729445292,-0.004111925847572848,0.05724041078284629
-0.05461781411899164,0.06262642013937107,-0.001668739239598066,0.08750930522019854
-0.04054586550878414,0.04499281583711826,-0.00354272637427816,0.11016294548700314
-0.026496294771627463,0.014456656330015527,-0.00909011275765155,0.12075337316022662
-0.017234952285413975,-0.023668190832809667,-0.01666256425639557,0.11656248637789274
-0.015207753570533743,-0.06224540451999619,-0.024149084716545043,0.09781189673354229
-0.01971888698258433,-0.09412308884236163,-0.029594407472400892,0.06825414890236156
-0.027239434525386363,-0.11396292329713419,-0.031678119089886936,0.034745510312284136
-0.03275159839887558,-0.11954324022524222,-0.02991833284400395,0.005713077698746665
-0.03166445508161274,-0.11213908237909656,-0.02458939298992391,-0.011161471202975469
-0.02162518059233541,-0.09587071166978407,-0.016459251096716088,-0.011365071456837003
-0.003573160621571092,-0.07624388725721604,-0.006509414430700328,0.00474165814796336
0.018360989458343337,-0.0583676039020229,0.004223433467260104,0.03161979111159491
0.03811020610162218,-0.04543557359703158,0.014635436924098848,0.05991515856755818
0.04967321419295462,-0.037958924951230696,0.023436787604621215,0.07919574942274907
0.04918931712816737,-0.033971771188605435,0.02906862280000831,0.0812588752714688
0.03637395761253796,-0.03009097048222324,0.02980227177194804,0.06293523401609738
0.014812132910588735,-0.023016940637673886,0.02408911049848482,0.027409816121854454
-0.00901073620510709,-0.010918693350299873,0.011098883683204039,-0.01647373177057681
-0.027637311360199188,0.005795789218921054,-0.00874035725534953,-0.05679624414650746
-0.034904375483239033,0.02458548650307292,-0.03344587905829863,-0.08225165174702465
-0.027818603039692972,0.04169178726309335,-0.05962772764870111,-0.0857490316968953
-0.007453323552972107,0.05349858771977428,-0.08313740998427584,-0.06672521759392012
0.021391477213652522,0.05781460781561632,-0.10008304004184519,-0.031371910451628925
0.05161865101008636,0.054595974828470596,-0.10790991604813378,0.009325340184320411
0.07586600401777507,0.045848869925581986,-0.10617710392708832,0.043096381314334214
0.08849136049748621,0.0347700214394388,-0.09672870618016272,0.060272975874485865
0.08692016947935699,0.02447569310546613,-0.08314970631576928,0.056751912327149934
0.07201279502498606,0.016825713844767956,-0.0696466857784143,0.03505485167609419
0.047447483922518,0.011808255908092983,-0.05971100446835667,0.003165525247513762
0.018422992668256474,0.007728811796816171,-0.05502044835356698,-0.028407537452844744
-0.009840246935320582,0.0021281370272708128,-0.05496998627200268,-0.0502908689709262
-0.03332659062937932,-0.0069385572892802505,-0.05700905559079836,-0.057348622220303305
-0.04986890764552369,-0.019781522831163176,-0.057675305212311755,-0.05017212818211121
-0.059144358674736885,-0.034587569526051645,-0.053958268658295366,-0.034491474538679893
-0.062184929664709426,-0.04780044653444615,-0.04449855309793144,-0.01878577964654171
-0.060694233785786665,-0.05527556358799396,-0.030180629837980564,-0.010995145225448828
-0.056457023081413954,-0.05380755739434975,-0.013894867578579842,-0.015528108489047295
-0.05101082607454647,-0.04246648062055415,0.00045139802287659514,-0.0316185155249009
-0.045585207002741976,-0.02322405406599838,0.009316171405889142,-0.05357664538600353
-0.041181343630755735,-0.0005925242538710705,0.010794220213776172,-0.07279364183836123
-0.03862010572011623,0.019650916489225304,0.00531398441477161,-0.08074625400642582
-0.03844347064160652,0.032248931171893924,-0.004490363939996508,-0.07192635147900753
-0.04067691403482965,0.034160264541300875,-0.01467663471571707,-0.04569052886252001
-0.04458362286988096,0.025587348762374812,-0.021325377344460182,-0.006447243807140245
-0.048598913255639656,0.009977344482078546,-0.021815632036207292,0.03779503847945859
-0.050589134715064904,-0.007014610575938544,-0.01559260779932553,0.07793179072018624
-0.04844521290162896,-0.01926328614612216,-0.004179132842794767,0.10641073605542503
-0.04085273391678332,-0.022048192112004344,0.009524574613788764,0.11913963176724715
-0.02795530805357179,-0.013469732599235534,0.02234317888354774,0.11610445630294386
-0.011610932235290528,0.005020305579716677,0.03188640084338725,0.10065336479052045
0.004944772792183708,0.029098728641105378,0.03716876310420798,0.07787659321478486
0.01800171279371352,0.052860521326205015,0.03859363637241564,0.0527832322420322
0.024585088845203867,0.07047994211551081,0.037380393077120794,0.028956790602792288
0.023553894894373817,0.07772949969903464,0.034744329727756464,0.008093864485784754
0.016160296473059235,0.07294023662027485,0.031231083806139856,-0.009576391003468882
0.005799786122381939,0.05720554407268728,0.0265229756651752,-0.024357775779424544
-0.0030387557993859227,0.03388245967629787,0.019810375142370745,-0.036179182127298384
-0.0063114768702334095,0.007638568100315643,0.010552681166215525,-0.04418287183625466
-0.0019240240504986572,-0.016628857520183393,-0.0007429994841243737,-0.0470030119970236
0.009351757821317613,-0.03471897595006242,-0.012133714560012804,-0.0435776322286454
0.02392994090211766,-0.04374208429261307,-0.020505103825717505,-0.03406637069062733
0.03648669532673087,-0.04240695910369158,-0.022476532284123454,-0.02037425298778204
0.041748673111453465,-0.031058876427487433,-0.015645006214425855,-0.005940682174708549
0.03640615379396729,-0.011563380303004772,0.0003165388308370917,0.005223966511975424
0.02048466324118052,0.012917339404687408,0.02318149195635035,0.009922350041380014
-0.0023360190627056687,0.03827731582156976,0.04857744702146036,0.007019524060718957
-0.025623936136156752,0.06000624455664752,0.07120930932013644,-0.00199228437733185
-0.04207249414175959,0.07394012233370328,0.08649674289936038,-0.013419974751838669
-0.045766877530771716,0.07714984558580114,0.09203505418547672,-0.022701936290698138
-0.03410624031745217,0.06877373339177387,0.08832407908089616,-0.026177675054464857
-0.008750472146194607,0.05052013125660408,0.07846816840942757,-0.02260938203197705
0.024722821811670223,0.02658368831217317,0.0669390689636484,-0.013819558163659559
0.05834293225143506,0.0028537293779824294,0.05786260373361735,-0.00411980778462661
0.08396169757663235,-0.014485288959098695,0.05349086489296356,0.001331328358841477
0.09545792011143553,-0.02062779612691164,0.053466443216714676,-0.0013351522086649664
0.09025597524314619,-0.01360917552474061,0.05518517534030839,-0.012884404141848327
0.06973497608550375,0.004930122623785806,0.05512873237499903,-0.030237298084606463
0.0384854205833174,0.029989482089945008,0.05063669587425379,-0.04719385278162873
0.0027447037885115905,0.054468290756505076,0.04138220074857292,-0.056474380740925104
-0.031417147994409755,0.07111199533039042,0.02989740185044156,-0.05241663221945922
-0.05956028878878215,0.07456751917173858,0.02084617101303677,-0.03336849315861907
-0.07956338433317046,0.06290811608351743,0.019235161763521025,-0.002857418233277273
-0.09142513039075684,0.03814130157407127,0.02820206346878583,0.030998254991572632
-0.09639112965811608,0.005539217531989379,0.04724225836146946,0.057769117020172484
-0.09583967592781314,-0.027981214981434056,0.07163292888539649,0.06800804951924336
-0.09040520357029051,-0.05588719330248285,0.09340955805469282,0.05648021942783193
-0.07968224437138749,-0.07380028142997083,0.10368413695210116,0.02421594416801672
-0.06259696890887358,-0.08044788597808705,0.09557554569212905,-0.021375299276851837
-0.03825933845043765,-0.07753912193294317,0.06674900014818184,-0.0684613917258592
-0.006919111842971501,-0.06869630366993817,0.020645635996335718,-0.1042496872859181
0.029390484210778653,-0.057903177325487644,-0.03409357034123713,-0.11886596138266865
0.06681907927110689,-0.04808102962464622,-0.08588955439059796,-0.10839405182096085
0.1003467625211458,-0.040319798713330676,-0.12346546357523565,-0.07607265059410054
0.12493623697111238,-0.034007827617354575,-0.1390143026151851,-0.03123856174628307
0.13683209232328092,-0.027731879267702694,-0.13026864213448516,0.013657494984226097
0.1345961642530081,-0.020504029149927827,-0.10083406796116988,0.04700197986983509
0.11955315483167325,-0.012738531039938855,-0.05875379840557595,0.06165610640665052
0.09550817662711203,-0.006504577611077936,-0.013873974475933911,0.05710092807809652
0.06781989092960347,-0.004882799885610807,0.025041476074456184,0.039399540435096
0.04209668305803196,-0.01063765398170325,0.052473916471503686,0.018999123237719337
0.022876053648062923,-0.02473204269474066,0.06694838791107849,0.0070978543017545664
0.012631041771005186,-0.04532494515893863,0.07037235193017427,0.011763966582070004
0.011339378105121346,-0.06775193559563612,0.0663698588406096,0.035068714261179953
0.016692449326768312,-0.0856349505402981,0.058407108546283205,0.07216255930107292
0.024859886049759042,-0.09282938121350937,0.048511602923440464,0.11259732690398178
0.0316005330486621,-0.08556033242447392,0.03706722783995593,0.1434816025896449
0.03344323944970373,-0.06396874341712308,0.02365988524786805,0.1534812517582856
0.028655629737865868,-0.03244551310972654,0.008465196316855045,0.13642035764670224
0.01776876011944368,0.0014656734507435898,-0.006586862082795861,0.09337317883835669
0.0035186491423753767,0.02930681623443713,-0.01755569383651301,0.03261281429306695
-0.009810969298178894,0.044364210992014055,-0.0194382247898843,-0.03255917384804529
-0.017522523542323552,0.043836966481260176,-0.008074132773015427,-0.08744340375834173
-0.01586304555194179,0.02973916820935495,0.017713007860741842,-0.11995640487970388
-0.003263416383863356,0.008181226502670865,0.054660987945870064,-0.12386606740465395
0.018905029951248365,-0.012757085107983599,0.09505098685619393,-0.1003489572657317
0.04634197365423265,-0.025838595958161185,0.12837783954829768,-0.05748378350286818
0.07270455548875798,-0.027175877230158026,0.14431405460579416,-0.007898326756366994
0.09122786488295634,-0.017527008123147676,0.13602740253554474,0.03470202153364692
0.0966865506642369,-0.0018882270761625755,0.10268691822624948,0.059120531723366274
0.08713276944565385,0.012501438911120662,0.050194372885589825,0.05939195472465913
0.06482966417560254,0.019043489358384534,-0.010245353758770349,0.03596310897879924
0.03597518423618561,0.014501114764375024,-0.06534905544502755,-0.004878007422211799
0.009151555794855756,0.0005283230105115333,-0.10375313934687432,-0.053039797183042074
-0.0071506808011498335,-0.016626287074263318,-0.11944957736530709,-0.0974695734633877
-0.007232455686761997,-0.028230770918987638,-0.11348131967921095,-0.12897623704663308
0.00975061956261845,-0.02631768600011189,-0.09330165081965466,-0.14228746746992493
0.03910486265148136,-0.006936938808210537,-0.07001008815711007,-0.1368740533678961
0.07165195046818967,0.027785072875630243,-0.05442261847284748,-0.11645583876481874
0.0963257685189986,0.06961972297970254,-0.05334640233362071,-0.087472767342304
0.10358109762402608,0.10640795007555975,-0.06735619681323163,-0.0570583307556082
0.08854751066129699,0.12582673999852517,-0.09083410333239095,-0.031130844091276897
0.05286679016050203,0.11955442197705052,-0.11422641443543571,-0.013115019694551682
0.004524334371433486,0.08643360067373268,-0.12768148219128303,-0.0035686547197800213
-0.04437800939941537,0.03349917755150848,-0.12474502767077765,-0.0006972809558142175
-0.08126412714140427,-0.025593572341873455,-0.10477915826983565,-0.0014820710231337256
-0.09698401693501893,-0.07435433479884179,-0.07324055783865849,-0.0029943900233850504
-0.08867781436760955,-0.0983186021437216,-0.03973047811141961,-0.0034591239120628017
-0.06061634568665116,-0.08945272078903346,-0.014532383089645398,-0.0027499768913372604
-0.022696968995540724,-0.048678708292953975,-0.004892807879930263,-0.0022072640797725952
0.012922918771243125,0.014322699490604648,-0.012384967772665921,-0.003894371995672996
0.03591244719037211,0.08399939474350367,-0.03229684133824962,-0.009584065594160623
0.041157849216372486,0.14359877560535186,-0.05525380560438506,-0.019840174931975735
0.03026572708133728,0.18013020104594663,-0.07048697602609727,-0.033516301121464906
0.010646211366390178,0.18803145351943135,-0.06957960307489797,-0.04784945717808567
-0.00749032561851368,0.17038182537119465,-0.049369436867161685,-0.05913057796101182
-0.015125312661431113,0.1373195991415993,-0.013003548407858098,-0.06374732096962912
-0.007936986506217098,0.10224963662095718,0.031188240366363643,-0.059274751814407195
0.01199903750972279,0.07715516326553548,0.0725600542571527,-0.0452721531498094
0.03697937299670666,0.06861003124523105,0.10171363210008161,-0.023533348962975837
0.05666148413414047,0.07582759098082753,0.11349799114721816,0.0022949189179633615
0.06217245730350708,0.09136817003834283,0.1084191392545526,0.02761903074262926
0.04978036283895293,0.10420321937179383,0.09202689239392108,0.048062326208182723
0.022686009337945536,0.10401788146504141,0.07257624276064456,0.06054397123486067
-0.009841399885827277,0.08520718156422893,0.057864308588037296,0.06396004973171539
-0.03577612969842907,0.049133438874539394,0.052408682917194194,0.05928021442187975
-0.044941352093893217,0.003827308150535433,0.055973708155268906,0.04905548353662548
-0.03320576341574615,-0.03877935519201731,0.063936355103656,0.036513434167867474
-0.004639017450592489,-0.06711868490556848,0.0693065139076762,0.02453899124176425
0.029319531100570468,-0.07423172170454342,0.06562348289289495,0.014863964352040925
0.053552662032309975,-0.06045710958449006,0.049650281319181144,0.00770946360010083
0.0546190546556048,-0.03355420476080427,0.022878988296370074,0.001969112358040745
0.025894748465893413,-0.006145016591549805,-0.008699325243321288,-0.004160444001444483
-0.029385935851828006,0.008688232562097886,-0.0364823210430955,-0.012341666525072542
-0.09840153005339086,0.0021365137450147925,-0.05214060005187837,-0.023353835567674786
-0.16239490794044098,-0.026942540159663797,-0.05049748156825724,-0.03670851908174295
-0.20256588050227808,-0.07121467026456445,-0.03141815083929425,-0.050755121626737176
-0.20623064860657936,-0.11701205655268972,-7.445645924310587e-05,-0.0632349229586017
-0.17112350577282054,-0.14877537088726114,0.034491121788101764,-0.07208405283931452
-0.10632050363656897,-0.15432273063989171,0.06201483225581281,-0.07619828705302585
-0.029421119714929563,-0.12915065121094585,0.07400737757706653,-0.07588537768461233
0.039074137189380354,-0.07826644556788269,0.06615281013169436,-0.07283887804164388
0.08227002566103264,-0.014871698905394401,0.03940345191325391,-0.06963286641265465
0.09203930670284682,0.043713771019382675,-0.00048533066833706534,-0.06890161265250007
0.07109648892379836,0.08154628187094884,-0.04473451793377121,-0.07247484801861247
0.031338084346855956,0.08912807045753174,-0.0840051741247172,-0.08075176121781734
-0.010870792946794411,0.06633793433038922,-0.11076775505645539,-0.09251279961489453
-0.04071349594749152,0.022229649953472253,-0.12091172551908436,-0.10521962165572243
-0.050062244846327736,-0.028224268548227988,-0.11424248403819984,-0.11569402431918148
-0.03992340715952056,-0.06931450475480895,-0.09389845462733254,-0.12095224806112695
-0.019386358917079634,-0.08990718669732851,-0.06504326679983051,-0.1189390709606058
-0.001570794277090927,-0.08704493303884119,-0.03334593175111468,-0.10896208967169005
0.0018346538271316534,-0.06659058011635274,-0.0037245522103568768,-0.09174344861454009
-0.014647852301833617,-0.04070186532580487,0.020361752983642067,-0.06913604129395041
-0.04799527850779121,-0.02304093753436308,0.0370402345669298,-0.04364468798712733
-0.08773878478054765,-0.023429767807344116,0.04574927684899743,-0.017919286338790585
-0.11995395202767875,-0.043875757503594626,0.046833566181885646,0.0056541368979164
-0.13266977100601898,-0.07743022078356551,0.041242712026148175,0.025218819425070038
-0.12064397617104487,-0.11035991687050863,0.030429031462604048,0.03959930447074626
-0.08768478250575276,-0.12694563708908796,0.01637991160276281,0.0484032798021493
-0.045611788780794804,-0.11527664493870025,0.001614768123192209,0.05211141794581376
-0.010200646220000036,-0.07201747355140584,-0.011025364093513868,0.05212711230869061
0.004419349830471125,-0.00442775159815683,-0.018866267351443648,0.050691862888361264
-0.00913384443958283,0.07117949856562374,-0.020080467468615026,0.05055351493462573
-0.048764547257071376,0.1341539020533027,-0.014332823677085053,0.054332981657852664
-0.10353818674418509,0.16592016574201493,-0.0031132013813552437,0.06366367952611085
-0.15745279481212587,0.15600190270738248,0.010454581978709653,0.07833034531670702
-0.19496433879147546,0.10565843744362265,0.022366252669099022,0.09573927902638614
-0.20625985593179597,0.027891985104967924,0.028877084622024044,0.11104376799805396
-0.19038781439932315,-0.05624261841016995,0.027679452960972118,0.11809606722491803
-0.15516371735638776,-0.12389031774402728,0.01871129978979064,0.11112771910272604
-0.11396443017539164,-0.15724218374457732,0.00427993189646826,0.08675697689556677
-0.0806601967333538,-0.1488177264723173,-0.011596831523672305,0.045701376239415496
-0.06458909192445657,-0.1035356579559398,-0.02445816353201577,-0.0064597792154773015
-0.06741830822001058,-0.03696175668089197,-0.030873257764681576,-0.05992436718678858
-0.08299337169419742,0.029660107106047662,-0.029617460081325923,-0.1027528273905742
-0.10013758424096356,0.0759862587614391,-0.022123591232580436,-0.12395448827265015
-0.10726108795790358,0.08868561169453026,-0.012011737640665869,-0.11672266303315955
-0.09698413165181455,0.06521332041320636,-0.0038141862057217042,-0.0808030108626645
-0.06901111748107618,0.014160701935679407,-0.0013006429905996694,-0.02314916280393055
-0.030188564747494873,-0.047800771912818174,-0.005969777475189064,0.043500604483403725
0.00823055277148456,-0.1013077407372657,-0.016244952737685725,0.10384005799688809
0.035027794796106404,-0.13027520910991217,-0.027697219137759806,0.1441098162631088
0.04343726423451495,-0.12659796258646494,-0.03428457240109341,0.1558654409709421
0.033835313802665995,-0.09221204609692744,-0.030253350046530826,0.13820616921487833
0.013666998048919746,-0.03802523930950376,-0.012111424096322466,0.09773312556393489
-0.005367572990546797,0.019790862036099408,0.019964486982628666,0.04623754024295873
-0.011801205503806061,0.0648793383260783,0.06176395148266782,-0.0031229751661621605
0.001137665819325383,0.08553992917950501,0.10587746427135147,-0.03988513350794366
0.03277671858003592,0.07790053430915332,0.14351293261401,-0.059218454154061545
0.0750098641552361,0.04658144591052611,0.16676813315269462,-0.0627741022673731
0.11507721930544226,0.0028235076943387456,0.17069112651509932,-0.057216346379923844
0.14009679086912585,-0.039191834415706096,0.15452901159171195,-0.05103688868571728
0.1416871108446736,-0.0666223422144121,0.12181960977385393,-0.05086865510831422
0.11899865620545794,-0.07155453115775837,0.07933609420940582,-0.05869007410959348
0.07907058250835164,-0.05291956608034243,0.035235865835129526,-0.07097134859526084
0.03441593790856311,-0.016321238649001618,-0.0030153114727609447,-0.0800789976872354
-0.0012590037298114247,0.02799966444552867,-0.030339323633452965,-0.07739395016457304
-0.017647408072771965,0.06832674301431724,-0.0449118784219177,-0.056935638606863494
-0.011128231087671223,0.0947661897918829,-0.04803300781965403,-0.01807610636226477
0.014346224970318086,0.10175000602274681,-0.043152308982217016,0.03373734032953752
0.04895137131442953,0.08912850056677388,-0.03444504931827785,0.0885730249896357
0.08053752390368138,0.061692865448701915,-0.0254365356685742,0.13534260698982212
0.09866515579193827,0.02742044011853636,-0.018106300236063487,0.16559790736325028
0.09768606894699017,-0.004944287053644452,-0.012703651261698035,0.17632211787989926
0.07788180990318892,-0.028245329778047543,-0.008246383021593813,0.17061221543023566
0.044463506355035855,-0.03857915833722822,-0.00344384799909867,0.15596953082426712
0.005049952394507541,-0.035899365759221126,0.002342340260213561,0.14087239164811094
-0.0332405882954044,-0.023526156534204264,0.008476696930156737,0.13102116829268898
-0.0659112278468963,-0.006828088001995851,0.01300775127846384,0.12682534584185637
-0.09167889430079412,0.008461786768563635,0.013234631647037459,0.12324953149521253
-0.11150428168129421,0.017788894314750905,0.006697439476058525,0.1122038786884314
-0.12670643506544801,0.01877512735116313,-0.007742163270921035,0.08660637883095151
-0.13718294111134632,0.011473098259840109,-0.029103013412812778,0.044480606376609236
-0.14067319458824074,-0.002082252791071576,-0.05406378843089365,-0.008691311022947151
-0.13350220269562918,-0.018782138042335354,-0.07744569913081753,-0.0605676716286287
-0.11253977680573088,-0.03546350782114894,-0.09331739006444048,-0.09559835432020734
-0.07750442883066172,-0.04970453300298043,-0.09645479652181507,-0.10059356498806901
-0.03249628262238651,-0.06018199832694188,-0.08377475356836356,-0.07019472331091829
0.014122188482586315,-0.06655911661581765,-0.055349239465074904,-0.010077917452029059
0.05174153077975403,-0.0690509734649355,-0.014700188800163959,0.06359528114630754
0.07086661241861938,-0.06792661515429393,0.03175017712446142,0.12864986144598728
0.06664299038718666,-0.06321174948603378,0.0759841261261068,0.16398197599852715
0.04116834086917705,-0.05475199689321201,0.11015743132489525,0.15685699309768836
0.0035486293787593253,-0.04262187801259979,0.1284042232991677,0.10776503712099712
-0.03256454538909608,-0.027686419865665553,0.12821427587743345,0.030901661497268033
-0.05328330345571346,-0.012013501179517515,0.11100347578393704,-0.05016970317077184
-0.0492251830286516,0.0011523761300869517,0.08168985839108413,-0.11037777293945142
-0.019017236883303125,0.008001696725034618,0.047345783498208366,-0.13187614189226654
0.02975676917075938,0.005273531959748796,0.015257597292732253,-0.11055151145609987
0.0826330758497314,-0.008448032001843388,-0.009085724688191733,-0.057876403548617186
0.12277750958990029,-0.031720676371800975,-0.023496799980175818,0.002742593332746259
0.1364540936695192,-0.05996637471617352,-0.02961752357910791,0.0440167011274795
0.1175979339217254,-0.08619020348173356,-0.032260895922875066,0.04449970678574712
0.06990856788477323,-0.10263401483649004,-0.03770603096324792,-0.0034304460280887364
0.005718087751127851,-0.10295583569448305,-0.05142270349300725,-0.09022462226185812
-0.057998097773010834,-0.08427898223851077,-0.07591976311619199,-0.19176086821838126
-0.10510572866580031,-0.04841239916480061,-0.10942774742952721,-0.27711042283421494
-0.1254094365022077,-0.0017448761779118513,-0.14591433829688397,-0.3188426432999043
-0.11762327039666631,0.04628567571768162,-0.17653893804528503,-0.30230058963790407
-0.08922678274547821,0.08577361939525044,-0.1921919708893684,-0.23060398494816403
-0.05331652088338065,0.10921698224297144,-0.18638208550986907,-0.12362344911811504
-0.023613710830656505,0.11376241785708564,-0.1575641679640027,-0.011292906668980068
-0.00942207590912076,0.10205519177425898,-0.11011685239029875,0.07637642858184555
-0.012324432920877062,0.08134735504093565,-0.053562868706310815,0.11906804631482526
-0.02577068891596189,0.06108382452372236,-0.00016909296212025068,0.11231908512078001
-0.03767416262517524,0.04970919212281008,0.0384063841733822,0.06799853784986554
-0.03506737368311783,0.05173393869148762,0.054414130793289356,0.009097388018209463
-0.009147875745037816,0.06605377058856257,0.046230800808016094,-0.0391410324788367
0.04108235922088153,0.08613049692136532,0.01877903361072722,-0.058452260784893316
0.10787808636674698,0.10203660117556906,-0.01800566547079951,-0.04379617841978089
0.1768595294366087,0.10373921557522311,-0.052192025273994344,-0.004443546161544243
0.2314604647513617,0.08456680245690684,-0.0734045826365076,0.04032086039367499
0.25821054703076923,0.043716191889275724,-0.07578929380262553,0.06910999313830933
0.25107724874395054,-0.013045235710445843,-0.05947374858172149,0.06689413664787071
0.21343095001119652,-0.07474310804231266,-0.03010998727411024,0.03080936681276432
0.15701230964479668,-0.12821057868776486,0.003271326088876772,-0.028818093542385487
0.09828476688758646,-0.16180071327797718,0.03131379132053043,-0.09251715752917615
0.05340320105186252,-0.1686245993743851,0.04723992762186031,-0.13914815200395508
0.033443705355765393,-0.14831479753126936,0.04865010105446203,-0.15389585812717171
0.04139744931951361,-0.10681298559868256,0.03768720056863643,-0.13371124559182124
0.07180343660224955,-0.054332340532443624,0.019639736459607218,-0.08814688599835432
0.11300931938558983,-0.002225238405637233,0.0006095922615591987,-0.035314984816248986
0.15120935852450373,0.040198762969273015,-0.014823643663673742,0.005431886110567538
0.17488635649000503,0.06790758799509064,-0.02505886334939135,0.021249589433002602
0.17823257369939965,0.08081500508904514,-0.031545171133378916,0.010977548802943316
0.16253292389920143,0.08282664017355287,-0.037522714230032284,-0.014274427326186528
0.1352024897654312,0.07975176887030361,-0.04601057643632471,-0.035390915814704584
0.10693290762097771,0.07690727423818057,-0.05791014742722079,-0.032782992408521366
0.08797118568859728,0.07726756348057685,-0.07103952317473532,0.005642624410161248
0.08476241276235558,0.0807418152973911,-0.08054085114284489,0.07908689862125569
0.0979944622441167,0.08470497292867364,-0.08055362151300119,0.17309594268131012
0.1225782002120526,0.08544701126945381,-0.06653537938686814,0.2637827254259053
0.1494615214862984,0.07990306116153113,-0.0373354162391941,0.32555280091375016
0.16861627579337413,0.06698258441423936,0.003805567298813761,0.3395855602480371
0.17221936899538634,0.048025534141244275,0.0497700792152357,0.300077095848151
0.15705032207731057,0.026280355240782895,0.0914733192243955,0.216100197266981
0.12542131494134465,0.005674395150075985,0.12052791048021774,0.1085448433970354
0.0844311034823736,-0.010608981380327183,0.13174026586700763,0.0033585053619627284
0.043836816949445065,-0.021201106720718857,0.12457308671050053,-0.07643973159032466
0.013219775257722334,-0.026896388883950982,0.10308404457329423,-0.11718789612830566
-0.0007160964225082309,-0.030205836549169744,0.07439932889854114,-0.11738329011906395
0.004040219591886555,-0.03433931837350969,0.04629526665233023,-0.08621889296813688
0.02434169591312095,-0.04202237234869748,0.024751915513831574,-0.038797339883469166
0.052834780169813626,-0.054564222266857004,0.012309321591805922,0.009898855559520674
0.08000309029384932,-0.07144880605185183,0.00772557074558064,0.04992002474040397
0.09669979606974735,-0.09049640988314714,0.006943354642830298,0.07841954337408402
0.09646510582773203,-0.10844025285028913,0.00491094478953347,0.0984183482476402
0.07702007052983437,-0.1216601214536397,-0.0024553484086625235,0.11516837333377625
0.040582085641521146,-0.12684084513969418,-0.016854266531567207,0.13194958111285326
-0.0070141286342455846,-0.12144304213283647,-0.03713822799310164,0.14727490150748307
-0.05807792994036469,-0.10401195735295324,-0.05981968504208683,0.1547966937691329
-0.10516509558307185,-0.07442880055289475,-0.08020810206637637,0.1460036909164938
-0.1429102225772615,-0.0341845377366391,-0.09367563589961839,0.11456736835570422
-0.16908515494198045,0.013357368724793428,-0.09661661282416661,0.060441611391888105
-0.18462942896853854,0.06287905160239982,-0.08690742417245494,-0.008155834462684933
-0.19271737597892347,0.1074483530135342,-0.06395745857867738,-0.07595551213834148
-0.19721815758475658,0.1394626339220545,-0.02862375881755819,-0.12486379508964457
-0.2010807315877569,0.15217944793818772,0.016747034886017614,-0.13981026296525456
-0.2051809952233721,0.14154216347900744,0.06807770259276208,-0.11411701458400648
-0.2080014739792131,0.10777068999855234,0.11931863525322642,-0.05238252019799624
-0.20622878488829358,0.05610680890367177,0.16259774168695823,0.030272879474308963
-0.1960444215602727,-0.0037466227898115077,0.18914271186668075,0.11245550494637506
-0.1746536663783683,-0.05958627597384763,0.191097325087694,0.17284402269338342
-0.1415237865345665,-0.09968458292136226,0.16392666018011198,0.1964930870804624
-0.09891098190229855,-0.11597722687954568,0.10868797025655733,0.1789914541906647
-0.051507158331152623,-0.10646497774208344,0.033239239810249635,0.12715779914571354
-0.005342599963029264,-0.07597206239207702,-0.04839101352664976,0.056190440506320216
0.033670565045004236,-0.03486384302502433,-0.11873246093942581,-0.015594393479805315
0.061065813988505496,0.00402350152108401,-0.1612256922091448,-0.07253709272412853
0.07460954074696668,0.02936483452538241,-0.16503426217434158,-0.10596934089254348
0.07436201395732964,0.034990566356396455,-0.1287865400606513,-0.11579576760701382
0.06210856970398991,0.021975761593329333,-0.06186653867020108,-0.10907146719080772
0.040486213375581025,-0.0015924485710038065,0.017455613443767858,-0.09639677869400129
0.012214477055829724,-0.023194623813124787,0.08676010761702402,-0.08764146580432242
-0.020254194445680176,-0.030043648242290288,0.12578966234475808,-0.08859311103752063
-0.05457937738312497,-0.013508180199111992,0.12241784385624468,-0.09961450257926505
-0.08805524874604845,0.02766677520983668,0.07634954164388236,-0.11652903353976582
-0.11717949543384791,0.08644933317126471,-0.0007083170563451785,-0.13308684474191101
-0.1376538076739271,0.1492895007762705,-0.08853902908185814,-0.14382814297351393
-0.14502843554992223,0.2000579210489877,-0.16448924797087344,-0.14613440498535624
-0.13590338923689096,0.22492226300211257,-0.2101666536877775,-0.14071347173166512
-0.10929501010402504,0.21660861038923854,-0.21659167121581394,-0.13048574805090565
-0.06760503667455738,0.17668852122476528,-0.18616740101937448,-0.11852044087914027
-0.016682248717469372,0.11517469334970803,-0.13093463925623788,-0.10604213511671767
0.03525026838149566,0.04758125179627862,-0.0678599618938117,-0.09145684453212197
0.079607871618127,-0.009586717938912198,-0.012905824980904663,-0.07088339047798016
0.1098024657702097,-0.043475041423494176,0.024006234156153147,-0.0400234857737948
0.1231394367102507,-0.048224102536409914,0.04143002761088406,0.0033702408885770557
0.12153059707717367,-0.02606061701750167,0.045526913502377926,0.05744069454592616
0.110677243044665,0.014050458997347463,0.04643255727803501,0.11547254898388809
0.09792659645934129,0.05959565154215392,0.05339701446693442,0.16685894167449014
0.08952507579427234,0.09840423242918452,0.07063433447802638,0.19959261382233634
0.08827514234705765,0.12197198302866472,0.09547252669226229,0.20354787737101543
0.09251687003977838,0.12724967022571518,0.11945129702958879,0.17354811436222706
0.09690349338526608,0.11652703786926236,0.13184467344749123,0.11128489550850143
0.09476923414897276,0.09571069497984167,0.12414292308204024,0.025519007551593746
0.08124308433439796,0.07179350756279727,0.09367545445595502,-0.06949463139269538
0.05589871831927365,0.05048325121731424,0.04492446843540459,-0.1569332471498623
0.023813322418391944,0.034768690338395476,-0.011982923949579498,-0.22094460304083036
-0.005559337759950964,0.024754309351466164,-0.0649818316308862,-0.24997396794310078
-0.021484999157528644,0.018579766617030282,-0.10447222062045078,-0.239178049899754
-0.01600024499993842,0.013856488747836505,-0.1266350536137981,-0.1914741471659211
0.012567945769810716,0.008935908713990094,-0.13431753261167978,-0.11706148519031025
0.05804153624102247,0.0034932454130367115,-0.13512632170229477,-0.03151690988181246
0.10760336931909212,-0.0017252391338828423,-0.13750862635976924,0.04721348530882685
0.1456183419195491,-0.005749026470450995,-0.14644501372103175,0.10242703126052302
0.15890182557133764,-0.008323469601049818,-0.1605818596108206,0.12224154578818097
0.14162833940675748,-0.010423099072784542,-0.17210040462008713,0.10241694979542672
0.09805069940834239,-0.014036265921952245,-0.16954755590110354,0.0477321319439327
0.04185325249857351,-0.021274547063978782,-0.14265191122833837,-0.028576474825885285
-0.007902241896845972,-0.033195590672582764,-0.08728803090205046,-0.10742769181909861
-0.03304885415862003,-0.0488958842492604,-0.00858112987893762,-0.16815865775824618
-0.022734374072971478,-0.0653533609046042,0.07924839516882029,-0.1935184766073566
0.02227038084165952,-0.07820432297486153,0.15652575095700147,-0.17412690248220225
0.08902135116895234,-0.08324304447158429,0.2041617637690194,-0.1111205804582884
0.15601886337752438,-0.07809909135697857,0.21005200241906805,-0.016103835226616747
0.1999552065467632,-0.06341952608006476,0.17356510988868332,0.09174462033776512
0.20340514175809105,-0.04302408892891936,0.10644621618366137,0.1906894633246084
0.16084641087965817,-0.022867713804558498,0.029678023694499466,0.26214722744700336
0.08087699463455728,-0.009100751759658769,-0.03275567089290019,0.2953606512920608
-0.016254369029892038,-0.0058868280239872395,-0.061176620107276314,0.289589798165322
-0.10508446414600514,-0.013772977332534523,-0.04618632983865831,0.253160956383235
-0.1632187813677202,-0.02924485961234237,0.008633340893419831,0.19977044427366064
-0.1786474578596443,-0.04569242113974705,0.08810978558105265,0.14339493914842
-0.15355663360375266,-0.0555047929777565,0.1703962424750457,0.09365688336608119
-0.10327254481500316,-0.05259515408092605,0.23370602602109591,0.05332603792210501
-0.050653737511881354,-0.03448470002320735,0.26263342307285054,0.018838552164424243
-0.01784583863279749,-0.003217665588072221,0.25208792715915607,-0.016442407792452436
-0.018266777152300944,0.0352122993028229,0.2077774793550095,-0.057589151611377155
-0.05164984250984417,0.07271846233121199,0.14338481627461175,-0.10405750868422484
-0.10393553553464627,0.10160380083217627,0.0756511753284442,-0.14803446778466867
-0.15212173057399597,0.1168040036537622,0.019152771622709418,-0.1761247470489908
-0.1724395268444852,0.11713038800344078,-0.01753038923271907,-0.17401641763820608
-0.14903248197175212,0.10513253421870986,-0.0332085158413234,-0.13252398544671645
-0.08010435497976276,0.08571145639692018,-0.032933610566249466,-0.05270860416105931
0.020651320255966974,0.0640654439893972,-0.02506764183924559,0.05207830038785265
0.1279074387291826,0.043775829923235414,-0.017817921710967723,0.15839548861015146
0.21258622308995595,0.025758469137911112,-0.01647925548745849,0.23882421417462385
0.2511141458740752,0.008453588345760703,-0.022178321012834772,0.27018377105340663
0.23291832699339637,-0.010862063104098194,-0.03226064957000534,0.2411418714482514
0.16364333651919877,-0.03419596264278665,-0.04186740242149224,0.1565498928089891
0.06304640078126614,-0.06117356860871633,-0.04592971772882186,0.03683712401180316
-0.04164262354223265,-0.08829298110688572,-0.04083714193351489,-0.08756036625412034
-0.12457259793651071,-0.10946776979919248,-0.025337513609909157,-0.18505413221599115
-0.16929658822245014,-0.11774409032874338,-0.0006226363955171461,-0.2321984734753919
-0.17328454365299756,-0.10763477887406213,0.03014118177510409,-0.2203946397583403
-0.1475130181130195,-0.07726911598889886,0.06248240910580447,-0.15783508308297697
-0.1114639824106648,-0.02959849942471494,0.0912498799685239,-0.06613472378487004
-0.0854535641345234,0.02779378174172052,0.11116615756622661,0.027105276599538722
-0.08309117155861899,0.08427039801414044,0.11744960700561075,0.0972108635270207
-0.1065430615378693,0.12864948354590486,0.10665648991988919,0.12981364112482136
-0.14620556241000293,0.15190755345306506,0.07772670536569623,0.12431765518439361
-0.18477799877344087,0.14930757516386953,0.032958890235563434,0.09252034541984797
-0.2041469887077043,0.12139919782824482,-0.02155438453488804,0.053170144871176044
-0.1925123608425766,0.07370670797656383,-0.07649059244829727,0.02461326599670647
-0.14913917873615815,0.015305055059513885,-0.12104990240908627,0.018228409907205166
-0.08501089583430474,-0.043242866463200795,-0.1456282437142624,0.03490714005718791
-0.019153518356235945,-0.09202630558252435,-0.14467682054024955,0.06561137196076805
0.02804121295708729,-0.1235353383373111,-0.11875696812079589,0.09550918287586459
0.042098701172354015,-0.13375317352851424,-0.07490736181824534,0.1099291840818612
0.019751009532651853,-0.1225432618823806,-0.02493172389056933,0.09983089602559451
-0.02964866969280846,-0.09342798689192572,0.018057060697813605,0.06482573048325654
-0.08709507548116688,-0.05289802533347318,0.04380232207486679,0.012826002404467827
-0.13025606532757109,-0.009356769405062564,0.048361626371476285,-0.04328272715017575
-0.14096855106355793,0.02824180456384222,0.035561174894731616,-0.09047032765752905
-0.1113371059755591,0.051994055607935845,0.01577759796145995,-0.11996892809910134
-0.04637786405788663,0.05672524656110797,0.00231369469813876,-0.12965316763518467
0.03764119484733844,0.04143771162112326,0.006542113602886623,-0.12370246469503371
0.11853915851426935,0.010101314738495362,0.03352009510739842,-0.1099697343917404
0.17539063356348922,-0.028636709593579446,0.07970250192178101,-0.09634773418417117
0.195109331785945,-0.06305551321808156,0.1336925095789011,-0.08771188659422414
0.1763003952022858,-0.08114804800051253,0.1798969518108145,-0.08464439682351632
0.12921650747369035,-0.07402495021763814,0.2038816266066271,-0.08429657490604106
0.07198858351013121,-0.03901495478309282,0.19755247040602858,-0.08279701965644012
0.02452579765189576,0.018564703921202172,0.16228619791638596,-0.07796274704358662
0.0021834110526018115,0.08575838372888203,0.10882116223287283,-0.07098212619795151
0.011266976442396014,0.14467426343958745,0.05386016077203529,-0.06623553849962802
0.04772395264058844,0.17703615651805787,0.014520741985681363,-0.06927995390063263
0.0992454107738411,0.16940924674413277,0.0025603202192982684,-0.08387586554014385
0.14986281765259388,0.11755918005953823,0.020407177141943712,-0.10941397211827128
0.18536030415206128,0.02851334483649357,0.0603997985439631,-0.1399962271848782
0.197665624785404,-0.08050882493042433,0.10750148737892076,-0.16577518258126867
0.18684821517512826,-0.18620124100404453,0.14452713177304205,-0.17621890963813702
0.1602444156743091,-0.26524704182231906,0.15804015018445966,-0.16412942412794035
0.12922101300016142,-0.30061480747026137,0.14286387358732947,-0.12884912175002033
0.10484006938702153,-0.28617486968967887,0.10367037301043808,-0.07731471328405387
0.09396559901979136,-0.2281997453649314,0.053160864774645544,-0.02238735319019875
0.09709679715586211,-0.14326255148535585,0.007546712984843999,0.02109118880547796
0.10854688253315029,-0.05318073167740277,-0.01905085174755491,0.041188201418601224
0.11876237328693395,0.021406542582431597,-0.01935257659435615,0.03299366981125845
0.11787947066998644,0.06681097744504615,0.0047351735121851524,0.00048120438989500414
0.09926272375850964,0.07963741346495956,0.042857798688396787,-0.04456798478576571
0.061854867177028185,0.06673923270243787,0.0796404084105301,-0.08622261332396539
0.01062446978971568,0.04196190279588338,0.09955843250154717,-0.10938728384188473
-0.04494760348950679,0.02090047945113451,0.0916324959673993,-0.10443570197197467
-0.09377592944466659,0.015507220183727221,0.05252974224236902,-0.0699929467995479
-0.12650321700903067,0.030351743418335096,-0.012702238945064434,-0.01307017535738099
-0.13821649389222762,0.06168374947434413,-0.09222839525376178,0.05330713236778668
-0.1297563976252745,0.09942162978973168,-0.17062265132856363,0.11401833648526792
-0.10729837761402039,0.13116343738658034,-0.23260597595659122,0.15594594572080112
-0.08041218773496234,0.14665679969297823,-0.2663243394086191,0.17099835371297445
-0.05923242538588385,0.1410977716731907,-0.2655182118600732,0.15734395371958895
-0.05158569613035002,0.11615953041230473,-0.23038333360571775,0.1188611281546422
-0.06088011000412134,0.07856356905243107,-0.16727097911927252,0.06340389293414117
-0.0853050789413685,0.036944898702248555,-0.08751992176303536,0.0007363597881043342
-0.11850261448295399,-0.0016275258312753284,-0.005671605170638901,-0.059155074819652084
-0.15146749361314857,-0.03405722868443565,0.06278817436814141,-0.10708423214029311
-0.17511688060889147,-0.06163933156040606,0.1040531305364163,-0.13519955348910084
-0.1828132330657375,-0.0884325765526835,0.1087607087431397,-0.13747898335953992
-0.17215720899466866,-0.1183846207975923,0.07443414273444758,-0.11057974374111215
-0.14557445650756046,-0.15253193449404545,0.006919983301716377,-0.05508981724409079
-0.1095476041624947,-0.1875673724830575,-0.0798863070701391,0.023231375037007503
-0.07271176358276234,-0.2164992696151226,-0.1664422865716314,0.1129579736539313
-0.04334692417373881,-0.23124092881683317,-0.23190792359295556,0.19796768609017262
-0.02698042751986055,-0.22612424840668083,-0.2595348190188009,0.26018674233465344
-0.024802060898597794,-0.20087296203569455,-0.24160894523927837,0.2837421233301579
-0.03338342070581149,-0.16169981992639965,-0.18231062733765385,0.25947251991831777
-0.045826735850392,-0.11987851869461702,-0.09728707493839082,0.18836417277147444
-0.054040823432704194,-0.08813153188046458,-0.009683616463824655,0.08259409394493165
-0.05147684422881865,-0.0760850788160204,0.056434179863058535,-0.036500139191019285
-0.03547248376089779,-0.08650537059195973,0.08333329168095387,-0.14323840693258874
-0.008424683929844058,-0.11384120340997143,0.06518978636787784,-0.21395895558992734
0.02266169961189309,-0.14580002656086755,0.010026447887145754,-0.2330825612266979
0.048202785175332594,-0.16756041619012535,-0.06282361319734052,-0.19704914912202243
0.05907421514175965,-0.167193905248256,-0.12904991008352754,-0.11493116031139317
0.04971969445133843,-0.14033358594991596,-0.16744838881179774,-0.005580091574839893
0.020304410864254406,-0.09231092573589147,-0.1670007395044327,0.10773524940515397
-0.022860097991764874,-0.03684391494509362,-0.1304440889110121,0.20347664270984145
-0.06886532616332129,0.008401927251674858,-0.07299590893435563,0.2668872052020792
-0.10533233157606395,0.027895699387707775,-0.016602345718876678,0.29254345007723526
-0.1221727262066073,0.013832570245041007,0.01828962983783392,0.28393612959106707
-0.11478535461405777,-0.030781462549838292,0.020479987440740165,0.25062962923450094
-0.08562634207643138,-0.09270859306944701,-0.0075746900982087036,0.20429078245780596
-0.04359087487049568,-0.1525829022527701,-0.05039602825416069,0.15508609233632933
-0.0013530962966925367,-0.19113766913878194,-0.0850574433474929,0.10958481549252021
0.028510313219229203,-0.19539228631760322,-0.08976875099642892,0.07055868599409415
0.03737187729860798,-0.1626545623161244,-0.05238492316146805,0.03826160574709424
0.023137533766205816,-0.10099144088956735,0.024300159545162455,0.012233916722443
-0.0092596352475156,-0.026101455485032815,0.12251547752308144,-0.00739267063391465
-0.0495780156061007,0.04418896585647138,0.2149020949301083,-0.019716405990830358
-0.08558055619532628,0.09576288227282842,0.2735355379632881,-0.023979906313887335
-0.10680525600084449,0.1222894451481823,0.2794418802281926,-0.02093164455841514
-0.1075393033960068,0.12617133705364547,0.2292433115384363,-0.013707164787508266
-0.0880667904529824,0.1162150223891461,0.13655724833931465,-0.0074883794205423855
-0.05390198012471667,0.10312140894310479,0.02762290248546607,-0.0077792669458399445
-0.013442667032234363,0.09469013392997806,-0.06732764182385176,-0.017857351488301174
0.02498505769878287,0.09267649802209643,-0.12394003268051527,-0.036494322066720236
0.05556372946221926,0.09252651595962436,-0.13142449732768094,-0.05712260007750256
0.07605242765838435,0.08602685198126506,-0.09544747418917178,-0.06917558178921071
0.087229090517177,0.06571100270004332,-0.03534925912428597,-0.061491563261672905
0.0911267649016716,0.029132577337959285,0.023177253875593884,-0.026766544588004038
0.08897369248569065,-0.018857513272328714,0.057246904717993166,0.034555641650789434
0.07985552116371808,-0.06691375044159709,0.054519910376953765,0.11257905007534
0.06079730599928726,-0.10092846475585651,0.016873174667501472,0.18942655664856903
0.028336532150060288,-0.10933684017156,-0.0410967163664665,0.2437894628901024
-0.01902520571350243,-0.08793533985676989,-0.09796140829006303,0.25730555727560833
-0.07856574563332758,-0.04224685545652419,-0.13343628906192634,0.22072887528564145
-0.14239384212156947,0.013662655658441675,-0.1355070820287218,0.13775468409675867
-0.19849725080104508,0.06167944756400062,-0.1042238910241336,0.02502770304727622
-0.2337309089289627,0.0859241576736593,-0.05100600507527058,-0.0919132470409421
-0.2378978635380155,0.07854855202623093,0.006022472683254397,-0.18563261242538798
-0.2075463629850044,0.04286856968038155,0.04874954875212469,-0.2345870759467888
-0.1480606217655733,-0.0074246110726106495,0.06530922612491925,-0.22923824909554508
-0.07310793948667456,-0.05281767147284585,0.0536406078216941,-0.17453895766371835
-0.0013701144643517987,-0.07474551695816145,0.021305122245660425,-0.0880243839009126
0.04856728925659578,-0.06219020139945461,-0.01806335005307805,0.005822054517094855
0.06360918737322309,-0.015745842828163742,-0.05009839752602763,0.08305781002318102
0.04010193976602712,0.05232050645714353,-0.06472616195904893,0.1272002574036153
-0.014961931886381459,0.1220483354068842,-0.05907133862401441,0.13341770478593065
-0.08590962526227963,0.17239280163188275,-0.037398295552418595,0.10881038695328282
-0.15291761753576552,0.18812556239292305,-0.008445401350523407,0.06892951559158167
-0.19767234957415694,0.16462009197297067,0.018521848258821326,0.031901616597072885
-0.20839396089672788,0.1089202643451504,0.037242603613915765,0.012225678292470593
-0.1827174902784318,0.03686363475177237,0.046211805442454845,0.016281580718349512
-0.12768050036872858,-0.032546334707359736,0.04813876295469792,0.04088134367333111
-0.05703479907902237,-0.0833804744432201,0.047600888860988705,0.0750918570328063
0.013062204980544962,-0.10737349926672679,0.0481110325225832,0.10445976813171974
0.06849839063214877,-0.1053232171715886,0.04999336252900683,0.11604838160668329
0.10043615242268421,-0.08503741035705913,0.05003861915407522,0.10256821345933881
0.10652701568282755,-0.056899990391031025,0.04308609255289747,0.06434159469856557
0.09010309388320652,-0.02900495382160495,0.02481478085503555,0.008679509505196767
0.058027445944660874,-0.0038969951397348707,-0.005516792187114993,-0.05285526525055094
0.018231420426249246,0.021761547436454122,-0.04364315087221367,-0.10818221596402004
-0.022131177990586892,0.054515914114018536,-0.08090414908121724,-0.1481221842306328
-0.05744225969664071,0.0996217018635116,-0.10678379293567963,-0.16845862427480077
-0.08341369957440109,0.15670578493615173,-0.11246402018114111,-0.1701864038124592
-0.09650230640070662,0.21757176558898889,-0.09405095695063974,-0.15815942961702734
-0.09365738042490081,0.26734008795732955,-0.05423833174860946,-0.13885142119534116
-0.07285863767210637,0.288812527269232,-0.0017679105719545958,-0.11813022665481057
-0.034390582670020486,0.26864163989709045,0.0511153896146409,-0.0997923848058693
0.01772776905525413,0.203072866011886,0.09227288478005163,-0.08521188839507128
0.0750244955031541,0.10103314825801848,0.11304751877345681,-0.07399777124357235
0.12531801416673632,-0.016816754770188277,0.11026308443505961,-0.06520212290601776
0.15516412323387413,-0.12306317711749369,0.08629388963047818,-0.058484519555932035
0.1535338944396333,-0.19112021629124692,0.04742011643154086,-0.054738657483281286
0.11561800244561672,-0.20301929533897728,0.0013159293288507942,-0.0559541220154217
0.04538529374538709,-0.15487908228959862,-0.0452375297454887,-0.06440374860943146
-0.0442284845589031,-0.05826032049709556,-0.08754640179158862,-0.0814979686043383
-0.13390815161339614,0.06304583938306027,-0.1228168009907139,-0.10675553262559506
-0.2027800542795535,0.17976448552332286,-0.14897056218246293,-0.13728810822926338
-0.2340896461339227,0.2652761463049057,-0.1633211605451642,-0.16802111581261783
-0.21996279562259818,0.30263422442899235,-0.16203175833609895,-0.19264219842587543
-0.16369308862459925,0.28841131518160323,-0.140902654401415,-0.2050526437717683
-0.07877304092399817,0.23243180383166048,-0.09737777161108467,-0.20094940274812562
0.015039897111985714,0.1537907595205267,-0.0330002346509464,-0.1791141452453118
0.09734327746291797,0.07467471350432578,0.044824186997469956,-0.14203605140652886
0.15257105393999246,0.01403438557427214,0.12280022391004944,-0.09563531249181223
0.173609004938879,-0.017015307534391046,0.18393921768455024,-0.04806126354875434
0.16251816560440896,-0.016950456307118753,0.21164024964761385,-0.0077774332148863624
0.1283835434809192,0.007343078003636354,0.19453799758594018,0.01863328217948135
0.08330190605695209,0.043860641260884986,0.13056889987023335,0.028366381474252033
0.03810507069473415,0.0795381389286272,0.028810891633766343,0.02341152917720848
-0.0006216655057740446,0.1037459719372171,-0.09172160749251086,0.010265302683253883
-0.03128863544162552,0.11033113898795288,-0.20620061041833931,-0.001753777905246683
-0.0558304135600419,0.09797881386145887,-0.2899572993956326,-0.0032623686483489317
-0.07692119815126164,0.0692602827934183,-0.3246229688601868,0.012077789763253067
-0.09527228619415753,0.029061228419899082,-0.30267943747019066,0.045043272812775315
-0.10830123093783263,-0.016925907057617654,-0.2291411403227912,0.08981996648222816
-0.11081621373250164,-0.06323223353304488,-0.1199620593543561,0.13499289532700126
-0.09744431450923452,-0.10511151701503443,0.002271404964285585,0.16648700154957952
-0.06572941882948102,-0.13872214986662829,0.11404766125886726,0.1717304304588772
-0.018471078409926546,-0.16127356401051396,0.19640992247267963,0.14381470080901215
0.03587440999337148,-0.17128909883498905,0.23877478153356818,0.08429013858418687
0.08514540641857402,-0.1689136615359295,0.24025398800214223,0.003552506180865186
0.11721871201227467,-0.15602146844368475,0.2084274427880491,-0.08151363439304939
0.1241968908744018,-0.1358688391146458,0.15622618992131376,-0.15207846503593317
0.1054185673703662,-0.11221251225358955,0.09801659450449911,-0.19276701790557538
0.0680459010034696,-0.08809653378059937,0.046037211374745354,-0.19621172973453946
0.02487551435682875,-0.0647563011134114,0.00806192120305865,-0.16524224790137942
-0.009913318881503147,-0.04115625762985239,-0.013320594453643128,-0.1119204026001607
-0.025538384308627052,-0.014501072716697106,-0.019935589880876244,-0.05366212807598705
-0.018147065772781263,0.018315559001669802,-0.016274670849454928,-0.007683218673556962
0.008222452322194413,0.05878853355959811,-0.0074636409692527125,0.014392784323184138
0.04359664729007159,0.10516116683846792,0.002412463038338284,0.009948748316869493
0.07615504104029758,0.15182929097927944,0.011206712291126082,-0.01434478599416288
0.09683428073902384,0.19023321562013445,0.01871081963500954,-0.0454531181690944
0.10262974059044806,0.21113543271081275,0.025926334804396503,-0.06904940004262683
0.09729863396033184,0.20761243180014988,0.03397336104191809,-0.07491061662905542
0.08921632048992295,0.17772718022319775,0.04307677769561275,-0.060689621925578016
0.08729774218189625,0.12585948228577593,0.052011827558391094,-0.03269330173237323
0.09670141568253292,0.062080120525228676,0.05822492450031837,-0.0033777226473166635
0.11614941516357061,-0.00037121733672566674,0.058616453018011216,0.01353145576367661
0.1380595990794887,-0.04875064828114056,0.0507396009479688,0.00850603980852097
0.15153640834121956,-0.07441709181024274,0.03399835812125433,-0.01975362072281254
0.14706005622115786,-0.07516273590581038,0.010377075982243638,-0.06324777307065392
0.12094475181405673,-0.05547960205555563,-0.0156630983106213,-0.10703207740184213
0.07763764809821626,-0.024704132528239362,-0.0382380221346709,-0.13422691948896406
0.028732938672604822,0.006262103222760607,-0.05182991244996723,-0.13194375192947067
-0.011113938489382125,0.028460903631078907,-0.05328539094461886,-0.09604513875843912
-0.029881792330237966,0.03737361215199379,-0.04332170024119513,-0.03305328904475985
-0.023232851475049165,0.03358423099156614,-0.026896919273657803,0.04148334840215337
0.003225941659468912,0.021513491228339485,-0.01210807542114728,0.10762633137250469
0.03561432945711532,0.006873844838277318,-0.007769326797861987,0.14712448892721897
0.05700162369990594,-0.006029361610122194,-0.020335996493403494,0.14891289586024958
0.05432813748818863,-0.016006518066124412,-0.051187117869482254,0.11226814111140429
0.024347537704605196,-0.025001691088473138,-0.09530008128485018,0.046705679653470576
-0.023897761165994534,-0.036447165624521424,-0.1419884215271705,-0.03117099342589439
-0.07136571741071242,-0.05270142534383618,-0.17771062249150907,-0.1026716345790264
-0.09558298154476252,-0.0727369409631165,-0.19020517742555587,-0.1521607931349561
-0.07929316941815012,-0.09118866597651906,-0.17263891546254156,-0.1707409405099652
-0.018010358481888068,-0.09935626540502676,-0.12630893024785989,-0.15752687252452424
0.0765152733592114,-0.08797018886879646,-0.06081626708600006,-0.11846912179238908
0.1785786560556708,-0.05078994575686792,0.008555180542545556,-0.06350068111333118
0.2561650736036127,0.012302170886410047,0.0655321555719031,-0.0032189176817696806
0.28156078770423165,0.09394867787499837,0.09808911292792796,0.05374530337768203
0.24129634253364018,0.18036330082418017,0.10239576275634425,0.10199285487186205
0.1418313566362806,0.25458671494506047,0.0839953110889907,0.13922768802795715
0.008743680645171932,0.30096395395444303,0.055662114304269546,0.16524941029739745
-0.12059578857681261,0.30940567467526925,0.03258266049185044,0.18080866902246062
-0.20857954541122697,0.27806061756277467,0.026532744793293164,0.1869216487802225
-0.22931586787769448,0.21357889843355143,0.0411864785112844,0.18483608185144723
-0.17691787445124033,0.12897456903066357,0.07037862490591965,0.1763994392707182
-0.06728032726583194,0.03989140094367799,0.10012278296765781,0.16432451053616892
0.06727321622769741,-0.03945044891145803,0.11380937684735953,0.15190300678303928
0.18862597808480888,-0.09935471933507331,0.09877174461577301,0.1420531124138249
0.2651214777609826,-0.1359785878113145,0.05179212676746033,0.13603029512829506
0.2812488301686713,-0.15077782150553443,-0.018611693306587362,0.13244917775822776
0.24153164817664058,-0.14862304259406678,-0.09418054596530051,0.1272731506265333
0.16747831771216254,-0.13552299527874784,-0.15269770531866605,0.1150822294579659
0.08890843786126731,-0.11685869184642313,-0.17562801749474588,0.09135342995645901
0.03291334289317936,-0.09663887248916622,-0.15489204416800947,0.05493177076885629
0.01444802018635127,-0.0777297522635525,-0.09624941662684945,0.009603903566998645
0.03184239666997564,-0.06254667384219988,-0.017906959651758238,-0.03612191189645725
0.0686460484122358,-0.053526517272715415,0.05533538170711463,-0.07129660680640419
0.10088443264700131,-0.052893473931953414,0.1004470901154782,-0.08629087682847297
0.1068645365135241,-0.06168724754001979,0.10411151044971485,-0.07672826215953492
0.075819926195193,-0.07852026741196086,0.06739966317161196,-0.0460070258463579
0.0122126967031417,-0.09882264592940815,0.005440551893766635,-0.0051742980001056125
-0.06581308090550485,-0.1152587116551412,-0.05787015012183831,0.03018208865285567
-0.13314621760927287,-0.1195559118701366,-0.09829244661102458,0.04520797587164944
-0.16702872780864245,-0.10534410944434042,-0.09981884048050232,0.03144738186048325
-0.1555187569300624,-0.07103475682818669,-0.06035296765947487,-0.009242550999536185
-0.10201754071817595,-0.021542104690084087,0.007533165946481454,-0.06422764255161412
-0.02427378694040381,0.032093304296055766,0.08102371166258607,-0.1136392998841358
0.05169725055386844,0.07542455146287447,0.1350728314322297,-0.13700606836249057
0.10053769492515935,0.09501481095984707,0.15114832904983197,-0.12079650662915785
0.10612964079378334,0.08315427573215786,0.12362066217243722,-0.0641503575090463
0.0668784042193654,0.041190189227880286,0.06159930593063757,0.01948998440336999
-0.003998764816644677,-0.019891674854947645,-0.014324676509656856,0.10580827048159963
-0.08307570705392128,-0.08212379925326432,-0.07916186491502461,0.16727604329386897
-0.14444542748014508,-0.12581120778375615,-0.11186504464917407,0.18260508091071054
-0.16785951730506263,-0.13575986101558496,-0.10202297974230795,0.14471692936494585
-0.14462203293695564,-0.10639678012214918,-0.05271841360853058,0.06426320485100359
-0.0795452516676747,-0.0439646696250431,0.02117867291142544,-0.03286664517451139
0.01127167734522026,0.035095586617613,0.09837667166870132,-0.11356211979753089
0.10569853374313198,0.10917218625637057,0.1580805050730802,-0.1485516868549218
0.18189500857143512,0.15832039115066326,0.18600537007659884,-0.12280860206905429
0.2236851065952033,0.1706405020235659,0.17759938105084527,-0.041637425373953874
0.223625412894777,0.14603337549434414,0.13779502904878743,0.0698992501875896
0.1834117068235921,0.09603896483681504,0.0779402923288536,0.17435232379258847
0.11218866904969038,0.03979699415792219,0.011489196995495752,0.23385530295592916
0.0238210498117834,-0.002497294122832736,-0.049771236754288115,0.2228263398921471
-0.06586572890941153,-0.016406259698715835,-0.09772547665777659,0.13714848574683933
-0.14132616203426057,0.0019900141513835325,-0.12792168288981698,-0.003372838145672359
-0.18902851430768386,0.04498584045956737,-0.1382724048269703,-0.16030616729846933
-0.19903747324162374,0.0961185814882935,-0.12769338013760173,-0.28810787204267785
-0.1667447512323464,0.13596213595292955,-0.09575347316413274,-0.348219378441498
-0.09463371707241966,0.14880080815967972,-0.04368664666423394,-0.3212013679798715
0.0065580539174553525,0.12787368267035049,0.02380839197032448,-0.2129512526928277
0.11821243795130636,0.07742407692797179,0.09722046093847292,-0.05295835154953442
0.21649407840076507,0.010937776615212218,0.16261943550049304,0.11485893181911197
0.2773583738386512,-0.05370803473964136,0.20443255258728277,0.24578010029064196
0.2829644166459464,-0.10041051538415158,0.2101412587324178,0.30798856688250886
0.22767158013118718,-0.12014329340622767,0.17535206642892687,0.29198391267132295
0.12146179547387718,-0.11358785071797403,0.10714195742651747,0.2127645686115355
-0.010900612792472997,-0.0902815243799163,0.023881830307914555,0.10421596244351491
-0.13542940695326516,-0.06471923666861416,-0.049119283387786955,0.007653408800994393
-0.21803685037171408,-0.05090258145302749,-0.08721432987778897,-0.041695751029751524
-0.23462884833091674,-0.05732560118497808,-0.07489666753768805,-0.02591172816065781
-0.17893339647259762,-0.08416293256529216,-0.012127280110159018,0.050213670218015344
-0.06527036091866079,-0.12358362811537704,0.08406660792875448,0.16115735503772566
0.0750308316072296,-0.1629694530406077,0.18380228594160614,0.2692029332592012
0.20277264783762222,-0.18978388328349946,0.25339333358661176,0.3366503313053022
0.28284201136502085,-0.19627977867494178,0.266417654630678,0.3377364748784074
0.29512218760160835,-0.18233434187901976,0.2130345278553133,0.2665258239001918
0.24070822667918695,-0.1554068371349343,0.10416984387741932,0.13842638378542338
0.1412593287669512,-0.12766355715666775,-0.031163705820445746,-0.014926549319483721
0.03162240271516702,-0.11132906032261257,-0.15478334013843326,-0.15558753732070962
-0.05182325251257704,-0.1139481917959251,-0.23162581099722912,-0.2507557826782322
-0.0831487210001495,-0.13526957573723436,-0.24126054193779162,-0.28215388955070386
-0.05510241624229501,-0.16689016525440067,-0.18464166019206973,-0.250513663575993
0.01919440775374338,-0.19483910343870547,-0.08370756145513664,-0.17399861783182607
0.11156411291375473,-0.2042626396249721,0.02608907035062307,-0.08133902043154881
0.18911628301788844,-0.1846457907004266,0.10776270330089405,-0.002080737300265742
0.22588472609557758,-0.13381059624871333,0.135145788787348,0.04284076896776267
0.21162239851668357,-0.059322592422354894,0.10134898897370885,0.04721659860449923
0.15470516034073334,0.023221417887392057,0.0204629133662906,0.020541392158352448
0.07826677002187779,0.0945416834623401,-0.07796874974871985,-0.016285191467450815
0.01114504397111371,0.13732865194797447,-0.15963820969052106,-0.038981453514650426
-0.02293708174344248,0.1414508807434282,-0.19749244175927255,-0.028922907520791692
-0.013968965533257074,0.10710401574192797,-0.1808742238842802,0.019790396319898276
0.031051786901295616,0.0449259055567659,-0.11869860304010174,0.09756037794470057
0.09118521529862109,-0.02696403938639387,-0.03575867675383312,0.1817429967999207
0.1396694475067889,-0.08810933112969674,0.03631421063241718,0.24358419709763968
0.1539562287616693,-0.12150405606465928,0.0701053860559148,0.2574632769449996
0.12389643541096275,-0.1183105518098308,0.05159841208786762,0.2095153772975602
0.05510099255606346,-0.0801397622053004,-0.015568273904611914,0.10286847361036384
-0.03361517075457006,-0.01827571154484224,-0.11195277046156127,-0.04223946300108995
-0.11755370608897972,0.04985608968299314,-0.20927275944108634,-0.19361648205065402
-0.17531106451573072,0.10586733167881714,-0.27979025597480506,-0.3160551723729919
-0.19629549280253875,0.1356638962171084,-0.30479708237899283,-0.38136723367536635
-0.1838018033444922,0.13323279031107677,-0.2794658365345181,-0.37645763757976763
-0.1526408793356661,0.1018958809361617,-0.21283232067581653,-0.3069623686629665
-0.122438213857158,0.052762113282927826,-0.12347477626568658,-0.19533331913493573
-0.10935436944851441,0.0009673246365060721,-0.03287132726878168,-0.0739733761568256
-0.11951970030123567,-0.03905286912052584,0.04103430344978744,0.024435670719747744
-0.14672870213268593,-0.05775635090545217,0.08796380414230373,0.07640117061199364
-0.17521776185140803,-0.05287370045902687,0.10618679792863507,0.07395870602869317
-0.18633785962981242,-0.029314863269830755,0.10055369302617193,0.02597902504267869
-0.16641798504588445,0.003233936414561475,0.07906835201920841,-0.045827134129516514
-0.11267970854217435,0.03410631049183243,0.04967353632197964,-0.1147602039515264
-0.034865098134634495,0.05548827671924907,0.018466934429633854,-0.15815790964576432
0.04804846384330838,0.06495120270686724,-0.01034789481329562,-0.16457397629131254
0.11473167731948664,0.0658250229423766,-0.0333903630302224,-0.1367585362751835
0.1492627543271136,0.06532492476985399,-0.047029705519328904,-0.08955315870556105
0.1467168637241527,0.07115281391189418,-0.04730808312732479,-0.04357660955308042
0.11442036190617502,0.0878571576838455,-0.031202437458296567,-0.017037210980732062
0.06843731511209687,0.11434835630450024,0.0012883869829724507,-0.01865625046849234
0.02675355420250864,0.1435795250152932,0.04537328796546013,-0.04428937101395297
0.0019349725442178306,0.16463700154702282,0.09123285489405934,-0.07851497081046586
-0.003758726792327586,0.1666018056516945,0.125983066492819,-0.10067097762003682
0.0011886123822754079,0.14285500980325547,0.1375402012146755,-0.09318885600405073
0.0017596835927527962,0.0942615755152245,0.11913045243460808,-0.04917962950459987
-0.016435588816256678,0.029983098198884613,0.0726771292402425,0.023594216841442237
-0.0599883643503831,-0.03454970566043588,0.009505987182760637,0.1040130035600174
-0.1235334559788129,-0.08198890609291842,-0.052290630428224974,0.16396966282090103
-0.1905039177623775,-0.09838371730790088,-0.09322332177545382,0.17779242056853045
-0.23877463313239533,-0.07769539270447365,-0.09876924133551154,0.13152705523817304
-0.2491960234204516,-0.0239557809601819,-0.06446725635235839,0.028807932478572978
-0.21376233314171847,0.04972927403266939,0.0021832243870931085,-0.10888236819534097
-0.14013252883446947,0.12507086444474189,0.08384435118546363,-0.2478952337315661
-0.05047218529570886,0.18412703024778737,0.15883855268518135,-0.35233861716772463
0.02533152250890678,0.21464082268419482,0.20810906539207674,-0.3950502758432959
0.05988403778728167,0.2134104690583135,0.22115799752425325,-0.3660128711217737
0.03833326889798093,0.18659242000982507,0.19884710242435444,-0.27541169670444077
-0.035439744662233943,0.14690410267533124,0.15212679728160236,-0.1503063526553837
-0.13892084114659714,0.10877262755106834,0.09730011140299677,-0.026015486773435258
-0.23759408842442503,0.08318272009995614,0.0497316043842827,0.06493135183617704
-0.2960131252513157,0.0740561773997998,0.018465619102406034,0.10263983465558135
-0.28959507274100366,0.07741573681545391,0.00380388960152157,0.08531514164469473
-0.21309570129288102,0.0835570420681368,-0.0013280372132258578,0.02868785454606317
-0.08282883696140586,0.08134747968275105,-0.006939203344968337,-0.04019991040820671
0.06816454852385474,0.0629939747532883,-0.02042042041911083,-0.0925760383732769
0.20037410136050554,0.027458954562796185,-0.04229876718400498,-0.1075631220277016
0.2800442657193606,-0.018784321970430187,-0.0651877755156261,-0.07863265310436154
0.28928904718410464,-0.06396661855602409,-0.0765101455767401,-0.014879300869928058
0.23082450897086965,-0.09539936252852395,-0.0639956764835737,0.0630452871008931
0.1259572356782245,-0.10438223267371011,-0.021751179284589486,0.13066806199640982
0.006790056019348362,-0.0897905378193985,0.04564534466533825,0.1682500268458712
-0.09448265364015712,-0.05895791655269417,0.12289908739300709,0.16717349271889065
-0.15547269544029127,-0.025454340538240722,0.18802405785045317,0.13208179147687488
-0.16944750076480236,-0.004500197822865046,0.2193919976849253,0.07828554067664495
-0.14546534854841775,-0.0076342599337766,0.20331644150997824,0.02563614689956111
-0.10320206511733482,-0.03854329976800522,0.1393669891431827,-0.008754678743665659
-0.0646889777103504,-0.09155708322977912,0.04135658543436918,-0.016297077876901843
-0.04610955173409472,-0.15336286090438284,-0.0665117107252703,0.0007586437965538123
-0.05256016116430517,-0.20734633792668983,-0.15708921167045622,0.031077646822890156
-0.07741787247237487,-0.23903937509462858,-0.20875031278375714,0.059176553685807466
-0.10618309600311321,-0.24078173222481625,-0.21194214234371997,0.07154568694681618
-0.12304463404891415,-0.21401196609019718,-0.1715763960020266,0.06164655217276082
-0.11752641833624844,-0.168467823521892,-0.10454060423072864,0.032018046335838664
-0.08870182520146389,-0.11867504088359412,-0.033361347829475516,-0.0071106772844455254
-0.04550272580274982,-0.07903367172582748,0.021607933842448492,-0.041977135644437884
-0.003178522628736087,-0.059243221019809555,0.04866420112512469,-0.060500128394870636
0.022608323075345424,-0.06160394217425689,0.047690102256173456,-0.05654016303960789
0.0217485466177866,-0.080990759904017,0.02872922243704546,-0.03166322560898064
-0.006518062252047152,-0.10731049482447202,0.007014778374388438,0.006106375625018451
-0.053322273519054525,-0.12939240955982814,-0.0034778297893278344,0.04588295691210927
-0.10340290097765081,-0.13883389344282113,0.004543224351674171,0.0783336177782493
-0.1405766973564368,-0.132459621365643,0.02925308133571463,0.0991294481449656
-0.15338813045568916,-0.11266875190900744,0.06100100746502106,0.1101024687838543
-0.13889507527229494,-0.08578021941100816,0.08660617923471435,0.11772809033518501
-0.10329297593964272,-0.059212212710053086,0.094839405099088,0.12962672971710648
-0.05926295487306242,-0.038680671380870044,0.08092336314230414,0.15055878022644612
-0.021105428393627168,-0.026466454855253486,0.04838167744657519,0.17958010992251072
0.0005287237641697778,-0.02126990623339544,0.007675155747394201,0.20956635656794584
0.002418910705336407,-0.01948357386866787,-0.027678216138933325,0.2293880860340778
-0.010233072229429502,-0.01715623180268772,-0.04588918073630881,0.22798382384674437
-0.025879680465039023,-0.01171260691697696,-0.04074408446264843,0.19882792392754706
-0.030976887997062826,-0.002697548921919223,-0.013163133980373921,0.14310609932496085
-0.015051123083027938,0.008679627434924956,0.029893639451754855,0.07035837434425296
0.025270048575148592,0.02084848701207316,0.07848034347813895,-0.003743371256597539
0.08461851713114141,0.033285634647950334,0.12328568213021054,-0.06178661401626484
0.15016087955175797,0.047248706263125134,0.15833940030106866,-0.08970774147665872
0.20534512519842021,0.06538801068800895,0.18184747242439803,-0.08086888896226549
0.2348954139423569,0.09033690140782871,0.19507966484676556,-0.03778117467019296
0.22947596381742946,0.12290402604106387,0.20008411286230757,0.02903095436332479
0.18859888413476714,0.16074748846478037,0.19746751479262298,0.10453830594659522
0.1209330046990807,0.19827489454392588,0.18537619945221784,0.17381280696738594
0.04197549965020625,0.2280241887126484,0.1602081384708977,0.22614094714839666
-0.030179678692097943,0.2431336491922057,0.11875513104990786,0.2573114155691576
-0.07972556481752416,0.2399785380023937,0.06078326835461861,0.2694574895930535
-0.09729430621421384,0.21987469845129315,-0.009192604947952569,0.2687338890683548
-0.08225424942637634,0.18902698986847233,-0.08189018110778633,0.26186364849574406
-0.04258313527685662,0.15654866954550156,-0.14523002950280278,0.25293840307707904
0.007571254950273476,0.1311534385415813,-0.18769247371933884,0.24168693898302585
0.05191254500930367,0.11771502581100544,-0.20185463608193838,0.22382267996788735
0.07646784808928633,0.11504660481467248,-0.18678220315421037,0.1932747855630555
0.07328920186553889,0.11588230036026016,-0.14836624839494253,0.1453973145935195
0.04239715279858276,0.10925953662210366,-0.09747481505045458,0.07988944107177573
-0.008528684341358107,0.08458741485600436,-0.04661283592862993,0.002267189114672132
-0.06658531543881738,0.03599084682770579,-0.006319381338868653,-0.07674662776392976
-0.11749116561766848,-0.03467801554785962,0.0174308338241247,-0.14379925117693287
-0.14972257090552116,-0.11737123152948647,0.024014948363571258,-0.1866348603847351
-0.15773076024261784,-0.19625995650484712,0.017085834442177282,-0.19774395808756884
-0.1432813110121692,-0.254340633178792,0.002307495803099591,-0.17672399754854098
-0.11450383604761417,-0.278723537317191,-0.015021690199989932,-0.1305682927399515
-0.08293357681678382,-0.26480138777546636,-0.03146127039989699,-0.07178526695087106
-0.05946663887504152,-0.2178449214983892,-0.04554611377503251,-0.01495447173376949
-0.05053297772538594,-0.15144698759280822,-0.05673410330705973,0.027186347580171126
-0.05577512800685252,-0.0833247683965053,-0.06395851814837719,0.046912787143751744
-0.06808167787972812,-0.029898971709041895,-0.0647446493961801,0.043015264140849024
-0.07607583222617664,-0.001472291391497402,-0.05556428261082468,0.020274679517180674
-0.06832833715294019,0.000413570446889739,-0.033467994836861734,-0.012777936057299953
-0.037925607548901605,-0.01734410262185821,0.001663220178783155,-0.04697131661487968
0.014189663957760657,-0.04243549693729061,0.04534618589139884,-0.07539036538691404
0.07837248042808996,-0.06169038838345775,0.08826378545087409,-0.0951067464275818
0.1384176424651925,-0.06551410784957207,0.11809355545051559,-0.10723438036044644
0.1761885309565513,-0.05070802197506867,0.12307397628890682,-0.11540077568656174
0.17734515188056982,-0.02084573888767869,0.09618110316766683,-0.12328006281510398
0.13632122592805698,0.015695146872859476,0.0383690731889412,-0.13215964111718526
0.05884553679041935,0.04911466799373032,-0.04049795641370745,-0.1395030050845406
-0.03896149221521653,0.07162432879043266,-0.12365279409018737,-0.13912992864274581
-0.13478503552871912,0.07968216162117944,-0.19194930587113568,-0.12307281143567061
-0.20637634898280738,0.07435466207233404,-0.2295156575464015,-0.08456784776856224
-0.23792647003022588,0.0599242883445464,-0.2286491278786173,-0.02119949355260966
-0.22452406197733255,0.04154688427236973,-0.19224471663758694,0.06291346788464039
-0.17327331948380503,0.0230738395921269,-0.13286540914967077,0.15676770323665204
-0.1007413805670716,0.005981220660646862,-0.0687241428059149,0.24430012100662615
-0.027615484244447572,-0.010216434243447186,-0.017929077372460436,0.3080440632204214
0.027640094338226773,-0.026397359094226174,0.007057051063835555,0.3336578307889039
0.05404485933854241,-0.04198504102313153,0.0028974140955190797,0.31401811024056364
0.05062268113234482,-0.05384950374624559,-0.024280184854935327,0.25161409921626093
0.02551059756268769,-0.05667204234183364,-0.061635575636538965,0.15841979358499897
-0.007822391714371815,-0.04483563592550772,-0.09433425936229817,0.05314352841603601
-0.035751318938758256,-0.015180831571738985,-0.11048433099474922,-0.04345704278633315
-0.04916053832482807,0.030519267411069143,-0.1045895327669347,-0.11389381855445233
-0.04598033285443236,0.08454208741085734,-0.07847906329501343,-0.14836410008816228
-0.030839946859289803,0.13436848248642513,-0.03967618093188027,-0.1469566742584474
-0.012188899194309023,0.16591433348991502,0.0018924708401485673,-0.11898380308563339
0.0018277112346787965,0.1679109098127562,0.03742431597143114,-0.07964213334352695
0.007038134275536118,0.13595873824269714,0.06165777190009973,-0.04503112805391042
0.005001706628304022,0.07475748462661609,0.0734336607132718,-0.027078054820319487
0.002200570704307944,-0.002447115455715812,0.07450797650227857,-0.029959174482708878
0.007047927407703538,-0.07723308919606298,0.06745742438918245,-0.04914198363607521
0.025965543376549084,-0.1312362735295097,0.0538334089454411,-0.07334068762166526
0.060150789872593965,-0.15160623830624215,0.03349880391170111,-0.08873783381822697
0.10437983126187722,-0.13490600532841876,0.0054412329949573394,-0.08408247044406408
0.1483890863376162,-0.08815641190474832,-0.030408173447875164,-0.05497564513896457
0.1803574116823825,-0.026659237184593065,-0.07136394559266573,-0.005903658355259946
0.19117485842138754,0.0307030775790237,-0.11126716517342526,0.05069481650172527
0.17785688439426733,0.06716922835420217,-0.14149558462296946,0.09807206779129948
0.14477403197745292,0.0729788105724206,-0.15355961385172384,0.12037326523866956
0.10219703753461809,0.04792216185377306,-0.14236067351589576,0.10771988732864676
0.0626853691179772,0.000861874811064142,-0.10875765548586537,0.0595210481906902
0.036675340340812955,-0.05346218428457311,-0.0602192459992133,-0.015072510841635555
0.028931276998915394,-0.09917479983623809,-0.009017026829462583,-0.09972987062978976
0.03719021172494406,-0.12396520796395437,0.03161401574653411,-0.17569642564380553
0.05348559186572026,-0.12229317220898737,0.05204325415150152,-0.22722057630120526
0.0676050700841242,-0.09626098944347453,0.04982368076141757,-0.2459286621832592
0.0713199207984539,-0.05415078403866832,0.03081875908711303,-0.23279810978609145
0.06173474847284562,-0.007384322352748312,0.0072706561448278376,-0.19718914091887632
0.042456819895840936,0.03292014509065447,-0.006641856587971916,-0.15336649958926668
0.022137716886159328,0.058658545324347736,-0.00019859837571343554,-0.11574556714990725
0.010964678934777504,0.0660181506911807,0.02952869152188223,-0.09446495337286709
0.016477660317124696,0.05524718264380358,0.07611957367038326,-0.09270622906997092
0.04035158883730186,0.0294035600415906,0.12576210538601423,-0.10652732167810375
0.07741032062809908,-0.007146968119346326,0.16215472394039937,-0.1270867646009003
0.11727495347930597,-0.04979090903129303,0.17263535961231055,-0.14432501263775294
0.1480301061469687,-0.09396336380842353,0.15327526567313882,-0.15071530889571047
0.16051257284195847,-0.13483565180065765,0.11096231461915554,-0.14374738104096538
0.1515885619314705,-0.16691083389703376,0.06153867974067354,-0.12632891409367167
0.1251790874989706,-0.18412520820848075,0.024485386744237343,-0.10508304628834705
0.09066337162164159,-0.1808157438786515,0.015941093044551925,-0.08729389955644551
0.059298242190783945,-0.15345737158564576,0.042521983924056136,-0.07772849029146034
0.04004620609940351,-0.10260076518732478,0.09820923883787602,-0.07657652943959246
0.036414937235389494,-0.034167786273551215,0.16554462521086638,-0.07930350635398176
0.045498127874685206,0.04066879840622922,0.2208803814516754,-0.07847670206289031
0.059536503605964214,0.10737522925777115,0.24199746190682425,-0.06687072210407707
0.06933060629674173,0.1514381435554693,0.21554826841834202,-0.04066477620084485
0.06811980415275798,0.16234809698488706,0.14180344928913916,-0.001488730921623183
0.0543739824035553,0.13694702710346782,0.03507976023136711,0.04352017276311697
0.03238886481026109,0.0809708836653189,-0.08031982964042274,0.0837682539536646
0.010456257870357099,0.008113205819408921,-0.1773217551909433,0.10870605745919436
-0.002650473514952279,-0.06329560608705756,-0.23409235738686138,0.1115674243268998
-0.0014593123160600262,-0.11511315563461766,-0.24026921131837564,0.09200595885675666
0.01368202713171347,-0.13430593579756206,-0.19949319117759,0.05663362435412227
0.03639490541520688,-0.11647879513413076,-0.12759240632726482,0.01717197751830543
0.05650229545375895,-0.06693328199982429,-0.04720384394366624,-0.013249488480174147
0.06387407435689965,0.001059817751966171,0.019274634443726364,-0.02445537659099664
0.052404841529747836,0.07021953409715766,0.05608664060870891,-0.01279042373911117
0.022569422766689384,0.12420697239345414,0.05792406620773487,0.017341962739013714
-0.018466145544079778,0.15205655570972165,0.03017085264817007,0.05455726987468587
-0.05926488921062503,0.15078691535605993,-0.014155356769269161,0.08392220048495418
-0.08818107033969282,0.1255133895342706,-0.05945824666753749,0.09170309093987361
-0.09753732355502838,0.08719387954700403,-0.0927847153857162,0.06994201590487012
-0.0863391454495514,0.04886521827679234,-0.10751253021634066,0.01939672739292718
-0.06050617115885468,0.021635477686890718,-0.10448386734816896,-0.05012824000581018
-0.03054930683973484,0.011673749506034937,-0.09051794788510739,-0.12223114044351208
-0.007597517146150848,0.019019029278760705,-0.07511300553256695,-0.17845780559373667
0.000699086703286441,0.038380677824290124,-0.06665998298984527,-0.20360942156428952
-0.007167884942936385,0.06145697662880841,-0.06950251261021506,-0.19024158930004623
-0.026323799513139234,0.07986951255640437,-0.08274002829521676,-0.14101819486846284
-0.04773142842650828,0.08772240663551582,-0.10098207014627934,-0.0682149493153024
-0.06195900810871884,0.08304260374245727,-0.11658429504110583,0.009500782796345225
-0.06299245478679802,0.06782083765303287,-0.12245796609886114,0.0721045039887882
-0.050591835340331445,0.046868962084829366,-0.11446274115494813,0.10364708410631954
-0.030284217176147953,0.02606170113397021,-0.09264854077791095,0.09657576973995527
-0.011030251269909256,0.010633256671591103,-0.06107489651675357,0.05376849952536571
-0.0015266385851896314,0.004047976133523781,-0.02642278986090524,-0.012241017341995222
-0.006645589032545668,0.007650384284603785,0.004038820236943744,-0.08259290616440453
-0.025452104257619172,0.020965922375428735,0.024452517189427772,-0.13704891529960017
-0.05160351092986269,0.042304543360923735,0.03177046394013927,-0.15921754894064477
-0.07597462565669852,0.06928967534663791,0.026247260296726298,-0.14068608290820658
-0.09044804397226128,0.09908441637029564,0.011028362265597023,-0.08302445698249536
-0.09132436875163669,0.12832929414251942,-0.008921113302026808,0.002780618688511269
-0.08094054144378005,0.15302022759384,-0.02817691086819875,0.09922161346134638
-0.0667908671773376,0.1686374563284355,-0.04213451047527966,0.18667032298290676
-0.05845083500240694,0.17074348509206216,-0.04792571563865453,0.2481129774825524
-0.0635105898778886,0.15603708496994798,-0.044823971224996095,0.2730257125532728
-0.08416676660845565,0.12358182892583347,-0.034119684726100344,0.25947647704138355
-0.11590941195985863,0.07574467522501355,-0.018552143966493174,0.21403569540052614
-0.14894149825437228,0.018376742188285767,-0.0014593593115701138,0.14964940812879365
-0.17188358188985492,-0.04003133191576737,0.014146738479325321,0.08212450163864576
-0.17636869476095907,-0.09014267518580943,0.026356169917508922,0.02617483720647944
-0.1607041635697114,-0.12407429162106116,0.03478662458581071,-0.00798250529105874
-0.1310569124175005,-0.13751811044960144,0.04052871930644192,-0.01670089554329474
-0.09952430189637973,-0.1309792691438803,0.04559981675096521,-0.003253700192778741
-0.07965355792229348,-0.10966246934326042,0.052042597917367574,0.02348446584609033
-0.08101247887992838,-0.08195713885343606,0.060937712862487836,0.05157472081837246
-0.104881626879685,-0.05693790008055289,0.0716673542749982,0.06907420099937922
-0.14282859033435272,-0.04164507623142799,0.0817282266891731,0.0668742987118444
-0.17892381612538333,-0.039012244691258205,0.08724052075986347,0.04070458186302807
-0.19501747464192276,-0.04711852522592751,0.08407041488328151,-0.008050972658198645
-0.17731130238016576,-0.06001837619848873,0.06925110432820311,-0.0727765833770861
-0.12188029764523665,-0.06988144545576896,0.04223873961042063,-0.14307231447543187
-0.037065678456574366,-0.06973615087801911,0.005542236769295376,-0.20684114891870764
0.05829630001340427,-0.05590465850482733,-0.035562951228509665,-0.2525703456906021
0.1403844288641643,-0.029316801058979006,-0.07423296424004397,-0.27139912342222783
0.18786122012599255,0.004735367145758004,-0.10384188699358238,-0.2586614466398398
0.1887674551877098,0.03831808440986144,-0.11980373922445617,-0.2147088204903762
0.14444768169064323,0.06347293772840562,-0.12083060286596091,-0.14492628233134147
0.06910834191430033,0.07485300035818802,-0.10919190921628638,-0.05894796338448907
-0.01487839448052588,0.07149688920523493,-0.08986792746443667,0.03083458924122281
-0.08432152879309915,0.05715045852849508,-0.06887028935175182,0.1112854014082211
-0.1226705054204573,0.03903135409229853,-0.05129747895945457,0.1707722820583608
-0.12500917012173698,0.025447716115823894,-0.03979281620386685,0.20127459854571755
-0.09888277182294195,0.023057099736577654,-0.033934224447599644,0.19993135652886007
-0.06073838504673572,0.034663375616016415,-0.030753422576375915,0.1696518447627827
-0.02931835582985455,0.058265756687198744,-0.02617433573732846,0.11856070131334748
-0.018424542045498527,0.08766092905811279,-0.016824632692735958,0.058295857504363946
-0.03168158798091841,0.1143957420053649,-0.0015349903503738133,0.0014696596728334538
-0.06119473554043155,0.1304386210251141,0.018047702535844375,-0.04114212587147643
-0.09058475918778106,0.13071824714504213,0.037981681044988835,-0.06299027190918248
-0.10129653705186073,0.11473175154470526,0.053511970983703167,-0.06308717428138134
-0.07988734192924028,0.08672631859218632,0.06097169548468198,-0.04590749637542121
-0.023632728663396507,0.05440558433954056,0.059387049443733395,-0.019865334345935286
0.057626140660139186,0.026562886761094178,0.05115304946477566,0.0052069207114082
0.14413872473693182,0.01036063289475185,0.041463284616012216,0.02084756030240208
0.21254758373298177,0.009069662485809132,0.03661706642109326,0.02220308723163059
0.24367558546063234,0.020936508336397677,0.0417377197782145,0.0090644584982751
0.2290916911499492,0.0395130741911288,0.0586718612738001,-0.014564344760686836
0.17415511470150968,0.055365697847200024,0.08481681467250804,-0.04215538033326233
0.09644896665848499,0.05869847374391177,0.11334578415398389,-0.06698367538318302
0.020103960309921103,0.04218051932838953,0.13485812236663502,-0.0842726938311454
-0.03207581977212601,0.003216400082933564,0.14001949357021976,-0.09242435427635798
-0.04602826180767324,-0.054953154301646254,0.12242384522116838,-0.09294544110537763
-0.02090548773542707,-0.1236325447279544,0.08081210343175127,-0.08916922801641397
0.03086195949660365,-0.19047284922413993,0.01995117980879891,-0.08432444624654618
0.08787080566021876,-0.24227571986862217,-0.05014216747587076,-0.07975500837585223
0.12691823199960203,-0.268126598732141,-0.11647153201674755,-0.07404373353920067
0.1306138789476602,-0.26208862300828306,-0.16623366362465308,-0.06345109744945449
0.09291640681391918,-0.2247761204723007,-0.19004176360120575,-0.04356506220321511
0.02084264169416717,-0.1633816649329052,-0.18432667042161277,-0.011559680038876724
-0.06807555079065031,-0.09010022743060846,-0.15226356065731445,0.031830113589160124
-0.1515870125895702,-0.01929560286133146,-0.10296734394310746,0.08147053329961418
-0.2097335809936531,0.03590901520767919,-0.0491610180845865,0.12860834124170178
-0.23073077542307158,0.06675356487455963,-0.003924905525815932,0.16316515635667816
-0.2138580710382839,0.0708498986653915,0.022623299409365066,0.1768586448027148
-0.16859165160435774,0.0525126046925108,0.025847972796061824,0.16609409982420115
-0.11051047644097366,0.021284993245965923,0.007651220533210178,0.13356859577115776
-0.05556107046675135,-0.010963299617899252,-0.024218106332662234,0.08791695931278376
-0.014730738888035017,-0.03356259710155685,-0.05842604559601043,0.041382970425612065
0.009077067223160252,-0.04017087269506271,-0.08328909964669307,0.00619528080890628
0.02102609354628617,-0.030557113254979364,-0.09011468786648136,-0.009184993746399563
0.031383284388374996,-0.010466846830757923,-0.07572994549788424,-0.002683977066032038
0.050813161747355805,0.010429726181670228,-0.043481370577958714,0.020810770569376663
0.0856874506025006,0.021899018815176724,-0.0023905254793024494,0.05115343504929523
0.1350911976612849,0.016759964026546056,0.03534351255732912,0.0763719955151819
0.19055896202548228,-0.006428705675802983,0.05783201527258708,0.08667640528704254
0.2386005824312827,-0.04253922709017091,0.057008499633184676,0.07768104832364581
0.2651189540871519,-0.08125698458430042,0.031159779754040377,0.051746849900028445
0.26020237367479004,-0.1103029158501436,-0.01427823863322479,0.017003161824820555
0.22168226360536028,-0.11948832780629585,-0.06793517686520502,-0.015578153458794802
0.15628897665422709,-0.10426720591074838,-0.1154309594998083,-0.03600388563265774
0.07804343431099622,-0.06756215085668868,-0.14320767885217806,-0.03862023370956555
0.004411464964550731,-0.019173786867021855,-0.14218935816042333,-0.023841478276193
-0.048568279180371245,0.027123245376913366,-0.11023080682371433,0.002320613604067885
-0.0706976936008317,0.05790375653436307,-0.05266749884280329,0.030689308201201748
-0.06028488844032815,0.06442654058505799,0.019164334789714264,0.05237020388191584
-0.02434846282759404,0.04552334992174044,0.09097530166546366,0.061911986200341884
0.02360020500722559,0.008038104916830588,0.14923122152271914,0.05901101001712279
0.06746499246348903,-0.03537504353040414,0.18445521497702377,0.048157831109955175
0.09299901972656843,-0.07038539390466937,0.19322499610723254,0.036414822665967225
0.09152954631165333,-0.08566593587693441,0.17840117119262852,0.030230591782354765
0.0620165637001174,-0.07652761424585508,0.14767452769658984,0.03256725203091934
0.011002687390001025,-0.04626065312671037,0.11100871093643044,0.04149728581471958
-0.04940072340461997,-0.004724789693646106,0.07782635429611516,0.050858365433954854
-0.10485002725168413,0.03530810297085617,0.05476869976325226,0.052748988499980866
-0.14249981691206365,0.06275958596709216,0.04458009216097099,0.04091078357762605
-0.15416878274947332,0.07215538245348262,0.046245641365914275,0.01366010490603907
-0.13818746502030652,0.06543717322605869,0.056100421308984336,-0.02484164687101379
-0.09954142294564504,0.051016221905944195,0.06937184039997626,-0.06558729365014279
-0.04835290972558863,0.040400160610532795,0.08158574906630858,-0.0977401020284587
0.0028628749369549768,0.04360738135097224,0.08944391602970903,-0.11261581208081337
0.042455116564429296,0.06503921255852879,0.09107095632530447,-0.10715008957595125
0.06258969243270121,0.1013382635346487,0.08580266416323983,-0.08548749779663975
0.06115864376585265,0.14206563363291622,0.07383374492568372,-0.05796649596055929
0.04216151907060875,0.17302466773461098,0.0560128214570799,-0.037714821236461
0.01444798873053061,0.18110376416364338,0.03389788200295423,-0.03597081297141298
-0.010870976775706524,0.15894997968194863,0.009960946349919217,-0.057772602223086306
-0.02367276260047118,0.10782351533173863,-0.012327961338980339,-0.09960120474250676
-0.017851905550128284,0.03761002698518097,-0.028815766642355606,-0.1499267115682578
0.00674053556612882,-0.03604007795452087,-0.03550066915025388,-0.19260346456387445
0.04405761420353732,-0.09647398765027591,-0.029744611728272155,-0.21204406922059782
0.08347205247900358,-0.1310754543179596,-0.011472998306360917,-0.1984397875428106
0.11286144624426406,-0.1348815711106895,0.016145695866018266,-0.15123207395910043
0.1223077296109008,-0.1116048795246465,0.04695720970551269,-0.07961056456598478
0.1073080595209448,-0.0718177878698257,0.07314380511078829,0.00017682247431047467
0.07046957732309843,-0.02904821258847067,0.08734731135620705,0.0698195109686758
0.021065667018211786,0.0047684574881745635,0.08497968698282522,0.11456850853955453
-0.02753360467085863,0.022879652715448395,0.06594661028797834,0.12760118753468963
-0.06186506684322597,0.02517200708260786,0.03511916659182873,0.11168650934013367
-0.07261318843057227,0.017151447942706146,0.0012543014839834568,0.07765761624259382
-0.05773966538473069,0.007026758597279484,-0.02542694349962174,0.040307318514930204
-0.0234318891813372,0.0021415393100361405,-0.036317697133127366,0.01319872515790101
0.017553403003976044,0.006166858304151715,-0.027202459933719635,0.004220176777481641
0.04975084443327424,0.018089125708351098,0.00018349983512368218,0.013398518127039623
0.059911736233244084,0.03326569277030539,0.038375225651452544,0.0336399762079113
0.04145030036189193,0.045979001290762676,0.0761851574743263,0.05400428583032648
-0.003048803991368816,0.05232869917685329,0.10192563583123872,0.06422045227725234
-0.062153512269000816,0.05218814337864794,0.10687516000260458,0.058741396886870495
-0.11874489999586607,0.049356432681803286,0.08792665034604223,0.03884917269183644
-0.1551015558941736,0.04979602452025397,0.048607443130167134,0.012073546584947498
-0.15834222631949446,0.05865692032561562,-0.0018308821294982687,-0.010807458978585746
-0.12450329638718166,0.07732802847886085,-0.05095875005131659,-0.020026030655872346
-0.0599301389398158,0.10180574974875314,-0.086567657135011,-0.010730415815339702
0.02049590275390023,0.12320007708942965,-0.09990965223854756,0.014929659328860817
0.09776089324379462,0.13038290291836693,-0.08785767308465209,0.048326197966253925
0.15436920662745643,0.1139320895231892,-0.05343628411350082,0.07731176860544678
0.17945678091281783,0.06996717610305665,-0.004685180809778687,0.09055081664480526
0.17176197438095164,0.002430051386216714,0.047695754394280115,0.08166264489401956
0.1395538115725483,-0.07713471437319483,0.09316006566456904,0.05168455314050664
0.09761093963620804,-0.15237655834387304,0.12377232473617347,0.008966963671871275
0.06229485440388681,-0.20667010602473546,0.1356880540505302,-0.033474558783752745
0.046351690857634305,-0.22790676714200486,0.12938933836289862,-0.06223346368254728
0.05511595789836924,-0.2119619864938635,0.1087988783726698,-0.06794060783297498
0.08527401669850285,-0.16370482962474633,0.07969564440602292,-0.04834510409078892
0.12646036975474045,-0.09526483905856535,0.04798704545372564,-0.00903776540516929
0.16501401181468886,-0.022206998918675173,0.01833966032102116,0.03836694228846465
0.1885377953564245,0.04104802447397951,-0.006522902574686983,0.07991413629330613
0.18970618625615734,0.08502481034305687,-0.025799455876633563,0.10358560762972066
0.16810727266748204,0.10703177641140797,-0.04003838149006825,0.1027637991607909
0.1296465325742106,0.1106059875165615,-0.05031788944502842,0.07782333382154619
0.0839095774039914,0.10299952660653235,-0.05750371921098786,0.03547499277266639
0.04056887818188888,0.09180434156835393,-0.06182556275695167,-0.013748348174658734
0.006189006746071167,0.08203581912442995,-0.06287010854572442,-0.058897946186954715
-0.017444203849266898,0.07471848665989428,-0.05993635882402032,-0.09173820674410267
-0.032972347520733,0.06736693141731637,-0.05258254771691964,-0.10863870999360013
-0.04537663902293873,0.05599290109987448,-0.04114121263706367,-0.11078358839337032
-0.059087976374987285,0.037689178591884434,-0.026997022296755352,-0.10286380587489644
-0.075507039557154,0.012655779994406898,-0.012500214729348907,-0.09090253744645817
-0.091958553940392,-0.015200263560206186,-0.0005036226731963307,-0.08006465570444284
-0.10252796379083165,-0.03936221858953308,0.006367098918291854,-0.07317923861173464
-0.1004848426972372,-0.05307966343662994,0.006504287743201297,-0.0703419480819649
-0.08136477762512716,-0.052092943888177534,-7.822692962053401e-05,-0.06952463749574912
-0.04549629003434256,-0.03663307347899567,-0.011548696282191517,-0.06777572459669327
0.0010714123963205743,-0.011895496386363665,-0.024587257422155367,-0.062463058286147566
0.04772046517467273,0.013242308907568424,-0.03520894127370713,-0.052111260954559195
0.08222278190318226,0.02884169505665026,-0.039883522221741505,-0.036643322612064634
0.09456010371364448,0.026965355398390338,-0.0366332803852992,-0.017121877919484114
0.0803149792671959,0.00414582035211028,-0.02575572759298811,0.00472704858808282
0.04244752238683214,-0.0375375376504012,-0.009898372267185762,0.02690579021124957
-0.009205338610038217,-0.09106125463707765,0.006604071759446344,0.047286951688674646
-0.060615079627214685,-0.14644958186688584,0.018982770434653365,0.06354967484559788
-0.09760990426667332,-0.19343086374406354,0.023517336763132345,0.07312368254728505
-0.11001399950033955,-0.2238912820210448,0.018775919899318108,0.07339320811707775
-0.09458183633195379,-0.23343259453078183,0.0061837075401823816,0.062294890097224526
-0.05583494256230201,-0.22173452010756034,-0.010311703426291147,0.03921934815954477
-0.004593314843946317,-0.19186493790387033,-0.025414092113288198,0.0059006816492022385
0.04527651386172581,-0.14899852861899912,-0.03413313042801592,-0.03313470355167793
0.08084232769615982,-0.09909101719519169,-0.033375575951457806,-0.07091767059598258
0.09359210987195682,-0.04791116363353632,-0.022928177458530194,-0.09929331188815324
0.08143011601649874,-0.0005525023750045091,-0.005483205797416443,-0.11085259415543207
0.04871630965993496,0.038723475843157426,0.01431138925389459,-0.10100408535710191
0.004516431652405825,0.06659457062091106,0.031445717792522254,-0.0695167395068587
-0.04024424114777756,0.08096118142958632,0.04221672375300918,-0.020967574941935838
-0.07577425247315434,0.0814272699397171,0.04537202860789171,0.03615124714813513
-0.09567795836592662,0.06976390238809696,0.04232299280338399,0.09147825701623546
-0.09794740564995959,0.05000457316944784,0.03637267172327556,0.13540153569215366
-0.08461142666479574,0.027875120848498986,0.031281110950870626,0.16146357709175924
-0.06039173821138344,0.009503149624926394,0.029745251142425752,0.16782258712165243
-0.030959493623635932,-0.0003123156672584079,0.03239947399781994,0.15734651138270253
-0.001394058108688578,0.00028850048325429305,0.03772822795272031,0.13636356116329698
0.02474792002212,0.009374600990075928,0.04290467830336934,0.11252425643529348
0.045640222238431234,0.021585429935915,0.04517890336714128,0.0924947748479703
0.060832437116380714,0.029750294416822098,0.04319728019180008,0.08021228725430651
0.07064971412036491,0.027326359989436992,0.037648595922064355,0.07619623188120633
0.0756642313244598,0.010846623781999517,0.0309080606630873,0.0780201118169151
0.07642992910747728,-0.018520299478522215,0.025784578447420978,0.08165207337780334
0.07349475390252086,-0.05494402709411011,0.02389357239014267,0.08310983708861701
0.06756065711289463,-0.08956122569409483,0.02439768317265857,0.07983028154623699
0.05960931480515366,-0.11327040846346206,0.02377163973469895,0.07132494570347127
0.050861230814508905,-0.11973951952278467,0.016866954970709377,0.058999135549582186
0.04255034654274007,-0.10754440374366123,-0.0009876302643453839,0.04532915921572123
0.03561190587299539,-0.08063180022315897,-0.031600324667246424,0.03280052461281605
0.03043918582501444,-0.046894841442869414,-0.07222059193277723,0.023041955076254915
0.026837516954383897,-0.01534848464962019,-0.11535543890351505,0.016451733044511765
0.024207396427919605,0.007067401598141357,-0.15041399619626697,0.01237600860395785
0.0218721493410716,0.01786232108816213,-0.16681037519822037,0.009667723052554533
0.019388990744616676,0.01963588703107106,-0.15754472876116932,0.007322458702850712
0.01668611865592251,0.018716452883512064,-0.12199525076966858,0.004898225285509379
0.013954562828639432,0.022295128516951944,-0.06682735822962592,0.002561259027959513
0.011353091466702533,0.03515187000501796,-0.004528300213364672,0.0007898209404769707
0.008694864777327643,0.05726634484837561,0.050094300027631385,-7.492623810127427e-05
0.005317897505426043,0.08330976322861824,0.08435327096098374,-0.000184840881659782
0.0002726054700571412,0.10432149951926012,0.09156912887839075,-0.0002633054447126991
-0.007189366554947674,0.11103751936639149,0.07304374330289266,-0.0013676728173475337
-0.01700758444053354,0.09767108821659051,0.03739736479214313,-0.0044548363882042155
-0.027875352392281977,0.064709852572601,-0.0025300304654574807,-0.009964767727074157
-0.03724746784310406,0.019591897099887894,-0.03413461585862526,-0.01762668262826845
-0.04192259771351498,-0.025137473464006382,-0.049280304839099495,-0.02658273285365153
-0.03909745790933037,-0.055669465337087005,-0.04679352243624367,-0.035767598843099574
-0.027560774308934215,-0.061498851986941896,-0.03233759769927995,-0.04435406054419809
-0.008568271603417645,-0.03912297527051724,-0.015748988983620794,-0.05203719465777376
0.014016036222416038,0.006461566005910108,-0.006864570231243216,-0.05900434793854534
0.03450686393832435,0.06305204541199881,-0.011441022590367646,-0.06559310711980744
0.04697757105818004,0.11493714934717064,-0.02874183143192321,-0.07180411862581153
0.04717543567464272,0.1477646653501041,-0.05174390950413877,-0.07693040055200093
0.03412754416495036,0.15292890913190044,-0.06992040357129752,-0.07953824137276927
0.010827109416139244,0.1299971068529272,-0.07356012324787092,-0.07788864293767037
-0.01634441400569949,0.0863895947541885,-0.0579658748197395,-0.07068015133374168
-0.03938564138915557,0.03449896134381129,-0.02587617283878782,-0.05781500700229225
-0.05113118887302422,-0.012672949693662588,0.012910920918291005,-0.04082696283174969
-0.04760967482232009,-0.04578590154173684,0.0446941445764907,-0.02270307658686408
-0.02949538368406221,-0.06184370164110741,0.05672889266981489,-0.007059389722447872
-0.0021075108822996604,-0.06440766307395944,0.04203390609251631,0.003093278165972109
0.02611886627994175,-0.06138236032924496,0.002350355049123995,0.00654640644356623
0.046244533049876566,-0.06130170545041632,-0.05191018083809973,0.004558542414169836
0.051685025655019465,-0.06957081664342317,-0.10481597032421737,0.000644526587753002
0.0403657116598023,-0.08609911536179948,-0.14012130740018092,-0.0005444403003423623
0.01543200880863188,-0.10520837622684863,-0.1467202490708123,0.005072931000350493
-0.01575434027802378,-0.11782778977366729,-0.12242268956037643,0.01930256994416949
-0.044025673999370935,-0.11512373920403031,-0.07470792737468764,0.04061719815786671
-0.061435760969822055,-0.09217547218963758,-0.018180177458624196,0.06420824434649311
-0.06389490206199383,-0.05029452149013334,0.030379432354007613,0.0832346050253827
-0.05252677964029454,0.00290505263617119,0.0576235754273912,0.0909208800124231
-0.033287681124459595,0.05574088555216125,0.057953590323801485,0.08282506977462406
-0.014973557194520107,0.09620372632239663,0.03506420960187292,0.058495082201397076
-0.0062826214933023455,0.11585677382166633,0.0002474928087289087,0.02191254984383985
-0.012914893853913756,0.1124929207953873,-0.03186088745378056,-0.01947445551035902
-0.035669176360796695,0.09061359918497819,-0.04852391662191782,-0.0568426325706311
-0.0701528922880057,0.059594166397376976,-0.04326023530063121,-0.08252888116937822
-0.10817324243585186,0.03024044520046737,-0.017814564845306597,-0.0921749142627211
-0.14031917704805197,0.01100992454391736,0.0188616507863706,-0.0857858217604017
-0.1588631207724101,0.005264291971271512,0.054137340312621504,-0.06739149750183149
-0.16003379642225596,0.010510907243807644,0.07637893318159189,-0.04348727921465942
-0.1449538994069998,0.019838683986958497,0.07906251575076306,-0.020842550398331203
-0.11900531188402186,0.024941835575924408,0.06287777175644077,-0.004454897891410001
-0.08991200204811986,0.019553800758957837,0.03515989444284042,0.0036703823939544175
-0.06523521327218204,0.0019901901229994363,0.006971524409480706,0.004575009197734771
-0.05012569439228254,-0.024138429413662357,-0.01101550918021283,0.0013426563567733446
-0.0460360851087194,-0.051278322411983185,-0.012311648576947852,-0.002477724945303579
-0.05072829928533714,-0.07080334662254921,0.003263170153264286,-0.004356014820361374
-0.05945575213161929,-0.07629532653284911,0.029792497082962846,-0.0035971959037566156
-0.06682019564944885,-0.06598413643203074,0.05762109667596284,-0.0012232321724893747
-0.06862304544663876,-0.04342711719462354,0.0769062096952444,0.0009467103247857711
-0.06309827455975489,-0.01617846000070025,0.08103815999293949,0.0015561580201127814
-0.05118501362147866,0.00704242322573068,0.06872985057103158,0.000720611816149519
-0.03586102538386456,0.01961258677275432,0.04412220895417417,0.0003130094914171478
-0.020877471079193695,0.019468736650685277,0.015001019795044417,0.0033643581015984168
-0.009401943349362632,0.00984569413486007,-0.010113052709538273,0.012796532701444745
-0.0030460663160030294,-0.001989573381441838,-0.02489090058817226,0.02999462679824709
-0.0015572214841094202,-0.007539990508548575,-0.02710207051436779,0.05381224365570813
-0.003180495550418539,-0.00037688996785611995,-0.018908843486206688,0.08045048516405773
-0.005456238062352903,0.02128815212619526,-0.005577692781319209,0.10432095928621203
-0.006097288552493571,0.053711477978977226,0.006794420338632283,0.1196255668859304
-0.0036205105009382357,0.08873804864740206,0.01363264713581985,0.12210915038167855
0.0024400436966735967,0.1165270494203309,0.013451570813818281,0.11037202083301265
0.011711686408405905,0.12888924479328703,0.008124304743786316,0.08629200671315562
0.023368266876729674,0.1220270770189157,0.0018502026222167248,0.05443340101735976
0.036482418713577644,0.09769926508116056,-0.0007096973840739519,0.020683744100742057
0.05016908041741108,0.06242038448205675,0.0036079123998993094,-0.009380984062890875
0.06348830393548305,0.025032131324123852,0.01513674845875555,-0.03184144492571306
0.0752273439387124,-0.00642330427404883,0.031129536690393644,-0.045081097819678624
0.0837684891208871,-0.027355496035531585,0.04663236209030913,-0.04961910268363998
0.08722676973512995,-0.03782920171679404,0.05613825429781448,-0.04732966844154171
0.08391658319351505,-0.04190587589984828,0.055430599050184985,-0.040454981565256995
0.0730317688256439,-0.04542395901873322,0.04300081367394886,-0.03084267177163788
0.055278308182249124,-0.05311674088270797,0.020602040836742917,-0.019680561842274853
0.0331532736143174,-0.06622383293339784,-0.007198155143523795,-0.007738442864020298
0.010649928646329208,-0.0815699573240244,-0.034287783889926066,0.004122315679756468
-0.007635151047078275,-0.09252795259114928,-0.05469443502260338,0.014535580299823127
-0.017781534830737168,-0.09155724202703155,-0.06418691886977633,0.02162477597928778
-0.017816529526787465,-0.07338542546168578,-0.06135868897678859,0.023508232473579027
-0.008531988328094247,-0.03761544564978961,-0.04792800515831631,0.019149154702898567
0.006490205114399211,0.010292245141269273,-0.028210382567076826,0.009173052263947296
0.021735826085961158,0.06014616768370827,-0.007928597634219582,-0.003776668461350094
0.031293318988891636,0.09997688805254447,0.007320909067837313,-0.0154332338406062
0.030615018933446383,0.11984825607983114,0.013553730080182947,-0.02105235073225971
0.01795157804474222,0.11520548449244293,0.00945893407373051,-0.016989128286655143
-0.005009806424100512,0.08855606602925706,-0.003242963415886313,-0.0021624031863807097
-0.03352706578269593,0.04883488742081001,-0.020261481666850156,0.02116318512640103
-0.061102473314196895,0.008606506776995659,-0.035930769491406764,0.04765067564420188
-0.0813018793215321,-0.019978527173240095,-0.0448496337330197,0.07023680267389534
-0.08953323214349647,-0.02910468981424156,-0.04352972074827048,0.08217907590602934
-0.08424700903256017,-0.017747380893469004,-0.03156782994708009,0.07915723252179373
-0.06722017100806338,0.008178502453695856,-0.01194835106336125,0.06072756482348557
-0.04288804865796079,0.03801892249867039,0.009693537045430536,0.030621568143767278
-0.016989101984693045,0.06015308004559469,0.02670675625517822,-0.004242904046643986
0.005015971752541298,0.06601508723103791,0.033509494482623046,-0.035741242583824384
0.019258109936879382,0.05296354370966035,0.02748021819606103,-0.05688652398842108
0.024148624735526935,0.02501427980012761,0.010008947598815085,-0.06379770082695548
0.020326863108614993,-0.008785309446247218,-0.013714712737087131,-0.056686063201391655
0.010007531058562901,-0.03772500509364881,-0.03620548449930879,-0.03958808983672842
-0.003952692733605427,-0.0533164854605361,-0.05006102530732918,-0.018983639780647404
-0.018906175458261454,-0.052297936824170214,-0.0504570541604528,-0.0017836450465326392
-0.032915109093007766,-0.03769430011060715,-0.036900108330455234,0.006661852058018003
-0.04481854527196222,-0.01757936701269422,-0.0135786286212849,0.00394062087260047
-0.053975165688726075,-0.0020169748125894622,0.011893455326926436,-0.009011381324525211
-0.059914119125448494,0.0006902116109009163,0.030984945644014984,-0.02848491715880573
-0.062133050766405046,-0.01292173640709545,0.03718102082489602,-0.04927361751490109
-0.060177289392571096,-0.04018127539701915,0.028316664893288303,-0.06619166778790714
-0.05396808644301292,-0.07321507253597387,0.007448379354565545,-0.07536712887984423
-0.04419694903687939,-0.1017475662354604,-0.018108108153775893,-0.07498670149501424
-0.032536919028797066,-0.11672889258973601,-0.03929514979497353,-0.06538748231180874
-0.02147385797696951,-0.11346622986532037,-0.04852685765096516,-0.048602612896280706
-0.013714760149928854,-0.09313357864483301,-0.04245213692096724,-0.027601810390621054
-0.011324452548070033,-0.062144941398662924,-0.02324420811914729,-0.005496017613742972
-0.014894609238331302,-0.029668182489489,0.0020979089204018614,0.01508668965997216
-0.023089979781599795,-0.004238005664128391,0.024232426748452725,0.032354049941260066
-0.0328178360615743,0.009254558180930902,0.03487192946931627,0.04543317185427835
-0.04005487411980793,0.011077945560827782,0.029860284926514585,0.0542484993288138
-0.041115735724134364,0.006138490720754952,0.010780714156470007,0.05927413114074738
-0.033954273649504665,0.0016544731888194705,-0.015536248204451975,0.06122807936357213
-0.01903261756061431,0.003944026052233908,-0.03946871545773137,0.060761176860726226
0.0005933301975144384,0.015583429240111017,-0.05215094610995861,0.05819307276302875
0.020069952255797163,0.03405629614836481,-0.04881244286755961,0.053359887275629056
0.03421274481631271,0.05245340160024631,-0.030657945231219313,0.045643099701427145
0.03917918593009111,0.06200571888008304,-0.004555947890878896,0.03422349372063306
0.03377997682790855,0.05552956186324998,0.01939382365230713,0.01853711388542139
0.01995504222403411,0.030496409867215593,0.03155183699903499,-0.0011831466378882244
0.0022083286531773844,-0.009449458109484509,0.0263431225523061,-0.023478011613612654
-0.013850500045264759,-0.05515206316537557,0.004438676807555737,-0.04556432774771306
-0.02339090903935538,-0.09462046099448784,-0.027314930230995595,-0.06372093367441267
-0.02403769310730211,-0.1168190060522189,-0.05822565759216773,-0.07415330128506611
-0.016749893464108052,-0.11525290343549213,-0.07752165374173399,-0.07413551543453424
-0.0055671323448757415,-0.090091343788612,-0.07819444723952193,-0.06306677895982588
0.0037331503259723786,-0.048086280216391726,-0.05952572659458901,-0.04303109391994219
0.005647498563309691,-0.00032731537169816,-0.027380507931849565,-0.018556797131565023
-0.0030368030727434825,0.04136353533819452,0.007837428596312694,0.004477922254298966
-0.021907988691943145,0.06812649658806275,0.03482373126686297,0.020533677776062853
-0.04675729966484977,0.07657345890664977,0.045290819507236596,0.02617081707536026
-0.07066907252658983,0.06929206282796202,0.036764967798336545,0.021262148213192944
-0.08605575120781209,0.05326474895544958,0.01328965186973892,0.009162868541110807
-0.08699993411822635,0.03687416216166657,-0.01616588307861326,-0.00432747750920889
-0.07115322163763169,0.026652959865138486,-0.040965105657257445,-0.012947166810248309
-0.040576731036944994,0.024985128489591092,-0.05252244504070469,-0.012260462651842996
-0.001246985767730956,0.02956883028769077,-0.04715001399855037,-0.0014427337422670897
0.038618900093389405,0.03476450355713692,-0.027065198739352814,0.016130139928008526
0.07088620293716996,0.03423793758631708,0.0007070395473004719,0.033796353305352494
0.08973936255450551,0.023833369066756836,0.027034812066297063,0.04380604894719829
0.09313840259517911,0.0035490393561030883,0.04393124197809756,0.04009598296685948
0.0830669886099151,-0.022147569476816203,0.04716929548286833,0.02067643810516099
0.06454479844618013,-0.04578077135984468,0.03737774503556064,-0.011254002206803743
0.04377717991729854,-0.059539916311007586,0.01934923103324078,-0.04794194873345082
0.026082416905908665,-0.05814472545135713,-3.6230764995419384e-05,-0.07933427976308631
0.014285595724058422,-0.04081908112600296,-0.014393677420305985,-0.09624339767265343
0.008087132725368346,-0.011636361905010634,-0.019932782039072325,-0.09335996775285067
0.004569573940755051,0.02188094509370829,-0.016359121395303756,-0.07106960199748519
-0.00038241099849377347,0.05137021018394249,-0.006387017826315667,-0.03542417165847532
-0.010275625756841274,0.07046723733493446,0.00577134967737495,0.0037461756321205547
-0.026458270079478083,0.07682914901258135,0.016213153098169054,0.035943851773478835
-0.04736519647600772,0.07262363478603052,0.02268264073233097,0.053271980124107596
-0.06881479907679672,0.06335669061793825,0.02495333472959893,0.05274482546220696
-0.08525180271547522,0.05553577513536388,0.024230390514637247,0.036875603769543665
-0.0915123900913273,0.05408797073588708,0.021987307188068277,0.012399105069327107
-0.08451967004689451,0.06051757216951977,0.01887946780383829,-0.012347572045926871
-0.06435051976885908,0.07247771013844019,0.014303768216190716,-0.030398350438360134
-0.03433240266529913,0.08487206765600433,0.006839299378919084,-0.03840383725930255
-0.0001528124572698214,0.09201355623121996,-0.004638557421323505,-0.037374246364697404
0.03171647345036998,0.08997242905845003,-0.019730201038233815,-0.03173122489275569
0.05576871497592174,0.0781933444501013,-0.035830692088374846,-0.027122070917462476
0.06883912328425215,0.05976260324243778,-0.0484533980473746,-0.02790326073923348
0.07070818716438751,0.040240422817723456,-0.05258803055248532,-0.03529595133721562
0.06379843615575814,0.025529402443439077,-0.044646865594313107,-0.04692344352388904
0.05212880979423162,0.01961521678768886,-0.02423449288208846,-0.05787821735201798
0.039917105252266105,0.023052353871818376,0.00503838229581785,-0.06285568370344627
0.030305146586451143,0.032768132972848835,0.03616292345412052,-0.058471549719333146
0.024603303494670756,0.043243375359546865,0.06069619185287223,-0.04481233422042552
0.022246353265115565,0.04859959893538509,0.07147070993663138,-0.02557829437406007
0.021397904949462684,0.04478379450559323,0.06509977845393156,-0.006741650575290824
0.019925089173469353,0.03101955421547571,0.043339973462855855,0.005761677119737241
0.016360143488156682,0.009990476098697333,0.012745312630296275,0.008395967260564269
0.010500379195711168,-0.013281617834594923,-0.017347612122902777,0.0014995126187112434
0.003452509011380705,-0.033399637557744194,-0.03785142325742305,-0.010739189478871619
-0.0028591918921878987,-0.04661806963165361,-0.04293580008820466,-0.021829804416099254
-0.006506964406303863,-0.05214862568413427,-0.03195666997844969,-0.025482649257286643
-0.006374040421308999,-0.052254942787329305,-0.009623932610171498,-0.018113678319832863
-0.0026602219149681125,-0.05112604539151719,0.015651871013911484,-0.0003848807098488227
0.0031076781294929884,-0.052993980748928166,0.034647993720053186,0.022828770580208366
0.008561641699064378,-0.06024964828378483,0.0404362248117427,0.04405958797915857
0.011296582945638565,-0.0723039795849197,0.030630716156580674,0.055865041936769326
0.009705137622050584,-0.08564621994616523,0.008026450292619464,0.05347374749074879
0.003551017905879323,-0.0950846999339259,-0.020534605483173634,0.03647916342112284
-0.00591276059652053,-0.0956993742251705,-0.04660441788498988,0.008961837309568552
-0.016311974730622167,-0.08476383184159005,-0.06297211031714114,-0.02198536237569565
-0.024869877548975364,-0.06290828554747252,-0.06590692679839316,-0.04875678028392926
-0.02922804213166627,-0.034084532660152066,-0.05606432383730152,-0.0658121958813386
-0.028099406470057084,-0.00434475680521567,-0.03783540447255331,-0.07137811966925714
-0.021556187824226802,0.020114818327525194,-0.017486931394236776,-0.0676704736010299
-0.010891587740813446,0.03493183166857121,-0.0008463082989761377,-0.059613935022117356
0.0018576034130234897,0.03887180622148147,0.00860731273809024,-0.0526086994148038
0.014533635896926814,0.03400141751057305,0.010599804043091167,-0.0502481304249666
0.025402174544541606,0.02472513880140012,0.007658145945938555,-0.052888001931661675
0.03344827367298994,0.016080991467628383,0.0037198183749421188,-0.05761586032112974
0.038365197315039595,0.011940569097113142,0.0023736957551064725,-0.059608396167089954
0.04030147444992064,0.013759582751677497,0.005436454373052291,-0.054315518741607255
0.039520409017505066,0.020288439134843433,0.012381383525697336,-0.03958514068650963
0.0361470147483303,0.0282773823774349,0.020766682133000494,-0.01686654441868727
0.030124498447571542,0.03384470004833709,0.02741196953968983,0.009009268548326062
0.021399195839585477,0.03395624416666373,0.029799747790001677,0.031418411469461144
0.01024190431165048,0.027464801171496342,0.027128836686332605,0.04431360330701655
-0.002459638246955477,0.015365578653855185,0.02062296602950074,0.04447764005479462
-0.015106944337753357,0.0002474784439273868,0.013015628799249772,0.03279965323287758
-0.025597111204881316,-0.014772450912048131,0.007458614588573977,0.014076681172785863
-0.031813780644973706,-0.02717007233085918,0.006309050922824057,-0.004605297280872854
-0.032265567838065244,-0.035748860988390814,0.01026637632758308,-0.016327279784549988
-0.026655968936896188,-0.040739628858385044,0.018164245622959846,-0.016738270897348174
-0.016165815306687807,-0.043296425222249454,0.027451636252864425,-0.005535243085226883
-0.003308251521326154,-0.04466862243707173,0.03513577629793546,0.013499140328692184
0.008647171510117888,-0.045447566244908616,0.03880757691657631,0.0338915638836496
0.016536627806113702,-0.0452314417234924,0.03737698310397121,0.04878009048042243
0.01819835790493743,-0.04285353552875762,0.03129305823849582,0.053285131881171566
0.013124063599454235,-0.03706393510643605,0.02223960609874781,0.04611179309595457
0.00265174649138767,-0.027350764497862362,0.01248935483380162,0.02984905972492588
-0.01037483099063756,-0.014518762588789896,0.0041949685839579864,0.009915488830123942
-0.022387923484092416,-0.0007377123895206047,-0.0011323243036330116,-0.007416983411362821
-0.030086878078900682,0.011008801365120197,-0.0028279206314733574,-0.017184680885969465
-0.03134050918905963,0.01789227698081835,-0.000986501734116258,-0.017317087994696657
-0.02573233749457328,0.01826148969352666,0.003782187885324896,-0.009130798585950263
-0.014595216048784929,0.012315163450347756,0.010591405257501076,0.003365295707532752
-0.0005436236899420063,0.002144377441064587,0.01840438244215773,0.015027440642180583
0.01333309655508106,-0.008900492202214054,0.02604918633149811,0.021393167616276944
0.024355234253080914,-0.017306322759899823,0.032211119520279476,0.020110648788102953
0.030942557425557526,-0.020566519519736343,0.03552049806214866,0.01152735795100461
0.03291334069394644,-0.018000857805217985,0.034803437966797704,-0.0016795112767553633
0.03133136039420348,-0.01093136985311799,0.02945956864780616,-0.015602049396014603
0.027986549199291354,-0.0021569398568426976,0.01982705462276671,-0.026471906123624787
0.02470532177401675,0.005074546088878501,0.007348765778512442,-0.03180365763833399
0.02272638629080886,0.008218711518177949,-0.005603770285913905,-0.03095717105985306
0.022338512032297392,0.006297577337559746,-0.01626888443642356,-0.025019217154015852
0.022876421435012895,0.0001746683964388221,-0.02226111618105147,-0.01616122535259204
0.02304701331665961,-0.007834196253373017,-0.022312077329907774,-0.0067918307828960245
0.021453090494912407,-0.014848830357920981,-0.01670751497557056,0.0011598537960249705
0.017128751737766595,-0.018472770632488086,-0.007231398749293572,0.006608684383338476
0.009912662358133512,-0.01761989551884522,0.003396834669697743,0.009286330029566511
0.0005526527115514296,-0.012834964772810275,0.0124112399521846,0.009449490563147795
-0.009470034470769252,-0.006018762117557679,0.017899392430065234,0.0075334672777123655
-0.018320205902847886,0.00031387742807140184,0.01938220254024814,0.003936412358017331
-0.024261884852506646,0.003955180490605791,0.0178563567752517,-0.000987765896709021
-0.026050116202958405,0.0037695112816320004,0.015285431164526742,-0.006780710013590083
-0.02316477158481417,4.2789359151409675e-05,0.01373899242291815,-0.012717630904096229
-0.015852418016875404,-0.0056802008143525045,0.014517048640679722,-0.017781974962308333
-0.00500422297971923,-0.011180958097310697,0.017603372215676108,-0.020851825886655018
0.008062109301629162,-0.014344611137054979,0.02166123506750157,-0.021054924797231256
0.0218401037933324,-0.013850835444412464,0.02456972253455276,-0.018146466300029307
0.034835614232079974,-0.009553167645347263,0.024283826956663895,-0.012727793573365995
0.04570914547608802,-0.0024487372259506465,0.019673241197951774,-0.006174930698901598
0.05336872961052299,0.005710836123801098,0.011004844334575464,-0.00026349383702479676
0.057038221923525104,0.013001341382600378,-0.00012182431745341726,0.0033904437872931195
0.05632148270214439,0.01789004878561645,-0.011356675109830967,0.0038652854454765823
0.05126428864787001,0.019605082315287344,-0.020462393288016485,0.0012336534308629299
0.04239488043466738,0.0182236130367769,-0.026112301837071167,-0.003496259051365941
0.030712948698297007,0.014499725330956365,-0.02830636912333745,-0.0087776331586083
0.017602346820329795,0.009536207889020213,-0.028246596057802883,-0.013101422069661556
0.004663384040688862,0.0044373799305932465,-0.02773318490506611,-0.01551858230713142
-0.0065125807714893486,5.823210566262976e-05,-0.028335912242007006,-0.01589690666470571
-0.014582133164743397,-0.0030944186831479946,-0.030683098391083893,-0.0148130534767325
-0.01865163661575793,-0.0048216802008627935,-0.034158968083419894,-0.013135686346740987
-0.018401849389854556,-0.005116026224818557,-0.03713153660029625,-0.011489258881891066
-0.014118141490785498,-0.004046113927539997,-0.03761717959094463,-0.009842814550181912
-0.0066339060244684465,-0.0017006496662431078,-0.034112766643870154,-0.007419456542228732
0.0027889756777369386,0.001792042541042524,-0.026261834253679076,-0.002988291408524163
0.012616520044223145,0.006193931102545708,-0.015091743589718067,0.004563875997522712
0.021219494771314226,0.011087033152189903,-0.0027329134562798993,0.015610767571273082
0.027067352532991765,0.015853740782128818,0.008263608940272515,0.029379956801801874
0.02894130760457854,0.019736876730076743,0.01574132858996021,0.04395350516186004
0.026159386781738878,0.02197619172247456,0.01857716545768517,0.05671386140799768
0.018783489432943622,0.02198811855910572,0.016919536293359475,0.06509809874856348
0.007752380103779655,0.019538460592735403,0.011971255978168173,0.06739778477307201
-0.005129150778522426,0.014857151598662521,0.005445111926042376,0.06331568282929433
-0.017401770027898833,0.008657920371221872,-0.001061390537316794,0.05407516501842036
-0.02637578248091027,0.002047738318162122,-0.006517045629892786,0.04204094016587902
-0.0297120255495414,-0.0036648052874822604,-0.010578425530020658,0.02998723074075993
-0.02603361339422744,-0.0072308492277084815,-0.013386558224779892,0.020273564138834424
-0.015398639040204366,-0.007743212880091721,-0.015191113542064769,0.014212597486701672
0.0005307731859481857,-0.004878457643246625,-0.01602401150950089,0.01183244689477421
0.01872428226191318,0.0009634768220291301,-0.015606278552410677,0.012082819907508466
0.03541562530338174,0.00867329206512131,-0.013545080750821763,0.013371232947571171
0.0469983690624147,0.016623623513601235,-0.009721313686075546,0.014205408881812348
0.050953743627040186,0.023018617649185866,-0.004655340042188101,0.01369974809850049
0.04654439958123501,0.026333355218483127,0.0003754193983043219,0.011778665726964663
0.035055734962389465,0.02573315239304349,0.0035964829747799007,0.009041986601248692
0.01948877724029227,0.021346563635287107,0.003333785696864773,0.006391246925111234
0.003770746329581867,0.014288180488821786,-0.0012608797042666375,0.004597530803977033
-0.008299820242209377,0.00638983056379952,-0.009658307197885206,0.003992742165482732
-0.014067813915471516,-0.0003121033195048403,-0.01984376288355843,0.004393203826994194
-0.01269629386727307,-0.004197011984283253,-0.028768784192446367,0.005253711225066418
-0.005303021276524239,-0.004596563487063478,-0.033261515985654785,0.005951503157586191
0.005472706183383559,-0.002059953311815757,-0.03109844764031619,0.006054437578633075
0.01632665905866984,0.0017684276071909394,-0.021849296554601882,0.005451671101307294
0.02429347042036985,0.004653640320855426,-0.00716395699288435,0.0043028145687381975
0.027582454105124703,0.0045178490315079395,0.009638944538842814,0.002854303662200082
0.02599490894425903,0.0001928558277686232,0.024567695381954115,0.0012358836804382684
0.02081755278171992,-0.008084058400699846,0.03420207466477491,-0.0006435243759873727
0.014261945914966594,-0.01862440499350132,0.036751327285009135,-0.003034639959327689
0.008664749947937207,-0.02874283299639756,0.03255222233293824,-0.006142617798904827
0.005729715636093771,-0.035588624609337954,0.023837242349138848,-0.009878687585394869
0.00605935582791392,-0.03708977729124912,0.01387062723148206,-0.013702993126764311
0.009107652119284104,-0.03268853939414029,0.00577957879669596,-0.016662629463287865
0.013529408989190986,-0.023601987655009697,0.0015117002933823075,-0.01764592481535842
0.017764113690290788,-0.012494159698034038,0.0012892652396598175,-0.01577420449134464
0.02062105237912934,-0.0026474219511915826,0.0037320057050377192,-0.010780329435193518
0.021650642298898543,0.003100149017395328,0.006562214681525,-0.0032131727635715535
0.0211834821989373,0.003293147564201994,0.007590182521710731,0.005633320469316
0.020053840297327943,-0.001652706561785934,0.00558683953354458,0.014061298101960738
0.019145447498190447,-0.009588757544092243,0.0007154643393037646,0.020465457247966425
0.018958916872060402,-0.017359753756788318,-0.005615585626563918,0.023803601062776666
0.019380488577392035,-0.02187406845199919,-0.011381783591871475,0.023866671294854383
0.019741570582821326,-0.021151152870418147,-0.0147704595607112,0.02125197096086003
0.019135324670226248,-0.014985640597649258,-0.01486271482989122,0.017061752661239604
0.016850033956309837,-0.0050011125262064,-0.011904170053030964,0.012458654643098768
0.012731438856322636,0.005919509576059204,-0.007084070293755856,0.008263507259907994
0.0073160303491356105,0.014622171844193097,-0.0019511542423590877,0.0047566657092315
0.0016719662730823315,0.01874009212157193,0.0022598195438818316,0.0017513658424996303
-0.0029944195623407277,0.017455386119452493,0.005093690214419078,-0.0011138015914301663
-0.005809484375229518,0.011708686761206732,0.006940306936550331,-0.004013903154939727
-0.006586876936947761,0.0038015126760435614,0.008692081289353643,-0.006689819967584151
-0.005913707016088822,-0.003449110122087179,0.011169233523941863,-0.008444903939075099
-0.004920437003933312,-0.007692272890279156,0.014590563609111474,-0.008406302460366326
-0.00481341312915376,-0.00781333630144998,0.018345146397050215,-0.005946665689667743
-0.006348242442729392,-0.004234000650521472,0.021183558485559157,-0.0010790143229204088
-0.0094540399793527,0.001338292088909782,0.021755976770405687,0.005365454599938629
-0.01316860386169616,0.006592999266080802,0.019262504073846998,0.011885009100383988
-0.01593011432586835,0.009465235759217386,0.01392012054174506,0.01675401060888154
-0.01613463007556295,0.00884058949340772,0.007019517991914588,0.018610310053011038
-0.01276235222240911,0.004876163920103368,0.0005167191233283533,0.016953621525379277
-0.0058406720263622855,-0.0011488610011188057,-0.0036932206651057314,0.0123473662510903
0.003436720140453549,-0.00736448477419562,-0.004526906466020605,0.006227595249356545
0.012995430674643746,-0.012002528760278844,-0.0021690356225727778,0.0003795382201661479
0.02048632572082055,-0.013988210115693952,0.0019733604187616993,-0.0037190671023279685
0.02401060981210188,-0.013225924735641728,0.00582296790351583,-0.005427379878038638
0.02271721539614669,-0.010503967987960473,0.007481219308235421,-0.005127739444392362
0.017068393216027128,-0.007090666547065694,0.006031886584463159,-0.0039888429187517754
0.008684735531426034,-0.004203376610859913,0.0019626832397935667,-0.003399478935872502
-0.00017325677704361012,-0.002563384549545411,-0.0029849147962146827,-0.004306727061057489
-0.007306342901328904,-0.002197489188244972,-0.006496649808806723,-0.006739647800967384
-0.01122228526172174,-0.002537276321029555,-0.0066349633490286886,-0.009730489485250748
-0.01151572375883203,-0.002746670082822168,-0.0026748110416793406,-0.011684918332516319
-0.008872234943974044,-0.002125057621031941,0.004522379409947756,-0.011064293303968735
-0.0047214692091649135,-0.0004170204803755455,0.012766766081814672,-0.007104024383194116
-0.0006837966397311296,0.0020882359042573503,0.019347525379653452,-0.00026233656696836305
0.00198311758597014,0.004690270909274957,0.02208100918538627,0.0078099235285114185
0.002746495173228239,0.006570521933595155,0.020184602561029115,0.014800061446740616
0.0018607798609572915,0.007113924969040841,0.014620502918954344,0.01858082995209893
0.00013798177113129306,0.006127924214582414,0.00775800672024958,0.018050105554834425
-0.0014604940307992205,0.003881499281704129,0.0024725899522198003,0.013624131587861965
-0.0022405331701877487,0.0009678125728433962,0.0010274841061184703,0.007167197254188712
-0.0020410036728489567,-0.0019336777550355844,0.004176335990580343,0.00135480475238145
-0.0012583510806933734,-0.004286148492401762,0.01084456425556607,-0.0013085244402059881
-0.0006385536417789738,-0.005822343843188547,0.018522317252672046,0.0005492282122823711
-0.0009335848998057242,-0.006532221528077094,0.024221724999524016,0.00659835171438998
-0.0025653718513471806,-0.006541766997914533,0.025626812532475694,0.014862163906235556
-0.005428519868096442,-0.005961941994709091,0.02198596912498825,0.02239331803843788
-0.008901964312802907,-0.004794748053821324,0.014396498771662596,0.026330606046577276
-0.012055791573766541,-0.0029486834071285467,0.005369747831010366,0.024945307866772404
-0.01396643131222958,-0.00035580310583677166,-0.002150983378015354,0.018284817269905676
-0.014018564796742801,0.002874027586950448,-0.005931846016172082,0.008170921053269498
-0.012086118014421117,0.006352056071278048,-0.00529942533663659,-0.002446022952109758
-0.00853854840354918,0.009435086218925345,-0.001368095309536993,-0.010531779576103732
-0.004088282189544434,0.011392477860455587,0.0034411717464953306,-0.01401718266471104
0.0004478719210270071,0.0116641789822255,0.006394505454899391,-0.012459950288599614
0.004377535572207027,0.010107466753666004,0.0055535629517966725,-0.0070821928001576495
0.007273081939155601,0.007121399713550955,0.0005582462729035766,-0.00019077763378047563
0.00899121274782523,0.003578204040371253,-0.007224167597500148,0.0057739319839050784
0.009593467711302157,0.0005655342935513077,-0.015237467158536352,0.009176551898128146
0.009227352536504436,-0.0009773063385729447,-0.02074320581301849,0.009742410714483729
0.008034920060396356,-0.0005959194551587582,-0.02189264402683777,0.008521447422356318
0.006131305947963319,0.0015017156587863734,-0.01843920820989261,0.007293497474598641
0.0036531608165640377,0.0045037064330655935,-0.011814152324115337,0.007674900360982843
0.0008369055355830143,0.007277033069122307,-0.004544158356499104,0.010306865761866632
-0.0019318377196844358,0.008775589658482108,0.0007490036633714253,0.014472225680088952
-0.0041447290445515705,0.008423051052652963,0.0023642809905713436,0.018312557701998976
-0.005283747394735909,0.00632621177972556,0.00015041599732956712,0.019571889009501582
-0.004986811958977724,0.003236707287874903,-0.00449320080338686,0.016574505735352532
-0.0032000465066676503,0.0002738380508034016,-0.009230738593437843,0.00904054976231858
-0.00024699773278581694,-0.0014881870831036856,-0.011760685048530173,-0.0016034519336976978
0.003227031474245027,-0.0014141638636507511,-0.01074682560293459,-0.012570893261532132
0.006428545906252726,0.0004633247638869825,-0.006336551753361501,-0.020615385824769388
0.008650839698591888,0.0034627026086117493,-6.650235538667448e-05,-0.023163407439870165
0.009485184005034793,0.0065079527058382255,0.005793877642677997,-0.0192602552714495
0.008928327521019581,0.008519222487813088,0.009184086588150273,-0.00997258569151753
0.007344988953595026,0.008791912941208426,0.009091906677843369,0.0019107369517281682
0.005300884438274769,0.007226157821691595,0.005950068629992686,0.012779243588106433
0.0033338128787332305,0.004329953499662455,0.0014344561808189195,0.019382615089912916
0.0017556049236485682,0.0010069682173030545,-0.002246827286837949,0.019874398941220034
0.0005651069710972678,-0.0017805857836651687,-0.0032783690325721947,0.014356053797042523
-0.0004938129403286185,-0.0033428225120377894,-0.0009973252973357744,0.004748805019128874
-0.0017564624341707587,-0.0034670418459650937,0.0038202375635172092,-0.005932726606480115
-0.0034219037663770976,-0.0024330742045718494,0.009260599436909406,-0.014621156301294083
-0.005395133582636394,-0.000851993622983712,0.013036970862463262,-0.019170670402478877
-0.00726231737622475,0.0005935785138308503,0.013407611170048614,-0.018932409615960325
-0.00841986827498531,0.0013999120692882241,0.009879008766310642,-0.014765549994200308
-0.008312462433884907,0.0013909549073000127,0.0034156513998306447,-0.008536040836733413
-0.0066854814875144525,0.0007232155984830541,-0.003921821367655204,-0.002337223706186456
-0.0037451679025364004,-0.00023384041077410302,-0.009759965902623537,0.0022532546878385323
-0.00015148339919486553,-0.0010755843039677929,-0.012302978317816064,0.004611484162476823
0.0031671053599807986,-0.0015179020317031555,-0.010980231742572144,0.005076408895830116
0.00531603111888497,-0.0014720171862341973,-0.006605584843487913,0.00458627016692678
0.005743199262494655,-0.0010239872302202357,-0.0010029513312783019,0.004140065882067286
0.004435179047853354,-0.0003494922885399279,0.0037349501039922878,0.004330654379105153
0.0019219968660984452,0.00038023096335036005,0.006048418624108518,0.005139488372654044
-0.0009162916351225237,0.0010502977967502963,0.005454817511070072,0.006051639030639544
-0.0031711384270157184,0.0015913475127178195,0.0026328656045241927,0.006403754351677164
-0.004233861753867446,0.0019248259574881077,-0.0009609123434058744,0.005779793541751663
-0.004005029554379896,0.001911024137389833,-0.003761460043106641,0.004259238275354335
-0.002903968795975126,0.001347953869002834,-0.004759168159437808,0.00240035127681831
-0.001674947524723025,4.25174249381044e-05,-0.00388223519612382,0.0009694158283989548
-0.001066481636167408,-0.0020668028675064343,-0.0019497988776303044,0.0005474869705824684
-0.0015110254861168508,-0.004793295463937371,-0.00023451692409028405,0.0012054607703029657
-0.002933504771700242,-0.007660458156431446,0.0001618648776655074,0.0024102783182170587
-0.004767573645516152,-0.009981754881592128,-0.0011585507763530317,0.0032222722928375927
-0.006177015234885785,-0.011057707673600078,-0.003682268239847651,0.0027111690244057927
-0.006398071502377603,-0.010429492162173301,-0.006192722796689946,0.0004143284364575544
-0.0050688405519052245,-0.008090757540145033,-0.007304549778197706,-0.003368234394835634
-0.002414135470283355,-0.004561092177254816,-0.006093052364470816,-0.007587150934476691
0.0007919121501119512,-0.0007693537157667657,-0.00254602658400465,-0.010784424295804146
0.003478209076766145,0.002231959292546999,0.0023610382878390956,-0.011641234779777326
0.004653423201160155,0.0036277476520140822,0.007007074459611393,-0.00951848864319256
0.0037672554388697987,0.0031425079200314565,0.009749568869343361,-0.004768064537644792
0.0009205432714187306,0.0011604994211483755,0.009575596233886978,0.001323237264026153
-0.0031555085274787772,-0.0013967077083169854,0.006511112718773578,0.006951795951112762
-0.007344258104921345,-0.0034037022707554543,0.0016182874193498217,0.010427150514258583
-0.010522393624653143,-0.003958126560353409,-0.0034200122312124034,0.010776048379577116
-0.011933364096754433,-0.002739160954116651,-0.0069596176749184835,0.008088633671208378
-0.011420532222963617,-0.00015380167246847876,-0.008029463817846055,0.003472825160855314
-0.009440107171846956,0.002796336813637404,-0.0066833850612529055,-0.0013656346690436617
-0.006857856468089535,0.004887741037349791,-0.003929157937693131,-0.0047553306369228325
-0.004613851366020397,0.0051509576437661075,-0.0012694113078473082,-0.005660979009140997
-0.00338546138996065,0.003267137124199307,-4.864333126601561e-05,-0.0040276346947253
-0.0033737501215028304,-0.0002733326973202513,-0.000879163325914617,-0.0007440613440152372
-0.004285735243177005,-0.004320847025321789,-0.0033841996170229025,0.0027476078206742985
-0.005506464039724018,-0.007477317227858757,-0.006363469433841057,0.005032374735638612
-0.006381816967149179,-0.008616153700275686,-0.008310564498447581,0.005260837882940322
-0.006493704202966383,-0.007313127920715812,-0.008065460122861634,0.0034382407325149605
-0.0058181461724837735,-0.00401952514786752,-0.005329539709800074,0.0003628902569315917
-0.004708577676072891,9.44150045758263e-05,-0.0008275072038549242,-0.002744346324808508
-0.0037196534041390433,0.003571001535861068,0.00395347910576321,-0.004756354243071664
-0.003351137272155996,0.005209153914323542,0.007342684571843328,-0.00508710038572531
-0.0038216153952893572,0.004512854522501893,0.008146984810753183,-0.003892032538724305
-0.004966557683709044,0.0018708015016222065,0.0061249341655481016,-0.0019513930395902747
-0.006301906684211572,-0.0016028997819730849,0.0020812152198431827,-0.0002990278473886908
-0.007225313759587702,-0.00450583794007658,-0.0024555970837394636,0.00023805203721856058
-0.007270666156155882,-0.005692737071817583,-0.005839295529183108,-0.0006072050970995328
-0.0063103338170588975,-0.004717264416904898,-0.006949308437031067,-0.002441603252139008
-0.004621648273665079,-0.0019985474007942136,-0.005611405953595203,-0.0043996008676956775
-0.0027899156814887235,0.001351614370968729,-0.0026298020205877543,-0.005532590675510469
-0.001486702782689111,0.003972041997617151,0.0005750894222240066,-0.005229664691382186
-0.001212209700289485,0.004791403469505781,0.0025682732735893554,-0.0034898119402282275
-0.0021042578539238396,0.003451703751905252,0.002490970737146464,-0.0009311233977110298
-0.003888746602264362,0.0004504825257696764,0.00039898656352253814,0.001464758356111276
-0.00598911043705154,-0.0030528435673056638,-0.0027853207510659117,0.002762904216482273
-0.007748855988986142,-0.0056891046644192145,-0.005680206523736386,0.002465904612165712
-0.008677291679909375,-0.006411731761794562,-0.007035824176368888,0.00072081639999097
-0.008621424834416488,-0.0049009245854626515,-0.006261076219556447,-0.0017434649280836795
-0.007798885555967611,-0.0016831252233561467,-0.0036676627144522633,-0.003920273368635249
-0.006684046355577504,0.0020778070812000615,-0.0003331723033187517,-0.004941596642777725
-0.005798609418266001,0.0050324722198726995,0.0023554475298544486,-0.004431875082855002
-0.005494896037000013,0.006161761262876861,0.00328442559866092,-0.00265204413441264
-0.00582036808926676,0.005155297985345336,0.002077587816658913,-0.00037594801754306517
-0.006516163993079877,0.002508328421209495,-0.0007500358649462253,0.001446006546976214
-0.007145922468378328,-0.0006942047953282654,-0.004011074193285089,0.0020922953031436986
-0.007297385573673329,-0.0032145387197839714,-0.006343273154111151,0.0013733442886712244
-0.006770214290542273,-0.004143564993043311,-0.00677648832167725,-0.00029486914176940146
-0.00567065850941136,-0.003237448245117836,-0.005132839802943504,-0.002076273585112979
-0.004373709285077675,-0.000982010146084858,-0.0020948776065685985,-0.003079412084730289
-0.0033692202256298473,0.0016314615089960266,0.001084026440352038,-0.002746254198778695
-0.0030569802925735842,0.0035205864844793516,0.0031038088435274766,-0.001100135638953263
-0.003576880259871927,0.003945485866801421,0.0031564911620894157,0.0012525955869117922
-0.004745596068084182,0.0027882687634298436,0.0012553535532676963,0.003368906795053528
-0.0061269064887561064,0.0005722061700883518,-0.0017806917464917756,0.004360736879760213
-0.007207299063773792,-0.0017776706922048302,-0.004677971004245364,0.003768129818813939
-0.00760481455232713,-0.0033265645436639096,-0.006244844707686957,0.001757448403982344
-0.007225110604073895,-0.0035100397406998343,-0.00586858441189346,-0.0009388429624328492
-0.006300178673496082,-0.002347739135458475,-0.003764755089966213,-0.003316579568023604
-0.0052931590531887784,-0.0004087955540942774,-0.0008764411274317166,-0.004506655226503535
-0.004707547637443743,0.0014486792274697596,0.0015320499595626418,-0.004125611258189535
-0.004878316434427266,0.002449147686599616,0.0024144526825149604,-0.002425091231578594
-0.005830071083147821,0.002224385157826605,0.0013871016208592702,-0.000179067002252134
-0.007260293156857514,0.0009567948114350515,-0.0011083994316419196,0.0016431522441644197
-0.008655055250497454,-0.0007146922665934377,-0.003992675608036712,0.0022812768777283887
-0.009491000825785276,-0.001981658726122595,-0.0060071550105976375,0.0014972851184953673
-0.009442600740946189,-0.002221446813790908,-0.00625054253135178,-0.00033229508727409054
-0.008511741304165973,-0.0012689004506586214,-0.004566971996202674,-0.00238233740320358
-0.007028184006798824,0.0005102156208169929,-0.001621445731272926,-0.0037327126854419038
-0.005521434585627049,0.0023742747864935344,0.001370950089614401,-0.0037607983957223395
-0.004515932362201724,0.0035228365041155155,0.0031503274330162596,-0.002408247303176403
-0.0043315114731696,0.0034410436024533593,0.0029411750877277355,-0.00021017301690073875
-0.004967901494941435,0.00212538271013573,0.0007837498368754095,0.001925669047070859
-0.006117285785689042,9.475045340986629e-05,-0.002472456949834098,0.0030976033136764
-0.007297023895413993,-0.0018191076332946012,-0.005512926937780688,0.0027885034544748236
-0.008046740747081227,-0.002815136231061534,-0.00709889825575484,0.001085770153879645
-0.008109369832967346,-0.0024574361454367463,-0.006581002495776672,-0.001349536342043059
-0.007524000585919115,-0.0008608657356992885,-0.004172198113718814,-0.003552364913219308
-0.006595648272326837,0.0013504726684690702,-0.0008654319431389661,-0.00465065349751357
-0.005757746246369003,0.00329589591242041,0.0019716237561825554,-0.004225009936960518
-0.005386437318313675,0.0041982456834572315,0.0031584521552855856,-0.0024817738833354877
-0.00564411400215914,0.0037028913189339485,0.002188492181975636,-0.00016747754453631802
-0.006416035804920006,0.0020237588663735706,-0.0005604142456794442,0.0017400318075676685
-0.007364312359823932,-0.00014419223762673905,-0.003979399713740256,0.002435931393081972
-0.008074677348736714,-0.0019102237855469495,-0.006683079145152836,0.00162079826897929
-0.008233480060220705,-0.002553358202096123,-0.007578078467895731,-0.00037651656310278003
-0.007760663666940171,-0.0018176451311595898,-0.00631130423146839,-0.002736173132169603
-0.00684365102546626,-1.5654063948947194e-05,-0.0034132895383350535,-0.0044876494707818265
-0.005858771803689128,0.0021021351148464706,-7.784605111021276e-05,-0.0049119273433962385
-0.005213695407134181,0.003657821755606642,0.0023306364516480146,-0.003838980055724625
-0.005176904864255698,0.004008177989741332,0.002838634150070185,-0.0017175815470853728
-0.00576523317973987,0.0030090384545143067,0.0012620204720013364,0.0005710852059712113
-0.0067360431069200255,0.0010732617410791068,-0.0017222893076596982,0.0020784320014280433
-0.007687065837648027,-0.0010011154389910903,-0.004860231502240655,0.002180700084146253
-0.008222334431281689,-0.002361097254302863,-0.006841747393664319,0.0008360683456848095
-0.00811545947980738,-0.002450740053279679,-0.006843147877516179,-0.0013994613165171019
-0.007402818116146091,-0.0012397096387376932,-0.004866381507433612,-0.0036034365490512157
-0.006368368292750648,0.0007655916881196198,-0.001735418817624207,-0.0048692838819936815
-0.005426608278498349,0.0027323826171360074,0.0012478540052759252,-0.004681056974034268
-0.0049521406784628005,0.003846012179062209,0.0028449249407126714,-0.0031255995070421858
-0.0051261136752084185,0.003646146172630836,0.0023944868815340276,-0.0008547981167452839
-0.005862613617509088,0.002215928995179157,8.5976272739971e-05,0.0011857539270039366
-0.006844967188559391,0.0001464158051930932,-0.0031200985279956767,0.0021487502278268455
-0.0076566168952482555,-0.0017085118249569459,-0.005891443495843401,0.001635286949182968
-0.007952438979211822,-0.0025851114834760727,-0.007076911923474229,-0.0001416250281040172
-0.007599993003516475,-0.0021247147875587194,-0.006183686883378895,-0.0024472187154912957
-0.006732852775024681,-0.0005207628515351975,-0.0035810076129370455,-0.004330681289354647
-0.005694530428202366,0.0015623253015231084,-0.00034629791729787196,-0.005019208864931287
-0.004896521293074482,0.0032644114254582954,0.0021821524067727367,-0.004237042250233459
-0.004649139119551567,0.0038849515790925215,0.002960253490122914,-0.0023177030640952126
