ch0,ch1,ch2,ch3
-0.004324899780261765,0.0068657188444019995,-0.00899751524219257,-0.009581642779929012
-0.006064541598128623,0.0034304979720302803,-0.01089040758630956,-0.008829917190073325
-0.006961162525433509,-0.00030904326122491166,-0.01105533780174341,-0.006863760065030727
-0.006640155035879766,-0.0027888253308391026,-0.009414321167872105,-0.004510532037154132
-0.005230582915901307,-0.002963335081194743,-0.00663678937466753,-0.0027576723554461058
-0.003311880263578539,-0.0007405434372831227,-0.00386473035425252,-0.0023434982326340226
-0.0016739233978561967,0.0029773501429175425,-0.0022412637843396074,-0.0034512689000322228
-0.0009897718848718255,0.0066652262170633775,-0.002437275457175092,-0.005633320187756086
-0.0015366153864433789,0.008805526835627887,-0.004372097837193511,-0.00799671179507197
-0.003080583818633787,0.008517226515027405,-0.007244452276028308,-0.009573426325773737
-0.0049732819626506115,0.005922598353477495,-0.009861766410612397,-0.009721653334977307
-0.006420244913793106,0.0020991257141982286,-0.011132445436874288,-0.008391801366140466
-0.006810267177074007,-0.0013645135820910467,-0.010517851764031944,-0.006146955613804402
-0.005969245556993075,-0.003025318135154817,-0.008256851072041868,-0.003929298086256552
-0.004233304647581156,-0.0021839540991980544,-0.0052693691470322435,-0.0026693319846954958
-0.0023106951349927476,0.000824118208887864,-0.002777947921249274,-0.0028999367128981768
-0.0009893687504514623,0.004765777070015173,-0.0018030497609021617,-0.00453529428857001
-0.0008110675568385461,0.008019813618048793,-0.0027404916501383436,-0.00690638563897647
-0.0018467433284077017,0.009248616266317983,-0.00519596604401408,-0.009038380680873287
-0.003666326612817397,0.007953910357568872,-0.008145742888457912,-0.010054935825645428
-0.005515551914371416,0.004685841858478562,-0.010357963087827882,-0.009541756556927405
-0.006626919371563067,0.0008177673117766293,-0.010901061286320804,-0.007718621666998604
-0.006536354868122138,-0.002021136255508149,-0.009529458885744538,-0.005348433236489987
-0.0052747030671460166,-0.002621287275209473,-0.006786942129809043,-0.0034208625912658212
-0.0033548826507383833,-0.0006965971058556578,-0.0037844673628972293,-0.0027416250330859204
-0.0015599917724955364,0.0029924009283742864,-0.0017435449119502927,-0.0035975897943250693
-0.0006199515682396989,0.006948309214929366,-0.00149331118980299,-0.005636571027657175
-0.0009103703366983018,0.009552543402200367,-0.0031287674213732464,-0.00801174192387466
-0.002298117079304357,0.00973304347201661,-0.0059713283767671155,-0.00973101101569647
-0.004197392874295245,0.007408047023592067,-0.008848102222149157,-0.01006681981944188
-0.005812978477519437,0.0035220582764996433,-0.01057471313804681,-0.008856833852724608
-0.006469855997009572,-0.00034148119623668427,-0.010442392425405261,-0.006571241127910923
-0.005892628413657019,-0.0026112570458034084,-0.008508312626302653,-0.004119064078408875
-0.0043189306789100865,-0.0023740560614960993,-0.005569503011200728,-0.002473929988349466
-0.0023997836263276034,0.00025129497931529465,-0.0028315482137306787,-0.0022743421429348085
-0.0009281559357309649,0.004166561619457887,-0.0014094994061682672,-0.003563752817922615
-0.0005083106550375568,0.007751320439822851,-0.0018677566811890478,-0.005777470649543669
-0.001303256079314516,0.009535204007363261,-0.003989371594509766,-0.007980886752598795
-0.002965470982333726,0.008806450148037617,-0.0068699868249417,-0.00925928701254751
-0.0047802475147959295,0.00590435941678788,-0.009296910083972564,-0.009096907076739325
-0.005962816546668401,0.002074325023729534,-0.010255459628110298,-0.007587843949500898
-0.005986391222477919,-0.0010543183490216435,-0.009351845367660356,-0.005391826167343364
-0.0048049680173209985,-0.0021505512901781043,-0.006976480825210265,-0.003454313999669098
-0.0028778066952701836,-0.0007400358385787134,-0.004139487513838844,-0.0026085937518040246
-0.000984300210903108,0.002593435108252367,-0.002046554501505775,-0.0032265332123171536
9.528891023510844e-05,0.0064484600030224465,-0.0015916171551972579,-0.005064049286773453
-9.811071057133636e-05,0.009189817023642223,-0.0029779398181435483,-0.007365690047301747
-0.001510609455261852,0.009633502474554977,-0.005626348176002435,-0.009184114729094167
-0.003593706231747054,0.007547809158532459,-0.008410293010329362,-0.009780046653668412
-0.005526142662196233,0.0037604449255456765,-0.010121454214950077,-0.008934263796046123
-0.006548620220563768,-0.00017549800946893568,-0.009973199788110777,-0.007039780536893447
-0.0062738356691311725,-0.0026207674193593766,-0.007932610336891736,-0.004934483168919278
-0.004843996355458697,-0.002530870773839816,-0.004742143224323307,-0.0035437350972867265
-0.0028704722211093867,0.0001036092799956978,-0.0016203974827428969,-0.003483121616274551
-0.0011799136279824866,0.004241430544519573,0.00023530894438708594,-0.004789526430671598
-0.00047111331417654806,0.008209049068643282,0.00013909310092843907,-0.006896095736729856
-0.001024111949409795,0.010382642812198348,-0.0018037273505827622,-0.00886485519645916
-0.0025820435685856707,0.009853769377417615,-0.004743618228314348,-0.009782064211687716
-0.004455434660623467,0.006804261275441953,-0.007441502582744591,-0.009151350353548984
-0.00580708369839026,0.0024350107616066957,-0.008784106211224905,-0.007118073568688002
-0.006000891048286043,-0.0015231623902001723,-0.008245711165835196,-0.004426725186796036
-0.004870917540994599,-0.0035160559790453627,-0.006103740453969796,-0.002123759634176773
-0.0027988624022210057,-0.002799696127583018,-0.0033175699465212895,-0.0011254142122916408
-0.0005662007038808592,0.00025945573834304514,-0.0011201379111330026,-0.0018289871824136994
0.0009604420434990643,0.0043407832583020126,-0.0004921211342023002,-0.0039314270491064285
0.001183281197987253,0.007717171353094701,-0.0017385130183946301,-0.00653589963152619
2.2306951872008013e-05,0.008967690892369519,-0.004346135083551417,-0.008508757824752564
-0.0020433518082513293,0.007561343933043151,-0.0071846000110217245,-0.008944555903792104
-0.004160240665058584,0.004071819868284095,-0.008970357561815176,-0.007549038912320168
-0.005438397404227864,-6.373844488215957e-05,-0.008802989095901825,-0.004780022572760844
-0.005306716988894358,-0.0031402592784348024,-0.006551042465672723,-0.0016826053597396098
-0.003742973334423333,-0.0038867454725604895,-0.0029251990691225686,0.0005204955817730283
-0.0012860357708078807,-0.001983953209418704,0.0007950811557526829,0.0009211925422098199
0.0011744269848110618,0.0018152489763081092,0.0032719412811765616,-0.0006981339607294162
0.0027460452520259807,0.006009770849168379,0.003648100473727472,-0.0037601777178528153
0.002880087231067736,0.008980305879043814,0.0018927756250481861,-0.007106760927345111
0.0015782313737557514,0.00966041432135642,-0.0011885918281806934,-0.009450020391329025
-0.0006207265266212,0.007967821706258274,-0.004285788651474533,-0.009882210605409017
-0.0028654731094471704,0.0048168748579457115,-0.006120606611493468,-0.008239647347589234
-0.0043345369450190005,0.001709893669577951,-0.0059679499048218565,-0.005172786444030368
-0.00455686538609075,8.28176792759018e-05,-0.0039463974345900835,-0.00189125275003983
-0.0035821445470817365,0.000684379572387768,-0.0009585504386076527,0.0003168955509658157
-0.001935412618940785,0.003254077483899588,0.0016933962824819543,0.0006008119564038204
-0.0003792819326113722,0.006637815722709647,0.002856528541003614,-0.0011089424367224585
0.0004148633291300649,0.009293954088651461,0.0020116813363162227,-0.0040667547391598086
0.00014971365392128962,0.009974917900671856,-0.0005086899564352085,-0.007004562054004182
-0.0009771541925660925,0.008291612934096665,-0.003660291983855833,-0.00863611625244845
-0.002362336183924601,0.004913700425255685,-0.006125874596220729,-0.008173355333511491
-0.0032562424651957113,0.0013105597415910275,-0.006868923461035875,-0.005649744602807594
-0.0030839595189563317,-0.0008671869233627671,-0.005568826812522035,-0.001921574232310791
-0.001693564300287196,-0.0005092364197518406,-0.0027529379455655534,0.0016543471730227355
0.0005709854925441335,0.002437112628189242,0.00043213251719770307,0.003740214921991919
0.0030022105195102455,0.006883218778596573,0.0027152001758090454,0.0035300286610745607
0.004811681865287978,0.011001111175734775,0.003252254473229667,0.0010551879218004268
0.005446062861330217,0.012959719228222113,0.001999151119093809,-0.0028349472366319545
0.004806535132404206,0.011698166900355148,-0.00025844318827815405,-0.006806810861246855
0.003281732001144958,0.0074137591047920975,-0.00223840993783056,-0.009556825011918766
0.0015812480435062927,0.0015508074020915141,-0.002724624998618766,-0.010303085396277757
0.0004387153063045886,-0.0037232753497454807,-0.001122846136908372,-0.009063333600728928
0.00030674633448379493,-0.006357014497554797,0.0022298587879635845,-0.006614930343637006
0.001169086586465546,-0.005236388436644965,0.006145111479990847,-0.0041592608475373785
0.002547132794849343,-0.0006544839207204417,0.009035697303111795,-0.0028288425094010255
0.0036985137905315175,0.005769873617963654,0.00956594554206705,-0.003234748335944764
0.003927240545086823,0.011704332838265996,0.0072359217627313704,-0.005232290162849684
0.002879764192137653,0.015010427142705835,0.0026528947285606105,-0.007993376680538053
0.000707176594591033,0.014586870185129188,-0.002636281329715419,-0.010351220105997115
-0.0019721010242427645,0.010809356750112131,-0.006702352639214121,-0.011276214710109825
-0.0042947948761748456,0.005385084507867545,-0.007970210094813288,-0.01029269962417119
-0.0054726665465351515,0.000673468868813195,-0.005845228110651621,-0.007673109446347227
-0.005084575487831179,-0.0012600501618225853,-0.0009760438282089348,-0.004336505474031194
-0.0032282909543322885,0.000520053125931362,0.004960076791808061,-0.0014956235227326573
-0.00047661040607992894,0.005430304021643961,0.009874879875070934,-0.00019373481567394601
0.0023402232226103353,0.011586108010594509,0.012053588953704768,-0.0009122336431183695
0.0044372592926878104,0.016544261495428703,0.010800378735933196,-0.003398027855080206
0.005344625789410681,0.018276469756287557,0.006690846407670717,-0.006771049562467477
0.0050441778212939326,0.015985376393072244,0.0013313202940041652,-0.009862898107801731
0.003929312435311298,0.010435039388299407,-0.0032800324971768782,-0.011650958581779104
0.002615237302067343,0.0036601362115015468,-0.005536938233629607,-0.011621084999560594
0.0016834955950467134,-0.0018340728530052437,-0.004842396964349321,-0.009925988005769142
0.001464695453865579,-0.004064896754655111,-0.0018150577737088003,-0.007289860036695194
0.0019409753961361492,-0.0023637427377757904,0.0019953002488034693,-0.0047080549669277424
0.0027961493098043466,0.002350100284511096,0.0047659273468657615,-0.0030652210031140367
0.003580254864552615,0.007924820628164245,0.005165327919985682,-0.002818753607950461
0.003911805675518146,0.011822645632347997,0.00291314062102635,-0.003860720896490366
0.0036321095061978698,0.01212493967105601,-0.0010925176831498087,-0.005596990842227062
0.002852977737185805,0.008300306768147261,-0.005133942835682123,-0.0071983894797923165
0.0018883234531174922,0.0014337049547652816,-0.00737597943560362,-0.007918154969906839
0.001109284540262323,-0.006173172487974124,-0.006628750187835267,-0.007354126058691563
0.0007907461885004255,-0.0118735732293158,-0.0028621337191103817,-0.005565399831637098
0.0010138951474779057,-0.013679558292619395,0.0027387215807219353,-0.003015480063997447
0.0016585088123359862,-0.011009734155827726,0.00820429037393073,-0.00038043277066779346
0.002475855749349276,-0.004896213795038289,0.011530518056432196,0.0016946245981243335
0.003198550404327998,0.0024207134217882204,0.011451914517647065,0.002799024009642506
0.0036327402933743237,0.008344421648185718,0.0079320740098733,0.0028552924079084403
0.003694152156137026,0.010886264249004997,0.0021778694578248395,0.002095607859208995
0.0033833041020897014,0.009373371219167814,-0.0038272065356794137,0.0009447347860981614
0.002728866558191878,0.004639708534762518,-0.008084605352749387,-0.00013432708368041335
0.0017443359765950649,-0.0013535902216941648,-0.009335712704761634,-0.0007747029780601974
0.00043329595139571936,-0.006302230662294406,-0.007514067314987473,-0.0007834977232272049
-0.0011528040243042395,-0.008432585486121705,-0.003721890113169507,-0.00015606489723676495
-0.0028372656819591335,-0.007130164919783175,0.0002508631843155529,0.0009568309215645249
-0.004276510600662836,-0.0030974964919511967,0.0026648345417699844,0.0023038095779129575
-0.005003421770672145,0.0019917026134758653,0.0025271523755492527,0.0035905985052640255
-0.004569221268782772,0.006179817988682737,-3.319616515599921e-05,0.004534628698137727
-0.0027462252401729143,0.007970100734037061,-0.003855181824862358,0.004919690963080529
0.000289394891895986,0.006840955572761626,-0.007255154092278143,0.00465239147988037
0.0038880287824684372,0.0033508873837400643,-0.00874052042229077,0.0038107753538761287
0.00703353135583918,-0.0011723260180196218,-0.007631622101685779,0.0026624407873868314
0.008624776471351556,-0.005201375600043072,-0.004336168899500153,0.0016259083507485297
0.007853635928342234,-0.007591975910515206,-0.00016501386446622635,0.0011624070610554219
0.004545811562226665,-0.007948223000738316,0.003232742296088562,0.0016141186655368317
-0.0006762606736174515,-0.006648714126347766,0.0045804560729396405,0.003037932144040148
-0.006498764917175728,-0.004560828646639606,0.0035348241081631284,0.005104002452474381
-0.011286321281398906,-0.0025968677635794246,0.0008613017149574007,0.007121411938438772
-0.013608517977536053,-0.0013177227762056591,-0.001855140988273659,0.008214980998140317
-0.012742987552267868,-0.00075042841285544,-0.0028535358978699493,0.0076182544345272316
-0.008966240745790404,-0.0004780914169841971,-0.0009382664372841812,0.004990477896592557
-0.0035078433609471004,6.49120897209185e-05,0.003981592052465618,0.0006360588119261462
0.0018386144583555156,0.0012471065961702082,0.010777732868233135,-0.004478317543799959
0.005325297747015184,0.0030111315755550847,0.017468723158502914,-0.008950382157399184
0.005867736967788702,0.004866251141801822,0.02193227165380052,-0.011363744837982637
0.0034430528366059896,0.006098530564512664,0.022691226532319968,-0.010771391680766101
-0.0008867183931044135,0.0060933822182851205,0.01947000991937312,-0.00706713184032956
-0.005347348414207012,0.004615890101914613,0.01330642291423743,-0.001094005179722704
-0.00809426261147795,0.001918474319350244,0.006175868683559592,0.005575925074798694
-0.007891267407178562,-0.0013699481751270077,0.00027296870630501985,0.011136237898246977
-0.004573504883964782,-0.004514719285182343,-0.0027744056848260923,0.014151799636156988
0.0008827906200905913,-0.006972594024248241,-0.0024616392215231764,0.014057521224730286
0.006716261336132755,-0.00857167096289399,0.00046952690369583827,0.011358929165007269
0.011033833106577545,-0.009490154497677594,0.004375121376677699,0.007446210519607834
0.01251795416780413,-0.01005149649429353,0.0073745904014587416,0.004077157941705741
0.010919611354949055,-0.010448414432885758,0.008073341833040926,0.0027146763882072156
0.007146791151279823,-0.01055010105928763,0.006064109163005739,0.003968863962909769
0.0029100067225190183,-0.009912692240247893,0.002023692578546437,0.0073630210672906565
5.556591911992648e-05,-0.008015121261541806,-0.0026153523641258974,0.011524477938903422
-0.00016130031374402345,-0.004624360454135553,-0.006272555609347148,0.014737521925809866
0.0024151621651082103,-0.00011168268068093706,-0.00785733897176101,0.015649816804943623
0.0067500505179009344,0.004461919650564736,-0.007183927451692343,0.013854397242661208
0.010985772674319922,0.007588112688950526,-0.005006256498926415,0.010107643961217126
0.013136594299435391,0.00783577623411897,-0.0026701689407023776,0.006079089894723694
0.011851573254524447,0.004471790089044941,-0.0015311380719157247,0.0037117249023548154
0.006959167223628437,-0.00208171292654109,-0.0023744037462521406,0.0044308479172781995
-0.00041336461667763197,-0.010180452702078239,-0.0050681140959443,0.008511002721403774
-0.008194579320084688,-0.017371939221630585,-0.008584220244874593,0.014862024259276366
-0.014069952265780353,-0.021189686783144868,-0.011376461959174368,0.021341075284505816
-0.016274003459832,-0.02005782210870742,-0.01196754174044233,0.025494678390187354
-0.014186357889447151,-0.013961853877085206,-0.009520888646005962,0.02546157022029461
-0.008520165984651468,-0.004600917649444106,-0.004183238583175264,0.02069328236751445
-0.0010440319980967276,0.005083745223986108,0.00292507391278346,0.012207459831014376
0.0060502159088692345,0.011874270810372385,0.01006240111214847,0.0022607949246365895
0.010896533327399878,0.013406071720868187,0.015427652435712591,-0.0064496924357091145
0.012549778445043222,0.009049829022458399,0.017730144365026554,-0.011761992386838994
0.011224323291630665,0.00020620018743741642,0.016573692642733034,-0.012829472727576351
0.008113667897320313,-0.01011912825793787,0.012537369433646927,-0.010401168539773478
0.004885030709261419,-0.018327041510426523,0.006946950985191366,-0.006484464222432415
0.0030557532464320107,-0.021467745923355597,0.001435037287461409,-0.003511242863225605
0.003486845345494694,-0.018266692703924454,-0.0025520470805650564,-0.0033262062028705033
0.0061666614335599,-0.009561378048376014,-0.004142514474062553,-0.006394285108562665
0.010333662506123824,0.002006453573920073,-0.003217259059935973,-0.011549049505316114
0.014853361979548452,0.012923098298414284,-0.0003525241408688373,-0.016400910532607192
0.01867409788487988,0.020011032987128148,0.003422848291542796,-0.01826835820436633
0.021172545868918355,0.021470293425973355,0.006959397191094049,-0.015285431136675149
0.02226375410654908,0.01738566703306946,0.009304811638161707,-0.00725673895311146
0.022261272130717526,0.009544702833140696,0.009929115365736416,0.0040872825114413765
0.02158212933828295,0.0006758088448025855,0.00881946042585338,0.0155646377620108
0.02045315046140371,-0.006572551546387639,0.006444942469409881,0.023601425443952998
0.018765084136972532,-0.010512697769109347,0.0036167525678551526,0.025505536699305557
0.01614602733214328,-0.010841737960054214,0.0012795958771291,0.020489650328852214
0.012219877200271387,-0.008494697367693073,0.0002730889919772689,0.010057035352189301
0.006925776563514299,-0.005049365613674594,0.0011044339977871326,-0.002412719411527124
0.0007400759777858278,-0.001977517613565006,0.003778736159940642,-0.012753084399711389
-0.005321420997920646,-7.576323054883649e-05,0.00773610587304073,-0.017403777928209935
-0.009951188906315942,0.0006966401953320267,0.011935618231615673,-0.014622487943441252
-0.011969108254769711,0.0009455088925755806,0.015097554533471693,-0.005090292678096159
-0.010755068348467919,0.001311109617105441,0.016068092486734263,0.008301369712512538
-0.006521627562239155,0.0019720294091837218,0.01421761922413782,0.0214071480764792
-0.000309533012114345,0.002454128856270471,0.009746850593847379,0.030194937116046
0.00630518851832057,0.0018634707453067355,0.003775781813687963,0.032054542630818195
0.011691133682939212,-0.0005513772261185597,-0.00185988412079717,0.02660927597529637
0.014653457826622432,-0.004780399030722917,-0.005089752003978119,0.01577424288578758
0.014758653468218932,-0.009707487611521433,-0.004248411557871638,0.003069759462224037
0.012379803842032678,-0.013275125561277717,0.0013231343125218106,-0.007550972102191559
0.008460487478944227,-0.013176638781442734,0.010928344977822625,-0.01295125313297909
0.004104685014108662,-0.007845891221118232,0.022572122307131653,-0.011727170848595554
0.00016360969342134324,0.002656639718169173,0.033452244876572834,-0.004518778280287104
-0.003016811884251222,0.01627334618715952,0.04076257702511367,0.006335459769765937
-0.005597858369358694,0.02933828524076984,0.042563087517673945,0.01763275200137263
-0.008018129427655667,0.037678237038987,0.03842706807836684,0.026317290480947924
-0.010648624397749374,0.038078044508963585,0.029632543969466067,0.030333575417017433
-0.013495942800847309,0.029575834250918434,0.01880956872032445,0.02907786308567484
-0.016092714282893397,0.014067483001865957,0.009140275172743878,0.02336556074996588
-0.017630694666790642,-0.0040771478265088715,0.003368219830737651,0.014999311712391276
-0.017284541495785836,-0.01932625356876981,0.0029476800932258795,0.006135417672664139
-0.014588891308180725,-0.02680804513762021,0.007621462455856418,-0.0013265565377220886
-0.009704432721720776,-0.02400558552311805,0.015569200691952969,-0.006160078147496362
-0.003451930914694014,-0.011700781420426777,0.024068385437206186,-0.00796352244863241
0.0029113526507687365,0.0062055218376304636,0.030430044752292097,-0.007077860496253308
0.008090838436576972,0.023969200644690894,0.0328767898274889,-0.004362517993922954
0.01117322285780463,0.03594240524526542,0.031058109625511494,-0.0009302315254763188
0.011899094926711568,0.03849211051180197,0.026036206217220657,0.0020923619612549654
0.010684187511942597,0.03120957342099409,0.019773149617587856,0.003759633077660007
0.008388051121533877,0.016974888330513846,0.014332196606585274,0.003470120020578043
0.0059333553370811,0.0008570613212471974,0.011104431719964877,0.0011092124546193509
0.003939376243215702,-0.01174457382190286,0.010350558065657454,-0.002846937100415661
0.002523684271607346,-0.017036475052753866,0.011216954791473943,-0.007319133380883393
0.0013504472938997356,-0.014141131748997574,0.012197184467335226,-0.010768244759201703
-0.0001056717664518654,-0.0053159344273766285,0.011838439883451918,-0.011526259125353697
-0.002207141639594668,0.004977670348197613,0.00940294155434361,-0.008277806965714698
-0.004880500885418318,0.011790683446063599,0.005219905535113963,-0.0005719467392821913
-0.007556849192338462,0.011544758743074245,0.0005918114750201355,0.010812314686105079
-0.009365506296306912,0.0033522683086796533,-0.0027030345984219942,0.02381864757336133
-0.009504892687648508,-0.010665885273542883,-0.0031120462754025344,0.03547761455440274
-0.007628714114724076,-0.026148794298993014,6.148589160321662e-05,0.04264178126857593
-0.004068456204549897,-0.03803695592965728,0.00634191870433333,0.04290650110459407
0.00022433169860179222,-0.04230681469059597,0.014194686008223104,0.03543276915757067
0.004014181410258513,-0.037277544873839344,0.021519209259858847,0.021381648660169367
0.006269599671057377,-0.024058249375002325,0.026330148386728158,0.0037687243180407476
0.006599122881850619,-0.00604057552382032,0.027374849040787495,-0.013273599103913035
0.005439640063334819,0.012308414191870235,0.024473527137228245,-0.025636991039731535
0.003895356954304964,0.02686819737688054,0.01848650179210025,-0.030441018717125318
0.0032712641568621095,0.03498574167424122,0.010958405289117075,-0.026916256786516324
0.004482118840386733,0.0359455630348119,0.0036030436653078785,-0.016669421678944557
0.007587006245779723,0.0307228155465273,-0.002168844510357995,-0.003225144959443371
0.011665973661366909,0.021234561065575676,-0.005522928558463973,0.009026803846935966
0.015125825238351365,0.009471307054961825,-0.006224254422688859,0.016153609803832084
0.016344743050871625,-0.0031149238892097253,-0.00447136980702726,0.015855211952700662
0.014411295756992078,-0.015752575298009636,-0.0006739927644927868,0.008125593046668753
0.009649203610515772,-0.028049190105306543,0.004693794689857381,-0.00479984193651992
0.0036788637812533026,-0.03948253997643342,0.011099759254755912,-0.0191783220085198
-0.0010647421380738167,-0.04900875166134333,0.017851649408627865,-0.03092695400608266
-0.0022211811259493716,-0.05504542687406326,0.0239978212490862,-0.036846883724472784
0.0015164704923082313,-0.055899626468677424,0.028358204228221762,-0.03552702170490077
0.009718446495913965,-0.05048648815180301,0.029757187541139648,-0.02767012504139888
0.020136534369727146,-0.039024408722018386,0.027422979585614765,-0.01577887957360616
0.029321583256393505,-0.023369092971089286,0.02140955613475201,-0.0033403332690621693
0.033774843377695915,-0.006774744266845906,0.012841919876989332,0.0062122383463064645
0.031247655125565117,0.006904166417060223,0.0038176925845228235,0.010440402548851382
0.021715067056856812,0.01432547348365179,-0.003084535908397079,0.008487394808942755
0.007633542730060439,0.013699149872133068,-0.005578898550385264,0.001187035865887448
-0.006670628162828089,0.005374659086746617,-0.0024782338271719245,-0.009276180427275682
-0.016327627838526593,-0.008248231140635689,0.0057709210692043905,-0.020006031882725768
-0.017542064062486068,-0.023465892531000315,0.017063489336268375,-0.02812678908679002
-0.008951501791818132,-0.036419249465809,0.028192317100100013,-0.031417111682359014
0.007760461445013352,-0.044250662557370535,0.035843107568250585,-0.028718838395158153
0.028241301663770736,-0.04588530144965346,0.03770634834066328,-0.02007673063208392
0.046745821896174905,-0.04220112961951432,0.03331452643167289,-0.006635150380703128
0.05790835546084878,-0.03557603651390554,0.02428602890158817,0.009642912022868044
0.05843069554240348,-0.029013095015676237,0.013854311368817741,0.02636028807656742
0.04812781750745563,-0.02516747879588919,0.005813778842174877,0.04110850178081203
0.029988174814562975,-0.02559393714750338,0.0032295446548104983,0.051874857625043444
0.009236888016884423,-0.030417130386894704,0.007354787313657088,0.057382450873629365
-0.008278221431733686,-0.038455969409075696,0.01713754998299429,0.05730855011547197
-0.017841444298283427,-0.04767980598156093,0.029498054898557103,0.05232864025612981
-0.017199903925531716,-0.05579494992920357,0.04028975809795965,0.04395333798520016
-0.007068617163062008,-0.060772298950168,0.045619786758366185,0.034168791822100156
0.009300027674504694,-0.06120680044140213,0.04308318469232035,0.024949914419411745
0.027279116594117955,-0.05649658531660656,0.032502969529525805,0.017769144938381776
0.04233409524927484,-0.04689345974394334,0.015947612924729383,0.013246151514178944
0.05130143747798707,-0.033481130884150376,-0.0029494539212136794,0.011058038401977999
0.053095300319981865,-0.018093101362837927,-0.020110831153007006,0.010154900309765881
0.048688174417978916,-0.003127449714016725,-0.032188834004179226,0.009222783653607083
0.04047141117448342,0.008803444899765159,-0.037417036952866745,0.0072415536078601905
0.03129611849044045,0.015406880475756016,-0.03590663823086447,0.003937215108512353
0.023560596844860462,0.015349566750847976,-0.029363860430270824,-4.856890795283675e-05
0.01863690293570458,0.008819766943633747,-0.02039924487364489,-0.003355867665006125
0.01675926889054373,-0.0022252510195620648,-0.011709874496658841,-0.004421015007618108
0.017306676984947443,-0.014319007201836105,-0.005409963897531317,-0.0021321507148616588
0.019277218179434515,-0.023296293746891093,-0.002680533668129134,0.0036196138569935844
0.021719574500643858,-0.025488280521863412,-0.003759132659014404,0.011719503908320399
0.023957469659618508,-0.018947877591584585,-0.00816216504257479,0.020057658285186762
0.025573704973977096,-0.004270764177767693,-0.014975323211713229,0.02616494957239065
0.026246820288888875,0.015341342142545449,-0.0230756077743699,0.028056985048459743
0.02559782230044657,0.0348945388791836,-0.031235673483053006,0.02499340593493933
0.02318087790450008,0.049100554536086,-0.03815692484816523,0.017867999673312582
0.018656385157019763,0.05409062225816185,-0.042530870638295575,0.009058555886609587
0.012066942477798409,0.04875405795866388,-0.043211636940567726,0.001747768555581463
0.004056419604166792,0.03520132583078372,-0.03950555149812235,-0.001085212251602588
-0.004127584515105989,0.01813962971609037,-0.03148739516129037,0.0023236278926506565
-0.010921551244900865,0.0033368467498680818,-0.02019036220452393,0.011851985178539068
-0.014961103198073013,-0.004307085215061464,-0.007527356313880514,0.025402403644128685
-0.015634764325698096,-0.0023988130425233317,0.004109431069874665,0.03944955173498714
-0.013434683716953714,0.008193829444108597,0.012488792325511866,0.05006611520136081
-0.009914621478029427,0.023748755841799765,0.016217113328143164,0.05410778788737053
-0.007210608170595104,0.03910531650653887,0.015198342720587461,0.0501807462291537
-0.007262983748863406,0.04955546640196277,0.010678639829249534,0.03908249239312063
-0.011023374907280767,0.05249565976800947,0.004822702322930313,0.023576147216439268
-0.017969956447059593,0.048217312391653076,-4.8415435345620234e-05,0.0075721388803764375
-0.026161858154298976,0.039548976056173385,-0.0022834464532560453,-0.005021323282677501
-0.032865554764372765,0.03051318173010681,-0.0014744069184190883,-0.011417382051956401
-0.035555845866680896,0.02454898642840666,0.0014534369548976356,-0.010695149712655325
-0.032924193152206016,0.023022786301421447,0.004680271149944376,-0.003951989797178625
-0.02549250154160208,0.024634093125555562,0.0062904955807728535,0.006162984580268871
-0.01555577736976163,0.0259629494253812,0.00510918666417115,0.016367044753676382
-0.006423864888162479,0.022943452696187,0.0012275757513767888,0.023811469597273566
-0.0012100654706544128,0.012668583992832952,-0.00401292067580554,0.02695981221788525
-0.0016135941041123918,-0.005210695433971797,-0.008588782505942957,0.026006940962035846
-0.007178332803266709,-0.028074091718532954,-0.010691676885041173,0.02271845120214684
-0.015356718316737697,-0.05109763062461074,-0.00958241549864362,0.019751909539114217
-0.022412878470507012,-0.06891190287339302,-0.0060301164511765756,0.019680368799567617
-0.024870199176531604,-0.07750551281146453,-0.002123244899504816,0.024028639832879645
-0.02097239153467608,-0.07562280957243132,-0.0004948842016304095,0.03262952580869311
-0.01158227510143853,-0.06510544147256048,-0.0032545800158498388,0.043513270557048594
-0.00011867710293600973,-0.05005245413753962,-0.011057961863318335,0.053386400019425635
0.008525153143290441,-0.0351513318899569,-0.022709658497538966,0.05858012299518088
0.00975011346351596,-0.023866931371243107,-0.035491865900466116,0.05620250988880557
0.0010879280242791127,-0.017227881395340948,-0.04611798728035589,0.04515421503806118
-0.016584290783749844,-0.013696840078418024,-0.05194682300008763,0.026687975797787755
-0.03895782424598243,-0.010154593340162832,-0.051969709065393284,0.00430650383474282
-0.05945638504929224,-0.003556813973657376,-0.04715855523848775,-0.017024806283623614
-0.0713205010532153,0.0074661929010903655,-0.04001401457881523,-0.032171670370114196
-0.06992697619206628,0.02177796451347949,-0.03348245064888307,-0.03728662174946849
-0.05453439576368227,0.036060551952009745,-0.029683175607913538,-0.031004415097812977
-0.02880852526947679,0.046185892975896606,-0.02898627922142448,-0.01499714095738381
0.00011707114944485564,0.04905990624681563,-0.029856199213432653,0.006329582252928387
0.023786379875717807,0.04413289327242368,-0.02956828958751863,0.026974654978954418
0.03508541305579063,0.03387664251496824,-0.02553486113122916,0.0410307488563184
0.03054096544578374,0.022942279426462535,-0.016695876625116894,0.044447793797031024
0.011475863035480476,0.01627045850219759,-0.004360966618251874,0.036332152151643836
-0.016377962910632662,0.016897146645765554,0.00792465636999793,0.01934646375810252
-0.044686531214561453,0.024380827400558705,0.015538843920737278,-0.0009738167307316442
-0.06513852314882156,0.03457943464429472,0.014586665480581651,-0.017840578895998868
-0.07201323023888925,0.04099080341970422,0.0036677027832049264,-0.025314174281035662
-0.06384801636453283,0.03723595166381145,-0.01512301204941121,-0.02024542067544194
-0.04368150136260005,0.019765108328187675,-0.03644527965779662,-0.003429564714257899
-0.017842245361677816,-0.010287209166615477,-0.05324372452565587,0.02043926088724901
0.006255501546344692,-0.046900794335087106,-0.05908692330712289,0.044058691146663276
0.022529149444367742,-0.08081904040662923,-0.050498068987869724,0.05969759886011935
0.028040230033260734,-0.10253340817991019,-0.028408640503028666,0.061602290524472754
0.023630491843828837,-0.10554696179656159,0.0018539486703555638,0.047865339081311575
0.013244525433776714,-0.08871147304510899,0.032117032187158764,0.021139190740923425
0.0022633534503561197,-0.05674499761847941,0.05395891525601014,-0.012066794345572325
-0.004502665829611359,-0.01870101992277412,0.06145825460153599,-0.04331192068154893
-0.00443610996758801,0.01507472619550694,0.053126575027964806,-0.06477433631255992
0.0021902708832284914,0.036393119894519765,0.03233514235745459,-0.07161292787853125
0.012613871275050648,0.04181706836922102,0.006087897082834453,-0.0633799524750112
0.02284547362536274,0.033472375257380456,-0.017408396259788274,-0.044030202012747766
0.029264919451513986,0.017826342477807275,-0.03149248828477971,-0.02053431260151197
0.02993661410827634,0.002959976122592963,-0.033128115874151313,-0.0005655676797942377
0.025182123183225092,-0.004577865585993853,-0.023592858350223893,0.009966192325448646
0.017259575549237356,-0.0021132498029038,-0.007586654959324965,0.008717822364313649
0.009347623341489645,0.008488424257395016,0.008835460965497213,-0.0025277767031112314
0.004281170158970234,0.022027550734314817,0.020672596150077216,-0.01869716259405106
0.0035470885270814587,0.0324876094120282,0.025793498747673185,-0.0333314269612224
0.006907710485843363,0.03579261081645699,0.02548269054788113,-0.04087816190484593
0.01274376191847841,0.03165537584501656,0.023557469124109276,-0.03857163574697332
0.01891251779144043,0.023754726363503814,0.024463001776077048,-0.02726500014226503
0.02372010217711687,0.0181723501390107,0.031148269459191705,-0.010958505874026692
0.026583893039609757,0.020736407157488344,0.04359677429510952,0.004770915490990388
0.028114515650407637,0.034368722027112976,0.05860908256900063,0.014853639228451655
0.029608255539104622,0.05753429705405537,0.07092350922030234,0.01657320372110633
0.03219920191222755,0.08444656503548037,0.07522215829705242,0.010522742991885593
0.03606872360336387,0.10697150154881406,0.06821700254091134,0.00034711092090143614
0.04008731880491173,0.11748796725140785,0.04998337474199101,-0.008621274893738748
0.042080479238555485,0.11157935558627254,0.024013876909120678,-0.011339288025055225
0.03964205822582625,0.0895073194475453,-0.00402109415652388,-0.00494395102515045
0.031176771917436837,0.05591909616648452,-0.028306670920066813,0.010099961520869932
0.016738827903191866,0.01795877087879899,-0.04490342171795996,0.029986675261952516
-0.0017038573962162504,-0.017406462321582362,-0.05296587111466805,0.048689670724477684
-0.02073250345103894,-0.04573500958400333,-0.05470674485891118,0.059835235672883874
-0.03653182868185576,-0.06618956967721347,-0.05416629853099514,0.05871038053307381
-0.04615686255399507,-0.08095967842678378,-0.05532627530009953,0.04376190850670021
-0.048533381908054396,-0.09336007222843415,-0.06036147144655251,0.017130739571778214
-0.04480059425808069,-0.10551163176894299,-0.06874747217577276,-0.015909560043645035
-0.037849067002996686,-0.11669813096230852,-0.07757423450949841,-0.04839394865783767
-0.03121520868253111,-0.12320566784176151,-0.08290576442042458,-0.07351558277441653
-0.02774599051188765,-0.11980619109063942,-0.08158748403759261,-0.0863245300774932
-0.028544136650686946,-0.10230959609498816,-0.07271699228516168,-0.08480812095292894
-0.03260416182392145,-0.07009299363645999,-0.058138443099193436,-0.07011136757524251
-0.03728878551710113,-0.027448654242052166,-0.04173652232858939,-0.04593054095587733
-0.039471827888392444,0.016980485652556845,-0.02782053689842969,-0.017345607479520797
-0.036911634949717206,0.05264703834943787,-0.01928706801988076,0.010518399285583888
-0.029320172241120573,0.07060499388752817,-0.016361463726401054,0.03361798772485984
-0.018697395044992737,0.06675967506840413,-0.016491397571863294,0.04963985544762556
-0.008771154446435371,0.043566715986179325,-0.01548756013201372,0.058081132522676195
-0.003718929890933635,0.009431258558920762,-0.00947177438503495,0.059843931571688005
-0.006622868965153874,-0.024071312832636367,0.003175641757189651,0.056548701886401195
-0.018220200837415386,-0.04617748455165434,0.02071971752314111,0.04981653743806842
-0.036414980283747234,-0.050649294923364716,0.0383629842429381,0.040741455270477143
-0.056749523558583294,-0.03781853819185143,0.04991052939970226,0.029690320060437012
-0.07369359277167983,-0.014181708269415165,0.050219283295289824,0.016459611251679197
-0.0823211412504285,0.010297316665653679,0.03748293407113187,0.0007127013404219229
-0.07981215219387867,0.026133110691350468,0.01441216983680002,-0.01745932284903367
-0.06628558691063605,0.027983789275162957,-0.012242543827513604,-0.03705115074214106
-0.04470910531642384,0.01661765595653924,-0.03375293149930332,-0.05592134914197629
-0.019950965364333245,-0.0015673261761599243,-0.042363971281519294,-0.07096692436723812
0.0026775898558676903,-0.017255602345062054,-0.0340643078231849,-0.07872299537860868
0.018893763359094682,-0.0220636792118386,-0.010135107853461722,-0.076286345254606
0.026465598066225383,-0.011990265415503402,0.023132757965074878,-0.06233615492419811
0.025512266421423326,0.010901509204946286,0.05648911258895627,-0.037943885884570094
0.01807686757692544,0.03922533528540173,0.08081698282448091,-0.006864365033152261
0.007209727281060868,0.06312085929797027,0.09014803796368784,0.024898524835019132
-0.0040663010453590165,0.0740558486942154,0.08350938157867091,0.05026640909020599
-0.013551241446016493,0.06805630318890225,0.0649507052163328,0.06278019154882482
-0.020207851580068353,0.04708633198723688,0.04178624024690521,0.05838474352277771
-0.02403043063594782,0.018061888500804608,0.021753157229905812,0.03677538833058903
-0.025603937978210686,-0.010051055148065221,0.010181294791028549,0.0018366864481357153
-0.025601877420625502,-0.02982739811715557,0.008239381580836688,-0.03907042333941671
-0.024445440701168705,-0.03816885274299414,0.01288576638236754,-0.07687916913967607
-0.02223253482408308,-0.03714226469649298,0.018480354608153574,-0.10320281526700599
-0.018902713798207425,-0.032554230116694484,0.01937154541349351,-0.11265380853655052
-0.014498231721512132,-0.03090697850564951,0.01240635826093057,-0.10437804156780156
-0.009355702596555146,-0.03607631322018458,-0.0016381571228501323,-0.08228631659014922
-0.004120805569102576,-0.04718853560765156,-0.018264046510424587,-0.05385379437950408
0.00041508495222104813,-0.058683542687698806,-0.031010815814462495,-0.02781643476935435
0.003558479588994218,-0.06262880111710592,-0.034063419220275185,-0.01146817689696343
0.004898039218939061,-0.05237096238832032,-0.02468322922457772,-0.008419513197836424
0.0043260259751184554,-0.02598776422329449,-0.004512444754424194,-0.017551298940900587
0.0018884886943899976,0.011994512674272241,0.0207535624422039,-0.03351772832802256
-0.002439187070226778,0.05150263173702846,0.04320030139686954,-0.04864083434787231
-0.008895799828358114,0.080270354458058,0.05533983729600052,-0.05556862377266615
-0.01786472293529276,0.08844511565826343,0.05258533327068753,-0.04980459503123279
-0.02956184247988075,0.07265869704758732,0.03466826637548277,-0.031254597828369333
-0.04359084093749213,0.03788622064230704,0.005542914266844147,-0.004269788071931624
-0.05858461655338122,-0.0037858513276234906,-0.02809239829419484,0.023820667811326864
-0.07217047400616258,-0.03717822637276697,-0.05902357945841245,0.04517517846966899
-0.08140070056704571,-0.0494091242003301,-0.08163542735046252,0.05405167421424938
-0.0836051547609141,-0.03465024214672278,-0.09317164481588054,0.048671835975674704
-0.07741892807874662,0.0035804633220137905,-0.09380490458869835,0.031713006378658024
-0.06360433057386286,0.05352077055864907,-0.08569030966586469,0.00928717610745046
-0.04529176824191994,0.09931108875325517,-0.07157138878508783,-0.011207961408643864
-0.027426811457339627,0.12666517644400785,-0.05363015325594271,-0.023599683770120658
-0.015484935589995072,0.12794299263964487,-0.03308225773403657,-0.02494153007970351
-0.013803663846338243,0.10471733096320648,-0.010610859739134726,-0.01633645851048728
-0.024070753649951288,0.066879994643197,0.012703183358098884,-0.0023433445816847392
-0.04451208920578489,0.028662921288745584,0.03456233249449762,0.010772394462980853
-0.07012487502299986,0.0031380947227611575,0.05132278348720569,0.017293626984392317
-0.09395936426852558,-0.00265883138058539,0.05881473505869732,0.014014931289052401
-0.10908465438548318,0.009906419103174989,0.05390254324464162,0.0012560225144382653
-0.11061723797422995,0.03210229709624903,0.036160820804875385,-0.01737256056787359
-0.09714630638675495,0.05180760168822489,0.008878840410505753,-0.036304604889451836
-0.07108262269576218,0.05879933516547631,-0.02121397287698696,-0.04994037229676525
-0.03782441817523307,0.04919809446056239,-0.04563510985576467,-0.0544770232317424
-0.0040427022046698215,0.027247451766237083,-0.056796484087493146,-0.04904973203678028
0.024311231389898894,0.003665087962115003,-0.05070295442165181,-0.03586569917657184
0.04359399573552175,-0.008819877730116731,-0.028666022878391248,-0.01937653602117686
0.053143522890600814,-0.0009805525128090244,0.002720685157027794,-0.004845696327606862
0.05488388652719028,0.028567665947037617,0.03349113193423679,0.0031774462238337367
0.05211181804556682,0.07200910987408511,0.05353949259755134,0.002003448403460655
0.04801018201907206,0.11461955125702203,0.0560757137115949,-0.008711601335858136
0.044505369282381746,0.1399494767348471,0.040057838226525,-0.027163489422154376
0.041907805854302004,0.13598613082832886,0.01067609733463485,-0.05008465602020995
0.039420966627348994,0.09995257669920019,-0.02235140077781136,-0.07361515656701707
0.03621943936595329,0.03987369507559527,-0.04811172900613364,-0.09408447261747602
0.03254013310043128,-0.02776311448097512,-0.05828550014027886,-0.10854868780484522
0.03021225514150134,-0.08345778219319287,-0.050027215915104006,-0.11507070119149745
0.03228524025690184,-0.11128955442269628,-0.02688956881247384,-0.112828435790325
0.04180958078927185,-0.10425202873988865,0.0025459203182398374,-0.10215070476146088
0.060223200605331456,-0.06640735965109945,0.027826221793969694,-0.08452205976513347
0.08602783748757678,-0.011131037398418987,0.04040629116814401,-0.06251375245120297
0.11439856802055538,0.043826762589962584,0.03665785651395658,-0.039546711929849904
0.13805438204880527,0.08257902922054677,0.019007830570621567,-0.01941384952956941
0.14923922608916776,0.09632809220424644,-0.005189205666843652,-0.005582572946760785
0.142203596184224,0.08572246570178138,-0.026590262323103346,-0.0004222094000250719
0.11532102144790397,0.05962782016683916,-0.03748587457775449,-0.004590970132396885
0.0720349918470782,0.03097197558889988,-0.034729413243684296,-0.016817859169317828
0.02020460439093774,0.011402015939013008,-0.020871684887170006,-0.034208679583907615
-0.030025437413188888,0.006865508642009251,-0.00308527423139892,-0.05302402786666616
-0.06916629033418363,0.01577391828095797,0.009698756940256806,-0.06969240558323359
-0.09115792284010782,0.030325917637704723,0.010346429643958342,-0.08171466645109662
-0.09502639679534983,0.04030176747329415,-0.003582316840922235,-0.08814162051081911
-0.08485718780303131,0.037688946588604305,-0.028692963031582166,-0.08946555929156946
-0.0681079588827737,0.020228484024331875,-0.05680740999118566,-0.0870008192190656
-0.05287297623828405,-0.007531727142219641,-0.07782447918074815,-0.08204258218919361
-0.045079380609103735,-0.0360443086916688,-0.08334156050190937,-0.0751927649543805
-0.046605497867291505,-0.05463368200539101,-0.06971940397096373,-0.06617587627498145
-0.05495931420124084,-0.05581935780215397,-0.03949110396496406,-0.05425345540252089
-0.06457294808036149,-0.03833149896236618,-0.0006322308051078408,-0.039066537756840776
-0.06917463161508575,-0.007622920682366981,0.03601504551069919,-0.021509711674876062
-0.0643154286160206,0.02628415460560432,0.06022436555646284,-0.004172275452226544
-0.04909533616173601,0.05269933285151149,0.06554921948551654,0.008983313050056478
-0.026460244175163006,0.06430804793533001,0.05110945855977706,0.013736587950732777
-0.001998914598357257,0.05972710684120982,0.021477785459319693,0.007197612014038131
0.01825724013597315,0.04357654282719449,-0.015162336114953157,-0.010710568749576467
0.030157808720091626,0.024103435460665713,-0.04982605190799068,-0.036504058342497626
0.032976859306083614,0.009396161359375856,-0.07546572083317497,-0.0635504370348342
0.029590156246546883,0.003795552364095251,-0.08871811481365076,-0.08366966552743602
0.025237774102687294,0.006015839329632037,-0.09018061831896987,-0.08950098172828126
0.025371733704775863,0.009775533835340557,-0.08331458893502325,-0.07688104945447242
0.033435439728511526,0.006698652785879389,-0.07256284815576242,-0.04640315670033632
0.049437372199838084,-0.009697968635186946,-0.06149185878342345,-0.0035553114086832732
0.06986470426766839,-0.040583485278023974,-0.05166477726250095,0.04270069407519601
0.08896052303326613,-0.08041286692817565,-0.04258664726198273,0.08250755856905884
0.10086542505802207,-0.11821837395123524,-0.03260028464440226,0.10802759847513227
0.10180154445097495,-0.1412038824777637,-0.02023930696117522,0.1157341882725682
0.09147468258369794,-0.13933783239108632,-0.00540202044264879,0.10731620400608112
0.07318231662178303,-0.10922854355709101,0.010165434598650769,0.08890137613045586
0.052614882142571595,-0.05581534719485689,0.023266699787047977,0.06887909015964437
0.03582857782013589,0.008781876224129744,0.0303485952911578,0.055076783607209065
0.027162257494077933,0.06886204473473322,0.028830895657158913,0.052247459242965505
0.027862230749553463,0.10991305397985156,0.01814132947095457,0.060690101311927674
0.03588094747418103,0.12288657383917241,6.844158224378338e-05,0.07640628635253169
0.04685408416059459,0.10655146481011118,-0.021670583503226735,0.09265370651564037
0.055819976160772895,0.06725313452170092,-0.042450397269631866,0.10229024122683567
0.05899486543380737,0.01636414353647982,-0.05795542784971068,0.10007518241426458
0.05494492678166619,-0.033499604357038186,-0.06518241144851322,0.0841760029027373
0.04477624532759106,-0.07209209214304757,-0.06295369031679082,0.05647023340240358
0.03137276677593864,-0.09379723026542658,-0.05189034764818579,0.021688827972985984
0.018080230129475128,-0.0980000522877177,-0.03399628314605625,-0.01415864021426716
0.007416252130192976,-0.08781572415146682,-0.012101482125764645,-0.045447864370505436
0.0003203855007708964,-0.06801576226178838,0.010622411456758567,-0.06813266177583904
-0.0038148761154248737,-0.0431679212727189,0.030990953805290287,-0.0801803834302774
-0.006445063988731851,-0.016729003965919354,0.046040735283449555,-0.08131076416001003
-0.008900668086207292,0.008745241952876948,0.05330380189554357,-0.07236891097315225
-0.011625436917788156,0.030705019517130124,0.051221148908872985,-0.05474816688066036
-0.013981573639255684,0.04580083658405894,0.03966229063325242,-0.03015853283665897
-0.014691240353998547,0.049879089973345385,0.020363739492238738,-0.0007826554483122677
-0.012673199751259724,0.039056053873450645,-0.0029861501574439953,0.0303972109645207
-0.007838995565155965,0.011544895247510449,-0.0252390869390685,0.059454037604655584
-0.001423021582895763,-0.030576775956555533,-0.040889593463943164,0.08185032903044376
0.004367485591966782,-0.08060483700384506,-0.045559619401142754,0.09332393348051748
0.007275854963519027,-0.12809134847248463,-0.03741125171960463,0.09110295259228032
0.006099730987266461,-0.16137124903593758,-0.01795912960977921,0.07500246124972151
0.0014616219277365262,-0.17101875921083126,0.00811046744836051,0.04791372477087169
-0.004159734025101523,-0.1530377870210512,0.034186640047151676,0.015373766586879587
-0.007243928648177619,-0.11056330157032046,0.053723088143815934,-0.01576072277801425
-0.004627257781607538,-0.053318592579482134,0.062326314909836505,-0.03915060410165823
0.0050579468000209946,0.005126710778604111,0.05919620234484298,-0.050706596406432373
0.020511802667507878,0.051427632172882196,0.04734882728880234,-0.04960466441009127
0.03788274234707449,0.0764707303467792,0.03246435974408278,-0.038223530497079085
0.05191242140401723,0.077918944143608,0.020710580138168237,-0.0210487478625412
0.05773369925278155,0.06042304442925887,0.01630450241270603,-0.002985724095456388
0.05266008961438323,0.03348824324037131,0.019724184087849088,0.012250421065452249
0.037274844815046934,0.0078452157593639,0.027294664659913398,0.023045758081500896
0.01537511637229631,-0.008298449545685538,0.03239691181797473,0.029781091942755897
-0.00723999799046467,-0.011760162975394048,0.027950768760199217,0.03383130051553197
-0.024699605291846533,-0.0048065776753869055,0.009321800055141875,0.03618779703141508
-0.03298770054357186,0.006490752138798149,-0.02340902015182062,0.036397745196065
-0.031143903140072694,0.01515444609102419,-0.06470235729777066,0.03238747713309117
-0.02130228597539549,0.016193727035934236,-0.10472738763551492,0.021350027625870543
-0.007593407309764721,0.008311289793170881,-0.13215375412515368,0.0013828830109853321
0.005615387621145065,-0.006188147826553293,-0.1376931066099728,-0.026829183685293696
0.015410822540703216,-0.023095970635810596,-0.11721686378631244,-0.05910276547051006
0.021269486815925054,-0.038712918844827374,-0.0733849607231061,-0.08819490048916896
0.024879375842991033,-0.05178807472853171,-0.015201979327436317,-0.10565833781677952
0.02896320658582034,-0.06402628973541362,0.04439490985946028,-0.104583849702909
0.03564538427450891,-0.07887192937585384,0.09215835358169217,-0.08226466393669513
0.045101575076581274,-0.09909138967579062,0.11821413449594662,-0.04173313560332358
0.05511225516835379,-0.12428684499072741,0.11865770823562309,0.008552527193999633
0.061754654264080264,-0.14960281912283419,0.09630150349761246,0.056953420051199195
0.06097127306740514,-0.16645558205697011,0.05943494598605144,0.09218649034169227
0.050357593213255926,-0.16527953575704896,0.01909969802482668,0.1069829838528302
0.03038913172249895,-0.13938017735499036,-0.014179851260817555,0.10057807882739983
0.0045195608016972075,-0.08839126830169697,-0.03317318659214641,0.07909431190766575
-0.021952401002004372,-0.019825264516946422,-0.03544184583580195,0.05359690007043422
-0.04382014994989899,0.052175247986035456,-0.023262047644568712,0.03642262943577746
-0.05791542034871238,0.11074217854019268,-0.002211048162995149,0.037013054905129794
-0.06422759633262323,0.1416388474617965,0.020948630187539972,0.058680531201119365
-0.06567882524192115,0.13820020570592753,0.040321512848987134,0.09742217761229997
-0.06659703516236538,0.10400262285308731,0.05224951058557939,0.14318173682574248
-0.07050182428814841,0.0521356836502966,0.05571950531698089,0.18310181601034037
-0.07815986981086703,0.0011405436958849685,0.05190761165796896,0.20562171949290742
-0.08681705145652718,-0.031096595394185515,0.043235736326783514,0.20400740265877143
-0.09107010787673489,-0.0334122083643808,0.0323997590869558,0.1781415039707545
-0.0851634913925553,-0.005255686768270405,0.02171798383878454,0.13405472082276831
-0.06585664008100664,0.043011830555099786,0.012919821990390618,0.08149635917288695
-0.034674110863822716,0.09357134988936622,0.007263282775220967,0.030518474239566006
0.0015133402131519086,0.1271857723118224,0.005737971271271333,-0.011658308370714375
0.032046139855362483,0.12973955841911736,0.00912464241014479,-0.04241137001734243
0.045816953275781974,0.09701822260872672,0.017818496043591047,-0.06359943775944725
0.035290399485470025,0.03609999356377189,0.03150196328063082,-0.07977597712276194
-0.0002748925155642047,-0.037063596999431105,0.04887888082381977,-0.09555405852884125
-0.05369890000242789,-0.10296652945992255,0.06768986899608553,-0.11320985003083595
-0.11145099255914176,-0.14487209882460575,0.08511157257057525,-0.1314533092371218
-0.1575544980993412,-0.153961456464579,0.0984548291400218,-0.14579453477050247
-0.17857641464715202,-0.13162015827032003,0.10590944062717329,-0.15030065939019763
-0.16799420345026594,-0.08824497532954792,0.1070208104792211,-0.14001846302156895
-0.12838812445141196,-0.03919095157392756,0.10266555208708457,-0.1131215585867895
-0.0706422114199123,0.0005675842077831755,0.09449330279728749,-0.07199005356035319
-0.010390677596095216,0.021148247361966938,0.08403823791308249,-0.02286338165748788
0.03706720733161213,0.02029308159612296,0.07187219976583069,0.02576061912390299
0.06161062194443316,0.003063358604161402,0.05719129119250983,0.06538303115539648
0.061221547970211565,-0.02090047678755779,0.038078442327047636,0.08965220079316369
0.0420218184811684,-0.041320788377256897,0.012416867948631151,0.09576101715954459
0.015513779216512306,-0.050885404202132944,-0.02085205130680111,0.08478383494633067
-0.005872938575964734,-0.047258432753286575,-0.060611883602757016,0.06103145593929944
-0.013241125922883387,-0.03297675958564075,-0.10307718534078408,0.030788656769197065
-0.004062388737381642,-0.013567583333194024,-0.1422090121516272,0.0008903987601916082
0.017569883385965507,0.005132757204672586,-0.17100648262584833,-0.0225062143715379
0.043214084906710165,0.01928035549891328,-0.18331546269260765,-0.03479932520075535
0.06385559628758161,0.028058026066662172,-0.17558870682435618,-0.03349760843354696
0.07361351213986411,0.03317872538006261,-0.14802432746006094,-0.018553253303583872
0.07189245149080162,0.03727321591906842,-0.10470599034318859,0.007488188824858889
0.06316398074258696,0.042026887918932124,-0.05269595592333412,0.0396129540115245
0.054548296959345086,0.046978563284053365,-0.0003697212782206496,0.07092413654288324
0.05227274070014867,0.04954267154801171,0.04449331868234303,0.09383100281113826
0.058546860309446155,0.04623432068329861,0.07631033552323095,0.10178574844741423
0.07022761929806787,0.03452293085821599,0.09258373425902824,0.09121585087188212
0.07991673404808111,0.014451522589637455,0.09394339029546128,0.06304980465983846
0.07912495330952066,-0.010746648865505842,0.08348476813364229,0.023178068207947947
0.0622577789864978,-0.03537190760082437,0.06572767814516371,-0.01858427320866314
0.029780079382324666,-0.053082300071276484,0.045553174780457215,-0.05099256330303007
-0.010827756410537511,-0.05910043840807635,0.0273712611405309,-0.06471569435320149
-0.046888989670764956,-0.05191059117333508,0.014598789409913583,-0.055480114672233724
-0.06461742282641766,-0.033754255056217805,0.009376755175440885,-0.02586987457908325
-0.05405178256819619,-0.009723242924999794,0.012399652500551,0.015024180455176603
-0.013025500703534273,0.014176035428748231,0.02278378084410715,0.0542126975091054
0.0513495568099908,0.03319507432005944,0.0380229118962363,0.07895054888251114
0.12433329215593462,0.04537232913448938,0.054186334710164985,0.08104604620930256
0.18785690115237472,0.05181636056496504,0.06652626525280886,0.05978318492772166
0.22602037407067116,0.055667928601253594,0.07054366589609272,0.02229638486505406
0.22989840799714104,0.06022300674851288,0.06334602158825196,-0.018891474473578772
0.20001800688156124,0.06705350350605838,0.044909757248384224,-0.05040567014250383
0.145716378810284,0.07496646375041392,0.01874837291564507,-0.06303215660543623
0.08170551391008139,0.0802918439340996,-0.008430274056438803,-0.055326334804199816
0.02314242916023323,0.07842620933942845,-0.028207743438795774,-0.034362095358420955
-0.01902401515795868,0.06601577236886529,-0.03280051757422031,-0.013177365867934679
-0.04084749760364642,0.04286216636646786,-0.017604653379396512,-0.005719775298261282
-0.0454947578000489,0.01270585563403432,0.016917044218792667,-0.021111024779104693
-0.04086984557561464,-0.017536866049241238,0.06475771320509183,-0.059424785302488764
-0.03584474069856187,-0.039900085376641616,0.11564603507973156,-0.11072709117161406
-0.036625779832993165,-0.048120702586868465,0.15784071795950505,-0.15798364999436684
-0.044619998089692914,-0.04000034001284217,0.1816288085829778,-0.18299422471451685
-0.056490005682847226,-0.018468170774318036,0.1823860204708398,-0.17330531940549776
-0.06618468268910493,0.009105216516869451,0.1621131014033148,-0.12755120839309203
-0.06796579867139316,0.03315726770513952,0.12881912577734522,-0.05710597605726717
-0.0591109469622092,0.044989349163526864,0.0938442349022183,0.01682154758750324
-0.04117555499572812,0.039579848032878964,0.06795423010117244,0.06988251757221187
-0.019338529548713485,0.017197533637544768,0.05752644605715805,0.08287581396916036
-0.00016506521588113485,-0.016706417473563398,0.06218553542066674,0.04874692168690535
0.01123277445412204,-0.05324016703087797,0.07479826437886941,-0.024245892359242946
0.013426135322757077,-0.08280493137726316,0.08393533929956895,-0.11447170664727453
0.009344992195668235,-0.09787872760632563,0.07802926247410326,-0.19348138267924309
0.005099430602558207,-0.09495736087828457,0.049815497868008034,-0.23505162630957357
0.007404928800534963,-0.07511829196969498,-0.0005178043494993238,-0.22368516384752637
0.020637333062988705,-0.04318786295338437,-0.06465120776943671,-0.15968406130064436
0.04469867132444305,-0.005962845585564459,-0.12827603775238855,-0.05907739400135432
0.0745647280415878,0.029805196756599896,-0.17542484371182177,0.05155004129081103
0.10173893003326576,0.05898327757226034,-0.19357121392870474,0.14354321495365724
0.117111000342616,0.07878119923460854,-0.17777333950085206,0.19509619340708978
0.11419236505169046,0.08860219738207309,-0.13242887761649275,0.19764913692757582
0.09156678608331087,0.08932434498337556,-0.07000855095382966,0.15775587552036854
0.0536906283296078,0.08246703126197188,-0.0071672074014770696,0.09402616607470608
0.009775510858498374,0.06962985670491861,0.04046735872661035,0.03042934558012584
-0.028846684245807153,0.05236484858014159,0.06307382324586504,-0.011597207990411515
-0.05198530612293821,0.03237822048620588,0.05938612600812505,-0.019546152726277893
-0.05343545407984221,0.011782583966898727,0.036522351578616614,0.007237787096992984
-0.03257376972092117,-0.0068884463683702365,0.007017847943784629,0.05874408363607876
0.005660558020566064,-0.021039671326348503,-0.015852949795138332,0.1187543259969132
0.05223672095614283,-0.02865441386888526,-0.022810178929200564,0.1706868761605913
0.09639029784221692,-0.028932986328158977,-0.011714977846097346,0.20266623929326502
0.12814514789000941,-0.022597971532351963,0.011929307125505644,0.2101895012325719
0.1403693539688892,-0.011657663382240412,0.03723657527023753,0.19584008646227719
0.12999294322186633,0.0013367655359413366,0.052108997796606965,0.16666471635052005
0.0983053545514981,0.014251629430621415,0.047820916504675265,0.13062644038208499
0.05046149771663109,0.02612138235069083,0.022401212167716258,0.09369642935402656
-0.005589658148561431,0.037316098744623744,-0.01835518435319687,0.05864874264172311
-0.060552406149458685,0.04899136222613785,-0.0625794662709966,0.02573626174418641
-0.10544197489608727,0.06201653629963701,-0.09612974155185372,-0.005445089691019794
-0.13327771821651646,0.07585507538204608,-0.10720718559937994,-0.03408112108577448
-0.14056339150438046,0.08796247903768042,-0.09025505767070599,-0.05734029658695021
-0.12821460588747555,0.09411175846717999,-0.04788924196332345,-0.07114094633624368
-0.10157319797334267,0.0896948156432609,0.009709086507614019,-0.07215712299634314
-0.06927936081361022,0.07161669242881429,0.0676749418757409,-0.060073507686238925
-0.041072248409597,0.04007685371473156,0.11065261635831805,-0.038897018995398706
-0.024983945246586137,-0.0005334958094415053,0.1269937814343679,-0.016488780772302074
-0.024729467418556295,-0.04214206910161803,0.11174863011766925,-0.0022477409221658
-0.03820802659892146,-0.07494861713160543,0.06770076310595557,-0.00372513886142194
-0.057809655814507366,-0.09029721202190139,0.004340064839368128,-0.023502848934838644
-0.07268212841004218,-0.08353386665446288,-0.06473529378370678,-0.05767180995801872
-0.07241283482778635,-0.05582553197280053,-0.12513064212460967,-0.09667306201378134
-0.05097311808457391,-0.01420619508751338,-0.16476971045256844,-0.12833397229498963
-0.009516361308384128,0.03029889334414178,-0.17612351058315417,-0.14202580953230098
0.04313097149847012,0.06594156560630385,-0.15723480496437384,-0.1323682273798766
0.0927236155814312,0.08385975918542221,-0.11158482144102047,-0.10103524844090168
0.12406128195129,0.08080971742516262,-0.04708778972756239,-0.05594309140908141
0.12624907088982948,0.06007082892118233,0.02543270213134147,-0.00813982524658969
0.09690946041307746,0.03018894479741678,0.09399681652778061,0.03235121223339643
0.04372187201057232,0.0019745603718940314,0.1472734873529632,0.060046721884748334
-0.017485842404502086,-0.015213073085477747,0.17632742010829422,0.07544424322405954
-0.06766414747224005,-0.016611175453637685,0.17617684425128138,0.08381188467079823
-0.09092240079539632,-0.0035463267309132525,0.1469407632097309,0.09186929516994367
-0.08016678976597716,0.017217791777015587,0.09426974696770951,0.10382361412830934
-0.03993835462849839,0.036008633611635574,0.028763911389428604,0.11855531888536645
0.014702909911090476,0.043721213008819995,-0.03575875765754874,0.12932820580073576
0.0630303490943046,0.03499772482727958,-0.08498415600685794,0.1263692313126159
0.08566837150364465,0.010001113345203478,-0.10730789978500627,0.10142903817591287
0.07137021383046184,-0.02579372237040759,-0.09675477501683105,0.05249665351119912
0.021161368778379458,-0.06363865608776173,-0.05478312320431751,-0.0133931969576309
-0.05166699743819495,-0.0945749857397642,0.009644450328548663,-0.08071733270089335
-0.12578382667879168,-0.11237463031683648,0.08189856030910153,-0.12959596463346634
-0.1788361095232173,-0.11530766202825762,0.14505261332204877,-0.14228422039213212
-0.19483249623512716,-0.10616452371025568,0.18393119041246458,-0.10976381638025087
-0.16933385606219403,-0.0906396786442503,0.18874813825852413,-0.03594476507451004
-0.11067994446684021,-0.07479894237105353,0.15734288129739296,0.06229596739427584
-0.03690164595643232,-0.06267282422289897,0.09543295642306003,0.15957680866029827
0.03050142992465946,-0.054926331734941124,0.014890707288913752,0.2296751319961886
0.07365942632752592,-0.049094446847935194,-0.06937355133310247,0.25386299636717624
0.08381034110554565,-0.04122596238871222,-0.14297096786744895,0.2270404087481967
0.06333578980210604,-0.02820087418615518,-0.19503774461614046,0.15948386785142998
0.023848459667664947,-0.009704841888410712,-0.21995732287380823,0.07352738673489054
-0.018723845906752374,0.011029397095890073,-0.21755455156401743,-0.0037361026263710816
-0.05007333234061602,0.02811499694726828,-0.19201762660044128,-0.049246068829298544
-0.0622312989033084,0.035275319467493405,-0.1501490822474787,-0.05125485827121569
-0.055439208024199264,0.02863406545257891,-0.09962600189303614,-0.01264678944620932
-0.036732919397474854,0.008915433850008633,-0.04776234002059719,0.05073737327801292
-0.016099562505240004,-0.017904492856660112,-0.0009186992157618201,0.11604254833158287
-0.0019587673267566445,-0.04191552395129962,0.035638339988656814,0.16141477024645823
0.0021299934002414426,-0.05225283430121359,0.0578107874961354,0.17324872571911348
-0.0017436211489766547,-0.04078190634052743,0.06301142420510836,0.1502078079493295
-0.0077133305736286645,-0.005208952751266335,0.05085340196708373,0.10279905872397702
-0.00968442372250379,0.049530519511176783,0.023936032580573415,0.04890892554403573
-0.0048759012816828925,0.11219712223358269,-0.011763683533422557,0.007108440942995643
0.004293085950281869,0.1682907606596605,-0.04739455208199872,-0.009780806507864349
0.010884821225842502,0.20427216502421813,-0.07286996482518537,0.0013804464525135444
0.006476121935594576,0.21159236868719575,-0.07943005537455611,0.033813066411924865
-0.014719335837609412,0.18919980009105666,-0.0624474505873083,0.07406470930035422
-0.05242459158215178,0.1436980210002243,-0.023519025001259013,0.10728442879111798
-0.099129440814306,0.08712058774047395,0.029050825462472354,0.12246011483201621
-0.14184936285134547,0.03309536020084579,0.08183855732622536,0.1157464428930362
-0.16629282475037035,-0.007294440862360006,0.11974505973360858,0.09088479776135058
-0.1619066527789213,-0.02856861103881066,0.1303831984720686,0.05688990896272772
-0.12586019107185947,-0.03185053035552424,0.10805235449685831,0.024180367104213625
-0.06439666117567203,-0.023575049256101363,0.05594101857281729,0.0007887604918922694
0.009015203050962994,-0.012480457547234442,-0.014315791270603053,-0.009933392832688865
0.07805493593200974,-0.006051990997130396,-0.08575973309151608,-0.009458071638751852
0.1287968024065887,-0.007744352043542416,-0.1410355543835115,-0.002359119263128996
0.15385582921579033,-0.015986251370962618,-0.16757954805995506,0.006251064313055273
0.15392720462862938,-0.02528251543289787,-0.1613677338146961,0.012872379059440692
0.13627622037339462,-0.02893195061050271,-0.12794777473430846,0.01643504553657095
0.11096137744213683,-0.022265214096887767,-0.08036841427376712,0.017584498576340812
0.08645964106901297,-0.005103561641825313,-0.03467585232586841,0.01700198710149195
0.06654758265819691,0.017575554226903836,-0.0044979960270794955,0.013800249976708666
0.049701421241473406,0.03710737742649673,0.003425267113259153,0.004996471446885399
0.031160110364873712,0.04426901664782541,-0.00878024632393815,-0.013462845105794707
0.0066176176356040305,0.03293712507896483,-0.031317268950321206,-0.04443341527825389
-0.02422807315047276,0.002890717878182146,-0.050641319066258496,-0.08705599759527397
-0.05601980203316494,-0.03936638081449369,-0.05469386231794161,-0.13525729188149288
-0.07894086861885931,-0.0822028757181206,-0.03754314822361035,-0.17824570189001104
-0.08248883216289457,-0.1124422261781008,-0.0017330668742710914,-0.2032174119129458
-0.06036344970645843,-0.11974701651900269,0.04253759536964788,-0.19955231636417847
-0.014395047584575514,-0.10027795890020835,0.08112943786842906,-0.16305376773399222
0.04432472861629169,-0.05829571624631237,0.10122452802607891,-0.09858706781032892
0.09792269150149971,-0.00505524759396586,0.09619802096626348,-0.019914659520336206
0.12722126826118504,0.0447215242925767,0.06827182642081309,0.05352711792788481
0.11834045903669302,0.07764660875736251,0.0279097255786733,0.10205784202311785
0.0679789693989771,0.08611327605379077,-0.009899395426559755,0.11168858071323584
-0.014698691080927051,0.07084621011097884,-0.03116419190617289,0.0786015201284409
-0.1104382164621271,0.04063921305648215,-0.02820892229254121,0.010651156559618118
-0.19581830606982303,0.009326466460014726,-0.0027960123904509325,-0.074647378578036
-0.25065162775179217,-0.009006014213494937,0.034184613040172736,-0.1549982470609374
-0.26421175964330423,-0.0049402814206508106,0.06646896523939819,-0.20948626147875724
-0.23806065968879125,0.022911351455257446,0.07835913654868154,-0.22406250598161948
-0.1845341011254152,0.06726413520082901,0.06075165432952997,-0.19471549435802504
-0.12158716562791008,0.11446804086255935,0.01505249686785361,-0.1275555119417523
-0.06606604282332318,0.14897979026695293,-0.046531884827126974,-0.03611559975163526
-0.028020089787352827,0.1584755232509013,-0.10458475879363642,0.06294356814415816
-0.008184482503845816,0.13787201693642592,-0.13882999376610503,0.15415511912274343
0.0005563010413977346,0.09091778612637261,-0.1351112108209967,0.22624499573895113
0.008540548341822041,0.02886653678808184,-0.0905873213401037,0.27314975222592053
0.023631362762749554,-0.033249824941378195,-0.015295807904323146,0.29324513250532547
0.04695477665591316,-0.08142798460659059,0.07054672775178537,0.28763776462193574
0.07195469505438934,-0.10693504360388412,0.14268507930212226,0.2585901681345061
0.08723230858602782,-0.10859812176211427,0.18040475788037924,0.20886975945733377
0.08200949439024961,-0.09248605234309344,0.1730499250119733,0.14219262965210516
0.05188120540642699,-0.06925817001333727,0.12333582348867919,0.06426900704745618
0.0022955553522777793,-0.05024583837986232,0.04639396573917591,-0.016442945120573843
-0.05196055442276193,-0.04370473159510936,-0.03508256397176723,-0.08911727998802405
-0.09140234428195472,-0.052513293760316354,-0.09794560624070561,-0.1424260336692838
-0.09903294960161871,-0.07397911526316156,-0.12560473081355714,-0.1675193689309214
-0.06734824031304501,-0.10159810823092513,-0.1127099763795143,-0.1611105583180406
-0.0023415546261062858,-0.1279059867131086,-0.06612156091331006,-0.1273965886481278
0.07728092559227458,-0.1472284030355349,-0.0020629560974020113,-0.0778102637301654
0.14568476597475397,-0.15728414313759823,0.05939570467292994,-0.028321641643478036
0.17845519703036447,-0.15914432084308305,0.1005812977619336,0.005076289740770486
0.16107765538339738,-0.15576499106741107,0.11115323895837328,0.011306604728035123
0.09425793191139582,-0.14989776634761914,0.09029528794826552,-0.012104146529461702
-0.0058983653407159685,-0.14240776075411987,0.04576607716246363,-0.057941200815715986
-0.11295364425469134,-0.13180632817578497,-0.00950686599177072,-0.11132706636915947
-0.1986386287575761,-0.1152366997178746,-0.061862939542941364,-0.15429671103890408
-0.24173598536195265,-0.09047528541784061,-0.10078173083298209,-0.17145710688586874
-0.23421996170064496,-0.0580161517259893,-0.12102030360915872,-0.15485994280980345
-0.18262191759117313,-0.022205352401109272,-0.12263617888580244,-0.10646573331612945
-0.10442670045235834,0.009260379145434025,-0.10935429147838982,-0.03739882021109729
-0.021156898953803478,0.02749025567223368,-0.08628854257800181,0.035707124105558034
0.04904784110367824,0.025513417652963877,-0.058105040618534894,0.09598848986168373
0.09653398780752367,0.0011793729067446357,-0.02832542237280577,0.1314507531720074
0.12119414044896795,-0.0413469186817469,0.00018607133309852912,0.13820235888461202
0.1295009458287402,-0.09222447915238732,0.02412922641176477,0.12084279784664191
0.12920073265959423,-0.13865563316635668,0.03895888490104155,0.09004563447302212
0.12426551206695101,-0.16882309319028493,0.039120158028845935,0.05834290244660054
0.11249091365074024,-0.17566964157394466,0.019569509267836627,0.03568595993282643
0.08688850097830539,-0.15913985145576456,-0.021855932918248163,0.026343162042588394
0.04027570518770536,-0.1260264867967617,-0.08219742761252682,0.028127280586477385
-0.029047816203383484,-0.08743101673387255,-0.15238507221834974,0.03405401373000508
-0.11328119900928416,-0.054734236444842904,-0.21828054063627914,0.03565264959206675
-0.1949594283542059,-0.03553977070407478,-0.26380736395444926,0.026597135549797094
-0.25130982972075344,-0.03107695599481563,-0.27538567719846985,0.005283547084656396
-0.2618709346521068,-0.036012332418065215,-0.24627057176408526,-0.02456183556302591
-0.21659592390775595,-0.040718757049207285,-0.1792603259475757,-0.05539115569666411
-0.12119150336475748,-0.03512847998007973,-0.08668029372723751,-0.07882142160562594
0.0027321265474379366,-0.012704252224169205,0.012571025773658068,-0.08894001844160142
0.12327133335068932,0.02697087420659511,0.09811249043466252,-0.0846910015750766
0.20797881129905132,0.07794479992316686,0.1537287818617522,-0.07047226532676568
0.23445269672401695,0.1300433855317827,0.17175399467282335,-0.054738107359595604
0.1979731710528901,0.17254757069998605,0.15476240767545618,-0.04711411281200371
0.11332485468879078,0.1979565455201423,0.11404435919891451,-0.05504072651184369
0.009982772604705708,0.20438122949668458,0.06544296428400062,-0.0811024223879182
-0.07775936539521866,0.19567100173438828,0.024023255441640433,-0.12194174690840293
-0.12227863714321288,0.17928547788433455,-0.0005841643325124983,-0.16910933719981242
-0.11167787808188223,0.16282334117113884,-0.00661009754275178,-0.21155995099956432
-0.05323234332975908,0.15065489525677087,0.00037392237830193714,-0.23898490363057023
0.02989857592562566,0.1420600068037029,0.010565634909205885,-0.2449319813495513
0.10737106201663407,0.1316629210768147,0.014351882367654403,-0.22876194110839
0.15250902740639954,0.1120193851790269,0.00632773318355264,-0.1958731402200581
0.15134803122159346,0.07732106414696145,-0.012586244184080927,-0.1561576646933246
0.10668891723534529,0.026695014812440288,-0.03566846960071475,-0.12116667907538545
0.03592112107133044,-0.034306347038469694,-0.05328177448216816,-0.10081395127891316
-0.03627352803154221,-0.09474314158066278,-0.05694381313542242,-0.10054918062144443
-0.08736404928857062,-0.14158056267283542,-0.04297024044616629,-0.11977733683296182
-0.10491103726599732,-0.164054749010295,-0.014258370080074143,-0.15194539869141727
-0.09009061389663861,-0.15746836521994068,0.02050017933525147,-0.18626673551627873
-0.055714753433536296,-0.12494763625304338,0.04990483409801257,-0.21062326037704784
-0.01984502710201808,-0.07644863382187553,0.06408088625041067,-0.21488035232065889
0.0022212568584849576,-0.02535011906381783,0.058476251637396365,-0.19373959149755413
0.004278463055170044,0.016094534095169533,0.03579034346838629,-0.14836430969144637
-0.008665905651243713,0.04072228562075906,0.0052948784349341575,-0.08631845778919504
-0.02321463705076989,0.0483354217313518,-0.020234379282789705,-0.01979075654178875
-0.024048669139838358,0.044790796613093625,-0.02888608636152609,0.037469424974856586
-0.0012592458661963108,0.03870280535148651,-0.013732454140121565,0.0737166864728904
0.04457021570095312,0.037112749235940656,0.0247399536018088,0.08232102801461193
0.10171323669250973,0.041910474404497786,0.07869791393837428,0.0635612447682425
0.1514424575960226,0.04852676718675693,0.13543431092906005,0.024572491134563335
0.17535782255010424,0.0475373678838245,0.18131309030197562,-0.022574072738493784
0.16296498511125276,0.02866232100141944,0.20578328416890324,-0.06414520485260691
0.11641361928538731,-0.014345915410769797,0.20411619367172124,-0.08845146805400783
0.050390895102369146,-0.0798648263841064,0.17806073061093006,-0.0889180921807316
-0.012935451232619842,-0.15724569048064413,0.13441351497012882,-0.06562943233250013
-0.0520664253377414,-0.22901920949247445,0.08225022650455535,-0.024911350808495464
-0.05430306409944807,-0.27589627756124746,0.029982637251652303,0.02288343037158685
-0.020705005413197947,-0.28291977006190383,-0.01665053144007176,0.06666603991695302
0.03409105797151434,-0.2446246054532283,-0.055035188089334004,0.09792874317925485
0.0871993699716499,-0.16734131676056258,-0.08465364342680312,0.11305005832871673
0.11599012086010876,-0.06774292454544417,-0.1052834759578392,0.11389829473222296
0.10657528187101918,0.031959657087168795,-0.11543438289292192,0.10661553347177954
0.05907319657190458,0.11059523510811595,-0.1118952511903686,0.09906364100343336
-0.01233575219007042,0.15418839193799005,-0.09074451977235551,0.09783779663800396
-0.08458463469501727,0.15966012929644047,-0.04949264038397087,0.10586004357321838
-0.13418512935214802,0.13491226060025613,0.010541290974831051,0.12132746846701493
-0.1458231083847114,0.09539808624001668,0.08272781989344397,0.13830085774820128
-0.1179048081821446,0.058478232120544135,0.1553656537300432,0.14866010024663057
-0.06304069095990067,0.037566649921757046,0.21390655648872425,0.14472032017168907
-0.0033504519709909152,0.0380521327747555,0.24464759076269388,0.1216404573922013
0.03762502342786161,0.05626804454605069,0.2387529826412524,0.07890038792878079
0.043418773952502474,0.08165807115760411,0.19523977590997016,0.0204956820556983
0.010481515539379253,0.1011667433419457,0.12182613041597071,-0.0460557126604866
-0.050638365823761716,0.10416830394148517,0.033218536908044514,-0.1114525172290167
-0.11905240303041328,0.08617026284532733,-0.052730139536160486,-0.16651608887516983
-0.1707366624420088,0.05008095575654234,-0.1198295648267538,-0.20377716735610696
-0.1865494312017068,0.004778530167179405,-0.157822288621246,-0.2185000504776136
-0.15829006760268907,-0.0383029777161806,-0.16477841993161585,-0.20915998790068693
-0.09088515596486824,-0.06920102389269309,-0.146900357553312,-0.17754066827091286
-0.0002638735540707437,-0.08258166752306878,-0.11588320622679829,-0.12860467117792948
0.09200451182076735,-0.0789729226361301,-0.08477475667768856,-0.07014660798172015
0.16524480632859173,-0.06380162783276794,-0.06374245756604655,-0.012076430717461104
0.20515516199246683,-0.04478328286097551,-0.057132021054430694,0.03487257541315595
0.20665208690910253,-0.028774702858452902,-0.06271350673514514,0.06108150986916043
0.17362737304978015,-0.0193116731443446,-0.07323671925856631,0.06039592337808139
0.11628779917595905,-0.015708808803956052,-0.07963217227952257,0.03230457766893635
0.047445057889562714,-0.013954941073632765,-0.07466518702116665,-0.016854337227022544
-0.020817283439708064,-0.008950188638644298,-0.05574946532503044,-0.0743888008203524
-0.07917724918076255,0.0028473666344288216,-0.025970235067853276,-0.12376409666264737
-0.1216545210863717,0.02140910145480965,0.006979453564721853,-0.14877727715566796
-0.1452395565414361,0.04253163396345963,0.03351754499687068,-0.13835111500666697
-0.14933459726147935,0.05888586830107797,0.04556230827865343,-0.09046603937433881
-0.13556352014165457,0.06237596502005177,0.03940916076330918,-0.01378850705699437
-0.10799658668744756,0.04702060491085682,0.01711924743728414,0.07386276100705969
-0.07332597037197655,0.011403541012467353,-0.014030134494285338,0.1500870623630494
-0.040317392687311576,-0.04011582806883127,-0.04382757144089851,0.19431615782168055
-0.01809800596455651,-0.09785860318190102,-0.06237272980523259,0.19412099893785317
-0.013438203077454207,-0.1488880869469519,-0.06322341245225241,0.14932195375343396
-0.027865120362945296,-0.18016783692951158,-0.04544405183385285,0.072410050637099
-0.05585520198156146,-0.18201153161384281,-0.01393194433594915,-0.015039827444938841
-0.0852312345710419,-0.15093470277453597,0.02204530466296263,-0.08891813250405375
-0.10019853689698723,-0.0911442931577626,0.051613889447822456,-0.12997676763591903
-0.08642057850740606,-0.014199747124879931,0.06549284365373409,-0.12959083630291957
-0.03656664856058292,0.06321348835292445,0.05866246284532426,-0.09191424042658711
0.045705608099040035,0.12301428813863513,0.031731912518875374,-0.031696371682009256
0.14507611092777786,0.150178702146587,-0.009349763780421246,0.031430279051817306
0.23791047207844102,0.13686812551415256,-0.05509620095756798,0.08009541336429471
0.29891375396919917,0.08513345568655442,-0.09522347266919326,0.1051310486072832
0.30907010919191835,0.007314354821985555,-0.12150379582368527,0.10809918647843027
0.26219265227743915,-0.07625638346602037,-0.12990972313535665,0.09947298406335574
0.16770202737197049,-0.14194783037903344,-0.12145958668524534,0.09319835535606583
0.04844825578252379,-0.1689102895559193,-0.10156741937365077,0.09979173993802118
-0.06591034809475073,-0.14498443538247507,-0.07813583981392452,0.12077080837157983
-0.14786632070392403,-0.07073071827664996,-0.058986360167684965,0.1467914973832141
-0.18036844756108267,0.039781665955338386,-0.0494016330123334,0.1604965080221713
-0.16165016225053302,0.16196443234532115,-0.0505112267492704,0.14325372567809097
-0.10494674114547639,0.26691905103848007,-0.05900029298017138,0.08336092132687278
-0.03325900605208141,0.3292584933006102,-0.06822954386884254,-0.017457172561561173
0.028933592537379687,0.3342953103272289,-0.07043476427463954,-0.14200139998196154
0.06404899170404355,0.2823768386717728,-0.0593446196546733,-0.26123272058230945
0.06692277379373812,0.18890245461080654,-0.0324148127300065,-0.3427516642381382
0.04560998062033585,0.07985001886067145,0.008027778155054935,-0.36140868470405263
0.017348141393645575,-0.015926432831644945,0.055124990799956385,-0.3083601135274724
0.001315822203234336,-0.07526783825369154,0.09926131292979788,-0.19522347888970631
0.010942071623511624,-0.08742780243983285,0.1307759275277399,-0.05156878131669447
0.04860798343521587,-0.056754369135104885,0.14280679448799566,0.08372106850533675
0.10462248594887927,-0.0004535070895720552,0.1333897794520441,0.1744894938136544
0.1607300859714999,0.05780694436652131,0.10613807480034837,0.19871820341496788
0.19673786640619184,0.09627297325406536,0.0692511526248507,0.15538922271260294
0.19775329859386445,0.10258525397870276,0.033122411348992895,0.06438004339820634
0.15939182679363262,0.07778837576651243,0.007266660077715552,-0.040626703273511186
0.08915949791403822,0.035499705143680754,-0.0024773710390584803,-0.12379058050338386
0.003689058800686584,-0.0034249211572261783,0.00441657401564031,-0.15927164026542912
-0.07696730094549681,-0.01879076724815791,0.02321257157074567,-0.13965852384649116
-0.13578173271902252,0.0013261453740803274,0.04563317726151999,-0.07773995706502945
-0.16359413743011425,0.05600803527283492,0.06268612965644868,-0.0010606419538858798
-0.16076778748726173,0.13160992769752516,0.06766253959656761,0.0587198266200476
-0.13536948493140266,0.2065032158334001,0.058309041599536066,0.0777847050283538
-0.0989118701742838,0.2587061453366186,0.03744917158748726,0.0490832114534156
-0.061536591187704714,0.2736107206020465,0.011851810090954713,-0.015035680433804917
-0.02857572389350832,0.248992481840061,-0.010257366748311784,-0.08745754590010243
0.00027475135174011116,0.19550234941245803,-0.022176355756981764,-0.13654448275804643
0.029084440189218106,0.13251360455827588,-0.021158195280894455,-0.13827226189839759
0.062152985437283946,0.08090983633379085,-0.00943498945144092,-0.08582732138205362
0.10048366440146421,0.05551355511860196,0.006540401345068718,0.006899767414451523
0.13987216455519122,0.05995646333450756,0.018390301957536968,0.10932802570778233
0.17149446056957743,0.08584784262941897,0.018859109396289046,0.18443242530343396
0.1848158668276298,0.11646739115449525,0.004550022293978679,0.20170633965551135
0.17167890313984915,0.13351064038526242,-0.022617700987720236,0.14831580384630388
0.1299423368369072,0.12428938660683572,-0.05577046171968508,0.03450473815393702
0.06521474933018229,0.0866568445933413,-0.0851789471481289,-0.10872357583618106
-0.010036211612592365,0.029828567025701656,-0.1014121531246744,-0.23896989841051391
-0.0797223392896364,-0.02914683557007002,-0.09849510871065485,-0.31575813302525507
-0.12858842789675087,-0.07185795135407086,-0.07600581697781457,-0.3133883401040441
-0.14635437520950978,-0.08543709614733389,-0.0393962299217291,-0.2290927543185145
-0.13021290405115044,-0.06727459643017775,0.001586363826057778,-0.08388591637741052
-0.0850189048500967,-0.02579541709642578,0.03586938156115496,0.08403333063708267
-0.02135977108492483,0.022909508116962334,0.05445002345693994,0.23102234948215666
0.04760849480556549,0.061213365514034945,0.05311621644059161,0.32097404275435637
0.1093898535761248,0.07643105169611311,0.033626215550187785,0.33539328726006956
0.15446418586141136,0.06515283549238152,0.0029920623930645793,0.27757378502036784
0.17724869418443046,0.033834500621217185,-0.028870997044217042,0.16995401422024192
0.17587733156785945,-0.0044553839848222535,-0.05235100118986376,0.04598633818037032
0.15139188691121117,-0.035716784026369325,-0.06117306589628391,-0.06048364252314871
0.10700311104918145,-0.05078154281818061,-0.05431761950692032,-0.12478349834479963
0.047800761927929064,-0.04882277331086467,-0.03625973804180682,-0.13705710770765245
-0.01916012940845733,-0.037215614107541053,-0.015504176006335968,-0.10268772577723029
-0.08484643558623073,-0.027847434501898825,-0.0019089377445517287,-0.038060153722616924
-0.13885557574213148,-0.031424304312927774,-0.0036291142972496486,0.03630516212156659
-0.17094821962868217,-0.05214861797503638,-0.024581417995930582,0.1025995004767062
-0.17332427532007616,-0.08501960257090417,-0.06312978669553224,0.15028561765697768
-0.14297068269938643,-0.11697943701850624,-0.11230778149400034,0.1772331179433369
-0.08316223404670581,-0.1315961684591647,-0.16145536590620388,0.18768992882681643
-0.0033465561876569625,-0.11554315125985146,-0.1987868471286664,0.18846961695542258
0.08282875306269538,-0.0643687023022351,-0.21421283355442067,0.18518618170961304
0.16088103513340324,0.014744477670301619,-0.2017389556135285,0.18005184505506155
0.21918947951676376,0.10442513163296302,-0.16092511170777013,0.17187382778928795
0.25175134085564127,0.18237716815878052,-0.09714124870829136,0.1578514887317657
0.2590155484611122,0.22862258253035111,-0.020622495668593803,0.13602317402624842
0.24651941034656094,0.23212137796820526,0.055450139345519345,0.10703373938565841
0.22190854826350817,0.1943810308643998,0.11746503015708261,0.07432463805639772
0.19157307939793433,0.1287747862049673,0.15403302836457736,0.04266725151177932
0.15830153485144743,0.05586065731555392,0.15830289114815344,0.01579006817227089
0.12094388866392167,-0.003566657637253806,0.12950132167614248,-0.005679109344223381
0.076230256062455,-0.03518841363898406,0.07335610759913228,-0.024833070386870923
0.021945968683787787,-0.035308326351240066,0.0012241459047647087,-0.04717423398141646
-0.039989712257302384,-0.01112392764712562,-0.07202360209424792,-0.07777347873196913
-0.10206276743462746,0.022727275169127484,-0.13103530385556722,-0.11806978976001686
-0.1522624722845471,0.049865778686605265,-0.16334437024929946,-0.16378315516268788
-0.1776507111034776,0.05792312832737415,-0.1623129420084731,-0.20508657212865467
-0.16923604877432769,0.04231188612944997,-0.12889259119290253,-0.22932742173964726
-0.12629859210669653,0.006878318041266768,-0.07164576871079868,-0.22552866131426702
-0.058323848392384,-0.038432776900163376,-0.004866493897716519,-0.1890627191545987
0.016540658049407082,-0.08166279498109554,0.054860331704142014,-0.12463516541507601
0.07634428263955656,-0.1129075899881676,0.09285233412783614,-0.04618662018521149
0.10206497007220516,-0.1268277989262353,0.10018013957145708,0.026615900630075857
0.0839527219841411,-0.12289330157122487,0.07608773664691745,0.07434911470636402
0.025207231284516907,-0.10370911962004847,0.028230863281757782,0.08430353617766351
-0.05845750610718138,-0.07258420438485705,-0.0294280988797423,0.05514881571641267
-0.1434076295097897,-0.03173506783159806,-0.08054716820394056,-0.0020146770788499347
-0.20541805012759085,0.01791730267405873,-0.11106384421677867,-0.06683169005449006
-0.2273105651721084,0.07528455464271419,-0.11323000671990649,-0.11622096856144959
-0.20432443062814093,0.1368369089006512,-0.0878053062694996,-0.13213517391002377
-0.1454057592203843,0.19491021806344516,-0.043714573068842945,-0.10788838450484917
-0.0700120859514006,0.23786811091504206,0.004765169924330834,-0.05077723346662999
-0.0015772648033517654,0.25263771206040664,0.042456433260898006,0.020063464871258443
0.04008817398425231,0.22904740613100688,0.05801195223755612,0.07999640822367346
0.04487556758510053,0.16443605549601792,0.047451558280132755,0.10735096476620264
0.014955581824088507,0.06661028065944812,0.015383882993468035,0.09116285000571242
-0.036842198246322025,-0.046381216992306795,-0.026492141026431118,0.03549439586255281
-0.09206312199187457,-0.15010909813319326,-0.06315085966321848,-0.0412437217832958
-0.13314887933204644,-0.2203402384143549,-0.08108332230913803,-0.11187054615967115
-0.1491147227463148,-0.24027636536625763,-0.07267383029323342,-0.14914281867916004
-0.13849290916763252,-0.20597481368274823,-0.03869425980789139,-0.13473558247340628
-0.10874067499856067,-0.12796162290903731,0.011908432706891906,-0.06551238597937328
-0.07261583464871778,-0.02830996258993962,0.06488963042955725,0.045015342211213165
-0.043058715286475105,0.0659576609752564,0.10534204519262988,0.17054987348602893
-0.028526255253940633,0.13096636758776198,0.12259753656266925,0.2799440397383234
-0.03039745973625072,0.15285867651892188,0.11379733909767084,0.3466408908096893
-0.04318272748559683,0.13114905378989156,0.08494194358575793,0.3565869724507571
-0.05719293432245455,0.07754637328824054,0.04903292354078723,0.3121415952139369
-0.06247122285008433,0.010858794543119783,0.021856839645647858,0.23085739808347122
-0.05245803728678497,-0.050023954875792365,0.01673428957756952,0.13968854141722248
-0.026123044507495984,-0.09246118066753309,0.03991400546941251,0.0666214344651773
0.012002422528210873,-0.11346643774855925,0.0881138364575131,0.03244970355476212
0.053633468237998035,-0.11914827808912967,0.1490502935014783,0.045219656795395385
0.08949999743085704,-0.12070003089194695,0.2048640014132918,0.09886569181640512
0.11199218975333355,-0.12875360482620804,0.23743602890524831,0.17611766687669772
0.1168395623005738,-0.14846406261815076,0.23398852015575716,0.2544011683128349
0.10350369131180462,-0.17729471559452692,0.19126117634447354,0.3126182825582282
0.0745146033560416,-0.20630282827483792,0.11698198614142884,0.33663277212528986
0.034319469558978626,-0.22426280301202506,0.028167931890509732,0.3219490485658616
-0.011776279387758649,-0.22279775239186572,-0.053259703227554536,0.27317750372541655
-0.05826346738769621,-0.20028936354203022,-0.10627509462379764,0.20099618975268674
-0.09973872756567857,-0.16285876097426388,-0.11630590122951902,0.11805546102816625
-0.13118948562011762,-0.1219444618370219,-0.07900967375417589,0.03540236322890017
-0.14858070169668955,-0.08944666928408693,-0.0012929701802730474,-0.03945978616957345
-0.14981615454249364,-0.07247074303976385,0.1005828950924713,-0.10258025734481743
-0.13577331256915282,-0.0699442500888151,0.20515082329511325,-0.15216829232310142
-0.11083348213108787,-0.0726845958364629,0.2909154331429902,-0.18683680136707048
-0.08233498995542808,-0.06711749195983141,0.34116098371997355,-0.20453165186990402
-0.05872579370468087,-0.04132891138688459,0.34722943794137895,-0.2027436160628233
-0.04677115367383032,0.008917136844122969,0.3096422255878073,-0.17990355691425913
-0.048734134650436106,0.07670735276622091,0.23707594697745452,-0.13723148138965807
-0.06071129074312298,0.14471340002253802,0.1437401539468282,-0.08002022383428842
-0.07308818942147599,0.1902363406425011,0.04600166666576555,-0.01751060755890642
-0.07338819844996985,0.19298960669733295,-0.04088905731240741,0.038913909756072555
-0.050846121121477184,0.14289315917631695,-0.10533173842291971,0.07875584262345006
-0.0012108895871582245,0.044976801262311766,-0.14085762220950804,0.09561675979569992
0.0700655310064882,-0.08060396015819471,-0.14654667814814698,0.08937245111495291
0.14775169877052052,-0.20375631003608952,-0.12655613940895896,0.06639428449677758
0.21038516177044353,-0.29330652950450753,-0.08898991059908315,0.03759246361699488
0.23664570044408678,-0.32663690799107503,-0.04430566739832356,0.014870795273302359
0.212593726339682,-0.29686505558076054,-0.0034157371811871003,0.007200850285101666
0.13727329231741048,-0.21511526164899464,0.024345749402683265,0.017698685141225107
0.024522296403680532,-0.10708339357673227,0.03312879065208856,0.042741761267442474
-0.09999468720576535,-0.005027822055527074,0.021972794692606733,0.0734220879664637
-0.20588887809795117,0.06215214978155356,-0.004713287285736004,0.09877465566124768
-0.26713619323301896,0.07749214679258631,-0.03792559052638768,0.10957618998701413
-0.2701802999764986,0.040461300936364006,-0.06615270055085462,0.10132577134133938
-0.21827615190221217,-0.03390759718313942,-0.07843588295954777,0.07536529541845488
-0.13049598241306534,-0.12071869785106784,-0.06766529479470158,0.03783687458638438
-0.03561766438202484,-0.1936342760333407,-0.03314068290418713,-0.0029849569299713347
0.037114878171477544,-0.233121009840046,0.018515533443376947,-0.03983702294424001
0.06726651252232198,-0.23186066608743808,0.0746118134369278,-0.06879657087679472
0.04940168409989814,-0.1957847737337289,0.1196846019180861,-0.08988716353311486
-0.0058546837242149895,-0.14076152642658096,0.14001962328688264,-0.10580323835924313
-0.07613609596497509,-0.0864112940238673,0.12807177311548484,-0.11940841181889328
-0.13540926408652146,-0.04936309943227059,0.08534777268568672,-0.13120465147509358
-0.16290436200916947,-0.038243713292035644,0.02268609739459784,-0.13801110089133417
-0.14977782424856123,-0.05188730308607367,-0.04236196119999419,-0.13360278037088436
-0.10128452968761653,-0.08101083306961275,-0.09041161911132181,-0.11122669477002255
-0.033913972112936334,-0.11239078105510053,-0.10595905754911422,-0.06706864704719093
0.031226457744322533,-0.13382184075040157,-0.08215096398559632,-0.0032375826097024614
0.07619315661213132,-0.1380617665058685,-0.023055814403397393,0.07110841146285213
0.09225348902582034,-0.1245296248263372,0.05735610856929772,0.1412414404851085
0.08207175728464677,-0.09846248532463245,0.13926212470673438,0.1907163931928277
0.05744756299351999,-0.06817289697003813,0.2028084003674091,0.20640660628463287
0.033728483735239664,-0.04164790711909306,0.23385438731092795,0.18297491047121278
0.023243981407305245,-0.02380887332041669,0.22781838580470037,0.12511448898008948
0.030394089922405252,-0.015338207329265253,0.1904457285443995,0.04661541972483452
0.05028650708614061,-0.013281552632236841,0.1353622117651929,-0.033574454340585355
0.07135636685458142,-0.012943010669288622,0.07935061650098277,-0.09702940090684656
0.08080345216257293,-0.010164987488054738,0.03701939167566219,-0.13133698165190488
0.07056705399067237,-0.0030540696516749176,0.016664567196803495,-0.13350159911073106
0.04135854766436957,0.007452809642966601,0.018620701233897703,-0.11009313358565391
0.0030559821024263457,0.018259555892053476,0.03644850964174973,-0.07414662785092596
-0.02877979880562625,0.025598728976784068,0.06027135091122917,-0.0400014819896177
-0.038954138795459656,0.02663677579960161,0.08083448289517985,-0.01801670001438169
-0.018894926637255435,0.020524483999565843,0.09268914710408532,-0.011126059291776277
0.029367973136718396,0.008511601894335504,0.09535003147311774,-0.014486362500183068
0.0931416695676347,-0.006839846560503205,0.0921542236825649,-0.01828563984941492
0.1530802379856634,-0.02294315795426879,0.08751049126340901,-0.012562525660224201
0.189856102501545,-0.038396930033872685,0.08388661910816386,0.007894516656000255
0.19104745956368255,-0.05360102734361593,0.07997471856502868,0.04054625836278768
0.15568465991122737,-0.0705204022179844,0.07095852531510845,0.07526367497915476
0.09475391611586526,-0.09167944074875153,0.05088475423782832,0.0977029662211074
0.027453773927586286,-0.11876026478225328,0.016182899427389708,0.09469512851283272
-0.02542941312021223,-0.15131915527073647,-0.031219876252437294,0.059635989566252434
-0.04860849895215262,-0.1860910197655381,-0.08271556652357058,-0.004198706149574889
-0.03728414982336985,-0.21715616342521085,-0.12461633747687034,-0.08376313016873121
0.0017145296899374798,-0.2369760559216543,-0.1423058935103364,-0.15987823564722117
0.05293831301963246,-0.2380552294034337,-0.1256214644627336,-0.21319165315428035
0.09824270890625078,-0.21482284247488687,-0.07349558507477862,-0.23038165532835794
0.12335513923948144,-0.16527875940231884,0.004042138362493234,-0.20841219486043555
0.1226416687159055,-0.09200691719117887,0.08758798868432399,-0.1553380493743775
0.10038101438651019,-0.0022927195620838607,0.15360130062328026,-0.0874004058056375
0.06822112585561282,0.09274378214732774,0.18163122793365072,-0.023482134981843643
0.03994874801879529,0.1798994066545443,0.16116729632276264,0.02108345797726679
0.025692490156346042,0.24624533342317384,0.09571718587926466,0.03917341010838072
0.02783910259143799,0.2816625964462688,0.00254609112647103,0.03344269306076118
0.04022691893514571,0.281036771859027,-0.0920597718450349,0.014404745944882773
0.05087861848364657,0.2455948468965074,-0.16060928113223316,-0.004092236114462959
0.047153937487265374,0.1829895661409438,-0.18281156830393377,-0.010204418767864022
0.021269896548465755,0.10598215588020041,-0.15182413061203034,0.0017490592508147239
-0.025998810349388272,0.029905509978286955,-0.07628709269305244,0.029756292507789835
-0.08492150241893229,-0.030572978921673613,0.02250961000613385,0.06559071576241468
-0.13992897987861208,-0.06463019990766936,0.11734880356898636,0.0985119651899373
-0.17511421283460332,-0.06759982894104011,0.18343365023822203,0.11959688318129495
-0.18006838422375393,-0.04179574780006166,0.20559903408258678,0.1249584815729637
-0.1538606427131362,0.0043885204871555,0.18208493319020824,0.11665493023035003
-0.10564563791302595,0.05885518765911896,0.12380915928248745,0.10109022397376051
-0.05162068080159727,0.10897490804707566,0.049645434984057865,0.08574894655126888
-0.009392384222281717,0.1446521198196673,-0.020448825538940597,0.0757667857050459
0.008240822741540421,0.16043606791076148,-0.07196804097334057,0.07185397691816667
-0.0021308579907172234,0.15615982195356354,-0.09982889445332208,0.07046312055687642
-0.03322147376800537,0.13607892009968073,-0.10858366248474816,0.06609084566305987
-0.06948976928997816,0.1069586308632837,-0.10909866838613105,0.054644705679443434
-0.09248663697584372,0.07585482608207811,-0.11318788667871066,0.03629745246762635
-0.08726903906687805,0.04834624670567926,-0.12835866530785603,0.016414888516983934
-0.04769684560975185,0.027711921274673902,-0.15467200943069132,0.003930479593638677
0.021157445310791598,0.015120245392892352,-0.18483109940406436,0.00763993975544262
0.10425420995262662,0.010482380858605842,-0.20734264455834167,0.03185289598447596
0.181029832893272,0.013391040531576748,-0.21142884601359135,0.07325680010150817
0.2315543101257586,0.023608016505869033,-0.19173268030489526,0.12051737227172564
0.24242738298215344,0.04085501820790749,-0.15097567001583137,0.15715225843481945
0.21060951958958612,0.0640691330570535,-0.09953062731687184,0.16693134011957073
0.1441213729256542,0.09061887581515599,-0.05204566877539278,0.13997435216748236
0.059567042247448944,0.11607682818413595,-0.022356573950896456,0.07727428270481781
-0.022608616252398905,0.13494513421920268,-0.018548996623695333,-0.008217032405511257
-0.08362683403196722,0.14229715408803223,-0.03996392948413627,-0.09465759668471035
-0.11106362877535741,0.1358104746245014,-0.07722283687479134,-0.15776803488098778
-0.10153420304265864,0.1173435825150925,-0.11526112837544603,-0.17861657209899667
-0.060876730331096654,0.09322120615956814,-0.13830235523844914,-0.1500940902932277
-0.0020720510094331696,0.07278404955285986,-0.1350558393378492,-0.07978155357002827
0.05831320970413087,0.06541162496745251,-0.10239105450326227,0.011906179428597173
0.10413140588110512,0.07690161590413519,-0.046315947395608854,0.09780544273383855
0.12315184089138251,0.10650813330551435,0.01996602613636289,0.15235627845967362
0.10939181782076575,0.14589997532722182,0.08017195826357629,0.15946593010783772
0.0639957331486372,0.18075685725937218,0.11981622888202581,0.1172917982976282
-0.005291823276177349,0.19482911054750404,0.13028465223348257,0.03841884453704569
-0.085793732139503,0.17534856492210127,0.11091607364669046,-0.054509143636613036
-0.16233786247005316,0.11804540739456178,0.0686283495212901,-0.13611030693214343
-0.2200595093807915,0.02996355577292906,0.015430197598277125,-0.18600150981762795
-0.24715342208684066,-0.07115001095954222,-0.03523144360547886,-0.19438683828927902
-0.237152158571717,-0.16103630900842658,-0.07210339014943536,-0.1638028659218061
-0.1903198284523634,-0.21563901776883224,-0.08871735450002483,-0.10675245739934897
-0.11382603890834843,-0.21835275529358436,-0.08437406026129765,-0.04040910011105344
-0.020541348986548046,-0.165502526767594,-0.06350476947866102,0.019478900920465534
0.07342793973607387,-0.06820059720721564,-0.033849139932165984,0.06323540439393788
0.1520256919768166,0.05018329577270541,-0.004122183134313829,0.08892172822467823
0.20264232496870552,0.16031839941345183,0.018167428020022504,0.10073572229181799
0.21879897696904027,0.23513493752336628,0.02827498166020618,0.10514744792547388
0.20141152233530854,0.25748331332948143,0.02493897634525214,0.10660825326032054
0.1582658295984507,0.22489096262298514,0.010273918232631235,0.10474502011877601
0.10181504552656866,0.14997747681921653,-0.011010616539177384,0.09426044708593348
0.045885413369527554,0.056444441214314967,-0.03285291712889486,0.06759161978670586
0.002194526131681279,-0.028076905370316423,-0.04931487801395951,0.01920059964939414
-0.02236462775731786,-0.08010110287533613,-0.05604422904770296,-0.05035222148359107
-0.026961437317276182,-0.08685245374210454,-0.05144843157573195,-0.13238403906537544
-0.01633050791619431,-0.049433440370872786,-0.03729245110593475,-0.21119287750652704
0.0011959078089971483,0.018176032557289855,-0.018483863868808164,-0.268163450016622
0.01644447671618273,0.09376968510803428,-0.0019607310431648504,-0.2875603754435608
0.022083438449479527,0.15363969015597462,0.005157760612243285,-0.2619728956002181
0.01446894981917423,0.17929200771272585,-0.0022740015278339895,-0.19540563708281747
-0.005776228918524446,0.16223081552250562,-0.0255940318505475,-0.10279017453529424
-0.034448737613878386,0.10561650418125007,-0.06145923954396034,-0.005940155056040005
-0.06532861548954359,0.022616842540302932,-0.10235579295744879,0.07276784259703487
-0.09202523355759283,-0.06776463561182205,-0.13850662954392193,0.11689495063816774
-0.1095251323551216,-0.14597322286310213,-0.16070935115416848,0.12046157253562409
-0.11506844044301165,-0.1967518936591843,-0.16325987920206536,0.08902528276740362
-0.10827743475710079,-0.21233062863272134,-0.14599752923567963,0.03705394780169083
-0.09072533402321563,-0.19335700852034154,-0.11471983063797633,-0.017392475787184156
-0.06527014526203644,-0.14766143874048082,-0.07971426733986456,-0.05876693775154078
-0.03545399706663266,-0.08749745819046598,-0.05277945721676947,-0.07882266489913259
-0.00511955468342973,-0.02617017348768249,-0.04364029427709609,-0.07852242584326356
0.021792559215243527,0.025054909495597643,-0.056901547544303474,-0.06658183712438423
0.04143322420367908,0.05911048010722607,-0.09053270718180978,-0.055362028018910964
0.05040274151351038,0.0740402381294521,-0.13637594972420286,-0.055728334126032564
0.04635043649578309,0.07267630734437966,-0.1824927235361088,-0.0727814013613022
0.028713155113412284,0.061328767162780504,-0.2165551927595459,-0.10396532326498026
-0.0006662379886417076,0.04786746866359575,-0.22916681601961267,-0.14013509077549186
-0.0373538734263133,0.03962389606044668,-0.21607503453277954,-0.16907370251864573
-0.07480090263123879,0.041532486909167735,-0.17868079713024723,-0.18008579675764563
-0.10550299377305838,0.054881881647917616,-0.12288031352763071,-0.16795967517450355
-0.12261665789655132,0.07695183488730933,-0.05685137375979085,-0.13488120238114304
-0.12161089639162707,0.10165725185488513,0.011296191220429129,-0.08967054165606386
-0.1014734128481614,0.12110713356493626,0.07515376134661046,-0.0446931531196007
-0.06509772464466598,0.12774549859335307,0.13047493109332542,-0.011611221180951824
-0.018717582892905843,0.11653978825314094,0.17455732879379882,0.0024926256352697795
0.02945679036654422,0.08660002741584596,0.20510739902488595,-0.0027193959521677226
0.0710132675474342,0.04170864703261071,0.21934554086700842,-0.021067384166454196
0.0990391870876367,-0.010478756759193453,0.2139546530294671,-0.042288958934571436
0.10933266933556153,-0.06040335966638758,0.18604389972073038,-0.0557402984392837
0.10090242751328679,-0.09919376962579982,0.13478130773396702,-0.054032589019126484
0.07577593794106116,-0.12108421141927034,0.0629708726581325,-0.03537094920412262
0.03832851148579163,-0.12487728148676186,-0.02221891988268508,-0.0038833170567860904
-0.005577885485953691,-0.11395359770575006,-0.10988896557115943,0.03203863461998061
-0.049411209661260586,-0.09481074963272848,-0.18740094540731678,0.06268742068927946
-0.08664706348850501,-0.07462766416408326,-0.24317536179755742,0.08019145252414087
-0.11136008423804891,-0.05871091089584993,-0.26939914548589294,0.08080530465714798
-0.1188542604417741,-0.04874402451376368,-0.2637465950288676,0.06566123007140029
-0.10641336060264008,-0.0424895246057519,-0.22956948537850388,0.03989457466479383
-0.07410791613210405,-0.03507040378710105,-0.17457374517257518,0.010621926439808294
-0.02542069879392852,-0.02136741220438774,-0.10854174819288626,-0.015406550948260007
0.03265511418379682,0.0013709518305911658,-0.04096006757502566,-0.03364328610326138
0.09035264147072206,0.031725741306100994,0.020646293079016532,-0.042517499772877505
0.13680315516033748,0.06386948451880833,0.07125600485221804,-0.043053357982526325
0.1624184106474535,0.08909157498728311,0.10788709996213644,-0.037678760839835665
0.16142958209927544,0.09862975431823784,0.12868854964375193,-0.02883204574747158
0.1338314692866538,0.08683796791849968,0.13230433483872278,-0.017970750723198637
0.08601983413302013,0.053547849092960925,0.11801727310954628,-0.00534337867931208
0.029713010479323777,0.004722071771448243,0.08669901181683615,0.009483057434680106
-0.020754226627793557,-0.048924174549919555,0.04206243748774306,0.026683129581694845
-0.05213877930042965,-0.094945462396509,-0.008608296867149194,0.04533282769161851
-0.055980658845466935,-0.12285445490670639,-0.055006955593933066,0.06312027326156064
-0.03116404136219008,-0.1272464261944551,-0.08591878820614596,0.07680087666006524
0.0155015313715342,-0.10930976297292233,-0.09247842180337819,0.08324843908075366
0.0709659012275363,-0.0762219345548397,-0.071508044925032,0.08067202791184686
0.1194813642491761,-0.03865455877191612,-0.027589897161155084,0.06946649820333081
0.14699723058263137,-0.007252024937748845,0.02721668471263783,0.05228852719325104
0.14509940425351342,0.01071997482301975,0.07634495984016199,0.033254462835350246
0.11330096544131481,0.01344861122916066,0.10370062080887846,0.016521142759570326
0.058991017762850095,0.004732543617260401,0.09910157518823884,0.004788087899204492
-0.00491703592756966,-0.007739279858799256,0.06225589733028179,-0.0016688530356510339
-0.06386960098717623,-0.015317547397880656,0.0036868790818214096,-0.0049966145153231105
-0.10584343320799167,-0.011484573167508224,-0.05801466255856283,-0.00872536668070793
-0.12448984509327103,0.005934225291486569,-0.10193813480322318,-0.01603924526362008
-0.12030751400239076,0.034119327471598376,-0.1117834315374693,-0.02801892953809847
-0.09957630193058306,0.06627369669532485,-0.08160380037826837,-0.04259127423636397
-0.07154000621827773,0.09384631527410646,-0.018277623434780017,-0.05470924064510706
-0.044900259101996416,0.10913959047121945,0.060308798992499454,-0.057848492047957806
-0.024880196947443985,0.10743277072163492,0.13089722734722065,-0.046396349252005704
-0.011870025601833496,0.08801468725350539,0.17246422497435415,-0.018114203673919558
-0.0020673807824934613,0.05396287287601076,0.1731961551044539,0.02426451111608343
0.01021223973754523,0.010951267902798337,0.13439645346536694,0.07301456651117538
0.029492298062130832,-0.03435062700995695,0.06993985678124635,0.11717958936543302
0.05656477177264257,-0.07569596071390255,0.0014559388969642446,0.14568256556625175
0.08742437914637564,-0.10810970865723138,-0.049058019168668074,0.15082482362100974
0.11418452974291877,-0.1281090594440808,-0.06658472042820301,0.13098496941873838
0.1277134698799242,-0.13353129435852404,-0.04782087901714818,0.09151118072835947
0.12107230257479745,-0.12334250658837938,-0.001694262139570732,0.04335582265995287
0.09250072107807676,-0.09772704485309996,0.05439311244506104,-0.0002420652122382596
0.04680848101732771,-0.05851820297664184,0.10110537786544038,-0.028019315755506733
-0.005440769256689029,-0.00974500995687029,0.12403316597891427,-0.03449532183362823
-0.050802524728304876,0.042119815183383195,0.11836724936259038,-0.021994483536249033
-0.0769982158205497,0.08861663045426306,0.08977032256119033,-9.713355066560221e-05
-0.07681196970331297,0.1206404499470028,0.051308501753865754,0.01742231967187817
-0.050524583945367796,0.1304830559522712,0.01779781245268045,0.01724078532052294
-0.006037371794283462,0.11403403069070024,-0.00013760243664103639,-0.008805075488932956
0.04339853397571919,0.07240446845375266,3.840873418509399e-05,-0.060559378494706384
0.08313348824114525,0.012307347328208254,0.012389718210135086,-0.1290851954743344
0.10147903819889531,-0.05513247492479445,0.025677281817459513,-0.1991684028550496
0.09307758347220704,-0.1169598725903336,0.02870441871068862,-0.2540471006511194
0.06023042383327461,-0.1616857805915995,0.015600713237871896,-0.28083718372408406
0.011828686291646635,-0.18231538966737068,-0.011158599920351068,-0.27483663941391334
-0.03966757430417746,-0.17813724128982145,-0.041289801554729416,-0.24122109710360223
-0.08212921264786917,-0.15464954143917864,-0.06065799575041859,-0.1934949191033866
-0.10722250195003685,-0.12158101433278072,-0.05713388824746511,-0.14915385707578271
-0.11234230662432472,-0.08958929372732541,-0.026033581098271464,-0.12397349192255278
-0.10050544790130488,-0.06667786354010305,0.02706721002720721,-0.1268266097093072
-0.07843317887074713,-0.05550097592952949,0.08737790403950417,-0.15677400691678073
-0.05367118924403335,-0.05247056295249912,0.13556084591989728,-0.20341254277020016
-0.03187849054471259,-0.04901409447488378,0.1543877803690421,-0.25035923966564566
-0.015271762549913817,-0.03463701758245746,0.13496086869184915,-0.2806828480469649
-0.0027069304175103004,-0.0008433888390885508,0.08019628866989101,-0.282436971959635
0.008785874567320797,0.05533940823837433,0.00425598682691077,-0.25243195611937347
0.021768789739992408,0.12939790389581488,-0.07190999338379969,-0.1970112184378109
0.03647920377507475,0.20963770737959045,-0.1273402738888734,-0.12964790488621775
0.05009761939312432,0.27977324905014783,-0.14777365022951294,-0.06627651017591898
0.05757429068983019,0.32311527197970563,-0.1299828384379514,-0.020032559346057043
0.05373835261161287,0.3271698213338686,-0.08232776291872616,0.002772970880855978
0.03585996326785417,0.2873197469282693,-0.021511619562180756,0.00411398485627891
0.005597758550238179,0.20851435595665768,0.03314477947006188,-0.007230339485064418
-0.03055885052998546,0.10446345675590346,0.06580686188931453,-0.019408770205863797
-0.0627067569675111,-0.005456629165308816,0.06852619617798586,-0.022020036780732753
-0.08045883655496129,-0.10073840542005381,0.04263121711658202,-0.00974095264882844
-0.07643492501565817,-0.1644913540925216,-0.0030030638459393154,0.016212763189366916
-0.04908611888801599,-0.18715226237418114,-0.05578894369104826,0.04919768374516435
-0.0037902473876198495,-0.1682373817197447,-0.10370862946268937,0.08023954574666693
0.04828205410683002,-0.11578857588493115,-0.13845359747803693,0.10179397973383586
0.09326742851844863,-0.04380470184874562,-0.15650891167169184,0.11064493117127383
0.1187181507475398,0.0315306805251834,-0.15824069743280123,0.10881034978073034
0.11738627961571035,0.09575422215389061,-0.14587812749402845,0.10215776954776394
0.08943532101015456,0.13914576610839074,-0.12163262462422114,0.0973716473538954
0.042349214065992596,0.15818850218412792,-0.08694500787152785,0.09858853517087146
-0.011419867048355225,0.1552787613782351,-0.04314266649355227,0.10515791837938798
-0.05826923262487582,0.1369953930046247,0.007031096841698985,0.11153674423362843
-0.08746066509104272,0.11159574057221214,0.05809390613321505,0.10945788282549654
-0.09403538806129116,0.0865312610929809,0.10178269607646862,0.09156759066753542
-0.07974851960150539,0.06665765375775197,0.1288032098710492,0.05508076154991466
-0.05184845867837409,0.05351437517944646,0.13199045943717191,0.003920571011672636
-0.020264731282504334,0.04567906167347182,0.10968525533443303,-0.05166034975448375
0.005724808982434888,0.03988636471426581,0.06778106246899117,-0.09802781422978674
0.020172970127312704,0.032430547451687504,0.01921595696235476,-0.12272053394573164
0.021636084615635216,0.020381379455236742,-0.01939786878411409,-0.11896862601138106
0.012601884080624935,0.002303393291012548,-0.03314022482908764,-0.08846199455637362
-0.0023997541058335785,-0.02159897624788241,-0.014324578648275564,-0.04123842337707724
-0.019106798021833946,-0.04977814174983128,0.033914544110414974,0.007402584123357481
-0.035259893131147566,-0.07983768062991545,0.09759672072536019,0.0419474736930755
-0.05106304376553797,-0.10899368236488889,0.15582788868859362,0.051905427670371734
-0.06823996981308333,-0.13438612252183957,0.1876066136936776,0.03534442664645855
-0.08816899002162003,-0.15326985970449813,0.17924196880666982,-0.0005800509819018718
-0.10999289403824863,-0.16321707660464763,0.1297188194247942,-0.0423306830042023
-0.12964793081790946,-0.16246663044151854,0.05192503799289064,-0.07497307086554925
-0.1404121989477619,-0.150454332291668,-0.030951019342965944,-0.08763749737236935
-0.13496458749853207,-0.12839750090257518,-0.09282112440743084,-0.07746238733823615
-0.10830259620173067,-0.0996676399854427,-0.11344260122346023,-0.050563379448846354
-0.060441478624351876,-0.06964768489431827,-0.08547593732419703,-0.01965119570013644
0.002216550192288752,-0.044879402401293074,-0.01732673833245206,0.0008524381374923236
0.06756326981706376,-0.03154557782742705,0.06932293831738168,0.00042795715187064244
0.12054538560415054,-0.03362199806396976,0.14653181585013714,-0.023254649245491137
0.14728581470493418,-0.05126074940327979,0.1892914067085854,-0.0629653898679719
0.1393070692880265,-0.08002085128610134,0.18374013649670157,-0.10401122487909176
0.0964725371576394,-0.11138948999540343,0.13158763277686708,-0.12911111602809883
0.02760834138874354,-0.13466441924722078,0.04927563374195949,-0.12436851596797875
-0.051517152799499207,-0.13980530804279873,-0.037747809378786766,-0.08427067266920421
-0.12233289758553625,-0.12046863060383295,-0.10357175513238415,-0.013987122809352461
-0.16850713721806498,-0.07627098346272182,-0.1301852624873972,0.07181786718750886
-0.18036966420158024,-0.013468430456342505,-0.11281517488322082,0.1532471037270225
-0.1573788534649781,0.05632143976529324,-0.060550295383252184,0.21106915504229296
-0.10791481632934702,0.11911777875243482,0.007720999173156492,0.23231439009410218
-0.04652136471033296,0.16247457781270458,0.07039273924471676,0.21380382403858422
0.010492787011102615,0.17910591300607137,0.11060031230407943,0.16260681760118414
0.04970454314413384,0.1690825485759535,0.12142879926207226,0.09347669600105257
0.06406763481110823,0.13984728350550119,0.10720071427506356,0.024279174481958897
0.054260803552523065,0.10396920506622276,0.08068106401093394,-0.02901803707434616
0.027630697373823787,0.07528338542783522,0.05751758212642836,-0.05624213575220204
-0.004763700074562269,0.06459903848328766,0.05014413128557481,-0.05477587142085759
-0.0319338529421752,0.07631948392473024,0.06341096842343427,-0.028968838329827384
-0.046314370425170906,0.10703958749727352,0.0934033243493339,0.012235633669638021
-0.045661216914268554,0.14655790633898472,0.12961808747225334,0.058415667915571026
-0.033022643491008113,0.18097001169494242,0.1594016774163167,0.10043974321129145
-0.014979422425004673,0.19685446035160792,0.17278748516638573,0.1321426207221666
0.0010914191185788236,0.18524127320674133,0.16586808131868602,0.1507069761479376
0.009708992906297838,0.14416560499794165,0.14154900299334888,0.15605933131754227
0.009013864193534766,0.07910654686478948,0.1076375119976206,0.1498687431073248
0.0010088901530527841,0.0013114807498093295,0.07326591882507617,0.13470991653147574
-0.009643874233491976,-0.07533546550666874,0.04522817035734075,0.11367989119795573
-0.017719898596293304,-0.13784735474411874,0.025719400484012136,0.09039904353365513
-0.019584619227844845,-0.17700321365131452,0.0122852415188056,0.06906447866889029
-0.014587832087323819,-0.18882690017986573,-0.00018176348932759205,0.05417922613371616
-0.005200391583728578,-0.17449990601931487,-0.016409589394235743,0.04976617464881932
0.004123571310633743,-0.1390699139957781,-0.0380754236009551,0.05819325996922026
0.008899749290842685,-0.08964713850943246,-0.06267858754174714,0.07902597264629818
0.006622039209582178,-0.03379945223554779,-0.08443630866757672,0.1084370360949657
-0.0019562731653173385,0.02140879585295495,-0.09679448248769117,0.13957298850429806
-0.012790178401209433,0.06970078375949773,-0.09545010303923816,0.16394594854909822
-0.019830405778102675,0.10552487881016596,-0.08056242992310858,0.17352119259190868
-0.017219240590791038,0.12413010096247021,-0.05716890153517839,0.16287612215760705
-0.0016377161651991885,0.12213902612016792,-0.033570927823311544,0.13074246175124682
0.026039773173934893,0.09863419608068456,-0.018300023794764506,0.08044327073866608
0.06042180927737306,0.05637198530787643,-0.01686786630580056,0.01912063146954655
0.09281262222234479,0.0024726779273133333,-0.029604308487188653,-0.04393773610353728
0.11364888767280219,-0.05204579613134051,-0.051458434370865974,-0.09929074300448495
0.11541950343358888,-0.0941881828398495,-0.07385780570986353,-0.13904224439654156
0.0951332900012315,-0.1121068804574252,-0.08790789178662464,-0.15784332071714047
0.05551128883537537,-0.09862882761853634,-0.08769362266111873,-0.15314176041220712
0.004468137341496202,-0.05405258848579766,-0.07242126236956728,-0.12493822444109746
-0.04701068545253963,0.012857741296454908,-0.046611890198832315,-0.07544946077287984
-0.08796725294136705,0.08628475973900006,-0.018329361529676128,-0.008982962362191572
-0.11058772665836736,0.14702993300939238,0.0038175875734448896,0.06795155301979337
-0.11235556014408644,0.17752255894041838,0.013717083329944266,0.1465827250262085
-0.0965553651697709,0.16671770854988105,0.009695525614822127,0.2163326100275204
-0.07096593588866076,0.11336876289191697,-0.005299227199619172,0.266160030250623
-0.04516666173472774,0.026602684831330298,-0.025207342445306077,0.28681189283727515
-0.027336927177163257,-0.07645162866292333,-0.04333346752782424,0.27351141905687537
-0.021600471516497983,-0.17529922382802454,-0.05473263459949639,0.22820132175054497
-0.026793891716660766,-0.2515706686526845,-0.057566686910782094,0.16034412540948853
-0.03707157370006991,-0.29369271142001524,-0.052993862964782694,0.08557762395334259
-0.04414830395780615,-0.299346043704715,-0.043814031984922085,0.02218433824235928
-0.04042682006435176,-0.2750587998662416,-0.03262497892686789,-0.013851024583225537
-0.021946903535257883,-0.23322578786504633,-0.020425599535842484,-0.013759198709521662
0.009866054502436297,-0.18766236336652653,-0.006358109451293489,0.020781813848465776
0.04828899574312103,-0.149221853451718,0.011275745279892047,0.07739860314817286
0.08325391839604218,-0.12289402475157615,0.03321415873306753,0.13617038804212317
0.10456427706955829,-0.10721541545915608,0.05755575884859605,0.1754508559380062
0.10533369289194708,-0.0959814907935021,0.07912312880772054,0.17865154366985772
0.08450512288059372,-0.08145903026009478,0.09038734194666173,0.13980455728764127
0.04758661373632766,-0.05783036352380731,0.08380543651894312,0.06598420126025573
0.005308307555885437,-0.02360872644851745,0.05477044948082175,-0.024381848143142155
-0.02942172056248893,0.01777966781991788,0.004015094839675576,-0.10693766844336566
-0.04533033814943334,0.05933219228924434,-0.06158700482989918,-0.15890619137202983
-0.036175320292574704,0.09310160014235583,-0.1303318110586396,-0.16626236186662657
-0.002670135413069645,0.11305881893542757,-0.18882596331559098,-0.12820162431219592
0.04764662742061389,0.11709831228433251,-0.22595022453707944,-0.05739493316272251
0.10253067088931396,0.10747934054582417,-0.23626526327094882,0.024080753981469544
0.14845823744595746,0.0896240836558858,-0.22162313037578704,0.09179214415090765
0.17429657101122562,0.06982224944696289,-0.19036719877705977,0.1266295734997351
0.17412646876368523,0.052785720886096954,-0.1543724083188234,0.12056667348746193
0.14844201016508624,0.04001657696571844,-0.1249686876696674,0.07862611736770231
0.10349670226886176,0.029602934994971714,-0.10920118519117518,0.016495014110578153
0.04914632968204644,0.017482990901079715,-0.10775252882535988,-0.04527315093091627
-0.004035539095515055,-0.00035810398894656204,-0.11523161288188957,-0.088388120476677
-0.0474514624486755,-0.025653579859607187,-0.12265540315437794,-0.10280223841515404
-0.07623067832543437,-0.056490280128594264,-0.12114740548172367,-0.08953103007490695
-0.08967255396272936,-0.0873888760189946,-0.10545034004550635,-0.05946877944009328
-0.09047850351329656,-0.1108564586865961,-0.07595630716216248,-0.028778789338810448
-0.08323322318266654,-0.11988272604417019,-0.03854592784631864,-0.012617008759162603
-0.0727522162737625,-0.11049118300387253,-0.0023663665953116662,-0.01946954651355815
-0.06283163850129785,-0.0834215541874479,0.023556216177059216,-0.048084440484607624
-0.055680734308086365,-0.04431630050365391,0.033569418427607134,-0.08798965485971635
-0.05200755063259133,-0.0023006505614007397,0.027311212387704793,-0.12328834887250116
-0.05149304981635347,0.032604968093458864,0.009638129913018677,-0.13828363349631614
-0.0533108011207827,0.05241080779361276,-0.011313167306795588,-0.12290696792296053
-0.056438352341672715,0.053490322934354295,-0.027114540333605476,-0.07608810909102946
-0.05969902357305862,0.03759697063006686,-0.03191759236255078,-0.006016331507255633
-0.061665618180331803,0.011279708169578212,-0.024153325259721695,0.07262062816683017
-0.06065395926393144,-0.016080492206743964,-0.0065203954031295905,0.1432962506394555
-0.05498784101258389,-0.03498165696291623,0.015581543379380135,0.19250805419009676
-0.043551692511713605,-0.03844189209992658,0.03642102713445246,0.21321738731709422
-0.026445797374966953,-0.023830612934350077,0.0520910181799658,0.2058813150482685
-0.0054256647223544265,0.006558226623950676,0.061597624993683604,0.1770298111629176
0.01617984114668384,0.0462462284354038,0.06652919524926408,0.13620938550397055
0.034203620952316674,0.08631713990653936,0.06957923923755471,0.09259628329407135
0.04488750326282379,0.11763552637521753,0.07268251503675754,0.05253033466468136
0.046240552541264184,0.13295544091076802,0.07567033024053328,0.018700269947813115
0.03898127042648032,0.12845024596163923,0.07610289410462467,-0.00903542391183786
0.026617496584827156,0.10440349612716675,0.07040219442389102,-0.031867954482588945
0.014498551793179312,0.06502492719195078,0.05581560071010508,-0.05028915934353977
0.008061199601949724,0.017531511407576854,0.03233986526762218,-0.06323282437724341
0.01083717441098725,-0.029267128564986027,0.0037000367296821414,-0.06847065838529565
0.02295081173592403,-0.06660942742954426,-0.02316944817288611,-0.0640006941057642
0.04072803428609503,-0.08738958261372612,-0.04009122248209412,-0.04968329706561365
0.057679767827444585,-0.08749593270461363,-0.04039844616687471,-0.028247394083305608
0.0666311502239065,-0.06666773821679198,-0.021447750403878224,-0.005059858487893813
0.06232072646208227,-0.02869377862885567,0.014102681676327587,0.013395248802900682
0.043564315354714916,0.019154007829938816,0.05881235634465014,0.021783634731139034
0.014167364741206518,0.0674380613402657,0.10266803404274696,0.01800893549878935
-0.01783633231469448,0.10644522831195635,0.1362283830098873,0.004203395852685074
-0.042471446399892664,0.12829764993405365,0.15357641827261315,-0.01389325777765853
-0.0509390780181375,0.12881001362491204,0.15400685732702268,-0.029034786712621316
-0.03854856523335724,0.10860457592977847,0.1418418969713281,-0.035290410635474265
-0.006470365026332636,0.07312323021665083,0.12447183027878031,-0.030482869484170564
0.03830974462470795,0.031433554187669036,0.10938722780839981,-0.017227269093942066
0.08485880651073154,-0.005948384607946659,0.101348254231917,-0.00206361406098109
0.12139959047563667,-0.02969746886731332,0.10077609557416162,0.007083887974695868
0.13864968025716512,-0.034089017585221655,0.10397227349754048,0.004201773078054234
0.13233175695382063,-0.018509467267775703,0.10505631478631437,-0.012039003809676757
0.10408896740732702,0.012374104455578613,0.09883538450235074,-0.037178207186145035
0.06059326210367752,0.04985657877981324,0.08344251598735851,-0.06209407089561873
0.011243799898728707,0.08351388464752726,0.06165096291752156,-0.07609455815103691
-0.03469896174022445,0.10394771727105916,0.04026846670351448,-0.07093056024031152
-0.07056315600404504,0.10518261827284435,0.027751904151102687,-0.04427418264827286
-0.0935339668236591,0.08605388230976575,0.03088217804018079,-0.0013180696284891928
-0.10444813001709054,0.050236519970142376,0.05173578129858976,0.046229727441611274
-0.10637060644728158,0.004977933829001961,0.08612979943036125,0.0835678663160243
-0.10263096324409063,-0.04102197907788998,0.12421749597314688,0.09757148398869481
-0.09514274415586386,-0.07991058227773136,0.15315174604434034,0.08131116798115431
-0.08365846859710115,-0.10648146866989888,0.1609894017421193,0.036746233749430084
-0.06620417407467355,-0.11899981897956163,0.1405510994500393,-0.02540224839363533
-0.04045453833066842,-0.11892798034846996,0.09194293326452684,-0.08865117209641117
-0.005437870048257272,-0.10978930174711218,0.02288966746872969,-0.13570215549444187
0.03716374575563522,-0.0956665353813132,-0.05323734562573369,-0.15373593546407163
0.08269145331844516,-0.07990023400165552,-0.12105241637282366,-0.13832097894205253
0.12435730233079388,-0.06441764184094571,-0.1672782509936176,-0.09465600935016094
0.1550093197462931,-0.049840969465205796,-0.18407661297178018,-0.035750681831375135
0.1692141776513166,-0.03620392003554053,-0.17062618471513175,0.021838177263805415
0.16493623846591748,-0.023866846399566093,-0.13261216752957516,0.06329890282244614
0.14423256652241787,-0.014152397812470439,-0.07998842106642455,0.08015175117986174
0.11272644179590838,-0.009349884646088987,-0.023894382735623103,0.07265626493117254
0.0780367471305364,-0.012009878027315353,0.02621441087048094,0.04930625284328181
0.0476783526971279,-0.0237666903880481,0.06436811388041067,0.023644495011056962
0.027096732320143896,-0.044162519828485416,0.0884451224921435,0.009495034114229292
0.018420363883361393,-0.07000656689605608,0.09928599790128274,0.016196627649633043
0.02025112425363987,-0.09565160552867244,0.09917653697064505,0.04538044688062243
0.028469461601870645,-0.11425342626294546,0.09045971944659773,0.09029959900548527
0.03772819261736188,-0.11970444602681685,0.0748604579513968,0.13787809655675518
0.043139589736734485,-0.10863882225735697,0.05370551876450154,0.17278287822461702
0.0416615720879554,-0.08180896992350456,0.02876972931853667,0.18220929476706996
0.032835206048523746,-0.044284125790511115,0.0031677106091475248,0.1598894989600246
0.01874893005406294,-0.004284813193569183,-0.018334006590888147,0.10811987172159401
0.003324645173274292,0.029072759176942988,-0.029968177543083237,0.037245299550734814
-0.00882472071191194,0.04844960851434968,-0.026535105412507233,-0.03718091996951775
-0.013653270389817517,0.05051108349437078,-0.005397697191287711,-0.09866698603479404
-0.008761387895675973,0.03694485505462446,0.03186138715039211,-0.1342129016418429
0.005927806276005629,0.013879714054875956,0.07886831200220615,-0.1376489453837484
0.02802694937022737,-0.010153662535354473,0.1254001785725457,-0.1110068785349699
0.053114263159891685,-0.0270684123751193,0.1597502113743109,-0.06364937540917431
0.07567400617839971,-0.03191466604033978,0.1718937615312432,-0.00951902181719384
0.09038591236397725,-0.024477211276531373,0.1564851878102447,0.0366434585047921
0.09350353779367343,-0.009185991202756247,0.11469000788320119,0.06304515417730472
0.08398925933109133,0.0066728772624802535,0.05417927871089912,0.06357494919664111
0.06406503579331761,0.01584571374303191,-0.01281382145079885,0.03889467082907276
0.03892692450146221,0.014072782833992787,-0.07284161018070436,-0.004260245663583302
0.015565798127134212,0.0020183829437367025,-0.11498258428396976,-0.05523919729246891
0.0009022363265499007,-0.014615383180050665,-0.1338106234564443,-0.10241410005952575
-0.0002966728625788638,-0.026952235028275595,-0.13065879427308447,-0.1360774461886536
0.012905188799912015,-0.026223414744666558,-0.11278787651399594,-0.15056852717272362
0.036935379471812926,-0.007346077079640825,-0.09074860322089538,-0.14516421698696813
0.0643864836650215,0.0285137875068735,-0.07481375720611454,-0.12363494394253147
0.0859861405311959,0.07343368876336505,-0.07165413292373929,-0.09272348792755414
0.09336181078447359,0.1146558190745482,-0.08233987817765147,-0.0600618567339186
0.08176848084163499,0.13846536143116922,-0.10229622871005374,-0.032140380663151766
0.05187088278410841,0.13482108221755498,-0.12318223390188432,-0.012869275937351574
0.009907686114716971,0.1011801524525337,-0.1360154151224407,-0.003058253142354403
-0.03393783855167936,0.04413299497582176,-0.13445230170667377,-0.0008517611033744613
-0.06853268113960798,-0.021867257395557095,-0.11709361382092259,-0.0028800881348150856
-0.08522629941786475,-0.07844132013186828,-0.08802649922653222,-0.005697308939508119
-0.08058536568512688,-0.10872609523324897,-0.05542685773935556,-0.007026055344294131
-0.05747987136660627,-0.10259810582163628,-0.028713640966561545,-0.006425327572233665
-0.02410228288864108,-0.05995633278699427,-0.015245407963618599,-0.0052067262613169005
0.008789838690474769,0.009066308275978225,-0.01770680524841457,-0.005679082596007669
0.03148214112822159,0.08709908179316095,-0.033095115251892036,-0.010021057922802841
0.03851144176345525,0.15480650405403942,-0.053666106675169814,-0.019197109958604353
0.030338932117372576,0.19673464408692093,-0.06952349204844056,-0.03230876537536213
0.01288786796752852,0.2058206308154483,-0.0719697604531666,-0.046619699278697885
-0.004886996852336314,0.1850972248751413,-0.05647348596720459,-0.05826122127571708
-0.014506035906504212,0.14607097720556927,-0.02424030876294534,-0.06339169832093852
-0.011244994995982156,0.10438168722169139,0.0181438951568054,-0.05942696465139441
0.004046353838775229,0.07427193188205553,0.06086528951635584,-0.04593117307367486
0.025289513536602838,0.06378624429377222,0.09408140146525826,-0.02486789765163519
0.0435786884972436,0.07234144478776108,0.11106487408678203,-0.0001221298588940916
0.05074219415011888,0.09145888111324321,0.11021946548701811,0.02355633627493224
0.04270134876803586,0.10832524611155035,0.0952996160528626,0.041849837577480294
0.021306644898174028,0.11084895294028688,0.07379908447589849,0.05199894462814427
-0.006119406083712288,0.09235884140228723,0.054115514365904074,0.05341177769188768
-0.029441172252004644,0.054236519733597624,0.04252032544188379,0.047589428030725085
-0.03962387491267365,0.005531016976680686,0.04101838641807582,0.03742987345233327
-0.03243461606241003,-0.04029704820819704,0.04685111932450325,0.026173650582924132
-0.010484207784830543,-0.07030979047267175,0.05379869341470991,0.016359114945934755
0.017262373089035433,-0.0768984471139333,0.054785635361159504,0.009130709742460788
0.03845281202449005,-0.060693953398504065,0.04482245966917471,0.004103305367405649
0.04179820672817213,-0.030493211844302745,0.023192690777157438,-0.0002175845007399077
0.021415681012629605,-0.00018951489802229715,-0.005935793846396965,-0.005652757810211545
-0.0205525482205492,0.016217259715035535,-0.0347301280893586,-0.013511914919026924
-0.07408230600539135,0.009749791976192704,-0.05433754032861769,-0.024011153271889477
-0.12423378220912666,-0.020126967839771095,-0.05803329316832531,-0.036145731116354676
-0.1559764594065871,-0.06504812777902416,-0.043757926124191125,-0.048043596305030606
-0.1592122294822857,-0.11045762034995454,-0.015134463950088231,-0.057649779968037815
-0.13223192791500996,-0.14056191321916967,0.01941806382150798,-0.06347859287860197
-0.08237438474981679,-0.1438057671867387,0.04919884401342615,-0.06515720226299518
-0.023641004353434115,-0.11695583592591728,0.06453142509277268,-0.06357048542863344
0.027902691005952336,-0.06636377809474675,0.05976151907371294,-0.060566984317487776
0.05932653761803928,-0.005969099032735403,0.0349653265232189,-0.05834212122446977
0.0648255954213422,0.04725927852140356,-0.0041592740545736175,-0.058721163398237915
0.04714366566797492,0.07885809108285105,-0.04812500677007681,-0.06258572276939584
0.016010985732406495,0.08147457659366697,-0.08654965520389887,-0.06962192214552947
-0.015748550339719208,0.056982863695005305,-0.11113322343454926,-0.07844571791025856
-0.03696674272706499,0.01544223269619964,-0.1177699681305507,-0.08703001488151153
-0.04199664502361569,-0.028664102143273466,-0.10720085843077415,-0.09326724072457171
-0.0323286055290518,-0.06153592350604187,-0.08414546594127911,-0.09547923245023165
-0.015457913466745604,-0.07469855248190074,-0.05536645314983795,-0.09273415030550121
-0.001535295662811683,-0.06757744276263954,-0.027433029621657376,-0.08492127718449839
0.0008596313593200585,-0.047165694479826784,-0.004963936625283105,-0.07262800897340975
-0.011809525173076962,-0.024987978283513554,0.01013643104241745,-0.05692109202596458
-0.036624980462550694,-0.012513388802353354,0.01836199541473236,-0.03913671464128128
-0.06536376533415018,-0.01669411379968406,0.02153546488566779,-0.020737634754859444
-0.08772570376220881,-0.0372315709586667,0.021554300930314164,-0.0032282173226389696
-0.09537833972577973,-0.06653565968663755,0.01951254870133567,0.011933177459749346
-0.0852642098606797,-0.09237973002816538,0.01552235244843378,0.023492073296552236
-0.06091352690344766,-0.1023058274240848,0.009207642271254365,0.030649575567423752
-0.031271756420292035,-0.08823018966201687,0.0005301829677813452,0.03335539365613435
-0.007491342095819031,-0.04963926640433185,-0.009534284882437597,0.032519433740244484
0.0011054499913956926,0.005739681732350371,-0.0188695774395704,0.029994985123001697
-0.00960915709193435,0.06404316537548005,-0.024775826871515735,0.028232530902249035
-0.03710826386797583,0.10946497672992153,-0.025011790403790073,0.02961440741640559
-0.07316135624510185,0.12916331348859506,-0.018874527520802525,0.03562086122676707
-0.10680510928671838,0.11728734945692088,-0.0078102309158382816,0.04609181974741098
-0.12820811095036647,0.07683878185797487,0.0047846324358852554,0.058881592981617076
-0.13200364656095398,0.01880306218806894,0.014587391785453579,0.07012575910060839
-0.11890026208023191,-0.04113519392382341,0.017861320553246563,0.07516069033152623
-0.09504956577488013,-0.08722799310561699,0.012886647071044522,0.06990811121642979
-0.06949331791684293,-0.1082003137675325,0.0007321157816761528,0.0523380888275848
-0.05070819723885439,-0.10032003110630341,-0.014983521480377487,0.023532210459839505
-0.04356118569187753,-0.06813791626481047,-0.029308790396648778,-0.012067113080177517
-0.04778365514664855,-0.022778088776672437,-0.037735967613199285,-0.047418135920783824
-0.05846064175533555,0.021599911027898197,-0.03787764455956897,-0.07453753444946992
-0.06825617945323184,0.052034994695484504,-0.03039410068035974,-0.08663283589400803
-0.0704529395530847,0.06042026103304825,-0.018786012284564356,-0.08009194731659919
-0.06161247188036048,0.0455518502197812,-0.008089669864890292,-0.05570458096159636
-0.042851455079026324,0.013073991697252955,-0.0029337982791295264,-0.01868891544483719
-0.019292896960713554,-0.026536188556942033,-0.005675491204350305,0.022550798392168843
0.002036380730354524,-0.06124644288508099,-0.0153249090841047,0.05861275491247549
0.015004276363659431,-0.08099763549505133,-0.027692014140676346,0.08159819758218019
0.016768551236031187,-0.08046635891026523,-0.03674395832778801,0.08717353650279885
0.00885335156802471,-0.06032879153639492,-0.03671391191269337,0.07556834078438947
-0.00348073810185498,-0.026760506489287864,-0.024218487838673253,0.05121606573457843
-0.013300604640618646,0.010584364207949372,0.00037240003833571844,0.02117813037052007
-0.014686802102325744,0.04146429636078468,0.032807495459745636,-0.007117365637893898
-0.0050128189804589,0.057959510244710785,0.06612262018419629,-0.028076580280558268
0.014035093853617297,0.0565896750426903,0.09270527092351104,-0.0393716548416323
0.03705763159170993,0.03909122943679465,0.10655040758457628,-0.0421713680696734
0.056908613083456475,0.011700792385222161,0.10495488619099883,-0.040160807978973284
0.06727444793334308,-0.016791045428451216,0.08911733900957981,-0.03775971413847398
0.06490975221762221,-0.037623518347430884,0.06350819798828969,-0.03821848074157652
0.050729434992175755,-0.044541485403165326,0.03430043660833274,-0.04229453982937035
0.02940384580220789,-0.035473854996886225,0.0074509279775733135,-0.04798221221836854
0.00766096379151638,-0.012970343985969676,-0.012905785128537644,-0.05137004274368817
-0.008043404681378104,0.01668502710245895,-0.025257055396810488,-0.048277350260515536
-0.013634193478060913,0.04538777150606007,-0.03054079223750952,-0.03603191605623121
-0.008581078880890873,0.0655724761439023,-0.031199065007069177,-0.014701213945540012
0.004219368498295732,0.07232351330958094,-0.02990776641827299,0.012700447326547085
0.01969688004091808,0.06463391858968348,-0.02849766938869264,0.04111494439757697
0.03245413902299157,0.04547719687374534,-0.027447453497447767,0.065113748747632
0.03849977427026179,0.02071966020409483,-0.02606383041460694,0.08070406401980695
0.036271424828925126,-0.0027519946040057454,-0.023180798261576357,0.08657600077973826
0.026677271299822086,-0.019088559262521336,-0.01802022508616069,0.08431328780416135
0.01228264595951635,-0.025089075073375912,-0.010825171486809986,0.07749382937175081
-0.003919564672307823,-0.02089801909231012,-0.0030037723797057773,0.07004597591907728
-0.019605811576100016,-0.009631410645954089,0.0032585435694196217,0.06452992696539615
-0.03365776113044294,0.003877034322431319,0.005742665076550992,0.0610576468286689
-0.04599541695223197,0.014745987603653303,0.002989859256874519,0.05732324134147776
-0.05689010616067352,0.019561589346402695,-0.005156578366517166,0.049774380414876085
-0.06616484924266758,0.017255396233131826,-0.017444005611954964,0.03548163140846311
-0.072724419711807,0.009111972909438798,-0.03154049779584723,0.013944019379013739
-0.07469314436375907,-0.002010539837815087,-0.0446468380818779,-0.011959208418447664
-0.07014924606251091,-0.012893662321351328,-0.05415858561343608,-0.0363713539354819
-0.058155248746645294,-0.021124359691644085,-0.05817254618564731,-0.05220542966101897
-0.039618742560602334,-0.02578739662824018,-0.055734727779506645,-0.053681184881833086
-0.017549395628658628,-0.02746985428866193,-0.04684939044280704,-0.038731357264134736
0.0035013054941797628,-0.027646321235391833,-0.03235179406536619,-0.01032323077862008
0.01870664338217466,-0.027757103238995023,-0.013756725261786854,0.023924154883562504
0.02452692857407729,-0.028402688964313715,0.006863159189105995,0.053849776976171965
0.020003078456256256,-0.029014295316218984,0.026999580394637686,0.06996164349006988
0.00727568228171501,-0.028149646668546746,0.04391822906778753,0.06666642585020795
-0.008920618358072596,-0.024290310275619204,0.055031079024120425,0.04435330210806637
-0.022675895095024406,-0.01679211612242144,0.0584243661729415,0.009512877184611497
-0.02879040527730812,-0.006555717851672084,0.05341872411290267,-0.02726114669985361
-0.02449688711049289,0.003921973581818276,0.0409491456066019,-0.05478217779994301
-0.010427654423340062,0.011215352062404139,0.023548395356097568,-0.06511385140292106
0.009517112734794296,0.012162681523414657,0.004821464969430714,-0.05639631482249127
0.029371606454426387,0.00515688504190066,-0.011515930889275452,-0.03361700175845657
0.04298479859947779,-0.008968789371962865,-0.02276524369977958,-0.006984961939109378
0.04595801579806873,-0.026846773001823847,-0.028148990074796404,0.011587958686516617
0.03700394240420965,-0.043385944828586695,-0.02912136238837055,0.012706520741065506
0.01829279755905243,-0.053268419408897615,-0.028892435912632315,-0.007061076221653889
-0.005303860950977415,-0.05264701370094553,-0.03125249663831167,-0.04374231818764739
-0.02779420057285783,-0.040459182641693334,-0.03906454326444538,-0.08707346882069576
-0.043930467281395436,-0.018884208325019403,-0.052962619298718754,-0.12382158370733524
-0.0507402450886873,0.007243817300148701,-0.0707713875740494,-0.14218708256688806
-0.04824164205455625,0.03189451707665748,-0.08793812723003604,-0.1357674369848676
-0.03914870838310885,0.0496930714664124,-0.09891171245973958,-0.10570785570831656
-0.02771567458593246,0.057546730430064454,-0.09904167829761873,-0.060298280791519304
-0.018147443804593717,0.05550298701275693,-0.08634305371481604,-0.012172587069568516
-0.013129014018129274,0.04656132314122012,-0.06247533041337504,0.02589534457912965
-0.012963178580618056,0.03552005622900658,-0.032529848097225436,0.04512355862877674
-0.01558311072065493,0.02726668450610766,-0.0036295884829130043,0.04335531482315946
-0.017404638296548314,0.025100337996534296,0.01722680988615187,0.02532298948901897
-0.01470462327471879,0.02964878314677651,0.02535779706510408,0.0005298165248462453
-0.005046791398487044,0.03872450701517059,0.019874246926375648,-0.02041666661774478
0.011726521688239955,0.04813632775013241,0.003920240784461473,-0.02965647125718563
0.033264625779944296,0.053152077411544325,-0.016409956749563585,-0.024726449327737425
0.055314011592144885,0.05010421436135754,-0.03410344185358444,-0.00909844991681219
0.072961750759662,0.03760780569277203,-0.043502253905337615,0.009503794855128686
0.08211876816231968,0.017016850958304505,-0.04203648123375123,0.022301053647182774
0.08077499040316174,-0.007983880426971804,-0.03084074723396418,0.022924178135381012
0.06963632056270928,-0.032468282324083414,-0.014088729607208705,0.009843017632142785
0.05195040449247201,-0.05165334811968994,0.002658196346899854,-0.013121908669226306
0.0325800789169018,-0.06213378047426895,0.014451222771232774,-0.03834190550115346
0.016611734769865664,-0.06261420873959443,0.01856971978904726,-0.05733624025171152
0.007921890871372912,-0.05398319502392004,0.01519611994836955,-0.06398236715315203
0.008130243747794608,-0.03879669258386333,0.006971353433667227,-0.05675023172553371
0.01624290702345836,-0.020410422753220858,-0.0023190535166960485,-0.03912709081987606
0.029075745356911965,-0.002069708750338326,-0.009362247342168464,-0.01810471900320791
0.042310725035100145,0.01377687043001091,-0.012586937886766694,-0.0013433339164355407
0.05184987249752004,0.025795189067932642,-0.012602018684889721,0.005875725656897528
0.055047952099429046,0.033715381892867775,-0.011674503674366482,0.002728683161562988
0.05145037243202546,0.038028877123752525,-0.012506760747995394,-0.00683864523148766
0.042821979505250435,0.03959667506978927,-0.016847978865732097,-0.01568235821907977
0.03247564174059234,0.03931264476271963,-0.02452892015706741,-0.016313499188575113
0.02412768351779116,0.037899766448576594,-0.033326124891003624,-0.003946015909038437
0.020652600107552543,0.035842604746696656,-0.039719466036648915,0.021417380826691687
0.02313681113321487,0.03340852175511019,-0.040244225809846795,0.0546536610556838
0.030531950635501286,0.03069857491171226,-0.03289995261623908,0.08707723679832471
0.04001371014433662,0.02769086485851119,-0.018055804105028952,0.10932277415420696
0.047924416579533974,0.024273447104859687,0.0015088024342502504,0.11450884536029012
0.05098938284803198,0.020287259323692595,0.02145091920481483,0.10055166952535116
0.047409448448845024,0.015597947663290496,0.037278577751707245,0.07082823341231949
0.03747370458978292,0.010191267752372595,0.0458015708254222,0.03300181563157478
0.023493852947723645,0.004256269442557012,0.04608523888246091,-0.003514754882856186
0.009083513137116889,-0.0017950228264800583,0.039577531159934246,-0.030518110883230393
-0.0019809076069786657,-0.007408942163593016,0.029403019766997142,-0.04335302902158381
-0.006946792627930347,-0.012068041075229213,0.01913081923943507,-0.04187088495373621
-0.004937014735048839,-0.015508145309405665,0.011504739047529723,-0.029793947727876975
0.00280099105236176,-0.017879834572897352,0.007608074958825182,-0.01286463029022622
0.013315462697015706,-0.019760422510625524,0.006737434653897263,0.003425972025958634
0.02288729776423654,-0.021969187883740388,0.006966897174705097,0.015646265504582806
0.028167574731861215,-0.025217841730157294,0.006116948349613136,0.02313793580774239
0.02714516005671439,-0.029709465898800486,0.002707416961291332,0.027484205792396812
0.01964473500387388,-0.03484649143302061,-0.003482718115936867,0.031090410957524406
0.007223802517198556,-0.03919572445531076,-0.011431433796435478,0.03557141810806605
-0.00745753956647148,-0.040782319864906505,-0.019392654479548004,0.040679103590220256
-0.021549613321927417,-0.03766744951929348,-0.02563891138301038,0.04424015026717809
-0.03288575078243312,-0.02864798769613708,-0.02907746619480681,0.04312581373098713
-0.04052760610872315,-0.013846549638563299,-0.029478416047130432,0.03482751261521512
-0.04482970400114638,0.005031651708983141,-0.02725605406634787,0.018946580780065482
-0.047048391316541385,0.02490818692152224,-0.022966652519000035,-0.0020718262971032714
-0.04867864722113212,0.041993789376073946,-0.016824583746457827,-0.023333305763941985
-0.0507847269014781,0.05273721883359932,-0.008529550155299465,-0.03893777918880653
-0.053571916811041675,0.05478770020816379,0.0024577334982223698,-0.04396654109936175
-0.05633937262081205,0.04767771500921288,0.016287492290559674,-0.036275880454416
-0.05780255508930052,0.033008637997558585,0.032041679909127777,-0.01741411433115843
-0.05663669372340725,0.014070138319352943,0.04738306784108869,0.007703923046460816
-0.052020175025935964,-0.0050030997389192144,0.058816516156416684,0.03227369515682889
-0.04397216848999905,-0.02029354658558595,0.06260447019437276,0.049716258965138004
-0.03337113010512678,-0.02907529751091754,0.05608473597907466,0.055692251131031295
-0.02167029330724467,-0.030427242958415403,0.03891630614309204,0.04932410711179562
-0.010440848206384135,-0.025326540896497694,0.013731112261515917,0.03323670818010713
-0.0009295232348698404,-0.016221905888741117,-0.014166858630455456,0.012459458956156374
0.00620402364378244,-0.006235957614481265,-0.03808639222537803,-0.007367311390848667
0.010890653721945608,0.0017574773437227416,-0.051876034532636006,-0.021818410671108124
0.013429703611629422,0.005916549071574555,-0.0518765246616369,-0.028911542927641642
0.014167915918733811,0.005868677013612263,-0.038219044560098184,-0.02936612228709988
0.013240929164898366,0.002706581130166759,-0.01497598531140229,-0.02590073057070394
0.010503376301784509,-0.001425258482195789,0.010950683158187778,-0.02192478267557456
0.005683693065253223,-0.004015589841684805,0.03188077395955985,-0.020169067088485565
-0.0013062042319698583,-0.0029447342315375817,0.041687344863466466,-0.021769442871722937
-0.010053346815193147,0.0028857883124313102,0.03763866978683297,-0.026095142354922052
-0.01948055159264684,0.013208695218382414,0.02114252589866783,-0.03129728494105689
-0.027945627481103658,0.02640936665310625,-0.0028383100499820707,-0.03527353667196192
-0.03360739348932089,0.039895291463339866,-0.027473368210456525,-0.036608230503976234
-0.034951097633400985,0.05072296880623904,-0.04625672300470529,-0.03509764603322209
-0.03129067075541256,0.05633062139386179,-0.05495261196480477,-0.031674798569882416
-0.023058236210279484,0.05520027760872247,-0.052658788178627985,-0.02781479892420012
-0.01175773996649354,0.04728568583878362,-0.04168893263813225,-0.02471882344381999
0.0004237344773247026,0.03409206155835557,-0.026404730616954405,-0.022656235202896606
0.011229507732015635,0.018372409176622695,-0.011490379125354173,-0.020763698990690582
0.01896975167676518,0.0034985444225453053,-0.00032757620940798704,-0.017397315299193715
0.02296621543920735,-0.00734793291015445,0.005954820873572797,-0.010896446084075974
0.023655631650013213,-0.011962224457837782,0.008472693285034614,-0.00044373910527598093
0.02232196503823084,-0.009670545958075247,0.00971491299700649,0.013336877416743886
0.02055882131788675,-0.0014931111383256548,0.012222698749334168,0.028300889678206383
0.019658225633638143,0.010141466594146636,0.017377776975332812,0.04127835468282625
0.020146170290043272,0.02206132871198787,0.02477722019173298,0.048981190325830926
0.021630149893496237,0.03121299406647563,0.032411908224628694,0.049009764405855
0.023009438931824142,0.03547212601715338,0.037533368301104916,0.040616967363130155
0.022966482452127072,0.03416625500658072,0.03782325954978852,0.024984279933929557
0.02055501890237422,0.02815808254224689,0.03237455490101706,0.0049415149867041985
0.01566410757100245,0.019474803909195388,0.02208838774677402,-0.015751786972766177
0.00917996436319285,0.010612725154338403,0.009340435368224848,-0.03331851559409704
0.0027742307948289777,0.0037486212000378957,-0.0029291301071971143,-0.044796429089262235
-0.0016195532129576022,0.00011382350112549514,-0.012318904917133833,-0.04858416624330518
-0.0024664960156096684,-0.0002754937960481041,-0.01781073252873619,-0.04461628675617108
0.0008003751118411187,0.0015337020060123586,-0.020018310050308047,-0.03420531998634703
0.007505706398875996,0.003922915325909489,-0.020751204471915703,-0.019665665195576196
0.015860883844222864,0.0053371052663670196,-0.0220854152041803,-0.0038470286425720222
0.02347156678482625,0.004827302053742472,-0.025330772755223382,0.010332460154078342
0.028070869208795042,0.002313262631049206,-0.030325977561956607,0.020316329520015206
0.02824579620437965,-0.0015057290808879811,-0.03536012182815805,0.024298098489874118
0.023919794069835982,-0.0055262087064880255,-0.03776933159059059,0.021555716704981437
0.016426650018175636,-0.008730336878114095,-0.03498826116003786,0.012681952988120693
0.008137987923057907,-0.010584554191401467,-0.025653602756710973,-0.00037751774654744275
0.001748282341807772,-0.011191011697499732,-0.010330188933120963,-0.014568591314014667
-0.0005671299006273223,-0.011146602783546261,0.008432082577459855,-0.026290875429880713
0.002140256357082645,-0.011190078536025952,0.026755054965488072,-0.03220839288832979
0.009244668503840814,-0.011805969475491479,0.04058550411313724,-0.030124282814772994
0.018677913771192732,-0.012968468998828697,0.046948552465040275,-0.019661123943104188
0.027513038312312842,-0.014143487811512617,0.04487301035345876,-0.0025006615494370804
0.03283077201984202,-0.014550501358904303,0.03568181180771082,0.01795189790434057
0.03260735856030088,-0.013567348265698307,0.02256589438540168,0.037431739727864344
0.026349093317958677,-0.011091991869273,0.009603470904741174,0.051969452987268044
0.015271044140807696,-0.007686523953523813,0.0005614390371522227,0.058977519639055814
0.0019549960471329925,-0.004417836572046512,-0.0021351922888652314,0.05790842693486286
-0.01041645628494825,-0.0024405278395444197,0.0020357881481961916,0.05025818433445351
-0.019016773301520237,-0.0024857716220989786,0.011727164699858952,0.03891496523579452
-0.022224348077195477,-0.004473663699094008,0.024274664180358268,0.027089381082383176
-0.020091921797375928,-0.0074299009415989825,0.036541288832350555,0.0172194030317558
-0.01428071701040895,-0.009771662107824684,0.04576890346345516,0.010254579623714111
-0.007473276432962056,-0.009877160746582785,0.05019550900450588,0.005580404442824684
-0.0024497539435711924,-0.006729720363126607,0.04931035751532713,0.0015949982754485757
-0.00112811580168648,-0.00038296423997442874,0.04375226837916765,-0.003309015597853968
-0.003888906093121071,0.007949296985551945,0.03495945599357363,-0.009772153903198242
-0.009419286117578814,0.01623557661953346,0.024722348416748075,-0.016926081465818185
-0.015143383896731106,0.02229039723541973,0.014773189550919554,-0.0225394123052055
-0.018109691241141757,0.024517613340714933,0.006490538923426031,-0.023834847583361407
-0.016046604712717866,0.022453287858352114,0.0007360354055729983,-0.018682049365396906
-0.008230002443331646,0.016899482459772693,-0.0021982430353999424,-0.006697368868930888
0.004141404529658801,0.009596069998583964,-0.002561287548317432,0.010212661586264077
0.018209498025546347,0.0025574085815721834,-0.0010488346477759147,0.02813718124007615
0.03029224385913175,-0.002666957429521513,0.0013573629710814591,0.042242234179989915
0.037027309545364706,-0.005517344287877007,0.003616296365216754,0.048304385381699566
0.03644742393081141,-0.006528922983804669,0.00489653535645726,0.04416221905283903
0.028625066885390002,-0.0069788169159312845,0.004827708086217727,0.030554727645978608
0.01566326435303641,-0.00822282622454285,0.0036498870961972144,0.011018623907817382
0.0010284710950252685,-0.010997796910622235,0.002182640716926705,-0.009152506765642915
-0.011553918976242021,-0.014984583645271561,0.0015825101518891008,-0.02454711468038845
-0.019269516151925906,-0.018826355190449374,0.00293395197345599,-0.03131471814859311
-0.021054708497646613,-0.020615737548597125,0.006795591031451307,-0.028310511887875457
-0.017824931917158712,-0.01867314620237067,0.012866061284665803,-0.01732239507927593
-0.012023740188139787,-0.012313858694511404,0.019916404311851276,-0.002325626292667776
-0.006663151903637504,-0.002293849320554084,0.02605612831443726,0.011946168949898361
-0.004203740290442487,0.009260803433490228,0.029281499204470905,0.021592556117056322
-0.005676577504293442,0.019442293632808312,0.02814075776390529,0.024741282658438404
-0.010358468336067045,0.025470538792963224,0.02228803997017626,0.021953050264708507
-0.01610903266677627,0.025601630012591338,0.01271599471797481,0.015744551881875443
-0.020236315354580252,0.01970928375889361,0.0015566606745167043,0.00946090300467791
-0.020564691107384833,0.009332217056662317,-0.008511017671428603,0.0059514327345071005
-0.016305540986285085,-0.0028241547550195284,-0.015064253927098148,0.006547004392589498
-0.008404705626416202,-0.01374669905267021,-0.016682435465322457,0.010693955106649389
0.0007655598063519382,-0.021026183867820396,-0.013378092537950283,0.01633189272362004
0.008259512996373517,-0.023508662632477056,-0.006559096132686605,0.020817278081039253
0.011642505928866665,-0.02148485244372395,0.001468632310893045,0.022001261550258777
0.00990654350152232,-0.0163955417018413,0.008286034103608828,0.019037792028152978
0.003876388574608175,-0.010207340763690412,0.012159613884932516,0.01263045628020898
-0.004048284849942588,-0.004718016614815468,0.012576915234296979,0.004663629589068449
-0.010726065726516031,-0.0010477760129707497,0.010338755388560855,-0.0025927842354620673
-0.013382986257560662,0.0005293742306524164,0.007189255011062164,-0.0073614055707781345
-0.010597609525940289,0.00041345075203095064,0.005129933251192358,-0.008965669340171636
-0.002807728124039857,-0.000697333322668383,0.0056727569932086,-0.00794792877134097
0.00784084401565812,-0.002183143299674277,0.009300323465717387,-0.005689711692168226
0.018244192822358785,-0.003706599496659531,0.015316957020541859,-0.003729845923290828
0.025415127274713546,-0.005177082188575918,0.022126521017598322,-0.0030879710315119685
0.02749675333158942,-0.0065382622333333695,0.02781792403546916,-0.0038797427557769465
0.024358073398765313,-0.0075348610418997375,0.030834877036984353,-0.0053704526560232405
0.017572772514569984,-0.00762663269927355,0.03048852538675738,-0.006418593820756489
0.009808363924025093,-0.006142118607310426,0.027142274642389976,-0.006093686516218909
0.003862850578802965,-0.0026360075580071918,0.022026350038193032,-0.004182815938659332
0.001703734980035343,0.002707956086238139,0.0167744837018631,-0.0013547587634961944
0.003849297633248795,0.008841985667368754,0.01286635665810184,0.001096330789436134
0.009294348650052145,0.013957321797672131,0.01117654812505961,0.0018203426915529564
0.015976987681573823,0.015964298934856694,0.011773448073188787,4.763652054042e-05
0.021587449858825505,0.0132207870440889,0.014007770077383963,-0.003987432730576834
0.02440645882012772,0.00524815652054127,0.01682320683188903,-0.00903064332020441
0.023867131672946754,-0.0068611822274944195,0.019151961453044118,-0.013226034315534204
0.02065352129942805,-0.02055399720794532,0.020247562984681167,-0.014812775078209765
0.01633081793733382,-0.03247065019638963,0.01985321362185794,-0.012825961615805369
0.012676151332955854,-0.03945869137413936,0.01818078582324032,-0.007518422043312101
0.010980154789694337,-0.039604741674574444,0.01574886819354457,-0.0003275221585389704
0.011583719959581622,-0.03291015206629402,0.013169077433554131,0.006610460978626595
0.01380951261618904,-0.021345552761722154,0.010966642582745177,0.01121772255099436
0.016288850101559935,-0.008236898449689903,0.009482963767174564,0.012217100054115075
0.01753475055109796,0.0028189085540165637,0.008857884693108109,0.00957926844614351
0.016527821918367352,0.009131389826626923,0.00905370206073602,0.004511570058805496
0.01309148162964591,0.009767555960446303,0.009877484856596168,-0.0009972292662071957
0.007927478463339913,0.005772584702883048,0.010982148417715942,-0.004894259753028644
0.002320451089484872,-0.00031279547025946097,0.011863293517945434,-0.005767797041706265
-0.002354397008725334,-0.005450971706467172,0.011894608865534478,-0.0032834029139731137
-0.005121078612804725,-0.0072451882282294,0.010441502920462559,0.0017905699257967402
-0.005706623117086362,-0.004793060821044581,0.0070574960887599125,0.007945423629385082
-0.0045610282223809,0.0010526827880130048,0.0017153647971890618,0.013514166266133137
-0.0026123417962026704,0.00809386074318039,-0.005018611482510128,0.01723470357071436
-0.0008758683348828525,0.013687523473733998,-0.011967791645928219,0.01858505184964955
-8.148504408616447e-05,0.015775146622988383,-0.017547629150937327,0.017792565687572467
-0.0004594058582166327,0.013638871578891848,-0.020171786222580743,0.015561572689600338
-0.001747370683420152,0.00810177343197499,-0.018757681155785966,0.012676348103737835
-0.003386791610994061,0.0011159529311523114,-0.013164922875314067,0.009673149020458328
-0.0048023531240309406,-0.0050739216942968235,-0.00439492220013895,0.006724224288057402
-0.005637324802335161,-0.008840271682983167,0.005557588273141692,0.0037645501462569494
-0.005850620091798521,-0.009784577148108861,0.014196874519179718,0.000770619745774255
-0.005652645921862522,-0.00881108431024527,0.01923264081422989,-0.001975034457837907
-0.005331758695223433,-0.007647207298308201,0.01928103461301636,-0.0037956996557342304
-0.005068580736456895,-0.00802381218684256,0.014323937876588748,-0.003788285813866074
-0.004833093189525416,-0.010866650166980463,0.005758398728941138,-0.0012021352361029775
-0.00441290622370108,-0.01584250638592087,-0.0039990741248023265,0.004126960663450738
-0.003553645274811487,-0.021454129060570315,-0.01223680482770003,0.01148975198595123
-0.002135939880763313,-0.025648471954300964,-0.016768371137295263,0.01932377185401861
-0.0002942788496921381,-0.026687548511623905,-0.016579988596071103,0.025584470162439116
0.001590178286714622,-0.023918718148523886,-0.012093140960206597,0.028366032324425965
0.0030302564500139656,-0.018118078457653744,-0.00496272204370686,0.02655765395099681
0.0036481222974772826,-0.011252496711051399,0.0025097613284531077,0.020288635245163243
0.003365668050769391,-0.005743169349564384,0.008139103516069656,0.010980749862870953
0.002474648058038889,-0.0035198901503137314,0.010533324316902244,0.000966266114205222
0.0015408777181363208,-0.005246001619977361,0.009462769884466461,-0.007208864484379435
0.001170866198655262,-0.01003132736694725,0.005816391119628846,-0.011557955314395518
0.001735221124868873,-0.015758307751350106,0.0011890092159992961,-0.011233996283952274
0.003170732066165475,-0.01990169366259685,-0.0027307384549321682,-0.006720275893002503
0.004957681941999086,-0.02052284995212831,-0.004743578152008387,0.00042105478769409455
0.00629887380556457,-0.017046450949769892,-0.004492392497480777,0.008132853211651168
0.006440337546097645,-0.01051021969807335,-0.002480526716723646,0.014553578049421863
0.00500746153665249,-0.003184896357972481,0.00022020601655888677,0.018562311242008554
0.0022141171167867693,0.002290253300872628,0.0024375503941722124,0.019996411508494006
-0.0011541223866623276,0.003920112466877124,0.003356038074518626,0.019496600623760612
-0.003993632367422048,0.0011203353613360029,0.002796843642798877,0.018080677321106145
-0.0052866422151550685,-0.005058629311845912,0.0012336700490749863,0.016644787387121763
-0.0045018301909664216,-0.012332756339777868,-0.0004368548881151929,0.015603289936421707
-0.0018308427012614786,-0.018048887185383746,-0.0012630722196402266,0.0148037151087985
0.0018420201353815495,-0.020172041812264122,-0.0005968108865197774,0.013726493081260373
0.005237712182619621,-0.018013065399865802,0.0016865941717436467,0.011854849978292857
0.007142636502656681,-0.012423021539086296,0.005171210150166181,0.009030627742965008
0.006858435404504096,-0.005395448345796222,0.009069329270220666,0.00562465755310251
0.004468123564675401,0.0007488371993376319,0.012493992581458396,0.002438173988282097
0.0008133362535031399,0.004260439951640244,0.014727156032988638,0.0003754310148209039
-0.0028118002251051807,0.004586745515674215,0.01539394057557019,3.325748315752275e-05
-0.005134704739818113,0.0024870239418148324,0.014502928889262898,0.0013949913896907432
-0.005365377228356241,-0.00038779673052289493,0.01236876329766444,0.003775697350832004
-0.0034689762013231026,-0.002259033926331193,0.009472469269297665,0.0060595289182334144
-0.00014895724580212336,-0.0020020734846986493,0.006323537494296809,0.007143298281027312
0.003446243363845067,0.0003784463079094802,0.003367531054023966,0.00640673883660841
0.006172016297435162,0.003771096127654791,0.0009482619941270573,0.00401013328591622
0.007312036834244584,0.006459463067992263,-0.0006963504319550881,0.0008839470784423598
0.006812091970789656,0.006886499653396674,-0.001436210881322314,-0.0016020772081053042
0.005237078759528814,0.004357870460798545,-0.0012682863987856785,-0.002171041530745585
0.003478782220785041,-0.0006116907750209066,-0.00034724996494922555,-0.00016623386111503519
0.0023431904288946995,-0.006455890369672791,0.0010010542706333642,0.004137417962679357
0.0021934787636935307,-0.011156653873201472,0.002317048983239464,0.009568992382313018
0.002799279984707862,-0.013042510349806857,0.003111522583170538,0.014441698732604112
0.003455142861276333,-0.01146041908117372,0.0030180538988580172,0.017140162812224136
0.003317329974722616,-0.00704743738273441,0.0019418785918399392,0.016695629968567563
0.0018152057337520455,-0.0014912635664264956,0.00013882327086698482,0.013133242804976769
-0.001040115284485485,0.0031245572706484898,-0.0018263667898885394,0.007462745701257573
-0.004587177500551737,0.005128339098528712,-0.003249607687954681,0.0013201656117088345
-0.007725218286014024,0.0038990239924498113,-0.0035375499444074004,-0.003600618365742783
-0.009328545972780542,8.486428345205049e-05,-0.002448437478858305,-0.00611214000272467
-0.008701393229951344,-0.004678377393441666,-0.00022502306699223595,-0.00588794801179892
-0.00588884720345921,-0.008429473821645262,0.002446852796732922,-0.0034893114710630585
-0.0017125836211621948,-0.009654579126087345,0.004656196657059734,-7.506432124813195e-05
0.0024927266607833037,-0.007862929034671801,0.005591738423047769,0.003075104505763978
0.0053479634868179304,-0.0037432060073220325,0.004854631645576882,0.0050306824750779855
0.005926296407422198,0.0011485842229011847,0.0026351572959268862,0.005496184794409092
0.0040882644727062815,0.005030222207342151,-0.0003249224839355011,0.004819807454285155
0.0005270082586983325,0.006596216477444526,-0.0029824508239252798,0.003748052661134281
-0.0034925421066378803,0.0054990984333887745,-0.004369250582967898,0.0030491412770667706
-0.006598857121633224,0.0024245862213991796,-0.003954591718151417,0.003171676138040813
-0.007804565913896444,-0.0012526587714553686,-0.0018531590799616658,0.004077803527184301
-0.006837583543182715,-0.004074240211603165,0.0012063410925202585,0.0053069324326007195
-0.004193363913471207,-0.005103921235937888,0.004145323689466605,0.006224325763935858
-0.0009001014433155236,-0.0042821967907378175,0.005934100232927734,0.006332160605918936
0.0018999252569643424,-0.0023899802679287875,0.005972515237114475,0.0055003101148553835
0.003382179895516115,-0.0006496395076423175,0.004304799448223744,0.004016472090343351
0.0033163591050391714,-0.0001439527846366223,0.0015851112448027095,0.002439795594942562
0.0020882147629849596,-0.0013072580028321845,-0.0011914599234012502,0.00133085503303762
0.0004739235596904652,-0.0037086574021445717,-0.0030843535359080868,0.0009849263541706205
-0.0007259580790155706,-0.006220554349384413,-0.0035709134823082803,0.001292098758531584
-0.0010332349954377887,-0.0075011539427335405,-0.002732429106739067,0.001789255573603793
-0.00047457483628420005,-0.006586173236301569,-0.0011898600947861937,0.0018817571207355582
0.00047067064935372993,-0.0033384029441711344,0.00018146985870946125,0.0011353798703090529
0.0011257657686488537,0.0014372615057746153,0.0006382526465458505,-0.0004942296578686889
0.0009569958976796307,0.0062664960863660635,-0.00010509825756195926,-0.002601851960354496
-0.0001537849704757177,0.00955817952184293,-0.00174847027086466,-0.004476580677661079
-0.0018267787875193703,0.010213592500428803,-0.003531265761718992,-0.0053934904751982565
-0.0033315579940607076,0.008046053336502386,-0.0045609138548993455,-0.00493038852809851
-0.0039038188493853154,0.0038436131609652893,-0.004208965981071108,-0.0031722376470489227
-0.003096735370938797,-0.0009458713114304032,-0.0024085034767322294,-0.0007104528796012949
-0.001014231417014691,-0.004774676820697266,0.00027538756043535284,0.001570124697829564
0.0016797601977137887,-0.00657101115847554,0.0028385404551293514,0.002833336241475616
0.00398974458846163,-0.006100733728923488,0.004222151878188286,0.0026230196136327183
0.004968937395774975,-0.003978782539952749,0.0037363998470726738,0.0010454619872783122
0.004099973951488228,-0.0013417972184181365,0.001351767548755694,-0.0012748071099148856
0.0015207359874754162,0.0006672751213272349,-0.0022625889001785214,-0.003449773701671391
-0.0020001472231482922,0.0013788659043313944,-0.005973422096604848,-0.004688945179561449
-0.005333924111136113,0.0008397649362382464,-0.008601102862407766,-0.004617128979419131
-0.00740533478253173,-0.00027450729048730804,-0.009356461058531568,-0.0034168176287575486
-0.007588152539918545,-0.0010270790713579059,-0.008124698407381226,-0.0017360327573247014
-0.005928319270828049,-0.0006956740778335246,-0.005485905042552636,-0.0004008630109683109
-0.003109019386566419,0.0008588545720023544,-0.002467964480971427,-5.4380982633106534e-05
-0.00017477202667429484,0.0030980844990767687,-0.0001351698740576987,-0.0008752410746044603
0.001873227499197906,0.005030663480860641,0.0008192817574718403,-0.0024963099128976762
0.002449075537045339,0.005659513176438272,0.0003130672858337735,-0.004159557315822585
0.0015761834417169322,0.004454856298118686,-0.001145596881083566,-0.005043235027558747
-0.00016756770979014374,0.0016409275324659172,-0.002721898688095553,-0.004623283306752712
-0.0019228167468626212,-0.0018389168983300591,-0.0036443871244064355,-0.002914505819177071
-0.002921793008305751,-0.004676898424780897,-0.003552044054391107,-0.000485906147719678
-0.0028057170725803993,-0.005734330895150533,-0.0026494065757027008,0.001761170203314802
-0.0017574091578485551,-0.004531299355431236,-0.0016033717486565058,0.0029629898016385638
-0.00039910315810520736,-0.0014816393880699337,-0.0012263036737428972,0.002657981699796849
0.000496138865841436,0.002235731357656018,-0.0020827430052285604,0.0009916471522579684
0.0003541155728106274,0.005127600523989789,-0.004192139512844379,-0.001328259451519459
-0.0009389255600194824,0.005981490628568263,-0.0069621434422978065,-0.0033132963773125287
-0.0029735819265909874,0.004362482112108591,-0.00939113157715513,-0.00410026241510294
-0.004979987384767681,0.0008048868723454644,-0.010464343205866807,-0.003314964332994188
-0.006147627762558991,-0.003385841881075699,-0.009583056304677512,-0.0012416625814208396
-0.005968118771706339,-0.006646152937402339,-0.006846854509535826,0.0012761163534295468
-0.004457020489171751,-0.007776871868968943,-0.0030646014677140274,0.0031678428745520026
-0.0021609523526335515,-0.00642218887626099,0.0005214528476704334,0.003568995674471803
5.460372224871425e-05,-0.0032087019375685727,0.0026961400599606767,0.002179011659669064
0.0013504269995121103,0.0005139875300581159,0.00273581806855901,-0.0006032803459827818
0.0012500560390705587,0.0032265122103847382,0.0006904513859398928,-0.0038249458538170966
-0.00017047225550430312,0.0038610973804445656,-0.0026326692776729374,-0.006349158810397049
-0.0023173140284539484,0.002236500983776663,-0.00598087688689487,-0.007302431538222333
-0.004323220603971889,-0.0008721615643044051,-0.008141963931444385,-0.00641864118673785
-0.005400836909482426,-0.004057690710092411,-0.008411244326781728,-0.0041407153347090275
-0.005159783009493851,-0.005866035935531644,-0.0068538535894406075,-0.0014388206688782518
-0.003758026207182616,-0.005401660357750554,-0.004258364234605433,0.0005811183259489226
-0.0018269182275711948,-0.0027035384756007377,-0.0018022550248925212,0.0011197415993267484
-0.00020276363959452742,0.0012635368440337968,-0.0005661193670356696,-1.6515599054467422e-06
0.0004227684806146284,0.0049992907927719175,-0.0010943000817114912,-0.002281505489290514
-0.00021160868818814738,0.007079584698566281,-0.0031799943884277676,-0.004755004229990922
-0.0018325478919426347,0.006737638984068928,-0.0059607074226302875,-0.006396911932295732
-0.0037511633615136403,0.004175646540898727,-0.008282858247378101,-0.006544209430145581
-0.005154613695158093,0.00047874446909849586,-0.00918432972622947,-0.005165456910476013
-0.005448091905978808,-0.00283265231503323,-0.008295852198501145,-0.0028677136922555108
-0.004504782156915466,-0.004427022357996999,-0.005995950144083804,-0.0006401896068790325
-0.0027200673760320593,-0.00370470009406889,-0.0032558657119053265,0.0005580703219703886
-0.0008478388206385051,-0.001035897974878651,-0.0012386356505037967,0.00019567995529301552
0.00031274386976792856,0.0024034652117035857,-0.0008178213735471132,-0.0016121368225787552
0.00024976454381468727,0.005128769363494724,-0.0022145849048746703,-0.004152455641538634
-0.0010477380141933335,0.005969418688994995,-0.0049031651403903705,-0.006409925399470967
-0.0030834989408976624,0.004558351645224563,-0.0078243028271761,-0.00748549296903895
-0.005057773417714413,0.0014849858847018928,-0.00981924454197047,-0.006965401467522933
-0.006196687596240888,-0.0019517877299293357,-0.010105891294885185,-0.005088670066533456
-0.006070870595195919,-0.004287646060479473,-0.00860100518801597,-0.0026451543078318714
-0.004771623837585781,-0.0045073598722445065,-0.005955508638948766,-0.0006477775470310372
-0.002871955543914173,-0.0024736555438243032,-0.0032878947127307854,8.454334874759273e-05
-0.0011888397522854255,0.0010089075152103638,-0.0017250657522904708,-0.0007393140521093494
-0.00044518197560883266,0.00452286823321011,-0.0019393231172729827,-0.002769327846112654
-0.00097125213054753,0.006624072074712384,-0.003871979301411449,-0.005166605572872546
-0.0025687996788445423,0.006442233768665741,-0.0067573620686271485,-0.006956285447529076
-0.00459365163321792,0.00404621794839399,-0.009437369862303369,-0.007433370846619838
-0.006222272792771169,0.00042136200059767707,-0.01083712419868725,-0.006452731975541401
-0.006791902188905172,-0.0029332277630222114,-0.010405946428466623,-0.004483542335191812
-0.006073772182185924,-0.004621747648190178,-0.008342222147658174,-0.0024069399318543544
-0.0043668881121641245,-0.003928092973960795,-0.005509823039123195,-0.0011426354187902693
-0.0023741934415493077,-0.0011127360909373857,-0.003080907576199877,-0.0012610869830610993
-0.0009128373315976657,0.002693465232206732,-0.002052681628835429,-0.002743365585764518
-0.0005785303733323727,0.005955309745245829,-0.0028375472967114013,-0.004988822223965794
-0.0015024898804355674,0.007366740029790007,-0.005095605290391492,-0.007067080839570939
-0.0033007469804008926,0.006389674580208244,-0.007878276991903951,-0.008108891868312158
-0.0052357986494782904,0.003474931929085146,-0.01002325163729386,-0.007672438996117553
-0.0065228433254086605,-0.00012652694796901412,-0.010637145816778137,-0.005931876465691283
-0.006653428934438949,-0.00288406551095852,-0.009466088591788768,-0.0036089130272006636
-0.005602728768224652,-0.0036239000294001587,-0.007000881076183345,-0.0016753228693564826
-0.003835394839699399,-0.0020176030287949107,-0.004273247692109711,-0.0009497985905595058
-0.002108668316604695,0.0012804517253505662,-0.002427581216361302,-0.0017568082822395775
-0.0011553824405147323,0.004904321883940289,-0.002245587369394564,-0.0037896395253518983
-0.0013789156966860852,0.007344428973812053,-0.003820848607268959,-0.006235150696185743
-0.0026866812597778345,0.007576764886734717,-0.006518375088800064,-0.008109052035879888
-0.004530803718089081,0.005491974566673233,-0.009236264578208662,-0.008662961018111634
-0.00613839519121992,0.0019454090207111016,-0.010861427291301656,-0.007694428145816015
-0.006835130067110312,-0.0015937959513136896,-0.010730767763366206,-0.005631148537706902
-0.006327260607234694,-0.0036501002864489235,-0.008906676107394103,-0.0033541109064818206
-0.00482472923354911,-0.003353986852922937,-0.006152327951340467,-0.0018327067815240364
-0.0029542515460265727,-0.0008051950012653783,-0.0036164993946445,-0.001722903458746202
-0.001498613010856062,0.0029648032134890305,-0.002357998305740107,-0.003095048129196273
-0.0010706531858872964,0.006416800864843363,-0.0029065171846575574,-0.00540425424961867
-0.0018575384267216083,0.008139671643640968,-0.005041996676290135,-0.00771581795000735
-0.0035417218166839265,0.00743499020932048,-0.007884396191298604,-0.009092378838754092
-0.005431608698729065,0.004607940728651727,-0.010257316260663313,-0.008982424256396948
-0.006747857248156006,0.0008431247866873409,-0.011175344244733681,-0.007449091880854207
-0.006946587265031771,-0.0022843371688940073,-0.010253384019152274,-0.005144351862963338
-0.005945371217182301,-0.0034606861070671097,-0.007868097189887773,-0.003039157379280115
-0.004158129604555288,-0.002178585436714578,-0.00500391190567669,-0.0020213125853768693
-0.0023242612835275966,0.0010508257226446854,-0.0028466132213571423,-0.002527677836174684
-0.0012026680054251088,0.004907580595167986,-0.0022922948246926478,-0.0043631507487074585
-0.0012574020405445169,0.0078083253838939215,-0.003574962431892058,-0.00678148716454487
-0.002465222643845813,0.008562231512326268,-0.006167454145003554,-0.008794517272012699
