ch0,ch1,ch2,ch3
-0.00123768591235493,-0.0011633718165196781,0.0005312540477216618,0.004520980300584385
0.0016276212527142342,0.002050032264640265,8.442224478934224e-05,0.0025589031392902056
0.004259110683434136,0.0038623807759878837,0.0008954835923772608,-0.00015131237507853834
0.00557504055940114,0.0035369775952834998,0.0026139090541020676,-0.0024889394558706493
0.005038768818477174,0.0012188754234606358,0.004512832865055258,-0.003487675271657345
0.002879922511969585,-0.002125793850483365,0.005791058475837607,-0.002733304065728935
-1.4809176198393725e-06,-0.0051089438631471,0.005905720882313274,-0.0005336547998711742
-0.0024078262367392134,-0.006493267421735449,0.004797502263009307,0.0022088435641689115
-0.0033390784666997367,-0.005702293361114212,0.0029149432838916217,0.0043692041603267395
-0.0024055104813337364,-0.0030575152119017325,0.0010278475615173033,0.005063097258180792
1.2398613210701237e-05,0.0003549671651752809,-9.262183355662756e-05,0.0040104694726870865
0.002922458379753995,0.0031330310004239886,5.797463234716305e-06,0.0016500249008861434
0.005131514404180158,0.004137159708985982,0.0012689028905710983,-0.0010422443940543771
0.0057382112288864515,0.00296046081753909,0.0031590183498351777,-0.00295542402652868
0.004504022340206595,9.636054714416004e-05,0.004878855802798246,-0.003301069946883872
0.0019495772123801214,-0.0032649755931188663,0.0057030613310026235,-0.0019373367680524459
-0.0008627884944279185,-0.005727357219295008,0.005279525611431718,0.0005733469029708116
-0.0027695460866869748,-0.006263984000787672,0.003775175204447534,0.003196413413015395
-0.002986856964036555,-0.004640355164370797,0.0018057114747323522,0.004851191076956418
-0.0014329119676989716,-0.0015104868218525844,0.00017868805918645758,0.004855330253263214
0.0012411064193131177,0.00185298705593848,-0.0004430069268104783,0.003204871631533379
0.003923403580296195,0.004083341237474707,0.00018289440521603376,0.0005751679282540653
0.005503720368923996,0.004282566065426367,0.0017775318917616807,-0.0019570956789115926
0.005333417405038905,0.0023904812379339987,0.0036576151626680486,-0.0033558797641398477
0.003492972792280155,-0.0007918345379966212,0.005020562165910111,-0.0030497772637269813
0.0007565442007718415,-0.00393372249275659,0.005279107459081667,-0.001163993860678194
-0.0017310499319172223,-0.0057247897062220054,0.0043057946683997955,0.001534144713125546
-0.0029304637802125555,-0.005416121619950316,0.0024853675794793972,0.003952472892552995
-0.002339392543316554,-0.0031296941048303203,0.0005532472165782967,0.005122396605737434
-0.00020066976080246324,0.00019160861871625468,-0.0007123861527926247,0.004593442840254369
0.0025991451121266246,0.0031728669236622264,-0.0008161726293618825,0.0026120499402459973
0.004898324967572712,0.0045747806555371424,0.00024742151224406775,1.2435071290922695e-05
0.00574260194807389,0.003806353076561877,0.001992478757654941,-0.002133514586381599
0.004781601445337708,0.0011714379568857312,0.003646378053503354,-0.0029611726627333454
0.0024146541289016762,-0.002252560702773347,0.004475487571719686,-0.0021683789555600463
-0.0003744977054433718,-0.005054317755725426,0.004095469730336081,-0.00013445395693238715
-0.0024256191671905777,-0.006066248962135992,0.0026358561623455318,0.0022448912114804292
-0.00288348686597089,-0.004843316036281964,0.0006891129235853666,0.00393662629482331
-0.001553412881204086,-0.0018468221193519083,-0.0009355774981780474,0.0042047639584991865
0.0010166487149384732,0.0017417870343289545,-0.0015516569003184294,0.002918868379166592
0.0037616689146708,0.004500423714315745,-0.0008859178982623325,0.000608406550551964
0.005539664834415967,0.005342623004951044,0.0008016079037337434,-0.001759283754589818
0.005604401303747758,0.003955118104199851,0.0028200941129505747,-0.003184438346121886
0.003915128681603139,0.0009189885388075081,0.004331531489596141,-0.0030543098434683766
0.0011551313782005024,-0.0025330607834937614,0.004698332605256768,-0.001401281453022707
-0.0015487831717743983,-0.005021644065978284,0.00375020773479378,0.0011085740890859064
-0.003090112165042666,-0.0055796346751253965,0.0018582683931526248,0.0034524329637692086
-0.0028382971577414137,-0.00403635599123086,-0.00021606836167979704,0.004678273603967158
-0.0008980680450596168,-0.0010717911140934594,-0.0016361553139827498,0.004304899702323645
0.0019344913376230805,0.0020776458197629896,-0.0018391911287017754,0.002527024985414631
0.004500844241985352,0.004136861926369938,-0.0007741984091399062,0.0001385129013755891
0.0057578925565270195,0.004317575597597375,0.0010710907410482542,-0.001796090970369646
0.005207466186611137,0.0026345398464279156,0.0028675235852920478,-0.0023865053179457224
0.0031001912078902974,-0.0001161017059202081,0.003786211541470255,-0.0012934813416620866
0.0003298876392055887,-0.002703943606940446,0.0033445000670351346,0.0011202429785703016
-0.0019374266036333854,-0.0039895860622243505,0.0016134367266217586,0.003929788150778636
-0.0027462641884843444,-0.003407597476448948,-0.0007997544889571627,0.0060235413591309475
-0.0017465028017705983,-0.0012054993196605746,-0.0029885216142517337,0.0065607396661807454
0.0006626986008876762,0.0016604263416423182,-0.004107446054151018,0.005322501295165108
0.0034989582648614417,0.00392835846479328,-0.003709848658375814,0.0028100219372862723
0.005603477677668958,0.004564455679274104,-0.001925519321973851,4.6802333875536895e-05
0.006119850822683494,0.0032038034211358257,0.0005927780314593234,-0.0018365686995038405
0.004846540811443166,0.0003145508975728184,0.002930694032327187,-0.0020663960969152656
0.0023172365798346875,-0.0029838395493784614,0.004273707638886459,-0.0005485482763159036
-0.0004237899157051028,-0.005373586366040371,0.004221116578854059,0.002083766974935595
-0.0022577049103791116,-0.005875635447173962,0.0029265733413075673,0.00471913401757703
-0.002457203973977154,-0.004248879709253538,0.0010122066094604004,0.006214820040996737
-0.0009888504543861323,-0.0010871027332229229,-0.0007026594110056085,0.005861050789066041
0.0014742495792324922,0.0024252817148525396,-0.0015415619751515258,0.003674299288948399
0.0038350681815524992,0.00499629713531223,-0.0012371915067439926,0.0003998611892596926
0.005033357416887443,0.005747518558210318,-1.5484913836544267e-05,-0.0027785815908561162
0.004492758495466945,0.004557871135322689,0.0015317274623664057,-0.004706235652069013
0.0023675967022188382,0.002089776434217455,0.0027243706465440165,-0.004713730167197755
-0.0005147914655916075,-0.0005095175511195954,0.003097763541463062,-0.0028798569931793305
-0.002994126640469448,-0.0021029610089804696,0.002598804717539413,4.149575187325019e-06
-0.004059858775825036,-0.00204521671016248,0.0015898698094533315,0.002753245962546138
-0.003276294404342647,-0.00044761888768625815,0.0006609617587775007,0.0042613464883460295
-0.0009723697259461841,0.0018843255889592204,0.00033596094249818687,0.003938837202439496
0.0018854541331820157,0.003812970282833242,0.0008069844529953463,0.001941421508974625
0.004087835126107192,0.004374957549032145,0.0018204528234185557,-0.0008978213466225987
0.0046838370787733695,0.0032148926032553576,0.002773071019374518,-0.0034018706767892128
0.003381952513251102,0.0007587346800349871,0.0029830022672959824,-0.0045124072000616395
0.0006830063525686443,-0.001951311569773892,0.0020209788711667356,-0.00369680905701663
-0.002314187390113992,-0.00369512886741704,-4.651304833955261e-05,-0.001140987184617706
-0.004359287802303456,-0.0036035052625853093,-0.0026187125711976816,0.0023413523301949735
-0.004569029704418255,-0.0015530379375584373,-0.0047597792689846735,0.0056378971701782354
-0.0028057980585133382,0.0017447324989951427,-0.005566608270105966,0.007767115687083815
0.0002417192308384955,0.005006004791484005,-0.00455869890055003,0.008234914441303129
0.0033143817989946464,0.006888058905920751,-0.0019248611960022144,0.0071817642872115915
0.00507725916347148,0.006544883231697447,0.001487859565274488,0.005273540654703441
0.004657418827990298,0.003994838895348143,0.004456228442136542,0.0033948022522207813
0.0020093992909756934,0.00014381309990670055,0.005835159194566647,0.0022803998045996046
-0.002040170138577926,-0.0035528974100699495,0.0050095442063174955,0.002239369252929035
-0.006090376303661604,-0.005658145301709494,0.0021612902528444222,0.003078627635099569
-0.008691682251842504,-0.0053222276743190924,-0.0017639756234316128,0.004244682938923047
-0.008894141556953904,-0.002623215591199199,-0.005389861530401668,0.005108351081159007
-0.00660386569110008,0.0014605170960129508,-0.00742126688332888,0.005259874238200304
-0.0026095829602830745,0.005435002592152639,-0.007139914902706979,0.004683275169016843
0.0017283064686438058,0.007876535894764454,-0.0046890047910257485,0.0037369880296883595
0.005001120920251516,0.007981054198276619,-0.0010315131395208857,0.0029562649175293443
0.0062807458487660756,0.005855708403464249,0.002406875467602397,0.0027725491608903696
0.00544785033141236,0.0024387584439353183,0.004274994363880846,0.003281309808611549
0.003195805878119802,-0.000912044362896533,0.0038060368474602396,0.004167356868893149
0.0007167628166061812,-0.0029859488142434734,0.001101596622673895,0.004825697471518342
-0.0007982848220809136,-0.0032019688134976715,-0.002920713339147299,0.004627901320792133
-0.0006427941238760573,-0.0018077819153846288,-0.006894533865096655,0.003217466335416641
0.0011303235622569796,0.00028270179395603265,-0.00954125403822828,0.0007021450960707776
0.0037466786415837686,0.00193546575193735,-0.010163420237576395,-0.002346201180731436
0.00603921864804436,0.002326887350842931,-0.008900359065151256,-0.005091045610357496
0.006930409979964615,0.00132319158532649,-0.0066463032816629075,-0.006749851277606828
0.005872228810027025,-0.00046083857339616896,-0.004665867626878421,-0.0068985361406847245
0.0030694893372569115,-0.0019531270673792817,-0.004062177493117623,-0.005632269534589646
-0.0005979231846746508,-0.0021391497059326803,-0.005311290577567653,-0.003513323061263271
-0.003916916291068218,-0.00057044274742858,-0.008049649319470858,-0.0013277397777757063
-0.005806547724598182,0.0023681560416759784,-0.011200158705183722,0.0002446930016982603
-0.005721332497991033,0.005568777209519989,-0.013387708875338557,0.0009043736310581918
-0.0038369459495454505,0.007661504498050673,-0.013480380236541245,0.0008303738055766563
-0.0009534931897002413,0.007640314250232109,-0.011043590122805355,0.0005601371598013515
0.001835137937869491,0.005382571604063326,-0.00652993345336347,0.000703376175550878
0.003567344431111813,0.001818983408976356,-0.0011324363895120933,0.0016181410988920508
0.0037652828047790576,-0.0013532315330982286,0.003639130583190202,0.003197379505333206
0.002579054956681995,-0.0023302778595135354,0.006493008425213331,0.0048696868580221375
0.0006793339164282881,1.645767762795125e-05,0.0067964376470406596,0.005825995097362452
-0.0010439948508001607,0.005560041939717958,0.004760281451894194,0.005383293603567221
-0.0018459568955177669,0.012802722918171083,0.0013093280200576624,0.003330644048166919
-0.0014051783297301945,0.019315774690622567,-0.002295995237133256,0.00010154977390573056
8.721628768260103e-05,0.022602200682028704,-0.004927922852498547,-0.0033168867714617883
0.0020491276381816304,0.021067951001173618,-0.005965184536117883,-0.005719566965252006
0.003772872228017324,0.014722025670481245,-0.005436814303222914,-0.006140183294993197
0.004713492876917635,0.005309920269572826,-0.003901323206511908,-0.004248104449907801
0.004678436401986064,-0.004208181895284609,-0.002136147394046139,-0.0005203207380653288
0.0038477602219771957,-0.01067042329290091,-0.0007847703289783903,0.0038912718826523557
0.002632031055468515,-0.0118537370154356,-0.00011557847901591187,0.0075558820438883754
0.0014456844428314547,-0.007312527710675004,1.2944110199128445e-05,0.009274225801091801
0.0005065906668745151,0.0014140517159580146,-1.612605576265143e-05,0.00850528339897022
-0.00024506839265139857,0.01132457526908004,0.00014611341456416925,0.0055421334965948255
-0.0010743972496284337,0.019029368667264235,0.0005737791375241622,0.0013689656467518463
-0.0022646349211404293,0.021982658664145078,0.0009840311138028801,-0.0027405959408708658
-0.003908310697902817,0.01941081056926377,0.0008603770487184692,-0.005719491125365239
-0.005781233263629344,0.012582529030849277,-0.0002707951365494843,-0.007096014349456475
-0.007367482781701703,0.004312958255549601,-0.002540351538698804,-0.00711967532498381
-0.008035504445282355,-0.0021150856986310584,-0.005563286070686749,-0.006578722219266087
-0.007295708130530293,-0.004205014170453762,-0.008493871132312328,-0.0063931707246227265
-0.005029588247793371,-0.0011977057816285885,-0.010312195729952636,-0.007161430063535604
-0.0015875847441846613,0.005644559895448639,-0.010238418624365198,-0.008858046318541132
0.0022946121133906594,0.01353182987486315,-0.008102887132902178,-0.01081589275943002
0.0057358766804546935,0.019229957828810096,-0.004503009478593965,-0.01200464098352252
0.008013470801849082,0.02031863127949686,-0.0006546434706996562,-0.011489377816961317
0.008809882265567434,0.016140524065302357,0.002031625890198452,-0.008873064612547915
0.008303394023090674,0.008075901885375512,0.0024998996740139695,-0.004529027175379299
0.007066673816442534,-0.0009643135659299154,0.0005094846563469743,0.00048478620361620817
0.005816501901813098,-0.007634075893567214,-0.0031889756334724864,0.004804269401901401
0.005118615232524604,-0.009417868894204082,-0.00705689373772927,0.007278828227562692
0.00516885191098642,-0.0055837040679998845,-0.009300587854818326,0.00741635179116
0.005738138532186292,0.0025381208365937297,-0.008549732190790589,0.005563708296742936
0.0062987775620369155,0.012052854083587743,-0.0044291599202477515,0.002740769480597812
0.006272847641099911,0.01958136842108711,0.00220131699731501,0.00019167591227162162
0.005292961301258031,0.02250837276146883,0.009449029467751058,-0.0011602588735814615
0.0033625771563062633,0.019925605312857274,0.014980471944491133,-0.0011207877336295267
0.0008486012239772821,0.012919519875613322,0.016803681852952633,-0.0003141546167329222
-0.0016866791523511733,0.00410793543654632,0.01396522748771193,9.753131703957654e-05
-0.003736447372257111,-0.0033825218640545704,0.006911339794947027,-0.0010412299719684227
-0.005068591644008986,-0.007097643778012752,-0.0026188861863587765,-0.004295684873456832
-0.005812844259861135,-0.0061439002207521465,-0.012132782237124384,-0.009270778338348901
-0.006374062178838799,-0.0014553329608208224,-0.019166492496789755,-0.014629954815255995
-0.0072081495836855795,0.004642858846366185,-0.02203786136337821,-0.01852337582902678
-0.008560816244915854,0.009384174285844649,-0.020314644930994954,-0.019275819724390214
-0.010290119459851702,0.01064281820867622,-0.014852265441534215,-0.01606869713439921
-0.011861315209750823,0.0077277604454722565,-0.007413576531613592,-0.009339107948116217
-0.012529610918565543,0.0015937308391978308,-2.98200916528657e-05,-0.0007201406140107044
-0.011643543842539218,-0.005590160260745412,0.005656905993520103,0.007476891835926036
-0.008944620682518611,-0.011321879665299586,0.008840915835877157,0.013055269520916749
-0.0047331718007466005,-0.013737166795500966,0.009656149607164356,0.014703232046175317
0.00017959560356752696,-0.012286902826180984,0.008939148390681932,0.012445652214443
0.004727007659026547,-0.007868021989550555,0.007780780413706195,0.007599958553092617
0.00795622189231264,-0.0023799930512161532,0.0070612297855282835,0.00225091531366501
0.00936657433490208,0.002092098750848566,0.00714745104668571,-0.001552481946346683
0.009079578938300484,0.004125061819807287,0.007848164957978743,-0.0025646316936898464
0.007768008774365717,0.0034924268788483932,0.008607266976138367,-0.000775571058507141
0.006368306068983167,0.0011805732470563657,0.008820760591512163,0.0026591150625427384
0.005689991048035515,-0.0011034489377569623,0.008123074877618451,0.005957394396287036
0.006080519311335318,-0.0017153201225559023,0.006518335724048174,0.007497680134324142
0.007284606834717849,0.0001829430094994755,0.004313680392003699,0.006532239161800957
0.008559979774154292,0.004227458250148086,0.001906718621465072,0.003534344759912031
0.009007293044657635,0.008965886094589828,-0.000454704744529813,3.2843282713565514e-05
0.00798280234014162,0.012430542243023167,-0.002813531201366508,-0.0020058763099111004
0.005425007412982727,0.012935303199184373,-0.0054693153464494965,-0.0010047175267272057
0.0019570241627598906,0.009772160762964235,-0.008779489342447766,0.00351982539738524
-0.0012864669943621065,0.0035273952992146,-0.012889372099905275,0.010663079398207556
-0.003049673853826332,-0.004106369320290279,-0.017525167312884254,0.018375702355422047
-0.0024179768961647835,-0.010942616534075987,-0.021963907098888645,0.024163104997066913
0.0008242001511973296,-0.015090815230435508,-0.02522018834871103,0.02597960944868035
0.006077541274623746,-0.015611930979320711,-0.026392923533957224,0.022979314267636636
0.012099072237279938,-0.012789785257751297,-0.02503812535887591,0.015840579500839735
0.017396045440175693,-0.00792932020179963,-0.021410599056870247,0.006545068008128416
0.02069506320731076,-0.002784992890208683,-0.01646065075370609,-0.0023001265319497616
0.02131490693450694,0.0011329277757130586,-0.011565850027133145,-0.008339232080485287
0.019314556139941985,0.003087402594878212,-0.008084901664713727,-0.010219056186207554
0.01537923025438373,0.0032723848236328873,-0.006896659402081888,-0.00795009280514175
0.010509161420831525,0.002556239195260837,-0.008099947800828521,-0.0027711638917143344
0.005647142404134942,0.0019450943934876449,-0.010992294613242444,0.0033972692964242823
0.0013941925647489029,0.002017162221422033,-0.01433972357737659,0.008677705602400936
-0.0020850252073053993,0.0025869218847458103,-0.016837269839743416,0.011855622743540656
-0.004951941878051935,0.002754633588671708,-0.017585813517020255,0.012676493595940946
-0.007451726446905629,0.0013261380938545467,-0.01640493286618442,0.011746340371581843
-0.009663899308617952,-0.0025773756066907027,-0.013866164058889989,0.010124812439806757
-0.011366993178252953,-0.008989736809468948,-0.011040402798729487,0.008812518601872543
-0.012081751033376902,-0.01689574228362483,-0.009063524148584343,0.00835446769837983
-0.011274164407969687,-0.024467732457565936,-0.008691962939190001,0.008707232006099887
-0.008626633083395157,-0.029674672252051115,-0.010018955943557499,0.009387233730155379
-0.0042542190100572155,-0.031035316279925895,-0.012454298583734778,0.009791743235290383
0.0012337798861443983,-0.028216776845281517,-0.014964451024089505,0.009518070536424839
0.006860010118240931,-0.022230493255818773,-0.0164689403725173,0.008526138785078054
0.011545824139320038,-0.015130800896770949,-0.016233334620080597,0.007081353843440517
0.014413045448234782,-0.009316364831207902,-0.014109238448319579,0.005531944787510443
0.015003873316585536,-0.006693227385552624,-0.010541001416430641,0.004060381429116536
0.013341962576133612,-0.008015743975641303,-0.006356452067937052,0.002560446396500462
0.009829952617360367,-0.012654244256345495,-0.002443713773472373,0.0007236419717672332
0.005050006398282805,-0.018872219217766523,0.0005463846502273446,-0.001696858478001842
-0.0004285010499636647,-0.024497458034160258,0.002355960953226696,-0.0045829098420057945
-0.006143444750283018,-0.027720260086021298,0.003088475549181787,-0.007289379193727907
-0.011704000338152953,-0.02770803652950122,0.0030306331384439486,-0.00875559403435705
-0.0166669564026479,-0.024806172436718493,0.002431383391751467,-0.007898548148228254
-0.020423530951858133,-0.02026643801844703,0.0013540590101889446,-0.004150167085808315
-0.022201659028405405,-0.015636266939698534,-0.00032455305194944127,0.002098289755094178
-0.021239036269282252,-0.012076513499730795,-0.002771113930981086,0.009380611744610919
-0.017095049944095463,-0.009897409004303068,-0.00598693502559261,0.015491527346217893
-0.009983644507913766,-0.008504102435291358,-0.009650518745206747,0.018210099065042035
-0.0009660815517656823,-0.0067657587757953,-0.013111205430965455,0.01616266920216619
0.008131070696536798,-0.0036397786955784835,-0.015566251661475648,0.009479281558291947
0.01511385308120601,0.0012283553330371573,-0.016365017122992164,-6.133668638042683e-05
0.018047839706281526,0.007201753397948485,-0.015314028998145011,-0.009525103752098488
0.015916043224497477,0.012793672168113765,-0.012839098432271392,-0.015828349644192014
0.009065098851962047,0.016212747333735233,-0.009907443581559747,-0.016903027522099337
-0.000754820848251736,0.01609428761983038,-0.00770814721353856,-0.01256557996004606
-0.010819770218249397,0.012111513243016521,-0.007195103835040351,-0.0047101325564995605
-0.018225557391598753,0.005199494516300834,-0.008667723584853442,0.0033131692451520076
-0.020795456836788666,-0.002722145992012835,-0.011567843518681602,0.007955156165530067
-0.01779271272370884,-0.009435033638061883,-0.014600011001404359,0.006907656111445289
-0.010181123873889801,-0.013248545547447005,-0.016160794414627172,0.00016258050949068126
-0.0003282127384140604,-0.013629995861920803,-0.01493749982238668,-0.00976657686451993
0.008757948927914951,-0.01137058097300149,-0.010458180912590542,-0.01861838966279389
0.014398281919289671,-0.008202722284868458,-0.0033773013185482426,-0.021925699229766945
0.015082249832041435,-0.006010425887337911,0.004631844256263257,-0.016778580080719814
0.010888119634520271,-0.005950645261107328,0.011365812695939136,-0.0031341991378985856
0.0033490734604014194,-0.007855499533928115,0.014805750791239379,0.015869093216225705
-0.005165695380172974,-0.010186072141301163,0.013813059340723147,0.03478412380220598
-0.012309897930459349,-0.010592751193029937,0.008559200773348569,0.04765758076697385
-0.01653363541856734,-0.006887993217077851,0.000531955161937693,0.05013510077788648
-0.017491362927499886,0.0019448337696519186,-0.007891961965147333,0.04109273234238334
-0.015956474702917695,0.015121167615044964,-0.014166352040056604,0.023162222535252377
-0.013312805870036581,0.030090471087212894,-0.016345570349769356,0.0019096319861994643
-0.010858407852826713,0.043273992909684984,-0.013651228079974861,-0.01607402115631179
-0.009223377400936594,0.05126447448855277,-0.006659071338640993,-0.025493292791002195
-0.008145551042607436,0.05205108534863556,0.0029343145396689974,-0.024229446073102488
-0.006690105969494075,0.04579940010005663,0.012862350793496402,-0.014076009671903505
-0.0038067545933136576,0.03486534983568697,0.020956481045783654,-3.834969542598765e-05
0.0010291194534122472,0.023002644418706468,0.025710802103423552,0.011558560295417533
0.007385739185782933,0.01403075755328416,0.026581396668094226,0.015458290428143631
0.013864792213866536,0.010446762269107304,0.023967332896661447,0.009466273807022474
0.01854608419509439,0.012502454395995996,0.01893404495422084,-0.004702181856778877
0.019725159514638435,0.01810803922476971,0.012815309771721604,-0.022043426416193255
0.016647348273071558,0.02362090789293289,0.006843445880235326,-0.03612819615818325
0.009926258938359439,0.025244746198945116,0.0019122449586165477,-0.04150810757574948
0.0014487985716950813,0.020526855677090543,-0.0014992664470575498,-0.03576248498525124
-0.006230332670772831,0.009392631699275851,-0.0032844648686073674,-0.020418884096884055
-0.010793450209679492,-0.005681994585702135,-0.0036241887801497924,-0.00040858483521318684
-0.01102170007341953,-0.020444277200116455,-0.0029221105652592894,0.01772642913073859
-0.007273336819313034,-0.030317194296805672,-0.0017764784144520401,0.028188867945317768
-0.0013759901454883372,-0.032007799424826164,-0.0009531644548319736,0.02795357302443783
0.00404637478260763,-0.024685883246045755,-0.0013003843159307797,0.01771479646628332
0.00656930260515548,-0.01030309830662899,-0.003564294709735731,0.001425866384794073
0.0049114574268126696,0.0070610472996600684,-0.008120941221290146,-0.015351382659565843
-0.0005380964118210374,0.022581806562569688,-0.014706743277253687,-0.027617280055829474
-0.00782011571128393,0.032290888603586476,-0.02227096524159877,-0.03276923667500933
-0.014106653571452188,0.03431551431988241,-0.02906166420603695,-0.031395926002574376
-0.016747011336904608,0.029319989074068402,-0.032986202339545564,-0.02675061772758551
-0.01426737015929744,0.020023431607572084,-0.032180854974095195,-0.02315285464505909
-0.006948345795905236,0.010018201381118717,-0.025623798093685746,-0.023991927635973853
0.0032365388022182473,0.0023717995914124997,-0.013577279511312254,-0.030158019331985114
0.013297314706701105,-0.0014382473572730537,0.002323509044146521,-0.039548786810856495
0.020264486902397197,-0.0018559926400720447,0.01940828157825879,-0.04786267836306798
0.02220097110292453,-0.0007493273421528973,0.03465916024425092,-0.05036942210965594
0.018821156209310692,-0.00032635922636464754,0.04553554048439072,-0.04394973140213121
0.01150606741455635,-0.0019481621964267393,0.05065949770000158,-0.028578351017000486
0.0027364255561988767,-0.005362253242175298,0.0501220805594377,-0.007634163078933092
-0.004817750527933672,-0.008707685130063996,0.04530177980104601,0.013123889289468341
-0.00919527830392796,-0.009320451516733504,0.03826502082960609,0.027554249587386694
-0.009699307737275141,-0.0050245526050567355,0.030976776237781844,0.03135800068989723
-0.006932801703920119,0.004631458590295387,0.024623960170052587,0.023688884015542484
-0.002352024724048253,0.01774468483462656,0.019312194918214856,0.007532200824309512
0.0024347427410660594,0.030372257816466713,0.014250076334321793,-0.011300481707550332
0.006308852522199163,0.037762024567469965,0.00833881418908436,-0.026194840611356088
0.008956098275974194,0.03609496800511584,0.000915950856200401,-0.03203326233296802
0.01074554585497213,0.024095620401873297,-0.0076710676315877024,-0.026935652649257555
0.012263033546131882,0.0038663786926411495,-0.015929021450936588,-0.012828191346845284
0.013745825117322953,-0.019447459964342828,-0.021619326809145856,0.005329692718559164
0.014710201565881091,-0.03913724555845953,-0.02257510339141107,0.021337461548208862
0.013978782796639923,-0.04909755640381858,-0.017633309083837877,0.029887972071858802
0.01013447139046178,-0.045938304952094305,-0.007309274141733976,0.028279362841072107
0.002229194225459405,-0.030279528261423203,0.0060854458546432955,0.01713770738430974
-0.00955654984757831,-0.0067261994124018535,0.0189847359660249,-2.1269807220031245e-05
-0.023613830914873686,0.017523972513027702,0.027624173552406733,-0.018132802893314343
-0.0371486457397778,0.03499746137820564,0.02926165235911768,-0.032267666102975295
-0.04693929952050513,0.0404003232471602,0.02313029579848455,-0.039038481441854206
-0.05036480351469334,0.032357382604440335,0.010769079346123887,-0.03728345082063467
-0.0463339858170879,0.013819228743185752,-0.0044106727481078856,-0.02791263411424441
-0.03575910863620431,-0.009013675492436347,-0.01819313310996091,-0.013137912753574565
-0.021372502667116433,-0.028873947732453595,-0.026900264405653997,0.004486806259640704
-0.006922995118215411,-0.039944283122562235,-0.028546481786064504,0.022786970880647257
0.003980609009812203,-0.039813676279440754,-0.02340869229949131,0.040206268271413534
0.00897858590649156,-0.0301788742717191,-0.013823930501655445,0.05559164973145528
0.007637841963741995,-0.016050297151721824,-0.0033029357283269126,0.0677838619697953
0.0014736866473918434,-0.003764094151263681,0.004711086357069398,0.07535599643330843
-0.006667218027349868,0.001463603617701023,0.007991993519362332,0.07674378985509134
-0.013616419398147707,-0.002462954234464694,0.0061896148701958975,0.07078175926513214
-0.016909495882824643,-0.013704697969502466,0.0007906157605981207,0.05741138343454835
-0.015468617989925652,-0.027165156925867823,-0.005565282956451055,0.03818446451729596
-0.00973443875794798,-0.036416861343122615,-0.010129148994940981,0.016223605730522436
-0.0012629391258716996,-0.036171269340645906,-0.011045891144889186,-0.00448306400059869
0.007994107716719556,-0.024380323147006305,-0.007953682662392263,-0.02027281001737904
0.016403636108363102,-0.003184441567293479,-0.00198874515384892,-0.02904912577703562
0.02307413913276298,0.021662921898168597,0.004760775705796541,-0.031051450302335186
0.02785237024026721,0.04271032249371736,0.010102990550506206,-0.02877274567682016
0.030960275490126962,0.05338845087605179,0.01254579807073631,-0.02596772959668671
0.032500471172367915,0.05033229994578862,0.011751406856937294,-0.02607647744014136
0.03211164230265308,0.03460742245754253,0.008496696363517856,-0.03066762472334587
0.02897682349552283,0.011391317664500564,0.004201701351809549,-0.03855421625772405
0.02221216324633469,-0.01178634474644092,0.00025885856205981606,-0.04601406749250352
0.011468948872899197,-0.027624334173589216,-0.0025384283472926136,-0.04812711337050586
-0.002544696660143668,-0.031537053743512906,-0.004230633268175181,-0.040784001942212184
-0.017913141597534824,-0.023168709806422494,-0.00551162180113513,-0.022608864295708936
-0.0318854569085195,-0.006404914431619776,-0.007240579702969877,0.0039883882769353035
-0.04169996265718711,0.012109286638039625,-0.009889051352002368,0.03312941325704502
-0.04557620955647482,0.025403359106615002,-0.013192458736684926,0.05715066083357605
-0.0434771346018492,0.028690135322587074,-0.01618314195687936,0.06911609768750199
-0.037290550983560745,0.021053252997272776,-0.01761011896175694,0.06526951802647549
-0.030278295184335134,0.005718268531344866,-0.016572626570100432,0.04650923261430788
-0.025923419025264106,-0.011176095819242084,-0.013086643094093114,0.018291687641354616
-0.026562208671453133,-0.02285379096446648,-0.008314063378864395,-0.011066261168338188
-0.032313122245431314,-0.02440228247188708,-0.004312254610520372,-0.03312265286345478
-0.040749188006484055,-0.014603945946330382,-0.003357424779780148,-0.042121171197762965
-0.04751597953285892,0.003549783564252198,-0.007079241654788661,-0.036869145362343515
-0.047756555758138336,0.023835797276338447,-0.015739772494416666,-0.021005185525779783
-0.03789199053946259,0.03891378377511963,-0.02795448315338695,-0.0015662894834149385
-0.017141112798251694,0.0428278050037226,-0.04099625331743581,0.013611082362303607
0.011784844338966219,0.03302034402553872,-0.05160394097656545,0.018695517661887824
0.04311704541028164,0.011169245208091007,-0.05702033932836989,0.01184446826285298
0.06951657261781663,-0.017419007615105713,-0.05588863107720767,-0.00434024480131729
0.08416956982251539,-0.045619499930760754,-0.048681402411775695,-0.02401200481409089
0.08282174871723755,-0.06685197831776896,-0.03750683683467691,-0.04043968398119665
0.06508829210316541,-0.07717335251983092,-0.02536819003687732,-0.04860873457801093
0.03460837190290055,-0.07639444220356015,-0.015155771905439853,-0.04707236986561502
-0.0020048691563921,-0.06787496823078075,-0.008746502899358358,-0.03836785856720841
-0.03707119353241029,-0.057117686460829147,-0.006537248834227984,-0.027872817420580016
-0.06398510249609664,-0.04969102614564428,-0.007563666626299252,-0.02157259373690662
-0.07891195688523972,-0.04922008235769692,-0.010124659029021467,-0.023614485728807602
-0.08152972447059137,-0.05613335477326131,-0.012634881848682313,-0.03458753605438988
-0.07464441100339476,-0.06756647576751589,-0.014342163235410592,-0.05117193549475632
-0.06288681864520737,-0.07841335887635967,-0.015607384225877898,-0.0672710458114476
-0.05098821888018547,-0.08312666360406573,-0.01762786905397524,-0.07618033534002007
-0.042237179296887445,-0.07763493620523222,-0.021719293086710126,-0.07297422129283679
-0.03761291635138968,-0.060734772347004105,-0.02846233085136378,-0.05623905818180633
-0.035821575983253924,-0.0345228417162977,-0.03709111404997216,-0.028555700725892037
-0.034134494426178316,-0.0037715583212402128,-0.0454196885900011,0.0043805211448743435
-0.029659871562982706,0.02549902796891082,-0.05039789323591254,0.03561489209203099
-0.02056084189124359,0.047759017844966015,-0.04913654151641377,0.05905152166434366
-0.0067941523755170735,0.059459559501923595,-0.0400407271665752,0.0710863848759867
0.009851003767933172,0.05984241467389956,-0.023619669850240124,0.07125309916024002
0.026369271603957727,0.05088363432946036,-0.002633791782159181,0.06179235223760257
0.039539883822024044,0.036470469756784196,0.01853451110340825,0.04646167229600273
0.04693149073308796,0.021132822220467258,0.0351209962285005,0.029141473818935365
0.04756582561601626,0.008747092923580491,0.0434351365739489,0.012785194455839269
0.0420489314461525,0.0015864104832617517,0.042040499807103136,-0.000967817232361631
0.03218491850625001,-5.992388661764381e-05,0.0322470330649891,-0.011531683849247179
0.020266576143567614,0.0023299633468454872,0.017728475200269114,-0.018766111312572026
0.00832798923440196,0.006179908047993676,0.0033744036692248264,-0.022436949180802225
-0.0023766215291251593,0.008693731241442904,-0.0062510677568441,-0.022066320264628427
-0.0115165048337715,0.007684136679557911,-0.008335432278538307,-0.017245838994320657
-0.019452946479164304,0.00215292178066389,-0.002657510028826665,-0.008210935652658617
-0.026770145008108294,-0.007481419039396302,0.00843287407618434,0.003693592352479902
-0.033775685104997163,-0.019515710004008736,0.020879791196454264,0.01600293173699738
-0.040166296492034556,-0.03138716165444986,0.030334319391467194,0.025713381847935982
-0.04497620771590401,-0.040282340480931066,0.033641830973955116,0.030292105843494982
-0.04681655322685324,-0.04380361725416867,0.029912811576441874,0.028703308698972883
-0.044316209988534895,-0.04056473155251663,0.020832768984816674,0.021965633494513394
-0.03661746674062131,-0.030595111982487017,0.010122692105907497,0.012908718074960406
-0.0237746022583436,-0.015453463234475988,0.002339093626473065,0.00512469421557
-0.006941008192006852,0.0020071445557415316,0.0014100139127731018,0.0014774662611055957
0.011709080421493462,0.018213058974890478,0.009375641063067392,0.0027752292938863776
0.02931548271054239,0.02968668214747168,0.02572189877797142,0.0072092205381657296
0.04286307739493666,0.033925808666959274,0.04749557392655141,0.010892618949790246
0.04981149044162367,0.030114528080952666,0.07014025210372676,0.009391515564003305
0.048702461504347094,0.019445211689834957,0.08877519489004071,-0.0002989525912021479
0.03961308575779361,0.004915293581469138,0.09952048350474624,-0.018127557937998556
0.024329906515369076,-0.009394125965740102,0.10048167056095819,-0.04043801516689928
0.006152405445260599,-0.019388838820684713,0.09213343832819695,-0.060850888015731755
-0.010698011166097653,-0.022086347323215218,0.07703656707890483,-0.07237376213258746
-0.021989450095549597,-0.016459592682141283,0.05902080581241073,-0.07001760252335171
-0.0245289761876428,-0.0037328363771136318,0.04210768255506547,-0.05292854385672006
-0.017083845380210485,0.012973871247047734,0.029494719529763402,-0.025153057575608373
-0.0008881261633015662,0.029548232058530598,0.02287118632148324,0.005377712034409718
0.020481471293452458,0.0420539751198811,0.022211246005843642,0.029395093071483306
0.041917407212478,0.04779312048934353,0.0260382713365579,0.03951342437763411
0.058125826323326094,0.04593085490376115,0.03202269988810075,0.032953909216608665
0.06515023294698041,0.03750658389181755,0.03770160971223785,0.012723515763416772
0.06160989918780721,0.024870500724735414,0.04110604045093427,-0.01327001516487769
0.04922103503374617,0.010782742697906657,0.041143029494395134,-0.034934854757500654
0.032356113802469305,-0.002481522682754915,0.037676244002686377,-0.04361677355429468
0.016694756432244752,-0.013702296295316933,0.03134713873297465,-0.03532751541355729
0.007336541794436817,-0.022786042695266975,0.023246963244927848,-0.012383605030524495
0.006970915650104645,-0.03037081654766218,0.014571168950907085,0.017190387330620834
0.01474061824819993,-0.03718454874609521,0.006361789507156636,0.042337493970743094
0.026257427821560063,-0.043467051190459086,-0.0006140707465028539,0.05280604927156391
0.03487261832312538,-0.0487251269405021,-0.005865493684285614,0.04279771054857293
0.03387798222812097,-0.0519334134806933,-0.009120220758320086,0.013128560934266627
0.01896073781209272,-0.0520863375584763,-0.010280850386056903,-0.02886779099064944
-0.009912269669275461,-0.04883671313692132,-0.009441709764999612,-0.0716615922419083
-0.047880168607666466,-0.042899033259617934,-0.006963885842141575,-0.10325213271864112
-0.08616620911371807,-0.03598067073258902,-0.003555192679689225,-0.11499349453207713
-0.11445643990085286,-0.030202979715905912,-0.0002740699256325897,-0.10421061174300256
-0.12400211744910505,-0.027207573918982885,0.0016122571914396443,-0.07475649731845865
-0.11048253648314503,-0.02731206103079271,0.0009335029146767138,-0.03541089174281467
-0.07568567601515377,-0.029105889599939646,-0.002971551614472559,0.003222885836114211
-0.0274004549482738,-0.029736722412240853,-0.009864880118596993,0.032177200070976665
0.022533048892638834,-0.02587480543696133,-0.018403635269684873,0.04673436387493405
0.06147768184196716,-0.015055547852276988,-0.026257097554130825,0.04737160924974099
0.07958620201724982,0.0030946172342935646,-0.030597556478720183,0.03886037544097242
0.07262239422723579,0.02625867916276616,-0.02888943838478283,0.02800914927743306
0.04314478658413515,0.04977690297518152,-0.0197741321062007,0.020976926933060552
-0.00030709275105630235,0.06792838470262039,-0.00376923882440576,0.021149365714066753
-0.045755149417221586,0.07577078937037311,0.016491646946084973,0.028266769753873072
-0.08124611489346205,0.07091293018954004,0.036646752751518324,0.03896603927303965
-0.09815619315084226,0.05456257280577187,0.051607264108401905,0.04836588841649239
-0.09333888794445615,0.03140598577716946,0.056951062349308315,0.051988773846411776
-0.0695201139877383,0.00827252052116724,0.05032634573662694,0.047282896549896085
-0.03392702174030754,-0.008020617114534261,0.032426582208139446,0.034262085104209875
0.00429894910470599,-0.012924204621740185,0.007180696171548928,0.015187583337012471
0.036995913353087155,-0.005715973865078251,-0.018989039113392593,-0.006407648913750431
0.05923321489525868,0.010224558324020859,-0.038711027217829874,-0.02685565409881307
0.07025028047827586,0.028576741654339897,-0.04561849195952492,-0.04319910788035208
0.07290026843705852,0.04231425623472823,-0.03616458245788322,-0.05352759489834768
0.07193719915687197,0.04625120894243118,-0.010755228761706495,-0.05687871903942274
0.07185762289689931,0.03899207449093041,0.026165738438978448,-0.052982266801935456
0.07510930824638115,0.023559551012136595,0.06714357999278685,-0.04214658610428909
0.08128796546347325,0.006425089146765241,0.103583514167936,-0.02542459114744178
0.08754124974181574,-0.004766715577688383,0.12793922694396306,-0.004945774605391057
0.08994128349650521,-0.004007792674527983,0.13559427085435974,0.015898776387367444
0.08524058820682148,0.010720722210248376,0.12590659206873425,0.032759135603596154
0.07231250055595798,0.03641437191729642,0.1021454291230254,0.04127532071769477
0.052727661408888016,0.0657504084790666,0.07038874027816668,0.038504402783585204
0.030267157331745263,0.08934986186484806,0.037757599879363155,0.024336867666579123
0.009584004553939363,0.09886112638658523,0.010542373673382555,0.002261496620505371
-0.005456906661117637,0.08982273180601023,-0.007230100519055101,-0.02103841162794584
-0.013120412940793778,0.06331547457673294,-0.01441931178295466,-0.037385512842208576
-0.014318252010747573,0.025812660581427643,-0.012501298979125735,-0.039711628718085173
-0.01211762625354848,-0.012753917150322196,-0.004614216927835139,-0.02472443168146745
-0.010441899701297877,-0.04208639708768115,0.005677504585932264,0.005368123086750165
-0.01246684456767158,-0.054749808818160356,0.015457909769471371,0.042862265750390136
-0.019324464587219564,-0.04846947977912505,0.02304965160686801,0.07651718245542237
-0.02960358481495889,-0.02674723128132085,0.02801796134164332,0.09497902514161538
-0.03983163304024126,0.0023825464437015748,0.03072180327678753,0.09058229468181324
-0.045751857179603415,0.029011994245791907,0.03170345694694576,0.06220301090157171
-0.043913734131311964,0.0445273312293794,0.031232852307742788,0.016082571327010138
-0.03298120556804432,0.044233865815702975,0.02921382337670858,-0.035792086320350504
-0.014273571039014853,0.028602952466013357,0.02546786799988665,-0.0793058637806807
0.008656256661787792,0.002796895811426489,0.020220377585871557,-0.10264606173258567
0.03124177152178172,-0.025282012920627966,0.014505836321122657,-0.10003030388864316
0.04946190020045679,-0.04768982637040564,0.010228728815526337,-0.07343168489210725
0.06115858372799737,-0.05894599577073326,0.009759129025171832,-0.031699922202529734
0.06662834659796049,-0.05752483185385061,0.01514877172052266,0.012590964737262664
0.06827862567755369,-0.045909373017082304,0.027239458784233367,0.04741906122892571
0.06949070428377335,-0.02930475887573638,0.04502158454404583,0.0651695269237132
0.07312711656697238,-0.013565135779694294,0.06554504280125194,0.06470265888950069
0.08025310158410677,-0.003122835285588696,0.08450185167934599,0.050960585865011225
0.08956145182909729,0.00035081556308438726,0.0973547611108898,0.03237785650271771
0.09772878860141374,-0.0018595303808519974,0.10067105711875887,0.01718933741032244
0.10058610548824753,-0.006428700041068571,0.09321962947376963,0.010125904774722867
0.0946844713856631,-0.009576276863502754,0.07644519081595018,0.010800587290463196
0.07868820062603339,-0.008661099218342886,0.05413128534902309,0.01438874751471568
0.05408565616085792,-0.0031638265542370467,0.0313349784353049,0.014270064765357629
0.02494957250475492,0.005290896522880929,0.01292412175321804,0.00549706888218527
-0.0031845571572983594,0.013827149746577769,0.0021836710051307065,-0.012394983004929527
-0.02494381636936479,0.01971804805953808,-6.776802139144347e-05,-0.03447476952989687
-0.03669620593654363,0.021693877720936915,0.00441387259221337,-0.05188211099457088
-0.037554775992375077,0.020604817484015645,0.011967647192599552,-0.055192098247252165
-0.02948727940443244,0.019148629911130272,0.01822257243176894,-0.038393208741924145
-0.01652378451518521,0.020750645495823786,0.019408091965039967,-0.0018873723398404527
-0.003360107452958481,0.0280280684703591,0.01336071887394108,0.0467647861812015
0.006153684533176032,0.0414506981776188,-5.7601593787636254e-05,0.09479974415935469
0.010135450243452679,0.058755621181673406,-0.019191007565772394,0.1283213596057598
0.00905828041088301,0.0754024723394714,-0.041307279264167225,0.13706163223398887
0.00532568955721114,0.0859677945988535,-0.06349125676669484,0.11809403999932155
0.0022357218793242137,0.08601546544494257,-0.08338419493075777,0.07710169256304379
0.002725617219541388,0.0737801689901504,-0.09954316631640323,0.02667702289149856
0.008331140114258496,0.05103945060154122,-0.1113728509378455,-0.017787276094769856
0.018685266352233904,0.022817602753020656,-0.11875957946017877,-0.043172607728878785
0.03167048849745849,-0.004031198400626022,-0.12164439631268074,-0.04287949223759159
0.044110645165016484,-0.022915351864148954,-0.1197702978884964,-0.01876119859974492
0.052724342262073266,-0.029579450203964932,-0.11273624307855246,0.019880622676339187
0.055013966420501055,-0.023454234629887993,-0.10033498779364716,0.05979214095191629
0.04983538615605799,-0.007813184882280904,-0.08301073169991938,0.08842340692218156
0.037542074894730076,0.011333031468729254,-0.062205056856776415,0.09804121807506619
0.01975705014392732,0.027244341921772344,-0.04039276630700964,0.08786624050750153
-0.0010662340683084345,0.034692968782447,-0.02072811014790587,0.06359441780806735
-0.02211140387355672,0.031689006379446126,-0.006376908528596731,0.03466169802087282
-0.040571270497247826,0.020112796876691957,0.0002620196365041051,0.010430145646305788
-0.05389953942056161,0.0050450218078131066,-0.001807147866646104,-0.0031937775608374963
-0.06000151216760802,-0.006977626471803486,-0.011890622367912745,-0.005460921540150036
-0.057449846228175255,-0.010195993189956842,-0.02775257463681361,-0.0002863140062910399
-0.04576809090803417,-0.0016081625876345068,-0.04613434278551924,0.006056240086960983
-0.02573534046121791,0.017955601152201947,-0.06346817260351202,0.007968514841313012
0.0004208405967776885,0.044006341098982035,-0.07656859046797262,0.0029760582081142795
0.029107465383365977,0.06974662767413364,-0.08312855888641901,-0.007410720910507512
0.055836727054714326,0.08814350249373783,-0.08194917759088373,-0.01870830773740148
0.0760677239066542,0.0940474664840531,-0.07294182734052261,-0.02581859393275869
0.08624561844089226,0.08568719314065876,-0.057010663269231224,-0.02563781697163613
0.08474416453450417,0.06509525184250478,-0.03592314851149306,-0.018724927348821085
0.07239272142790504,0.037381774073163565,-0.012212866164975383,-0.009254593378715769
0.052364574431186736,0.009144834187715147,0.010930406172261292,-0.0032304855801037584
0.02939699536100822,-0.01343574720261152,0.029891534023851016,-0.005703565997042338
0.00854003358159839,-0.026210498170211923,0.04108492494662825,-0.018202973433157077
-0.006193621995114907,-0.02790811632142565,0.041652246637063704,-0.03754328910599447
-0.012851966802749587,-0.020034332791622058,0.030286116842781746,-0.056629061392945094
-0.011911136411312886,-0.0059619754201456765,0.007934808613415258,-0.06705044471137017
-0.0058765670255494715,0.010396296645497828,-0.021911696667940128,-0.06248988575049229
0.0017283877787757466,0.025843793130718894,-0.05359117024352902,-0.04156244500607131
0.007619909720248522,0.03867376426433643,-0.08035093596950632,-0.008868939999180599
0.009810172475085248,0.048764199792661084,-0.09595238202075553,0.026292410848350305
0.008099669715211998,0.05705805239000461,-0.09638261040221463,0.05318645291807835
0.003860774787823984,0.06470753138785572,-0.08114433623054151,0.06368766582114545
-0.0007613726052940854,0.07225479992113205,-0.053655476143806335,0.05554970123017805
-0.0038853703422914686,0.07917117902774645,-0.020526034769502377,0.03356391951186396
-0.004739632185026111,0.083913353914945,0.010172086493517925,0.008039357952203027
-0.003976974027499096,0.08444761712863479,0.031179598368930864,-0.008943053653430393
-0.0033389742963483085,0.07902175147878512,0.03818352501226445,-0.00816569575978357
-0.004821352460213778,0.0668883852632495,0.03111756417132705,0.012936377926142412
-0.009700965377397876,0.048722136393366075,0.014164806458566395,0.0488132594153808
-0.017847950366172708,0.026599604244976423,-0.005599192366339691,0.08731962195802717
-0.027634570851514308,0.0035697206894256123,-0.020536064686251323,0.1137716556813117
-0.03650713760739652,-0.017029978738324934,-0.02501650245149843,0.11613763644418261
-0.04200594881204116,-0.03230043253430002,-0.0173896384106551,0.08950135837331666
-0.04281529671248192,-0.04036622182216782,-0.0006712718342067429,0.038162263689552
-0.03938812410288522,-0.0407135025583951,0.0183251908431194,-0.025433602473052718
-0.03384091999962297,-0.034265029469709635,0.031179464567693965,-0.08460456331394983
-0.029101485216078075,-0.023235255257806356,0.0306901129275944,-0.12383943009335714
-0.02760546629343455,-0.01081866096928117,0.013413423817579042,-0.13381982950935145
-0.030051437234279985,-0.0007389594242477038,-0.018939336234606283,-0.11432670003210449
-0.03474670679175021,0.003339777038991562,-0.059745882053939506,-0.07406457331942251
-0.03788622574143523,-0.001469638184838272,-0.09932685674898567,-0.027534689681598737
-0.03476677889181127,-0.01650129959866539,-0.1278465501518706,0.009886493615840042
-0.021571693575765265,-0.040863298162664805,-0.13834217120898679,0.0269218648010566
0.0028924544315562014,-0.07110803051397177,-0.12890668750239914,0.019733086920734007
0.0361631451648343,-0.10148973848374028,-0.10331413308171075,-0.00741351938305208
0.07224497371253157,-0.12494476883740843,-0.06987585388766285,-0.04420567928035798
0.10295843085769693,-0.13471496572637273,-0.038887030166269446,-0.07816719252699297
0.12015743413808642,-0.12627296652264203,-0.019476390600026997,-0.09888854187851992
0.1181392830567923,-0.09899899812402733,-0.01685902670222684,-0.10112449893756534
0.09547591472943959,-0.05700424516412399,-0.030852772194269483,-0.08580527394962681
0.055662850300206276,-0.008657023844105743,-0.05610189241630499,-0.058841539187277234
0.006356238675282629,0.035269850241130433,-0.08389850854335229,-0.02841223279018225
-0.04258023931429296,0.06444784686512897,-0.1049861022311858,-0.0019058145997064048
-0.08162353915351055,0.07204640904981088,-0.11243525429566838,0.01631782936410691
-0.10396953606696749,0.05701057127615046,-0.103690036051308,0.025627959731607156
-0.10706098168917005,0.02471562597369986,-0.0811819581444852,0.02825634780496729
-0.09288411374716476,-0.014392937321915295,-0.051388856174435865,0.027467529464557938
-0.06705470294174631,-0.04791404840620857,-0.02271362847456768,0.025698969535386196
-0.03707657224159925,-0.065464843134839,-0.002908274029745821,0.023514395208518835
-0.010359579158121678,-0.06223240939432796,0.0031354880881056153,0.019768862401887084
0.007424307536828753,-0.040852073747435456,-0.005416380841046418,0.012792685941072413
0.013262910807914467,-0.010836800985244092,-0.025428088832611474,0.0019249979930692843
0.0069104795373910385,0.014425371810223658,-0.0510096509263627,-0.011428581003128671
-0.009643395213319597,0.022237205545639904,-0.07536258318488473,-0.02381232922009431
-0.03300939298453381,0.005241902809549,-0.09261603343416944,-0.030900857516892956
-0.05920482931705184,-0.0354563696039207,-0.09910135984203655,-0.02936920577057952
-0.08422542211196321,-0.08988839202276801,-0.09377811398327546,-0.01860906296555322
-0.10435916792736469,-0.14184954322691284,-0.07785493589201832,-0.0014453128551110209
-0.1163655281800873,-0.1738477345438171,-0.05391824374501268,0.016610529223138368
-0.11768991549209491,-0.17281527157150867,-0.024995899993083853,0.029413838573613814
-0.10681752096448127,-0.13469166101945002,0.006085245791073883,0.03278981069718466
-0.08373269178352777,-0.06628860780955005,0.03689408320466195,0.0266052762433897
-0.05031442201218892,0.016285067092435872,0.06523261432966601,0.015341398486982374
-0.010437768102632552,0.09221640236424741,0.08888151637895249,0.006731884198010019
0.0303966966100329,0.14214780874110636,0.1055509055017547,0.008794698630076658
0.06593179447355982,0.15390195325109823,0.11321018606562605,0.0262844522308387
0.09035708072336844,0.12590304243971756,0.11075003723515822,0.0579404367311228
0.09953411880423314,0.06720351365571892,0.09871211969097138,0.09573677836305937
0.09189038795110444,-0.0058184094446804,0.07971115350896496,0.12668447505272828
0.06871767078280851,-0.07489594066799553,0.05823103241809209,0.1368097193201691
0.03379828458267955,-0.12554960902855158,0.0396932615935183,0.11607414737773569
-0.007504083688561633,-0.15107888314361184,0.028993858502848042,0.06253883762721105
-0.049395659031776736,-0.1535993073306805,0.028964054047695767,-0.01579782112953384
-0.08671107991022409,-0.14194505978162122,0.039316336247435316,-0.10235078610069745
-0.11562654237098004,-0.1273840324726672,0.05652931318346949,-0.1762892644076134
-0.13393836279920834,-0.1188453078977527,0.0748232726897334,-0.21861913544593783
-0.1409869927368745,-0.11946714271796197,0.0879837854956483,-0.21809089290523725
-0.13740812430508276,-0.12570866652158727,0.09144956717844853,-0.17498154791670317
-0.12488750992813011,-0.12925331485297376,0.08393066028414428,-0.10142772617021927
-0.10599757816779873,-0.12085610433703756,0.06793802603021377,-0.01808165312474369
-0.08406079382545359,-0.09455865821592188,0.048963241930828405,0.05194152234320895
-0.06289409106480387,-0.05058761363409063,0.033529757926939796,0.0899604530471403
-0.04629869663590606,0.004203537024973485,0.026771503960655245,0.08731128248904432
-0.03727933208119245,0.058510245518458175,0.03041348790304199,0.0478715037541604
-0.03715758389640418,0.10050246730109644,0.04193570314220048,-0.013247552193879457
-0.0448980619208551,0.12195446143598254,0.05531082746090152,-0.07439640866865466
-0.05700357913188997,0.12096948129652667,0.06314491941658831,-0.11397422314771824
-0.06820933860572287,0.10226128163869683,0.05951691175157732,-0.11685537356683531
-0.0729381014557558,0.07493233868226715,0.04250653357168395,-0.07871548830661884
-0.0671599362962307,0.04868447236237528,0.015447605159171944,-0.007034451701310951
-0.050060685453718015,0.03001462202240485,-0.013653072462946185,0.08137564644255635
-0.024878272713609224,0.01993952512479795,-0.034460094351207685,0.1654049759096032
0.0015340689943233975,0.014159149377402586,-0.03770546187397429,0.22560997163148996
0.020457306844678738,0.0055614516605112865,-0.018506291780138184,0.24930616847241915
0.023936444105538843,-0.012005266577358193,0.021560583034566733,0.23338955170408573
0.007488967493044951,-0.04031393994250451,0.07441432870379781,0.18428514842434207
-0.028024960017823133,-0.07520380401865479,0.12757195500370394,0.11533295302602238
-0.07608093119112014,-0.10765757047750632,0.16777540321593995,0.042645539701534736
-0.12594907875171957,-0.1271955635404155,0.18498012733573987,-0.01920291217325775
-0.16556996704507965,-0.12627741496124556,0.17538953335569468,-0.060430587104944075
-0.18498232576406884,-0.10390601211233623,0.14252124710220176,-0.07751562979007591
-0.17921448611485918,-0.06685156141266281,0.09594859152075687,-0.0727989271114034
-0.14969931102418793,-0.027794637466682523,0.04814789626785124,-0.0527139700954736
-0.10374997869048184,-0.0008985859969989716,0.010524039198573226,-0.025446828705706928
-0.05227818702122389,0.0036078846135227903,-0.010043566702475214,0.0011838924146576335
-0.006520059494356967,-0.016239200157599394,-0.012990313926991636,0.02111548797982364
0.025149585446170766,-0.05267339176807062,-0.0036422540836690553,0.03058158058821383
0.039297768054027855,-0.09036062175588913,0.009189821557123942,0.02802864470636838
0.03780692179569757,-0.11159453921010537,0.01667908025940843,0.013791507676636703
0.02654973148837033,-0.1027357078572772,0.01324525052195474,-0.01014889107674251
0.012952970938613566,-0.059547526487534724,-0.0015485139123875905,-0.04021979355927802
0.003378161684937271,0.010605521806087648,-0.023100452692355496,-0.07126786206794726
0.001233638215844924,0.09063866715862146,-0.04376883474255666,-0.09682314417038075
0.006388476966681501,0.1591669203203973,-0.05596544322083888,-0.10988019187234713
0.01593048281182744,0.19760521983476897,-0.055157973955260405,-0.10425025325953398
0.025808958582439284,0.19643226839069436,-0.04165080272355704,-0.07623677273594288
0.03261927874157188,0.15836575928031976,-0.02048627827963366,-0.026130101298737968
0.03481685940037977,0.09729710850861883,0.00047955641090907664,0.041065941880885734
0.032959789712011786,0.03336901880689552,0.013587245672526775,0.11610957287956201
0.02902702241302274,-0.014020091594983464,0.014324937357127211,0.18727376259710674
0.02524834701212452,-0.03275726157536038,0.0030982257543108824,0.24300705840901574
0.02305179164678979,-0.02176563396469052,-0.014860910912279248,0.27476925732417734
0.02262156716366576,0.009318803483848523,-0.031429928840050976,0.2791729798514856
0.023226939273343555,0.04431135417245714,-0.038668960880230877,0.25872633538016404
0.024086694842559004,0.06684150408047822,-0.03189367262849119,0.2208977619537629
0.025258723274622412,0.06649788805518451,-0.01159940712249539,0.17577238243923393
0.028018928699573026,0.04248189444829553,0.016497984762716217,0.1330467715636146
0.03443529442412589,0.003490348135611984,0.04335289836550693,0.09933952539727153
0.046246429909777995,-0.03599734876612912,0.05975284576104683,0.07668610882198601
0.06353567573500524,-0.06149668558901321,0.05962319520653271,0.06266808566228838
0.08386888737015025,-0.06408806119693461,0.04228092813741819,0.05204486819320672
0.10243629242134616,-0.04365284581802382,0.012812535026148299,0.039221740168810026
0.11333848604887153,-0.008608397475935427,-0.01958359696178949,0.02060028866917525
0.11164191917429209,0.027637748609063477,-0.044726840422283365,-0.0040720799544806535
0.09542271630607913,0.05202518968193062,-0.05496968151108006,-0.031829871085966056
0.06691278255766853,0.056821430723547776,-0.04787386644979307,-0.05797846686402295
0.032136440373393,0.042296816376339474,-0.027113737456783246,-0.07827771475156903
-0.0010017360890727314,0.016108222903496103,-0.0012875679678900458,-0.09086292472335153
-0.025563777766513647,-0.010256915048877907,0.018962976274675004,-0.09703970002698825
-0.038282611530603375,-0.026449890836087477,0.02455126225726183,-0.10054446768985575
-0.04098850100290055,-0.027570653911927003,0.011053719183747736,-0.10551235363571981
-0.04003292671983866,-0.016041222668268032,-0.019703476972325183,-0.11398389139606675
-0.043738032115830786,-0.0002798536431888165,-0.06009183590363398,-0.12406617439961994
-0.05871616662338882,0.009262938295746002,-0.09899975108960742,-0.12970272508898054
-0.0864557890402754,0.005045339942043595,-0.12525853082163918,-0.12242807353981061
-0.12160946488702305,-0.013740390608051774,-0.1310754814693184,-0.09468515481154131
-0.15288624128248812,-0.04013381446647944,-0.114404235336796,-0.04356716888276617
-0.16650845370378886,-0.061731973808272174,-0.07954964963946981,0.026494770725891088
-0.15118109655864914,-0.06558063225298631,-0.035873702972180496,0.10336798644979088
-0.10283158355707628,-0.0437594793648412,0.004950893702759454,0.1697156968985733
-0.027301752073763636,0.0025686118425097097,0.032281317714462035,0.2078663012134487
0.060214249823097664,0.062358345773339756,0.03945177917116091,0.20560814223730225
0.13908035156387522,0.11764363732203391,0.025507643688958033,0.16094425835570714
0.18934889152097373,0.149338027544295,-0.004702299155565947,0.08399567944873709
0.19810326031570655,0.14384057288511723,-0.042023914335327935,-0.004927434212984992
0.1638155670757307,0.09805556430833298,-0.07560787480255513,-0.08080680291417884
0.09712480974165194,0.020972415717599432,-0.09589039065006194,-0.12140190816182489
0.017646442055127703,-0.06881348989068123,-0.09715386565332201,-0.11437578577635371
-0.052189270730152094,-0.14879278033767052,-0.07902922468918287,-0.06165160540349893
-0.09420755719179583,-0.19945532140179104,-0.04659526986056043,0.020614319658585935
-0.10005894534177592,-0.21003248932717342,-0.009082037067588308,0.10665551311980796
-0.07339196332189285,-0.18115747733376505,0.022487319231947196,0.16897891620909272
-0.027929685701766852,-0.12369668065795067,0.03814278612027268,0.1870161610618165
0.01779616719229763,-0.054399074787499696,0.03161920350668109,0.15370431856500336
0.04712094433261376,0.009894235884379113,0.0021673188726645497,0.07777630934216842
0.050927038846582784,0.05734065781297058,-0.04494536688754689,-0.019060408031482953
0.030328783736246753,0.08376724709672069,-0.09942519062118269,-0.10916503141447662
-0.004504098853979635,0.0922417137436494,-0.14826652512790936,-0.1678943161548327
-0.03881365918052581,0.090091108987362,-0.1788836322392396,-0.1814368604690501
-0.05923454743188933,0.08484773987763089,-0.1823098713697398,-0.15093225432131283
-0.05898416752236044,0.08088704921248024,-0.15563887554984474,-0.09153227086647513
-0.04030101181722515,0.07808127775189347,-0.10302025394318376,-0.026805528794841556
-0.013248082778058373,0.07283950840934633,-0.034863451316057704,0.01951098822419069
0.008600372276517405,0.06085182783523703,0.03462532775262765,0.031516325314471544
0.013877535715835948,0.040142102641606725,0.09097155329397297,0.006139958968919787
-0.0016974639184599329,0.012946899547793371,0.1230868106498634,-0.04653149821431415
-0.033202711769464106,-0.014502492271221048,0.12602899656834288,-0.10756708787635115
-0.06802324662734907,-0.03426193565959075,0.1020716679576196,-0.1564598376715548
-0.09046531825854245,-0.04004718907708959,0.05976631664925502,-0.17863817229373807
-0.08776122026160287,-0.030203218170466554,0.011281093534701648,-0.17047563650971248
-0.05520368701068301,-0.008898757859472802,-0.031169375970437056,-0.1400234932232855
0.001548479749592574,0.01510320656870319,-0.058703528629329614,-0.10330070035023317
0.06791476371243473,0.03172506650567988,-0.0679277838712053,-0.07763060415096128
0.12512656421754909,0.03363332449281157,-0.06123852909525558,-0.07460190001682768
0.15657809717207197,0.01941563715788973,-0.045260359322437195,-0.09535144736756901
0.15352886481615552,-0.005491258269010507,-0.02803249173493644,-0.129975856570955
0.11812868544969339,-0.030617924954270223,-0.015968067631382414,-0.1613105250663303
0.06270634721162516,-0.044412440553329366,-0.011666706828592818,-0.17165498802321716
0.005601159434104878,-0.03882308982392758,-0.01333515358824746,-0.14989357983247026
-0.03496969817471743,-0.012705220804799192,-0.015975832868071013,-0.09628597530674152
-0.04686131320094821,0.027340780929517684,-0.013849525564065367,-0.023053180208092598
-0.02774694413323596,0.06910813898499878,-0.0032423458270141176,0.049552160681633775
0.014529226332405241,0.09913660709481917,0.015555164497925999,0.10030766795467788
0.06496553531346239,0.10762838019524493,0.03786736333097866,0.11463906467392548
0.10660607965661187,0.09202786112590595,0.056072574613444476,0.08997569885817716
0.1260785122057569,0.05786736912264786,0.0623972914162038,0.036830987038205865
0.11761613210121541,0.016541029244098015,0.052068590538828355,-0.024845356583991653
0.08435727790235073,-0.019127097807087167,0.025647940858388993,-0.07275797259540218
0.03672432365540744,-0.03978369658544316,-0.010383985746852597,-0.09024063276000661
-0.01132459066748704,-0.04298908804658816,-0.04512900704150255,-0.07222096324078006
-0.04675298984026437,-0.03384755919485651,-0.06646436832867146,-0.027009369211395986
-0.061120412578008376,-0.022582054840575825,-0.06491883136601861,0.02672961954696316
-0.05242560155271168,-0.020024471544578856,-0.03695058424370356,0.06670861419157989
-0.024814529734838053,-0.032829277281682466,0.013487660642906102,0.07499465506584563
0.013410923914568482,-0.06034348579798557,0.07565952276261989,0.044341865943176226
0.05257769984330375,-0.09442650511345246,0.13484922697203675,-0.01938297868300396
0.08424195386778628,-0.12235721811385859,0.17639436520318227,-0.09949292245171057
0.10291139660145313,-0.13174547760647365,0.18969555212486083,-0.17456943733797842
0.10665975078171597,-0.11555990510148234,0.17098617647834424,-0.2260530676675641
0.09682710697592506,-0.0753101274940751,0.12407864528530096,-0.24453338026309945
0.07721762548567283,-0.021109573355258086,0.058975182964753,-0.23246867891203332
0.05317246445799921,0.03147259262485008,-0.011095023355699155,-0.20243087696967854
0.03069242180943723,0.06664361326194898,-0.07320183563901807,-0.17165082275183358
0.015567384742527212,0.07379220042542523,-0.11770744863937012,-0.15500582587365092
0.012384250371101078,0.051101841926160387,-0.13991378926639075,-0.1591390654510461
0.023391582417922725,0.006095657191021644,-0.14007797226457855,-0.17993508568008704
0.04743998330624705,-0.047010367188047686,-0.12207972075789311,-0.20428147808849412
0.07944327809991342,-0.09210007181622232,-0.0914345385306948,-0.21541589105369613
0.11085215385960637,-0.11631149518211079,-0.05346469059857613,-0.1998022043673861
0.13140533009967637,-0.11372763959787816,-0.012249787628639815,-0.15290404840731833
0.13196094356443897,-0.08642368491678276,0.02942320885409449,-0.0816369410259423
0.10768160908290555,-0.0427448698377694,0.06933621172875146,-0.002521768370957772
0.060488568447042756,0.006274429686319565,0.10488355300771364,0.06383425719227653
-0.00028220194617460843,0.05082384109263388,0.13249496252498902,0.09993389465283341
-0.05962481138588164,0.08505891652376331,0.1478606748376464,0.09763738944363495
-0.10081403765680153,0.10778495200766922,0.14701480971071426,0.06116991444209649
-0.11050771707959683,0.12112291422078555,0.12793670117036043,0.005768253216674502
-0.08336464153924658,0.1280383617943387,0.09205760295330653,-0.04758118827881208
-0.024503787560744228,0.13002375638274088,0.04501669989553572,-0.07946026993204588
0.05128147903644757,0.12605102017000963,-0.003785298863608611,-0.07881447647456567
0.12358447509166477,0.11325335519263602,-0.04290440910356844,-0.04684698987834017
0.17258300083392314,0.0889549452502921,-0.061483664502861385,0.0033296901109580238
0.18538444407894505,0.05301732428178427,-0.05210434407030185,0.05113548681810148
0.1603393157876252,0.009296642440870391,-0.013043209723632439,0.07550219314195565
0.10773361589121525,-0.034617570089730335,0.050755181916568,0.062002652300023026
0.04646970638452976,-0.06944891289281199,0.1283482462440951,0.007754687609370533
-0.002252649516358129,-0.08731762360422826,0.2050207220891737,-0.07745358687323123
-0.022142994651957137,-0.0846050254054923,0.2655536344440822,-0.1740585979249773
-0.0074193700574275365,-0.06337280704344217,0.2977349930330248,-0.2585498899175137
0.03519392066108225,-0.03067896240769087,0.29523134744221746,-0.31025619474084803
0.0888312159130378,0.0039954545928553575,0.25908803941572567,-0.316935694201126
0.13243765906918914,0.03218878275080879,0.19746129571980583,-0.2775622393983722
0.1482432922100454,0.04936229935487216,0.12362232471368989,-0.20172481805282227
0.12812365019248081,0.056065944042116775,0.05270581000496016,-0.10617467619069738
0.0765799637493715,0.056900121726970745,-0.0020014697752806657,-0.009876641480659953
0.009258554879194688,0.057761336583443644,-0.03230172545280528,0.07079837042836634
-0.052487220789698086,0.06262599053883942,-0.03702033257399202,0.12539507286634433
-0.08907724888186365,0.07136413741270575,-0.022106109761855494,0.15055531620241036
-0.08958187062239249,0.07965750089613069,0.0011681118159306558,0.1491963818083078
-0.055566143887357033,0.0811766885594916,0.019465711434254865,0.12842007597492555
-0.0005526018753120726,0.07112959914845707,0.02125062331187956,0.09710502922111552
0.05469145445024815,0.0495784629397039,0.0001903037548610792,0.06395923146175862
0.08936919571826815,0.022872609479383216,-0.042890044360150995,0.03638131542460146
0.08984309535601671,0.0022281374182252928,-0.10011985965316869,0.020020436415103197
0.05431874568812883,-0.0003361374098528394,-0.15880127686865125,0.018641385608041933
-0.006534496774835613,0.022707620519242022,-0.2051396995475397,0.033897748314220724
-0.07314195958349097,0.07000589239358346,-0.2283988365634725,0.06485802105507472
-0.12343981016786484,0.12985695621290563,-0.2242026553494355,0.10747117991692204
-0.1399040247067911,0.18271790304081215,-0.19590967835339487,0.15441090103933675
-0.1148440696900872,0.2072347483232872,-0.1535474823676567,0.19575726717841366
-0.05232972459391012,0.18787881683637292,-0.11056153631518995,0.2207257691459863
0.033640050058820335,0.12143397822386026,-0.07936434839576964,0.22022541578105856
0.12382341233301514,0.019750269990789326,-0.06712088072063976,0.18959875046547886
0.19949174891693605,-0.09263275056723844,-0.07320242203746867,0.13065834204504267
0.2472868864438211,-0.18557632662142654,-0.08925355458663381,0.05221182366343109
0.26174011569241135,-0.2329488115747293,-0.10197963237905751,-0.031335162808972666
0.24500498760052045,-0.2214822636931207,-0.0978395513903979,-0.10311435948402836
0.2044026797118813,-0.1557003250862021,-0.06813192469798507,-0.14789832823287913
0.14908256724678554,-0.057002076826019966,-0.012744672051934941,-0.15603360477587302
0.08722257527554639,0.042994830857560465,0.05880007564409513,-0.12605326700553915
0.024737912148085836,0.11269638094248235,0.1295262551309037,-0.06517643617092848
-0.03433537074613373,0.1308755245579832,0.17986413987494848,0.012484335489079868
-0.08640791295441162,0.09353426416917607,0.1937174103436887,0.08951741059842966
-0.12693201838499363,0.014895510404017286,0.16379679486947785,0.14960574472254534
-0.1500332720685727,-0.07779658964252723,0.09445013446764272,0.1815168183492389
-0.1496496381173844,-0.15379448526743383,0.0009879828096396037,0.1816426551647466
-0.12188195691949924,-0.1892901997450711,-0.09437337934112071,0.15448913348748525
-0.06759935491665875,-0.1751033433264581,-0.16872662028599777,0.11109547433815989
0.005922116665702497,-0.11898252752679594,-0.20491106971329848,0.06590468555275181
0.08529442954902938,-0.04188066035389593,-0.1961658120530677,0.03295893121551041
0.15352670196583362,0.03024080025785024,-0.14758117938052628,0.022388544877196617
0.19417721582936898,0.07593924596885601,-0.07398514610122164,0.038010825785048365
0.19589539966693878,0.08561614023414092,0.0049420163314169135,0.076529690551457
0.15586183819236935,0.06403147852678084,0.07066367054511313,0.12843263073022865
0.08093980383755044,0.02727760248538252,0.11094159130403831,0.18031262985513302
-0.013905933636109046,-0.004406280224064836,0.12256856341349157,0.21806520998420287
-0.10946164895763924,-0.015054417693152647,0.11098323402560961,0.23025605214175945
-0.18719012927549372,0.0006930072001246138,0.0871504506458233,0.21092967272733115
-0.23372451821536577,0.03578542092159931,0.06298340420675871,0.16123013660790764
-0.2436454727274866,0.0741154645778752,0.046990216343248015,0.08942175574411834
-0.21989790545391869,0.09762681621308776,0.04162870660996369,0.00921323051719974
-0.17201142495664343,0.09429867117842686,0.043149341507209144,-0.06333558392227191
-0.1129599531371557,0.06378015971983159,0.04377319508411363,-0.11367682876936916
-0.055798885433475554,0.018354214457477692,0.035233565190537136,-0.1324924475603314
-0.011077660978526645,-0.021278226690767066,0.012292598649249701,-0.11828049630594784
0.014455413489509935,-0.03388172225936632,-0.0250462345986118,-0.07801420748961595
0.017931129502823565,-0.006268992908546503,-0.07134555914550723,-0.025526238605320356
-0.00025853955428448497,0.06071964672809826,-0.11749491669650422,0.02211384298879082
-0.037128203572536676,0.15122225025663039,-0.15365947619811948,0.049343635301545556
-0.0873922284310592,0.23889769304241193,-0.17228779868133123,0.04666709581272634
-0.14339431369148672,0.295499749122769,-0.1701327254138773,0.013660575065640054
-0.1951046842602391,0.30046550748001494,-0.14870276122638684,-0.040580005698087854
-0.2307969232996126,0.24809419263659488,-0.11319785007697988,-0.09984080172086596
-0.23883897684452926,0.14973921554534153,-0.07053281936036782,-0.14546175040340123
-0.21054069822347662,0.030218849484500685,-0.02730560676714411,-0.161950987504605
-0.1433893648573263,-0.08028989618438093,0.01155050030925275,-0.14184362487100066
-0.043547568624939526,-0.15602577080500485,0.04310064490300322,-0.08826289072561311
0.07357743200978377,-0.1836949748181326,0.06590180323671671,-0.01430619153861382
0.18545812851183613,-0.16608266220164208,0.07919983156048924,0.0606420904760648
0.2672063178940169,-0.12012677268742125,0.08245051534196464,0.11658667240208134
0.2979519168651082,-0.07031697216778263,0.07554055475685986,0.13884328779890376
0.2670820301937853,-0.039871723912047366,0.05963762636051055,0.12235875525548563
0.17835559105892035,-0.042813880241332244,0.03816239144977213,0.07307971440609906
0.05034195088096091,-0.07960972360728052,0.017165540201300733,0.005966184123418261
-0.08736114108343301,-0.13766983869782606,0.004533796077424964,-0.05967230571954045
-0.20138873580430378,-0.1962615456919538,0.007913537816636809,-0.10598540532509589
-0.26345562009991413,-0.23389149313399407,0.031854140740433565,-0.12166331323147976
-0.2582698975115837,-0.23549611366732134,0.07517660222595571,-0.10470736482880078
-0.18813040658841323,-0.1970335693940259,0.12972773051759107,-0.062119724537555196
-0.07271605786289846,-0.12614659110717788,0.18136883860410602,-0.006795324040399096
0.05603472389055369,-0.03902011877675342,0.21333326418090176,0.047173743141627554
0.1625916991333787,0.04515516037191995,0.2112020901046334,0.08908876275096062
0.21760353679461597,0.11002664835402712,0.1680173135548709,0.11455823111518144
0.2059713845115594,0.14626728029776398,0.08777454737065649,0.12583151970472956
0.13090999676326837,0.15294500310045234,-0.014132234997833166,0.12961523661632351
0.01285925390991213,0.13603697327525444,-0.11406150583377159,0.13334831770898997
-0.116382360111955,0.10505500594356795,-0.18625328251233664,0.141445191586615
-0.22255223626339057,0.06927727282459911,-0.2102572563118474,0.15298460776749345
-0.2782608209961831,0.034992679953932924,-0.17740019394446632,0.1617461566537332
-0.27013228091444486,0.004564543349888057,-0.09416789653442054,0.1585948300980041
-0.20183020439245017,-0.022701471762497025,0.01877285095774805,0.13531947119601906
-0.09230413878166471,-0.04860012923973868,0.13186712217532504,0.08847080048773451
0.030013205092900234,-0.0740150491081435,0.21486073297141084,0.021721610355028884
0.13521401541680447,-0.09774820536391719,0.24548962223974793,-0.05420812548325502
0.1997664104833194,-0.11660041682745065,0.21602805126078078,-0.12414579248382962
0.21204512383570912,-0.12652281117266395,0.13564100395844436,-0.17275655740365198
0.17419377019499835,-0.12422301349972133,0.0277387183256495,-0.1890895033634878
0.10012152678836284,-0.10849313281342313,-0.07693776428184357,-0.16983506551046634
0.010558992932051016,-0.08074155047422758,-0.14944423719911448,-0.1201920768243787
-0.07314150848656154,-0.04462379555490831,-0.1712174114647125,-0.05207131000007333
-0.13457729915950073,-0.005071112895717335,-0.13950879281937317,0.019720291777001017
-0.16573294325035967,0.032776392337672815,-0.06801896139370743,0.08198977576541114
-0.16757144955043995,0.06429155156369756,0.017450641951857367,0.12683076401142807
-0.14799537902741447,0.08558077780966523,0.08699164321162278,0.15325881354601478
-0.11816023110133561,0.0933890210940373,0.11578801351094413,0.1663550921754226
-0.08850166933811401,0.08508745296820887,0.09172853732680275,0.17435125942436142
-0.06574739728345612,0.0591057271003224,0.019140181284375196,0.18480154348896116
-0.051698555012456064,0.01588826976983946,-0.08246100375804198,0.2012777874822455
-0.04388156336416503,-0.04094317375940297,-0.18419684008494586,0.22179512789900516
-0.03753554812752809,-0.10384887753535485,-0.25646012343601543,0.23952069027184164
-0.02802236936066018,-0.1617233673048955,-0.277764011543156,0.24547585452814413
-0.012730205774464723,-0.20171441854764693,-0.24118305662369927,0.23221693457779957
0.008142345446885586,-0.2123246928128016,-0.15650464915272455,0.1971261162196206
0.03203198063406064,-0.18700268502002276,-0.04749473914072886,0.14408479169283578
0.05530935634172804,-0.1270295516133984,0.05488242154078246,0.08287933111695375
0.07476480955063612,-0.04252083363669617,0.12128911821392023,0.026495445375404672
0.08862078788866282,0.0491575013696958,0.1323274997753474,-0.012795239727845471
0.09668843038023511,0.12743958196746302,0.08398311401103341,-0.027226209986502957
0.09970717106854723,0.174074772788068,-0.01128765611148641,-0.01591487332692511
0.09828931331639573,0.1784851062303775,-0.12803861134154343,0.014972726720914289
0.0920736325541748,0.1412367710090922,-0.2347998685560031,0.05431290901184964
0.0795950786613738,0.07438384462957548,-0.3025021635537431,0.08964733534767333
0.05904005100203563,-0.0016133398516831564,-0.31199954220524295,0.11110835245463398
0.029619759994587807,-0.06359715443160965,-0.25868056943857687,0.11434044650484307
-0.00705352707338275,-0.09237598562221934,-0.153061728244544,0.1014820955044162
-0.046301307084030754,-0.07831999916106444,-0.017428817701114485,0.07995281315251893
-0.08092506763057537,-0.024172813034113227,0.12031830944554435,0.05953927787252561
-0.10300260795143545,0.05577372200452339,0.23376633646210185,0.048832683628339625
-0.10643663509625453,0.1398588879888292,0.3040604583508115,0.05224993517920015
-0.08936444791645097,0.20527283877703895,0.32342508296714856,0.0686230629464526
-0.05546416764294901,0.23441124173413583,0.29546479727462216,0.0917637083681404
-0.013500719840154508,0.21948651101134786,0.23255191505798026,0.11271413718034828
0.024943981685950294,0.16413138325662163,0.15140084814094157,0.12282938415886492
0.04892928047278351,0.0817073699605888,0.06831676536192274,0.11659061468989677
0.051671045165179674,-0.008961538964007757,-0.004496845519304805,0.09320163885686479
0.032867031073400124,-0.08899261450276813,-0.060702448797134705,0.05649975083649393
-0.0010686376702089364,-0.144327775442896,-0.09951923551785821,0.013334896098794364
-0.03905635707662352,-0.1687441602468828,-0.12387194330244036,-0.02889221540780548
-0.06906089463531165,-0.16432845038533783,-0.13794014484133976,-0.06458370188999832
-0.08220262156102484,-0.13957278031065418,-0.14508497902308243,-0.091344194416803
-0.07581880332645102,-0.10593581310878103,-0.14681781310721242,-0.10999576397257618
-0.054360115793795585,-0.0740674249618382,-0.1429654427967864,-0.12333692399103495
-0.02776902973472502,-0.05085083408373528,-0.13268789516847979,-0.13426185099173238
-0.00790157780536973,-0.03803557238468486,-0.11570561080767164,-0.14408455316395946
-0.004281985825446593,-0.032675502705664106,-0.09309094732654363,-0.15179749306334653
-0.02074009790073963,-0.02903529382965304,-0.06725041513278879,-0.1545835723727908
-0.05416386757034665,-0.021241327861213282,-0.04113735269397889,-0.14935824322936866
-0.0958113591157905,-0.0058114068757998925,-0.017107117535989768,-0.134661813983689
-0.13466042274912643,0.016697134191768825,0.0040009050641337494,-0.112037491952492
-0.1614974733414107,0.04139148351338086,0.023069559034866766,-0.08620145344333505
-0.17216307287172378,0.06018931872174651,0.04203988982851199,-0.0637815915747997
-0.16870011038799312,0.06411885944632273,0.06262967675667118,-0.050994599630018164
-0.15797295452727,0.04618695973549367,0.08500313053079721,-0.05111333108764762
-0.14832914909720413,0.004062580066502614,0.10703632838854635,-0.06274718484130923
-0.1456667420550925,-0.058181539638295546,0.12461304789166197,-0.07972935184799856
-0.1505320272780598,-0.12985848767682184,0.1329644274470074,-0.09284018684429554
-0.15748810529979282,-0.1952522509378835,0.1286018758420236,-0.09289492774896435
-0.15710158475661853,-0.23682748413482624,0.11108196043825416,-0.07415080780437111
-0.13983652879178954,-0.2394350858967114,0.08382779964952106,-0.036774355432849556
-0.10034050783950552,-0.19452057893162858,0.05354192626635926,0.012638425202730267
-0.04038726511799192,-0.10319426086628372,0.028276078668892562,0.06284276653440465
0.03078952260312988,0.02282310311453146,0.014772256523841612,0.1015465866559058
0.09904297936686488,0.16289736920332576,0.01603482769233531,0.11964095432377687
0.14987519407697947,0.291648306357157,0.030082332900070258,0.11455310835044072
0.17332076626252257,0.3846822431420796,0.050440838915754405,0.09143914662619235
0.16727792983401557,0.4244386460872524,0.06830800228242079,0.061644029066117725
0.13797531696705517,0.4045380795525719,0.0756729230749845,0.03881918303470957
0.09736392885886916,0.33134036805707345,0.06827277696938117,0.03396269310275065
0.058439838066334765,0.22217100492302783,0.047272887868976446,0.05110937999471284
0.030348230992884823,0.1006449635031387,0.018989995492585045,0.0852595428582382
0.015240985218380694,-0.009591077780315788,-0.00730900274961924,0.12341821208497143
0.008184604267060878,-0.09086364220073437,-0.022771229310035904,0.14855503500933265
0.0001884789995868219,-0.13544624770280517,-0.022256644164120147,0.14525574770108085
-0.016877173595825357,-0.14635723772072687,-0.006327577727042107,0.1051916296496877
-0.04555189894627247,-0.13485637832145148,0.018858357295466747,0.03052532991611501
-0.08035079884759183,-0.11558736108406231,0.04376998090209405,-0.06597937902917017
-0.1088902379245781,-0.10107410592682797,0.05905885590858986,-0.16428359492860306
-0.11642327501102401,-0.09746055862487728,0.05914607611289427,-0.2428140912604177
-0.09218955086765054,-0.10291542173201054,0.04449076331157596,-0.2847751281143395
-0.035091361943566504,-0.10916181514058897,0.021653607632659853,-0.2829923853842322
0.04374151740727083,-0.1054721228515873,0.0010727931105954554,-0.24175207081543792
0.1229040213024708,-0.08358689055756113,-0.006681780223917815,-0.17511942558246363
0.17692695339123005,-0.04169013089876964,0.005164811444777095,-0.10239990413057601
0.18480817364962054,0.014077712133923604,0.03690884220528983,-0.04232875859498328
0.13787935797459078,0.07118570521649456,0.08190876818946735,-0.007922870249914938
0.0440515394340809,0.11484181078800776,0.12852831861649877,-0.0035956190332842256
-0.07337187454029684,0.1332176057592636,0.16379501527676069,-0.025261753205661302
-0.18224350027161265,0.12187371068608091,0.17748389344501214,-0.06307726209855911
-0.251467153578233,0.0857484894905674,0.16521474807067796,-0.10556856628193181
-0.2609431675111821,0.037923605212926426,0.12954758732584115,-0.14352311212602198
-0.20814306737225136,-0.004480244894258591,0.0788142617724429,-0.17225816421338747
-0.10900268770381426,-0.025905034233642772,0.024241265990128144,-0.19163555892531073
0.007215548928426654,-0.017548396102948713,-0.023510714090394756,-0.20413805896896595
0.10733258805597486,0.01961905369520771,-0.0571472850989594,-0.21209131090839883
0.16469089827709493,0.07502260711087591,-0.07399706974447859,-0.21540676872200393
0.16705802834844374,0.13175172116386752,-0.07551359817575903,-0.21093107050756893
0.11939458179800388,0.1717957662195964,-0.06551471503905809,-0.19374401969852553
0.04076696014562099,0.18148872814138153,-0.04810046966207126,-0.15985868977013135
-0.04321493959676834,0.15540295479303237,-0.02621169656969007,-0.10910979130097609
-0.1095133583898441,0.09753316709499035,-0.0013946420163002682,-0.04685014459939542
-0.14498623193211524,0.019578427639616557,0.025292735844453657,0.016508795810672952
-0.14939974899987613,-0.06289638357714401,0.0518771961814129,0.06822984203494675
-0.1333464780104553,-0.13500052307002053,0.07448348400276603,0.09742549145511807
-0.11225030118048576,-0.18624297380775467,0.08751043240410011,0.09917360920895404
-0.0990786106919003,-0.2123683915200873,0.08517247290483135,0.07695774753802238
-0.09875715593811488,-0.21500592266250118,0.06392094469738582,0.04233178703493108
-0.10647561474845549,-0.19963676791902113,0.02473174355342712,0.011680543885499247
-0.11042563150960223,-0.17291493335750224,-0.025869944311718105,0.00102265816731193
-0.09769295472149034,-0.1404537051865547,-0.07679272339623124,0.020575560133298886
-0.060754986492643735,-0.10582748551622399,-0.11535202867043204,0.07097389130730244
-0.0018119231137958469,-0.07091572703684923,-0.13136639388029767,0.1425208711040865
0.06691889857321336,-0.03710547643113503,-0.12092602428000881,0.2178285092731753
0.12715989180776943,-0.006523277073640231,-0.0883307321274374,0.2770311430128715
0.16125364791308733,0.017483220844801715,-0.04524362948292254,0.30385959023476117
0.1589108940029523,0.030987080096670325,-0.007088117003797564,0.290564267014924
0.12130892196993645,0.03104383405183002,0.012225845931144078,0.24008115617315465
0.0608563905508682,0.01747783355422635,0.005433454271793994,0.16479472347748572
-0.0033430744092492488,-0.005992488477769451,-0.02499802207479196,0.08241797708477012
-0.05258043597449762,-0.03197535500556425,-0.06710713160276652,0.010464368857687638
-0.07540739224120944,-0.05113960785919097,-0.10313923109324111,-0.038803163952964695
-0.07157561123905559,-0.05500203938150253,-0.11558967302902695,-0.06132151233639956
-0.05149698761982793,-0.038828607812943866,-0.09355620685667428,-0.06126412680733367
-0.03144940886304308,-0.0035799796931878765,-0.03715610484614462,-0.04840667086164173
-0.026449679031444573,0.04388336886718082,0.04164229756340655,-0.033966978680015025
-0.043656587763594185,0.09252057083444346,0.12221442048784247,-0.02650413903504479
-0.07897354773308701,0.13024708051155895,0.18153897901518662,-0.02930556387221431
-0.11826211977444923,0.1474630483166569,0.20146807013168835,-0.04003347319631817
-0.14274898224697583,0.1398007541074144,0.1745693680992993,-0.05251637192850388
-0.13653253217102831,0.10919899077694051,0.10657172624070145,-0.05979791891518996
-0.09323736748329065,0.06301242625266233,0.014606421742761309,-0.05717283435273631
-0.01916974161863802,0.011554921697734357,-0.07812474861253063,-0.04406062171441572
0.06832055858551726,-0.035002468340694676,-0.14941889463721386,-0.02410894309804631
0.14669736075279785,-0.06929564931270715,-0.18449798051470906,-0.003642321060492491
0.19609092764560904,-0.08815515216298025,-0.1797062459249365,0.010811239787885282
0.20614604445983947,-0.09241959679595158,-0.14240781925979168,0.014900124026866381
0.1792667966900653,-0.08549242519779238,-0.08736534724929351,0.007851246450048126
0.1290803551315035,-0.07140497490828124,-0.031078824069403953,-0.007531421849896764
0.07481794260177099,-0.05325650644958746,0.013814075269102173,-0.026121224586714897
0.033897286563671046,-0.03264381693329699,0.04212926768101565,-0.04236856299772969
0.015658156232718396,-0.010191415708334177,0.056614516466013176,-0.05207094163329405
0.018688487237305165,0.013232783820920694,0.06540438296163952,-0.05339708141801337
0.03269264611393941,0.03535576938005677,0.07763730597766988,-0.04693356299581153
0.04399461228762318,0.05211473939593855,0.09902220273830253,-0.03494728401075185
0.04228716144980729,0.0584197841215444,0.12905447889940677,-0.02033617686798007
0.02573414473566698,0.0498935482953794,0.1608721538508409,-0.005768673259933664
0.002215912721605375,0.02491997642049435,0.18370631898690423,0.006694606296449495
-0.013891207847390837,-0.013900162406066473,0.18691699240364826,0.015522235738522905
-0.008134865060628185,-0.05964405886400304,0.16406759895657008,0.019463666159025648
0.027048659368850533,-0.10258256149302244,0.11555271904732206,0.017490334327662144
0.08780477971466516,-0.13294241969118914,0.048894536126312636,0.009132528953843954
0.15885198944729073,-0.14399492378205017,-0.02329423311877024,-0.0048784349787270725
0.21830176775073865,-0.13433472116735506,-0.08686547851856227,-0.022035216891585253
0.2456475541999621,-0.10843503365970214,-0.12993785197262805,-0.038024920412219616
0.22989507918395446,-0.0751645773004834,-0.14571917716460409,-0.04756828980154309
0.17460165892625673,-0.044711930140848344,-0.13360270612168934,-0.04607460376761037
0.09766517452963763,-0.024995044781079494,-0.09848105254828575,-0.03161737839449495
0.02566472822039679,-0.018883634712658085,-0.048834300991846415,-0.006437302405766989
-0.01534364006326697,-0.02331401336081014,0.005545501504479312,0.02280755079800362
-0.009248974538573582,-0.030701333652482732,0.05541520788384151,0.04645127547596282
0.043980813979091066,-0.03219238496844846,0.09313470415362053,0.054674290768776744
0.127801286755987,-0.021574382385555514,0.11300166715943698,0.040950614939815264
0.2145082354018068,0.0016553012689273713,0.11129388625740755,0.004856986437318224
0.27464857478188487,0.031310877234574624,0.08649236403148558,-0.04691750930680756
0.28701642522233994,0.056155993230381396,0.03990362291969987,-0.10197709910369789
0.24561742650403723,0.06372230825732372,-0.023517360920150106,-0.14580291135736112
0.16113744644436043,0.04502989027992732,-0.09469983099884491,-0.16642617716725078
0.05652388244363858,-0.0014791676242619824,-0.1609967660043527,-0.15859068629532225
-0.04151585853811844,-0.06829127419749842,-0.20812453712219928,-0.125860463782317
-0.11181302440590314,-0.14020979775479459,-0.2233555275431932,-0.07977549408022455
-0.14534184792315405,-0.19849092713835575,-0.19920361682298898,-0.03618772780007588
-0.1467720529432114,-0.226458231023747,-0.13642430356708912,-0.009951254085679921
-0.13063182712267382,-0.21476605679809596,-0.04514084232418935,-0.009798077196574152
-0.11385516868135473,-0.16454549135019103,0.05663093703766836,-0.03523578669423827
-0.10786731560754312,-0.08734295488399918,0.14697671026930592,-0.076625504046268
-0.1134774292962935,-0.001821361181832324,0.20563034433796146,-0.11846840437406189
-0.12066383283846183,0.0717286634492382,0.2194756148037317,-0.14475895369833852
-0.11332820344474458,0.11729725341679052,0.18628159465182836,-0.14449337712626883
-0.07705786363588965,0.12759244758197044,0.11541534203392367,-0.11535249909562018
-0.006676461257163556,0.10563157046953808,0.025197951530880554,-0.06424799489461638
0.08961589988964648,0.06307974593084018,-0.06235362191448608,-0.004586883418678805
0.19141184787899215,0.01600683084303736,-0.12779592591789296,0.04866731026594192
0.2723963328957322,-0.020446985802274824,-0.15959434024697508,0.08424402421400132
0.3095508569942851,-0.03671773202945974,-0.15688088111958987,0.09814364813381173
0.2918211709802675,-0.031316725128371664,-0.12883804642725588,0.09423602645684442
0.2249051757484779,-0.0105155572071369,-0.09101624669553769,0.08175137094129242
0.13020504497841767,0.01447660171669973,-0.05987738844221945,0.07076309001377773
0.03814324394046513,0.031726226969117394,-0.04739264513949577,0.06755521132960193
-0.021851320225014376,0.03268179666982639,-0.0574378285311439,0.07180842143710778
-0.031123204924148655,0.014829209771931952,-0.08507051963953807,0.07680314385705256
0.012159708625670618,-0.017850906140818978,-0.11877923841994918,0.07260747107435678
0.09281712033513229,-0.0565705745476478,-0.1448120280637145,0.05097540335420335
0.1843135291219273,-0.0908035524894806,-0.15204847618611383,0.009924238236515143
0.25812994971786485,-0.11159438880771541,-0.13577513929214216,-0.043995386758629094
0.29341712908031176,-0.11401948025070205,-0.09916828350708842,-0.09687233091373484
0.28348351822988127,-0.0981349132174863,-0.052104090832446645,-0.13184327522418196
0.23692577811741855,-0.06834531874127811,-0.007814314239551059,-0.1352115463988658
0.17323826793596847,-0.03166531824672507,0.021416347531047857,-0.1019808880096291
0.11476702972703057,0.004370200076604647,0.028066310500909405,-0.03860685073809152
0.07814742019201934,0.03343166626220001,0.011498188599195158,0.03827315119019569
0.06842941285339157,0.051344099067953404,-0.02220914647164849,0.10689480955997571
0.07796340463690551,0.05625059449769808,-0.06254179498159324,0.14753057484968873
0.09025387427282935,0.04829617955793819,-0.0981013932327475,0.1492327398364594
0.0871125198394701,0.029236985773351987,-0.12022058801078636,0.11370008062743378
0.05626172081925547,0.00224202721365218,-0.12548045748176886,0.05480447700911743
-0.0035264697632582578,-0.02812522020090961,-0.11637238798760813,-0.006131156660655862
-0.08163589172474758,-0.056019324802864284,-0.09996929641722668,-0.04766862360949319
-0.15933140899126436,-0.07488276435740089,-0.08510784187565543,-0.05561193559392409
-0.21647127436692173,-0.07868309420951086,-0.07904104265848867,-0.02778341913831172
-0.23860930502673633,-0.06367986834025313,-0.08467045805250596,0.025444332005578822
-0.22184364334584722,-0.030195490151615975,-0.09927544528114571,0.08498173973884093
-0.17371860501640188,0.01636973505405282,-0.1151886869217881,0.12977243589239854
-0.11003115565510782,0.06596707894205917,-0.12226179656212782,0.14399483597165644
-0.048924353192219654,0.10605400776363569,-0.11139686127066344,0.1221522686465707
-0.004588436146267953,0.12512388511061096,-0.0780528968141071,0.0703305764691782
0.017091532995415284,0.11663693298916167,-0.02458157268888657,0.0033506304877676148
0.019467139971176113,0.08202232457938041,0.0394662537288106,-0.060954304530803166
0.01253821475617159,0.031519539947199776,0.09935590475633982,-0.10811050820359824
0.008082268272860682,-0.01779096627113808,0.13910015369226306,-0.1316658002825427
0.014529594118777418,-0.04650965941170063,0.14626462195321127,-0.13453234013957815
0.033581960841785705,-0.03880125450117801,0.1162294127189668,-0.1267205188308121
0.05977813583606953,0.012167279708524967,0.05451342258139505,-0.12054339499728248
0.0829967572800368,0.10108236595498936,-0.02377198499278434,-0.12526872792797972
0.09274648462913684,0.21088118388323224,-0.09747220084149502,-0.14329949154831062
0.08246186260762312,0.31685716122658647,-0.14514576733810258,-0.16926853338994857
0.052118023222846775,0.39342193306091683,-0.15145794838021814,-0.19224204154139954
0.008222295931472098,0.42153293804410247,-0.11228585761053832,-0.2000230083962653
-0.03868853385861506,0.39447506855938974,-0.03683243819412131,-0.18379796822114264
-0.07795422053177695,0.3201211130196071,0.05416396088826395,-0.1413472048604637
-0.10252384226726091,0.2188694682217293,0.1338823277021963,-0.0777115917852283
-0.11109337871879278,0.11782436624882733,0.1771139378925266,-0.0032738042937427193
-0.1079247184380493,0.04298955608371744,0.16796321325449898,0.06978001411614448
-0.10056265271837965,0.011884020178301629,0.10516259798035467,0.13110486079585618
-0.09646749205040395,0.028840848586435968,0.0032170144546211496,0.1745466116224239
-0.09993909017327841,0.08436796579070137,-0.11118252576026454,0.19848355426067898
-0.1105102283066017,0.15863254308547314,-0.2065614271400053,0.2043874934061433
-0.12334479253200188,0.22782533707103259,-0.2557139862711427,0.1946070258099534
-0.1313674742959196,0.2713016789671131,-0.24363984522826165,0.17064764056454595
-0.12820263845712612,0.27725550188928927,-0.17187991712315154,0.13288267869737921
-0.11075214839626932,0.24528146894833208,-0.05787089201898449,0.08183900884265052
-0.08046275017566573,0.18528428688200735,0.07047920245286864,0.020327379757780054
-0.04290140222256386,0.11340612290057697,0.18324804514705592,-0.044859880179807465
-0.005922458830390663,0.04654663941603711,0.2572600987662831,-0.10290708568464832
0.022794212195637056,-0.0026418224087110527,0.2823451470831948,-0.14114371418678506
0.03790830030691162,-0.028751913115982575,0.26315149226078527,-0.14895813872348163
0.03758612547981262,-0.033916530256371806,0.21608800513382156,-0.12206059637379454
0.023435871898486834,-0.025696456181193414,0.16261944596962502,-0.06528847802901147
-0.0005283701255393014,-0.013635077119373066,0.12135128268952922,0.007508248328911099
-0.029317018134865976,-0.005865075624670077,0.10169239444682632,0.07693744400742777
-0.05818538258653293,-0.006925897057567139,0.1012573401323536,0.12399240843206795
-0.08327524058722499,-0.01732676682836537,0.10779210065214588,0.13642984250005438
-0.10166951733623736,-0.034645194878560756,0.10477343773751363,0.11319285888792074
-0.1111550434498719,-0.05538561742063553,0.07852737446254915,0.06501275830405215
-0.11009194279393122,-0.07664256979577663,0.024200997139526857,0.010660573010573701
-0.09765418675062187,-0.09685339012353747,-0.05162070669979342,-0.03001923749688842
-0.07441346503035154,-0.11544921115454138,-0.13261094120317318,-0.04381434529320154
-0.04294433273733961,-0.13177426258685504,-0.19808679413974034,-0.029637948215971453
-0.007991694888959174,-0.14399496202711665,-0.23012632832607147,0.000491484012919853
0.024151847088064927,-0.14871565217390048,-0.21985153882046427,0.025689966737021598
0.04709083677664199,-0.14166954655403136,-0.17064147197533155,0.024390766441341145
0.05622677604905226,-0.11932277577010111,-0.09717122740741324,-0.016431416848188937
0.05045041329325235,-0.08075499963398343,-0.020679251649177534,-0.09451448651343483
0.032922067568945335,-0.02897515645190335,0.03780846220095474,-0.19087246123599844
0.010493911008900444,0.029007186824268512,0.06390093450337217,-0.27468898366384514
-0.008194848934293113,0.08356570112136735,0.05373106120017294,-0.3132490479829501
-0.015404707919694727,0.12492369801455806,0.014123933610279492,-0.2836451969908774
-0.006876415323075549,0.14587559359561586,-0.04076086684701672,-0.18211733030170874
0.016605332131101366,0.1438024051773098,-0.09487129193976454,-0.027482900494887136
0.04925241738172561,0.12126823135747868,-0.13568984945997936,0.14296475655684593
0.0819486491193291,0.08501607804156408,-0.15769820788806724,0.2841134905738235
0.1050084602337333,0.043779967499523134,-0.16280172732481196,0.3569091254803559
0.11108212308396545,0.0057516611978229906,-0.15786438365858718,0.3408559514457148
0.09722942264574871,-0.02338537551372861,-0.15060811570458396,0.2408684670920003
0.06550077624131465,-0.041238571507820475,-0.14569115144264744,0.08603437828942048
0.02191566107151418,-0.04822319393762659,-0.14260180078936063,-0.07942869180353518
-0.0256998962081885,-0.046268997158668286,-0.1361838408833844,-0.2100755739491055
-0.07017831897966992,-0.03747827922580531,-0.11949000264920473,-0.2733795369773123
-0.10689268645490038,-0.023438406557638132,-0.08769167080707493,-0.2594268171494414
-0.13445627998731224,-0.005496005858480316,-0.04133603778176874,-0.18300480849742506
-0.15413072501739605,0.014251907876353167,0.012499649645085806,-0.07754667082519212
-0.16833010633503573,0.03194344955376105,0.06176538333807001,0.016831111559266854
-0.17891737520109136,0.04172882164732635,0.09322923007576603,0.06700166216823286
-0.1860036191204136,0.03685982504115351,0.09712100067778046,0.05754070552936626
-0.1876963000229469,0.012002568322541731,0.0708801269563933,-0.005039833253445734
-0.18082569523140857,-0.03399000106463353,0.020564468942488274,-0.09571819855320057
-0.16228841730810778,-0.09603827981947657,-0.0406678306461391,-0.18055029438138523
-0.13043793005120213,-0.16267329961706606,-0.0965177124156654,-0.22884752851583617
-0.08599251559629505,-0.21832211920034106,-0.13257637989984883,-0.2236187144538595
-0.03217952604911077,-0.24768856725580354,-0.14069149625883945,-0.16673361069896228
0.02583541132289076,-0.24094753743944372,-0.12120296308814363,-0.07725977477943871
0.08192498466763126,-0.19792352878451908,-0.08237173077852032,0.016118926008043873
0.1299888327778272,-0.1295306238751831,-0.03732171674828777,0.08566037270283836
0.16466928619138022,-0.05554774043774249,0.0003536908308642405,0.11424932355210198
0.18173562207503746,0.0009461690094171391,0.02079478297035526,0.10085223942752575
0.17829292234131222,0.020884585005792884,0.02054991826607833,0.060039995703071815
0.1530560283809664,-0.004120601978559947,0.0030202450467764295,0.016053707461728885
0.10683401516767305,-0.0681459428941987,-0.02320928554631304,-0.006212616139975154
0.043142486191930535,-0.15186295550870732,-0.04735532804553066,0.010017841196910252
-0.03137750000346547,-0.22800173467313908,-0.05962865708823778,0.06793390119001008
-0.10716227105716479,-0.26979550204183944,-0.05364982951868233,0.15666880653000526
-0.17286377641171524,-0.2597052624329548,-0.027556980231080254,0.2556644054640798
-0.21741077804642975,-0.1954972935267926,0.016171419383266418,0.3419971129631727
-0.23256154669949286,-0.09153805841037763,0.07174002514832517,0.39787571892070683
-0.21518684139042923,0.02526408498116704,0.13133783443600774,0.4156653482386631
-0.1684499098227626,0.12363581747919991,0.18630705761723307,0.39888218428650374
-0.10131206842914442,0.17758678740726225,0.22808254785868057,0.3591832609761909
-0.026327186057700618,0.17436381829921543,0.24907577712312678,0.3108356299740751
0.04369007718743044,0.11811560228741252,0.24374537824239656,0.26496058772288716
0.09907308513921805,0.02813066885317598,0.2099153984039896,0.22575316504420137
0.13563624075765918,-0.06765399341677789,0.15006688492847653,0.18996730777397697
0.1551102710353182,-0.14161087576215697,0.07203027211563492,0.14962219497796164
0.16352623580459263,-0.17483010019683823,-0.011556529292579252,0.09664916536024615
0.1681593588774086,-0.16226451592930466,-0.08538230775556849,0.027518436129595775
0.17420802780702163,-0.11312091966846664,-0.13498327109585775,-0.05401677865958339
0.18251236025106543,-0.04668641984241017,-0.1507995163484191,-0.13712427117567713
0.18923686047331018,0.014694444975647127,-0.13147115142809118,-0.2069511911853651
0.187679460974369,0.05293508987721839,-0.08507133004911849,-0.2493728479127218
0.17151139013653527,0.059363840125568945,-0.02749041614513382,-0.2556792167820545
0.13813837479752067,0.03622913434296604,0.021899091716804125,-0.22552919595431198
0.0907617833587723,-0.005532527497510515,0.04616062979148729,-0.16718756277444463
0.03817710179139026,-0.05103763157955499,0.0364430626032325,-0.09505976562335494
-0.007780929990416775,-0.08673327267095238,-0.004603758752290358,-0.02547189093194543
-0.03628320981199383,-0.10429450119397653,-0.06301763699715049,0.027823686095941685
-0.04152163034764119,-0.10198975522102087,-0.1175384868656281,0.05696257545532334
-0.02509521194794928,-0.08347997530647958,-0.14634651522896103,0.061177029530879154
0.004275814086292327,-0.05501634327294219,-0.13439563907475816,0.04577034825171744
0.03374783168602423,-0.02249371134926316,-0.07887763256519989,0.019482896883702642
0.05103224380011693,0.010354602597636452,0.009131833089977708,-0.008676364116034629
0.04900652116521666,0.04204128058982249,0.10756894152098401,-0.032041140725522055
0.02844976480194169,0.07200389116020367,0.19001476127178102,-0.04761407636321573
-0.0022533076721539076,0.0988664165711326,0.2339608790821086,-0.055941880440149326
-0.030454803037118738,0.11942769280803527,0.22799629192623244,-0.059898307163224744
-0.04444313414094836,0.1291037511487097,0.1755198549449412,-0.06303417712821674
-0.0385135614059231,0.12376422846346699,0.09372513828365028,-0.06815395363223535
-0.01586741195090645,0.10211919961292897,0.00818411942885764,-0.0765326450853725
0.011959980742504556,0.067408516926529,-0.055174261068888925,-0.08783909865706849
0.0291510393851138,0.027333418954969036,-0.07804383985791193,-0.10054507410404398
0.021779312930404998,-0.008101365583806724,-0.05508944490252692,-0.11248419831625693
-0.01617051861648612,-0.030198972022537796,0.004993594601786419,-0.12129727495092973
-0.07930289153270428,-0.03522063462569058,0.08289578376183959,-0.1246866070595366
-0.1513893700939768,-0.02644358628638796,0.1552844624573285,-0.1205821529563755
-0.21013463295907742,-0.013490184290407707,0.20227374111159138,-0.1073926360306065
-0.2346713104205856,-0.00884562714529166,0.21330066531305367,-0.08443804464591148
-0.2132160303998698,-0.02268680114744889,0.18960220754988735,-0.052482529046845604
-0.14810462882125802,-0.05799644448235712,0.14272999129865957,-0.014113876145676768
-0.056221281731183376,-0.10804091177913433,0.0898989427979826,0.026341365623455543
0.035607932355507035,-0.15753661920983636,0.04796636603771294,0.06356003404905991
0.09891068673147685,-0.18745904444437003,0.028155180774705253,0.09254859602048868
0.11284588460015338,-0.18197107638180818,0.033204335738484705,0.11017447479736098
0.07131052656827719,-0.13495664888343625,0.05765341632369217,0.11632332733935251
-0.014622883074692183,-0.05357662571251276,0.09082901666199933,0.11412599823851569
-0.11989250724481279,0.04278967256750859,0.12121034298745975,0.10897587058608961
-0.213303606771384,0.1281982176855804,0.1405043352560899,0.10650916804407087
-0.2674954810412509,0.17861092523075778,0.14603349591990505,0.11018002980188793
-0.2677170958589462,0.18022250256601374,0.14078153195913667,0.11933593271711072
-0.21649443127807527,0.1345678255405322,0.13134585877657112,0.12864776237847314
-0.1326529863877804,0.058385079697413016,0.12477301183855014,0.12934985597686022
-0.04505672504928217,-0.021922791610734616,0.12555813495771007,0.11211337538201446
0.016814922715391104,-0.07938202523706486,0.1339032879723089,0.07073017000017826
0.03230851393713377,-0.0958700612735677,0.14576664785539484,0.005369428520300288
-0.004032566703937243,-0.06842748533843113,0.15453653559471792,-0.07583469743698863
-0.08116494777755093,-0.010097873441793722,0.15359625605536367,-0.1576597175892363
-0.17557195654562952,0.055075439091010356,0.13879837591647462,-0.22115737546677197
-0.2591103897089899,0.10109280945944238,0.10999330144328251,-0.24867492998870622
-0.3079607548284967,0.10974283818174334,0.07116827722587077,-0.2290775706257019
-0.30971288410804976,0.07740610746389646,0.029268376060454144,-0.1615349452479295
-0.2663730844765641,0.01634468084654031,-0.00780409594377955,-0.056591351463811446
-0.19254354254696718,-0.050039048365710354,-0.033315911935492826,0.06596529081308472
-0.10967264508250313,-0.09621174736643433,-0.043318460415248214,0.18193618250757546
-0.038538299418335864,-0.10438758196165276,-0.037369364733721,0.268893360049028
0.0074064208616649654,-0.07151351871377926,-0.018301976766459817,0.3119167679761974
0.02564529233389748,-0.01066420947271538,0.008742220542697505,0.3072115432628115
0.024155089763851174,0.053747360079760095,0.037658490886491466,0.26257158070364145
0.017340245585901658,0.09518608875506707,0.06273544835900077,0.19461275150639873
0.019998898531763412,0.09517592439959598,0.07974738751034546,0.12366636304823084
0.04155592465447831,0.050582641131866696,0.08662630205311009,0.06789718662681556
0.08257838015055088,-0.024798686396646674,0.0836575419205221,0.03838857916072568
0.13468351383110014,-0.10500913082745203,0.07320776843780732,0.03658101135815265
0.18370687381019918,-0.16129798275796092,0.05904026859779919,0.05469009724781534
0.2148644290662427,-0.17260185240276826,0.04532817513824931,0.07881662537804182
0.2180045001465264,-0.13320086208046275,0.03555173282700854,0.09367978261802923
0.19109924539904005,-0.05468467237878549,0.031540657428947245,0.08748499923247537
0.1408200865100342,0.03848358940940962,0.03295013975059958,0.055484731023562495
0.08010715279083103,0.11808988865569513,0.037392146680491456,0.00126087856835283
0.023694629220423584,0.16249072617402932,0.0412675496449849,-0.06451617340725625
-0.016771246715730333,0.16420884606364325,0.04109799644733446,-0.1273465674760211
-0.0363048921987751,0.13194564566972236,0.0349276834533261,-0.1731197449430195
-0.03764807513686763,0.08631557091928496,0.023260436372533014,-0.1920254091401269
-0.02955262312962609,0.051035543185137505,0.009092478951197684,-0.18105837681912668
-0.02298830164088454,0.04305975337709879,-0.0031020586164183447,-0.1444901528067555
-0.02669769780179716,0.06555678470958458,-0.009165471931147773,-0.09229695269681315
-0.04371945476894873,0.10652006857681456,-0.007194216570147769,-0.03711218609400382
-0.07013035466440312,0.14360522527780584,0.0011795485175867988,0.00934780020219779
-0.09645405235510844,0.1533435925283128,0.010816481278054176,0.03934494213825132
-0.11123244356383367,0.12113532992885165,0.014620788158710974,0.050833221480269836
-0.10548365853985844,0.04806006733729065,0.006227780840339085,0.04741803808573329
-0.07644265233175172,-0.04828679528341208,-0.017084906264411035,0.03667419636262428
-0.029208208824514765,-0.13945335619962035,-0.052406463753250095,0.027400012917992947
0.02437234887137071,-0.19629805570301523,-0.0910663089608959,0.026667441226607632
0.06930024793115339,-0.19988970883104218,-0.12071023861240675,0.03755525426176401
0.0923528834814793,-0.14899623122350225,-0.12910061206689344,0.0582227201322834
0.0866945481387261,-0.06122268758099799,-0.1084335833681391,0.08256474405575616
0.05457519951798384,0.03279981718959772,-0.058624888211575396,0.10220866814608146
0.007115801455993675,0.10017045210868353,0.01176415504029334,0.10920961425483351
-0.03887437289556671,0.1175318789691445,0.08753648429626727,0.09859634023237102
-0.06611209919880548,0.07960073434967989,0.1513375864055483,0.06997676528314535
-0.062444427340727734,0.001237108370286892,0.18917615694649526,0.027716484193720598
-0.025022418409206427,-0.08777527602903752,0.1950617460931853,-0.020338161222929793
0.0383567179186069,-0.15339702308181663,0.17302133692651697,-0.06515354793755658
0.1112496625805483,-0.16960744016700008,0.1356112104303198,-0.0990561177920066
0.17334393830529055,-0.12785031052991552,0.09928550188467583,-0.11770091191471314
0.20653859850112383,-0.04024454550994379,0.07817407766635373,-0.12084041006176713
0.2004189786941577,0.06458217587847642,0.07850675108323242,-0.11169857847843744
0.15540136105918695,0.1515158107591414,0.09580937482058724,-0.09524963562366617
0.08257491462375285,0.1912277375193317,0.11608460066691498,-0.07608949985618789
0.0003383824005161948,0.17033178172111574,0.1207722727054055,-0.05672682144258237
-0.07103985875513383,0.09588631849191524,0.09386341187886497,-0.036952083973287725
-0.11516433069180332,-0.00722237184299215,0.028646526793633414,-0.014521060851279806
-0.12374018846489324,-0.1049294776588291,-0.06844564457522438,0.013135989975956676
-0.0980367100339227,-0.1654969247247468,-0.1785001381302216,0.04689839360581936
-0.04731323668621548,-0.16980598617323206,-0.27535361479010145,0.08451594240096993
0.015027101134627829,-0.11695741286377656,-0.3337942310304655,0.120450271312805
0.07605594918487711,-0.023501605910481647,-0.3379973398349949,0.14722587750591448
0.12703627511430585,0.08306189227646038,-0.287251081645185,0.157917780535627
0.16500075095747468,0.17390455503383867,-0.1968669417249089,0.14890036776635335
0.19183454455302112,0.2280681520310936,-0.09378435631567572,0.12178318749524991
0.2114895875932088,0.23809974946017815,-0.008210724627878809,0.08366484199565927
0.22667312771532722,0.21048617969310535,0.03595883755096797,0.04539731451169443
0.23652620834024596,0.16125339749942544,0.02872947645559073,0.018281644244500503
0.23636917309222047,0.10882473673902035,-0.022964898652229428,0.010246504681499295
0.21970836733482643,0.06706164400806848,-0.09781718733003605,0.02284798156478827
0.1817143353502209,0.041084842163079206,-0.16740809722365463,0.050239722564682815
0.12268870694273308,0.02718588341063312,-0.2056963295944949,0.08063635774069003
0.04992418274490279,0.01643649264581857,-0.1975274640794469,0.09993416052217809
-0.02309898483885762,0.00016409511783610845,-0.14333042349082448,0.0963637865160662
-0.08022825920673969,-0.02516992527250314,-0.05851876699290186,0.06462290485754027
-0.10781160752534394,-0.05577078767469272,0.032052912149476157,0.008044437728976967
-0.09970729337557582,-0.08187127521181856,0.10255696840498091,-0.062017114145024074
-0.06020089926581532,-0.0920228745120501,0.13463484233874007,-0.12945969785370176
-0.0035300298409248476,-0.07847238592553146,0.12297799489959921,-0.17832275238616946
0.05011155186553457,-0.04133452090710921,0.07630014790678842,-0.1976693747538257
0.08092191779493904,0.010246837118262693,0.013602141727943533,-0.18482450579029366
0.07608426364398471,0.06055571783196267,-0.042755809365180655,-0.14589293013329213
0.034289067144384996,0.09255095820869658,-0.07464395535064161,-0.0934236238378624
-0.03349973537865315,0.09396628400612358,-0.07379586236723297,-0.0420760471882196
-0.10744484043639196,0.06196999964327479,-0.04369149573351788,-0.0038240284962548343
-0.16534011191976433,0.004610974273805276,0.002696904863925348,0.015640583279483245
-0.19002214397664974,-0.061536074485884086,0.048224534291735996,0.018111864270520146
-0.1751181922022232,-0.11671893432959839,0.07789288079511932,0.011378172158020276
-0.12710470017166026,-0.14446542014420843,0.08389577005951666,0.005710884430838576
-0.06293466940580145,-0.13689568543685576,0.06772931390619398,0.009716930589951905
-0.004060545292991048,-0.09708791662379557,0.03885717756698482,0.027116633042306288
0.031034951886883495,-0.03777911670437112,0.010675193466430283,0.05559975509987604
0.033155547908421255,0.023020640324557008,-0.004585199201693355,0.08808122793225878
0.005331848464271878,0.06788799981477395,-0.00013301601434933044,0.11574623865537398
-0.038614676253357155,0.0852931304211807,0.02335841944611298,0.13160008609097446
-0.07930363946363336,0.072644133843138,0.05848544295127338,0.13307795224975255
-0.09888408973638814,0.03625018129526021,0.09408378395263296,0.12268036926170095
-0.08739933308894841,-0.011508075518164376,0.11916660009267002,0.10641706864460439
-0.04615673848030896,-0.05659711270341032,0.1263499608122013,0.09074232695156517
0.013033857035482474,-0.0877199924005456,0.11363546281308631,0.07929264810944221
0.07235616628782744,-0.0992467289999849,0.08415184718626184,0.07084130922366605
0.11446265208712841,-0.09192113209888728,0.04425956727376554,0.05941620431063008
0.1284932134992098,-0.0714353011459105,0.0009814416699088866,0.03666403373224954
0.11344260798989866,-0.045680602171805564,-0.04015454744184202,-0.004380234155152679
0.07773870014807718,-0.021820741793416157,-0.07609502999541574,-0.0655801200438653
0.03535430643859186,-0.004213229558344423,-0.10589438828169309,-0.14156584697646096
7.995423734029599e-05,0.006266402277720865,-0.12943748486708143,-0.220174885332824
-0.019760538366747342,0.011544067890674395,-0.14605173725733148,-0.28551301526865724
-0.024105174223737064,0.014841825178211084,-0.15379344680998794,-0.3226848797081593
-0.02043513644388451,0.019080619114694188,-0.14982737810185628,-0.32256859570451824
-0.019922123574720136,0.025807013593825454,-0.13177373890221877,-0.2849246047969067
-0.03205963133775241,0.03492209336232943,-0.09941338104916156,-0.21868054203543094
-0.059988728750665035,0.04510575301711018,-0.055928005032630755,-0.1392274961793293
-0.09844893568750401,0.05456663170249225,-0.00799830792145343,-0.06363505637382225
-0.13524470217504725,0.061700890383544135,0.03547090984797317,-0.005445338081819861
-0.15572445462157916,0.06539841468537268,0.06566743869038735,0.029142425943959046
-0.148565104282512,0.06498927197921466,0.07645108280292309,0.04239486163776397
-0.11060912215741317,0.06003788116352997,0.06626684414427148,0.04315751389709319
-0.0488275420137559,0.05026061581843387,0.03867445854010774,0.04273589173398368
0.021442685509095866,0.03573739529127257,0.001269552759941053,0.05012361966291546
0.08142666334036966,0.01737086624750015,-0.03664509514500546,0.06836866969763392
0.11523702164688385,-0.002663890148837368,-0.06683039149069246,0.09341599795720665
0.11528787842707924,-0.020823720252297187,-0.08437076290513637,0.11582011223334399
0.08481877581740402,-0.03270557609107106,-0.08867934941268363,0.1246386620842274
0.03662363381342123,-0.034159104450354694,-0.08298319159965237,0.1120015607350163
-0.011514974029364935,-0.02270596291764964,-0.07258367135247837,0.07660120551953109
-0.04298330794710801,0.00124254571979545,-0.06261734667676017,0.02475654225235635
-0.04783455891526047,0.03389386122134036,-0.05618397541717447,-0.03138887319453574
-0.025679547203445313,0.06862581417203828,-0.053518573205825704,-0.0779069831231281
0.014953593550566427,0.09753571579846873,-0.05244659377081943,-0.10390360824660853
0.06037184419509835,0.11355995132452282,-0.04985080468768939,-0.10536328049189786
0.09701979978404122,0.11249119205457284,-0.04349195031972371,-0.08661883566340575
0.11625767512879503,0.09421478412147087,-0.03340598419146481,-0.058901136038317314
0.11683857151234578,0.06273320539415747,-0.022285645479941177,-0.03647005207843699
0.10428170241448331,0.02496027388918184,-0.014664269234603795,-0.03168132369507991
0.0875911042785113,-0.011308802433960527,-0.015193461256635156,-0.050702238172820074
0.07480623728236138,-0.039569021160717976,-0.02666344355858668,-0.09133585042988722
0.06928942786911013,-0.05621017585879878,-0.04852460369213808,-0.14365584649462954
0.06830200989945745,-0.061075098228548945,-0.07649615701119343,-0.19317649923518973
0.06444862688008134,-0.056884222697686705,-0.10346281002974242,-0.22543662362017697
0.04937206173892696,-0.04784139708798957,-0.1214073994154379,-0.23045279379534023
0.01813864773821932,-0.0379972500603275,-0.12376957988247986,-0.20562099889103605
-0.0275578459350743,-0.02997623288316285,-0.10747931064617837,-0.156241951412661
-0.07880330465023402,-0.024474670089219736,-0.07402827041630668,-0.09367545329441007
-0.12188674502541315,-0.020601399031078615,-0.02926050804100766,-0.031889155982124606
-0.14294226584761754,-0.016799843498904215,0.018032579591266376,0.016399347681435063
-0.13310155479780475,-0.01189099144824228,0.058276420825186186,0.04279908184096593
-0.09219082611211779,-0.005779744655572069,0.0834092020557003,0.04475648861696286
-0.029505005798197814,0.00044439530537837904,0.0886960464268223,0.025324319203152874
0.03873956369204277,0.004998567015716934,0.0736387124249018,-0.008416312925203943
0.09444139026530579,0.006223011487959566,0.041844326392404346,-0.04755039856176681
0.12338046052190092,0.003336711267951681,-1.621272789485706e-06,-0.08339484395348848
0.11968473565620785,-0.0031982768561119885,-0.043717251402073845,-0.10894505200676943
0.08744618524880354,-0.011839248225337478,-0.08134978723853278,-0.11958440600841258
0.03898044472038444,-0.020546324243533892,-0.10667799419757142,-0.11325064448040895
-0.00956506406763108,-0.027502504327174826,-0.11624201069577074,-0.09037605856020575
-0.043625961746422796,-0.031645590837957455,-0.10978657224761762,-0.05382659000767598
-0.05472903436775157,-0.03279721319710887,-0.09011704624600586,-0.008838460125760124
-0.042578887872792896,-0.03137833912465658,-0.062443581576647006,0.03726686193995439
-0.014160682636122343,-0.027902043425182023,-0.03333510838446513,0.0758813609409808
0.01958903627775768,-0.022538882714339313,-0.009440346852995059,0.09857875953422923
0.048138358413861104,-0.015009124890894239,0.0038301874238110614,0.09910452379161967
0.06505526730583966,-0.004887468116653606,0.0034334949632146353,0.075400042471167
0.0697227409665855,0.007812908229231932,-0.010602290183543576,0.030964052303097622
0.06660188425106475,0.02207672610981276,-0.03509534958469841,-0.025097914789610612
0.06254999591172995,0.035675814813569205,-0.06433644638042768,-0.07965344760789649
0.0634259639474124,0.04551814864598079,-0.09134862613530224,-0.11854703955787246
0.07141749263363575,0.04852663070621565,-0.10952567949624371,-0.1302920664370806
0.08414846645403443,0.04276742002838055,-0.11425723287328364,-0.10938324745732775
0.09584441092111119,0.028394400362333153,-0.10410847004025882,-0.058173673728638145
0.09997651183421129,0.007994184439783364,-0.0812103257802651,0.013359235324606599
0.09221588768173039,-0.013890048284694537,-0.05071981786079826,0.08999803506103901
0.07243712471844353,-0.03197620501715355,-0.01947516044798344,0.15517866036366215
0.04493558360423243,-0.04183023673959485,0.005785989794349536,0.19526327166855517
0.01678042493501111,-0.0412841130048513,0.02013671342853242,0.20293841988817032
-0.005000255068358387,-0.03117767583291811,0.021606872898171862,0.17876858066474174
-0.016229039411097324,-0.015140150448668323,0.011445793135803975,0.13052836554164152
-0.01721987694190325,0.0015389856353544805,-0.006539665540505932,0.07063253314133636
-0.012571096954667543,0.01357981821563741,-0.02732109499931066,0.012544146529973375
-0.009190243248182548,0.017365549628206446,-0.0462006151852437,-0.03271379362119132
-0.013352190679996958,0.012036902877680458,-0.06006900602510619,-0.058952069023617465
-0.027986296503015002,-0.00031007448437145313,-0.06798119018925734,-0.06556344686254986
-0.05129809772634822,-0.015345100927071836,-0.07091263475119534,-0.056645891052826386
-0.07729519587511119,-0.027860852107702762,-0.07085455884328865,-0.03901674561992417
-0.09802254944520339,-0.03329843397418534,-0.06963777465396895,-0.019892282385700052
-0.10662640029735368,-0.028966256596770067,-0.06796167927081541,-0.004969088978620383
-0.10003232120690499,-0.014634412853764177,-0.06501504297748235,0.0026349266942346204
-0.0801734268968165,0.007567942723799299,-0.05884106647130481,0.002503228999537161
-0.05327850170105823,0.03379369308016061,-0.04730589590419194,-0.003645425749737023
-0.027497894279207014,0.05936825638592166,-0.029285584179568416,-0.012811771000262045
-0.009802697516028809,0.07964545883519505,-0.00558370169037066,-0.021506851535703884
-0.0033799549926078407,0.09065892918011875,0.02082713152552083,-0.02631242413129975
-0.0065504644479534545,0.08955086808276044,0.04540589163515067,-0.024254125446370574
-0.013633982817252513,0.07486824725835892,0.063336036860177,-0.0131506771504768
-0.017416352451829306,0.04682906759489869,0.07108444196853501,0.007925327472528339
-0.01223700294737139,0.0075789669190400085,0.06766888056964537,0.038092975180946086
0.0035367830507306783,-0.03866639768630536,0.05514636397172681,0.07422177851786657
0.026650885466998883,-0.08578676286515399,0.038090073908575744,0.11092036574737463
0.05009618750327646,-0.12641132101452227,0.022178924600001017,0.1412199866144308
0.0658273247114514,-0.1531085466376082,0.012354715592254518,0.15799604038986556
0.06803325540907225,-0.15994495215452995,0.011183868419025585,0.15585616361198257
0.05568607380352442,-0.14403890168542688,0.018018526287012504,0.13294882061430074
0.03334278909330396,-0.10663273992253094,0.02928842125314484,0.09204514808857163
0.009818516479890745,-0.05327176139124118,0.039855159931944564,0.040392432961565056
-0.004852519249037079,0.007089024220760062,0.04496447968110073,-0.011794599654106654
-0.0030985610930622416,0.0639010930871455,0.042086611981988514,-0.05386969205788708
0.017199515149751318,0.10730522887182911,0.03194041885377391,-0.07758812794692009
0.05152042461367071,0.13025591784025284,0.018266975151196185,-0.0793459662464715
0.08979942033068714,0.12990145652661828,0.006368938132848889,-0.06108678765201481
0.1194874782297795,0.1078724657581498,0.0009067569432011577,-0.029564403562641558
0.1295597918236514,0.0694837278708294,0.00376517917526268,0.00579565316242506
0.11412923631615032,0.022189822159674785,0.01284155740829648,0.035714346178802044
0.07445940634090965,-0.026169434334134118,0.022325546911237604,0.05361319772110577
0.018722754552335512,-0.06880897682753831,0.024518970093246953,0.05708097174853492
-0.04038960359205344,-0.10080034692053577,0.012661096461392025,0.047849507967402255
-0.0893971597654705,-0.119209999580617,-0.01620861638871954,0.030433993492001103
-0.11788223526614734,-0.12281382942038752,-0.059427487568298826,0.010075278685752437
-0.12126246153793514,-0.1117480921255495,-0.10872162462727128,-0.009158782783304786
-0.10168821758426999,-0.08738679193147729,-0.15224781216747788,-0.02538267950899662
-0.0669116761734386,-0.05251546952405664,-0.17813635209459383,-0.03870088734496451
-0.027621723589309706,-0.011611071750176703,-0.17841455307868823,-0.05003783210864373
0.0058222414310660315,0.0291309842344723,-0.15195777337792815,-0.059646474781096
0.02622206390564686,0.062363391778462944,-0.10535240299005225,-0.06609706886836794
0.03113958129903053,0.08087026563918467,-0.05121119391570656,-0.06633828547552914
0.02292951663661842,0.07935273595518019,-0.004348498241634821,-0.05693761710262336
0.007391797690865336,0.05618899076476283,0.022996530263285245,-0.03604399340192049
-0.008375546095326918,0.014500826400006928,0.02529245346725718,-0.005211907158665485
-0.01818146288880086,-0.038018696269318475,0.005740317061890871,0.029832624689134016
-0.018358914620396287,-0.09069101742588981,-0.0246148487836517,0.06006676099140426
-0.008430551564974412,-0.13252760580303274,-0.050513901232018286,0.07564441173584988
0.009192040371461641,-0.1552323271058826,-0.0577172721526405,0.069249477381749
0.030202016153162155,-0.15556745949743245,-0.038094670575046875,0.03915061773893258
0.04966582621999645,-0.1362591641582599,0.0071990922050221735,-0.009257927311313495
0.06316804075563887,-0.10507114621969804,0.06763322551336173,-0.06421037416889369
0.06757613856896061,-0.07229302130110234,0.12643409411594708,-0.11062337561029831
0.06135723089260344,-0.04745102005849858,0.1659658688604057,-0.13460876937383956
0.04453495105525715,-0.03634160914531495,0.17357494144123137,-0.1280014782467294
0.018449477566083602,-0.039394107673678264,0.14590996342094562,-0.09134060582020606
-0.014530345058403775,-0.0519089419852837,0.09021595594183426,-0.03417983638940343
-0.05126649643140073,-0.0660543614800064,0.022122301921168385,0.02753213860958122
-0.08808964196779648,-0.07387759444524068,-0.039350257976630505,0.07626097541513954
-0.12107243567955356,-0.07022879970676416,-0.07787301129543922,0.09836313719774527
-0.14639250452386268,-0.054542434313929966,-0.0849121447193156,0.08842660794091683
-0.16079103736494055,-0.03085521949378038,-0.06212590574756701,0.051008719755334574
-0.1620673831266441,-0.006101022202795724,-0.020284376419354277,-0.0008473236469059772
-0.14950102617580951,0.012637015102575776,0.02483648645050452,-0.0498600958739181
-0.12408331732673955,0.020857878925942333,0.058079469371888445,-0.08013211846670923
-0.08847675111791128,0.0183216635679275,0.07003392105743879,-0.08229042600536127
-0.046684936647997756,0.009053826036024885,0.05987163661133631,-0.05645085220577723
-0.003486872516404012,-0.00030330678686903145,0.03496110432939528,-0.012044585353663522
0.036258844393734564,-0.0031412937043947195,0.007521403124035361,0.0354030472747453
0.06831365313653975,0.004486194755512507,-0.010345201554932376,0.06944277644253748
0.08964644234699815,0.02226315106118055,-0.011334667561653688,0.07809661360405243
0.09882283186328789,0.045643581490962024,0.004422666844717989,0.05771612074652656
0.09614717480945392,0.06749590325112274,0.029726135685040726,0.014089395288376109
0.08354255267704863,0.08073023255456263,0.05346831929276574,-0.0394848316395547
0.06418457103334871,0.08091794056386556,0.06532665152280069,-0.08644444825425071
0.04193504749522281,0.06793098619919241,0.06012970477215365,-0.11210058619004279
0.02065481062491764,0.04601145494441784,0.040171816528891034,-0.10801110020463667
0.003507827380090669,0.022276001284022465,0.014538071865857045,-0.0742661850761994
-0.007609011963070435,0.004235429365897979,-0.004346604638606687,-0.01909938745596772
-0.012379745451968068,-0.00274997410318778,-0.005651987394798254,0.0438822789762273
-0.012036609900188793,0.0028265878931486195,0.01532610069766591,0.09983114655882963
-0.008967146121207909,0.01831328185397393,0.054805718132223194,0.13679478305553094
-0.006043749382943761,0.03801091046403536,0.10130559884530713,0.14861742538152312
-0.005844619734218005,0.0552069408963836,0.13938257280053268,0.13587618819149266
-0.009979217453527516,0.06434502270946162,0.15501127049977484,0.10481088997001674
-0.018711202619593324,0.062566257587548,0.14066367876632038,0.0648341293743186
-0.030986538233578408,0.05016833334508267,0.09822985088559977,0.025573706054535537
-0.04484772071029135,0.02998269797848058,0.03869352538840183,-0.0055892461599182305
-0.05808895712799584,0.00607706627910681,-0.021349316701111523,-0.024828181837685426
-0.06892709257386409,-0.01760966297033501,-0.06510109666437033,-0.03184710723240125
-0.07646078272153438,-0.038165715320829276,-0.08099048706972678,-0.028816675400453837
-0.08076998759584716,-0.05389580525321974,-0.06622529304107863,-0.01886248379766199
-0.0826426348981143,-0.06392691726478356,-0.02728560057347348,-0.004745701224321334
-0.08305624328803532,-0.06762828402588611,0.022704706146240594,0.011811430198053412
-0.08263594159583446,-0.06429867194839198,0.06867410594778617,0.03002842979667385
-0.08131932420523871,-0.05339173316087626,0.09861635942750566,0.04939997351831823
-0.07837692600822602,-0.03521958633698609,0.10713762421912122,0.06887396758219186
-0.07279368172425509,-0.011755976958891932,0.09638012365193308,0.08631825375389349
-0.0638654858107258,0.01298696778613981,0.07419082126533476,0.09857472228889191
-0.051764883900311164,0.033423189146276094,0.05043118607418249,0.10214779700024924
-0.03782246773491763,0.04377155270583212,0.032964907561422695,0.09431482104162967
-0.024363117951942737,0.03998709143967119,0.024885332874001076,0.07427106183318112
-0.014098248760810575,0.021544970547881327,0.023967743910610056,0.04388710390961798
-0.009248491061833619,-0.007697650878595662,0.024399312413059367,0.007765671071672054
-0.010691162212366767,-0.04008451018356795,0.019928200316286185,-0.027503478701256606
-0.017446226139097396,-0.06620155129444685,0.007040201004383809,-0.05474767346460423
-0.026721352911047616,-0.07781057803483288,-0.013184499302852176,-0.06792809290006538
-0.034559586545833326,-0.07069073862407829,-0.03529452741482604,-0.06371643476268173
-0.03693117074859784,-0.04633153024212251,-0.05164902075187753,-0.042495867748495626
-0.03095335492213552,-0.01175534352651737,-0.055621721056592556,-0.008484950900024647
-0.01586326948913479,0.022610758913463754,-0.04447180226170408,0.031099549262761164
0.006569360770396132,0.0463727969307786,-0.02066614096795777,0.06767745185870788
0.03233981678032888,0.05274805284672743,0.008924035270939852,0.09335608737039897
0.05615437609792101,0.0409948466179476,0.03565493715562473,0.10288303067698562
0.07276924808685066,0.016762111661137183,0.05251809976661872,0.09497842788733207
0.07835199213343372,-0.009850115649368593,0.05694160117949992,0.07265537199686156
0.07149162709361653,-0.02789497194188976,0.05183027539044769,0.042385921956010056
0.05358901754418491,-0.02958811651824611,0.044387507234572056,0.012283088575099656
0.02853707305966421,-0.013270024449418317,0.04314858226427902,-0.010235836087709045
0.0017949938966250432,0.015793559291554512,0.054379071319802866,-0.020650655093823904
-0.020884609755282516,0.04712967995320408,0.07926207143334722,-0.018738493625416606
-0.03474294589111692,0.06874168764408767,0.1130060579132048,-0.008697270053210566
-0.0370041850795615,0.07147581030557063,0.14626449126634988,0.0021263646162217684
-0.027354310073457892,0.052511452517034485,0.16836049171401576,0.005594797612536756
-0.007842428450161983,0.01670082182240571,0.1711077763168438,-0.004456312450292432
0.01771623663933869,-0.02476583938641733,0.1517874170298995,-0.02990963235238798
0.04464674702873766,-0.05794513369673056,0.11416727574823651,-0.06729359286980979
0.06839177193583246,-0.07074869506288027,0.0672055240781323,-0.1083807801994281
0.08533653743091626,-0.05698186416006231,0.021963133154204666,-0.14237744764162216
0.09332532604297397,-0.01842243788983574,-0.012083312173915114,-0.15909861119974145
0.09180873744525422,0.035755656506636035,-0.029944252713887974,-0.15216309735574435
0.081656726439882,0.09197513167395584,-0.032198616430548,-0.1211813609099554
0.06474487826939462,0.1365920632231239,-0.023958383213098074,-0.0721852355879741
0.043455466574020676,0.1600676036765909,-0.01225455471704398,-0.016088329577076926
0.020226912375104687,0.1595745997240426,-0.0029778348488999386,0.0344011354049155
-0.002757279683324468,0.1392399130763336,0.001368065626522648,0.06847690632879644
-0.023710390688794006,0.10808509682171152,0.0022278739734668263,0.0803819180349406
-0.04124581481930354,0.07653110945377543,0.0037276039830854146,0.0710057341018315
-0.054313386971527815,0.05278849561380022,0.01020636512353705,0.0474241868377437
-0.062149670471591006,0.04041145351619954,0.02367157174988506,0.020538368746119254
-0.06429934796386996,0.037789972662754384,0.04232362232249867,0.0015846683381945115
-0.06071728856033884,0.03959533666103529,0.06083650102612406,-0.0013565437311563212
-0.05190779222236876,0.03947365485687206,0.07233075889228258,0.01425213319200697
-0.03902024417697364,0.032866232708938875,0.07124472450707164,0.04484050645952609
-0.02381583362473575,0.018865292877488258,0.05590125473944851,0.08209137902053058
-0.008453796827309654,0.00045519854459519574,0.029653311314079563,0.11570172410121685
0.004891060335847566,-0.016845923606115924,4.371545339672614e-05,0.1365937978674549
0.014496727246362525,-0.02730759799257307,-0.023786299022372163,0.13953782282489863
0.019514076306995358,-0.027294741875468716,-0.034480580474088945,0.12441143980007456
0.02019614494798846,-0.016645887696928232,-0.029330205613304412,0.09582470461419376
0.01783795113590929,0.001373954021263623,-0.011466604862539365,0.06139270498584915
0.014414338935287478,0.021444124501265666,0.011134017591716908,0.029344536244234432
0.012004403691315925,0.03825189134801882,0.02850807563242582,0.006287426892644873
0.012170981624750138,0.048367543658767345,0.032365314026261104,-0.004220937144743437
0.015490985841943927,0.05117128110491127,0.019168638773895737,-0.0020085599738902567
0.021392587220829377,0.04850552195756114,-0.008538914727491657,0.010336126936661444
0.02835800917655453,0.043285522031040385,-0.043062053024229094,0.02862516837934575
0.03442790446643863,0.03775114273367429,-0.0743715506428359,0.04826261762872689
0.03783837837872355,0.03219455436734553,-0.09372547452484269,0.0650990646439978
0.03757389017599636,0.02478725173569482,-0.09670905929712187,0.07584415202601484
0.033648171886748415,0.01264009380850303,-0.08455358306477632,0.07818203346364878
0.02702261481623074,-0.006335627254712709,-0.06328141649097999,0.07085107018005232
0.019202890708306268,-0.03160132108541115,-0.041080059657163465,0.0538822188969107
0.011671587016616584,-0.059096143158472725,-0.02499342702073137,0.028984262623090493
0.0053731845954256285,-0.08184928876770989,-0.01826396351119782,-0.00016514811867016782
0.0004448944294333651,-0.09207972977306308,-0.01937060192372204,-0.028080653053101007
-0.0037095388994172404,-0.08412407691434162,-0.0231043384973834,-0.04835668010752216
-0.00803982127688297,-0.05710724723028231,-0.02318955453931352,-0.05527543011795455
-0.013319837387967999,-0.0162443935031455,-0.015330690897429885,-0.045758380149588426
-0.019686101846144208,0.02792533562884094,0.0006067895465882624,-0.020988809615393678
-0.0264369632660479,0.06235251375121431,0.020216232002620533,0.013028831390177215
-0.03218615218621146,0.07554576110954019,0.03616570913135164,0.04645817869013615
-0.03532710711489534,0.061566510693366557,0.04117951373242473,0.06814500348963548
-0.03464222490523939,0.02253760813830832,0.031176786019301177,0.06903291232502085
-0.029830776633268587,-0.03132439475020622,0.0072652676530613886,0.045401711841240755
-0.021753885489281706,-0.08434210002191173,-0.024277285869171335,0.0007431389568408522
-0.012295109748126469,-0.11995492910624127,-0.05410666640884351,-0.05457750084687328
-0.0038724730808003954,-0.1258231363888566,-0.07323228334028373,-0.10602538266223435
0.001239635590206345,-0.09780552528989742,-0.07643424326495049,-0.13927786804958323
0.0015574653938879301,-0.04148247497932363,-0.06432194471169503,-0.1449203112452913
-0.0031994970511553256,0.02932158003846648,-0.04318096026896578,-0.12185099842782318
-0.012045503781800283,0.09658307947688456,-0.02260577068054654,-0.078111994223829
-0.023008547053639056,0.14341567078758513,-0.011785365530415856,-0.02867508265717826
-0.033638685581407306,0.15900225424033437,-0.015855409394854164,0.009246253512450911
-0.04157388739326802,0.1415718423298938,-0.03373560884158207,0.02188135073588107
-0.045003461260903724,0.09852662574859877,-0.05832440401795584,0.0036724446961156967
-0.0429339866043871,0.04376511674175658,-0.07903020290094248,-0.040557357011496695
-0.035247922571521144,-0.0068489677271524226,-0.08572057865364019,-0.09689260766596729
-0.02261258609976976,-0.04035750812737313,-0.07261434811495726,-0.14675283224272773
-0.0063211404027099585,-0.05035762144714974,-0.040643084453105355,-0.17303579176514847
0.011875000523113001,-0.03834004236810781,0.0026283508185825765,-0.16591317026975347
0.02993105329040291,-0.012436535201089723,0.04552035439869516,-0.1262822523268241
0.04570141434518875,0.015839979992123242,0.07627891827340469,-0.06564789140291051
0.05719782954694474,0.03565581769865847,0.08714955485548917,-0.0024261270820820427
0.06291602807160779,0.04032648547888709,0.07698607761344042,0.04409921025331244
0.06217186656952746,0.029099123981068564,0.05144765768390087,0.06011233866024922
0.05533352585576468,0.006795332963201565,0.020741273008824675,0.04172989065985088
0.04382500304291687,-0.018382791609807193,-0.004220975548726094,-0.003920575608184944
0.029827391185916312,-0.03798166831619475,-0.01580252888372751,-0.061340318558746526
0.015708750032067252,-0.0462121447118881,-0.012284453126565079,-0.11205395149288105
0.0033327594063789906,-0.04167216264824486,0.0017843933326343736,-0.14084634035760507
-0.006521702560254569,-0.02739130304890207,0.017610479395400197,-0.14066391048716761
-0.014397943790044325,-0.009338094728508009,0.02574491893893085,-0.11451089948755729
-0.021920674384065635,0.005942986652047316,0.019860208525225992,-0.07376544708409935
-0.031110404814903354,0.013650935407993593,-0.000710656081859655,-0.03362267543595529
-0.043466316808060484,0.012189467721912699,-0.03061081231530567,-0.00737949401287076
-0.0591493147566286,0.0033388172653530668,-0.060382125081291455,-0.0016498086131772026
-0.07659753193284527,-0.008787054359218505,-0.07993082456858097,-0.014213440581509706
-0.09277518376736012,-0.01948868460957133,-0.08223315756098828,-0.035208570725058605
-0.10403075597012525,-0.025217767580424988,-0.06591240419913419,-0.05114606641930698
-0.10730235614094388,-0.024663235117025534,-0.035759834651816626,-0.050206208463198745
-0.10124979249526904,-0.018859594577222017,-0.0010439606045912937,-0.0268411410416272
-0.08688391016817146,-0.010398952186655853,0.027739016531342905,0.016000824586113994
-0.0674195526889899,-0.0021685582317301777,0.04247374143081588,0.0678101047272501
-0.04735082022692406,0.0038199384608726267,0.04010014283946993,0.1142195496909435
-0.031038390036242786,0.0070382824880506345,0.023439248351918445,0.14208060022668148
-0.021297130424170155,0.008295437502248565,-4.972730061936215e-05,0.144040811660118
-0.01849615510402166,0.008986572152720737,-0.021056354911613236,0.1209722501409706
-0.020514403461175355,0.010142575462373161,-0.0317026811565404,0.08142145585722255
-0.02358849289894875,0.011754045298793127,-0.02815429183130204,0.038359366733309086
-0.023757596722103626,0.012701667509767797,-0.01169149287889875,0.004490053992651802
-0.018378828422319242,0.011337595336870766,0.012032994460313296,-0.012128493978632027
-0.00714835768003242,0.006455119152787382,0.03516956951355739,-0.010562267008031534
0.007760947849500925,-0.0018104038815465566,0.05042565282922708,0.003263767901544548
0.0225065550197961,-0.011601945448449887,0.05340664782855114,0.0193730861343994
0.03303105685178064,-0.019729045701614246,0.0437793011204024,0.027943555368753373
0.03661691883277082,-0.02274478980374127,0.02497303445717484,0.02327228578796412
0.032948789844889255,-0.018321609978650982,0.002674464539592015,0.005988009147349468
0.02427376935182581,-0.006372361117868694,-0.017231549689885953,-0.0173069357337563
0.014593086423725428,0.010577542658960229,-0.030496983579268857,-0.03679243443989058
0.00819108104231675,0.02799222932649356,-0.035514775973553334,-0.04349862860540781
0.00806450071312216,0.040748503795500886,-0.03325866761307573,-0.03310520383947632
0.014855093694719004,0.04488760359880242,-0.026343891654768838,-0.007993797360070692
0.02669319554787641,0.03904256047930333,-0.017696025256947228,0.023267456235171208
0.04000373725907927,0.024979443584424083,-0.009398869453298871,0.04886522521113859
0.05094771183085843,0.0070093267284976266,-0.0021475146798323446,0.058055873270560235
0.0569211625758672,-0.00954277020159031,0.004561634158334299,0.045279409248562746
0.057511261346437526,-0.020250921283121393,0.011687208439705568,0.012552855286191114
0.05452662691381137,-0.023152814518794106,0.019739610894275547,-0.03076818944588801
0.0510926937488198,-0.019346896561486526,0.028145117640762773,-0.07083353909542908
0.05018492343826807,-0.012363965368679966,0.03516214319134628,-0.0937955228287276
0.0532093079841945,-0.006533147511139301,0.03838784642765543,-0.09042289202067301
0.0592327356873916,-0.004974299249200814,0.03564761866237493,-0.0592564905914522
0.06521299520185038,-0.00802945150377551,0.025911339185872254,-0.007242772370609482
0.06717586015015885,-0.012812872134244382,0.009878712084004825,0.05234787110216424
0.06189351211705553,-0.014149468626593257,-0.00998951244147988,0.10399239338027437
0.04839342818710815,-0.006631076505137865,-0.030009152330106086,0.1346037415057492
0.028665398123378358,0.012946307317937155,-0.046195399211206176,0.13730409803814297
0.007229218907632024,0.04370888660777249,-0.055270385062433855,0.11311264708638646
-0.010332981581856769,0.0801940038828308,-0.055452718599374104,0.07011768353709014
-0.019359044462736934,0.11353856808448862,-0.04682459834111815,0.02054981565058781
-0.01785680883640319,0.1340843658917655,-0.03122244823068435,-0.023167002034281847
-0.007334625412363124,0.1345666810086684,-0.011739127208082088,-0.052050736547615876
0.007644357333951905,0.11278032020266177,0.00798684544682145,-0.06275209937440644
0.021061002416036128,0.07273793440365137,0.024503902180320686,-0.057738844170422784
0.02762262760645167,0.023821938726989178,0.03515298781466762,-0.043623880829909124
0.024720642051585043,-0.021880575957067147,0.03846496735063356,-0.0283892652889932
0.013420224602063713,-0.05322449553176592,0.03432904502509209,-0.018551438681485292
-0.0019105245648540076,-0.06343091975182537,0.023945647839249927,-0.01722253098583501
-0.015217930237693083,-0.052134125160279994,0.009587294450585003,-0.023612648266396846
-0.02104103833107794,-0.02535427613649687,-0.005806778903828101,-0.03396017293256394
-0.016608811238923327,0.006591978003917649,-0.01916378183484782,-0.043380482860354536
-0.00297217457819101,0.03252135989188938,-0.027869497678008837,-0.047857879245517404
0.015260308755921367,0.043976243729475346,-0.030312205459783442,-0.045643609617972064
0.031498575353342675,0.03776170965802147,-0.026247523608232338,-0.037622091940534674
0.03948957299377419,0.016600079948858884,-0.016867607464238727,-0.026634694618215826
0.035536647079490724,-0.012246653200297036,-0.004520456616772537,-0.016137821610640618
0.019819716022939166,-0.03981754009530762,0.00787659237055536,-0.008780998829760384
-0.0036473400150766506,-0.05868804663838206,0.01758316713748108,-0.0054602713907790645
-0.02838345781386968,-0.0654289458409535,0.022730903800806765,-0.005165466291005692
-0.04761482267681515,-0.06144239629697407,0.022759120604205117,-0.005603861419681562
-0.056464342108272246,-0.051954226592747524,0.018460283887282877,-0.0042831002578360144
-0.053387015680647854,-0.043631026805407314,0.011632316574353633,0.0004160473776306517
-0.04038751189266853,-0.04178748247146038,0.0044670430051840584,0.008604459980562529
-0.022020126670960795,-0.04827179141633794,-0.0011100657645197187,0.018908663249518246
-0.0036138223090717778,-0.06082585785540833,-0.003928262386494463,0.0290974149793881
0.010579354447217117,-0.07412908983810182,-0.00374482682698532,0.03701622145382589
0.018633820048954825,-0.082077481975011,-0.001088911887556547,0.04142792248912066
0.021193735618865797,-0.0803745442115495,0.0031111766922157467,0.042415960098498934
0.020717347845864244,-0.06839738789777464,0.007931005133655543,0.04120014556050641
0.02011269822178264,-0.04959051775066273,0.012707175855728718,0.03946107674481102
0.02136205943692537,-0.030218284692460403,0.017059622207979987,0.03847016769002315
0.024691685669789437,-0.01695106747665526,0.020714085538726577,0.03840011839980653
0.028583977294246485,-0.01422196153889173,0.02326385492504774,0.038117957271624134
0.030565733735995512,-0.02239195285482827,0.024044952124316257,0.03557034217018333
0.02839026235788334,-0.037461967071048756,0.022246324080074334,0.028634292638498905
0.021088727502880787,-0.05248268061919953,0.017257094801031957,0.016116785705452476
0.009447774189359812,-0.06016065925930381,0.009119348565496607,-0.0014845541663756484
-0.004266879639510279,-0.05569082632645318,-0.0011300658796220414,-0.021773442486173425
-0.017193611295102426,-0.0387401606853563,-0.011436655316674593,-0.04092130261212175
-0.02696441305257652,-0.013808543038975118,-0.01912410750341828,-0.05468940722172767
-0.03252608027601808,0.011210816496241827,-0.021638960291196913,-0.05968606098875025
-0.034349865366098783,0.027779161270149653,-0.017411722800005174,-0.05444596336236027
-0.033963231461740344,0.029783128974634178,-0.0065180031983877035,-0.03996889053891506
-0.033038481592582755,0.01581213277577158,0.009138765373238829,-0.019529069249807435
-0.032468370983979006,-0.010195464308937169,0.026245867121698963,0.002195432848899302
-0.03186408533696719,-0.04018826604162739,0.04100493135493614,0.020403536356737993
-0.02972326070038013,-0.06469266954821734,0.050265842733328986,0.03146316697101237
-0.02421474538634171,-0.07601059634898481,0.052478842218570125,0.03381865082546598
-0.014241595082633092,-0.0708009324991814,0.048121292752684654,0.028249396898718616
-0.00029856228672844876,-0.05115137708342566,0.03943822674052959,0.017429386381592134
0.015298037795160556,-0.0237929303113181,0.02958668445872576,0.004960147146692323
0.028981272830717227,0.002232388171157257,0.02149744900071186,-0.005790668096510521
0.037141634231604444,0.018608208257215125,0.016876075126693306,-0.012667194895587972
0.03752279186060331,0.02042462051251167,0.01571305042875623,-0.015220646710093474
0.030243263687470205,0.0076070429943750455,0.01647761542806097,-0.014595853454454383
0.017996896062926558,-0.015329328546345385,0.016905184372265156,-0.012889783174648124
0.005288780622637396,-0.04102094075619693,0.015057133898929133,-0.012234067359212692
-0.0030605647440545107,-0.061807142217896724,0.010225097194966441,-0.013933828683051548
-0.003610595505998876,-0.07216862610924396,0.0033130210809756144,-0.017960818125156264
0.004436568259842157,-0.07023508205650067,-0.003463453171401676,-0.02296519711905666
0.01889393297813015,-0.057932535777061915,-0.007449431273298876,-0.026785148807561665
0.03531755991959583,-0.03985488326698788,-0.006654502828400868,-0.02726078921010959
0.04855128781462461,-0.021388476207289318,-0.0006501658317275213,-0.02305687070657928
0.05452333721836887,-0.006835442278982223,0.00910201114006165,-0.014200809358899957
0.051632023613885136,0.0017928805513656894,0.019636520492243483,-0.0021461162273335756
0.04121329566125113,0.004957312498576626,0.02745327619175928,0.01066061663193634
0.026932468677295245,0.0048133621410072006,0.029712984233042687,0.021557033419918124
0.013351147257562847,0.003900332528246498,0.025213473309046927,0.028514729003686276
0.004229616195670298,0.0038865377165783303,0.014786160492393806,0.030765095937400552
0.0012155796827858847,0.00488051850014045,0.0009740729872545553,0.0289842453212535
0.0034083837049430493,0.005543480826834986,-0.01287480217741664,0.024975050735552257
0.00793872355532077,0.0038901698049171006,-0.02374918427056239,0.02096135400836706
0.01130502536237546,-0.0016130579183665783,-0.029924951444671256,0.018746441587293446
0.010915321267328484,-0.011146221630280551,-0.03138749146509862,0.019036863168383076
0.006210788752882404,-0.02321794133809541,-0.029604981632877166,0.021175800832919846
-0.0010794196036235937,-0.03506150941135569,-0.026785653991918658,0.02338667957182878
-0.007653005549506334,-0.04357460924197472,-0.02494288463981408,0.02344722957074981
-0.010032941893048195,-0.046414615346962756,-0.025146137374002377,0.019559866283590313
-0.006090644077554618,-0.04280981368713631,-0.027236945199632816,0.011110557113076222
0.003917549125891866,-0.033775035828896995,-0.03008304697803011,-0.0009580056876752757
0.017225395214525287,-0.021668556161767317,-0.03221854149558999,-0.014302858722259434
0.029416295693085466,-0.009290298014021998,-0.0325667670943134,-0.025828681075285832
0.03596078069744961,0.0011072642346802858,-0.030925611986882234,-0.03261830322102978
0.03386424343144943,0.008509533665433722,-0.02801473156369221,-0.03283726583053003
0.022813318820607532,0.013286385608140085,-0.02508584778694989,-0.026310191486671825
0.005396310052290805,0.01678170332771102,-0.023292511298771815,-0.014576970911429087
-0.013683695736028088,0.020557262348812562,-0.023120133494654874,-0.0004125352111481462
-0.029117331179822244,0.02562858637382887,-0.024146294798627302,0.01302587985277049
-0.036680418554751404,0.03201131011192718,-0.02524944033651528,0.023137876956273083
-0.034521400688067555,0.03874697056461135,-0.025177727303337206,0.02859658174948461
-0.023624179118242127,0.044364974692617215,-0.023219754691475206,0.029616921391442785
-0.007336057767182894,0.047553891249251974,-0.01966124403064939,0.027707409004824168
0.009817201737043882,0.047735953245018045,-0.01579485086263461,0.02501383005986249
0.0235765603853998,0.0452932117845201,-0.01344183923572252,0.02349681000250676
0.03115180947377555,0.041354552643149835,-0.014163875775472831,0.02423104675529776
0.03181206342468596,0.03724831720818492,-0.01849544416324808,0.02705923627801858
0.026751044274045056,0.03387133686297178,-0.025542729293573596,0.030701313534989484
0.018382488421632676,0.03126041580431087,-0.03315987543339341,0.03325887740415993
0.009400829727848198,0.02856338000563305,-0.0386787520961438,0.03292277353980133
0.0019733501753855173,0.024433135050273412,-0.03992902513372666,0.028633186141564015
-0.002683526958167738,0.017684331093241162,-0.03614296379372863,0.02047255450920117
-0.004287475515502584,0.00793615648094307,-0.02835939992778279,0.009675906989930386
-0.003166059694359586,-0.004034930277229367,-0.019124021454184202,-0.001720526835466557
0.00013835765201656268,-0.016392712333764548,-0.011561367335613318,-0.011453343634727345
0.005115827614571007,-0.02676636433611385,-0.008157433801040823,-0.017629449644359946
0.011288428818262556,-0.03300724968827195,-0.009731490686595859,-0.019161951483241513
0.018019086137093437,-0.03388874758011397,-0.015027934988655983,-0.015935649930914883
0.024303102821475405,-0.029485579918488464,-0.021133520000269357,-0.008697838004844485
0.02873686090634962,-0.02109966980498154,-0.024604164597507347,0.0012383799899934878
0.02977329580039168,-0.010780058547878613,-0.022892939301093193,0.012344951272575164
0.02622282281595472,-0.0006398238639259701,-0.01552489614096985,0.02316183600741864
0.017812727183961874,0.007759662246712942,-0.004530042510484486,0.03244675698780455
0.005548586494682151,0.013732300262671214,0.006092976676126155,0.03919989225537057
-0.008333272320966187,0.017409389491551925,0.011746220907927887,0.042628712974358454
-0.020884672132449808,0.019376651346131285,0.008968882662297138,0.042135303383839154
-0.02930483600969829,0.020206867277146948,-0.0030927385638586657,0.0373810496955796
-0.03185191416851432,0.020119898636805744,-0.022050819786603552,0.02842674120546365
-0.02846761354459512,0.01892851140900189,-0.0427660660698342,0.015887704836352465
-0.020858774202569097,0.01628494223232281,-0.05885333587427391,0.0010117706956679247
-0.01197037643633557,0.012094032689248455,-0.06472282117668722,-0.014400919200872046
-0.005011026923540603,0.006870914909727688,-0.05746915760797168,-0.02826525261205201
-0.002365897192576502,0.0018350234376962524,-0.03795496826732286,-0.038621888518539246
-0.004783613874697015,-0.0013561307387210883,-0.010701470614932516,-0.0440836685324858
-0.011130171718265414,-0.0011672106284176809,0.017397232376422843,-0.044181622549354066
-0.01879868771731058,0.0031705581757978216,0.03912130163845382,-0.03949502510702775
-0.024626246092242066,0.01120136199532477,0.0490665385069321,-0.031513598904098564
-0.025988422107150543,0.021190975762815922,0.04519223713729848,-0.022264195820200002
-0.02168570910946212,0.030546149437529722,0.029300690912109587,-0.013808736585687265
-0.012322485170790976,0.036589498331396055,0.006339036630305883,-0.007758424594446048
-7.163838064119105e-05,0.03742353726839637,-0.01719946935684652,-0.004938754088434
0.012059636966850834,0.03256922473031644,-0.03522362223881506,-0.0052862776848204285
0.021179707506469074,0.023139113257583062,-0.043716296168321206,-0.00798240868315997
0.025341682427664228,0.011475857069286912,-0.04164216843397259,-0.011759222831061539
0.023989305367128046,0.0003869902102243035,-0.030889866576234,-0.015270662826120107
0.0179201815622079,-0.007742563029682726,-0.015373647643501742,-0.01742051594997461
0.008849838707667437,-0.01163761620414902,0.0003290130655100266,-0.01757126660946009
-0.001209811012541081,-0.011381132252003802,0.012329139037222029,-0.0156084887071665
-0.010512412094473535,-0.008161007223932884,0.01836305297787389,-0.011882651564538993
-0.017903010500299008,-0.0036481921408253945,0.018104112133288927,-0.007077534051805182
-0.02286053768561111,0.0007230422998971489,0.012872766756542448,-0.0020561388971804123
-0.025337485496944537,0.004276447919886017,0.004953971382412006,0.002282857909828795
-0.02554758971281365,0.007215728464237479,-0.003188952984146079,0.005128815608521353
-0.023838992095079774,0.01032106043879694,-0.00955030181967341,0.005869195855279247
-0.02070751503810559,0.014375973974065148,-0.012929584048575377,0.004191809666338649
-0.016898636666394976,0.01959372373449901,-0.012987585139931403,0.00017092668685355673
-0.013473626989062557,0.02531081536906573,-0.010104901432102395,-0.005688553494412586
-0.011714602750245107,0.0301002771326266,-0.005165120182295799,-0.012482366021712883
-0.012819058642477899,0.032276738033022195,0.0006509257877267138,-0.019036108682147803
-0.01745271935178235,0.030594538639093588,0.006039055993313572,-0.024125735382756947
-0.02533305873079464,0.02485011460305668,0.009745138181308177,-0.026745549665263046
-0.03505001033979136,0.01612866998628991,0.010777229643550892,-0.026351295306386996
-0.04426918081431517,0.006571834130895918,0.008656153482368985,-0.023000627543532534
-0.05032263301504992,-0.001267560074970843,0.0036420548470435035,-0.017337620612464327
-0.051027335067958916,-0.005251993213369891,-0.003170460221533812,-0.010416068144901036
-0.045452253035467016,-0.004361027237440564,-0.009989694718696082,-0.0034113604274814274
-0.03433857066897708,0.0009912756356102448,-0.014730308452369563,0.002688600334054596
-0.019980866838961164,0.009134673263445192,-0.015609069231527994,0.007313678015388327
-0.005567851350259917,0.01773829938436275,-0.011757191230324752,0.01039060468838221
0.005811987512347738,0.02458960604389479,-0.003626614467070112,0.01225343658209721
0.012154493814871895,0.028263253075212873,0.00699329076284351,0.013429653310856604
0.013155442144358306,0.028444112582240805,0.017410633881032127,0.014390755776934924
0.010225215095190726,0.025816862421992992,0.024816017014125516,0.015365843525826806
0.005891071127003555,0.021610798245501127,0.027173136785736504,0.01628732066082194
0.002807763946586453,0.01701972118358601,0.023908061208259473,0.01688126855666402
0.00274961506491804,0.012750559776563707,0.016140487732902123,0.016854051514752125
0.0059674026660559015,0.008880000363099112,0.00635188165348724,0.016086366737643493
0.011154383460498116,0.005050676983870336,-0.0024142240246844276,0.01474304009737526
0.016029444532930016,0.0008826492238569461,-0.007550205476752184,0.013243031925553123
0.018303583928569685,-0.003620243480313201,-0.007731067794599533,0.012094858012166781
0.01664424362976744,-0.007884482135820471,-0.003308788620906014,0.011663020365165429
0.011251686878399017,-0.010912813664223602,0.003884780599279325,0.01196577776388465
0.0038144184724668295,-0.01171598499184183,0.011249055202111058,0.012598367246717375
-0.003142620398886062,-0.009842464391588653,0.016373176918718462,0.012829758520286998
-0.007260041230531505,-0.005755956421959391,0.017885330626368566,0.011852605262161135
-0.007296284248958312,-0.0008581797964908253,0.01588120700213084,0.009102170167146921
-0.003645820183699966,0.0029039691330101126,0.01178247020754808,0.004526366851022867
0.001791851466159896,0.003729212962268422,0.007694284150358804,-0.0013001024470460226
0.00635063763215913,0.0006926084439808702,0.005520983019518748,-0.007272281436803779
0.0076589184308012564,-0.0057823165278500024,0.006187960966943268,-0.012042479256853464
0.004606109932639421,-0.013926777462976363,0.009272131919121997,-0.014410290632307463
-0.0021705227163669044,-0.021145916139094126,0.013181405707656916,-0.013689118052338321
-0.010479272067971099,-0.024891719795956876,0.01580887520650575,-0.009930473887867348
-0.017382451558296125,-0.023578957606974114,0.015403121156351434,-0.003935844373241303
-0.02031264149771686,-0.01720096381456552,0.011313059233751144,0.002943168378150972
-0.018066327641813387,-0.007402531988858374,0.004315128761703972,0.009148640864177202
-0.011289186550238809,0.0030352023855464098,-0.003607967378184803,0.013296485208643072
-0.0022624575456768724,0.01112316634969743,-0.00995750976372195,0.01448463876559243
0.005930774920609132,0.014674174427435918,-0.012620499463477111,0.012455586011151293
0.010542216991721396,0.013029283676628513,-0.010646972558095234,0.007593074888043783
0.010166037403796693,0.007240367347635238,-0.004616260278500026,0.0007836781681509544
0.005238279914763576,-0.00034914801998348066,0.0035386601359016223,-0.0067959553041532575
-0.00215342652077663,-0.00696119113431426,0.01117849080585942,-0.01390281367788498
-0.009066605904044706,-0.01035609523795994,0.01583668199621288,-0.019418657537839865
-0.012795731365085897,-0.009566836847080429,0.01601444753086987,-0.02249304545115125
-0.011843624886987592,-0.0051401730625713765,0.01161872943997206,-0.02264349406845298
-0.006414590068867493,0.0011765844373692567,0.003910674785793622,-0.01982227478368584
0.0017355595070717988,0.007155508441028004,-0.00498633977053782,-0.014448130885074337
0.010007362967878665,0.010922866474365814,-0.012817271116456181,-0.007384869649984867
0.01592991005820361,0.0115905550715312,-0.017893620604044515,0.00015864234022024484
0.018016891246089795,0.009462731883569928,-0.01952334653043061,0.006821050563393556
0.01619024522203577,0.005773329668469218,-0.018055205022810564,0.011357111242714518
0.01163985638543702,0.0020946838743105337,-0.014571680343191139,0.012927427756429757
0.006215634245008234,-0.0003234188791395136,-0.010388928357247668,0.011326396947320141
0.0016274257956621213,-0.0010153174543602352,-0.006574139479571396,0.007064679539193479
-0.0012109405591727816,-0.0003909763405598732,-0.0036567903739208475,0.0012562918250416874
-0.0024345440901797286,0.0005518874299116766,-0.0016114692383428792,-0.004678628288087631
-0.0029975981553970743,0.0007481108377809381,-7.138304995099598e-05,-0.00941692859407127
-0.004086458269084214,-0.0004168496230911034,0.001357323321907026,-0.012115779600754342
-0.006447129068187757,-0.0028122628752219325,0.002836147144929288,-0.012645335526446838
-0.009928213576049214,-0.005607435603858568,0.004202971934646291,-0.011583473378763892
-0.013443308178083826,-0.0076251202884794755,0.005074968030978622,-0.009965783135331818
-0.015376318835362592,-0.007842502360133525,0.005080087252004317,-0.008873096159468942
-0.014264861933197509,-0.005823341499835672,0.004095458550716996,-0.00900280786502658
-0.009478306715554788,-0.001902253609451697,0.0023725577235014506,-0.010382695131909689
-0.0016057542557472992,0.0029465093873603243,0.0004846700405789217,-0.012339002744508124
0.0076156264845579635,0.007488012052467144,-0.0008848010114915535,-0.01373919784606565
0.015818147185402278,0.010684555071104232,-0.0012215705645633249,-0.013426964358191393
0.02077661832557727,0.012039135991923293,-0.00040424869159154386,-0.010691650903647099
0.021147178110931947,0.011690594382091794,0.0012273936040772815,-0.005596297634190936
0.016898525253503188,0.010241673103580297,0.002993434714135948,0.0009637754486184757
0.009284749871755982,0.008419689338345356,0.004137508739621584,0.0075025489485282815
0.00038644646706489927,0.006738841482768798,0.004126700118076972,0.012405022053495016
-0.0075926728638329236,0.005323476909137311,0.0028665173875357802,0.014446648635562935
-0.013005508453538029,0.0039685401321632105,0.0007456494894530763,0.013185642082149972
-0.015176597453051756,0.002395433759691437,-0.0015048133955755938,0.009089735907426587
-0.01443048004797981,0.0005630147765990495,-0.0030788947343153433,0.0033568267645003314
-0.01177013124576999,-0.0011394873317018966,-0.0033836058880959002,-0.00249906074143548
-0.008374431410561406,-0.001941065615223156,-0.0022381637447449095,-0.00714145562250422
-0.005137435833854988,-0.0009900329998613275,8.331612196534749e-05,-0.00980595646036668
-0.0024303361729523312,0.0022072613781805167,0.002967965330129732,-0.010460808658586437
-0.00015286437616426202,0.0074068719839297525,0.005680092805060016,-0.009692285749954531
0.0019929366094051243,0.01350115451069787,0.007585848765404454,-0.008379352591059808
0.004168594459419722,0.018748742315329286,0.008304104496459713,-0.007298728831210639
0.006183331165665509,0.02131669741707764,0.0077430751013828954,-0.006819990552487054
0.007509083538119021,0.0199499297445392,0.006036544147382111,-0.006805306056881358
0.007522680747783485,0.014508971271196443,0.0034347968039264293,-0.006739712255227695
0.005858136493661077,0.006146432742677288,0.0002155867390782537,-0.006022369676482842
0.0026932065184615134,-0.002980596669250917,-0.0033429704022685316,-0.0042857075784117765
-0.0011830956033193063,-0.01038721276093814,-0.006929301792415896,-0.0016027059430294144
-0.004580720756700251,-0.014093238755012128,-0.010147665405155326,0.001505986593468428
-0.006329868844756063,-0.013305292901155695,-0.012509024201091706,0.004266365438522421
-0.005745913372015708,-0.008687230016338351,-0.013505340401029658,0.005962213044666154
-0.0029398440199350367,-0.0021077799644300815,-0.012764691694762645,0.006229456613020795
0.0011689271182819608,0.004047533874439235,-0.010233966740996234,0.005207897991159033
0.0051612144564085645,0.0077441661433488435,-0.006304499060376341,0.00348516267183778
0.007637818327340288,0.008018115143931262,-0.001802094396825632,0.0018554692542020676
0.007747987582343685,0.00527490088652529,0.0021914996663360414,0.000993714628933981
0.00551432286319007,0.0010583297457314386,0.0046498498416853995,0.001180829294111986
0.0018201933669881043,-0.002613901798268356,0.004946527678869786,0.002194699268563055
-0.0019388776841325964,-0.004081749759319256,0.0031046143883190916,0.0034114326347814174
-0.004401570670637858,-0.0027115898458494186,-0.00015641425939204312,0.004073627345932893
-0.004765231473006226,0.0008607594920749528,-0.0036161887776937213,0.0036125629189050074
-0.003077306623751136,0.005004376693101165,-0.005940995204691879,0.001889132010006768
-0.00017818443437334422,0.007769252639519306,-0.006135581024186015,-0.0007469058235588799
0.002676628558756649,0.007688123137822363,-0.003898661100804668,-0.0036027679301236584
0.004354998906659179,0.004379519174413038,0.00025093072455745213,-0.0059302071527031
0.0043216282759973475,-0.0012903868404234645,0.005130720989618613,-0.0072314359263358635
0.002849002469949402,-0.007549808401324546,0.009284124274756875,-0.007452397683951142
0.0008789685191911353,-0.012425410954333738,0.011466764144994618,-0.0069805013119118645
-0.0004048376975909762,-0.014520225606318132,0.011056672806178197,-0.006447800154909561
-0.00011134696413685197,-0.013548395104065816,0.008243559387426935,-0.0064248243472941405
0.0019451107050950274,-0.01041015051198907,0.003934735745797641,-0.00713897432956101
0.005131876015557401,-0.0067792261409899,-0.0005797642253002333,-0.008343285851677817
0.008237860970059123,-0.004375204639312888,-0.004073336246788781,-0.009398990627008205
0.00997031971144546,-0.004223245310982664,-0.005774805055870615,-0.009544174072358066
0.00950247838590913,-0.006209901901160394,-0.005568782778330962,-0.008239141538246605
0.006841313664796154,-0.009123161073987453,-0.003946065044558696,-0.00544176243789005
0.0028566347607142406,-0.011166052285356165,-0.0017436294463817684,-0.0016899875417378772
-0.0010479880618055534,-0.01073698718687896,0.00020868346468957966,0.002054576862281117
-0.003492498830807038,-0.007156604550225876,0.0013904071792265466,0.004749542659851565
-0.003678695840622054,-0.001037327743206501,0.001728808778928892,0.005668730600332066
-0.0017186142916248079,0.005867417259529099,0.001535690006974899,0.004693650398801513
0.0014059785409612745,0.011288375865246378,0.0012909174969077952,0.0023777225638198646
0.00424103335921144,0.013300945339020456,0.0013817592599337791,-0.00024957831540946274
0.005454973692596495,0.0110828423787209,0.0019183170609690173,-0.0020670248343781367
0.004387819249504507,0.005266591415421502,0.0027041322146916583,-0.0022853545008669485
0.0013279719565755348,-0.0022584496469929514,0.003366854232190415,-0.0007432249079811076
-0.002600019046745051,-0.0090237281505017,0.0035798100810803743,0.002042332368853289
-0.0058941338266422505,-0.012879118838348306,0.003263876563234184,0.005090938361332148
-0.0072941782802396354,-0.012764564212035088,0.002668195130438058,0.007352614634773616
-0.006307854435455951,-0.009060374043235463,0.0022837897961158257,0.008121267221849221
-0.0034256197271575473,-0.0033877789050652043,0.0026215829476376844,0.007301025201910737
6.778022144834916e-05,0.002052363847876139,0.003951429745129353,0.0054187244815073095
0.00261234850129137,0.005335554835916627,0.006122379120888796,0.003379908092111396
0.0030132048067938455,0.005525978737798967,0.008554866139610817,0.002071289050553437
0.0009411497139928532,0.0029709125878448588,0.010424297028402578,0.0019762757502916686
-0.002913148124551304,-0.0009248987993352303,0.010972240106282817,0.0029653282955915197
-0.007098496982397562,-0.004337137225548293,0.009821875269753783,0.004350986922089399
-0.009975367733014245,-0.005801455335112005,0.007164980416114214,0.005187453130302694
-0.010372267558705447,-0.0048131249613681815,0.0037343653814062017,0.004691674087830864
-0.008061889005455146,-0.0020052958435245183,0.0005605260653309407,0.0026096661525396667
-0.003863967386099003,0.0011587031143675472,-0.0013999952049399116,-0.0006289810413702551
0.0006684401880284116,0.003042771863229401,-0.0016213724355506835,-0.0040407072260661495
0.0038549486205514127,0.002566163437653604,-0.00020855005779518015,-0.006457593418842625
0.004544301682607166,-0.0003037170833242453,0.002142022303562757,-0.006992318786068624
0.0025596002416827385,-0.004501137844178327,0.004409525535463796,-0.00541065718041768
-0.0012437992944663995,-0.008278430592426222,0.005641223391575023,-0.0022566481142651564
-0.005327705434016533,-0.009920257732120713,0.005316682356940647,0.0013276169117864903
-0.00808460744249534,-0.008463823690533528,0.0035405353605237125,0.004023437019704928
-0.008467753401946068,-0.004129218080239069,0.0009885897774814419,0.004835696819761641
-0.006386591505983089,0.0017192645859230096,-0.0013693947726904146,0.0034750830366837362
-0.002713988429199018,0.007070590720550465,-0.0026577151227790592,0.0004700145343896761
0.001089948322914318,0.010027933183618498,-0.0024372631628239074,-0.003038045466280434
0.0035782408938410185,0.009531913998353611,-0.0008658934028623576,-0.005736850938506177
0.003894669096301061,0.005760611678099187,0.0013852554348704861,-0.006649670736387732
0.00209550643880518,5.0872601328647016e-05,0.0034218073794264284,-0.0055065635987766835
-0.0009093416594689596,-0.0056233076924582445,0.004501231058997621,-0.0028354568642881064
-0.0037628344246639495,-0.009404651748045278,0.0043379447536215365,0.000260390413799258
-0.005240157332383692,-0.010239516101445023,0.0032133253896153985,0.0025472110741755483
-0.004758151839317458,-0.008230963570632,0.0018465181163474925,0.003148869875395366
-0.0026048331277019783,-0.004529474134166198,0.001080729473235691,0.0018838863856074917
0.0002019581909496332,-0.000819840684215499,0.001515689406893601,-0.0006805078894114996
0.0023624644303703937,0.0013776548770802269,0.003239070587658899,-0.0034741511217946386
0.002858153987889328,0.0013055334195244753,0.005768921575888375,-0.005365795522367378
0.0013923051422203708,-0.0007703439006628158,0.008232457163339292,-0.0056196925927703735
-0.0014770211058546534,-0.0037312252388393627,0.00970951556540428,-0.004182193238239266
-0.004567192707757555,-0.006121677974282452,0.009601423560446742,-0.0016851410144631766
-0.006567862484417708,-0.006786917774314949,0.007875487765214934,0.000830432715241046
-0.006596394213726042,-0.005362560318165281,0.005085965935278131,0.002352750172513754
-0.004579001753367437,-0.00241571401018309,0.0021632248057903147,0.002317437011386092
-0.0012968247556192913,0.0008141990442780238,5.656677372113672e-05,0.0008334049656718717
0.0019248905588974824,0.0029582526507621323,-0.00062536804840789,-0.0013745685439468386
0.003758125175598148,0.003110717494150579,0.00016679022109666007,-0.0032798551190826586
0.003421409945363326,0.0012198749939773303,0.00193023569091922,-0.003991939232310587
0.001010274803811162,-0.0018874727799965026,0.003835093570089612,-0.003135101869417664
-0.0025287639294393344,-0.004856862204204927,0.00507182187643046,-0.0010099730323317874
-0.005772180628484155,-0.00638339781806177,0.005177440262197096,0.0015292860443813922
-0.007390136225261891,-0.005771466254782823,0.004208655893002705,0.0034311444408778036
-0.00668191603551245,-0.0032405348464207007,0.002695251113080173,0.0038881689983844003
-0.0038584826607653624,0.00015305775663962407,0.0013985988912766194,0.0026800786536112023
4.212766743857954e-05,0.002947872369488784,0.0009798808548723281,0.0002750539238711158
0.0035710715638471863,0.0038844166618576623,0.0017178269932642265,-0.002354235113566269
0.005446444193142622,0.0024354919435467526,0.0033926595928932234,-0.0041254017095629925
0.00505775664979162,-0.0009611607235280456,0.0053817974397084856,-0.00428992881071015
0.00269400087488305,-0.005066199544725633,0.0069238993058014925,-0.00274277317563254
-0.000593588355726371,-0.008332737247514835,0.007438189387368975,-6.979221555403203e-05
-0.0034333789495053432,-0.009529160336048836,0.006764448142405552,0.0026875769941055033
-0.004695681576928207,-0.008235424027263794,0.00522399255336076,0.004454595859847877
-0.003944564877646092,-0.005009483710112908,0.003478204647231257,0.00455952884249819
-0.0015963068605002947,-0.0011561834829892786,0.0022464067953436723,0.0030049881818275063
0.001275703402314303,0.001805777861757854,0.0020033635225712443,0.00046297253416472534
0.0034037359359577633,0.0027595828862271715,0.0027841339934102094,-0.0020041720338741936
0.003861099870879639,0.0014364148618598548,0.00417767837288064,-0.0033818673254781273
0.0024474007148576546,-0.0014895916626408616,0.005510356702750116,-0.003119998895851517
-0.00023451512553029907,-0.004693964624309833,0.006140192145170299,-0.001356539422409292
-0.003038774783839432,-0.006758952704263179,0.005736268793596219,0.0011439218641080273
-0.004762512280937027,-0.0067637803068105115,0.004424335731110299,0.0033110889861159565
-0.004653411341605289,-0.0046644544427011225,0.002736603954162184,0.004216426911276966
-0.0027268506359803945,-0.0013075458508421418,0.0013867592014828924,0.0034618047563502313
0.00023887721275594326,0.0019257975849804234,0.0009653429538812944,0.0013479455470019677
0.0030262652142675345,0.0036965999847283076,0.0016846377940138227,-0.00124789520632684
0.0044855625833999935,0.0032659197605857393,0.003281696728721549,-0.003235353621965177
0.0040136091830707925,0.0008028188474854224,0.005121754899586592,-0.0037657000743167787
0.0018054122914917693,-0.00268453476872232,0.006459839307635003,-0.0025895600370580314
-0.0012257704186001,-0.005765427862475889,0.0067514385455442645,-0.00016843614664102322
-0.003826234930105782,-0.007177934059522072,0.0058818180342822685,0.002508116786367859
-0.004920402389627487,-0.00635021788326906,0.004217047093909521,0.004326355063114368
-0.004055001477153063,-0.0036363906776993027,0.0024541571715742394,0.00450808003142408
-0.0015849946244098356,-0.0001697884813539885,0.0013320067124486662,0.0029368432004288764
0.0014752256494457716,0.002605296774544963,0.0013231230878410077,0.00021493822202684962
0.003873044668559568,0.003529745223310496,0.002435332325149902,-0.002574583932807427
0.004636273609876356,0.002207455627149699,0.0042066179741814536,-0.004305484931552424
0.003474362151462587,-0.0008320026694178355,0.005896178164937219,-0.004267492057962178
0.0008964421928881194,-0.004352464605690574,0.006792630410032266,-0.0024590973070430294
-0.002001917134288614,-0.006920934033859072,0.006511051667490844,0.0004067974464757188
-0.003994139678181463,-0.007497308508526188,0.005154745370766378,0.0031882238888372673
-0.004231163322087644,-0.00586081654710769,0.0032737154110527647,0.0047753102462043265
-0.002592476940994501,-0.0026978042006970404,0.0016365266311217982,0.004539826836857632
0.0002651934982262974,0.0006844251708870153,0.000910243655575624,0.002589887747147036
0.003180940311899102,0.0028987022539450104,0.0013818531812480953,-0.00027426621880574653
0.0049706927549410486,0.003050133522678987,0.002837692736438399,-0.0028856375988702
0.004916676794614679,0.0011031521707040217,0.004651801519959923,-0.004184497193704787
0.003062823489844829,-0.0021074567632538947,0.00604701138394606,-0.003647894625842609
0.00019444617636523928,-0.00522518158332223,0.006420299705236908,-0.001499735124164691
-0.002488553096767796,-0.0069351868115068716,0.005596660067606153,0.001383769739426565
-0.00386892488573062,-0.006509226955899682,0.0039050478740753902,0.0038339820144163888
-0.003373588155588284,-0.004106885597570968,0.0020438013431876845,0.004867458072912099
-0.0012085858351844952,-0.0007090032228287968,0.0007906808442229296,0.004085927306668783
0.001729094379852237,0.002288696450773807,0.0006777697101612024,0.001835458846474975
0.004225430065878156,0.003653419343513424,0.0017667116386747006,-0.0009394239513628774
0.005253442973170701,0.0028255575418451723,0.0036185880923805536,-0.003085890978368951
0.0043984023386677285,0.00015054447571830054,0.005472105150011668,-0.003716563584584748
0.0020282765062847596,-0.0032633496683012603,0.006557096588273338,-0.0025724290497873854
-0.0008605563193757743,-0.006002372453856791,0.006413712391988825,-0.00012645371749580442
-0.0030577123339226575,-0.006930782253395114,0.005084722953932322,0.002613779334985959
-0.0036411302705816467,-0.005659509309897878,0.0031005347546054635,0.0045224413191375795
-0.0023590766040333944,-0.0027065653941567708,0.0012622743645777923,0.004819154127421038
0.000266193715466179,0.0007168735578952368,0.00031211495334643874,0.003389311149674854
0.0031556006888865708,0.0032062722467429763,0.0006270652379525409,0.0008296846538569554
0.005120797889666295,0.003743081331149605,0.002063078544351213,-0.001798803519303352
0.0053564613470893745,0.00211459121533244,0.004014320653930273,-0.0034088247934992294
0.0037734229418950604,-0.000998789180014746,0.0056633899116949465,-0.003334421206830477
0.0010349564437038272,-0.004304617187616204,0.006319116755270172,-0.0016045379033006665
-0.0017184089478013975,-0.006431702271418063,0.00570215235084752,0.0010699664422596268
-0.0033412544819278744,-0.006495506847274322,0.004060062692916765,0.003590031443702943
-0.0031571035122121005,-0.004462498222989945,0.0020642259411626333,0.004921515448403135
