ch0,ch1,ch2,ch3
-0.004402845465383914,-0.005066267195416335,-0.00491674927334982,-0.004567430618950964
-0.004493683069112159,-0.005139812666483626,-0.0049360000571151245,-0.00464810684891151
-0.004557731846510149,-0.005177152669101015,-0.004916626216928961,-0.004741922450718028
-0.004586051974572666,-0.005172740188363195,-0.004879907352944288,-0.004824819235299205
-0.004583860738351833,-0.0051379577462183496,-0.004853746026649286,-0.00487667014165908
-0.004568517670961253,-0.005096408609048614,-0.0048612334703928145,-0.00488975744141449
-0.004562437976096442,-0.005074128552987882,-0.0049111587186572506,-0.004872050714383215
-0.004583868861409102,-0.005088783897553739,-0.004994398416313793,-0.004843937671005993
-0.004639354639198998,-0.005142337537935596,-0.005087692539929106,-0.0048297778969826
-0.004721020958443838,-0.00522022465222876,-0.005163254749558442,-0.004847794747027956
-0.004809814314438075,-0.005297380694718787,-0.0052002502988889865,-0.004902506005520044
-0.004883366177447258,-0.005348624274606917,-0.005193399390832451,-0.004982837144135166
-0.004925233709993114,-0.005359092680315591,-0.00515515057964179,-0.005066701583900088
-0.00493169568799072,-0.005330405413377398,-0.0051105265337812456,-0.005130149199664175
-0.004913290973250318,-0.0052800002544793195,-0.005086773826568559,-0.005157289737610066
-0.004890460648709391,-0.005233914352260893,-0.00510209636733025,-0.005146876743396422
-0.004885094190317969,-0.005215998424938931,-0.005158130290533108,-0.005112822443230983
-0.004911475188081035,-0.005238030709069891,-0.00523927036686387,-0.005078430184933508
-0.004970371377075504,-0.0052948262571743815,-0.005319124652442303,-0.005066735293969574
-0.005048713681031519,-0.005366369863492565,-0.005371427045590002,-0.005090958099757958
-0.005124997356996598,-0.005426092983707227,-0.0053808952787712735,-0.005149026108294513
-0.005178171526710448,-0.0054518704136812535,-0.005349545962820439,-0.005224435439497181
-0.005196340594352297,-0.005435184911329154,-0.0052958579817997745,-0.005293093984426414
-0.0051816791349038605,-0.005384664617187104,-0.005247132896223659,-0.005333309346932089
-0.005149528367795059,-0.005322526272621059,-0.005228212864800158,-0.005334781074845411
-0.0051220490937513435,-0.005275393406942941,-0.005251220487932959,-0.005302869217251267
-0.005119057244659282,-0.0052632874940146054,-0.005310559845710772,-0.0052563689856792994
-0.0051498327507584415,-0.005291347355853612,-0.0053852407094105575,-0.0052197130359605964
-0.005209288780363905,-0.005347703972675644,-0.005447559670547011,-0.005212833185786955
-0.005280083899309215,-0.005408390916296135,-0.005474545269177997,-0.005242884727545805
-0.005339801123742979,-0.005447258852669501,-0.005457434791265037,-0.005301266039882402
-0.005370222361975152,-0.005446791190262673,-0.005405268253193471,-0.005367172740936177
-0.005364861042987917,-0.005405344573619075,-0.00534112058460149,-0.00541621763482069
-0.005331637542884779,-0.005337817416669333,-0.0052925378949760515,-0.005430547070722921
-0.005289592296580124,-0.0052694699534237555,-0.005280138457279884,-0.005406261649125062
-0.005260998293388761,-0.005225454512543692,-0.005309093942609075,-0.0053550630651467285
-0.005262137488817986,-0.005220391222286236,-0.005367010667610611,-0.0052994386123024415
-0.005296557606476099,-0.005252306441647592,-0.005429080296710145,-0.005263371189402656
-0.005353598951891095,-0.005303445838672649,-0.0054683618797640166,-0.00526241723818964
-0.00541280039903605,-0.005347628083753331,-0.005466936516823534,-0.005297259509453603
-0.005452361822251048,-0.005361096451302061,-0.005423318731944571,-0.005353405747945406
-0.005458162796831853,-0.005332375622298935,-0.005353061178707652,-0.005407162124422174
-0.0054296078812084425,-0.005267050396166206,-0.005282307909264927,-0.005435413613035733
-0.005379881667154661,-0.005185483131073143,-0.005236969192901064,-0.005425167364151967
-0.00533050861533331,-0.005114408944080995,-0.005232000663356107,-0.005378912090628879
-0.005302467182861571,-0.005075882829963074,-0.0052652234665278574,-0.005313576758256944
-0.005307531363556155,-0.005078151457157176,-0.005318240373421823,-0.005253519597906431
-0.0053434173050472406,-0.005112229136165769,-0.0053640651457873,-0.005220448007845269
-0.005394738310771391,-0.005155599720384485,-0.005378304745251861,-0.0052244393537657086
-0.005439369881856004,-0.005181518868939805,-0.005349265265841618,-0.0052597767279806695
-0.00545759079341801,-0.005170073338779002,-0.005282799564613583,-0.005307321167815404
-0.00544022063757596,-0.005116424858510826,-0.00519989145349542,-0.00534243729569811
-0.005392391706320998,-0.005032827809019258,-0.005127976617563035,-0.005345191995762888
-0.005331400006646225,-0.004943582476497288,-0.0050895906965821025,-0.005308606080501765
-0.005279528799371269,-0.004875005493555379,-0.005093039218322104,-0.005241545438166295
-0.005254815779532573,-0.004844558936101584,-0.005128946584048166,-0.005165056756383846
-0.005263583309951303,-0.004853627716993103,-0.005174109636977342,-0.005103665259381107
-0.005297820184790414,-0.004886927611571487,-0.005201061970170451,-0.005075235619166063
-0.005338496392039205,-0.0049187869441782855,-0.005189396697500681,-0.005083590418799078
-0.0053634395465329,-0.004923706407295829,-0.0051341721959577424,-0.005116938394436832
-0.005356516908384179,-0.004886837058632992,-0.005047934634486773,-0.005152760402068524
-0.0053143284451413475,-0.004810054927997645,-0.0049555310167588296,-0.005167129862180098
-0.005247645582162841,-0.004711134626208688,-0.004883864236139401,-0.005144611481931127
-0.005177000673630194,-0.004616378213265437,-0.0048508262055382,-0.005084645088320627
-0.005124246496241103,-0.004549758271041593,-0.004857976304636968,-0.005001777439998301
-0.005103566262406933,-0.004523068062619012,-0.004889976104601554,-0.004919650467382464
-0.00511563809000809,-0.004531145193571617,-0.004920994069201476,-0.0048612357637699555
-0.00514735345893047,-0.0045541271082279455,-0.004925414265691694,-0.004839354591243489
-0.005177197667769695,-0.004565781757764065,-0.00488841177042177,-0.004851400286108365
-0.005184068832223554,-0.004544442866184273,-0.004812024705305978,-0.004880438096471276
-0.005155902220631281,-0.004482007222540607,-0.004714227141096386,-0.004902218438813832
-0.005094557780709386,-0.004387263971683875,-0.004621409340728244,-0.004895195985520663
-0.005014978810758297,-0.004282184314773563,-0.004557398942338947,-0.004849409379976674
-0.004938995045573852,-0.004192725113712215,-0.004533580329504128,-0.0047705549407002085
-0.004886345576323475,-0.004137977866015163,-0.004544202898053462,-0.004677581848036738
-0.004866628134761186,-0.004122180368387851,-0.0045688092019188775,-0.004594818498293379
-0.0048754788613125655,-0.004132917697585392,-0.004580758926815087,-0.004541898944893374
-0.004896523372509967,-0.00414626609120039,-0.0045583000887599034,-0.004525660459722691
-0.004908250063972219,-0.004136745902523886,-0.00449359018473805,-0.004537357468828107
-0.004892930606628723,-0.004087947008739268,-0.004395929353393224,-0.0045563287607999214
-0.004843886535331986,-0.003999404456456246,-0.004287875539661701,-0.0045585811942029375
-0.004768110782699356,-0.0038868541975012882,-0.00419586729234378,-0.004526722437425579
-0.004683197685870916,-0.0037757462120601715,-0.004139256466898167,-0.004457127343422518
-0.004609902672345095,-0.0036906957932211215,-0.0041223071657544574,-0.004361381050924651
-0.00456345948260381,-0.0036452490297294027,-0.004132479243472265,-0.004261422646421653
-0.0045472806993333,-0.003636219456041423,-0.0041457003952337645,-0.004180426172360363
-0.004551654701776653,-0.003644965106006759,-0.004136426631629497,-0.0041332165052446745
-0.004557955345576403,-0.003645098540088043,-0.004088302723081527,-0.004120197474515752
-0.004546575685409948,-0.0036134484667942335,-0.0040009869605420745,-0.004127297526070883
-0.004505244548071552,-0.003539730461351309,-0.0038903002598236203,-0.004131929412779511
-0.004434230478795653,-0.003430904099658183,-0.0037816351066609077,-0.004112459694521009
-0.004346244248199016,-0.003308384057985503,-0.003699362339398826,-0.004057231111049164
-0.004261072876755312,-0.003199229913717766,-0.003656639431731945,-0.003969378707781801
-0.0041971880463141376,-0.0031249400586587234,-0.0036498608537257615,-0.0038654439977684474
-0.004163847542667631,-0.0030924820465000613,-0.0036600664617566503,-0.003768383806086517
-0.004157016212763542,-0.0030912837782857486,-0.003660736181323787,-0.0036979103817733616
-0.004160849871327144,-0.0030974579099650734,-0.0036287469533352046,-0.0036622111085267695
-0.004154168073342013,-0.0030835463437650645,-0.0035539521054664125,-0.0036545160400389687
-0.004119253177664373,-0.0030297860816458355,-0.003443410703492744,-0.0036559514131936366
-0.004049324100878993,-0.0029322584328236034,-0.003318510326247248,-0.003643484372106487
-0.0039515590733819606,-0.002804557935364299,-0.003206172139652727,-0.003599628132581023
-0.003844369659598279,-0.00267228214896037,-0.003127780099852817,-0.003519831759149744
-0.0037500042066089256,-0.002562600167481943,-0.003090418593899219,-0.0034144394801466638
-0.0036854993137638292,-0.002493185893721772,-0.0030840434582132537,-0.0033043739658033533
-0.003655697450061779,-0.00246506388325618,-0.003085748053808207,-0.0032123309919993154
-0.003651214133974179,-0.002462302067210931,-0.0030693413297992744,-0.003153168771688905
-0.0036522101312354005,-0.00245866262791794,-0.003016251244499113,-0.0031275367958391795
-0.0036364379901430155,-0.0024284552458926356,-0.0029232198853804126,-0.003121456587363909
-0.0035882721798466966,-0.0023571096210859843,-0.002803593833317658,-0.0031120876568982575
-0.0035050247869903017,-0.002247109292794869,-0.002681679730204445,-0.0030773156580306688
-0.0033979628597685108,-0.002116853302836341,-0.0025825228038136583,-0.0030051711284634075
-0.00328762010058703,-0.001992939331238508,-0.002521374398394449,-0.00289911448291047
-0.0031953377722311604,-0.0018990805513581788,-0.002497248348236558,-0.002776908446796733
-0.0031345130241252975,-0.0018462543753326455,-0.002493267138416022,-0.002663454043353719
-0.0031051435440917347,-0.001828162218380447,-0.002483671183371561,-0.0025804926851613064
-0.0030938931798572197,-0.0018238718605629867,-0.002444583013419488,-0.0025374218050940867
-0.0030796293994607704,-0.0018065334366536567,-0.0023640408720714268,-0.0025270644793241592
-0.003042138663447033,-0.0017545419651491256,-0.0022471032707865324,-0.0025282272422295637
-0.0029704333317807086,-0.001660507260252242,-0.0021138638370065133,-0.0025140919626918667
-0.002867251030519352,-0.0015343054332705997,-0.0019911622934269957,-0.002463064874582921
-0.002747929796505233,-0.001398946110881094,-0.001901410048096075,-0.0023676537145371768
-0.0026341605600447293,-0.0012809755477280471,-0.001853171378182028,-0.002237708269257732
-0.0025452135532163522,-0.0011994087080500204,-0.0018374393167298608,-0.002096639390435473
-0.002490245725858653,-0.001157798778895408,-0.0018312022772510317,-0.00197209864254283
-0.0024648140278889508,-0.0011427530272211661,-0.001806878799084033,-0.001884879602729428
-0.0024529556664012464,-0.001129526534528802,-0.0017437531901865477,-0.0018405525712776871
-0.0024338907136298715,-0.0010923800461893896,-0.0016366905182904623,-0.0018272510744836157
-0.0023905131208875052,-0.0010153980591262324,-0.0014985061217508977,-0.0018205314441214204
-0.0023161418191270933,-0.0008992573381646496,-0.0013549663247050536,-0.0017933442463254345
-0.002216780793391937,-0.0007611044528340327,-0.0012344325428466085,-0.0017270678061301892
-0.002108048631865256,-0.0006275559985771534,-0.0011563767806700431,-0.0016191159565469015
-0.002008177014143131,-0.0005236949407392555,-0.0011234746129704931,-0.0014840257141367497
-0.0019301058953010153,-0.0004626138327676055,-0.0011205204551587022,-0.0013475868291933923
-0.001876043854239673,-0.0004398505314434642,-0.001120608965080483,-0.001236407828784647
-0.0018367810594959177,-0.000435053225419868,-0.0010960402958575116,-0.0011671643949829336
-0.001796002194527524,-0.000420226061568163,-0.0010294683033431618,-0.0011398911377455412
-0.0017377112414005969,-0.0003711787767461394,-0.0009207207203840526,-0.0011380147206555002
-0.001653551022192612,-0.0002774648223786147,-0.0007865161635033958,-0.001135070840660446
-0.0015468390578945446,-0.0001467015904184077,-0.0006532421065579969,-0.0011053308306217813
-0.0014315326470081824,-1.4770843689282387e-06,-0.0005458246708638925,-0.0010339964190104467
-0.0013264948347521122,0.00012989240246219502,-0.00047732877317074873,-0.0009228380276399377
-0.001247448736535428,0.00022494472006118205,-0.0004436102495370686,-0.0007890525499452128
-0.0012000269103676076,0.00027621240838521244,-0.0004252315825739872,-0.000657909907522139
-0.001176907419055906,0.00029414484645429173,-0.0003958248579314927,-0.0005522907849073999
-0.0011603427076062045,0.00030260832459599873,-0.00033339629040884944,-0.0004834519203556209
-0.0011291308775242814,0.00032883843216241493,-0.00022983386676117545,-0.0004467928338007243
-0.0010671956438553926,0.00039202742371557964,-9.461825711554184e-05,-0.0004242853430442839
-0.000970225635217481,0.0004953072734000807,4.88556264958695e-05,-0.0003924493322723377
-0.0008475864474927295,0.0006244902338687908,0.0001728598026699002,-0.0003324691475612984
-0.0007186538768265902,0.0007541248821485436,0.0002568577598173749,-0.00023818965077909704
-0.0006050253364617425,0.0008583740294935693,0.00029617730718067836,-0.00011865484079254252
-0.0005217881568022054,0.000922187151786158,0.0003041921772306,5.839537974727804e-06
-0.0004714363151506751,0.0009480747594393657,0.0003070480769027939,0.00011248286634951699
-0.0004429504830993636,0.0009555768097467832,0.00033305971456343286,0.00018577525436352937
-0.0004164292847863016,0.00097352650764293,0.00040113055231599803,0.00022429154335779078
-0.0003713616603396863,0.0010282080799531301,0.0005129791665636207,0.00024152234214358526
-0.0002951165272102596,0.0011322526544339517,0.0006524072612586473,0.000260417086760778
-0.00018813002727896544,0.0012788790851736287,0.000791947062730336,0.0003038978628039368
-6.36385583417387e-05,0.0014439480647112646,0.0009041740860669112,0.0003853086946324358
5.792612651267515e-05,0.0015951231376824804,0.000973028347300231,0.0005028033877592653
0.0001575367129693639,0.0017045175404164364,0.0010004625948067947,0.0006400374048740054
0.00022556543368079662,0.0017597477847707127,0.0010056489807840352,0.0007728969501212268
0.00026581755620780356,0.0017689188252258473,0.0010170430163575772,0.0008794693501112394
0.00029389446678040887,0.0017574949324163439,0.0010605617836270675,0.0009490905386956849
0.00033055038723500685,0.0017582811177561178,0.0011487580635235473,0.000986674211291949
0.00039281665093954254,0.0017985219797714003,0.0012754851899624553,0.0010104863206186754
0.00048662995939746656,0.0018892854950082472,0.0014182995361840534,0.0010442671706532014
0.0006041043591397677,0.0020213666019286147,0.0015476587713028622,0.0011069817515568792
0.0007266667824987194,0.0021693010620431885,0.0016391572518560937,0.001204501940257785
0.0008328231377628392,0.002301802665073349,0.0016837600822208754,0.0013267559259727557
0.0009073557982598457,0.0023943603443215,0.0016917900951474302,0.0014516281655670704
0.0009481003412741273,0.0024389000525435467,0.0016889701536515825,0.0015540839403774265
0.000967397143029125,0.0024466575529123458,0.0017060845641386976,0.0016167901896615988
0.0009874864579761389,0.002443203721447351,0.0017664578080999888,0.0016378283033680052
0.0010316253547763554,0.0024577632512097214,0.0018763692555330974,0.0016322375707954126
0.0011145138017486511,0.0025112625796191446,0.0020223437595186244,0.0016266313071291519
0.001235967380577907,0.002608003508798362,0.0021764572218901934,0.0016489675194496303
0.0013805034169028785,0.0027343125053234663,0.0023075189607312807,0.0017175640675251985
0.0015231214491195633,0.002864612753025686,0.002393583412760414,0.0018337936896248574
0.0016390281157256936,0.002972309117809324,0.002430693172652598,0.0019814273355979184
0.0017134190124150767,0.003040922396019774,0.0024342927977126227,0.002132910244700248
0.0017473652206225904,0.003070853454690381,0.002432750303496267,0.002260050837901817
0.0017573988237767103,0.003079008630971769,0.002455652684340226,0.002344825288268848
0.001768928426224354,0.003091498248581903,0.0025216785556822496,0.002385976822641467
0.0018061126194413094,0.003132492698319389,0.0026310181684118805,0.0023988245255548435
0.0018822586109055045,0.003213899410844323,0.002765439689055238,0.0024084755328137586
0.0019946057859886734,0.0033301640048841175,0.002895958594950787,0.002439314071871923
0.0021255816101480585,0.0034603587357300847,0.0029949437766790266,0.0025051222081287627
0.0022500001173894613,0.003576694388149171,0.003047671218607828,0.002603868474121751
0.002345275658830054,0.0036559333216015233,0.003058561783719327,0.002719223522221703
0.0024005202105444323,0.0036889887075451933,0.0030495207900084753,0.002828051651891317
0.002420866647455444,0.00368475460361839,0.003051038648158644,0.0029106496688095507
0.0024253129204795387,0.003666600932320019,0.0030896843047964473,0.002959384548532562
0.002439011612624553,0.0036629922323027087,0.0031771083618103435,0.0029820782502552046
0.002483163030960689,0.0036960970066571425,0.0033050630058760744,0.002998706972277332
0.0025666032503341984,0.003773054616609317,0.0034484926822715423,0.003032797286871225
0.0026824438331391476,0.0038834378882074937,0.0035754585804452788,0.003101140281759618
0.002811033447801703,0.004003870387811076,0.0036598780228521144,0.0032061739340131234
0.0029279384577042267,0.004107803687517078,0.003691921743857518,0.0033342968327935707
0.0030136348440097938,0.004176356721225974,0.0036818771524648186,0.003460920453591032
0.003060978078474108,0.0042057316922829435,0.003655952022155573,0.0035602591102107395
0.0030775061940710446,0.004208197229301158,0.003645765333929324,0.003615861703523515
0.003081803665962335,0.004206342818667191,0.003675812961404415,0.0036275387663792236
0.003095597633508085,0.004223121107997663,0.0037539748108741805,0.0036117847366226585
0.003134961622881405,0.004271933065328637,0.0038688428118515694,0.003595448568653903
0.0032042735621093943,0.004350955050123173,0.00399483821915921,0.0036051752612644983
0.003295326402098342,0.004444088441444893,0.004102913072035641,0.003656885719743236
0.003391766882428482,0.004528100062982099,0.004172393796200782,0.0037495620110936656
0.0034767868365926935,0.004582897901716676,0.004199128927596232,0.0038658567449410056
0.003540658925027418,0.004600553490059167,0.004196688963819084,0.00397926540203168
0.003584846009043907,0.0045892002445709346,0.004190261348049423,0.004064929286245578
0.0036209470255895992,0.00457009039958256,0.004205884144114852,0.004109669015975051
0.003665008298271877,0.004568979909905402,0.004259534176069835,0.004117182711986703
0.0037297558830201027,0.004605419081794404,0.004350573228073473,0.004106336678327882
0.003818223610174906,0.0046844420915617135,0.004462188164980618,0.004103306153829367
0.003921666151877161,0.004794178970093266,0.004568531756489191,0.004130826398380416
0.0040228004670525685,0.0049104560364688354,0.004645504555723823,0.004198966341219523
0.004103095660653783,0.005006528012534428,0.004680657562030177,0.004301174582379386
0.0041510240422493044,0.005063920448400094,0.004678130019631077,0.004417154972666648
0.004167678381279474,0.00507986728910792,0.004656662806052758,0.004521317517998669
0.004167191156431244,0.00506822374101773,0.004641640273376324,0.004593279353129476
0.004171548718291451,0.005053447597902994,0.004654588304771834,0.004626088523088323
0.004201779879190903,0.005060145688004669,0.004704564064002659,0.00462882686803695
0.004269105894764702,0.0051025608823742075,0.004785006458671415,0.004622595869995139
0.0043697706902358635,0.005178433377904246,0.004877257477116814,0.0046316206656522585
0.004485839890655541,0.005269867242745668,0.0049591192697256425,0.004673192829571848
0.0045918330747594105,0.005350907328392801,0.005014685140097175,0.004750600914203984
0.004664630181778429,0.005398697251872697,0.005041171354960572,0.004851909583585057
0.0046926808941352705,0.005403534838588159,0.005049792897958261,0.00495499601181304
0.004680750365009645,0.0053735334966557025,0.005060308606639641,0.005036665226215875
0.004648197980417823,0.005331797365702204,0.005091611346616287,0.005082018557529211
0.004621402328247981,0.0053071297786982646,0.005152484588001771,0.0050902136176455
0.004623346713277188,0.005322032151718711,0.005236636177655796,0.005074324155037446
0.004664572660434463,0.005382966590510907,0.005324341503770591,0.005055507718335794
0.004739188597067956,0.005477020323058343,0.005390219275518804,0.005054060591977383
0.004827583349951481,0.005576537956412164,0.005414004950480639,0.00508118961527837
0.0049047623673761365,0.005650016976651295,0.005389809824918684,0.00513494666305947
0.004950914863313727,0.005674934347558835,0.005329861145146442,0.005201934236697903
0.004959883928626729,0.005647281621804001,0.005260927511325508,0.005263893241615608
0.004942042863190943,0.005583825605373238,0.0052146442410816,0.005306194968717676
0.004920349793362033,0.005516003765632049,0.005215517542214127,0.005324468598449705
0.004921137044458956,0.005477747290590529,0.0052714273118017185,0.005326437690786945
0.004963353420786687,0.005492024928258676,0.005370511367351824,0.005328150954461451
0.0050506287070472,0.005561489124957519,0.005485762229232444,0.005346266711048812
0.005169398816674553,0.005667023917033331,0.005585539160833958,0.0053898200304437205
0.0052938754010201095,0.0057748636645546525,0.005645780162751662,0.005455194419169571
0.005395867304916785,0.005849528047505492,0.005658994851077431,0.005526690612563459
0.00545549814948576,0.005867482414885716,0.005636431410090181,0.005582682467332872
0.005468516895796471,0.0058261295224503185,0.005602608600230152,0.005604891386392252
0.005447306170886179,0.005744595112792572,0.005584538722797627,0.0055868539912012904
0.0054152757993193995,0.005656039723104245,0.005600145388021283,0.005537851595485699
0.005397024256042998,0.005594596378566963,0.0056506967316579115,0.005480371862770728
0.0054083521921323915,0.005582145508041703,0.0057203932919726586,0.005441855622746905
0.005450224550697255,0.00562015249752984,0.005783261255090544,0.00544392933696114
0.005509103129875778,0.005689717740772704,0.0058144434417128354,0.005493496078120164
0.005563407548127786,0.005759674726217967,0.005801125012312669,0.0055794303567763825
0.00559331427841267,0.005799363194715468,0.0057484581979275196,0.00567641489051679
0.005589725896073594,0.005790892138682113,0.005677919935327624,0.005754556255313625
0.005558605101627534,0.005736005100581143,0.005618698433357605,0.005791013418278368
0.005518818144604198,0.005654920278237663,0.005595647782699054,0.005778974341172416
0.005494359077013122,0.005577799394867966,0.005618841830382415,0.0057303190280970084
0.005504195730485606,0.005532458201682577,0.005679160444358289,0.005670828129224814
0.005554002826520299,0.005533372174851642,0.005751877740646727,0.005629816717580061
0.005633295718004749,0.005576391744778655,0.005806896777332982,0.005628355957302933
0.005719254710578381,0.005641156614111145,0.005821463050371567,0.005670844367408057
0.005785751441201359,0.005700008506813754,0.005790068518589431,0.0057433439420878085
0.005813906119051138,0.005729565575339841,0.00572732090834871,0.005819343498223217
0.005799826591944168,0.00572011361553313,0.005662393331531401,0.005870575977418191
0.005756297570614688,0.005678978807574009,0.005627139205051701,0.0058784466925329015
0.005707650438018852,0.0056266263312954035,0.005642633105710171,0.005841383812646039
0.005679843069149815,0.005587287812300695,0.005709662835338997,0.005775110333898659
0.005689763881311538,0.0055781812525035335,0.005807205498886678,0.005705768683899437
0.005738124596794902,0.005601917927509664,0.005899746612037307,0.00565879595651117
0.005808870982600967,0.005645288482344524,0.005950718321231799,0.0056482186887519825
0.0058754019660245405,0.005684889566619167,0.005936796193063053,0.005670868625503256
0.005911121495739968,0.005697147917203604,0.0058573497125489205,0.005707972794419258
0.005900083827031499,0.005668441961959592,0.00573519565616841,0.005733482594253103
0.005843450785760096,0.005600988942051632,0.0056082307171581025,0.005725657536304746
0.005759173684388497,0.005511968036347348,0.00551515126437796,0.005677001698690624
0.005675048579153491,0.005426226751842289,0.005480842431248245,0.005598272563192688
0.005617954657973795,0.005365657100870669,0.005507173532246362,0.005514707984815209
0.005603591361877214,0.0053397733350254994,0.005572800730082927,0.005455859285517173
0.005630778357215593,0.005341557302739108,0.0056420024760898135,0.0054431371719274035
0.005682493275471781,0.005350443356362589,0.005678991116122023,0.005480233121087363
0.0057330818601159725,0.005341301226983064,0.005661991174457315,0.005550507696353568
0.005758609326500956,0.005295701917920281,0.005591511093736956,0.005622649405079783
0.0057461298773441374,0.005210704605401184,0.005489598025225639,0.005662528735203454
0.005698197991586967,0.005101340361120088,0.005390496447629678,0.005646585816126204
0.005630975251702461,0.004995526443243359,0.00532656604076559,0.005571371180038476
0.005566939519070502,0.004923279793688451,0.005315173409471852,0.005455326679880357
0.005525376317084052,0.004904515970268752,0.005351818972016031,0.005331973258396627
0.005514639674146671,0.004940408624280468,0.005412193959000444,0.005237123525114018
0.005529307201110556,0.0050119366825916445,0.00546223324924755,0.005195157077784063
0.005553217276231426,0.005086389541743924,0.0054720097617456664,0.005209793731536239
0.005566885065613036,0.005129387887367415,0.0054278019437278835,0.00526300304894356
0.005556001178884218,0.005117718142668981,0.0053374559064046645,0.00532242134035027
0.005517362967158268,0.005047901198865418,0.005226920958409931,0.005354235692061171
0.005459794764187342,0.004937088141563684,0.00512943210946154,0.0053363262463933525
0.005399836656354684,0.00481593060059371,0.005071785829020736,0.00526641372287634
0.005354251878196659,0.004716279800812111,0.005063308578693471,0.005162050657813222
0.0053327413526502165,0.004658630418369794,0.0050919982604926695,0.005052658176681546
0.005334090689490978,0.0046443094192507445,0.005129394906529833,0.0049670597676227946
0.005347393518870314,0.004655483890673287,0.005142201335765373,0.004921762040856537
0.005357694959864823,0.004662906891892124,0.005105956515406157,0.004914842194085223
0.0053533944817296675,0.0046382131511212565,0.005015251448227009,0.004927891090125147
0.005331928632079985,0.004565769792351959,0.00488638033775729,0.0049350364931721735
0.005300999015077856,0.004449302552075346,0.004751355956784456,0.004915064386940143
0.00527461419255959,0.004310655455762813,0.004645656393137319,0.004861330459059732
0.005265609673661631,0.004181226048614206,0.00459453390964364,0.004785077026353057
0.005278037956526593,0.00408955716455528,0.00460323781043321,0.004710574130659173
0.005303085093853466,0.0040500778815926175,0.004654904969607937,0.004664026204871552
0.005320793920251254,0.004057476082507561,0.00471682521025063,0.004660949447231798
0.005307392849897341,0.004088880716832277,0.004752528645069476,0.004697546794720633
0.005245482935947149,0.004112883036620274,0.004734960704989966,0.004750096526414303
0.005132836348055642,0.00410171170190865,0.00465573938097022,0.0047831043577781646
0.004985814010908612,0.004041683292370923,0.004527177393161719,0.004763269851353169
0.004835403845901087,0.003937834135092522,0.004376667748016483,0.004673719327353221
0.0047168554609329505,0.0038110520672245407,0.004235977671530777,0.004522573326095375
0.00465663397067579,0.003689065768671451,0.004129806730113761,0.00434197415416071
0.0046617698422826565,0.0035950764499561583,0.004067972636024264,0.004177426723120825
0.004716012247256332,0.0035386639276697718,0.0040438766210498245,0.004071229394259024
0.004784686181172303,0.003512557043987785,0.004039243116662483,0.00404630111809573
0.004826762003197704,0.0034963901773907846,0.0040326484091413595,0.004096785771438127
0.004809721380500093,0.0034657062711198616,0.004008048500757255,0.0041893415136005085
0.0047215501994994635,0.0034023835709567907,0.003959855996469863,0.004274932031425482
0.004575165125475622,0.0033021872075304493,0.003892864426164766,0.004306822611771843
0.0044034526322523915,0.003176433349131036,0.003817662613586126,0.0042579775936206765
0.004246756502721993,0.003047235191638964,0.0037440928226659675,0.004131172330333832
0.004137638852124925,0.002938433394837875,0.0036759831974990664,0.003957861618981651
0.004088849396497118,0.002866017942380533,0.0036095877344963223,0.0037861456849891395
0.0040891951458515985,0.0028319497656481285,0.0035363040950202596,0.0036623761969518664
0.004108877817672663,0.0028237893972382078,0.003448174925547165,0.0036134097171863777
0.004112095380894187,0.0028200958611581672,0.0033433466918689203,0.003636280677525805
0.004071799334105175,0.0027992030350077676,0.0032286573198687107,0.003699220876092979
0.0039806387649201636,0.002747680847395219,0.0031178492601719454,0.0037536053519328094
0.003853668463973836,0.002665050770729111,0.0030259631394891073,0.003752242816109641
0.0037217423195293198,0.0025629942881160647,0.0029623316480246464,0.0036670567051531044
0.00361831146204028,0.0024596343028694956,0.0029254106261159263,0.003499515515455187
0.003565059609606791,0.0023714880673236516,0.00290205196426091,0.003280012978853275
0.003562323606050355,0.002306553598048877,0.002871972751069568,0.0030566379844490787
0.00358833636481809,0.0022613741783710506,0.002815883646613948,0.0028777580461765706
0.0036077480329896883,0.002223133372868641,0.002724001105275556,0.002775046807183601
0.0035860715521207065,0.0021756593973862592,0.0026012685468817416,0.0027532141065362836
0.0035042103805007496,0.0021065966328822627,0.002466783278187539,0.0027899608949573385
0.0033670872241048366,0.0020126083816552898,0.0023472335324389235,0.002845702522883839
0.0032026880553102655,0.0019004423916437752,0.0022666583360391734,0.002878950777823734
0.0030516637831494164,0.0017835655898652547,0.0022365009597578728,0.0028613084149339517
0.0029514608031456224,0.001676021656559279,0.0022500081092907964,0.0027864869781278126
0.0029212336253357507,0.0015863343730150303,0.0022834430489225566,0.002670332719560943
0.0029535897448665083,0.001514174375113364,0.002303932342036741,0.002542448054967089
0.0030165837293104347,0.001451195449801601,0.0022811083636290197,0.002433184037881689
0.003065347001130564,0.0013855271286815074,0.0021981258105247536,0.0023613349262661676
0.003058913494079149,0.0013077456392422415,0.0020577844694756875,0.002327265907208914
0.0029757090278633193,0.001215481884546843,0.001881349772017149,0.0023137970769087912
0.002821657728400614,0.0011144640781011184,0.00170050185036974,0.002293992730757699
0.002627739464428437,0.0010154540664107925,0.0015455334940464582,0.0022423558878741368
0.0024379695210218905,0.0009284783319003509,0.0014343800632365955,0.0021448188130020474
0.002292525093739478,0.0008570967102220495,0.0013667118579746562,0.002003699222867139
0.002212625354426262,0.0007955638587647251,0.0013252926417969269,0.0018360347688530232
0.0021930419476572927,0.0007305261978895472,0.0012839208122749635,0.001666429619008869
0.0022050740035434446,0.0006468576602636777,0.001218679200060857,0.0015176267407558397
0.002208682377223964,0.0005352570807543588,0.001117957757893251,0.0014026646154745026
0.0021688865210730823,0.000398204513028938,0.0009872717324603264,0.0013215254007509225
0.0020699001262849404,0.00025131537093703304,0.000847032401031178,0.0012631322802412748
0.0019214441045927177,0.00011892941085406283,0.0007242640385661803,0.0012113243031067755
0.0017548209009882187,2.5216220275875445e-05,0.0006416546283209423,0.0011519590944216174
0.0016103950955407287,-1.5855912651047133e-05,0.0006083286950062661,0.0010781244898680487
0.0015214866391261572,-7.568022180770573e-06,0.000615963713114509,0.000991549956508464
0.0015010279044272434,2.8680558521176035e-05,0.0006416797059639601,0.0009001278889926856
0.0015361642269319797,5.955474749681777e-05,0.0006564242762858996,0.0008131471064786178
0.0015927934783386277,5.106729974258678e-05,0.0006354494108914421,0.0007366777066974417
0.0016281344024174915,-1.916189487065345e-05,0.0005667682744419367,0.0006712184725979897
0.0016063376700118925,-0.00015339855836551952,0.0004544319321146406,0.0006124503884059052
0.0015110992375000354,-0.0003324874898811836,0.00031564122247999815,0.0005543686636321765
0.0013505679223935751,-0.0005224877854304311,0.00017318819135631047,0.0004929372953427213
0.0011529706144596252,-0.0006869046950139512,4.6490243745374304e-05,0.00042824007325614755
0.0009550251285294076,-0.0007999398973643768,-5.515223648371384e-05,0.0003639454332199643
0.0007879202915934691,-0.0008557156113490616,-0.0001345699405452868,0.0003043375991557684
0.0006663781953495929,-0.0008699454181529953,-0.0002035983615786066,0.0002504928923254546
0.0005848540031339611,-0.0008734463927622116,-0.0002765505236669852,0.00019774491964753144
0.0005219338690249375,-0.0009000611194725505,-0.00036333743344252323,0.00013608399300485755
0.0004507097155584394,-0.0009737206294296863,-0.00046523712407653406,5.377065563342068e-05
0.00035065825238458914,-0.0010996659327145442,-0.0005749840145333474,-5.717477541661298e-05
0.00021618578388341025,-0.0012631445038329137,-0.0006808589062309578,-0.00019605386820738258
5.8584902293434826e-05,-0.0014358973999204494,-0.0007726910347702343,-0.00035162808983352223
-9.903863760679643e-05,-0.0015876642284403109,-0.0008469025457770452,-0.0005046676769110969
-0.00023145902512414218,-0.00169799955576716,-0.0009082512414181343,-0.000634399397213159
-0.00032149650888348147,-0.0017636836823877733,-0.0009675008638877491,-0.0007265316487683471
-0.0003665378007964414,-0.0017989047994125262,-0.0010361535483485174,-0.0007795979232451955
-0.00037898844975944174,-0.0018283941566794026,-0.001120759523740411,-0.0008067715134371378
-0.0003808247010752691,-0.0018765694081964712,-0.0012195526657106104,-0.0008319778779029008
-0.00039479052793961467,-0.0019573067238869424,-0.0013231326875156602,-0.0008814252644085419
-0.000435986880818251,-0.002068591374552342,-0.001419070836733538,-0.0009736467047247177
-0.000507193509059839,-0.0021941665453921178,-0.0014984695742198961,-0.0011119456106158943
-0.0005995075241070069,-0.00231131653164221,-0.0015614869712327617,-0.0012823693929411295
-0.0006975863052217923,-0.0024013377061712915,-0.0016191251076759783,-0.001458250404095085
-0.0007869394439564692,-0.00245814858501478,-0.001690096245928141,-0.0016097617448093682
-0.0008600745694087863,-0.002491323640182258,-0.001793699417562078,-0.0017148868728687483
-0.0009190611576047614,-0.0025222441999029344,-0.0019414605457327982,-0.0017675533385704822
-0.0009738180704271238,-0.00257502028145859,-0.002131010866883609,-0.0017797335216723775
-0.0010373327764963136,-0.0026660921297354534,-0.002344949302338528,-0.001776675424798646
-0.0011202332853450514,-0.0027970077305421517,-0.0025555118651265363,-0.001787154152999848
-0.0012271577400322364,-0.002953533863071914,-0.0027335256788896256,-0.0018326217500228559
-0.0013562627253104198,-0.003111551520799955,-0.002858325021412006,-0.0019195598989127372
-0.001501557646087115,-0.0032472570127256017,-0.002924813880717747,-0.0020380190249687513
-0.0016563659741221648,-0.0033472902586030168,-0.002944906051119911,-0.0021667893694222173
-0.001815767078610142,-0.0034143712121208203,-0.002942757173686028,-0.0022829327744259
-0.001976576822205256,-0.003465892573634319,-0.0029456453750250494,-0.0023716289569670757
-0.002134929238189809,-0.0035259270462047743,-0.002974064795187026,-0.002432195968929851
-0.0022830675640954645,-0.003613992768503188,-0.0030348713772365143,-0.0024777778007421813
-0.0024077288974480027,-0.003735439644274835,-0.003120051106890842,-0.0025288805383141544
-0.002492036250495988,-0.0038777838222219807,-0.0032113900981969624,-0.0026035642802982317
-0.0025212023002103012,-0.00401489674242847,-0.0032889549627132426,-0.002708559101765401
-0.0024902804660080213,-0.004117624478763904,-0.003339810895569728,-0.0028352432336115688
-0.0024106443731326532,-0.0041665626179438475,-0.0033634105996263874,-0.0029624159245859247
-0.002311670102417729,-0.0041615709567558445,-0.003371556841847534,-0.0030649339942290035
-0.002235531634044774,-0.004123727735954041,-0.003383145741252813,-0.0031247471088949597
-0.002225669560660559,-0.004088410310307988,-0.003416066918197652,-0.0031397287935664153
-0.002312329860722967,-0.004091865560351293,-0.0034797674641347254,-0.003126458695905693
-0.0025003701670256173,-0.004156488113839618,-0.0035716210958572636,-0.0031154867126035185
-0.0027643939736590184,-0.0042808366019628785,-0.003678557546258898,-0.003140648059711537
-0.0030540361369354938,-0.004438771132149466,-0.0037831313378146325,-0.0032264610146148787
-0.0033085934288744605,-0.004588572515797251,-0.0038713175340993056,-0.003378509617786074
-0.003476520195070649,-0.004688878629827697,-0.003938617492422303,-0.0035806193223520133
-0.0035330666550362974,-0.004715368371680517,-0.003991831111070376,-0.0038000025846268715
-0.0034895291182322763,-0.004671556360665352,-0.00404576102533849,-0.003998440657667052
-0.003390298736533584,-0.004589138526394643,-0.0041163304672930945,-0.004145231250757442
-0.0032982282155703257,-0.004517299103594857,-0.004213161467807813,-0.004227006264344746
-0.00327318583421371,-0.004504722738050082,-0.004334896103449448,-0.004250846359236504
-0.003351352940578367,-0.004581038890472705,-0.004469345840932837,-0.004239832183765335
-0.0035327472333602505,-0.004744846675583836,-0.004598438081294787,-0.004223157581292658
-0.003781560696414221,-0.004963105964645859,-0.004705811211325128,-0.004224973614773142
-0.004039224346053805,-0.00518240949679033,-0.004783714336885236,-0.004256424488132571
-0.00424540580301877,-0.005348108688439893,-0.004836128254273042,-0.004313803283512441
-0.004359209245179574,-0.005424215428872295,-0.0048766465401309245,-0.004383079604542706
-0.004372820169203873,-0.0054066379220784125,-0.004921952621756154,-0.0044483779583659455
-0.004312743152798892,-0.005324784911316188,-0.004983708494900346,-0.004500437009439362
-0.0042285051189124845,-0.005230940506937949,-0.005062461521047806,-0.004541282192106588
-0.004173415306440775,-0.0051813906961557694,-0.005146404774646146,-0.004583168917229874
-0.004184865244103275,-0.005216318573583172,-0.005215790463465708,-0.004642479126330451
-0.004271616056540306,-0.005345835403730223,-0.005251346064340273,-0.0047315228211480265
-0.004412608571850218,-0.0055470859000564254,-0.005243228642496614,-0.004852115276680918
-0.004567226385496781,-0.005773138409209511,-0.005196674808578702,-0.0049939705686502245
-0.004692482532839326,-0.005969997973017782,-0.0051317637719202405,-0.005138741869127883
-0.004760047539224321,-0.006095233418643153,-0.00507711274667693,-0.005267929270252991
-0.0047663701014238335,-0.006131424577594913,-0.0050598709451478326,-0.005371035086826112
-0.00473217281220506,-0.006089924586428569,-0.005095989441736649,-0.005450120250503759
-0.004692061122835878,-0.006004307268996367,-0.005184714096971306,-0.005518448317442297
-0.004679028466424595,-0.0059167620002259225,-0.0053095570937783665,-0.005593560220000661
-0.0047106241065144605,-0.0058630962856190405,-0.005445336344650234,-0.0056877465872966744
-0.004782679856955546,-0.0058620519217802425,-0.005568346015027537,-0.005800290873240917
-0.004873152990945789,-0.005912448796618286,-0.005665410974999618,-0.0059153532436391695
-0.004954239935890059,-0.005998246106687033,-0.005738058647235922,-0.006007073858366907
-0.005007295102694209,-0.006098409961787732,-0.005800133328555002,-0.006050310383099597
-0.00503377971237054,-0.006196796957401718,-0.005870006946523565,-0.006032733108907354
-0.005057044083891689,-0.006287718919866847,-0.0059608995230702455,-0.005962992393834021
-0.005113593666129533,-0.006375143708556519,-0.006073683487352793,-0.005870895111918295
-0.005237030722975232,-0.006466548995529786,-0.006195504184406397,-0.005798598501028318
-0.005441210505630692,-0.006564924032629205,-0.006305014260752195,-0.005785559992513872
-0.0057098712093670845,-0.0066632367828355354,-0.006382060410458412,-0.005852835251069388
-0.005997712435478225,-0.006744512421230919,-0.006417561305955721,-0.0059930453328749245
-0.006243454414244662,-0.006788033642308566,-0.006419026889240509,-0.006170511031839521
-0.006390558137763763,-0.006779236838674124,-0.006408888433060866,-0.006332286431456224
-0.0064079793904038285,-0.00671893863387904,-0.006415867026812405,-0.006426548828860512
-0.0063029415354576845,-0.006627462185643335,-0.006462727840203353,-0.006421721659356949
-0.006120474628476258,-0.00654112423584316,-0.006555589806328699,-0.006319106228790006
-0.005929362988912473,-0.006501638125465059,-0.006679626689626128,-0.006154008145966283
-0.005799291396055201,-0.0065420061971025595,-0.006803537285240802,-0.005984579837349013
-0.00577738098636113,-0.0066741463657856714,-0.006891526021596706,-0.0058722465003473445
-0.005872626404465564,-0.006883091056887919,-0.006918217753511147,-0.005860824929094677
-0.006053846846958311,-0.007130230154267243,-0.006880367297237788,-0.00596199222457422
-0.006261755669771274,-0.007364668129196856,-0.006800176458917728,-0.0061523720989681285
-0.006430557848538465,-0.007538685086354434,-0.0067182332796228705,-0.006383096005569994
-0.00651107976767934,-0.007621764134531708,-0.006678312580461726,-0.0065979836743076115
-0.006487085110244151,-0.0076082774164901446,-0.006709806477791236,-0.006753314097148133
-0.006379201664772793,-0.007516441217167699,-0.0068148782731265595,-0.006831752556532011
-0.0062356432103714,-0.007379528379291012,-0.006965889386789104,-0.0068454873574821384
-0.006113790047284906,-0.007233201023417013,-0.007114732949913952,-0.006827985820933802
-0.0060598334858879,-0.007104060809094981,-0.007210919876212224,-0.006818242942397079
-0.006093970245219654,-0.007003658301700327,-0.007221531465249207,-0.006844187013178182
-0.006206078644452218,-0.006929671742239768,-0.007145055529583914,-0.00691194211370226
-0.006362545461991387,-0.006872854233038517,-0.007013227673956388,-0.0070049766985784065
-0.006520681051789434,-0.006825971120973884,-0.006879588364898256,-0.00709294007656644
-0.006644603416378264,-0.006790289184506554,-0.006798780970686619,-0.007145973613913864
-0.006716485387874366,-0.006776480487717174,-0.006804532158301346,-0.007148136602676125
-0.0067394668918414335,-0.006799475693424484,-0.006895133800613712,-0.0071041671252337485
-0.0067322084850151565,-0.006869672125061954,-0.007032609970463927,-0.007036817960467255
-0.006718425201698824,-0.006984714941333625,-0.007156526424489995,-0.00697615829755055
-0.006716430781091576,-0.007126018547627233,-0.007207579430439509,-0.006945736939662994
-0.0067331509904816345,-0.007262267455979687,-0.007151989370338868,-0.006951864326776844
-0.006764623057854968,-0.007359125949062961,-0.006997020847618107,-0.006980903074235961
-0.006801855169479747,-0.0073915685987923085,-0.00679105280126302,-0.007005936563542675
-0.006838494710300111,-0.007353840643204074,-0.006607430800765812,-0.007000014735974919
-0.006876097631079464,-0.007262720417779367,-0.006517649268185655,-0.006950153583561491
-0.0069241417383372195,-0.007152282245067004,-0.006563773788319627,-0.0068657220969220445
-0.006994621641627952,-0.007061756299611477,-0.006740665634946075,-0.006777080120531687
-0.007093844903795693,-0.007020969235149943,-0.006995162793380638,-0.006724443163292293
-0.007215624815207489,-0.007039016471252657,-0.007243126958005497,-0.0067412295686242185
-0.007339680259037196,-0.007100730830100738,-0.0073985296309074244,-0.006838760131799709
-0.0074368286701649855,-0.007172548492878211,-0.007404095391620208,-0.00699895752034102
-0.0074794485446029735,-0.007215680981354083,-0.00725225256832554,-0.007178630869511593
-0.007453073027673618,-0.007201550120784814,-0.006988594647899915,-0.0073242289335135324
-0.007364061375053799,-0.0071234315656561464,-0.0066964527404850815,-0.007391529246881218
-0.007239577689249016,-0.006999624403258471,-0.006468117052843503,-0.007362463381923812
-0.007119137077574805,-0.006866717447812247,-0.006373114912855027,-0.007252176005594468
-0.007040528472502694,-0.006765399257796036,-0.00643493887706334,-0.007103201079974308
-0.00702548638458933,-0.006724238158424526,-0.00662438735587545,-0.006968823783781997
-0.007070918464291698,-0.006747758200058653,-0.006871494394000199,-0.006892170482761972
-0.007149520655395869,-0.00681358177682647,-0.0070912424037378186,-0.006889459663516367
-0.007219953370104726,-0.006879982490282696,-0.007213410141389889,-0.006944305045352067
-0.007242869278007796,-0.0069012073987007455,-0.0072057581403714155,-0.007015539059513659
-0.007196576608420352,-0.006844919182240311,-0.007082609326587053,-0.007055477930924509
-0.007086069461557543,-0.0067052313372268635,-0.006896540020134463,-0.007031145104974795
-0.006941652403824938,-0.006506396088353988,-0.0067171378795170995,-0.006939558947838889
-0.006807477631960129,-0.006295644541552264,-0.0066052550360327315,-0.006810435140026369
-0.006724369489298165,-0.006127663029695279,-0.006592301118933899,-0.006694723946531811
-0.006713683452218566,-0.006046222702181747,-0.006671640322514105,-0.0066432809468779455
-0.006768641943692089,-0.006069450577569219,-0.006804215746402373,-0.006684253656677207
-0.006856688608977701,-0.006183825982906399,-0.006935136594191954,-0.006808643356195418
-0.006932043658940651,-0.006348786419377445,-0.007014199008119323,-0.006970507472700255
-0.006953568937074814,-0.006510057995902374,-0.007012489287442553,-0.007102511006535063
-0.006900907786148852,-0.006616877430726004,-0.0069294364595779145,-0.0071412819827980645
-0.006782528065838109,-0.0066371720968289305,-0.006788847521575825,-0.007052805362698852
-0.006632512140440826,-0.006565810029135255,-0.006626794249599083,-0.006847673752722036
-0.006497416365857149,-0.006423720344811812,-0.006477009420653601,-0.006579679604419117
-0.006418460837810657,-0.00624894529606862,-0.006359722950990437,-0.006327621391338439
-0.00641612136383304,-0.006083312746724384,-0.006277744271228902,-0.006166819388740391
-0.006483156183221081,-0.005959528445994622,-0.006220163840661652,-0.006141060991122299
-0.006588644190212413,-0.005892822187199359,-0.0061708471059942205,-0.006245792153341534
-0.006691153875351782,-0.005879251729515145,-0.0061172533972593535,-0.006429223827665476
-0.006755519144212047,-0.005900242408209078,-0.006055591520869125,-0.006611196728845858
-0.006766344657012535,-0.005930879421034735,-0.005990527306852761,-0.006712792968966763
-0.006732830616724111,-0.005948558537213766,-0.0059304592342251106,-0.006685489410446693
-0.006683167781454058,-0.005939021335894551,-0.00588145131590434,-0.006528779749627983
-0.006651083812794445,-0.005898220851699915,-0.005843332642234522,-0.006289621661520833
-0.006660331425504484,-0.005830223225611761,-0.005810117069811466,-0.006044071035319176
-0.0067136798012015775,-0.0057427548121053995,-0.005774476307220389,-0.005868308751733303
-0.006791002427216503,-0.005642589012247165,-0.005733719376470436,-0.005810271238090664
-0.006857184830667107,-0.00553264578940129,-0.005693726312262087,-0.005872710499153555
-0.006876431640299718,-0.005411715005604667,-0.0056680915756467665,-0.006013913911174035
-0.006826872421573704,-0.0052765724673985714,-0.0056720340632843425,-0.006165348853494956
-0.006709274180983271,-0.005125379709503233,-0.005713378903842048,-0.006258925044249158
-0.006546204067195971,-0.004960907377318427,-0.005784799841400068,-0.006252972959234937
-0.006372081201028279,-0.004792315133931538,-0.005861549930240281,-0.006146801054118578
-0.006218479887881878,-0.004634781482917086,-0.0059069200527527566,-0.00597845447092718
-0.006101124362557053,-0.004506952797137337,-0.005884388729337581,-0.005807104463587925
-0.006014337830344635,-0.0044267647074603955,-0.005772240685996535,-0.005687607347914597
-0.005935522224661177,-0.004406580657015935,-0.005574772695193478,-0.00564775026830551
-0.005837865506637535,-0.004448786019747214,-0.005324937536079849,-0.0056773962975653625
-0.0057057496241093575,-0.004542996670297228,-0.005076281317810738,-0.005733734323869054
-0.0055458791730249035,-0.0046658817710762135,-0.004886200272318113,-0.005760195607340382
-0.0053886652191677265,-0.004784210369725483,-0.00479620988098213,-0.005711025350669502
-0.0052783458396732374,-0.0048610640566250085,-0.004816527393514569,-0.005571244944021406
-0.00525513057962014,-0.004864258533601645,-0.004921040226980547,-0.005363698135307474
-0.005336334318223918,-0.004775085664876555,-0.005055024472559871,-0.005140219561669074
-0.005504431128669482,-0.004594865335175419,-0.005153178890927895,-0.0049605048744739005
-0.005707689847606154,-0.004346851922018252,-0.005161534929968903,-0.004867331129057725
-0.005874337724839938,-0.004071991773610978,-0.005055214130109759,-0.004868314135329635
-0.005935846667773477,-0.0038187798898534353,-0.004845518819259403,-0.0049317744947007525
-0.005851073447238817,-0.003629547354732532,-0.004573911715025303,-0.004998579449883023
-0.005622202642266559,-0.003527189134785169,-0.00429547819586662,-0.005005346249008169
-0.005296148345737425,-0.0035068662452657773,-0.0040584743065938955,-0.0049097581364713205
-0.004950308549533128,-0.003536148288013602,-0.0038879423733773066,-0.004707830356063314
-0.004667364247801314,-0.003564524353844828,-0.00377957399935841,-0.004436141115747277
-0.0045079545312232405,-0.0035399408603975224,-0.0037057513229373507,-0.004158033327685079
-0.0044909385852539285,-0.0034271791690825004,-0.003630730191972742,-0.003939190387597075
-0.00458822114308427,-0.00322162644619417,-0.0035282658372427778,-0.003822229331609611
-0.004735801297701209,-0.0029530164444906415,-0.0033941129852606,-0.0038103460396446687
-0.004856820628066749,-0.002676905862113471,-0.003248102885642895,-0.0038664448122268935
-0.004888148980083107,-0.002456020188218014,-0.003124962813562948,-0.0039280396736854906
-0.00480101218948914,-0.0023375871735790976,-0.003057846518044083,-0.003931984033993835
-0.004608647364840179,-0.0023347976840656995,-0.003061689255985378,-0.0038392435003908043
-0.004358939145420515,-0.0024196269927688058,-0.0031236714393065856,-0.003649979234374573
-0.00411550251711687,-0.002530506053980957,-0.003205182654586858,-0.003403102204415198
-0.0039346515090569745,-0.0025929622541794595,-0.0032549071984225297,-0.003160615805110817
-0.003846711159160132,-0.002546300184402925,-0.0032279759699177513,-0.0029830308138363015
-0.0038479630420824307,-0.0023666414729752727,-0.0031034948694589337,-0.002905564072739092
-0.003905161220658815,-0.0020774164325945282,-0.002893280252951644,-0.0029244073460286124
-0.003969800717519872,-0.0017426393665138928,-0.0026381194323313872,-0.0029983009587949694
-0.003996002237257795,-0.001444589210656294,-0.0023929086195547955,-0.0030646168897196513
-0.003955162566398718,-0.001253553191195217,-0.00220653159440503,-0.003063542796343466
-0.003842483427645843,-0.001200726105009861,-0.0021044645021561156,-0.0029609436428651437
-0.003674145062818157,-0.0012647187887320777,-0.002080941533993144,-0.0027611756435687446
-0.003477643783268952,-0.0013774446936947737,-0.0021035629449325383,-0.0025051734680749255
-0.0032801504992716335,-0.0014480243472295706,-0.0021281070008180025,-0.0022548651819322557
-0.003099844886994857,-0.0013964048687774011,-0.00211714790283353,-0.002070122609775217
-0.002943200731993806,-0.0011843214769008958,-0.0020546157904495627,-0.001987061520322693
-0.0028081666516679704,-0.0008317265219278391,-0.0019502757827956907,-0.00200566105277572
-0.002690506146566962,-0.00041188068988429194,-0.00183247992519113,-0.002090845146419759
-0.0025893927755551993,-2.6173950429225767e-05,-0.0017326171557498493,-0.0021859651366164523
-0.002509127635733077,0.00023250017033504822,-0.0016683038965967512,-0.0022331028075257553
-0.002456095184772078,0.0003143397023874783,-0.001632967893610504,-0.0021924643898887097
-0.0024326848123996728,0.00023206416682433617,-0.0015967825186701812,-0.0020540298979329907
-0.0024316283898268842,5.741460753530547e-05,-0.0015190077875392172,-0.0018380077984332943
-0.0024342171676270397,-0.0001045499407216488,-0.0013667422263878848,-0.0015850394676833607
-0.002414140352239122,-0.00015418571097033928,-0.0011320444126759754,-0.0013407331617072415
-0.002346013034088823,-3.4685998519967676e-05,-0.0008396981204132625,-0.0011406521850960694
-0.0022152671759424203,0.0002459770360272451,-0.0005415340815754233,-0.0010009424659047361
-0.0020250987844313423,0.0006171881964108783,-0.00029874477929059395,-0.000916989774897542
-0.0017971137726329744,0.000971544151092657,-0.00015876773313433512,-0.0008691594108117817
-0.001564849095174875,0.0012050803330045795,-0.0001359013852656188,-0.000832190756984541
-0.001362391755280537,0.0012569302714439817,-0.00020369919459417574,-0.0007840914245327846
-0.0012125365895888363,0.001133466978125816,-0.00030271791772779055,-0.0007114595985533156
-0.0011192968662215308,0.0009076294864583251,-0.0003611280577624776,-0.000610331677448922
-0.0010678752491818377,0.0006933734687869508,-0.00032047967780027276,-0.00048378281371952436
-0.0010320925627126387,0.0006045296429156299,-0.0001567056697309166,-0.0003386216745217274
-0.0009860747343587994,0.0007132614002087062,0.000111806056164232,-0.0001832223597569571
-0.0009151131084134123,0.0010235246981985732,0.00043218098957123474,-2.716031297431143e-05
-0.0008209096955519857,0.0014693508502707647,0.0007378233685072372,0.00011827447193787921
-0.0007188386445130812,0.0019385060931669598,0.0009736579944066986,0.00024048728061368263
-0.0006284055244812625,0.0023126439661219356,0.0011158040331179508,0.00032832970152782415
-0.0005612399613122154,0.0025090278835553093,0.0011779875633886744,0.00037711785671643017
-0.0005123004528327924,0.0025085205185593623,0.0012024824151008195,0.00039401587815283967
-0.0004588225499144172,0.0023599004103074805,0.0012397440924141606,0.00040075308752912653
-0.00036828379591141713,0.002159569976682277,0.0013255445668103466,0.0004309907560706705
-0.00021261370505062938,0.0020148939418002665,0.0014653956922796724,0.0005215799728753162
1.7220558499508876e-05,0.002005267980587172,0.0016329349806648713,0.0006997588494067897
0.0003028551022862258,0.0021554049264785186,0.0017830039169060494,0.0009707849451553868
0.0006008930498569154,0.002430220523375687,0.0018738323799880885,0.0013113416145796378
0.0008562609118572678,0.002752195227036014,0.001888698145625367,0.0016726323255915956
0.0010221467804769901,0.0030335397332826863,0.0018473960134287037,0.001993678642945959
0.001078930676886719,0.003210192087232111,0.0018019219729760866,0.002221186818913909
0.001044276664684013,0.003264570043713999,0.0018173390143853135,0.0023291450957477824
0.0009695430155254314,0.0032289632977830496,0.0019451569965552307,0.0023305378184283465
0.0009228460731364324,0.0031693672468658396,0.0022000657572729537,0.0022758082838183202
0.0009644918955821827,0.0031572225620164485,0.0025499691807780167,0.002237347651678906
0.0011238908992813323,0.003240916871055488,0.0029242213960316565,0.002284655003577815
0.0013870178436374767,0.0034283975332971006,0.003237725828309612,0.002458792746332955
0.0016998256098372314,0.0036872128395802894,0.00342203105145647,0.0027556523595792387
0.0019870609727975566,0.0039609242158870905,0.0034514251694210685,0.003124786230459836
0.002179931669828647,0.004194181908526995,0.0033536469576324057,0.003485025747465037
0.00224240115931601,0.004355524794773885,0.003200648955076879,0.0037518260211053533
0.002186060921609584,0.004448383029798109,0.0030826056880135233,0.003866679185298205
0.00206759749296484,0.004506123376854632,0.003074979180930304,0.003817881206090834
0.0019693510102331835,0.004573957209786775,0.0032112690943423006,0.0036449476797355274
0.001969894012891188,0.004686168781531219,0.003471919115483585,0.0034249885019576043
0.0021154552092425283,0.004849049543208389,0.003793542443282616,0.0032460935003265357
0.0024028328079239852,0.005037348990838214,0.004094658442878929,0.0031776400568468144
0.002780210174889053,0.00520607640499797,0.00430767284002026,0.0032484976468056537
0.0031655981739718564,0.005312649124323415,0.0044044658094955225,0.0034409363201693965
0.003476038026181988,0.005339599471489362,0.004405621395026371,0.003701881257277384
0.0036567274751133083,0.00530740531543698,0.004369960944701268,0.0039664261437773185
0.003699387875550214,0.005270866797049599,0.004368962352713335,0.004183890402958967
0.00364337719188243,0.0052992952937118976,0.004456667186913996,0.004336008588709361
0.0035596248729657387,0.005447808619067768,0.00464737993443895,0.0044403235867025714
0.003523868789618162,0.005731294038282209,0.004910176594300569,0.004538078618598784
0.0035894633515006213,0.006112233278149644,0.005182313041951728,0.004672314737621613
0.00376980869980445,0.006508567664749013,0.005395879777995813,0.0048658534635800665
0.004036413883453882,0.006820005987783734,0.005506639546619493,0.005108751482535465
0.004332422555477805,0.006963702703728342,0.005513106732649039,0.005360703161514491
0.004595562710486112,0.006906073834280865,0.005457935555420984,0.0055674493069831354
0.004781203541782408,0.006678426397553547,0.005410941325271333,0.005684208147704518
0.004876697984825207,0.006369825681812422,0.005440624674074482,0.005696022260324632
0.004902116183504571,0.006099065040400836,0.005585822741593242,0.005626061689924411
0.004898139238807733,0.0059754970639906285,0.005839128933013943,0.005527913178556849
0.004906953822581606,0.006062773225949794,0.006148987221814291,0.005464670601934431
0.004954453683132895,0.006358544014312961,0.006439797376671275,0.005483383237146006
0.005041022295105932,0.00679725963670702,0.006642039000627875,0.005595660145720244
0.005144202693162826,0.007274649887386464,0.006720314377710812,0.00577293419292077
0.005231400719646555,0.007684529382137872,0.006687994375461234,0.005958906177666604
0.005276598693090752,0.00795427965156209,0.006602512271741495,0.006094439877161677
0.005273586469289729,0.008066274919819427,0.00654311452428212,0.006144683445507518
0.005239983304983958,0.008058187668119166,0.0065799014879086015,0.0061168247648678425
0.005210493035250327,0.008003257101077216,0.006746440302525372,0.006060365290397482
0.00522257599901179,0.007979049177322589,0.007026732197246394,0.0060488340924021305
0.00530099153081795,0.008037153093316735,0.007361505883450095,0.006149650410467708
0.0054480760944269485,0.00818526195495349,0.0076710695245471305,0.006394162607794296
0.005644022177598573,0.008387737539358411,0.007885431605469978,0.00676044051980354
0.0058569539613996385,0.008583297061712764,0.00796971810674052,0.007176765017728848
0.006058204018176708,0.008711869658142468,0.007935101974496206,0.007545650306785209
0.0062358013889033115,0.008739491877462105,0.007831553527693658,0.007779841181322675
0.006399858043067433,0.008671452647567912,0.007726162993359126,0.007836462014279025
0.006577045977003773,0.008549043497646652,0.0076765010996653615,0.007735607410796486
0.006796221487940721,0.008432024579576383,0.007710142921134172,0.007555297093500793
0.007071388107374593,0.008374529378491636,0.007818464384351742,0.0074037857497556425
0.007389767806342887,0.008404407761756872,0.007966465551157445,0.007379196638249652
0.007710988738472549,0.008514171234564546,0.008113404981756597,0.007531752046468859
0.007978916916072568,0.008666657861038922,0.008234415631380776,0.007843299763686543
0.008142256527802094,0.008812437567566653,0.008332983175711378,0.008232469780821872
0.008175971227364895,0.008911336090124213,0.008438336190704596,0.008584029014342895
0.008094613772044373,0.008949092751975536,0.00858865541481462,0.008791615308309547
0.007951342423749938,0.008942513156468858,0.008807614702600858,0.00879771723359235
0.007821806612171037,0.008931439980334875,0.009085234578329215,0.008615659096241582
0.007778112019393241,0.008961324394103673,0.009372755008864402,0.008325165286931821
0.007862312558528567,0.009063890501516736,0.009595595393122885,0.008043195583764588
0.008069556884503531,0.009243893009682452,0.009680715269748223,0.007881227456994107
0.00834774856467363,0.009477183264844369,0.009588040468475938,0.007905307589437957
0.008614531837225214,0.009720482908493616,0.009332949714686359,0.008113993285128445
0.00878588276458056,0.009928468532628104,0.00898944470981157,0.008442240373039145
0.008806093583840935,0.010070963580030207,0.00867072461198868,0.008789158557603559
0.008668248709001576,0.010143293090416408,0.008492756450564846,0.009058339984570347
0.008417705261591031,0.01016595502554725,0.008533558201935493,0.009194783051414829
0.008137324114698648,0.010174305610641698,0.008803357608815732,0.00920408150228974
0.007919877670027609,0.010203006355486155,0.009237406603821358,0.009146811571358264
0.007837655396062317,0.010271879144121393,0.009715152973691299,0.009110990758130322
0.007920087729296785,0.01037886845612132,0.010099712701865549,0.009174126227001492
0.008146979597114426,0.010502541526759543,0.010283882898255492,0.00937029749908258
0.008458997667810338,0.01061244742634998,0.010226280231036528,0.009675421237517579
0.008780710546428372,0.010682478060399125,0.009964655812464224,0.010016323478877681
0.009047147457656966,0.010701431247927912,0.009601745035559536,0.010299579243616228
0.00922408122130624,0.01067656126498058,0.009269020013240176,0.010448184082340523
0.009315190874378418,0.010629207106839206,0.009081642338880966,0.010431158796782358
0.009354619992321636,0.010585089877046122,0.009100808074980954,0.010274298264860704
0.009389043833171754,0.010564016499714016,0.009316534523652359,0.010048130444755249
0.009457024200634045,0.010573620367445455,0.009656072870751875,0.009838509243299542
0.009573855050034275,0.01060954977732171,0.010013622210303469,0.009712293232298247
0.00972731067203092,0.010661274541449245,0.010289490607104226,0.009692401408170098
0.00988499415283714,0.01071995950520372,0.01042405233596265,0.00975246110588976
0.010009331824067227,0.010783934407132618,0.010414638119658731,0.0098329706904971
0.010073519963260225,0.010858612932649465,0.010310549180632733,0.00987181863222221
0.010071880696551447,0.010950667985048124,0.010189810183889952,0.009835887184979575
0.010020877120501884,0.011059456533978114,0.010127785321197957,0.009739871394597588
0.00995116196675018,0.011170548903112795,0.01016999945530768,0.009643655738443502
0.009894705936046175,0.011255754800575356,0.01031885384964841,0.009628518024627511
0.009872774875848186,0.011281295870985537,0.010537762710352755,0.009761433730126085
0.009889699049273767,0.011221870585155266,0.010769221768386829,0.01006212190076479
0.009934507908502171,0.01107503255968667,0.010958283255870664,0.010486933760906952
0.009988936891790312,0.010869168088471257,0.011071707434718199,0.010937341627843926
0.010037628062467635,0.010660160125093562,0.01110587215884639,0.011291100223127723
0.010075669226484993,0.010516059487856846,0.011081879350766061,0.011444971729902297
0.010110148940378663,0.01049413185999147,0.011031777644707981,0.011352924890496705
0.010155370183732665,0.010618410687447496,0.010983108927625496,0.01104499532328368
0.010224375753037127,0.010866650288149371,0.010948845225256854,0.010619114576469834
0.010321122861747606,0.011172770423571524,0.010926522918427536,0.010208441764842088
0.010437257130232656,0.011445390866458433,0.010905658248320058,0.00993608081342301
0.010555180238147138,0.011596910928309376,0.010878563123719626,0.009873884606262671
0.010656034411230295,0.011573211851456391,0.010848265088970424,0.010020454785977274
0.010728768787527328,0.01137327410150972,0.010828949044919253,0.010306075469905245
0.01077576794680389,0.011051274676351114,0.01083831409374629,0.010622058510597693
0.010811977325869455,0.010699936314708919,0.01088557310392417,0.01086282196306089
0.010857447065191612,0.010420726097694635,0.010961440748649076,0.010964497104531484
0.01092640821337399,0.010291334900003557,0.01103605241355303,0.010925639970593426
0.011017924293557468,0.010341836472440191,0.011067396010865482,0.010802905569342533
0.011112870647691474,0.010547638743423016,0.011017952085955837,0.010684389979110767
0.011179485061683113,0.01084106708863039,0.010873010001526712,0.010651875633522628
0.011186001073681229,0.011136585976139646,0.010652541497004925,0.010747141748235378
0.011115509977383212,0.01135989709678692,0.010410456615438851,0.01095541302187393
0.010976711205138281,0.011470234032243551,0.010219905357409714,0.01121189360769248
0.010805376213777168,0.011468350741336134,0.010149084823171589,0.01142809968787134
0.010654835091822176,0.011388601303585953,0.010236323665576488,0.011527043469560128
0.01057825450505158,0.01127971608556999,0.010474131610568857,0.011473194733994205
0.010609086625972416,0.011182925539595004,0.0108088772782403,0.011285642994783088
0.010747278894001594,0.01111644198815014,0.011156890196755392,0.011029842541255788
0.01095702403820513,0.011071999538037473,0.01143139528106163,0.010791855582921561
0.011177602248853447,0.011023690598015664,0.011570381985229423,0.010645696514795036
0.011343838308119844,0.010944082782903965,0.011555083359861718,0.010626648839954636
0.011408857361768443,0.010819753245046412,0.011412419554252429,0.010720544299381879
0.011360735565409855,0.01065906415226088,0.011201082889225951,0.010872304488212123
0.011226793653135989,0.01048881797987896,0.010987341118935241,0.011009359316680414
0.011063871427468674,0.010341634296171867,0.010820498932260655,0.011069974622870453
0.010938168667204429,0.0102401658370277,0.010717714016058547,0.011025176864256254
0.010902094171128737,0.010185732394041802,0.01066364665934361,0.010886197981498404
0.01097653666920595,0.010156950572580245,0.010624022485952804,0.010695656202501333
0.01114472138111608,0.01011935529718093,0.010566311882875348,0.010507340847690325
0.011359289464397918,0.010041875342893275,0.010477860835418629,0.010363752174141802
0.011559267267153964,0.009912645263226355,0.0103731566559419,0.010280820529494836
0.011690143316470336,0.009746583423425673,0.010286893249167983,0.010245576022455285
0.011719639662172855,0.009580576985607422,0.010255967404163908,0.010226671150280857
0.011644062883228716,0.009457593519903634,0.010298683106584057,0.010192143661520277
0.01148425987099324,0.009406223974058533,0.010400992013092428,0.01012597010727656
0.011274378254020022,0.009424727165241245,0.010516800307740978,0.010035912069667793
0.011049095172297022,0.00947731657713305,0.010583340776016692,0.00994935752795889
0.010834785917483523,0.009505575541006908,0.010545888886101668,0.009899391461998037
0.010647499646718342,0.009451427496582274,0.010381605539941344,0.009907745180859337
0.010496897037272638,0.009282733816260408,0.010112055039192408,0.009972653846576487
0.010392258371441237,0.009010714626451588,0.009798240051385979,0.010067421832960985
0.010345737004776513,0.008690996593470585,0.00951914422202152,0.010150658529892873
0.010369674842201249,0.008406343375565367,0.009341825543110027,0.01018383839149864
0.010468263884300388,0.008236600667680838,0.009295046734473983,0.01014840043532575
0.010627481209649015,0.008227039768692032,0.009357468187171009,0.010054571239538929
0.010809219759705571,0.008367677268814724,0.009465787593554376,0.00993753826866886
0.01095471856544633,0.008592498380335767,0.009540097854235513,0.009842075244914955
0.010998832667520969,0.00880006876155219,0.00951647660504551,0.009801885042831054
0.01089173226900883,0.008888633609277982,0.00937349193094078,0.009822528961066307
0.010620411907476507,0.008792812132230342,0.009141434271856985,0.009875662118923795
0.010220935188344327,0.008507886631545343,0.0088899517241188,0.009907781334130505
0.009774635989273722,0.008092059504123617,0.008698656411788408,0.009860641929987757
0.009387008212260989,0.007645330131586112,0.008622535834321862,0.009695430807464933
0.009154780962352727,0.007272649377161513,0.008666563942457864,0.009410852924774366
0.009132022400076517,0.007045204462757491,0.00878054821743636,0.009047385862806318
0.009307724136741996,0.0069745812706357505,0.008877183622372858,0.008675312018365772
0.009604205501399565,0.007009714176965304,0.008866716031979152,0.008370617434353772
0.009898688037729114,0.007057796188195159,0.008694468875042674,0.00818782044920656
0.010061972308988226,0.007021075658249679,0.00836579230789429,0.008140213463208257
0.010001464917534758,0.006835329776134186,0.007947621833999753,0.008195246149835037
0.009693516154116566,0.006495192332152969,0.007545065610958489,0.008286919553499389
0.009193227459384223,0.006056667386339809,0.007261613938045346,0.008340432503388
0.0086175967915883,0.005616052655385645,0.007158529871789752,0.008299576135204045
0.008107350088831775,0.005273628568923855,0.007229792347828813,0.00814640014506125
0.007780559603110693,0.005096262110726113,0.007403124006244641,0.00790584057992659
0.007694243593701008,0.0050932880689563975,0.007567356159632027,0.0076340005377827334
0.007827350078622647,0.005214642866257779,0.007615742409590537,0.00739517977506849
0.008090826986135155,0.005371427628087788,0.007488152727654587,0.007236990425387266
0.00836070760402488,0.005470378278118304,0.00719516683175854,0.007173315622598486
0.008521922435791585,0.005448542279747892,0.006814050954741399,0.00718137880715615
0.008506930187051918,0.005294775024423881,0.006457762206103612,0.007213293261310441
0.008315542209992387,0.005050230037723702,0.006229038252019287,0.007216606441566492
0.008009565359947991,0.0047885010714107945,0.006177870558968429,0.007154931294993561
0.007685315732011453,0.004584041590326715,0.006279614894435848,0.007020114587563353
0.007435089685225979,0.004481785080034717,0.006442958401250309,0.006831296897242378
0.007312341550123044,0.004479912183427581,0.006545070521781771,0.006621973167129952
0.0073133511813917584,0.004532012309067579,0.006480260324571718,0.006421325102000552
0.00738147686076529,0.004566908383364793,0.006202805005139561,0.006238500915636852
0.007431357993756327,0.004517444813215699,0.0057466666992882776,0.00605716938297024
0.007383034962581525,0.004346361418824565,0.005213856936635675,0.005843155746096618
0.007192650625240382,0.004059138179087471,0.004735685346875046,0.005562185266009684
0.006868288214867901,0.0036994848836988947,0.004422053427103501,0.005200154312593075
0.006465650714532062,0.0033304256745295135,0.004318903139056307,0.004776875163338773
0.006066162585443818,0.0030096196202412523,0.004390842584489296,0.004346564977192907
0.005746580973848808,0.002769357789423825,0.0045360070410882525,0.00398357234135982
0.005551909434693719,0.002608990276654989,0.004627321147182645,0.0037578597322072416
0.005481466600416179,0.0025016903327254904,0.004563676875992545,0.003709148617482061
0.0054923759183886645,0.00241109729437302,0.004310447541932258,0.003829594797874647
0.005517881662273683,0.0023092904101369265,0.00391292970303557,0.004061971638138151
0.00549250253105546,0.0021874720807704487,0.0034771307043971605,0.0043147041701947775
0.0053741155722774325,0.002054623085687768,0.0031254877609645376,0.00448889897235745
0.005155133412521357,0.0019254166297757724,0.002945320166928757,0.00450813276151045
0.004859889870822115,0.0018040708713084053,0.0029509311876500036,0.00434083528807655
0.004530990785293759,0.0016730790046053795,0.003074972444190669,0.004007903280558431
0.004211392218449461,0.0014937645335806882,0.0031930278413983826,0.003573554154139888
0.0039298376819332514,0.0012201546545553554,0.0031720102890058777,0.0031232811880109873
0.003694920097634613,0.0008211309327702532,0.002923260769145758,0.002736930984615908
0.003498696605795354,0.0003011676040754474,0.0024391300784350825,0.002465972263921524
0.0033264942601220066,-0.0002905504721019414,0.0017982152658945136,0.0023218061845499387
0.0031671749409988847,-0.0008687197893216259,0.0011368099358295136,0.0022775652567636005
0.0030186017304668494,-0.0013370823364170503,0.0005975805758240832,0.0022810732385220318
0.002885976144815658,-0.001621668675192367,0.0002756147864714231,0.002273271848800891
0.0027746117984706054,-0.001699344805504599,0.00018312240115492262,0.0022055166934563386
0.0026816921476873826,-0.0016097271433210825,0.00024671815361410054,0.0020506916678698223
0.0025922040853071024,-0.0014444520704607888,0.000338284596543198,0.0018061287089575911
0.0024822237499392344,-0.0013165883270537804,0.0003270586387121577,0.0014894409372922246
0.002328982931347784,-0.0013211343434906542,0.00013213952375160098,0.0011303635921971894
0.0021234253630116728,-0.0015016283600350344,-0.00024553871388757753,0.0007620088533173835
0.0018790750179826718,-0.0018360446277631282,-0.0007245210925118095,0.00041385757575804205
0.0016320039471269115,-0.002247872404263801,-0.001176886559065754,0.0001071909016141237
0.0014302530471134445,-0.0026383570073277574,-0.0014814170983263042,-0.00014754218343110415
0.0013157660710178959,-0.002927292782881591,-0.0015746031887079182,-0.00035216160780690564
0.001305683687748277,-0.003086049834061827,-0.001479030721772162,-0.0005210911543707675
0.0013809387701111953,-0.003149347187705473,-0.0012976519973501854,-0.0006797955213735385
0.001487811029290298,-0.0032006766549562693,-0.0011759574450467547,-0.0008601963336398455
0.0015531910927336356,-0.003336948200501136,-0.001246757423116751,-0.001092676477370269
0.0015087018740550795,-0.0036265639125129673,-0.0015791279655633927,-0.0013959371257629694
0.0013148600527030097,-0.004078150507044902,-0.0021513942862160795,-0.0017677802144357713
0.0009758867312287534,-0.00463321711941006,-0.0028585441569959624,-0.0021807968861818905
0.0005390032461192185,-0.005186510511712553,-0.0035509875933950885,-0.0025861493035053418
7.79161582393495e-05,-0.005626566434963211,-0.004089459977661414,-0.002926065828758595
-0.00033359431452206767,-0.00588047114010171,-0.004394853905487772,-0.003152144740324936
-0.0006480338009697828,-0.005944683047811119,-0.004474132635006678,-0.0032435273513272134
-0.0008603934138083635,-0.005888951810128336,-0.004413149305424649,-0.0032179358813150816
-0.0010079540648658403,-0.005830964784064488,-0.004340225676141021,-0.0031302909681792668
-0.0011538761206993375,-0.005891159007505628,-0.004375533014127908,-0.0030578143106517325
-0.0013611604768438146,-0.0061453871345127226,-0.004586304312132777,-0.003075734941168015
-0.0016673704077069529,-0.006594394314347593,-0.004964887732521454,-0.0032318776551586714
-0.002070139808262067,-0.007162692777054988,-0.005437046513513941,-0.0035296579240701176
-0.0025290817551114897,-0.007727840476488043,-0.005895726254213224,-0.00392652202247136
-0.0029830274791923794,-0.00816892335203516,-0.0062456738870311996,-0.0043493328720343866
-0.003375291623841703,-0.008415125741587787,-0.006440653373122822,-0.004721630387038697
-0.0036764328225711435,-0.008474916717339909,-0.00649881112637201,-0.004992705359586111
-0.0038950973930143157,-0.008433849048375075,-0.006491211289076863,-0.005157173485942607
-0.004072552972557236,-0.008421377126876073,-0.006509662817914291,-0.0052569777421383745
-0.004263376051492837,-0.008559532453882857,-0.006628127596999517,-0.005364429107299264
-0.0045106108200864,-0.008913754621656222,-0.006873992488219308,-0.00555247718892235
-0.004826114459715321,-0.009465600599566304,-0.0072206900320390816,-0.005863825481406779
-0.005184705106546825,-0.01011857337450503,-0.007603754205097943,-0.006291438017190176
-0.005534952854467885,-0.010735224414738398,-0.0079524331465686,-0.006778827170424093
-0.005822365830142329,-0.011191176054445945,-0.008222619921553986,-0.007240742180312662
-0.0060152723104579114,-0.011424783130249888,-0.008416681995842695,-0.00759653463209739
-0.006122206131105489,-0.011462625831271334,-0.008581715623462216,-0.007802977352673129
-0.006192784872942038,-0.01141038580277065,-0.008787206905587208,-0.007873048132675559
-0.006300721090077038,-0.011412246071726168,-0.009092001594990351,-0.007872484487661813
-0.006515057380263138,-0.011594409439966785,-0.009515105419438952,-0.007894802120301497
-0.006870909128765659,-0.012014713023862367,-0.010023239701554831,-0.008024404650513378
-0.0073517366545129414,-0.012638084302446784,-0.010540976108352279,-0.008302683890302698
-0.007891027254935123,-0.01334759890832811,-0.010979686279262546,-0.008711276686478558
-0.008393799206225003,-0.013987088759287225,-0.01127350628721116,-0.009179968501617064
-0.008770472509761776,-0.01441903860166334,-0.011407399630633114,-0.009616659007278233
-0.00897052508906207,-0.014575673574366517,-0.01142550189618785,-0.00994740226108784
-0.009003057982180929,-0.014483915266763944,-0.011415946392443282,-0.01014977131182615
-0.008936119877409554,-0.014255101222580929,-0.011477969001398303,-0.01026487988338512
-0.008874592322155539,-0.014043946552404391,-0.011684304236565204,-0.010381767899912436
-0.008924532373301292,-0.01399283545156408,-0.012053761830439838,-0.010599315512432261
-0.009156967865251997,-0.014182686362157566,-0.012544691678149103,-0.01098074472916255
-0.009584281302905673,-0.014608475468198427,-0.01307158494851915,-0.011519876515122401
-0.010157488826430361,-0.015187471171056989,-0.01353783607182095,-0.012134608708199823
-0.010784842400875072,-0.015795433823750905,-0.013871476879288622,-0.012692679409163132
-0.011364331424218527,-0.016315554157652207,-0.014049956202321759,-0.01306162209160544
-0.011817835246501707,-0.016680760769563194,-0.014104936564914194,-0.013164180890560012
-0.012114630746437455,-0.016893610016536345,-0.014106446990050904,-0.0130168490170353
-0.012276532498634418,-0.01701756122793524,-0.014134020067497477,-0.012734482800614289
-0.012364191051583123,-0.01714499279953277,-0.014247233289842025,-0.012496461567073756
-0.012451087604859704,-0.017356159416752726,-0.014467506501779807,-0.012484932443619697
-0.012595852127953194,-0.01768602807769426,-0.014777520601522598,-0.012817375172205847
-0.012823285283209793,-0.018111758891747265,-0.015136725154953845,-0.013499211297725792
-0.01312025333157657,-0.018564538876779918,-0.015504558604213153,-0.014415707471420002
-0.013446369432515315,-0.018959448330949508,-0.01586013568436484,-0.015368124186522017
-0.013753692166235662,-0.01923017028152657,-0.016209395438526272,-0.016142261974632956
-0.014006780394481506,-0.01935428212521985,-0.016576932392599122,-0.016584751306581734
-0.014195277262308337,-0.019359710479662617,-0.016987098629891617,-0.016658745492305303
-0.014335096276505779,-0.019311335018300388,-0.01744413618570427,-0.016457796510186917
-0.014459366150805968,-0.019284966182984573,-0.01792173550262338,-0.016172118145358405
-0.01460431897077964,-0.019340521106605515,-0.018368193182058623,-0.016019362180511823
-0.01479665918256476,-0.019505432952306404,-0.018726107475327533,-0.0161655591308124
-0.015047294532132709,-0.019773813839455964,-0.018958523020521312,-0.016665717410464673
-0.015352669049861937,-0.020119350801684116,-0.019069806842327383,-0.017446153239794912
-0.015701167411813696,-0.020513835100735803,-0.019111057816459817,-0.01833473333322272
-0.016079963068063717,-0.02094131431207373,-0.01916603821235109,-0.01912697276305335
-0.016478178863390668,-0.02140084519981185,-0.019321913805451715,-0.019662407424394332
-0.016884944642002214,-0.021897169939227246,-0.01963594151242258,-0.01988209385062989
-0.017284400835994404,-0.02242524330357773,-0.020111616287822917,-0.01984582151609121
-0.017652053736342183,-0.02295817990055457,-0.02069449875315621,-0.019703562056584148
-0.01795679545908717,-0.02344700621706179,-0.021290214154123868,-0.019633518084718804
-0.01817020883257202,-0.023834982142792303,-0.02179809897185994,-0.0197718478489934
-0.018280655871081422,-0.024081723543960615,-0.022147453451699314,-0.02016178018702583
-0.018306099144438995,-0.024186469787250243,-0.02232213392864095,-0.020741482105000014
-0.01829854641206817,-0.02419858532532889,-0.022363890339433132,-0.0213741680623578
-0.01833534604592306,-0.024207769151477054,-0.02235353382329973,-0.02190698979349165
-0.01849766764687888,-0.024314922506761504,-0.022378094042810395,-0.02223403479125588
-0.01884237277188043,-0.024593644677966743,-0.022497773229947365,-0.02233773121286356
-0.019377525089004907,-0.025057819383879684,-0.022726319905922672,-0.02229238867489443
-0.02005195582782024,-0.025649923203442566,-0.023032489841122848,-0.022229525707987294
-0.020765042136124845,-0.026257337215502392,-0.02336106473486424,-0.022280452890432345
-0.021395503981873856,-0.02675273640524433,-0.023663405090050122,-0.022520784295317217
-0.021840366250174423,-0.02704410977872193,-0.023923403838280982,-0.022940377542751036
-0.0220504248994835,-0.027114694648921786,-0.024166806269151915,-0.023451189258114853
-0.022048811963331874,-0.027035717062149023,-0.024449319746288015,-0.023929293983607144
-0.021924842210425427,-0.026944761012484206,-0.024828551434640724,-0.024272651135186483
-0.021804333066551357,-0.026996157582295996,-0.025332377180459605,-0.024449293496644528
-0.02180659577564316,-0.027301564135356435,-0.025938460543259885,-0.024514435238647728
-0.02200370001916544,-0.027883914666034043,-0.02657521878326262,-0.02458807608565547
-0.022397113614275772,-0.028663743170304984,-0.02714532914223205,-0.024801630331144235
-0.022920408963334193,-0.029484778294076974,-0.027562798046820138,-0.02523584332384351
-0.023466793558257627,-0.030170273145941978,-0.02778810196038138,-0.02587689837309423
-0.02393064502887309,-0.030588928493243767,-0.027845966669217376,-0.026610971161941284
-0.024246849806029248,-0.030704733282239063,-0.02781722162612682,-0.027262028394180265
-0.02441277979424724,-0.030590713157354746,-0.027807108180325793,-0.027659597264297647
-0.024484846392969096,-0.030400474958879597,-0.0279028019690178,-0.02770999991403067
-0.024551912701913634,-0.03030816567814472,-0.02813815234157943,-0.027441793024268413
-0.024697216749654083,-0.030440312498434208,-0.02848122106960846,-0.027005346747103767
-0.02496499194831809,-0.03082665951388802,-0.028850833348694246,-0.026624241276724872
-0.025345745252995044,-0.03138986859701104,-0.0291558176448279,-0.026515472503008827
-0.025786036738971813,-0.03197851989359665,-0.029340246811434254,-0.026808550072512954
-0.026217950051927806,-0.032430353484143304,-0.029414450252867638,-0.027494996114415665
-0.026594740700382882,-0.032640237433332046,-0.02945675476031938,-0.02842866416703692
-0.026916162914499345,-0.032605112794482666,-0.02958303895390789,-0.02937787136503482
-0.02723113894235568,-0.032427248853989774,-0.02989535229545605,-0.030110166113498232
-0.027615176819585113,-0.03227401120515647,-0.030431000722591847,-0.030477639997365427
-0.028131261164722463,-0.03231020102810597,-0.031134977734031816,-0.030470235926393918
-0.02879101409578505,-0.03263053245932436,-0.031870233257504405,-0.030216786833759487
-0.02953411819951053,-0.033220123649268206,-0.032465001452111245,-0.02993375287677133
-0.03023744766110853,-0.03395966867611644,-0.032780355036611794,-0.029841838778228172
-0.03075344438360006,-0.034673671679500334,-0.032771118865532356,-0.030082890077410926
-0.030964751382541733,-0.03520221611067905,-0.032513913664253206,-0.030668898697773714
-0.03083420335523135,-0.035466652585503494,-0.03218783512982178,-0.03148191104551451
-0.03042952023710188,-0.03550166008198971,-0.03201188624941953,-0.03232341158940888
-0.02991077864035767,-0.0354397411528934,-0.032161430480634676,-0.032992466658147444
-0.02948279177588782,-0.035453912966394246,-0.03269605552041021,-0.03336122320393172
-0.02932844171963496,-0.035682056661043134,-0.033528679199713085,-0.03341839531181248
-0.029547157438407065,-0.03616464578859332,-0.034450827584293645,-0.03326508806492079
-0.030121636219928832,-0.03682271643690617,-0.03520720551318961,-0.03306694450619785
-0.030925707755002252,-0.03748667999644248,-0.0355925017095973,-0.032984072269247496
-0.03177075155916849,-0.03796543044536341,-0.03553310840632927,-0.03310842510852875
-0.032473331357655046,-0.038127882824785214,-0.03512071468072531,-0.033434088796291374
-0.03291856520763922,-0.03796294512488568,-0.03458247341146692,-0.033871234576439854
-0.03309552318182191,-0.03759184710949211,-0.034197060841236526,-0.034295657043500224
-0.03309201902104861,-0.03722581527031445,-0.03418781450544943,-0.03461077996903613
-0.0330521772578647,-0.03708465553520267,-0.034634361118355134,-0.03479410539473347
-0.033114722771138874,-0.03730857567181055,-0.03543821010955772,-0.03490731043330763
-0.03335720571927389,-0.037899398135265105,-0.03635751787758655,-0.03506543060336842
-0.033768417503710846,-0.038716225601088214,-0.03709927101295818,-0.03537884174944607
-0.03425929592933428,-0.03952881833796633,-0.037434064507071554,-0.035894191667522266
-0.03470656669586923,-0.04010818973762893,-0.03728878679696804,-0.036561588184551054
-0.035009831452622854,-0.040318040226808516,-0.03678015614783893,-0.03724453580465019
-0.03513739113726201,-0.04016944481996712,-0.036174575549271296,-0.0377707580943307
-0.03514105657665022,-0.039815581010002585,-0.035788554993597024,-0.038003891489616665
-0.03513350815464876,-0.039487670935545824,-0.03586765766197307,-0.03790591458028081
-0.0352378764815583,-0.039397830837454934,-0.03649101580607844,-0.03756267300815688
-0.0355313434626168,-0.039648954891547794,-0.037539049114342776,-0.037159307831470215
-0.03600751128334028,-0.0401898029499908,-0.0387375534796629,-0.03691303581756358
-0.036574652932988935,-0.04083545602738596,-0.03976134729700995,-0.03698902311061157
-0.037091792324088727,-0.041346297906499144,-0.04035706015988855,-0.037433248781592016
-0.03742817200094843,-0.04153369712582396,-0.04043693065883215,-0.03815052754560705
-0.03752102578734462,-0.04134812729538218,-0.04010689661101026,-0.03893822576353377
-0.03740639324128833,-0.04091120704090846,-0.0396184055153678,-0.039563669479533284
-0.03720839062883949,-0.04047529758836256,-0.039263853574266434,-0.039855041559518384
-0.03708968760426272,-0.04032419234559873,-0.03925812479215906,-0.03976935534096773
-0.037182769496316784,-0.040653863555650885,-0.039654172785020605,-0.039409727738566824
-0.03753070626866736,-0.041482412484613936,-0.040326634122458495,-0.03898440618492331
-0.03806342108741259,-0.04262846791018086,-0.04102962678429936,-0.038723697496134024
-0.038621541657641686,-0.043770623385225624,-0.04150443070184597,-0.03878836452531374
-0.039020257727673494,-0.044567499451461615,-0.04159212094910899,-0.03920687396367582
-0.0391282567521003,-0.044792081351317056,-0.04130399100678041,-0.03986728342584446
-0.03892916409418713,-0.044426108735560445,-0.04081987257313156,-0.040567113909554794
-0.038538589559388534,-0.04367442193340497,-0.040414320129268794,-0.041100434660617025
-0.038167064431861894,-0.0428903126775904,-0.04034087597436274,-0.04134563263523825
-0.03804116032223768,-0.04243891284532911,-0.04072270828786087,-0.04131668464707254
-0.038312969533503716,-0.042551884660869496,-0.04149609609191007,-0.04115574234340529
-0.03899432617648834,-0.0432320472644253,-0.04243191293201745,-0.04106947086486038
-0.039943647172521184,-0.044248163444399385,-0.043227942225188276,-0.04123566323191271
-0.04091302290216867,-0.0452246496742541,-0.04363480427753178,-0.04171999454060103
-0.04163908037961346,-0.045792413270433555,-0.04356310686691896,-0.042439473421130816
-0.0419429163548732,-0.04574104688837616,-0.043125866643538235,-0.043190157596722
-0.04179968649493998,-0.04511026319568415,-0.04259616939482758,-0.04372964112005827
-0.041349561925186976,-0.044181446294428564,-0.042295143375658914,-0.04388093626546087
-0.04084462696693825,-0.04336991186316275,-0.042455194100901025,-0.04361390234477461
-0.04055187501060332,-0.04305915023032515,-0.04311543778010282,-0.043068206888105434
-0.040650399840947274,-0.0434433179976744,-0.044094795989791324,-0.042505254524689215
-0.041163692147821104,-0.04444279265418799,-0.04505730161815666,-0.042206208654981245
-0.04195418019766596,-0.045729474907622136,-0.045646063407872695,-0.04235682153277631
-0.042782123064975086,-0.04685444022773015,-0.0456326824531762,-0.04296707361840711
-0.04340474654025482,-0.04742814719024783,-0.045020353696007084,-0.043860901865955246
-0.043674882050101456,-0.04728024158193362,-0.044055725361281994,-0.04474316454476221
-0.04359836723221243,-0.04653225649929094,-0.04314073618317166,-0.045318711781524496
-0.043326388056956947,-0.045550610152715165,-0.042676788601805585,-0.04541545369424135
-0.04308604848101777,-0.044796092337642,-0.04290285989723566,-0.04505970346497759
-0.04307860161685742,-0.04462979499044225,-0.04379395102564408,-0.04447013660745032
-0.04338895434447683,-0.0451558040861111,-0.04506375498822744,-0.04396973759996313
-0.04394599584038211,-0.04616853693790987,-0.04627393386477292,-0.04384981114699023
-0.04455224019527107,-0.04723122334692461,-0.047008426556063736,-0.044241955609291034
-0.04497167399444252,-0.04785773192274941,-0.04704289552468668,-0.045053053682430524
-0.04503891316834428,-0.04772485786753081,-0.04643907436129434,-0.04599414852364905
-0.04474196699045804,-0.04682562691027205,-0.045522585687306605,-0.04669564673381703
-0.044240302067049,-0.04549449301206323,-0.04474990481015037,-0.046864142795485626
-0.043806329940844796,-0.04428592520357992,-0.04451667492393356,-0.04641602406115752
-0.04371134919195238,-0.04374922453117465,-0.04498613886641382,-0.04552925557897539
-0.04410255195908963,-0.044189366173291805,-0.046011136484588024,-0.044586126385412296
-0.044924601193019637,-0.04551565233631248,-0.04718676267107212,-0.04402441670634069
-0.0459235164206907,-0.047249736755095306,-0.04801717637493242,-0.04415436510175402
-0.046737612950621746,-0.04870199613774423,-0.04813080171171384,-0.04501692649548095
-0.047043073723723086,-0.04925422217589444,-0.04745410296624891,-0.046346234672431076
-0.04669595633350784,-0.04863625684409412,-0.04626663614855371,-0.04765934909222828
-0.04580970541658279,-0.04707707361877184,-0.045105935452784164,-0.04844428343275401
-0.0447301812219692,-0.04525331374496508,-0.04455268668526954,-0.04837399043761409
-0.043910809337803766,-0.04403688157602638,-0.044979623731498414,-0.047458058272666935
-0.04373277326961094,-0.04412848326636882,-0.04636894365172758,-0.04606377585064819
-0.04434155708911066,-0.045721427428160474,-0.04828179152509521,-0.04478804256683737
-0.045569483589067074,-0.048343465008088615,-0.050005494310258594,-0.044222657111823827
-0.04698298835332384,-0.05096731876879412,-0.05083123893259474,-0.04470326885480101
-0.04804411944080671,-0.0523799072217101,-0.05035600350793032,-0.04614600215914458
-0.04832738754983794,-0.051691968019531034,-0.04868321715779974,-0.048047342961487965
-0.047705750852164816,-0.04879591897959851,-0.04642791069868546,-0.04966092733186728
-0.046425992237959075,-0.044572808202755596,-0.04450522328940548,-0.05029237026386356
-0.04503373198809023,-0.040718672940652734,-0.043769542664863596,-0.0495991877426567
-0.044167688170279544,-0.03918787635991479,-0.04464048355479722,-0.04777081867943893
-0.04429847718263072,-0.04139407693605765,-0.046871610635370556,-0.04550208654360302
-0.04551606361614217,-0.047417212542000604,-0.04957583269922112,-0.04375074431145523
-0.04745810311101954,-0.05549509598753502,-0.0515287849956585,-0.043357986318974896
-0.049420682243531036,-0.062013770140405704,-0.05166025438084448,-0.04467528467189556
-0.05062113220270689,-0.062067147792018704,-0.049555782345454887,-0.04735353285630674
-0.05051735959367529,-0.05047794766640626,-0.04576251338024365,-0.050401390895470695
-0.049056593763541725,-0.023017244834624473,-0.04174176077719781,-0.05252254762148555
-0.04674414625335132,0.02251782839501077,-0.039424631604943805,-0.052629946248232945
-0.044486628858889495,0.08568078616857851,-0.04046997570874224,-0.05035096337599913
-0.04325220915996082,0.16339199391193188,-0.04544595130766145,-0.046316186576154175
-0.04366953382176765,0.25059212103036976,-0.05321169723297396,-0.04208002829334909
-0.04572442139267942,0.34134341686667025,-0.060739033897664885,-0.03964043182375612
-0.0486905651586651,0.4300625724133015,-0.06349198286511491,-0.040669222344720285
-0.051350700082691686,0.512542371954177,-0.056310844599418465,-0.04568389648287723
-0.05245392889596735,0.5864993138180548,-0.03458304575714291,-0.05344093575831545
-0.05125336972136866,0.6515419101568309,0.004619549363363382,-0.06078719183882015
-0.047916086380964715,0.7086357424385348,0.06176143400021718,-0.06307804644105287
-0.04361913166023626,0.7592869066209392,0.13464893198993558,-0.05509733402596908
-0.040240377921469006,0.8047300402007775,0.21887680623126826,-0.03225057051667977
-0.03969225731354954,0.8453747291059313,0.30878462706904924,0.008295203473585602
-0.043083561925775754,0.880652184199189,0.3986462422367586,0.06684996376605921
-0.0499794015073267,0.9092558953113787,0.4837587108988878,0.14103891545032538
-0.05802784687244138,0.9296383104281156,0.5611443590807901,0.22628775624397485
-0.0631277392918973,0.9405539703735526,0.6297125147339495,0.31681357952600514
-0.060151747328116366,0.9414475761512976,0.6898997990523221,0.4068365782644563
-0.04406251524950873,0.9325634924611127,0.7429622669951323,0.4916745568395874
-0.011125921379670924,0.9147675209403356,0.790180492689351,0.568434062229645
0.04011987952504804,0.8891783394403252,0.8322358874966318,0.6361487639670831
0.10842012485821127,0.8567668779529303,0.8689307985126529,0.6953904521832268
0.19001466691718802,0.8180786473555923,0.8992913213013145,0.7475330164563249
0.2794441667786653,0.773173116612406,0.9219591131054765,0.7939364800240134
0.370718569761216,0.7217829639285325,0.9356917279998336,0.835313124200335
0.45851699240603994,0.663611068501265,0.9397757449620365,0.8714492791375281
0.5390937298813936,0.598636175598062,0.9342118956536877,0.9013201378161478
0.6106698029999229,0.5273044325035969,0.9196305849256875,0.923500264074067
0.6732564091463411,0.4505373945799641,0.897000080903477,0.9366845222207476
0.7280298129108297,0.36956394026887185,0.8672602460364679,0.9401187416973142
0.7765008510630256,0.28565256654658894,0.8310291927077049,0.9337952428933683
0.819759536200489,0.1998553837446388,0.7884882736001234,0.9183693259575938
0.8580199779169938,0.11286415986972233,0.7394728530962733,0.8948590917169632
0.8905679607338366,0.025028792318833655,0.6837146395594682,0.8642640215372791
0.9160690742213202,-0.06347873727592349,0.6211271874562951,0.827254161848102
0.9330794837769751,-0.1524292090399239,0.5520179818930824,0.784040539267365
0.9405510844823078,-0.24132936219590817,0.4771479628648633,0.7344587222884628
0.9381494224590268,-0.3293277088221027,0.39762469195736394,0.6782136141623722
0.926290262792002,-0.41526921206764905,0.3146813892123577,0.6151763705053812
0.9059127798239915,-0.4978746585583239,0.22943512084584722,0.5456131883749404
0.8781019236443213,-0.5759720654173501,0.14271919203850225,0.47026128074948037
0.843717051158494,-0.6486895213277823,0.05504915411900442,0.39023261377221996
0.8031665115358374,-0.7155373082947118,-0.03327490156226282,0.30679386605325015
0.7564001473278438,-0.7763532774286049,-0.12198133976725631,0.22111537179290386
0.7031028154077628,-0.8311400099132407,-0.21063739658982755,0.13408713263942268
0.6429968676583515,-0.8798634825091288,-0.29853533026012524,0.04626691796835682
0.5761272119381479,-0.9222950967771528,-0.3846979219905019,-0.042030634312013246
0.5030189811374828,-0.957958395142543,-0.46799683395194547,-0.13055087465711646
0.42465503399328164,-0.9861979566569843,-0.547332564867466,-0.21890280767738474
0.34229378482170986,-1.0063390311427876,-0.6218028481405775,-0.3064304635373355
0.2572080374758592,-1.0178719205383069,-0.6907948428031826,-0.3922011050929975
0.17045032882522,-1.0205880001327021,-0.7539704104329468,-0.47511017427874613
0.08273251349620858,-1.014616297668317,-0.8111582793085674,-0.5540565676826865
-0.005543433795324584,-1.0003508421384257,-0.8622035936728483,-0.628116519182385
-0.09412836003034289,-0.9783024506508511,-0.9068398572551101,-0.6966488884235512
-0.1827158507158585,-0.9489369482887944,-0.9446358082162204,-0.7592956007004429
-0.2707688573179009,-0.9125643901644875,-0.975036583705452,-0.8158846879495955
-0.3574528408899301,-0.8693206831609346,-0.9974789933304898,-0.8662818279660385
-0.4416987367067339,-0.8192443168707817,-1.011531122219799,-0.9102544470361393
-0.5223657608852924,-0.7624127113732354,-1.0169984256674574,-0.9474041096583831
-0.598435466512982,-0.6990801666261163,-1.013954361410324,-0.9771926773066754
-0.6691591191222519,-0.6297609182478414,-1.0026860251373466,-0.9990486837759682
-0.7341027277776666,-0.55522482233278,-0.9835803643357318,-1.0125085487194818
-0.7930776333365008,-0.47640923768375903,-0.9569999130132215,-1.017335028572855
-0.8459911144314156,-0.39428386491523115,-0.9231994774103243,-1.0135666978477922
-0.8926823082684694,-0.3097224587790267,-0.882316498156495,-1.0014816645264624
-0.9328121640117695,-0.22343019376579282,-0.8344362620265497,-0.9814935939963865
-0.9658518354071244,-0.13595095589894335,-0.7797020594529631,-0.9540242482711591
-0.9911726180964775,-0.04774555765143776,-0.7184224982957637,-0.9194040488852844
-1.0081993589009353,0.04069642587295843,-0.6511304332918427,-0.877838523002834
-1.0165646596472468,0.12876057926284018,-0.5785688633474406,-0.829450262230214
-1.016202442566223,0.21566827263531296,-0.501609612202881,-0.7743751659503234
-1.0073452066434356,0.3005101478042255,-0.4211379035770736,-0.712870766694743
-0.9904285420042458,0.38233812813513424,-0.33794896927162166,-0.6453913625044374
-0.96594314404472,0.46027803026620473,-0.25269661752914724,-0.5725999907361976
-0.9342941801873577,0.533617579269752,-0.16591127131711225,-0.49531401774268624
-0.8957231488255886,0.6018361282396227,-0.07807595404105536,-0.414408001333577
-0.850320949579338,0.6645673959700964,0.010274880675432613,-0.3307136105486193
-0.798123888127232,0.7215144334808721,0.09847736523415329,-0.2449556458911621
-0.7392517232458946,0.7723552948410068,0.18571518982099997,-0.15774655948183802
-0.67403136189074,0.8166808325519839,0.27106224023947045,-0.06963672511417376
-0.6030569709027416,0.8539918391714556,0.3535743153584192,0.01880535399353494
-0.5271635205356442,0.88375761895122,0.4323934460555986,0.10692031519400254
-0.44732512508236455,0.9055125270105344,0.5068238734445147,0.19392586645784426
-0.3645182175884886,0.9189515214165811,0.5763512255960626,0.2789407251500179
-0.27960154870899445,0.9239864674090814,0.6406003803231946,0.3610562073710879
-0.19325619400417984,0.920741215022497,0.6992528274465617,0.43942742769828697
-0.10600348171004473,0.9094884083362085,0.7519605784298303,0.5133483788942597
-0.01828762332101118,0.8905542699971817,0.7982942757066842,0.5822823058149207
0.06941467361283807,0.864229824301973,0.8377481407600602,0.6458374743137191
0.15650386234246239,0.8307234594248063,0.8698002196314693,0.7037007499872506
0.2422226631103564,0.7901721745158364,0.8940031713564847,0.7555581599333853
0.32568897079926484,0.7427047311160151,0.9100681921837812,0.8010361352894408
0.4059814230413289,0.6885291387437892,0.9179076881784702,0.8396878987005822
0.48224242507744797,0.6280077670644355,0.9176195860068511,0.8710305754361767
0.553758431946865,0.5616892783548104,0.9094204261208985,0.8946179803891197
0.6199886345741953,0.4902847186638844,0.8935555292216668,0.9101200584137733
0.6805355576276635,0.4145978076823371,0.8702238508998739,0.9173780829758627
0.7350749421688607,0.3354373976472033,0.8395488619175259,0.9164153270675316
0.7832779565029744,0.25354609856365123,0.8016075750735672,0.9074013146325113
0.8247602802064755,0.16957110281721083,0.7565056401071555,0.8905862318748805
0.859079943883899,0.08408496286993947,0.7044671942468683,0.8662331353072504
0.8857847170918263,-0.00235673181790768,0.6459017454814828,0.8345750113432442
0.9044892340024708,-0.08914856421515432,0.5814193539080899,0.7958121832204692
0.9149502864365013,-0.17558995481704043,0.511786049142739,0.750148153285072
0.917110228637795,-0.2608818905966397,0.43783533703910793,0.6978460667801336
0.9110920936094047,-0.34416810113301444,0.36036910772961206,0.6392800802973335
0.8971497992877461,-0.4246043613133572,0.28008524874213847,0.5749589992379108
0.8755944637043573,-0.5014282115956594,0.1975582843153742,0.5055119627851505
0.846726298824843,-0.574001889846816,0.11327795527300498,0.4316422283095496
0.8107977915055185,-0.6418131879120439,0.02772752679097059,0.35406831570880143
0.7680199835772907,-0.7044370494828227,-0.05853193959964073,0.27347645469651216
0.7186057457397144,-0.7614772882080997,-0.1448069559021808,0.19050267391732445
0.6628294803536807,-0.812515869744277,-0.23026982025831466,0.10574957152525746
0.601077401299459,-0.8570934748474741,-0.31401141249819337,0.01982758511900252
0.5338680983001098,-0.8947312427776136,-0.39512854523774876,-0.06660008335316103
0.4618366124683797,-0.9249856143786619,-0.4728124948821304,-0.15279136626966155
0.38569067671186347,-0.9475136914726076,-0.5464055998161153,-0.23793252136265494
0.30615854793763275,-0.9621216434738173,-0.6154063139566845,-0.3211788747175849
0.22394968037678467,-0.9687755023651083,-0.6794241530322787,-0.40171498647891696
0.13974205039452275,-0.9675693561688077,-0.7381059515912036,-0.47881159821492925
0.05419690327524669,-0.9586639195740317,-0.7910657454260361,-0.5518576562063209
-0.03201101454167287,-0.9422211844210446,-0.8378482149709955,-0.6203557053648239
-0.1181664568296723,-0.9183629432374439,-0.8779412201262105,-0.6838838673946843
-0.20350664213056435,-0.8871714444315995,-0.9108326056256221,-0.7420412856614963
-0.28724121811137293,-0.848733106512062,-0.93608851412431,-0.7944007089238848
-0.36859331671570456,-0.8032081725874335,-0.9534221164715102,-0.8404890215495175
-0.44684544296907713,-0.7508978542877339,-0.9627261142313042,-0.8798052059815926
-0.5213708745723691,-0.6922806227818532,-0.9640575024440234,-0.9118700883454832
-0.5916369441741944,-0.62800093556066,-0.9575825216339982,-0.936289429655818
-0.6571786545096638,-0.5588122336945587,-0.943505481496095,-0.952806627547097
-0.7175543225595606,-0.4854940749816491,-0.9220108753243527,-0.961325532253635
-0.7723035492498667,-0.4087735407880803,-0.893241804516636,-0.9618958113315956
-0.8209278639996408,-0.3292794392563442,-0.8573220686666005,-0.9546679936288724
-0.8629056137485639,-0.2475449656953319,-0.8144109470683647,-0.9398368271731687
-0.8977385597495854,-0.16405550623841847,-0.7647662638584087,-0.9175953489823585
-0.9250140689978261,-0.0793207257840251,-0.7087882103853265,-0.8881167686197999
-0.9444594954258596,0.006059119298272839,-0.6470246921966667,-0.8515692946724915
-0.9559675563796297,0.09136002783721855,-0.5801350738738782,-0.8081554204447743
-0.9595825112346297,0.17574831430403212,-0.5088263644514138,-0.7581575091465405
-0.9554523469918701,0.25833737663544865,-0.4337870356015297,-0.7019696062588983
-0.943765684065238,0.33826627349504823,-0.3556442820175068,-0.6401018057597666
-0.9246981545775412,0.41477138744906783,-0.27496049009611695,-0.5731553261538435
-0.8983890284053797,0.4872260564270489,-0.19226822563297238,-0.5017786631583103
-0.8649564371738744,0.5551363601613368,-0.10812701253967853,-0.4266226928311242
-0.8245437371935826,0.6180987144044148,-0.02317613428679189,-0.34831238406905085
-0.7773768442648061,0.6757395150754741,0.06184070616090954,-0.267445103746131
-0.7238079974973459,0.7276630985494392,0.14609152795419872,-0.18461373289633937
-0.6643271719344759,0.7734296464873827,0.22870904923881036,-0.10044198467269813
-0.5995358781230907,0.8125716008988058,0.3088615993547985,-0.015613984865205918
-0.5300937560467043,0.8446412141265813,0.3858158760196413,0.06911745869885902
-0.4566596702303349,0.8692695612645425,0.4589688444885791,0.1529504646219969
-0.3798512039614246,0.8862135194319019,0.5278385493387687,0.23507631371107165
-0.3002385546729741,0.8953730982238558,0.5920200175428123,0.3147294159057955
-0.21837406499305922,0.8967743230025886,0.6511261045539818,0.3912266826669364
-0.1348430971990982,0.8905271149392636,0.7047386134535387,0.4639821924512093
-0.050312177198301944,0.8767773583202455,0.7523902432438752,0.5324931251840669
0.0344494948574474,0.8556737149120991,0.7935850161773841,0.5963046973749417
0.11858880304443317,0.8273624416850267,0.827849159701902,0.6549703684021317
0.20122504742531638,0.792010813280998,0.8547923503920434,0.708025380926776
0.28152536199811284,0.7498472154986984,0.8741555463244739,0.7549860256456391
0.3587719843145367,0.7011988537437948,0.8858276221715908,0.7953762568371123
0.43239618153806586,0.6465092171354385,0.8898260122576039,0.8287718972437823
0.5019658852720696,0.5863263001218644,0.886251115476007,0.8548453588458398
0.5671318254735402,0.5212652252220084,0.8752343721686799,0.873393559689505
0.627553186640085,0.4519598975279806,0.8569016662977402,0.8843385915267286
0.6828320603850114,0.37902297351071595,0.831366542537076,0.8877018060583548
0.7324828838491662,0.3030297836519121,0.7987548136380642,0.8835627280768414
0.7759497632164507,0.22453147835800502,0.7592489043224075,0.8720201470150596
0.8126662650412011,0.14408998639907888,0.7131321738704314,0.8531714703314317
0.8421360860981444,0.06231778025626886,0.6608136945643808,0.8271185217465689
0.8640052943532326,-0.020096966550393593,0.6028222542386015,0.7939967469645489
0.8781005134567124,-0.10239338976426081,0.5397711087212429,0.7540149094695825
0.8844209282616657,-0.18377095301761587,0.47230688298619794,0.7074878952930984
0.8830898867174262,-0.2634416174660475,0.40106213516022887,0.6548480115994736
0.8742870638258642,-0.3406819607048553,0.32662905760417393,0.5966289759140386
0.8581887083136028,-0.4148656067666766,0.2495626105992771,0.5334279766655786
0.8349390024579348,-0.4854640841767399,0.17040900887285554,0.46586010701221264
0.8046620539949878,-0.5520170510136067,0.08974508984475969,0.3945224549260588
0.7675070954527516,-0.6140854567106625,0.008209936791605326,0.3199809637011799
0.7237059585756367,-0.671208422316157,-0.07348620919356838,0.24278360319981387
0.6736171942902569,-0.7228833763460066,-0.154580931082496,0.1634923791780472
0.6177370642192167,-0.7685796993705003,-0.23429998960141707,0.08271879968237442
0.5566714960144471,-0.8077825274131397,-0.3119038159754357,0.0011458634177572997
0.49107922593952874,-0.8400509571448009,-0.38672276253290616,-0.08047493889327262
0.42160815763707793,-0.8650687461913583,-0.4581689008428016,-0.1613529547451238
0.34884968308661224,-0.8826682494424767,-0.5257223253470114,-0.24070464881136405
0.27332831009352143,-0.8928187529280158,-0.5889007087994731,-0.3178005437086065
0.19552949924917212,-0.8955843815381903,-0.6472277003368425,-0.3919962549489831
0.11595303372460003,-0.8910687242104652,-0.700215828651917,-0.46273747313009894
0.03516883860195869,-0.8793684222136797,-0.7473729455669047,-0.529539211650712
-0.04614889974638782,-0.8605541568180146,-0.78823082974475,-0.5919498632694091
-0.12722482637134502,-0.8346862990919155,-0.8223848521117982,-0.6495164447463724
-0.20722344302728124,-0.8018584518266373,-0.8495287306850579,-0.7017665357867745
-0.2853138302382292,-0.7622508563476915,-0.8694704247214738,-0.7482152753937187
-0.36073469988005064,-0.7161716445171749,-0.8821232344216933,-0.788395355360645
-0.43283668601384584,-0.6640687332113246,-0.887476723426112,-0.8218985383602335
-0.5010882159121517,-0.6065067855882718,-0.8855606297164167,-0.8484126505341233
-0.5650459775651469,-0.544117390648556,-0.8764177956245596,-0.8677400523874967
-0.6243049462326817,-0.4775409375232349,-0.8600980764945143,-0.8797913350242288
-0.6784505671132908,-0.4073815071220672,-0.836675897307025,-0.8845581589320501
-0.7270340599952233,-0.3341904414707964,-0.806283586492929,-0.8820775329305246
-0.7695817440846884,-0.2584824727693481,-0.7691453682066574,-0.8724029935690568
-0.8056349991982692,-0.18077520768656136,-0.7255961184320516,-0.855594851649544
-0.8348048420920164,-0.1016336241481443,-0.6760751310347025,-0.8317333596907728
-0.8568192058621065,-0.02169963278526331,-0.6210956803078569,-0.8009488155412091
-0.8715441564662663,0.05830681933244952,-0.5612016559829988,-0.7634553435400118
-0.8789710537566506,0.13761690881469885,-0.49692846260849133,-0.7195733816452663
-0.8791755772455891,0.21546197691273034,-0.42878404486477534,-0.669730426411119
-0.8722658844133894,0.2911243226173586,-0.35725767349580695,-0.6144384428651903
-0.8583413599844881,0.36397134473772613,-0.2828522951872199,-0.5542558526987392
-0.837478818400929,0.43346177612489956,-0.20612572891536413,-0.48974824456473054
-0.8097515954457886,0.49912426837377627,-0.12772129140100866,-0.42146234957874296
-0.7752734148726868,0.5605197081800102,-0.04837175944367604,-0.34992225224798046
-0.7342487567498881,0.6172048701433055,0.031129156784566656,-0.2756475765302254
-0.6870087649282163,0.6687139091105461,0.10998045717199226,-0.19918430102051693
-0.6340175201481912,0.7145663720777937,0.18743446209048514,-0.12113363582023906
-0.57584534082945,0.7542991988456396,0.2628424087017661,-0.042165148721403645
-0.5131188106694574,0.787510237612489,0.3356679861438099,0.03699328713402795
-0.4464662040320282,0.8138961799149238,0.40546376501375114,0.11558678100575899
-0.376478333169608,0.8332703224192207,0.4718199395534398,0.19287548387471642
-0.30369814804143835,0.8455540421028171,0.5343060052070784,0.2681727352908325
-0.22864050657738838,0.8507467401153337,0.5924293893133268,0.34086635310464314
-0.15183129142636506,0.8488877499304522,0.6456291036738878,0.41041703251462613
-0.0738474251419553,0.8400267335166347,0.6933093385504809,0.4763370225585147
0.004660669188347363,0.8242152148846507,0.7349025917416594,0.5381599725292612
0.0829751283589836,0.801522787178055,0.7699403710566846,0.595415986068528
0.16034437530824247,0.7720709811397646,0.798106255049865,0.6476233091843239
0.23603235923024224,0.7360701610961231,0.819252466646873,0.6943009059920529
0.30936495583860857,0.6938432466787174,0.8333746855583005,0.734997479242774
0.3797565031274863,0.645825168288813,0.8405553751262917,0.7693258672900292
0.4467076578838102,0.5925366401176171,0.8408974471602453,0.796989857947138
0.509777426894024,0.534541115479139,0.8344732330513321,0.8177939507203089
0.568542589725251,0.4724004957742908,0.8213073542567213,0.8316338750578676
0.6225626283263357,0.406645599919021,0.8013987642879855,0.8384735969799222
0.6713658279713037,0.3377714306699027,0.7747721900638045,0.83831977996
0.714463522382755,0.2662573505735044,0.7415382364203964,0.8312050675715268
0.7513881188771443,0.19260241947339152,0.7019386517082313,0.8171870658800517
0.7817411398743859,0.11736028460492313,0.6563595452066898,0.7963625428841208
0.8052337572569921,0.041158424889034956,0.605308031725513,0.7688893519552578
0.8217055267819873,-0.03530704784883397,0.5493617775935805,0.7350049702036339
0.8311157652885768,-0.11130011015241467,0.4891107845033972,0.6950318904806823
0.8335126059010716,-0.186087058738589,0.425112787578841,0.6493658434524313
0.8289929391518367,-0.2589773745864715,0.3578773345717074,0.5984504774125687
0.8176690431093292,-0.3293495129885805,0.2878817031161771,0.5427483587916216
0.7996539281000494,-0.39665446383323055,0.21560915211276116,0.48272021060881554
0.7750690839454251,-0.46039905285765415,0.1415915721564946,0.41882116770314226
0.7440690110812749,-0.5201189006369684,0.06643754598917867,0.35151569574234987
0.7068704775800831,-0.5753545587011047,-0.009166712480662483,0.2813046337345323
0.663773364187338,-0.625642298050761,-0.08448493262244045,0.20875204146590357
0.6151644025570249,-0.6705243670618471,-0.15877701671070843,0.1344987033387211
0.5615029255864098,-0.7095751431582786,-0.23134714440489032,0.05925378708208502
0.5032954459678465,-0.7424329726450545,-0.3015769290057233,-0.0162354648863787
0.44107015447586495,-0.7688252903556276,-0.36893336004396626,-0.09122735995280848
0.37536156276131827,-0.788577598794475,-0.43295153811495624,-0.16502845581143474
0.30671007043679216,-0.8016036690626867,-0.4932019558223737,-0.23702104477330277
0.2356737712928219,-0.8078819848525607,-0.5492574662472741,-0.30666675005142935
0.16284373870571967,-0.8074287945181661,-0.6006741917237582,-0.37348669055046546
0.08885210890055453,-0.8002790277335109,-0.646994151731495,-0.4370276946425249
0.01436541834030692,-0.7864825462685381,-0.6877682300637167,-0.496829356549323
-0.05993750754835169,-0.7661164573358868,-0.7225900914131287,-0.5524061938357776
-0.13339631224296042,-0.7393074247977072,-0.7511279589076345,-0.6032529875378968
-0.20539695009716785,-0.7062539031324768,-0.7731430086157538,-0.6488720443886309
-0.2753853189250859,-0.6672385735447237,-0.7884894124976227,-0.6888123646921277
-0.3428608193771051,-0.6226256791328315,-0.7970988851949652,-0.7227060391242522
-0.407352425772888,-0.5728444274239547,-0.7989585946666742,-0.7502884802329088
-0.46838776381035385,-0.5183653308613392,-0.7940930642220925,-0.7713957575095672
-0.5254695810916452,-0.45967887185748446,-0.7825577349705309,-0.7859416086260744
-0.5780719571517119,-0.3972842210481897,-0.7644457380055925,-0.7938848424393792
-0.6256611676255623,-0.33169074291121065,-0.7399030089142754,-0.7952015164705617
-0.6677361399995037,-0.2634289632271647,-0.7091430389602223,-0.7898739826222448
-0.7038749611169292,-0.19306325058568202,-0.6724529285264074,-0.7779016060879522
-0.7337705126200916,-0.12119763472907269,-0.6301866911787388,-0.7593286750766706
-0.757241650663321,-0.048469308249994764,-0.5827478962400507,-0.734277555176494
-0.774215337006803,0.024469954582992184,-0.5305688634102557,-0.7029725850751002
-0.7846863446861049,0.0969785128280262,-0.4740953399834018,-0.6657436440571125
-0.7886701536925007,0.1684465934563466,-0.4137830565343461,-0.6230063834066737
-0.7861677286112803,0.2383068073399407,-0.3501068683086399,-0.5752255410414381
-0.777156613147667,0.3060298607030437,-0.2835769152906006,-0.5228747100885299
-0.7616126720998156,0.3711083660042534,-0.21475228360303772,-0.4664075468568381
-0.7395547203197781,0.4330371797263698,-0.14424297457053342,-0.4062509669753249
-0.7110949402495831,0.491300778195719,-0.0726956714527833,-0.34282212099735615
-0.6764751485335143,0.5453757616394432,-0.0007659545215550389,-0.2765613500018705
-0.6360738690468414,0.5947504932929798,0.07091384036202214,-0.2079667429888346
-0.5903800125152222,0.6389565787158179,0.14175898464652295,-0.1376150090290817
-0.5399415964392409,0.6776014238701131,0.21123903775073283,-0.06615853914953371
-0.485307459257818,0.7103898664508841,0.2788637376566506,0.0057022542615945
-0.42698260207004657,0.7371265500700065,0.3441537295385538,0.0772626048678679
-0.36541255234608094,0.7576979711737277,0.4066088196275762,0.14785810964819734
-0.30100099493107646,0.7720411102104294,0.4656887044701337,0.21689514014739658
-0.23415217095530982,0.7801110165506234,0.5208173118750238,0.2838571757740948
-0.16532013854650054,0.7818603555581743,0.5714131812355943,0.34828663511671853
-0.09504454202282114,0.777239365067264,0.6169379753465561,0.40975120818411226
-0.023957945852966678,0.7662166354613509,0.656947352690415,0.4678095144679898
0.04723910893547335,0.74881279221122,0.6911263285066886,0.5219908984204926
0.11782673735783625,0.7251338655675736,0.7192960297227722,0.5717984100694957
0.18712052102887244,0.6953910403465136,0.74138881715956,0.6167348393806439
0.25451298909647757,0.6598986773961526,0.7574003709023165,0.6563427119691474
0.31948786645384886,0.6190509446948583,0.7673360494068223,0.6902438920955569
0.38160409007389406,0.5732857238519335,0.7711712021533371,0.7181648404261195
0.44045845608480827,0.5230493276001122,0.7688401016847928,0.7399393443947146
0.4956439245541559,0.4687750117467618,0.7602575729474148,0.7554892908075979
0.5467219356828866,0.4108825023383752,0.7453652211919223,0.7647922914082428
0.593221165644121,0.34979709604226183,0.7241850208746374,0.7678495074797136
0.6346644077869089,0.285978814090845,0.6968603980814289,0.7646662020762387
0.6706139937146854,0.219947855614129,0.6636697829601007,0.7552518853698845
0.7007188007586793,0.1522939226247319,0.6250080149510291,0.7396388084852232
0.7247452629434129,0.083663359802366,0.5813429196301416,0.7179102880686229
0.7425810642012571,0.014726922114838302,0.5331632689476862,0.6902267477859337
0.754210798893443,-0.05386120021017354,0.48093685393697905,0.6568387259999945
0.7596736325247886,-0.12149884022614887,0.4250927260079733,0.6180816848069037
0.7590196979714943,-0.1876535535063899,0.36603178056528696,0.5743548693103966
0.7522820841681344,-0.25185718169962024,0.3041587199436447,0.5260926656144927
0.7394748882873315,-0.3136808946829168,0.23992038872114077,0.47373944332320783
0.7206175084703372,-0.3727018801090958,0.17383355455538002,0.4177368531806101
0.6957752102346744,-0.42847599520966584,0.10648996903448525,0.35852695926181105
0.6650999100265351,-0.48052822656689786,0.038535909166025076,0.29656780830266904
0.6288553210350005,-0.5283657412991399,-0.029366456044627395,0.23235287165881782
0.5874168448177203,-0.5715094793987806,-0.09658163019961263,0.16642429550509596
0.5412462906067448,-0.6095331126539747,-0.16253200790692057,0.09937257105199365
0.4908508324662954,-0.6420955333285903,-0.2267075199275589,0.031820888196178634
0.4367410151944375,-0.6689557832094064,-0.28865240742962406,-0.03560131107355186
0.3794021784788721,-0.6899662921803761,-0.34793695393177326,-0.10228676144085472
0.3192877981918931,-0.7050486386965961,-0.40412767906464686,-0.16767130832501267
0.25683443643047343,-0.7141624732660874,-0.45676956903012456,-0.23124102559214665
0.19248976949323118,-0.7172803064153992,-0.505388544710279,-0.29252478987550495
0.12674066266547418,-0.7143778961980978,-0.5495138923091153,-0.351077299823189
0.06012902827967671,-0.7054433245558307,-0.5887123200682733,-0.40646106779376634
-0.006751340335373479,-0.6905002838734529,-0.6226208936249147,-0.4582359266680643
-0.07327600239199988,-0.6696356282784884,-0.650966993887806,-0.5059612005343441
-0.1388213045419635,-0.6430199517975301,-0.6735690787471402,-0.5492103679598273
-0.20279475636115654,-0.6109131629407448,-0.690319940955708,-0.5875930054840341
-0.2646543363672538,-0.5736532426526726,-0.7011610171575638,-0.6207760478115449
-0.32391184145874957,-0.5316329626235923,-0.7060593337765484,-0.6484969511431834
-0.3801221126862101,-0.4852736309173062,-0.7049967614539283,-0.6705648373365186
-0.4328654941822313,-0.43500530246322827,-0.6979753650628499,-0.6868505970251275
-0.4817330459309753,-0.3812593993021949,-0.6850353854197917,-0.6972712023476442
-0.5263221427592708,-0.3244739742445416,-0.6662768821618723,-0.7017754289819151
-0.566245142304729,-0.26510641557183673,-0.6418746077670281,-0.7003371324048552
-0.6011479876895295,-0.20364550429677972,-0.6120788115222628,-0.6929587319667752
-0.6307313749593028,-0.1406155101681558,-0.5772009666834299,-0.6796831570128408
-0.6547661517058203,-0.07656896419108605,-0.5375901127171046,-0.6606090251927081
-0.673097191601784,-0.012070046102554827,-0.4936096901080479,-0.6359026151069254
-0.6856349036619576,0.052325184444594705,-0.4456245855550186,-0.6058016292831446
-0.6923386547806138,0.11608407458849859,-0.3940036320284115,-0.5706090913050479
-0.6931995671440306,0.17870260204240335,-0.33913590801594407,-0.5306795179544495
-0.6882301289213058,0.23969954718417577,-0.28145280440215187,-0.4864021946132205
-0.6774649263420718,0.29860371531031277,-0.22144474792049385,-0.4381869550239999
-0.6609719517288319,0.35494164601891787,-0.15966310401674128,-0.3864562563217362
-0.6388694231475686,0.4082333276931027,-0.09670357392777337,-0.3316443843209004
-0.6113407293765539,0.45800016718135916,-0.03317502543379666,-0.27420165545998043
-0.578640892807545,0.5037842050965455,0.030335997643109798,-0.21459973301724206
-0.5410914229187924,0.5451725526836744,0.09329253423740949,-0.1533342593645495
-0.499065112347645,0.5818184241602518,0.15521645524983335,-0.09092269543781684
-0.45296625218727,0.613451120464301,0.21567679754457497,-0.02789764220103522
-0.403213323344972,0.6398715525260686,0.2742625576227335,0.03520214789060323
-0.3502298749239523,0.6609356580892223,0.33055168668573687,0.09784022583588288
-0.2944456649045937,0.6765329745108997,0.38408986855352856,0.15948836445910347
-0.2363057703156035,0.6865696128170657,0.4343891386670809,0.21962971379823765
-0.17628208539424595,0.6909630619203835,0.4809488182025965,0.27776070552450766
-0.11488073172226804,0.6896513357687066,0.5232925336936711,0.33339399248540375
-0.052640697359148815,0.682612957699908,0.5610086896692718,0.3860640936714851
0.009877314002958633,0.6698896326185733,0.5937801991707123,0.4353356971209442
0.07210886400084218,0.6516021219285868,0.6213932001810711,0.4808126267337468
0.1335049702574277,0.6279523924260147,0.6437223850187084,0.5221443491869616
0.1935465814795323,0.5992105419430311,0.6606993732576971,0.5590272918985191
0.25175049921769455,0.5656911030281551,0.6722768457781688,0.5912001621614789
0.30766644468188076,0.5277275938353838,0.6784025034523231,0.6184351416171123
0.3608684539790583,0.48565486157575954,0.6790128361428407,0.6405290652890978
0.4109458011896615,0.4398055497152668,0.6740488197391776,0.6572993501572854
0.45749844174240517,0.3905212065906064,0.6634870910537944,0.6685880034548897
0.5001397334715745,0.33817249638224245,0.6473742047946132,0.67427391188015
0.5385059543160704,0.2831791336166608,0.6258505079610293,0.6742899904557397
0.5722692884737666,0.22602010063270875,0.5991542990477811,0.6686391873820933
0.6011496641699172,0.16722845135172734,0.5676045737670893,0.6574030136034229
0.6249215557908201,0.10737104145960175,0.5315687748175228,0.6407385341838339
0.6434141978294372,0.04701942244472385,0.4914274211650612,0.6188638814885692
0.6565065201861106,-0.013278465149035322,0.44754825816898947,0.5920367492517693
0.6641202439158675,-0.07301659771221666,0.40027847789932347,0.5605332057404502
0.666215075252494,-0.13173401339693708,0.34995632603071575,0.5246342550319432
0.6627886403560685,-0.18900361233957166,0.2969359161639233,0.48462469764990435
0.6538813342817218,-0.24441292031137912,0.2416142006687902,0.4408040320200507
0.6395837320417976,-0.2975459520409397,0.18444857251074587,0.39350427366896046
0.6200427475869337,-0.34797442059088535,0.12595750587340365,0.3431066241542783
0.5954629684736681,-0.39526240600589635,0.06670329463665059,0.29004915436988377
0.5661014330750702,-0.43898299781164235,0.007262649854319004,0.2348210732059571
0.5322567573147567,-0.47874068545894966,-0.05180489588468566,0.1779444264321458
0.49425582563396325,-0.5141912900342631,-0.10998062910066739,0.11994910245283366
0.4524422552950915,-0.5450527139008705,-0.1667958333852035,0.06134974552670187
0.4071701115909898,-0.5711039758605888,-0.22182585176650965,0.002632425965603329
0.3588042156399812,-0.5921750302961055,-0.27467405575485265,-0.05574507098589336
0.3077257517838689,-0.6081335697917267,-0.3249540581734116,-0.11334111801788896
0.25433984198440107,-0.6188758333817959,-0.3722783403878047,-0.16971305088136254
0.19908112476834922,-0.6243261078055209,-0.41625813712981863,-0.224403921329017
0.1424143544459296,-0.6244452097237455,-0.4565144820506356,-0.2769407081808806
0.08482913868773811,-0.6192437542391596,-0.49269584744378225,-0.3268467709743802
0.02683022183994161,-0.6087934586634332,-0.5244955606788143,-0.3736652717366473
-0.031073775039820374,-0.5932302661721618,-0.5516628769543278,-0.41698539857318473
-0.08838011410491992,-0.5727465132921121,-0.5740047116364396,-0.4564615921092662
-0.14459835189966638,-0.5475742342172953,-0.591379106906739,-0.49181840480303685
-0.19925344040493814,-0.5179658575383635,-0.6036847606984408,-0.5228392523041372
-0.251887213189256,-0.4841801245324808,-0.6108520791382195,-0.549343922122528
-0.302060590997643,-0.44647923533390677,-0.6128399059642635,-0.5711645766002675
-0.34935817226004057,-0.4051386536320568,-0.6096390712171329,-0.5881310276809402
-0.3933952366822676,-0.36046552950994326,-0.6012806097797398,-0.6000726730394663
-0.4338253999534806,-0.31281764530381784,-0.58784439007908,-0.6068378678912307
-0.47034613245546136,-0.262613945952474,-0.569463832361425,-0.6083242362916548
-0.5026996857971457,-0.21033058523097492,-0.5463243076859559,-0.6045084423470619
-0.5306686312526856,-0.1564819602571647,-0.5186557438075574,-0.5954633746944651
-0.5540675402522692,-0.10159222230220774,-0.48672254979645996,-0.5813549713400898
-0.572734298913856,-0.04616677374944099,-0.4508150324523834,-0.5624185155294311
-0.586525197848369,0.009326434490045343,-0.4112455548976869,-0.5389222620447071
-0.5953168419024915,0.06445964956922187,-0.3683502295326543,-0.5111315258348074
-0.5990153904310096,0.11883220246211829,-0.32249408798376406,-0.479286683185423
-0.5975706283246143,0.1720480046793713,-0.2740757523145395,-0.44360358833188523
-0.5909901174437356,0.22369405179791524,-0.22352755231691396,-0.4042964490711476
-0.5793481826936926,0.27333015741679295,-0.1713088774747959,-0.3616144184569817
-0.5627860645078595,0.3204958492991299,-0.11789353447053538,-0.3158774500879765
-0.5415026918905878,0.36473358418184276,-0.06375468551748498,-0.26749663051194805
-0.5157390053286157,0.40562084220271294,-0.009352295725489639,-0.21696951878998633
-0.485761198508476,0.44279988012870486,0.04487274900803721,-0.16485009505128836
-0.4518486340669918,0.4759945020765489,0.098496334409715,-0.11170237518889342
-0.4142903059640311,0.5050079764572033,0.15110254753684996,-0.05805301340662885
-0.37339026913863593,0.5297033515290723,0.2022735647710065,-0.004358877212944427
-0.32947878955999754,0.5499741158613434,0.2515836371149845,0.048999676367034374
-0.282923555738688,0.5657167865347026,0.29860139035813427,0.1016983581371993
-0.2341351280048894,0.5768161591575853,0.3429014076176979,0.15342972057002363
-0.18356298420212325,0.5831489593100398,0.384082274030657,0.20386032009663452
-0.13168220215886792,0.5846044654541007,0.4217854837432707,0.25260067685894644
-0.07897453532915838,0.5811141447119514,0.455708999647773,0.2991997119308995
-0.02590989247548193,0.5726789970338177,0.4856111082232757,0.34316644595714085
0.027065895106738326,0.5593844025444723,0.5113038169628601,0.3840119908557575
0.07953361063095438,0.5413973046314072,0.532638973895156,0.42129782130120363
0.13109392593157596,0.5189474808261102,0.5494929820748313,0.45467446154502267
0.18135551307335065,0.4923006830043379,0.5617563684205985,0.4838985788003709
0.22992411264508522,0.4617341941180397,0.5693324072748767,0.5088244431564157
0.2763982337927464,0.4275238175356,0.5721453361887536,0.5293747546373602
0.3203744331319921,0.38994619121529284,0.5701549072140621,0.5455026414907702
0.3614612094943915,0.3492937395815484,0.5633715917765139,0.5571588596840683
0.3992970373416242,0.3058942353933848,0.5518666225580648,0.5642753242260137
0.43356635904682095,0.2601250024919213,0.5357731931585568,0.5667694390822144
0.4640081440213526,0.21241400909324032,0.5152786159063729,0.5645659269398033
0.4904145695661025,0.1632255475613506,0.4906106202300978,0.557626892259445
0.5126212803305086,0.11303463399214124,0.46202290990766537,0.5459787198310658
0.5304939558127345,0.062299060852311086,0.42978487925137393,0.5297265863667124
0.5439172388583675,0.011439239434501428,0.39417821908918826,0.5090526755050088
0.5527909331983425,-0.03916692847877546,0.35550002296735694,0.4842003879985268
0.5570352522182695,-0.08917276344802709,0.31406928429771674,0.45545153501976954
0.5566030839447307,-0.13824020042381607,0.27023248001783245,0.4231050807788368
0.5514942892288666,-0.1860154890359167,0.22436469220626237,0.3874641864608245
0.5417661641605654,-0.23211362333550492,0.17686499399469535,0.34883415897536263
0.5275357145461705,-0.2761186619626021,0.12814753984872912,0.30752928812887537
0.5089726656492044,-0.31760107073361893,0.07863171073420264,0.26388332747968357
0.4862858067872228,-0.356146776227084,0.02873491753606108,0.2182576587136783
0.4597078389672311,-0.391388247590728,-0.02112983021839162,0.17104297246612443
0.4294843146389058,-0.42302726831013293,-0.0705520195161112,0.12265357316898304
0.3958703841538131,-0.4508422959684338,-0.11912020358469073,0.07351663654604264
0.3591356915258268,-0.4746791082187162,-0.16642093637808786,0.024060556993521418
0.31957429978151664,-0.49442951989212924,-0.21204315880032484,-0.025293705780825806
0.27751440490029244,-0.5100070135951782,-0.25558870194969796,-0.07413631905857411
0.23332268121022418,-0.5213286994075202,-0.2966865532287485,-0.12206796745106846
0.18740033370659595,-0.528310047730058,-0.3350062665982648,-0.16869763160219445
0.14017136656834706,-0.5308736254619799,-0.37026548818417226,-0.2136419837474321
0.09206677188469009,-0.528967711218847,-0.40222836302305265,-0.2565285153425102
0.04350996611625628,-0.5225872166635714,-0.43069499686432167,-0.2970023679956424
-0.005091816190149529,-0.5117889938020225,-0.4554858409503513,-0.33473474651311885
-0.05334805272344205,-0.4966962837162765,-0.47642731011278966,-0.3694297800424614
-0.10087873878690112,-0.4774915092805324,-0.4933450250150764,-0.40082726070727775
-0.14730570535175752,-0.45440097093802023,-0.5060685880375457,-0.42870056901727216
-0.19224677082392333,-0.42767757449771965,-0.5144475934657995,-0.45285140019832404
-0.23531685973085334,-0.39758764085620013,-0.5183742076121308,-0.4731045265866994
-0.276137244276113,-0.36440538547978946,-0.5178048343222765,-0.48930595764919405
-0.3143505330101264,-0.32841502368005404,-0.512773260088712,-0.5013263616846155
-0.3496364223313834,-0.28991725794588574,-0.5033903848470103,-0.5090691206590434
-0.38172264793717164,-0.24923543757358532,-0.48983022877448024,-0.512480021012236
-0.41038729816934094,-0.20671742360245504,-0.4723066653068643,-0.5115544506013323
-0.4354520001032724,-0.16273163961046933,-0.45104848682740023,-0.5063386721013127
-0.4567691040396826,-0.11765872774660624,-0.42628078990608204,-0.4969240665545207
-0.47420839154708627,-0.07188229667955215,-0.39821815884426787,-0.4834362318276778
-0.4876490212749754,-0.02578253344529952,-0.36707071233964794,-0.4660231734878675
-0.49698030826494755,0.02026511939768958,-0.333059444272224,-0.44484744906937723
-0.5021113515594327,0.06588667516515027,-0.2964341633498599,-0.4200856370733541
-0.50298592664665,0.11070464175032638,-0.2574868200114895,-0.3919354237770468
-0.4995968995652704,0.15433546836527556,-0.21655517184475792,-0.3606271796481534
-0.4919945702667111,0.1963927125329652,-0.17401562374874666,-0.32643459265335717
-0.4802857457294091,0.236496850367428,-0.13026811216173084,-0.28967879311313427
-0.46462399783971664,0.2742896663149267,-0.08571853234631135,-0.2507226254834489
-0.44519498587089046,0.309448885602143,-0.04076451323406581,-0.20995549050082313
-0.42220252639660816,0.3416981829345347,0.004211629184048915,-0.1677730034867569
-0.3958605507201829,0.3708092105492111,0.04884223437316741,-0.12455801171113068
-0.3663934405445376,0.39659526331370615,0.09276862239242817,-0.08066927566479934
-0.3340435793406059,0.41889942917254686,0.13563490445347376,-0.03644134396662021
-0.29908181286729374,0.437582223600978,0.1770855464523232,0.007805122837396613
-0.26181518034753837,0.4525138766567376,0.21676889798517512,0.05174741876201053
-0.2225873157297656,0.4635745467779137,0.2543460060136613,0.09504635401086389
-0.18176990932433648,0.47066254522065354,0.2895015889619753,0.13733990958890707
-0.13974734100220354,0.47370746815542286,0.3219530931653414,0.17824846194008598
-0.09689951652712839,0.4726832368999535,0.35145464807564186,0.21739053508090372
-0.053588844733521344,0.4676161812426677,0.3777950270598274,0.25440391162477277
-0.01015578448937775,0.4585853601388917,0.4007913615170412,0.28896485050407916
0.03307595461153229,0.44571540261692333,0.4202821747630196,0.32079895403825054
0.07578732781941384,0.42916497207659016,0.43612350896432744,0.3496805787361743
0.11765057769571763,0.4091153608914365,0.4481904420677205,0.37542223850331813
0.15832080426591444,0.3857631892427597,0.45638379951173647,0.39785936477524314
0.19743692700170531,0.3593190260511854,0.46063946409132184,0.4168374850163698
0.23463293295511378,0.33001096546555064,0.460936435882209,0.4322076825222797
0.26955638649430125,0.2980900139069668,0.45730024217810084,0.44383261047332756
0.30188841007991374,0.2638335055801251,0.4498002462876598,0.45160083088720704
0.33135878993817364,0.2275439024194119,0.4385419943625203,0.4554436847307367
0.35775169817563557,0.18954268568842625,0.4236578262406522,0.455347737309651
0.38090100437410396,0.15016150767315034,0.4052996299321076,0.45135756160691765
0.40067790559857863,0.10973419066991184,0.3836365352703666,0.44356751709053555
0.4169761956346066,0.06859285086689493,0.35885798150442083,0.43210565291526015
0.42970097969588683,0.027069481444879112,0.3311799911479867,0.41711607217594715
0.4387649268759474,-0.014498399608946805,0.30085080221312577,0.3987467116108382
0.44409300247809064,-0.05576170563584941,0.26815203758187456,0.3771472513330214
0.44563332233057584,-0.09635774031389578,0.2333933755746272,0.3524776748286588
0.443369601519062,-0.13591529805098002,0.1969015061919434,0.32492355692040864
0.43733039841012916,-0.174067213101313,0.1590068062788411,0.29471127986327506
0.4275919560277456,-0.2104674022580472,0.12003246274935644,0.262116244811779
0.4142741486815864,-0.24480714606376103,0.08029007235237966,0.22745982185048727
0.3975316901121767,-0.2768250728558036,0.04008323989631256,0.191095189450044
0.37754428757326497,-0.30630730010290275,-0.0002826409158460941,0.1533865745288291
0.35450930099365857,-0.333077753565755,-0.04048903475817936,0.11468896106225565
0.3286388757116639,-0.35698244093277165,-0.08019699449559559,0.07533506835812086
0.30016125331936994,-0.3778738804478858,-0.11904839098315052,0.035633436550390585
0.2693240579024895,-0.3956019465592633,-0.1566769363788418,-0.004122988030201266
0.23639662024710018,-0.41001499673700825,-0.19272646901691076,-0.04364249838933272
0.201669098275536,-0.42097118696128794,-0.22687095570441654,-0.08262138289004944
0.16544788610007383,-0.42835591954962937,-0.25882970409084083,-0.12073801217245968
0.12804872799026845,-0.4320989762664236,-0.28837281186697267,-0.15765732681754474
0.08979015070529858,-0.43218503607416126,-0.31531537394353637,-0.1930444777107534
0.05098972619439989,-0.42865390684446414,-0.33950309834711434,-0.22658266461540152
0.011964305761805679,-0.4215908541024127,-0.3607951506971912,-0.2579886238441382
-0.026966654336454864,-0.41111124647320674,-0.37905102105388255,-0.287020344063424
-0.06547729091635353,-0.3973458026143517,-0.3941266033431924,-0.3134749225603832
-0.10323428251365901,-0.3804321881398912,-0.40588111976241736,-0.33717859427870983
-0.13990090582763307,-0.3605158121086164,-0.41419239219848253,-0.3579741497856914
-0.17514650043112395,-0.3377586243805035,-0.4189748517998576,-0.3757118948566164
-0.20865923958280588,-0.31235120827447715,-0.4201937608139958,-0.3902486325657675
-0.24015839435349162,-0.28452196752532266,-0.417870698170524,-0.40145559792513574
-0.2694020500940525,-0.2545383600686546,-0.4120787553049723,-0.40923235139780967
-0.2961876804791602,-0.22269846722736703,-0.4029297337894864,-0.41352099071521153
-0.3203455933013134,-0.18931531937292034,-0.39055842890795806,-0.4143147751608054
-0.34172800967353545,-0.15469959055759425,-0.37510978362122416,-0.41165747578349254
-0.360198300720121,-0.11914715623757766,-0.356733127133419,-0.40563353287745596
-0.3756249262026865,-0.08293615576731424,-0.33558459797336115,-0.3963528395821341
-0.38788283216260866,-0.04633432610981035,-0.3118355029071707,-0.3839361177188001
-0.3968621402262253,-0.009613045013806665,-0.2856821259643037,-0.3685065190427854
-0.4024810482432162,0.026938466928633123,-0.25735221356016624,-0.3501904205293145
-0.4046981267141818,0.0630057077309186,-0.22710503030338888,-0.3291265068005874
-0.40351934719968946,0.09825266882473645,-0.19522471396314733,-0.3054787669369929
-0.3989971751372433,0.1323368911056528,-0.16200942290994033,-0.27944741776668425
-0.3912221148975764,0.16493131273490255,-0.12776031648629926,-0.2512726607029424
-0.380309992735148,0.1957455255927341,-0.09277415098573816,-0.22122918894513066
-0.36638984467521196,0.2245390259967408,-0.057341411476265834,-0.1896132059856039
-0.34959690908488084,0.2511219412559225,-0.021749308369967787,-0.1567267703207602
-0.3300730590667117,0.2753434294152304,0.013713195985690277,-0.1228652612311494
-0.3079739228094519,0.2970726402896139,0.04875196794916453,-0.08831226463025417
-0.2834791756918891,0.3161799439368001,0.08306865589681499,-0.053342856217964064
-0.2568011580626468,0.33252596622918357,0.11636666466615321,-0.018232539254095494
-0.22818760687254866,0.34596288854248114,0.14836040863072864,0.016733422071299797
-0.1979166230635904,0.35634768941874795,0.17878451636199116,0.05125575024374392
-0.16628508094346847,0.36356241129684663,0.20739959533645347,0.08502526015527861
-0.1335942742225219,0.36753391498820354,0.2339926546758795,0.11773490276521925
-0.10013764704875075,0.3682459269899764,0.2583726670405459,0.14909570837757588
-0.06619456412987096,0.3657392937403402,0.28036396216479975,0.17885062464379078
-0.03203160682558365,0.36010094703979856,0.29980118207830125,0.2067808266553709
0.002090152765178821,0.3514463121474817,0.31652889702006515,0.23270203504834003
0.03590582580977207,0.3399020992118488,0.3304069200075186,0.25645252142919883
0.06914002879306985,0.3255958020095292,0.3413197464780743,0.2778780802556829
0.10150643153913988,0.308655130966528,0.3491865292382903,0.29682075484489434
0.1327145650661845,0.28921636271117096,0.35396749257603766,0.31311681156382887
0.16248199543048408,0.26743695269221424,0.35566396922638027,0.32660580542516543
0.19054783496242564,0.24350618759143317,0.35431181104818354,0.337148015489594
0.21668305939668087,0.21764872057569862,0.3499707014451522,0.34464391417366436
0.24069439759193675,0.19011900641581297,0.34271368177549355,0.34904819244402707
0.26242110372489474,0.16118855153406764,0.332621185321167,0.3503727341508368
0.28172666714963024,0.1311308684549025,0.3197819963759885,0.34867713317001736
0.29848936366533896,0.10020985226306292,0.30430056590548127,0.3440502223919867
0.31259579331770154,0.06867568121879887,0.2863072702333743,0.33658966875067464
0.32394013925115406,0.036769019494320425,0.26596672764453244,0.32638750520382953
0.33242944078367875,0.004730708410120535,0.24347987314995068,0.313527139090219
0.33799271873482195,-0.02718819537196667,0.2190779579020855,0.29809278737306755
0.3405903100298059,-0.05872126624254595,0.19300999856939915,0.28018726067594313
0.34021981905455356,-0.08958951191472667,0.1655280479431731,0.25995056911820436
0.33691658765774857,-0.11951173772332756,0.1368757536156175,0.23757135899543463
0.3307488485870958,-0.14821880349999172,0.10728447924936498,0.2132859262499998
0.3218097928489152,-0.17546642250998046,0.07697819770945012,0.18736441867734455
0.3102098039594344,-0.20104178328526842,0.04618465217951499,0.16008889688772504
0.2960717137211966,-0.22476194503101213,0.015147466534843737,0.13173114763522087
0.2795303496409799,-0.24646551681638873,-0.01586680307698341,0.10253823300294994
0.2607356032821968,-0.26600204525516946,-0.046570866220740914,0.07273067036162098
0.2398566535347746,-0.28322453865784963,-0.0766686676809023,0.042513103317242874
0.21708451327636433,-0.297989193211879,-0.10587358448240675,0.012092359143722545
0.1926309091598503,-0.31016321685842635,-0.1339265193445212,-0.018305117762646192
0.1667232534247423,-0.3196380117357433,-0.16060726054563024,-0.04842415414754205
0.1395973283416099,-0.32634243894339204,-0.18573489282557076,-0.07798436071209375
0.11149043490329467,-0.3302505685306144,-0.20915728730352756,-0.10669547204550639
0.08263763445447186,-0.331380403923489,-0.2307341023848942,-0.13427897046461099
0.05327236188615228,-0.32978373004373934,-0.2503204999777089,-0.16048796895617456
0.023630682312105127,-0.3255309463445159,-0.26775873471462275,-0.18511809918973263
-0.006043326442410311,-0.3186969322263806,-0.2828818286347581,-0.2080058430488846
-0.03549435180603382,-0.30935368575079847,-0.295528793017103,-0.22901584833247843
-0.064457432766458,-0.29757274124795696,-0.3055661586851579,-0.24802320383798385
-0.09266516382612355,-0.2834362963194845,-0.31290781526197536,-0.2648986171962863
-0.11985901288972309,-0.2670522411653138,-0.3175255002203875,-0.2795031497232923
-0.14580141262019733,-0.24856645750036438,-0.3194456695772398,-0.29169515203147556
-0.17028470704043056,-0.2281666512570436,-0.31873365332532155,-0.30134695420463764
-0.19313400210119092,-0.20607529580882922,-0.31547094178446067,-0.3083647735853412
-0.2142031418308428,-0.1825336712877292,-0.30973420403808455,-0.31270388085721035
-0.23336557563418087,-0.15778268735186915,-0.30158407586855884,-0.3143728923699147
-0.2505037991175682,-0.13204762271688014,-0.291068033581519,-0.3134253912344046
-0.26550158059555895,-0.10553245677579923,-0.2782362009408811,-0.309942158315185
-0.2782421129299264,-0.07842564390411343,-0.26316383566248436,-0.30401104995273487
-0.28861297128040286,-0.05091451224312023,-0.24597150695787823,-0.29571246192839873
-0.2965161904327761,-0.02320185479567998,-0.22683469747980817,-0.2851159975379001
-0.30187988982068426,0.004482776852642867,-0.2059784905873217,-0.2722893505285528
-0.3046673770691916,0.031882584901492206,-0.18365863441172028,-0.25731538956776245
-0.30488070250507016,0.05872508391893702,-0.16013543671552818,-0.24031003025437064
-0.3025577655211976,0.08474208523365068,-0.13564964674257984,-0.22143308833122907
-0.29776442953958016,0.109690996818105,-0.11040868600785006,-0.200887091172713
-0.29058477184796005,0.13336964335066645,-0.08458762061942107,-0.1789038649266806
-0.2811129736762138,0.15561924784310352,-0.05834367058514557,-0.1557236581685008
-0.26944937726374923,0.1763148326871209,-0.031837989461064045,-0.13157460992335634
-0.2557013723468666,0.19534726206559033,-0.005255852357326528,-0.10666028207630615
-0.23998781983892148,0.21260446968694657,0.021182785997439876,-0.08115977619046556
-0.22244445609813485,0.22795975062948468,0.047226542841880166,-0.055239917566444585
-0.20322759615396185,0.24127219006939227,0.0726085050042872,-0.029074129675270486
-0.18251442092780948,0.252399461172184,0.09706887306603301,-0.0028598853129476395
-0.16049969661084362,0.26121827609700804,0.1203761322969949,0.023172896120083136
-0.13739022560651565,0.26764469269958185,0.14233945027684863,0.04876662138457685
-0.11339905970392516,0.27164649464890944,0.16280870111144924,0.07365293128868333
-0.08874126528947707,0.2732429642287982,0.18166346343059153,0.0975759611612957
-0.06363201156535273,0.2724923100635655,0.1987965560174396,0.12031369773757683
-0.03828648761313944,0.2694718181892392,0.21409952793857423,0.1416899355394569
-0.012920257823148207,0.2642585489256838,0.22745635638281808,0.161573002396466
0.012251447402778906,0.25691802003024133,0.23874798433656186,0.17986252890063087
0.03701630927118436,0.24750497756090797,0.24786576957441794,0.19647006268104256
0.061169023460357685,0.236075422502829,0.254728264832944,0.21130151400469466
0.08451557536603631,0.22270452477872021,0.25929444223091114,0.22424845198813764
0.10687598926534755,0.2075027312312953,0.26156797533582743,0.2351915934379036
0.12808438943761824,0.19062316934449527,0.2615908299863149,0.24401494019279896
0.14798642485184854,0.17225700855696935,0.25942868482180925,0.2506248718354216
0.1664354516359189,0.15261830097447493,0.25515388581186477,0.2549667006568147
0.18328969017042318,0.13192400959082962,0.24883249464522303,0.25703239128732003
0.19841242523303476,0.11037676445783369,0.24052023632954225,0.2568567847925922
0.2116761672301697,0.08815665456481235,0.23026854898898072,0.254504240062397
0.22296997135771193,0.0654246014862448,0.2181379616391964,0.2500512765331583
0.23220754776472702,0.04233512333809071,0.20421324994548845,0.24357214204745992
0.23933310693227727,0.019052514866455556,0.18861429516330958,0.23513277508038474
0.24432245648224438,-0.0042368370176901,0.17149842094942386,0.2247950448471442
0.24717856009370143,-0.027321613840549583,0.15305338752370803,0.21262893043343256
0.24792294924567793,-0.04997388342242382,0.13348378249483178,0.19872714684558168
0.24658615285116833,-0.07196568877180584,0.11299586130267586,0.18321587024545757
0.2432009001045896,-0.09308768191630601,0.09178611383535312,0.16625692878862833
0.2378009309370392,-0.11316280724196914,0.07003699323362325,0.14804034316347248
0.23042610414588857,-0.1320501210695859,0.04792018343854358,0.12876995510492545
0.2211319396151695,-0.14963788401255212,0.025604789853690482,0.1086475155466691
0.20999979430338092,-0.16582940485970468,0.0032661000474242183,0.08786099905088057
0.19714337347084776,-0.18052797483050464,-0.01890930722420526,0.0665809840940605
0.1827084871682459,-0.1936274608745653,-0.04072450432057502,0.0449655456959438
0.16686545934366234,-0.2050126664375557,-0.06197894972927591,0.023170668494269797
0.1497964248902881,-0.21456945879068398,-0.08247840585632485,0.0013610971344701142
0.1316817836522468,-0.22220060740778214,-0.1020443294066446,-0.02028340346072629
0.1126904818176023,-0.2278409396734618,-0.12051953954431835,-0.041569302591431684
0.09297735831233431,-0.23146573743984733,-0.13776876571758928,-0.062297778840244344
0.0726880593006816,-0.23308910927305132,-0.15367490230108108,-0.08227714306763248
0.05196905574741867,-0.2327531942304951,-0.16813347098401304,-0.1013344128138258
0.030978279168173934,-0.23051277273617152,-0.18104823352293248,-0.11932175033849164
0.009891638604934583,-0.22642164943436766,-0.1923300044646289,-0.13611574154445893
-0.01109768323865181,-0.22052631199272515,-0.20189897708072022,-0.15161052192579383
-0.0317873742853233,-0.21286923775256006,-0.20968913718631602,-0.16570826967310734
-0.05197881627673436,-0.20350013002527303,-0.21565240026078547,-0.17831155613077904
-0.0714899445718839,-0.19249001695484003,-0.21976036973066285,-0.18932110962620544
-0.0901634852400671,-0.1799419205226914,-0.222002910215795,-0.19864015038143057
-0.10786777119016823,-0.1659931989791615,-0.22238440938191953,-0.2061836291947231
-0.12449033145362955,-0.1508080954832226,-0.22091984101364162,-0.211888639756542
-0.13992736153326607,-0.13456306482928604,-0.21763292401039536,-0.21572181610831365
-0.15407383395597268,-0.1174304287119958,-0.21255767847695953,-0.2176808259707708
-0.16681872101437695,-0.09956660099288112,-0.20574295208528864,-0.21778954341221726
-0.17804768688617237,-0.08110924706800085,-0.19725783507006434,-0.21608906957892168
-0.18765252025129747,-0.062184072492763476,-0.18719510927622848,-0.21262838360944403
-0.1955437773839187,-0.04291798597659713,-0.17567041975697378,-0.2074583937657865
-0.20166173417106398,-0.023452771119121883,-0.16281655955523952,-0.20063156334507148
-0.20598136819206703,-0.003953194495170793,-0.14877441554103843,-0.1922068137453279
-0.2085094597511128,0.015394250095547887,-0.13368377771208673,-0.18225712031011493
-0.2092750493206878,0.034391950325934624,-0.11767757419059739,-0.1708760801255022
-0.20831713117776357,0.05284734027360218,-0.1008818973777518,-0.1581802077558285
-0.20567451610311144,0.07058860783751421,-0.08342184739372766,-0.14430557851175757
-0.2013818266551113,0.08747417362950546,-0.06543068158830087,-0.12939987830633834
-0.19547299422239434,0.10339275111858985,-0.04705811397768826,-0.11361288849669693
-0.18799047610228506,0.11825463974441615,-0.028473626055681905,-0.0970890964433636
-0.17899600522250264,0.13197842252821018,-0.009862431094131058,-0.0799652013362086
-0.16857802432156327,0.14447900083697052,0.008585368463845992,-0.06237317607813557
-0.15685232247526854,0.15566219948897259,0.026689031116257728,-0.0444471464199986
-0.14395522758173762,0.16542832997341705,0.04428981034834481,-0.026330674997344435
-0.13003184122325798,0.17368330179665176,0.061257299484570885,-0.008180799324045775
-0.11522392450168858,0.1803526968758146,0.0774870902206072,0.009833525951513822
-0.09966225288158367,0.1853929753897391,0.09289070081734516,0.02753863135923746
-0.08346643702615107,0.1887951652085494,0.10738183403422179,0.044766684471765815
-0.06675208066166563,0.19057949753682185,0.12086460725952032,0.06136588164903196
-0.04964199598621622,0.19078319394502527,0.13322876447458015,0.07720666795654468
-0.03227633594978421,0.18944643592038865,0.14435421969978268,0.09218193942720058
-0.014816736344645875,0.18660229330527023,0.1541236117824374,0.10620156633355207
0.0025581542112148234,0.18227474913485264,0.16243832350494336,0.1191837993811864
0.01966493015382298,0.17648561271323482,0.16923194042860434,0.13104728017650624
0.03633141704799454,0.1692674350238127,0.17447602235630255,0.14170701869947067
0.052410653066998665,0.1606770357891483,0.1781760106846653,0.15107599842249417
0.06778770206095538,0.1508039384376437,0.18035894274223382,0.15907174550168618
0.08237679194384771,0.13977000742068252,0.1810578563090914,0.1656252132479487
0.0961099811092833,0.12772007003945102,0.18029904910348613,0.17068848679531023
0.10892185467772827,0.11480686208415118,0.17809717998965272,0.17423841732238293
0.12073632465849511,0.10117582846280793,0.17446001988141718,0.17627505578281066
0.13146081353717398,0.08695527087469054,0.16940075082331812,0.17681590800436514
0.1409902377978629,0.07225511249947741,0.16295264461739067,0.17588867023374555
0.14921939893495914,0.05717407433411355,0.15517996825505312,0.17352556093186972
0.1560591352308875,0.04181174949870474,0.14618046532464013,0.1697614882511801
0.1614501680009801,0.02628024607441228,0.13607814791632517,0.16463649591515284
0.16536953972043206,0.010710439266240178,0.125009034113784,0.15820100464000142
0.16782748828732164,-0.004749778781668681,0.11310530074910952,0.15052113913597928
0.1688563461985818,-0.01994454542284814,0.10048393747233841,0.14168141355847563
0.1684961027359539,-0.03472275274238706,0.08724413309945,0.1317832247753526
0.16678242011062205,-0.04894950319164375,0.0734740500802343,0.12093944472374077
0.16374171997660864,-0.06251209052196721,0.05926380064126026,0.1092671037221549
0.15939496035850603,-0.07531874446074766,0.044718893003541454,0.09688097991456276
0.1537681351694693,-0.08729145439372353,0.029968206679736147,0.0838905057589175
0.1469048022300292,-0.09835659598204798,0.015162770838898092,0.07040095272114344
0.13887516921343285,-0.1084378363185731,0.0004653598471695136,0.05651799199954183
0.1297777280245342,-0.1174546181417784,-0.01396533667902427,0.04235325920437852
0.11973250593893658,-0.12532696961742346,-0.02798999061305646,0.028028108568378812
0.10886842730004276,-0.1319845728011098,-0.04149758657523029,0.013673516685535833
0.09730965598116545,-0.137376159859165,-0.054404826276430375,-0.000574248584403976
0.08516615963457397,-0.14147517610198745,-0.06664662044580162,-0.01458075617207355
0.07253196983942037,-0.14427928571695614,-0.07816189216186208,-0.028220695635270673
0.059491445996638276,-0.145803975045685,-0.08888077550464907,-0.04138260948656203
0.04613058602088922,-0.14607306285429467,-0.09871866805334992,-0.05396946573325163
0.03254839271033081,-0.14511025057039578,-0.10757974393421328,-0.0658952517605569
0.018863317585942792,-0.1429353645857446,-0.11536862442910453,-0.07707947700767882
0.00521184000903906,-0.1395668624936341,-0.12200553594352488,-0.08744235571933688
-0.008260548537773658,-0.13502939166303538,-0.12743883815337811,-0.09690311627471603
-0.02141261456898172,-0.12936290665633668,-0.13164986992481498,-0.10538248565077565
-0.03411988452806686,-0.12262906976669485,-0.1346482001739677,-0.11280852794440951
-0.046281730740237725,-0.11491173793752833,-0.13645929813620547,-0.11912348533884012
-0.05782064838828478,-0.10631084330092001,-0.1371097416330277,-0.12428874973156992
-0.06867452333600288,-0.09693184696194121,-0.13661608720351695,-0.12828582361122096
-0.07878550674237497,-0.08687495293576235,-0.13498201449806657,-0.13111281016622242
-0.0880904055141212,-0.07622852460818523,-0.13220494112397346,-0.13277788868623921
-0.0965167573253409,-0.06506949316846283,-0.12828937641002236,-0.13329255277784027
-0.10398631372287032,-0.053470639129528284,-0.1232614496133482,-0.13266752993095643
-0.11042452974628766,-0.041511665336524506,-0.11717847362280365,-0.13091317580039696
-0.11577214811616945,-0.029289215407148923,-0.1101293347647289,-0.12804420496121072
-0.1199941004254575,-0.016921203716063368,-0.10222515885541257,-0.12408669891494392
-0.12308207095439558,-0.004542980584112448,-0.09358361350226042,-0.11908425151472982
-0.1250497022291859,0.007703883848279781,-0.08431278268779174,-0.1131003582064474
-0.1259224667497219,0.019686370529987035,-0.07450074656564272,-0.10621565635502392
-0.1257264241171326,0.03129294084190273,-0.06421473434331289,-0.09852076804704323
-0.1244805219119701,0.04243980542793209,-0.05350990302986315,-0.09010738350192954
-0.12219560519454223,0.05306824371313498,-0.04244396505160291,-0.08106104068274052
-0.11888049443593751,0.06313417373362899,-0.031091579468353038,-0.07145842918230794
-0.11455253509486524,0.07259422205143667,-0.019552551470735976,-0.061370203379785014
-0.10924813361211,0.08139392300496687,-0.00795038391221917,-0.05086798123995104
-0.1030287517203262,0.08946282038579814,0.0035784273552412135,-0.04003239502057834
-0.09597965071260658,0.09671848885074746,0.01490031782802613,-0.028958523702283828
-0.08820161180251583,0.1030779409606136,0.025899773951079008,-0.01775602954936228
-0.07979870454504581,0.10847196424378996,0.03648806249327885,-0.006543460575675501
-0.07086676850863886,0.1128568102312163,0.046602634220144254,0.0045614047439046235
-0.06148696608614396,0.1162187729804543,0.05619802580820547,0.015451608523735269
-0.051726687673113836,0.11857008106496852,0.06523242285130244,0.02603765951163288
-0.04164709742906433,0.11993800433013163,0.07365563203163966,0.03624830740416886
-0.031313921042749625,0.12035173482728168,0.08140344224459481,0.04602535658277887
-0.020806787129414285,0.11983237454266946,0.08840059708743156,0.05531487847649816
-0.010223055760124073,0.11838996070791441,0.09457101849614685,0.06405868140280874
0.0003256661944278094,0.116028480371415,0.0998509888310452,0.07218980922601115
0.010723147048662743,0.11275650431380835,0.10419989603842583,0.07963417923979685
0.020860642347270447,0.1085987686144636,0.10760428098367131,0.086317905811015
0.030646880508181845,0.10360368191255512,0.11007378000735688,0.09217744686922233
0.04001221432040741,0.09784346084923368,0.11163091586017079,0.09716846412373908
0.04890562454318784,0.09140666614863656,0.11229915898509052,0.10126974357137891
0.057286148927351704,0.08438605174317602,0.1120942564796267,0.10448051694027619
0.0651125103890205,0.07686655537524653,0.11102230853058864,0.10681224885004797
0.07233534845968573,0.06891817075771359,0.1090851344627205,0.10827828222960681
0.07889528851028918,0.06059639868453874,0.10629036512346879,0.10888568563286996
0.08472762198161113,0.05194983139451049,0.10266172780656435,0.10863279692890515
0.08977164608875585,0.04303148186559599,0.09824496385581102,0.10751362696893899
0.09398084211399535,0.033908936994470854,0.09310672219018487,0.10552741504639773
0.09732980656982862,0.024668911882346968,0.08732677983008945,0.10268939836912283
0.09981526618444053,0.015414093181418499,0.08098677286559545,0.09903820952244685
0.10145098918442855,0.006253320698778091,0.07416008284459595,0.0946365515149448
0.10225890625156162,-0.0027111356311497192,0.06690700468874518,0.0895644497574624
0.10226023892555239,-0.011394298128011654,0.059277051343842944,0.08390738345838393
0.10147030360763945,-0.019733164653124385,0.05131719341589557,0.0777437308691612
0.09989899840516861,-0.027683818529232365,0.04308228356966243,0.07113633578437127
0.09755650750740458,-0.03521252499230876,0.03464295339075914,0.06413143440226508
0.09446152274477518,-0.04228477936190786,0.026087303407597615,0.056765279240414815
0.09064822174288317,-0.04885700806499532,0.017515303562443366,0.04907571844713655
0.08616879156685361,-0.054874410284159236,0.009027891683515372,0.04111397743768955
0.08109020097462742,-0.060275794605897354,0.0007150106450910035,0.03295176757283799
0.07548638614542491,-0.06500332288324556,-0.007352689158758474,0.024680677236518504
0.0694289806243464,-0.0690130492316493,-0.015125247129060979,0.016403857984420817
0.06298035924306399,-0.0722818669794173,-0.022567505662096143,0.008223076749129372
0.056191807030402385,-0.07480804414083009,-0.02964857603555729,0.0002260344004922643
0.04910746886204092,-0.07660526161607101,-0.0363312205550978,-0.0075212840810652964
0.04177228792571141,-0.07769280863745703,-0.04256573842052028,-0.014974503428071065
0.034240428935763546,-0.07808618325897143,-0.04829104892645816,-0.022103388963464365
0.026580427156517025,-0.07779212659484194,-0.05344264129863133,-0.02888033849434639
0.018874620649667675,-0.07681018777527326,-0.05796416771993815,-0.03526972015318118
0.01121276921215155,-0.0751400927114764,-0.06181790525880981,-0.041222509425697135
0.0036821676677287335,-0.07279166925313404,-0.0649897560096819,-0.04667844415035485
-0.0036419737676391117,-0.06979293245819138,-0.06748671320689018,-0.05157480169633244
-0.010702191914381834,-0.066192648914327,-0.06932785525770205,-0.05585818435651255
-0.017458383311884512,-0.06205598733875753,-0.07053263098800353,-0.059494485053094404
-0.023881727758002208,-0.05745476968883338,-0.07111133552462454,-0.062472982534389654
-0.029945580185652243,-0.05245614292283024,-0.07106176485676571,-0.06480295213808965
-0.03561718471329542,-0.04711422089968613,-0.07037345014194707,-0.06650426441347829
-0.04085367449096858,-0.04146807683729224,-0.06903768459214163,-0.06759590656030107
-0.04560401561558999,-0.03554686881125318,-0.06705909736407617,-0.06808718909095371
-0.04981608770114784,-0.029379923283852624,-0.06446383324406305,-0.06797525700358903
-0.05344599004367412,-0.023007511553965354,-0.06130076591479841,-0.0672498882863096
-0.0564657853935461,-0.01648770653248404,-0.05763504694771615,-0.06590352436185193
-0.058866592437961385,-0.00989626075321964,-0.05353648060033833,-0.06394229243776628
-0.06065590549014527,-0.003319273615181851,-0.04906738546111375,-0.06139335020896636
-0.06185042324752624,0.003158640209673609,-0.04427484311024467,-0.058305385590715075
-0.06246750102521928,0.009466118258617484,-0.0391904265706728,-0.054741917599759965
-0.06251884246063838,0.015552196205014718,-0.03383738629585073,-0.05077000771233413
-0.06200902002827324,0.02138613843952951,-0.02824213931241125,-0.046448880709522786
-0.060939303954626906,0.026950219474662376,-0.022445066310999427,-0.04182298939141757
-0.05931498435349872,0.032228566635577924,-0.016505853208578572,-0.03692222228358491
-0.05715286386576282,0.03719673992122628,-0.010500842395973958,-0.03176900263463987
-0.05448551516542921,0.04181637538517742,-0.004513176246427906,-0.026389176131786762
-0.05136027390785136,0.04603710542124148,0.001380449050452752,-0.020822009159207525
-0.04783319009431718,0.04980496756675884,0.0071211150453883085,-0.015124970034822285
-0.04396033397193598,0.05307385833961509,0.012672493779245432,-0.009371100770571086
-0.03979002068147597,0.05581536675940346,0.01801716043646326,-0.0036398302065509536
-0.03535917557287584,0.05802302461088432,0.023145907025935747,0.001995219561007712
-0.030695339999453605,0.059709333434191436,0.028044469569535976,0.00747663286362972
-0.02582343096060257,0.06089690254395291,0.03268321176068885,0.01276772272077957
-0.020774320372688684,0.06160742704214653,0.0370141701441649,0.0178494806192466
-0.015591461864751754,0.06185306653947098,0.040976901796828474,0.022711338195303618
-0.010332535869053607,0.061633723493876164,0.04451098304407014,0.027339632595855104
-0.005065117979860173,0.06094121962079582,0.04757025371338533,0.031708576424935436
0.00014213405334248183,0.05976847735644236,0.05013312105766843,0.03577747591214661
0.005229369471947513,0.05811973382015395,0.052204766340982534,0.03949535719751521
0.010152582146382177,0.05601740568901678,0.05381032838638694,0.04281111576739338
0.014884971895992076,0.053502644428757656,0.05498176605000016,0.045685049318017895
0.019412096495151646,0.05062927003458126,0.05574365096671918,0.048097091659649566
0.023722826522409757,0.04745353730077534,0.056103571810097314,0.050048449080817625
0.02779986257648892,0.044023917073458,0.056050960760760715,0.05155607152898681
0.031613792381800274,0.040375048152009985,0.05556473745858889,0.05264233706761845
0.03512324784057476,0.0365282501531221,0.054626591239170436,0.053324273032583
0.03828123766894351,0.032498225983270825,0.05323444068794014,0.05360678244083397
0.04104519327115702,0.028302981356620655,0.051410546340745794,0.053482636970525355
0.04338671703356811,0.02397263613825409,0.049200930213759764,0.05293915174496075
0.04529710598867326,0.019553263672222227,0.04666628521771095,0.05196865526586833
0.046786414970207774,0.01510397692162347,0.04386800040900994,0.05057827273779453
0.047876436275213874,0.010688313867836014,0.040854885049478276,0.04879481389613821
0.0485904400992323,0.006363374440658785,0.037655855145682426,0.04666258390914338
0.04894383009206543,0.002171122476563196,0.03428138970791307,0.04423487725313613
0.04893948173360696,-0.0018646164488202235,0.03073297963597292,0.041562549598372606
0.04856960340653979,-0.0057342927939028066,0.027016544552018865,0.03868429710644061
0.047823279424017984,-0.00943359691112848,0.023154202891038266,0.03562259008190888
0.04669651928700544,-0.012953102230349414,0.01918948679366588,0.032386885239492
0.04520060569352313,-0.016271001764114945,0.015183794752605465,0.028982733857796317
0.043365228456133526,-0.019352070543387806,0.011205458224583591,0.025422952951293133
0.04123502698856131,-0.022153390440322607,0.007315796845121254,0.021736147486981588
0.03886086328755134,-0.024634540376641867,0.0035577315295084178,0.01796893180411941
0.036289302073643934,-0.026768064588116813,-4.8558868003756306e-05,0.0141807671276847
0.03355450103370122,-0.028545876652066676,-0.0035013540603415494,0.010433356368911297
0.03067571555551507,-0.02997891034365699,-0.00680642028693601,0.006778774968155599
0.027661311536848157,-0.031090110853149056,-0.009963984711942861,0.0032510470857907633
0.02451750800447216,-0.0319036198068821,-0.012959067486114459,-0.00013551938295548044
0.02125813648834653,-0.03243459771329843,-0.015759137731432726,-0.0033806758050955524
0.017911299545004925,-0.03268388177286409,-0.01832000531150492,-0.006487667540936742
0.014520099018446262,-0.03263968866866003,-0.020597463268406335,-0.00945215754401893
0.011137051657919223,-0.03228565756419892,-0.022559853467665925,-0.012255215116682303
0.007814406305156648,-0.031611891804217626,-0.02419639309090739,-0.014863252036662403
0.00459425477869236,-0.0306243919055363,-0.025517892087986827,-0.01723492093626329
0.0015024005404024078,-0.029348906644769995,-0.026549655231594763,-0.019332130011232365
-0.0014516089447862979,-0.02782750796505444,-0.027319581897062475,-0.021130647649826695
-0.004268421275550528,-0.02610918244024231,-0.027846423762461978,-0.022625955844362347
-0.006949398310010187,-0.024238195234543666,-0.028133041338105805,-0.023831978959127045
-0.00948771101279594,-0.022244903547473716,-0.028167379113793592,-0.02477324896258687
-0.011863737504631974,-0.0201426922383193,-0.027930647245423337,-0.02547375926856693
-0.014046685595384856,-0.017932186176944448,-0.027409199884128044,-0.025947100907649165
-0.01600176776409319,-0.015610899206156575,-0.02660507675785638,-0.02619191995705955
-0.01769995050735952,-0.013184243715956868,-0.02554074897379202,-0.02619451941129268
-0.01912623411414531,-0.010673270703726489,-0.024256034088512415,-0.025937470276391622
-0.02028303121837892,-0.008115866812556004,-0.022798406097515087,-0.025410616501726796
-0.021187245917362055,-0.005560842063126709,-0.021210667410083664,-0.024619876168951574
-0.02186226526612524,-0.0030572815844740094,-0.019521036431825553,-0.023590156447403365
-0.022328179623772038,-0.0006434921732536084,-0.01773968993892107,-0.022361128684705994
-0.022594276157217888,0.0016599587185865197,-0.015863109957220956,-0.0209775469442392
-0.022656900089707957,0.003850306462269134,-0.013884339498338415,-0.01947802695762467
-0.022503544995605446,0.005935801646757964,-0.011804797285672831,-0.01788681564960569
-0.022121441789223595,0.007924948856934295,-0.009642655076428266,-0.016211828060702788
-0.02150703941701075,0.009816288470418537,-0.007434208201020181,-0.014449632705851687
-0.020672386118286326,0.011593006852365473,-0.00522757705952189,-0.01259520347759853
-0.019645688535296024,0.013224653682764223,-0.0030712590211152187,-0.010652307251603342
-0.018465723479794457,0.014675292794281564,-0.0010021888298300669,-0.008640160787104487
-0.01717231332869945,0.015914736324534093,0.000961823161190159,-0.006593557693570059
-0.015796702789938805,0.016928219456989732,0.0028222078076084005,-0.004556381279829489
-0.014355719668821085,0.017720501084640114,0.004592310803424614,-0.0025711560049523005
-0.012852046136483213,0.018312666902595615,0.006285690997636331,-0.0006689185172361178
-0.011280411829934688,0.01873292012553815,0.007904908044675023,0.00113645919596983
-0.009637083668783297,0.019005128001845117,0.009435451138448993,0.002847218606648723
-0.00792867447231626,0.019139822435003312,0.010847328900219846,0.004474449791400603
-0.006176580523417099,0.0191313440037206,0.012103673045468943,0.006027693793100787
-0.004415166967104225,0.0189622850463156,0.013172814154656182,0.007505774626151762
-0.0026844018923905394,0.01861337387224811,0.014038860129852573,0.008892693958068631
-0.0010199294420695677,0.018074692117977575,0.014706432152065088,0.010160306006086861
0.0005553744622788914,0.017353559752832107,0.01519762632483293,0.011276669073496587
0.0020349357457192796,0.016475788041643902,0.015542471235856642,0.012216613369991317
0.0034257048900632678,0.015479727112988062,0.01576681928291067,0.012970146863768309
0.00474026954593626,0.014405497644055437,0.015882644192286813,0.013545218312606563
0.0059871580882859265,0.013283774247468544,0.01588469757054249,0.013963693381801284
0.007163368786547268,0.012128666808160188,0.015754831783850495,0.01425220508654454
0.00825222604065158,0.01093755320441913,0.015472123058364748,0.014431651310487167
0.009227453356167523,0.009697852238330834,0.015024539752279228,0.014509657460809386
0.010061777833594604,0.008397871277228242,0.014417279937690056,0.014479079461071825
0.0107365066964408,0.007037195363690622,0.013674299367696971,0.014323110104567452
0.011248115404179401,0.005632288602285516,0.012832380377339664,0.014024813468002273
0.011609122120307958,0.004214966570135124,0.01193017888470907,0.013577082041128438
0.011842881725283597,0.0028243467354326732,0.010996752813584545,0.012988845195272242
0.011974438262704445,0.0014955742105492824,0.010044269909604511,0.012284920474078656
0.012021192729587626,0.0002499433083199727,0.009067842354647193,0.011499539529887373
0.01198720705038503,-0.0009095513637880567,0.008052471520303577,0.01066620190402505
0.011863451638754241,-0.001995450189751679,0.006984140478221872,0.009808025868582315
0.011633841468368378,-0.00302704562568748,0.005860384941368549,0.008932549976907511
0.011284513174078345,-0.004019253402362921,0.00469590874490608,0.008033084423076618
0.010812461535910936,-0.004973762498181322,0.0035208844385697796,0.007095989675772012
0.01022992668185048,-0.005876126585372669,0.0023726276142185167,0.006110801311927316
0.009562687167040493,-0.0066999859034595,0.0012840882036909036,0.005078944007997077
0.008842936531215179,-0.007416649626117031,0.0002739206719165402,0.0040173705352516305
0.008099657706734764,-0.008006049884374311,-0.000657766681141779,0.002955575464270513
0.00735043666271866,-0.00846451619377156,-0.0015262470030323327,0.0019271896172675176
0.0065980518885355235,-0.008806142409136936,-0.0023529404302064794,0.0009596158573256866
0.005833193336744619,-0.009057175930666128,-0.0031539748568203962,6.598422829330944e-05
0.005042126386884151,-0.009245747843563787,-0.003931317811292495,-0.0007572539787655923
0.004216074447044152,-0.009391186197670695,-0.0046701807804135215,-0.0015261099801412784
0.0033583919935816983,-0.009497317590033985,-0.0053437846833576386,-0.0022599806976616107
0.002486526150903074,-0.00955249977082824,-0.0059235099941137015,-0.002971487853826983
0.001627933021978379,-0.009536331490716865,-0.006390210187794801,-0.0036594584156044996
0.0008116251758930292,-0.009430215498282948,-0.00674197493425524,-0.004307968417843325
5.883896083588164e-05,-0.009227354537074142,-0.006995094642836361,-0.00489185621841727
-0.0006233250163218407,-0.008937998693379565,-0.007177793299669943,-0.0053864252128465115
-0.0012426671683494275,-0.008587734992457574,-0.007319294572494875,-0.005777313118372804
-0.0018167560274930626,-0.008209497693517809,-0.007438723366451891,-0.006066427722698858
-0.0023640344890582393,-0.00783258263527413,-0.007538417381939819,-0.006271470189270351
-0.0028948566721006402,-0.00747319146457244,-0.007604399573968704,-0.006419215901319081
-0.003406170915135752,-0.007130397107217745,-0.007613797421052171,-0.006535303049508306
-0.0038820494651777837,-0.0067891740428024094,-0.007546116500299377,-0.006634722707938676
-0.004299839809519458,-0.006429208049531933,-0.007393676511827985,-0.006716913495547622
-0.0046393813124566,-0.006035804389143598,-0.00716686063976768,-0.006767459360435782
-0.004891459121783834,-0.005608344025191853,-0.006891972881764574,-0.006765658680960546
-0.005061981206075553,-0.005162754874515535,-0.006602555827021392,-0.006694806371982165
-0.0051701331684192164,-0.004726947809847788,-0.006327727788758217,-0.006550911546299401
-0.005241256271161399,-0.004331086437438996,-0.006082332974821941,-0.00634622372569614
-0.00529737556975271,-0.003996705817398274,-0.005862950325296622,-0.006106090510504175
-0.005349274470697232,-0.0037291786831027338,-0.00565138519244613,-0.00586042870282899
-0.005393368832555076,-0.003516647457801208,-0.005424175113173599,-0.0056333173890165955
-0.005414644991236811,-0.0033358675489134904,-0.005164156218979747,-0.005434994812825958
-0.005394415593127727,-0.003162548629743349,-0.004869288184979222,-0.005259542338559131
-0.005319654102870455,-0.002981919763745608,-0.004555073749612858,-0.0050891831351226186
-0.0051900178095678345,-0.002795152148586527,-0.004249562350831605,-0.0049033863910694225
-0.005019628751829208,-0.0026189885420333098,-0.003982998086245786,-0.004688982838761693
-0.004832854196992323,-0.0024787413317354443,-0.003776389510857462,-0.004447085026423558
-0.004655813524249333,-0.0023975674409057596,-0.0036337256887440765,-0.0041939354574133635
-0.004507107918200373,-0.002386471002642096,-0.003541055128359838,-0.003955325540596251
-0.004391591222743678,-0.0024391852821823157,-0.0034728062266181185,-0.003756894119379961
-0.004299742102265053,-0.0025340675245083127,-0.0034027342055067723,-0.0036143223068086996
-0.004212880712610952,-0.0026422394014916223,-0.003314968783940775,-0.0035274848668578745
-0.004112056637024929,-0.002738622263577156,-0.0032105990516346217,-0.003480980406078339
-0.0039869188168423705,-0.0028113197377362398,-0.003107082106028912,-0.0034508223166828146
-0.0038408894524982057,-0.002865485544188681,-0.003030733860015386,-0.0034145235043341153
-0.0036904969717947433,-0.0029200978725739124,-0.003005424140515467,-0.0033604057741858095
-0.003559143085245825,-0.0029989978985277277,-0.0030421691028139908,-0.0032922893450167273
-0.003467884008639819,-0.0031199235261035324,-0.003133942687119154,-0.003227634108246183
-0.0034270424903021686,-0.0032860977374571942,-0.003257869640099678,-0.003189917852995827
-0.0034321242313840247,-0.0034838712743051753,-0.003383909336761609,-0.0031984238319831965
-0.0034657322741916824,-0.0036874106095669823,-0.0034864555542220566,-0.003259682482011403
-0.003504692976923917,-0.003868503034898857,-0.0035540725016600105,-0.0033641263093306534
-0.0035294534715221704,-0.004007429810977903,-0.003593359500590587,-0.003489357508436375
-0.0035318736919005,-0.0041004138589362665,-0.003625365537840791,-0.0036086894195607594
-0.0035182029904812506,-0.0041605645592902515,-0.003676055230144651,-0.00370143946803482
-0.0035060253124620452,-0.004211932742838896,-0.0037647853775222007,-0.0037607266303664177
-0.003516452481325691,-0.0042791401034468005,-0.0038955702983159146,-0.0037955603355173673
-0.003564810057596804,-0.004376878596781236,-0.004054756847570076,-0.0038263715508849994
-0.003653682334493369,-0.004503628491874391,-0.004216076252479356,-0.0038758516732459447
-0.003771206089184659,-0.004642196214372361,-0.004350988033762895,-0.0039589067484905455
-0.0038953319011479776,-0.004766847953687359,-0.004440043567625215,-0.00407589973911536
-0.004002305661665789,-0.004854081429663898,-0.004480577227332236,-0.004211991134618356
-0.004075881089877026,-0.0048925678133663955,-0.004487553556516317,-0.004342862323055974
-0.004113475819660456,-0.004888134168756254,-0.004487229065238275,-0.004444462321536655
-0.004126750386489811,-0.004861704560473298,-0.004506255371005616,-0.004502750706457975
-0.004136395355453182,-0.004841028405627109,-0.004560728833510969,-0.00451940766712676
-0.00416330192552887,-0.0048495939124601276,-0.004649704712783587,-0.00451114633657642
-0.004219777098122629,-0.004897289738514415,-0.0047558378572224135,-0.004502903982988783
-0.004304432858903945,-0.004976657260121656,-0.004852856929618975,-0.004517714495561646
