ch0,ch1,ch2,ch3
0.014937860499251889,-0.019981712498731683,0.013710154723108185,-0.01697712307511084
0.01205570323645278,-0.02114395167804027,0.019827844665932366,-0.019455692665404027
0.002108626128915145,-0.014574187689781236,0.022985618371191723,-0.02172736612296746
-0.010806848352441665,-0.0030160606025653185,0.021914464607643316,-0.022880421105455847
-0.02137366497287355,0.008720920768789862,0.017092168196004526,-0.022472818745319558
-0.025259023119142226,0.015754327050363885,0.010550984374644846,-0.020714935195371164
-0.020907442596586195,0.015151564067919496,0.005040037430266573,-0.018379193576627807
-0.010180046644940183,0.007144253912493103,0.0028873520248778066,-0.016475169911795973
0.0024229525024178442,-0.004968812763408562,0.005032323902026068,-0.01582664770189552
0.011632262848348118,-0.01618965703460498,0.010630640995290637,-0.01672772792648554
0.01359553518149451,-0.0218928460454216,0.017397914291371806,-0.018821606727023692
0.007473017504358455,-0.019742262046097317,0.022552615544955804,-0.021252164800955948
-0.0042177396665839355,-0.01065858075203219,0.023969760690108696,-0.023024262757549933
-0.016649487556170666,0.0015632798720273241,0.02106764203865255,-0.023421414691150465
-0.024689359163180134,0.011827879731145824,0.015058433055027874,-0.022305749923494638
-0.025027661348224674,0.015851638834358344,0.008455549513515589,-0.020174716174933736
-0.01754883141795668,0.011938277931047275,0.0040383183798129805,-0.017951009348886618
-0.005377063735085128,0.0016815855415635275,0.003700480623790914,-0.01659399668630136
0.006420940751416128,-0.010695435144932274,0.00765932240871443,-0.01669565944474109
0.01293698256938975,-0.020090730590817125,0.014355151850028187,-0.01823056631396529
0.01145437841749173,-0.02263698864175967,0.02108643093846876,-0.02056491406621183
0.0025703199342972864,-0.017302968081895152,0.025121306088637742,-0.02272121904626553
-0.010056663616222102,-0.006319100752127063,0.02482761343582173,-0.023788167831804003
-0.021227830938911337,0.005748209970093562,0.0203534503230039,-0.023304209819453203
-0.0263617087976119,0.01388894073548478,0.013574142947938395,-0.021454185874925594
-0.023392455684108648,0.014723378967978944,0.007323761978321789,-0.018996199468694554
-0.013622059411932891,0.007897957655820883,0.004225662849862699,-0.016948547689569098
-0.001174143513870823,-0.003774679471554676,0.0056041711472329045,-0.016166839084541706
0.00872223997344344,-0.015487623095558447,0.010928484504137565,-0.016987546573688325
0.01190507570734396,-0.022435532549351756,0.018021988730549922,-0.019086875065248088
0.007005571712527028,-0.021804912360588045,0.023954697072230188,-0.021614299033152574
-0.003988446175325779,-0.013932718399086358,0.026253422528920354,-0.023545696361722608
-0.016564994564383827,-0.002153647234871002,0.023930808905888074,-0.02410932567916665
-0.025569244312094244,0.008598000719886057,0.01790640037513901,-0.023107182449002478
-0.02735089396545104,0.01384816819921278,0.010641757513080817,-0.02099739805192057
-0.02128429085376561,0.011446066846146104,0.005135294685428944,-0.018702487754536184
-0.010028668553246706,0.002454372356324562,0.0036877122312431163,-0.0172222841199463
0.0015804317524126608,-0.009303798412625897,0.006945876800118724,-0.017211971990412057
0.008548225393343172,-0.018851477379662557,0.01362098496619355,-0.018700859353972088
0.0078075526823534825,-0.02214699844305303,0.02100112576392341,-0.021069950532731006
-0.0004932319139486363,-0.01778266212215385,0.026051940179382845,-0.02329974199346233
-0.013039157284747855,-0.007581721799363631,0.02665628563667914,-0.02438794266771923
-0.02471716833357866,0.004158546016126947,0.022484959415485308,-0.02376612304671763
-0.030738426595127964,0.012464608449491592,0.015140428292928448,-0.021543772604814986
-0.028633913482600224,0.013776021964969293,0.007513013848372296,-0.018478128204225508
-0.019293342065200506,0.0074523865830147164,0.0026119824018351625,-0.015679736987786116
-0.0066125289615992814,-0.003936225898719412,0.002349598716439058,-0.01417132604936821
0.004109220986402978,-0.015663793089158645,0.006775526342834698,-0.014477279754184369
0.00836129847725025,-0.022814503288915666,0.014073827886338337,-0.016408777485935545
0.004296997292183087,-0.022343553805095492,0.021321307565931744,-0.01913082295664505
-0.0064858028650893445,-0.014370838901763952,0.025693113170614502,-0.021484428365276177
-0.01958486401119767,-0.002160449074431283,0.025618266606661628,-0.02243603380742256
-0.029594224097881098,0.009216146165875993,0.02140965283365913,-0.02147739364378047
-0.032324862970434916,0.014985832851090211,0.015110901100589007,-0.018821389129260898
-0.02653070520379196,0.01267587060677831,0.00962653583465669,-0.015322213887277718
-0.014428613297608132,0.0031754952206087617,0.007497915369654944,-0.012157509896808937
-0.0007979251456171581,-0.00959498996616641,0.009833407245079771,-0.010401000680476127
0.008969905974195615,-0.020283963325102926,0.01583662094323421,-0.010651244918756991
0.011069556509887554,-0.024324388299510225,0.023128078502550546,-0.012852486428742005
0.004825868878657577,-0.019850947364037048,0.028726328296576908,-0.01636182960828995
-0.007046611227411781,-0.008518793265424054,0.030280711769923724,-0.020218332412156807
-0.019568487766195006,0.005127881060609761,0.027043421165223753,-0.02349470341985435
-0.027535500456017402,0.015492014465526805,0.02017675922986561,-0.025590194288017707
-0.027631589025897213,0.018218585471087498,0.012267982989296496,-0.026359914676990413
-0.019749482130539824,0.01200598714552986,0.006254171336354159,-0.026052377689145936
-0.0069867740918287125,-0.0008172454216535573,0.004205997630700664,-0.025109016544416232
0.0056641812332820585,-0.015199282981201446,0.00647922206817427,-0.023931599828091083
0.013376308928957956,-0.025396259394115075,0.011590436601097657,-0.022725339829398002
0.013438888487597372,-0.027304588274042623,0.016871585803512123,-0.021479316416966623
0.0062971816681582455,-0.020142406106359062,0.019631185826131707,-0.020074958871774688
-0.0047327373391366665,-0.006789580014661992,0.018335075939973928,-0.018451181060451162
-0.014930238652766763,0.0073587951013393505,0.013306536027435369,-0.016729755800000537
-0.0201826859229246,0.016563822576802292,0.0066418040917882734,-0.015227362916737111
-0.01868937096092255,0.017058337880599413,0.0013625619232063716,-0.014339889587841761
-0.011643189158959379,0.008566039605167058,0.00014750020662044632,-0.014351587581550761
-0.0026173334867253925,-0.005591727570579781,0.004167165983408331,-0.015264361135543901
0.004062675688706223,-0.019841583536344673,0.01251268175791646,-0.016739526265062837
0.005250443772092342,-0.02860493389200131,0.02247102334443384,-0.018195582280133328
0.0003760988257412894,-0.028530334585998227,0.030553452898084754,-0.019032193987379795
-0.008296311304512199,-0.019806647355208307,0.03387118824590391,-0.01888640788727072
-0.016666013570672395,-0.0060327930828994025,0.031302721123236454,-0.017803112510028724
-0.020619516716086847,0.007287406075499955,0.023973747110942013,-0.016231815472762673
-0.01789163218628682,0.014996152690501047,0.014844307729512203,-0.014835613746520919
-0.009148165582992513,0.014350666497437268,0.007558154997380685,-0.01418468682389512
0.0021999458805960397,0.006067309749727622,0.005009820010466231,-0.014466885233061545
0.011400420892277226,-0.006071246806390877,0.008202291872321648,-0.015352489457605882
0.01440240797780256,-0.016860868113815305,0.01585369190890086,-0.016092580226644792
0.009669440917673825,-0.021872357050296495,0.024910539969661277,-0.015831692519350654
-0.0010298477454217308,-0.019277941649182416,0.031760063323193095,-0.014016327517948218
-0.013228725371192459,-0.010549912616260327,0.033652964021884425,-0.010725366745284582
-0.021555493750516845,0.0002482502826930523,0.029765480575178076,-0.006764457445913012
-0.021989510251780482,0.008265344529001897,0.021478843619838792,-0.0034529098629785073
-0.013638677353852527,0.009988275721044057,0.011774049007033268,-0.0021569703416065423
0.0007291629710572651,0.004783721798182835,0.003999369343667808,-0.003737018917997475
0.015667098240855656,-0.004804088446692007,0.0005203281288903902,-0.008129191590896409
0.025182692011740303,-0.014134238834012786,0.0018043002185143709,-0.014247272208259268
0.02517366461314782,-0.018479618115432497,0.006308045284378144,-0.020276395179899227
0.015166774210643103,-0.015119983794747629,0.01120274851455857,-0.024277655973684094
-0.0013759900959032512,-0.004626055994609312,0.01362528658802504,-0.02489190992500068
-0.018346284036093036,0.00922693905730995,0.011928830106118745,-0.021876291401992896
-0.029383328599987223,0.020908843427890077,0.006408961671709744,-0.016254898870930116
-0.030419664030260196,0.025367761765487832,-0.000798621248755361,-0.01000225600403585
-0.021345744200247724,0.020131093649845135,-0.006607307051897775,-0.005354737184191529
-0.00610293049643401,0.006400378379725684,-0.008286153731003238,-0.003993325043548633
0.008855157652933703,-0.011328355323897981,-0.004639454129655256,-0.0064014402390309005
0.017129410273337572,-0.026982888778764796,0.0034344680176074775,-0.011647080699953322
0.014941301478111695,-0.035282485733290445,0.0132435854001444,-0.017686201809846158
0.0026592493205063058,-0.033792828748894756,0.021345255932387414,-0.022089983164685658
-0.015340378849531442,-0.023828960517451675,0.024908246346028704,-0.02293605985181635
-0.032431161529820084,-0.009837342233813018,0.02283684159133988,-0.01953610379203601
-0.042408387734315975,0.0024864465194072145,0.01619684024292702,-0.012727088735522208
-0.041993525492896595,0.008565349072405984,0.007769903878002188,-0.004612132174981708
-0.03215203605462203,0.006812231073964743,0.0009211358081499617,0.0021601011319546414
-0.017682606919630972,-0.0007732565365369722,-0.0017532096357098137,0.005317500143080519
-0.005236822354648652,-0.009533091962988571,0.0005579142161410157,0.003754138474051737
-0.000568404051268747,-0.014219966805645929,0.006614512276292792,-0.0020958393268711464
-0.006129502558053822,-0.01134201626189104,0.0137118034985332,-0.01042774264861051
-0.019997134215265628,-0.0007933435108603489,0.018864988161858595,-0.018706127809297313
-0.036578573099715024,0.013933586186345817,0.020089296905458128,-0.024532039570423717
-0.04882591776648626,0.027075175014757966,0.017232318647228614,-0.02641973722484405
-0.05107804450129284,0.032943977532500814,0.012003360573584629,-0.024210515410860133
-0.04139066461109833,0.028341196913557253,0.007182970958639708,-0.018996962509005486
-0.022416448382549733,0.014032312929188582,0.005344565667785415,-0.012618385928911697
-0.00047553348395927813,-0.005351020311279136,0.007633541342628263,-0.006944190994975207
0.016821711735560668,-0.022986784172457583,0.013136323055133469,-0.0032279838817164536
0.02346382780112596,-0.03247552480575853,0.01913448765509213,-0.0017691567057270877
0.01730657891643577,-0.03035680695142403,0.022172582210358987,-0.0019832477628254895
0.0008435730717853744,-0.017517088308830742,0.019522547608184535,-0.002814400536415841
-0.01979666180954942,0.0010916297856459383,0.010446438524906666,-0.00329066883770153
-0.037202244276227446,0.01833276009021559,-0.0032794500417362648,-0.002977298881465927
-0.04543499074310897,0.02763609538804291,-0.017832116112871586,-0.002139541123356814
-0.042118080648969665,0.02553764074961427,-0.028659378238815564,-0.0015584847947265068
-0.029078447555393808,0.013006670032107953,-0.03215840055991178,-0.002094449006368063
-0.011366603316841264,-0.0049620010172840585,-0.02706753595713495,-0.004199800654936261
0.004874948768847482,-0.021324811627661568,-0.015020548933146518,-0.007603145120809319
0.014789312139059034,-0.02974937816248403,-2.9169743069703365e-05,-0.0113127243631449
0.016473138909257546,-0.02706667300088173,0.012926811198040032,-0.013950484972500673
0.011320515650186578,-0.014455267435707325,0.01967606667103202,-0.01428681773813992
0.0030068674872037893,0.0030913731549137556,0.018330052742629544,-0.011758139611361677
-0.004356040871123212,0.018779148942226057,0.009903286240765695,-0.006751522092491817
-0.008044651258743573,0.026691096661762,-0.002142033718935725,-0.0005316148856326459
-0.0077352956067627985,0.024061211959399878,-0.013235911649170267,0.005172107358796502
-0.005307174354672919,0.012255958397507975,-0.019400682761699733,0.008763449498523871
-0.0035970361786273296,-0.0038950685752564998,-0.018662588737065174,0.009334094926925534
-0.004736378741908941,-0.018114714997658255,-0.01165497716394033,0.006962972226635727
-0.008881444103423682,-0.025206712735880984,-0.0012199572559698306,0.0026500104565776116
-0.013958091604882152,-0.023078620466627217,0.008793017193090457,-0.00208197739224463
-0.01657222873499734,-0.013467160595209374,0.015031978282306875,-0.005754995647860748
-0.01369083026833656,-0.0011121642329876267,0.015856079785535403,-0.00744930647862958
-0.004321848401860474,0.008247362750824362,0.011805545611040892,-0.007067902865657911
0.009614706544780145,0.010219678725021135,0.005190163756866929,-0.005263800529531735
0.023702860843112086,0.0034996794762030903,-0.0009856090347151994,-0.0030811974084433646
0.03265298762617687,-0.00967729478235463,-0.004289840924858185,-0.001476216557181359
0.03249989767505591,-0.02450867449324384,-0.0037992309836305423,-0.0009263965657644983
0.02244892284147988,-0.035587692766730905,-0.0003427308989716589,-0.0012934017107317742
0.00553701146473896,-0.03903452867077768,0.0040064201838611495,-0.0019900972010959864
-0.01226243477846572,-0.03393430873432794,0.006935653348898307,-0.002368921361031059
-0.02421781968962409,-0.02253228857538024,0.006944854016257808,-0.0021496927972506504
-0.02546908048304947,-0.009161669268017307,0.003994246341178896,-0.001683350083023722
-0.015045792737307717,0.0016032216981991354,-0.0005140108191604699,-0.0019136355128887585
0.003583694937409432,0.006778423360438549,-0.0043901807236815405,-0.004025443446150213
0.023717381135766828,0.0060350748756009265,-0.005645729556813304,-0.008904939361895044
0.03795296847655828,0.0015940211496346436,-0.0033792223974930366,-0.016626353140160893
0.041064932348908845,-0.002949333220443274,0.0018239061536973287,-0.026185358897530975
0.03207146146962909,-0.0043246247373141455,0.00814377964301159,-0.03561465312037603
0.014638014097504416,-0.0010635500296875039,0.013311835155792059,-0.042475032195038634
-0.004377502132910229,0.005873404069864441,0.015581009340715601,-0.04456987832024567
-0.017679801443851232,0.013566650314248668,0.014454228921109506,-0.04063940334969595
-0.0204931266329005,0.018473779860718076,0.010852559743383219,-0.030789707683865027
-0.012520271063424935,0.0180361868064229,0.006649536503039812,-0.016502269550079007
0.0019085960451405185,0.011856112492997289,0.0037755269914170153,-0.00021799515037421277
0.015583794252330602,0.001941777353812317,0.0032864443941624934,0.015359655830570822
0.02137468388772902,-0.00807324977103285,0.004812646334653549,0.028002124484175953
0.015209088363591774,-0.01438961764652151,0.006646081922689176,0.03648714709916602
-0.0021416033112379557,-0.014550392988307804,0.006452417945407328,0.04076106907415319
-0.025217124373783338,-0.0083602940458737,0.0023242200882705854,0.04170883790737293
-0.0459291539451069,0.002154288935526675,-0.006264033421401648,0.04065019701522497
-0.05672035433407438,0.013692642384410581,-0.018011357660770014,0.038771077726367655
-0.05355980998564785,0.02309118316044463,-0.03006817090107873,0.036706501822730185
-0.03756723328540264,0.02856519100354555,-0.03895691025523017,0.034416625663605656
-0.014602554213459568,0.030238581788111583,-0.041792017336311736,0.031373542067057766
0.007026058768620995,0.029750670001311073,-0.037329500617201895,0.02695348383282355
0.01982421103852673,0.029152037511922257,-0.026439179108026695,0.020854938239508812
0.020039417052594297,0.029628520286550702,-0.011819220018387254,0.013364460886885013
0.009085482281799203,0.030676341869095576,0.0029301524360207045,0.005364351555893085
-0.007099877414307523,0.030152211061049167,0.014510123658932759,-0.0019125250513381908
-0.02049366129674467,0.025224445851648358,0.020943346624999346,-0.007272096433782264
-0.02423035860426332,0.013829033656926514,0.022039543579438513,-0.009929761316927086
-0.015339972372217545,-0.004023468948325223,0.01917102889262486,-0.00971455907295387
0.004112274449366249,-0.02571770693374079,0.014503836082857003,-0.007034331778881501
0.027920711088468133,-0.04659817653522865,0.0100402420451482,-0.002631750961710134
0.048275487034445216,-0.06148117483808416,0.006882314194249442,0.002752884474967615
0.05888597162984672,-0.06654278684839816,0.005005744171546143,0.008661886977195617
0.05741254997499369,-0.060816495435983484,0.0035945391576665594,0.015023769547421354
0.04622937757875729,-0.04666043263278325,0.0017352324902722737,0.022041514778943158
0.031239828965986365,-0.02895920249852276,-0.0008866495556214014,0.029923155201588683
0.019272558329855995,-0.013344224069365512,-0.0036383965602151836,0.0385826784543575
0.015165875082004234,-0.00413149618896369,-0.0051255290313636185,0.04745383098360575
0.019763420927923138,-0.0028068672456443896,-0.003845577304038866,0.05551200824555865
0.029650282986481584,-0.007673125452968003,0.000980356292485121,0.06151026157645639
0.03872240138637552,-0.01479394823532347,0.008788374466778607,0.06434252656055282
0.04091172636972287,-0.019825088722783973,0.017581780941280906,0.06339035436687869
0.03290650190195132,-0.0199441392914738,0.024468668007349946,0.05871357163312359
0.015711148513389835,-0.015042705642620101,0.02665298189244072,0.05100951435828015
-0.0056197690901086655,-0.007656938847858762,0.022495387077507697,0.041363059238521446
-0.023969920612195342,-0.0016585933258684692,0.012206485457293645,0.030898899337015152
-0.03304268259550642,-0.00027939806189495865,-0.002134361125203901,0.020489110363679956
-0.02992857596179285,-0.004357975021517619,-0.017275373690009834,0.010643122090952313
-0.016280496797565346,-0.011635327945085653,-0.02995124247625697,0.001622503782745755
0.00239879012860859,-0.0174950406286277,-0.03805349058120871,-0.0062855636025185915
0.019059656341129886,-0.01691914234586351,-0.04134344020044221,-0.0124871845172746
0.028031455894882526,-0.006872361652472158,-0.04141408490111545,-0.015965145973289595
0.027337851790724566,0.01191917904522022,-0.0409076894392317,-0.01544087297815781
0.019420944238501194,0.03464173619995549,-0.042300720699560215,-0.009809789201357458
0.009961148773742505,0.053803503978067956,-0.04675144581952982,0.0012891874782253886
0.0052840878978529645,0.06194279954727399,-0.05349035565479128,0.017001086102293176
0.009449449246664876,0.05461664484275124,-0.060021891245555396,0.03511470760871182
0.022264549082067507,0.0324615040896744,-0.06308061800672764,0.05239415143788568
0.0390914809216653,0.0014188086251578661,-0.05997642639493204,0.06535207913177987
0.052573715018037946,-0.02909022201985615,-0.04979682397625677,0.07125273920489388
0.055604004906377735,-0.04943927798793796,-0.03397900649726464,0.06901019250933832
0.04432616299021448,-0.05330754573034745,-0.016004526816101698,0.05964004129339778
0.019931582808702768,-0.040063051441434266,-0.00031048878230049314,0.046047351313592104
-0.011506470061320287,-0.015048670235804076,0.00918227401444475,0.03215542765790904
-0.041120012016280696,0.012402143955055275,0.010373594189557696,0.021624422314331836
-0.060431330679489074,0.03249900409186667,0.003636357029942967,0.016584397704723176
-0.06436929791812229,0.038722932152303574,-0.008413118258418735,0.016841369596549853
-0.052930757166847454,0.030283877538694232,-0.021915603374437546,0.01988138724093647
-0.030868540059473062,0.012313692708252635,-0.033137522294762675,0.021732375928444615
-0.005603211487414438,-0.006318006833400833,-0.03967689580562924,0.018434287478751393
0.015724254836921407,-0.016729789291405478,-0.04105994335357707,0.007626444022270859
0.028818711430818617,-0.013824431386749764,-0.03853971115533738,-0.010318604425237587
0.03338235206482819,0.0013791925759749748,-0.034233771187987934,-0.032061734828489445
0.03246028589864088,0.021862557765032084,-0.029999478108605534,-0.05211600731972665
0.030387051098222484,0.037199804143142945,-0.026538770566914515,-0.06449905533001246
0.03034737265319064,0.0376631290513521,-0.023115629185800204,-0.06468698034574549
0.032713994500791085,0.01824878200437265,-0.018005506103211534,-0.05119864544671821
0.03495065369258316,-0.018979461550847503,-0.009486114567858587,-0.02623583142790005
0.03313157501415448,-0.06520727416454117,0.0030516964573505537,0.0048857106177590745
0.024355362459007504,-0.10779985827675106,0.018354088509276546,0.03535904768109873
0.008869742387757217,-0.1347712116244729,0.033263446822189686,0.05902509772054419
-0.009205661663874999,-0.13909654271686145,0.043463235368223704,0.07228792810642584
-0.02307793639675866,-0.12120601313624019,0.04478258628131195,0.07512630119749907
-0.026047086656238356,-0.0886844265794427,0.03461774617737995,0.07083275506722295
-0.014711869041709905,-0.05327848053784901,0.012975949406457864,0.06456921127072342
0.008833435487991917,-0.026361916927758557,-0.017224904100852804,0.06126790542142666
0.03695317656976574,-0.01461711745364947,-0.050714241728193075,0.06366333644443868
0.05887407874587683,-0.017616459818437395,-0.08111673090598094,0.07121110764290266
0.06478828847451248,-0.028251705618573885,-0.10251353317250468,0.08033235084696162
0.050091192864672646,-0.035847827486083686,-0.1108692844619372,0.08592566063044817
0.017977415058906075,-0.030741927781958934,-0.10495293885192225,0.08359288820473565
-0.02085755611565436,-0.00852201036273369,-0.08655870398877115,0.07171972710723386
-0.05157160232870613,0.02776345824247474,-0.060039681323251944,0.05256277360079752
-0.060507008964940906,0.06833711685286768,-0.03133072600099139,0.03183376830091164
-0.04053353989070173,0.10013846554484111,-0.006718016854566638,0.016826840854334682
0.005705869054366253,0.11169748801948613,0.008389022925767091,0.013705503389552462
0.06605755803782536,0.09758127676812452,0.01048112599315282,0.024935896805009673
0.12273372356296684,0.06070256898633684,-0.0013700091473403877,0.04786908786124541
0.15849350539330967,0.011580989610421998,-0.025262137560065158,0.07511142215062325
0.16285528617254583,-0.03520038340233999,-0.056698664459325934,0.09669363949427355
0.13595998834477913,-0.06604075792692321,-0.0893247396084183,0.10337805467670634
0.08853202119591251,-0.07300408692289238,-0.11610597017026834,0.08997772485341306
0.03785147134367889,-0.05641750577961891,-0.13078420587874626,0.057486747330272474
0.0011989634050927208,-0.024456912806682746,-0.1293252929059677,0.013184416918195342
-0.010745761786318517,0.010077224578125996,-0.11099497641828268,-0.03143526848628432
0.0020038164761900282,0.03455119268298413,-0.07871755505695095,-0.06428225280351264
0.028788667239847212,0.041057216353233776,-0.038517478896264945,-0.076630299581481
0.05254019235053233,0.029068144304641507,0.0019031129851488015,-0.06604530707169039
0.05662048372197745,0.005263659453890264,0.035111429091085944,-0.0372330021435692
0.031641050002497915,-0.01932145005892051,0.05586135933503079,-0.000467675683285468
-0.020398012739619085,-0.033686744345185836,0.06238019735880423,0.03188662062704838
-0.08630138910572042,-0.031116068805814145,0.056589189941193344,0.04956784029172791
-0.1461956575862408,-0.011713197247435603,0.043163747751681907,0.04786118328740476
-0.18068666314314044,0.017668622725917803,0.027744772445439034,0.029094799458114818
-0.17794167063244165,0.046005714658971374,0.014931682531192194,0.0016740790535292435
-0.1379998067971597,0.062176736114202893,0.006788642033561211,-0.022979456582218918
-0.07268162519142068,0.059005082603511935,0.002421675737156771,-0.034473574475782816
-0.001168880734324272,0.03581577364736653,-0.0012152349550395775,-0.02702492532087763
0.05700733538070703,-0.0013534666920318563,-0.007608636515328607,-0.0013140820618320578
0.08885218203866656,-0.041870192159166306,-0.018768509578166493,0.03599318314967778
0.09203881772641112,-0.07411276127972141,-0.03391840584329572,0.07480331944667311
0.07477841673935161,-0.08924499318549727,-0.04939355030074631,0.1052208403594168
0.05162090294925773,-0.08386224614267257,-0.05987698362611694,0.12086833871941315
0.036981970199075856,-0.060687803056664054,-0.06055070934767618,0.12068696784847092
0.03906095758414497,-0.027226943881475736,-0.049324253042534745,0.10862189131307513
0.05660742259071315,0.007012100212427262,-0.028205451768411143,0.09143115582289554
0.07980179587417303,0.03369074185388755,-0.003157950538339788,0.07558179694780191
0.09482234943332503,0.04813219454295276,0.017642930857562463,0.06453213976383519
0.09016188266444178,0.050391508047181434,0.02660178996030457,0.05751489853805315
0.06204249295827486,0.044705032600208645,0.019525801050539065,0.05030601750560085
0.016644109129868873,0.037664080320968595,-0.0026221472149682962,0.03763918207172103
-0.031836622993448555,0.035818119197264964,-0.03379011082425376,0.01623440227388223
-0.06657242868784748,0.04349843659969414,-0.06480434552355742,-0.012870161508756828
-0.0747886656425869,0.06148109411734122,-0.0865791358609819,-0.043742896885701175
-0.053036469668920616,0.08677978496051686,-0.09339366984075262,-0.06711001885168912
-0.008883940515094571,0.11350783901583875,-0.08498101747409602,-0.07354317182405053
0.04172647243136483,0.13448329549769406,-0.06658535055704876,-0.05710309391230369
0.08047003502438974,0.14312314106825821,-0.04690449744106205,-0.01801918596157407
0.09364267031150615,0.13517386996069977,-0.03465965057702052,0.03669834720676465
0.07741085517711761,0.10991084188530181,-0.03509880828165721,0.0950555230379678
0.03922313224567338,0.07056159959453036,-0.04781145623027822,0.14370631486285687
-0.0051875795640648845,0.023843399474465926,-0.06676181057720093,0.17213056400207669
-0.038035195634467694,-0.0213474513576595,-0.0826021154683712,0.1758409972973795
-0.04648864377285556,-0.055890014631951285,-0.08642654717661681,0.15745605107742736
-0.027696389775721413,-0.07265629889545175,-0.07352432190702665,0.12528026402208212
0.010140768916323819,-0.06846843724024226,-0.04563609796107426,0.08997989583505808
0.0510465721802197,-0.04522948401725747,-0.010751468529008231,0.06065861980841286
0.07757477213000552,-0.00978195096897424,0.019582786081263518,0.041843691707143575
0.07763967560677298,0.02765216591783657,0.034497256069063204,0.032504087940079036
0.04918907387229364,0.05617306562823971,0.02799142663241924,0.027391576872774565
0.0009233155429006429,0.0673505984169197,0.0014557004064049096,0.020054142501584122
-0.0511484619664069,0.057866922136437675,-0.03651018957773426,0.006197067822510506
-0.08987794348446643,0.030744242955934684,-0.0730040001631727,-0.01406467637493001
-0.10339030983264291,-0.0053791763664017755,-0.09542507662936366,-0.03604916479333176
-0.08922179404760955,-0.03884423514346899,-0.09606851529213707,-0.05254477860372051
-0.054637136723994735,-0.05869524026455688,-0.07496613799438924,-0.05719555251692434
-0.013154690599754363,-0.058329913303185404,-0.039866789669287035,-0.0477740125171694
0.02116740730951633,-0.03780816927259257,-0.0033238081612898614,-0.027863283204864968
0.03927116846125279,-0.003949466361995027,0.022035348012827333,-0.006077114852942755
0.04019869608611201,0.031904382704871476,0.02827115813681808,0.007049530822426316
0.030563171824532095,0.057743236632564886,0.015105961471011863,0.003364155523244533
0.020752386285516254,0.06502106985525324,-0.01004292705704461,-0.01912773124574781
0.01960201585563591,0.05157877546637618,-0.0350036049414295,-0.05464734979665586
0.029905420758451866,0.02227459302542612,-0.0476502715221127,-0.09105343108854451
0.04675097750026367,-0.012928157400213743,-0.04072164903995937,-0.11397681136049864
0.059456316269469504,-0.042709119720719196,-0.014788304812422005,-0.11225571216085381
0.05631335132710996,-0.05855268624724445,0.0218052772074199,-0.08262556242270779
0.03012172570359136,-0.05771787029542879,0.056043010318741766,-0.03176599797052722
-0.017904980702677542,-0.04385130081431595,0.07522849149604632,0.025290040620668114
-0.07764968795890521,-0.02499291020970321,0.07196789008807786,0.07003907800956269
-0.13340909643683532,-0.00976705027416691,0.047226635911061264,0.0870549242316124
-0.16980724511753356,-0.0033123769759609255,0.010256483834254256,0.06985033465700885
-0.17795591981304043,-0.004665992311944273,-0.02463016483281257,0.023834134226472212
-0.1593183327147306,-0.006790789214597767,-0.04326431611560241,-0.03488100382635227
-0.12558423505629612,0.0005990161993188021,-0.03687046497352216,-0.08458752266469252
-0.0944353686742484,0.026408507810006653,-0.005401381202223116,-0.10533223881589361
-0.08274323096394523,0.07353242737671663,0.0422922299718662,-0.08595791118425923
-0.09982199233600014,0.13615776312396985,0.09152550853284756,-0.028326500597376954
-0.14340953906246767,0.2002945056525408,0.12694158260385568,0.05283602248255969
-0.20003100302759905,0.24764236687896668,0.1378657675138434,0.13450415184549075
-0.2497039242210876,0.26160173570135614,0.12189348890878635,0.19280069588551083
-0.2732404773384894,0.23332816050291197,0.08543309340861041,0.21078261735701376
-0.25936749317995256,0.16558051621787517,0.04107155066649192,0.18390567235047325
-0.20893449646937345,0.07281206478762646,0.002808214304631742,0.12133670100968108
-0.1345991673128152,-0.0227346261322052,-0.0190324853374428,0.04274488418198937
-0.05612904290097519,-0.09772058425472231,-0.0213235158768731,-0.028233902031826734
0.006851498828510619,-0.1349406720967669,-0.008836634461787323,-0.07156292278628072
0.041873238358786036,-0.12860201143411212,0.008050432420775742,-0.0768417735555522
0.047729107031815585,-0.08582734214866718,0.017693354966371252,-0.04589855061889107
0.0341801603848238,-0.02389211950602628,0.01188070542182265,0.008698868760224493
0.017497219850077177,0.0357877352313122,-0.010883947028819087,0.06841774083671527
0.013682698825971147,0.0747730079167194,-0.044722590445224954,0.11496677121116472
0.032069227915723086,0.08334389150570236,-0.07854767803453382,0.1357479638194008
0.07176657317023029,0.06295781350764097,-0.10020358329805469,0.12683650274507471
0.12223786669656667,0.02475597427602246,-0.10103019805817638,0.092809351196021
0.167624293395477,-0.015107183686921032,-0.07917800027239325,0.04392434270974519
0.19297613291085108,-0.04144165143743676,-0.0404977810084491,-0.00797519914800717
0.18986481330192154,-0.04508271248400719,0.003272716695932626,-0.05319026881955615
0.15919759144373818,-0.025301587457612146,0.03834167988831305,-0.08627681837150146
0.11026508126950674,0.011055633366390023,0.053355808198855346,-0.10610693070192496
0.056609118931003614,0.05304333115556107,0.04302557020890881,-0.11433938714316201
0.010561901617285242,0.09010446670448798,0.009724642366468632,-0.11334480079392095
-0.02123080033345844,0.1157123027811562,-0.03735706743786523,-0.10469730851861597
-0.039497279094931115,0.12880258365397126,-0.08510418313914603,-0.08890817320720217
-0.05067603657480909,0.1326475516139486,-0.12038799075227231,-0.06636635804640027
-0.06278217709075862,0.13192184747100416,-0.13374999005551835,-0.0388036957073544
-0.08072353941840173,0.12943995064268665,-0.12180304202697041,-0.010312726563358307
-0.10318880750877162,0.12411744497759286,-0.08779705254247352,0.01285903055538201
-0.12252371962146824,0.11111457912673325,-0.04039450238397656,0.02392586546709511
-0.12770443735799114,0.08412689658371068,0.008810543678338544,0.01806608863381733
-0.1091668119125329,0.03882151103161286,0.048250852108929834,-0.005226656033688884
-0.06342902710621587,-0.024112346035094087,0.06906299204513068,-0.04104540696736306
0.004499935672299641,-0.09770267140254474,0.06693659789896332,-0.07989812926002464
0.08202512554431142,-0.16990027671460828,0.04287517847841,-0.11037494656512634
0.1529032195175547,-0.22690629813566057,0.002860013017365315,-0.1227902159651172
0.20266249242893095,-0.25739250327246294,-0.04342401102024201,-0.11247290881537308
0.22333030222146144,-0.25600622649964455,-0.08455023403934553,-0.08143910614848358
0.21557928487636677,-0.22483528717579362,-0.10968987332025561,-0.037758215581358015
0.18748233330717373,-0.17233321875504498,-0.11095549980973016,0.00720107510393276
0.150485701921792,-0.11022408233142218,-0.0853084831970497,0.042636447554067244
0.11437083481549924,-0.04969159282912597,-0.03557038027499281,0.061843378270144314
0.08338561391762456,0.001618092851807016,0.029830545139990224,0.06409619747144084
0.055205529492770515,0.040675571973513236,0.09850451559543118,0.05421215602641295
0.023148180098472963,0.06801146793344696,0.15689701908252676,0.040043230203870836
-0.019369342065617443,0.08526723158521375,0.19360617371954594,0.028948793174430495
-0.07416007338047984,0.09271190368073687,0.20232263722787164,0.024684440760762913
-0.13557335432723702,0.08807639155806425,0.18348580063876685,0.02594789820279207
-0.1911781208761668,0.06741990110391304,0.14405744588042113,0.02713538529575788
-0.2257980387665066,0.027745154108099766,0.09537493036889581,0.020962904854535377
-0.2273997085001805,-0.029842480999647553,0.0496852325702912,0.001860841466137497
-0.19243894651867524,-0.09805927263172691,0.016447750470338963,-0.03124542839367025
-0.12835063701760777,-0.16377754687611137,-0.00037122712555247175,-0.07389094956482271
-0.05192635725057365,-0.2111535144263404,-0.003087616008386861,-0.11717719881932348
0.016045863925787895,-0.22671069389947554,0.0011013762362533843,-0.15058917329781601
0.057959805077111536,-0.20455206909833004,0.0032013582825483155,-0.16543109075809415
0.06564660198713507,-0.1495633111815893,-0.003939410452258458,-0.15759232489714314
0.0432299993381614,-0.07702832486871392,-0.022779586557258088,-0.12867699528192808
0.00537549425319134,-0.00834892864667076,-0.05008529405713872,-0.08521573941988764
-0.028480890587229784,0.03592041305875483,-0.07815176700885462,-0.03642796267672015
-0.04173842771348872,0.04334050563975675,-0.09777302344165059,0.008495370417206431
-0.027126023556872755,0.014447276521101664,-0.10181535661398194,0.04255781683712131
0.010460978791978458,-0.03680301842920069,-0.08801586187946862,0.06191702687057143
0.05590972542809147,-0.08748088566165445,-0.059927351417579634,0.06559754596149478
0.08987171723329773,-0.1136896558096869,-0.02565387378570742,0.05447739595298087
0.09642877337239293,-0.09938478575964504,0.005115380088423849,0.030317426544817814
0.06942441292194125,-0.04280637952551628,0.024603869052859738,-0.00456580865667251
0.014972588350814128,0.04195401917228194,0.029611806643669192,-0.04687047249210065
-0.050820351410488775,0.12905601651947712,0.02233200078222261,-0.09156219592271386
-0.10797615115719277,0.18944630890409797,0.009058749733987445,-0.13157122746622144
-0.14013767454401338,0.20093360839617247,-0.002615310159526968,-0.15859727581900399
-0.14043799459799508,0.1562555672866277,-0.006918000921530106,-0.16517226146448163
-0.11343575771565423,0.06620965242049695,-0.0020345947070144186,-0.14742163369872444
-0.07242935336861508,-0.04338840755291347,0.009592370312095705,-0.1073991526554515
-0.033360459104850006,-0.1399873195578291,0.02285461636864607,-0.053759158866006775
-0.007914940133201882,-0.19502764454116484,0.032692272008733314,-5.745438841289979e-06
0.001251056557451834,-0.19342975096692225,0.03666918744576954,0.03950927213548013
0.0011294522195285026,-0.13857088417487615,0.03620327603608888,0.054637302936381395
0.004548136951911538,-0.0510464471807845,0.035837222198832556,0.043654093276809136
0.02354943315317438,0.03833073738901291,0.04081955654654143,0.014802237150945715
0.06282972444468275,0.09885810597778356,0.05406616730756187,-0.0158707654607369
0.11617957408446375,0.11005577726682811,0.0739319818435318,-0.03003506889758495
0.16769273237110488,0.06816271832087105,0.09396106375632539,-0.01420947078959711
0.19755236513027896,-0.01307148332616209,0.10497987994095637,0.0341176102170487
0.190240321701727,-0.10739203170588606,0.09887028558583663,0.10390333761112082
0.14186029601722736,-0.1849718541133965,0.07253781573965934,0.17291396612093932
0.06342305287968474,-0.22215217999948272,0.03034626609175398,0.21466068415462802
-0.02160104022174034,-0.20873619247185837,-0.01623196655247397,0.2077213002791119
-0.08493812318567007,-0.15055766311988333,-0.05194837638641765,0.1441440841540702
-0.10373209411225962,-0.066742616463242,-0.06306676503571688,0.03370242133430459
-0.06951601849875448,0.017122983196204648,-0.042679179374302656,-0.09790723255315849
0.007606049813119986,0.07743147724318039,0.006061903513658027,-0.21668321242313543
0.10144098776134716,0.09975381046562484,0.07024712579814837,-0.2913165932873453
0.1782720285332085,0.08257593617326076,0.13121267360698924,-0.3037358397942146
0.20860708082678003,0.03665271693412295,0.17096597013425727,-0.25534546379506434
0.17791430036051356,-0.019440011952534465,0.17873613179246836,-0.16654211365024757
0.09239466186853716,-0.06580246370355028,0.1551716574814223,-0.06950080030559164
-0.022436757239684725,-0.0875176896224347,0.1124850852021301,0.003273147288940188
-0.1300143437020973,-0.07881689764060393,0.07031636266846435,0.030486224327058428
-0.19500627689304617,-0.04403269335410688,0.048707043237822704,0.009424050688016801
-0.19533189852087787,0.004616059296624845,0.06072090205620595,-0.04364097765871241
-0.12971304489992713,0.05140577003664699,0.1074535289966559,-0.10020988274696048
-0.018160459508238545,0.0821340219938853,0.17733633219965803,-0.1309805692890384
0.10469095915745252,0.0882801366014925,0.250056216156824,-0.11761619133845816
0.20098561183206315,0.06924026080447716,0.3036765453633666,-0.06034083141171017
0.24179501190317232,0.03224653165467824,0.3223252774831582,0.02162886095140714
0.21589502270944033,-0.009770039805330156,0.30159130553593455,0.0971070729555088
0.13239189426839,-0.04165761666049039,0.24963910233764358,0.13484897272440435
0.01666809553106374,-0.04995216168553992,0.18368842603504118,0.11585697098301607
-0.09856260495449858,-0.026339580968712157,0.12328013900633372,0.04136143330691318
-0.1837514315910625,0.030027592639506776,0.08297088483509778,-0.06667082795882852
-0.22095244257278143,0.11181411244393223,0.06728891387147336,-0.1728455104502925
-0.2076139108187005,0.20457206457260535,0.06986333895248768,-0.24084456266606605
-0.1549863655864673,0.2894893101300892,0.07696910753224774,-0.24650435469656548
-0.08235348601332546,0.34738660982755193,0.07396866368665847,-0.1865947764144468
-0.009609816578602852,0.36320930939481383,0.051978174088889335,-0.08002570908816355
0.04902558880896599,0.3300097309017597,0.012004121876972789,0.038944718680314044
0.08815352491948072,0.25135337387863393,-0.03517560042683332,0.13291906000561926
0.11061988964551542,0.1413035242486561,-0.0733776455650306,0.174394209173055
0.12410626431825256,0.021667793716248013,-0.0878692106267678,0.15478160017357812
0.13669674066970336,-0.08306689075307357,-0.07190027669570913,0.08618196941477478
0.15332232900024895,-0.15193256094008964,-0.030170876868242404,-0.004492014811356102
0.1743027080838928,-0.17313254878394013,0.022315838666796903,-0.08651322516706016
0.19612438619808578,-0.14743821431243748,0.06571328585675723,-0.13701911425544364
0.21361697390779363,-0.08814453557916622,0.08302733331941842,-0.14879559957903793
0.22222595136971177,-0.017371547531892396,0.06699100223376536,-0.13125622749676025
0.2192811541863054,0.04036365220219125,0.02328909256473143,-0.10450316417045236
0.2038666833140667,0.06545147081118899,-0.0313185829916578,-0.08915973189955968
0.17573087461970474,0.04913598580358565,-0.07542126696232572,-0.09635228947681533
0.13421541672087053,-0.0037979254383931713,-0.09152547266290302,-0.12211678214890564
0.07816466996099256,-0.07651711473653132,-0.07341268127532277,-0.1486543902141962
0.007206685180192022,-0.14540937815970637,-0.029281640090820446,-0.15200709357203782
-0.07604769317505645,-0.1874961895404399,0.020778738260512148,-0.11302168475467053
-0.16404231543391212,-0.18764005702371547,0.05226296526053725,-0.02702148710078454
-0.24388970685269776,-0.14325058173158392,0.04597706632024175,0.0919853276212907
-0.2994207465997487,-0.06500761917754216,-0.0036602342008187844,0.2146019478947712
-0.31553394197462514,0.026575402957370174,-0.08502599761337952,0.30587014262479284
-0.28359970553479336,0.10757161429430122,-0.172026462893637,0.3379609645249193
-0.20594171559569616,0.157923117102608,-0.23244253249706573,0.30078329476433247
-0.09742633280832232,0.1672406905029006,-0.2390558268493811,0.2062460823014673
0.016977760942669434,0.13733269548542518,-0.17961563664777525,0.08431701773404096
0.10841275721520542,0.08080383624982372,-0.062036471915157335,-0.02777746455898354
0.15241257099926064,0.016366931525314554,0.08712796238945171,-0.09913300741075746
0.13661127329005032,-0.037455804315978385,0.23051257414294765,-0.11628586399482163
0.06521554077931702,-0.06813379515907257,0.33142598902813936,-0.08751979559496952
-0.04147057802065984,-0.07260548596985393,0.36508878366555475,-0.0386436671700566
-0.15256064112382445,-0.05746694990649468,0.32586806698878845,-0.0018737183903220621
-0.23551637213189341,-0.036024519438134284,0.22822427973589543,-0.0022060256763356064
-0.2656787863238153,-0.023353971436863137,0.10131729803373868,-0.04671440049240923
-0.23335679905415022,-0.031057556788648945,-0.020619851635359412,-0.12111449670505174
-0.14625161358956126,-0.06337797183816188,-0.10871425848114731,-0.1950982858829681
-0.02656943733718741,-0.11577950649231833,-0.14722793671393913,-0.2344633511719399
0.09606452949764376,-0.17626720519736266,-0.1363890764658349,-0.2153088412059187
0.19345430480190454,-0.22887902674391525,-0.08989144734587487,-0.13464682913393522
0.24656812610508907,-0.2582094838587046,-0.02854672815865954,-0.013078909650320603
0.24984359005664192,-0.25364451259568,0.027260651276892364,0.1117656123425535
0.21105142265069116,-0.21220029925757558,0.06358152137672553,0.19871641902119214
0.14725117586795414,-0.1393399300616566,0.07556757673889837,0.2183888637936854
0.0785946865122718,-0.04771253071458571,0.06648330075912968,0.16444309725105585
0.022227930133920378,0.04574478027582621,0.04417773430557969,0.056345512127760046
-0.011798850551518154,0.12358464888662875,0.01693009664525376,-0.06756754822427458
-0.021669534500412525,0.17163957952962472,-0.009499675771186154,-0.16418262797022448
-0.012214477826339717,0.18202656147277957,-0.03262747802708021,-0.2015208837641295
0.008266075418258117,0.15476604138073832,-0.051992283053737674,-0.17038124741219757
0.03128918158609625,0.097693428606121,-0.06703592661431033,-0.08723725643388308
0.050394798892330776,0.024666569457375154,-0.07558548932562545,0.012727149513709275
0.061791219082250395,-0.04758555258218118,-0.07398904766289377,0.08973713393081745
0.06374891219971755,-0.10331365220005068,-0.05901145063699973,0.11520349450506097
0.05556326124573491,-0.13142082057238094,-0.030584637548357725,0.08298929045715737
0.03694596023564249,-0.12803618128701505,0.00608760740860155,0.011731024307381745
0.008299708587286845,-0.09726091168059081,0.04044925907652761,-0.0627469362277376
-0.02829095670289011,-0.04978720671051852,0.05910029111498059,-0.10200973112948683
-0.06804124244886214,0.00032583921321152967,0.05028879669675784,-0.08089466473307866
-0.10326808485422266,0.03985866630079374,0.008770854671514955,0.0015664583470021154
-0.12456823358941968,0.06038417147125823,-0.06096599034957804,0.12059400938014629
-0.12330488193652561,0.06071751447641489,-0.14466935351849475,0.2342918272883565
-0.09465873776730255,0.0470148797849688,-0.22188079369191163,0.29932641065603993
-0.040082279415481405,0.03039999075062362,-0.2720791348124523,0.2877303316504667
0.03195116662165286,0.02282718741522503,-0.28130549033437974,0.1983687305523677
0.10747439084878475,0.0325377531535304,-0.24685225848731623,0.05854419971146786
0.17057085410435965,0.06068417498950508,-0.1782257562630569,-0.08509806774699634
0.20788129333362132,0.10037295957546775,-0.09394420511561917,-0.1831620624837807
0.2125757434390549,0.13858862964072377,-0.01529163665678484,-0.2015253132341858
0.18640004548544706,0.1604640751654335,0.04069945961284165,-0.13413525047978764
0.13903713482438831,0.15450357175514212,0.06647970033426592,-0.0058121052287365225
0.08495289263522161,0.11696186306250797,0.06557531434482115,0.1360368513760284
0.03877927164377907,0.053802302294809395,0.050105714126491,0.23782200278361015
0.010795670727277077,-0.020554404724109344,0.03535958996623548,0.2583829179104714
0.004017949966762506,-0.08738494462895173,0.03366037207304601,0.18315454216103
0.013819255117368347,-0.12939840675762063,0.049943581338448874,0.028939559493483678
0.030110949928798224,-0.13615303636964074,0.08068761615241779,-0.16218826322169833
0.04123575307111318,-0.10733534463212534,0.1164139620682512,-0.33740132065988065
0.03817933219861476,-0.05279514365736321,0.14649257834568807,-0.4506889059604522
0.017668214847261814,0.010671810215459508,0.16406385429587247,-0.4772424317858967
-0.016823517820782733,0.06470565712800543,0.16889998399445733,-0.41983955153120167
-0.056377673760314814,0.09513083880168255,0.16696716870110656,-0.30551615719353714
-0.08968465981546501,0.09619131219730265,0.16691945011342113,-0.17438314675899444
-0.10675109443894346,0.0719529965326256,0.17513290707853116,-0.0651348506962818
-0.10203870800626151,0.034541505906834816,0.1915843347533613,-0.002654484029227392
-0.07608936845275892,-6.073836379795697e-05,0.20857944478866322,0.008071262132463642
-0.03524236786572765,-0.017178033389874357,0.21314522057021898,-0.019804842850141457
0.010334602149912135,-0.0078740352914878,0.192303235873368,-0.063061455728458
0.04960068684926368,0.028667972361638518,0.13910658038724233,-0.09901132049502419
0.07366693258971885,0.08535886548096519,0.05683468814321008,-0.11422659711129848
0.07804355806576749,0.14966868923325605,-0.04065530176380462,-0.108120853811005
0.06354920678278529,0.20732796484911512,-0.13292764177358024,-0.09047931789356597
0.03571484343041624,0.24600197635779908,-0.20002378274633287,-0.07459485346183417
0.002900903394786312,0.25788583704931284,-0.22991091199772132,-0.06940057893698211
-0.026354651553028036,0.24070172620076488,-0.22331117248494933,-0.07422965681896512
-0.04606791460493499,0.19719499648836433,-0.19377118297429552,-0.0785449312993669
-0.05489905373231108,0.13368221668540073,-0.16262994840582826,-0.06675024994126631
-0.05698976301936594,0.05835574007460382,-0.1505848111584946,-0.02596869897296489
-0.06118641884209952,-0.020107002930407028,-0.16902676027397373,0.04663150032631502
-0.07865811771695104,-0.09342067982143344,-0.21459852766822957,0.14024497449837378
-0.11936008522416841,-0.15418333070767973,-0.2693510356010855,0.23234924162632317
-0.18820743350351038,-0.19628316253636913,-0.30679954957399974,0.2956737522304964
-0.28207925903240844,-0.21546891148539707,-0.3018830397862067,0.30768991371341314
-0.3887397262600361,-0.2101038451687519,-0.24119960192258483,0.2590334112063988
-0.4883732778580559,-0.18185826487321152,-0.12959011490706734,0.1576266006756307
-0.5577298837354998,-0.1359456554658604,0.009660061302876293,0.02688492198812388
-0.576036802275884,-0.08056747299786846,0.1414418576368282,-0.10138469434392657
-0.5311227356782746,-0.025491343386044203,0.23016357082332642,-0.19682939125882923
-0.42389427475263436,0.019962250603286897,0.2518734274377219,-0.2396355864950403
-0.2695802652114128,0.048967865183843204,0.20280742825276318,-0.2257537227925696
-0.09500803596146092,0.058642399339521895,0.1011976908070727,-0.1667051507008605
0.06762617120688989,0.05043030170181896,-0.018438682644587732,-0.08445393523290214
0.1888630056034834,0.02932819539450278,-0.11660337484672095,-0.003557815144389302
0.24961110843428816,0.0022553717501982056,-0.16176011254056125,0.05641108962598996
0.24597101522666256,-0.023844248318585736,-0.14037430931322978,0.08560101465727488
0.18972701540374634,-0.043543382291642056,-0.06057492539539365,0.08455626642663715
0.10434325639864356,-0.05369929591134688,0.05170431734575905,0.06131476229946357
0.01776100261125933,-0.05338927103967646,0.16252071657909412,0.026731257280715168
-0.045661322413294035,-0.043297569742360494,0.24196135397058904,-0.009730586657374946
-0.07148015225595447,-0.02501350173034214,0.27401182846934247,-0.042052461642846116
-0.05784582997707996,-0.0006359036728009922,0.2607636131728228,-0.06711970229650469
-0.013936156340545033,0.02718348605603258,0.21966466334432747,-0.08247665813685497
0.044931797215277784,0.05494952015483636,0.17514920633253006,-0.08409286128018503
0.10345316918268466,0.07819398840734279,0.14805774479345507,-0.06579806692333097
0.15136397051917425,0.09190152894904742,0.14700753503523686,-0.02114915101417837
0.1855565019358721,0.09163029282565786,0.1650360914314342,0.05282737861086242
0.20876598824462947,0.07507702993559269,0.18275486518825879,0.15170528080272364
0.22575306404121107,0.04349797175973364,0.17672124439914597,0.2616320776714294
0.23892964334797112,0.002289157765931583,0.12972484414786506,0.3607393870162661
0.24556390136632902,-0.03975949767222344,0.038942638068192564,0.42418937495552445
0.23797381294894615,-0.07254607471922483,-0.08128549694013937,0.4314819648346659
0.2067749494181531,-0.08752474393662886,-0.2032854408102103,0.37350003431309614
0.1458465547160346,-0.08040718596349651,-0.2952215345081239,0.25657136458137686
0.056816805695950504,-0.05269167660282518,-0.33233513443385215,0.10172693017446635
-0.04907025840311773,-0.011370526032736807,-0.3061623444918118,-0.06096281824487378
-0.15284930309171435,0.033181624262270615,-0.22833228359253033,-0.2012295953297802
-0.23309167421415333,0.07043830220328,-0.12746652735463992,-0.29759491623202927
-0.27267248592747984,0.09291322846757204,-0.040142684774761565,-0.3432938772559132
-0.2644433301901659,0.0981440308709557,0.001032111687255448,-0.34697208522048406
-0.2135151401735267,0.08875728017559995,-0.021798571468414747,-0.32790055028607895
-0.13514080442090734,0.0706657708719557,-0.10571739304073509,-0.30751031903128156
-0.048953554167383506,0.05020589479478141,-0.22772319012697137,-0.3004656050831716
0.02815676864147162,0.03145692327192277,-0.35181644862453854,-0.3087107737160762
0.0876167834791877,0.014899595231928785,-0.44007208138493503,-0.32083301715963886
0.1308539641321259,-0.0020138596593421688,-0.46408386451423495,-0.3170702037579362
0.16635195938380556,-0.02265868705135299,-0.41320147444707017,-0.2781121713258752
0.2033327912228135,-0.04844579016997222,-0.29717767777003173,-0.19432076856797137
0.24488916923452478,-0.07680852018278136,-0.14272938836887483,-0.07171993574319438
0.2838324325836218,-0.10106729985574436,0.014575246891049304,0.06778959624838816
0.30357354370396206,-0.11248464163783067,0.14038124248224304,0.19244234107692024
0.2843180897060528,-0.10383314615289421,0.21049467537912903,0.270974080370237
0.21251035881849653,-0.07302797929625161,0.21627873740438244,0.28376955941425325
0.08976985298114154,-0.025179077798456195,0.1653655144468132,0.23077804990933987
-0.06271102139091583,0.028070835584006405,0.07803527590668571,0.13317989526199048
-0.20696062448509264,0.072001500646974,-0.01920385143381228,0.027884646399257227
-0.2982547643842905,0.09395251423829294,-0.10074398889264936,-0.04359276110170194
-0.29952571595243077,0.08820340150519002,-0.14775658582190665,-0.04835942665635421
-0.19526100593886986,0.058571603082060754,-0.15153487716207592,0.026835101135027684
0.0003197026462905621,0.0174580160893633,-0.11391684326664243,0.1704374172063959
0.24436589557773025,-0.018584067510903277,-0.04523310464488812,0.3485605455568049
0.47620532967857426,-0.035254975497783114,0.03924725961113737,0.5143996565963677
0.6347947079624483,-0.02646403608962028,0.12324795335085797,0.6216910246791052
0.6771823388233461,0.002598214786823698,0.1928377283185601,0.6380601210878522
0.5917306984551043,0.03672586722200264,0.23860380863777542,0.5541989933364005
0.40147906944899836,0.05612299848733859,0.2564457252069075,0.3861841029723701
0.15638662740238524,0.04413623732320244,0.24712650160241562,0.1704155436201953
-0.0829105089419708,-0.005603191571352855,0.21494674986286058,-0.04708485580739948
-0.26419662119697446,-0.08548714551045024,0.16602223156395532,-0.22364115108091356
-0.35901726969828784,-0.17537698587135245,0.10665854987309686,-0.331238598839541
-0.3690783840653557,-0.2489759003013478,0.04223612450861826,-0.362934178789162
-0.32183546033996946,-0.2829907948665316,-0.02315138292109892,-0.33272162610036765
-0.25738210165319164,-0.2657548148606708,-0.08630520251544148,-0.2692365021139208
-0.21189361149987537,-0.20201885106073209,-0.14404540417945672,-0.20550378209872894
-0.2040122776290696,-0.11192605416159102,-0.1923337302254284,-0.16801295913107017
-0.22925405992545356,-0.024302703055727837,-0.22594258573035475,-0.16847261817621384
-0.26428030144442516,0.03345522591999576,-0.23906737896750835,-0.20067416426854792
-0.27896451225630997,0.04527014417023516,-0.22692354546639315,-0.24328910718447802
-0.2511112414186665,0.012399674887491276,-0.18791007002415855,-0.26762048913651915
-0.177651206165987,-0.046708237972700004,-0.1255332911593965,-0.24784792181697932
-0.07755782343106778,-0.10277383266507421,-0.04915476564615487,-0.17056339137241283
0.014935438770153119,-0.12602338873435848,0.02712900576307565,-0.040595031635742004
0.06428456367990498,-0.09680268045376733,0.08757098382988827,0.11880026443844219
0.04920130192980909,-0.012668356268309406,0.11914793767036151,0.2716308646599564
-0.02658479981386431,0.11052387466319315,0.11589331566555483,0.37923208176168993
-0.1331214775547901,0.24379365150223162,0.08160495813564907,0.411802708247333
-0.22372260903778027,0.3544558251388321,0.029670897743345116,0.35796457454528813
-0.25208600040316675,0.41630163275925675,-0.020372470325697233,0.22934544366445803
-0.1908080236859515,0.41694097288455534,-0.048781398185146554,0.058558684816369354
-0.044187065989579465,0.3599492887651536,-0.04225077013071067,-0.10912128901007073
0.1499716003291029,0.2615438879812784,0.0010114470372881634,-0.22816700654577537
0.3309350412956899,0.1435926438802704,0.06974433039360624,-0.26573833799388646
0.43482630429564545,0.026012194781208125,0.14251197661775264,-0.21130572213791954
0.416899331459098,-0.07842862384271448,0.19436625129732307,-0.07998268750230328
0.26842740368528645,-0.1651570210331779,0.2052387863165739,0.09157556522583701
0.02200641057205633,-0.23488832673922133,0.16722105452166758,0.25560320961837224
-0.2569740961601581,-0.2887166068514721,0.08808825325732199,0.36691373974944186
-0.49012442739043455,-0.32399402309974057,-0.010398530641790141,0.39573183007122054
-0.6105965341631903,-0.33333994247645155,-0.09908934107967991,0.3357880750297548
-0.5841876677003678,-0.30757917499819915,-0.15084856480007763,0.20527339560460695
-0.4200100095877748,-0.2414423993151834,-0.1495761409084061,0.040504719752012044
-0.16732941172156648,-0.13933913976172854,-0.09567790040142089,-0.11554367307824222
0.10012201491114056,-0.018138696149315507,-0.005991935189973658,-0.2260998537329984
0.3069213680992636,0.0950979415473466,0.09188073795756671,-0.27075773522911495
0.39823878724132733,0.1704533875127395,0.1688803679548565,-0.2498691232337659
0.35457059768571947,0.18531775873023212,0.20412921988677113,-0.1821023019096866
0.19474732398170233,0.13362071167812525,0.19146467970494344,-0.09641781218344898
-0.03283116486761625,0.03028485502025576,0.14054800462094827,-0.021521116593334232
-0.2669176498965215,-0.09145190103966638,0.07223521362532485,0.023461619300376067
-0.45200796051389874,-0.18961989429379109,0.010035889259681453,0.03398700330202161
-0.5527072851819317,-0.22708831988268474,-0.02904712700812866,0.019394251920978618
-0.5598670657155802,-0.18446091890580849,-0.04077778299447329,-0.00275036920462437
-0.4877479338411194,-0.06758321167122665,-0.034646775411767555,-0.014757459146892119
-0.3646269987636057,0.09330642867540058,-0.029186958277354406,-0.006108112568333418
-0.2212001442247188,0.2528022058208197,-0.043511919416249406,0.02281935639899772
-0.0812487685747901,0.3648910293336094,-0.08845907818963528,0.061819934664981153
0.04251061684491388,0.3977945911618595,-0.160931531151452,0.09602134377765219
0.1469352046621811,0.34387198049137074,-0.24383539996666415,0.11282934675177975
0.23319182203240274,0.22113362696958017,-0.31183886854312176,0.10771435041692308
0.30088527665610415,0.0659839500643379,-0.3408627016992852,0.08643570874255505
0.3445926422057391,-0.07998181743948002,-0.3176548138553383,0.06278900539446321
0.3544087665458825,-0.1841700004685108,-0.24563573311888248,0.052796334742355885
0.3201256857701153,-0.23297041556266293,-0.14453383005552226,0.06770979048153786
0.2369784097481882,-0.2340584657284722,-0.04368350044709116,0.10869263999312066
0.11018284056140817,-0.21057259604442632,0.02865225097860839,0.165391768730481
-0.0439848905214545,-0.18985994354213798,0.055918952000737425,0.21908318724243903
-0.20133749082262148,-0.19151048049257532,0.039704941275058886,0.24926976997078193
-0.3361397326199086,-0.21953219046130823,-0.0007185833168525842,0.24124940337011633
-0.4283347177358034,-0.2617200641891282,-0.035866831799712666,0.19178505394038323
-0.4689290126436724,-0.2962679596061368,-0.0379105596250916,0.11073986816592385
-0.4615775723189568,-0.30267152391222546,0.007491291725114263,0.018092143338081502
-0.4199166454182649,-0.2721808880415595,0.09402501467069324,-0.06250088728708321
-0.361831596285511,-0.21321269990652522,0.1952753042968506,-0.11115405682125709
-0.3029587711533617,-0.14917767771855597,0.2732418140482278,-0.11748892125836913
-0.25188701699847593,-0.10931512534548223,0.2920398405050845,-0.0826916037077805
-0.20872230541251177,-0.1160945067028463,0.23190484259325858,-0.017437573435376615
-0.16727165097257093,-0.17433856773156986,0.09826427999526609,0.06315232592957208
-0.11967534248325204,-0.2667647721725065,-0.07777760379111129,0.14527382952690146
-0.06143088631733697,-0.35826148581061634,-0.24820017114715262,0.22053742326918951
0.0052769061491607355,-0.40781033927955634,-0.3633833024454726,0.2868709443567592
0.07123983272143936,-0.38385978367958096,-0.3888147629515736,0.34615089812969974
0.12294487442273662,-0.27738069694652356,-0.31734193934858074,0.39993184075054233
0.14722809824890593,-0.10745136480531897,-0.17252825897872287,0.4454729748682888
0.13607528820340928,0.08315633494216161,-0.001701146163333579,0.4741318850698107
0.0898359476691298,0.24124862189779062,0.13913625585438708,0.4731631156342913
0.017807864638685156,0.32086471233846375,0.20348937307080542,0.4304547163767737
-0.06385370605914499,0.29911009318704873,0.16949107825452592,0.3403860120403944
-0.13605754437910134,0.18450585515965834,0.046827787943848745,0.20836051283499546
-0.1812189161856557,0.014819400845775803,-0.12682719499513037,0.05193225585708434
-0.18697937779785267,-0.15491813911291788,-0.29855437524989925,-0.10232848162970612
-0.14843191853622567,-0.27003588817490687,-0.4176543671436389,-0.22547339064883956
-0.06868432333973934,-0.29339509741998976,-0.45184811547293235,-0.2942021449285207
0.041945439339038666,-0.21631718267856057,-0.3967852243002959,-0.2975847280721201
0.16764448559453413,-0.05984032476697246,-0.27587642595363576,-0.24021619088324694
0.28937946669486386,0.13361971035426232,-0.13088839562605148,-0.14079360176367334
0.3875813400557965,0.3148058066977575,-0.006914320644942738,-0.02669064274837305
0.4451828882709051,0.4430180212554343,0.06285202210971029,0.07358322889305785
0.45081226294320437,0.4971327123902321,0.06726150951275467,0.13758907707646428
0.40162216335934753,0.4789772750770505,0.019001703579152936,0.15372478056676964
0.3049242546129063,0.4088091410348777,-0.05214724863937634,0.12249405255884956
0.17775347449814113,0.3155041773428861,-0.11173591547588226,0.05450847898090622
0.04387198156280894,0.22569216459811636,-0.1339842765386414,-0.0335392266940766
-0.07149534541595454,0.15595320020627024,-0.11114203408503291,-0.12331944380302114
-0.14797777877089635,0.11049187881840226,-0.055609628845665435,-0.1984308748842212
-0.17553744294561238,0.08422679797578989,0.005692168570765872,-0.24654370730848332
-0.15715704792879023,0.06902501120454152,0.04237838489235349,-0.2603506292428229
-0.10749048528847592,0.05975511614266709,0.03285346537266938,-0.23796401883436252
-0.0475505928155894,0.057287243124045456,-0.026780430332330175,-0.18327377703993866
0.0030023809517961287,0.06724585454801293,-0.12037167524138727,-0.1062494072816976
0.033331637989471606,0.09543344538742249,-0.2166933960805717,-0.02258502141665635
0.04583679186986141,0.1424473176781296,-0.27987636061240323,0.048150471697536945
0.05558871196633641,0.2004122916726047,-0.28155162352717106,0.08634146848732094
0.08459480178008566,0.2537904458382185,-0.2104686926499998,0.07773171057888213
0.1526625749103178,0.2843404953089906,-0.07637977633094573,0.01896272552857419
0.268072330263539,0.2783221337331162,0.09291612963020628,-0.07887934022506918
0.42159392407024554,0.23285402173201006,0.260091058881351,-0.19069715247415403
0.5863831196889382,0.15848259742117757,0.3892814349295294,-0.2826992758926314
0.7242709925436823,0.07647733619475848,0.4558444866244218,-0.3217558499799399
0.7966339509565571,0.011546763938170494,0.45186854393652,-0.2861763621101867
0.776276228832666,-0.017342766419971123,0.3861214362482241,-0.17425493393632596
0.656263099023159,-0.00441906362436236,0.27912936104286434,-0.007179160054777301
0.45264034023812283,0.04026725445161017,0.15565652299541988,0.1754731861808202
0.2001214745143214,0.09429669496136033,0.03746690880832615,0.3268909407638912
-0.057678297243599214,0.13126011449665417,-0.06124861583432017,0.4075392480979266
-0.2799842979201564,0.13088613531298107,-0.13472295985927144,0.3981715916444555
-0.4385356696733829,0.08695310582916019,-0.18326477141249575,0.3066382495210406
-0.5221231755323855,0.009816935635558991,-0.20943781005440484,0.1657193274696682
-0.5350537408284856,-0.07752782611325629,-0.2148727519655879,0.022331279773730887
-0.49102289458536963,-0.14837925488291204,-0.19927493771963867,-0.078351266763647
-0.4056005538723257,-0.1827721894629649,-0.1620031771323306,-0.10827322459510205
-0.29085559743441,-0.17531583833895165,-0.10528160135089942,-0.06575095033353945
-0.15442421943754162,-0.137302323227594,-0.03722592403695906,0.02493783396946818
-0.0030752120604776276,-0.09221278914758826,0.027210888291032725,0.12363762003657364
0.15149553084156664,-0.06635848548099069,0.06849732788583224,0.19041113910996277
0.28826973243035364,-0.0783255977809539,0.06778958480127113,0.20157497664675686
0.3772737610003287,-0.13137168495889137,0.013659148183767041,0.15943625475069084
0.38617536896675225,-0.21175557612337687,-0.09210140329303432,0.09172988882813946
0.2917480465588192,-0.29363774980784274,-0.23194885038145738,0.040628796648004034
0.09222645919048274,-0.3486029338424786,-0.37476468873228885,0.04527167802774083
-0.18466988669975093,-0.3560636985431754,-0.482644858892504,0.12445378026918898
-0.4824642676223777,-0.3105141951527079,-0.5206274978602036,0.26635477125754514
-0.7270702850794835,-0.22292004515267272,-0.46658793287091616,0.4297495473245912
-0.8462300776502882,-0.11590884931482404,-0.31831604787188217,0.5568989342214438
-0.7916645614038633,-0.014895463166508994,-0.0955416919332656,0.5938179798892405
-0.5566291890597101,0.06116383506761572,0.16385540479663674,0.5105917913988868
-0.1823754131347403,0.10566804216157566,0.41250454024170735,0.3140666132839033
0.249736070792378,0.12470007577334434,0.6047219100239322,0.04780954583049042
0.6390583726780082,0.13196354065778096,0.7071876422402003,-0.221180124226846
0.8935259132507205,0.14079163592560673,0.7063370300919255,-0.42459410142151677
0.9559991468832308,0.15691585100306227,0.6106975293197875,-0.5159445215654366
0.8206792580784009,0.17532390522528526,0.4478459324603827,-0.4863012982529568
0.5342241777155871,0.18273558915174892,0.2570760616739833,-0.36679258625294864
0.18112624219971185,0.16472682718073262,0.0798590963896857,-0.21680412207094674
-0.14195144741369636,0.11438626754163958,-0.04947700491634963,-0.1020668591654473
-0.3546167846877326,0.03851910060507621,-0.11072961917988236,-0.07058911485350002
-0.41494281046955134,-0.04176759925459992,-0.10112287269031954,-0.13524253899872452
-0.3286711655205786,-0.09703558037529714,-0.03455634346014942,-0.2694028804215401
-0.14317513781364866,-0.10021849857555407,0.06267544633279891,-0.4172503360799262
0.07096534491312177,-0.038065602796729395,0.15852852216502045,-0.514925247925411
0.2439973863817588,0.08131733765666814,0.22273427664512616,-0.514725894435974
0.32842612757739714,0.22826925906494427,0.23368771566218105,-0.40341977526968154
0.3110863747242573,0.3594963272078756,0.18337547022140116,-0.20792981880623504
0.2127868372847606,0.43177615782380363,0.07937478537356757,0.013672161086219568
0.07695633369077437,0.41674064574997643,-0.05655791500220781,0.1925283765189622
-0.04762262349521927,0.3113792116209429,-0.19318664577473735,0.2732508515083174
-0.12335271326077976,0.1402676831991284,-0.29698350438674387,0.23327239942606362
-0.13396079015025888,-0.05155795145179172,-0.340355427850821,0.09041112429886786
-0.08551840813927651,-0.21277602293087447,-0.30901012757682017,-0.10382802156050495
0.0006827561679949128,-0.30210990530384835,-0.2064995482328413,-0.2824736363640523
0.09945005601159206,-0.3011239461827343,-0.05444274258764976,-0.3860077787669389
0.19208333075955145,-0.219089388407366,0.11208463145582905,-0.381699571719589
0.27168789123550663,-0.08842818898420919,0.2531910258263131,-0.27268889556643705
0.34182323981364926,0.047344254692377775,0.33474881349100327,-0.09416385239373862
0.4099386157067324,0.14861755027909263,0.3379922302707046,0.10120716552027025
0.47927014171702337,0.1921782689565114,0.2651947966002395,0.26263125000812076
0.5433944831803037,0.17690829372242559,0.1394125338526108,0.3579839206627324
0.5862899358532159,0.12112178204805309,-0.002033863671669797,0.3821213979755488
0.588165627919253,0.053174388429533,-0.11869102107208208,0.3543828531446484
0.5346109174149664,-0.0005769002479450109,-0.1794499090690716,0.3072265375841133
0.4249569008094097,-0.025614635935756573,-0.17241953815066058,0.2712233675012383
0.2758543221310055,-0.023202821094039087,-0.10883817101728346,0.26268888927689316
0.11794033617809761,-0.0072872077558177204,-0.019433257751898803,0.2787545424723787
-0.013662487184803085,0.0038769727190115125,0.05591815501737032,0.3013552104331386
-0.09158244894153884,-0.0024950202472816072,0.0820576743163558,0.30784123947207775
-0.10636483436204947,-0.0268522499752813,0.0413876344004962,0.28324140748511445
-0.07032373643342721,-0.05634732311635039,-0.058770040570187684,0.22866239838122251
-0.013171678502889786,-0.07021637341737709,-0.18711209612845942,0.16207732047574522
0.029258162812828004,-0.04921913717483558,-0.29769208754836984,0.11106325381314847
0.029047400545718898,0.014907026833306412,-0.3448666712109949,0.1005180424044161
-0.022454612865433793,0.1141139415187761,-0.2989831355601469,0.14059332812651068
-0.11057291933854027,0.22533223270234748,-0.1574554793420171,0.22012190136682033
-0.20246366792234852,0.31818546867524794,0.052770400170037444,0.3086707869967278
-0.2598453398774993,0.36625327561005633,0.2825574725498228,0.36687705386262376
-0.2546090390257895,0.35744438723343824,0.4755834753239936,0.36131432422087945
-0.181275289356769,0.2992440343443295,0.5861526905290939,0.2781637720234375
-0.061225969460026,0.21652141583432447,0.5938322831875008,0.13022681059494917
0.06339502277482352,0.14248440066368806,0.5098587226333121,-0.04576108218415608
0.14432602233907746,0.10611063754846331,0.3729788816000871,-0.20090100246512707
0.14523169750833909,0.1208738776409992,0.23600054531277256,-0.29089152937667306
0.05647445911830875,0.1792077490524135,0.14758124442192078,-0.2917206916648414
-0.09912014490997526,0.25501896799455137,0.13552354957796492,-0.20853347112324946
-0.272111805481008,0.31348045785150697,0.1974154272613268,-0.07437553634353593
-0.40231150261862636,0.32448769934846644,0.30195646590105335,0.06080891533872284
-0.43932236310084377,0.2746593506686966,0.4005850025793772,0.14702964093753526
-0.36052001518270044,0.17320911725800364,0.4453662038007383,0.1509981516868195
-0.17993770372855591,0.04926829754353139,0.40682019087202975,0.06694421559027694
0.0553864341943804,-0.05854077660444368,0.28530241134705625,-0.08210793631387715
0.28063764624475457,-0.11650873659587116,0.11176032643848752,-0.25277126535609257
0.4349193573755972,-0.10886054984573156,-0.06256954687493765,-0.39622194425724594
0.4819127012742495,-0.044446201882383726,-0.18400488296197662,-0.4742964396866607
0.42223932453804197,0.04557019478985626,-0.21552454809239036,-0.47129147477055666
0.29308203120748444,0.11838958991924042,-0.1503111791250322,-0.3977652101351502
0.15503366770130556,0.13488707601942865,-0.014786752283033932,-0.28557588541661394
0.07061282906876432,0.07405990364794077,0.14011867252803367,-0.1763899421273144
0.08183621458069844,-0.05862601051745687,0.25653950621568994,-0.10789097179531772
0.19463497281356773,-0.23206993244699728,0.28996752862899255,-0.1023097632470848
0.3756037112483795,-0.3993516092264696,0.2250945277755914,-0.16068954202498886
0.562371755294052,-0.5131327960944349,0.08152973791613556,-0.26408231958344935
0.6842356576546577,-0.5412899109903598,-0.09275037265030547,-0.38052423327232876
0.6861834555725613,-0.47738907954466653,-0.23803531376235568,-0.4749848683395568
0.548262421248032,-0.34248836962751056,-0.30382619513807985,-0.5189971189134799
0.29377415253404754,-0.17782623288406138,-0.2667586004849672,-0.4973332712206041
-0.016517595202580535,-0.03110869688923262,-0.13918888541560356,-0.4104686704464159
-0.3023724751899387,0.058778661219139265,0.03461828636059301,-0.27304651635556615
-0.48848594141879387,0.07344761403282453,0.1934310344956393,-0.10958794312769334
-0.5275241482083418,0.019342751149031414,0.27996902050094974,0.050974590730385204
-0.41450371847103995,-0.07630856751579494,0.2605859320910446,0.18064275475780042
-0.18810052231961624,-0.17605893757278016,0.13697025960035675,0.2568504810566169
0.0813169545417636,-0.2453322882700971,-0.054070002090603135,0.26588057977526336
0.31296589329057894,-0.263454007859148,-0.2525349226383326,0.2051463964786987
0.43948194431478,-0.22905716200147092,-0.3946734291935835,0.08416156321990159
0.42597177559776667,-0.15850186541914574,-0.4332799747625351,-0.07619274803744412
0.2786881065526103,-0.07846523137888148,-0.35209085783630345,-0.24651406186213598
0.04114120129791154,-0.01578619418083173,-0.16975380819555735,-0.3938957552975309
-0.22059738975070323,0.011660116176283384,0.06745012008411241,-0.48848540809824964
-0.43842757500961377,-1.4250992517464956e-05,0.30112144624159853,-0.5101996226708791
-0.5620962314729442,-0.04112431919794194,0.4788724480921625,-0.4537633887588017
-0.5724786909922892,-0.09353353214029116,0.5689243159755522,-0.33040532252596627
-0.4846814314494582,-0.1381323277891659,0.5666634560839318,-0.1653796927665442
-0.3406995686764439,-0.16170595597110557,0.4917601025166024,0.00823276746392988
-0.19456448624234882,-0.16075148383116103,0.37784017899894806,0.15773303066731342
-0.09501786595430962,-0.14118740410288783,0.2591312187406486,0.25857401825268417
-0.07116456099464327,-0.11455051663921362,0.15915379513714964,0.29936493593978963
-0.12526328955051313,-0.09254919977053602,0.085277999118102,0.2827502997146785
-0.2343202029553395,-0.08228517830219277,0.03039878524127759,0.22226838939645455
-0.35930909385169263,-0.08396278280345379,-0.0198473767924973,0.13668356633278234
-0.4585636022873602,-0.09173864292728193,-0.07790744826147639,0.044050719372963475
-0.5008498983842913,-0.09703324828188897,-0.1472215514456488,-0.04238912813139428
-0.4740793719047725,-0.09267008730810478,-0.22008827080923452,-0.11537500785920078
-0.38731967520089167,-0.07599008897101435,-0.28110229206761056,-0.17212559589513152
-0.26608439706882586,-0.04965766202592183,-0.3143960861480524,-0.21159584538543913
-0.14303705541951545,-0.01995899601861833,-0.3113651615264361,-0.23232726175830157
-0.04754210572643161,0.006478060721102086,-0.2754348025169502,-0.232222006641244
0.002439115058048074,0.025918325125000457,-0.22174125703652645,-0.2103876787928434
0.0037218194460170964,0.03911439468641019,-0.1717795969717117,-0.16990792471467134
-0.03400283427695226,0.050415295340650604,-0.14520438293476004,-0.11963975219925983
-0.09398989458445713,0.06469423170683693,-0.15218151368808638,-0.07334760061462235
-0.15955068613265094,0.08347556412449876,-0.18948837390798168,-0.045649251442914165
-0.21958081609392607,0.10216893324784973,-0.24203072917605647,-0.04589865836453133
-0.27049052393618517,0.11003704778679867,-0.2892139288873615,-0.07251154261266914
-0.3141170355465161,0.09349008403838537,-0.31358332286437923,-0.11063698970977866
-0.3529161938576932,0.041882786759638684,-0.30816358106152275,-0.13515098792271904
-0.38490674692198823,-0.04625808913226544,-0.27939336318557206,-0.1189223118880995
-0.40100866464425383,-0.15919923613446835,-0.24430215250405932,-0.04393138417650306
-0.386483683200042,-0.27233639972738616,-0.22292223591153335,0.08888671666689815
-0.3264776856187812,-0.35369694143634023,-0.22893374684587103,0.25541102380711445
-0.2138185338408503,-0.3735193320717148,-0.2623888474101955,0.4124582745757947
-0.055964350106396527,-0.3150879228879679,-0.3076838530092973,0.510043216727437
0.12213011031287788,-0.18309287640776356,-0.33797545511594196,0.5082818038017421
0.28130869073315823,-0.006128704005569988,-0.3247156982583508,0.39315118985315683
0.37764399718749836,0.16844598053425727,-0.24888747770385988,0.18504184686081185
0.37562649626215605,0.2866314509239333,-0.10968782706614058,-0.06390983006837578
0.26100200208966906,0.30375510137871453,0.07281268924810355,-0.283918973871783
0.04872615298877459,0.19948148429640786,0.2623699367958234,-0.40906490669156403
-0.21732928288088998,-0.013135424940428683,0.4172551633262031,-0.3991480513663023
-0.47381053986656113,-0.2880835743068203,0.5033028388336594,-0.2541869198942594
-0.6543390340917252,-0.5570484302983842,0.5047338400707931,-0.016040832368868135
-0.7083425105136131,-0.7477716497693981,0.4288995113730593,0.24400361111658694
-0.6164704441763708,-0.8049121221998885,0.3032499574089883,0.4478526258825717
-0.39753654202171373,-0.7070476865550882,0.1656252502831365,0.5358120545836601
-0.10439483299247662,-0.47429973698119654,0.051368266419288156,0.4856362335853482
0.1903975777531089,-0.1637543400152098,-0.018124640908606954,0.3187239907677342
0.41496969296396513,0.1463940969929344,-0.041373828790246175,0.09131522530521095
0.5183663971913643,0.3794220473330653,-0.03531407471685649,-0.1260526419552711
0.4843462821967994,0.4825233102765579,-0.027083434087525886,-0.27331222244347164
0.33447696174958025,0.44210897291430795,-0.04231141060916602,-0.32084690286640527
0.11969501821754491,0.2870655531819274,-0.09434914467697035,-0.27753431693909814
-0.09676048894477557,0.07884676294157339,-0.17846678137320887,-0.18424206623226236
-0.25934337477426034,-0.10850284406208345,-0.2731459828363903,-0.09567756372200116
-0.3365428746528203,-0.21200953336816306,-0.3479349043293025,-0.05787965344742215
-0.3283237780108651,-0.19950186187560792,-0.3748976958414916,-0.09021169305005464
-0.2625169742086293,-0.07906407130245537,-0.3393740926858031,-0.17885623257315025
-0.1818271313155156,0.10475692544153767,-0.24603750801627,-0.2842249473473905
-0.12633743773450568,0.286580252544204,-0.11798365497802084,-0.35915453339732617
-0.11789123408152785,0.40233575615194817,0.010858779695564286,-0.3704211351834604
-0.15199231875895888,0.41049207094795115,0.1072713383129251,-0.3146879799823767
-0.20014062683950645,0.30533998086876984,0.1500952550523891,-0.22209811819241002
-0.22175325354515563,0.11808288185943826,0.13732703944671754,-0.14556352840594008
-0.1813285315633012,-0.0943229469799244,0.08644630924950632,-0.13952499806234445
-0.06452439164966807,-0.2684886213483667,0.027891112064044408,-0.23632983355626458
0.11294137068220662,-0.35531673790115653,-0.005973096418172577,-0.4296518027063178
0.30725292187973696,-0.33509429832049425,0.007524448721537212,-0.6719910043497567
0.4592318236048622,-0.22208924669419317,0.07323005841856817,-0.8880861300651123
0.5139127529718637,-0.05759291929968831,0.17634652725371336,-1.0
0.4404429475705205,0.10558896705780058,0.28751638455706735,-0.9550201628985524
0.24538478683305856,0.221337030067045,0.37300511875072295,-0.7461457017607994
-0.025540302260225814,0.26459410226585933,0.40645089459237715,-0.41738612202964154
-0.2985254194601382,0.23712070126564613,0.3781556499189565,-0.051504033009902826
-0.4925970132357596,0.16323339369796488,0.2987745572879157,0.25581124183019205
-0.5440544003567613,0.0778978573206983,0.19617997417713848,0.4264179908193028
-0.42675795550969,0.012265404873098611,0.1065586010786396,0.424250335381304
-0.1617206010903584,-0.017590159412373314,0.06267801465729106,0.2655050952176795
0.1872852410697169,-0.01455788543494289,0.0831286105121355,0.011317331151619823
0.5310456876175295,0.004022807326505215,0.1659640443259462,-0.25396475478227293
0.7800461139503888,0.01683072696868481,0.2887007071846046,-0.4507988960200163
0.8698850642443726,0.01016000560641709,0.41460611257516,-0.528762114797285
0.7793300825552246,-0.014546069733734098,0.5032721516413831,-0.4789842366345066
0.5356746250806612,-0.04062093076269693,0.5222287738192544,-0.3312730403993837
0.2059709308300546,-0.04373156434309748,0.4561521687452363,-0.1382885037699947
-0.1229936821216821,-0.0038967890301222635,0.311063149894407,0.0462684183399064
-0.369782335065384,0.08327854735257982,0.11248296230068577,0.18675602192269047
-0.480907325094905,0.20131733194389753,-0.10169595043463249,0.2749698741311253
-0.4443775201376775,0.316421615478015,-0.2913974322381013,0.32709117908572616
-0.290576469236059,0.38914396353921193,-0.4246384699623462,0.3706316250842187
-0.08078907806913777,0.3899534005026935,-0.4850759649612508,0.427709607779913
0.11262585417920498,0.3125108086814163,-0.47494014163941967,0.5021693459884236
0.22811442689713607,0.17893703608418265,-0.41287278206849376,0.576119577824929
0.2322686852886716,0.03419147545524518,-0.3276261898736706,0.6172946240452505
0.12776526328378934,-0.06913743579032518,-0.24964549491643223,0.5939775383733872
-0.049858474998346315,-0.09040031942140142,-0.2029794450777952,0.49098457108027305
-0.2448924283888701,-0.01749068656875577,-0.19967061243935427,0.3196978204266849
-0.3991768024583386,0.12617067621183942,-0.23789980838356561,0.11753373552915157
-0.46922386179648495,0.2876160217829702,-0.30399332883616387,-0.06344613322940096
-0.43769400931763025,0.40182969248995876,-0.3773033122289253,-0.17460148105751858
-0.3162713173518585,0.41483820781985503,-0.4362590955227027,-0.18846076153132402
-0.13982024367389326,0.3040385945453681,-0.463747812205241,-0.10913577249784878
0.045645921796493516,0.08806628623863133,-0.45041912744890533,0.02882096783992451
0.19700444588304494,-0.17788798028961345,-0.3953450177784809,0.17285518162780433
0.2856757863756819,-0.4201065795026868,-0.30440161874549015,0.27148845662234755
0.303664094340897,-0.5714863904815959,-0.18745257943406823,0.29280716674149293
0.2628221535130797,-0.5947236721848732,-0.05566206411769266,0.2353951189215499
0.18839392454989626,-0.4949694869684489,0.08002171699750454,0.12770643233446632
0.10953353402743458,-0.31712046851745723,0.20886968041898935,0.016352359762829883
0.05009983457817517,-0.12855965497603422,0.31934453471156937,-0.05200592981510205
0.022495568553425487,0.006367011881236675,0.39813605997380525,-0.04815002586977288
0.02596104502231734,0.05063658814250336,0.4304731752541015,0.029376334544505476
0.049096433137526846,0.008402368073194071,0.40246490663875545,0.15470689644204372
0.07506463559352618,-0.07699039665497705,0.30531527274355746,0.28517510491300874
0.08733532899724714,-0.1403199711274367,0.1402412781992499,0.37740519467959754
0.0740797070714954,-0.1207915437545838,-0.07778122517184669,0.4025460529900116
0.030203914392392464,0.01256584127246225,-0.31936688257752693,0.35492450960348415
-0.042907131696457365,0.24617951998059892,-0.544355066586136,0.2513339186771958
-0.13903161010194803,0.523838082961241,-0.709574318419883,0.12207931924212413
-0.2489602153704284,0.7650191430645089,-0.7790588483880827,-0.001853903014488097
-0.3617013724779804,0.8932389968806457,-0.7338910546992289,-0.09986496214972436
-0.46489412860035784,0.8641068596634933,-0.5785488408634234,-0.16654848655109158
-0.5449799625660101,0.682643328351621,-0.34140333670679607,-0.208786318670687
-0.5880122974069709,0.4031996661493045,-0.06867747589451842,-0.23720655278542357
-0.5817499143321951,0.1116356113790549,0.18677096666018964,-0.256628972029362
-0.5189678453700114,-0.1040476005114343,0.37873113550610493,-0.2605299241268009
-0.40104924149903937,-0.18409941025001858,0.47906903645224297,-0.23266559159054265
-0.24032557886203357,-0.11744077740029045,0.4838614003446226,-0.15559914921818863
-0.059661644307534616,0.055305344718500564,0.41243528552845693,-0.022457991639079907
0.11145947938444643,0.25726219021691177,0.2998027181147748,0.15367557943835772
0.2438220790863729,0.4035634614124755,0.185123425317484,0.33783874777162715
0.3164889844996363,0.43209849327711136,0.10006962940680199,0.48099023617949527
0.32329295642329786,0.32553994343487874,0.06085383637708488,0.5357168454796175
0.27529196550884844,0.11671897447910216,0.06624830945003214,0.4743577990053069
0.19781083394517285,-0.12441392765369731,0.10169504959202527,0.302399196833151
0.1225189184323655,-0.31721714512091204,0.14740239982802156,0.061161847732583104
0.07687403076984697,-0.40026596928741986,0.18697169788223095,-0.18248473485236424
0.07447131225837389,-0.353650981836753,0.21310198171141595,-0.35674421596787426
0.10983635248534813,-0.2055145976591612,0.22827302531115978,-0.4090039273603801
0.15987638935543647,-0.02060874683956098,0.24047366887548866,-0.3247758297964681
0.19193451313019028,0.12463874137005379,0.25616333921357354,-0.13422662567228125
0.17595603954417696,0.1710869533446967,0.2738731980565655,0.09670140996409929
0.09657622324568506,0.09900413202330544,0.28165535006755005,0.2880218505762713
-0.039333528811808814,-0.06486719062036476,0.26001666293301195,0.37293009278249895
-0.20276480177204023,-0.25782707029745494,0.18962826934867266,0.3209550862911567
-0.3508265973635779,-0.4052573186896507,0.0609197428379223,0.1487376159365377
-0.4407193729623475,-0.44910463429032116,-0.11844119447219877,-0.08552402353000935
-0.4447627577774121,-0.3701304468320916,-0.32169956619025025,-0.30208261379113915
-0.3611565859961637,-0.1956351002340613,-0.5083377494128317,-0.42704127106025547
-0.21639778270449478,0.01018951705509871,-0.635361304903688,-0.41746281520525735
-0.058052234486735764,0.1696662971289152,-0.6708550736345066,-0.2754181626142292
0.06005310995006055,0.22011796938162256,-0.6049238555647798,-0.04627912922372818
0.09539538734397567,0.13693407761183415,-0.45377195836035983,0.1977306208645043
0.03112573072670858,-0.05720769436095866,-0.255005666864321,0.38249594429916045
-0.11775484809381828,-0.30024753924416814,-0.055445313585040484,0.45643246773949825
-0.30866582386351427,-0.5127693510341429,0.10439011915349772,0.40587597746433135
-0.484826634931139,-0.6260325044092763,0.2035420071028811,0.25656745787135504
-0.5932502621986395,-0.6058269585101628,0.2466794548698679,0.06161069306631708
-0.6012651261342931,-0.46364546251596855,0.2605958413551169,-0.11885611947613337
-0.5060331924691046,-0.25140911411476285,0.28231143352149324,-0.238351254648233
-0.33403117719608466,-0.04200126793832308,0.34318512903317966,-0.2775904768651853
-0.13099871633289709,0.09706112985448682,0.45508195485932457,-0.24657234770827496
0.053850602412915574,0.12718863410579653,0.6040169374780784,-0.17555017071687182
0.18369633683909684,0.05112914191881931,0.753965624417665,-0.09946866999406755
0.24460974556313567,-0.08990154465552148,0.8596803230584731,-0.04264635744890188
0.2473973707752975,-0.23285428554047716,0.8838281638384717,-0.009890361005966346
0.2207651532385856,-0.31679039975774853,0.8119422850433398,0.01279752933617567
0.1989039638121436,-0.3052149702068619,0.6593090965446622,0.04891448052651049
0.20842891645954387,-0.19872227726828665,0.4668365073166334,0.11809819365789197
0.2595038447308393,-0.03362794545726781,0.2871041759750844,0.2248069370582042
0.34406368018003836,0.13251850770155602,0.1656213223607711,0.3540844323189363
0.4411209870075926,0.24289485423790316,0.12432339374371267,0.47631618945328125
0.5263862352868438,0.26261937611154984,0.1536943393959586,0.5589824811960714
0.5819229484743335,0.19146723900691617,0.21677145140168846,0.5803754703903212
0.601854563865128,0.06360792040159792,0.26380339008844883,0.5393294950937843
0.5920602517148058,-0.06531232524933016,0.25217614383922543,0.4565949636264257
0.5645083933425709,-0.13884503066063794,0.1640091052702062,0.3669252873942841
0.5292335756406106,-0.12056694093025092,0.014470111581316315,0.30484064016206874
0.4879759542181089,-0.007536331209621073,-0.1527900133745051,0.28978730174474193
0.4327410250591012,0.16838117750184345,-0.2818239348955341,0.31688198641607623
0.3503128691220943,0.3516797049424537,-0.32638362401413046,0.3573833366029922
0.23099313944502783,0.4828027100258311,-0.26942320363732897,0.369243435563115
0.07771400858356474,0.519175553450033,-0.13240117011540342,0.31404243903976947
-0.08887709205397518,0.45029279668859523,0.029764859034060332,0.1739034529021368
-0.2324308497054486,0.30163912530753967,0.1469607666467278,-0.03828314392199835
-0.31032579455228054,0.12614792204576025,0.15917162547938704,-0.2796749003486244
-0.2877300901384655,-0.013809233756038975,0.03970794005994483,-0.4896239929175924
-0.15131493410771152,-0.0677251919663227,-0.19235759318291268,-0.6091875893509265
0.0827088005583104,-0.01434013376616048,-0.47562123291281366,-0.6011905328435677
0.36982194898522724,0.13070940346239182,-0.7250868204956823,-0.46368536212368777
0.6480509901147297,0.31949531591950675,-0.8600532809170361,-0.23194636129789764
0.8552615233885952,0.4871259093369904,-0.8315043028469326,0.03179683368713177
0.9472243943982113,0.5728007159423768,-0.6393057111098107,0.25735140370749404
0.9103379216533328,0.5398118758934324,-0.3329911364084511,0.3877489454257699
0.7646887977609194,0.3881228931329839,0.004301884026992083,0.3955048463002658
0.5565337991145572,0.15555952667313128,0.2831791152789913,0.28878767691085055
0.34301444802603254,-0.0927705410454017,0.4370181838722764,0.10605551390561442
0.17457403900512355,-0.2835939574324077,0.44249810697691744,-0.09823172406683123
0.08113994592481111,-0.35733348178244734,0.3245575100507154,-0.2713227159041797
0.06647211502826372,-0.286164067177225,0.14437816184787422,-0.3770736604455205
0.11184282227468226,-0.08291118067514154,-0.024853927736337718,-0.4033733181537794
0.18668788541892642,0.2018164775770481,-0.12527637099980146,-0.3605808047992399
0.26143368068533074,0.4934214989071728,-0.13463916042510904,-0.27290144845720943
0.3172817461989607,0.7140613033612624,-0.07218167935057235,-0.16702560977934966
0.34942754305259754,0.8044115518922228,0.011794547749903893,-0.06286062575193455
0.3632486977530364,0.7402776750029066,0.0583840784666666,0.03027251679612748
0.3661186747149764,0.5393787271043818,0.025741627827022346,0.11131786209018257
0.35936639128935677,0.2564143983517098,-0.09210417165627449,0.18116409720628482
0.33472008632039435,-0.03218708667111733,-0.2607770668959761,0.23614844685176725
0.2774138564051028,-0.24956806901162365,-0.41748255868127815,0.26514006317240646
0.1749099484561813,-0.33984276861618534,-0.49512733837378714,0.25219086152627573
0.0272897561455445,-0.2836407767180093,-0.4496350712815139,0.1840462967988907
-0.14591028605296566,-0.10347563569146533,-0.2799898292099751,0.059338660347539804
-0.3066370114959504,0.14253327791308798,-0.032970006061848155,-0.10489250359721598
-0.40824801541495986,0.3768013597454246,0.20996766694594046,-0.27304670157273964
-0.4117846690687131,0.5237438102852369,0.35961771462848735,-0.3985627966669733
-0.30280697614206487,0.5305553340492403,0.35048485327575385,-0.43757542437800623
-0.10195990352545524,0.3815282679272204,0.1655199770742388,-0.36426974962738845
0.13590810314362778,0.10200873538630881,-0.1550313678114085,-0.1824169303280094
0.3353551674301662,-0.24893176135328182,-0.5243813332581407,0.07155999874549335
0.4231976591353138,-0.5948194991300397,-0.8363710922853136,0.3359757959206399
0.35328453630407436,-0.8623007556641675,-1.0,0.5401638322070397
0.12452024971003327,-1.0,-0.969503228331308,0.6249065195160193
-0.21475098502681234,-0.9905195557723192,-0.7595597240430066,0.5606167860920849
-0.5784612950099587,-0.8525597758134731,-0.44027996566479466,0.35735258423321964
-0.8675551899711335,-0.6331284749635553,-0.11359588540274268,0.06323192644260255
-1.0,-0.39268509796885576,0.12089495573610291,-0.24852400387602136
-0.9362629754807472,-0.18795488707925037,0.1989476523476946,-0.5000860521930459
-0.691792285475631,-0.05751001677274728,0.11229936082279862,-0.6308586301387312
-0.33235880640270266,-0.014007363740186601,-0.09001383089069932,-0.6141160128781654
0.046112119392944705,-0.04465651858521163,-0.3198834917721651,-0.46358908301729473
0.34641877713971325,-0.1188628959208153,-0.4814165586241094,-0.22832138453378142
0.49812836337024435,-0.19990723276189848,-0.5043963174852115,0.022323372278700623
0.47586103935581336,-0.2566164863372803,-0.36842881068389566,0.21878673393704196
0.30255262708607417,-0.2714567063947939,-0.10964799517915308,0.3105866047386027
0.03775660326769817,-0.24306490103444064,0.1920451460173597,0.27932429300482003
-0.2439398221578896,-0.18330616254330395,0.4405408336898252,0.14213824558534302
-0.4763799612754106,-0.11074701757320199,0.5562367035271057,-0.05477272154445815
-0.6192689776722315,-0.04337811923904799,0.5026989686959616,-0.25014977959476165
-0.6645560559918167,0.006747547897956593,0.2983465987182677,-0.38492202516983604
-0.6312036216499743,0.03540065285264472,0.009519475608669782,-0.41790340801823894
-0.5520237738672107,0.04457270898372718,-0.2723138615030488,-0.33595686107188966
-0.4587150453428454,0.03873985587340406,-0.46116014527675525,-0.1564184373254944
-0.37109453193896336,0.02103332880486676,-0.5044521153553118,0.07828170490597092
-0.2940482971831951,-0.008849101620654271,-0.3990815979443134,0.31194594605877524
-0.22208012932235122,-0.054101775334664905,-0.19054790510973565,0.488772507758147
-0.14809091422824872,-0.11800605606773802,0.04391183552948696,0.5668500512655125
-0.07148856717592289,-0.2002658455528631,0.22200684305151566,0.5279065602575442
-0.0014589210834320809,-0.29429544886636366,0.2836396805731688,0.3812784486418424
0.046203135007372276,-0.38690375066194493,0.20965165215922318,0.16143451930913982
0.057086863387124764,-0.46084505105268475,0.026232672600801404,-0.08020936371047643
0.026945534940298273,-0.4995312124291634,-0.20578543505111135,-0.2872668690590448
-0.033325238524107785,-0.492292747903417,-0.4124489142022401,-0.41146018351061336
-0.0995176111317207,-0.4382896967175297,-0.5313204510412369,-0.4238803810001054
-0.142712177241694,-0.3476070997427508,-0.5309120001328462,-0.3218684130790228
-0.14141968159711538,-0.23904552299479817,-0.41879857453330693,-0.12987055698137936
-0.09210686666459415,-0.13525669606220742,-0.236452116008051,0.10605664191385006
-0.01319272014556977,-0.05675534118196346,-0.04341085142190553,0.328946506915457
0.059980002803509944,-0.016655933567776823,0.10318758925778149,0.48439488836865574
0.08802190443949737,-0.01765853461394113,0.16653592018349936,0.5336037759332192
0.04361366327498651,-0.05200213477737529,0.13976158265597766,0.4627854156739828
-0.07548670229539989,-0.104139296089688,0.04470340914507756,0.28652974628534295
-0.24212762153542566,-0.15511041596414213,-0.0787134264698577,0.04421126987640268
-0.40662799795195437,-0.1872500221164315,-0.187922930033811,-0.20971847156206624
-0.5130312552139815,-0.18799443294452567,-0.2520882414126029,-0.41911272761792645
-0.5191552104972753,-0.15204839665366973,-0.260383829403582,-0.5397744537086362
-0.41304810641161155,-0.08176773792709659,-0.22181472319205753,-0.5498879274689845
-0.21946035451720483,0.013911565966907031,-0.15753335368622354,-0.45462938403249387
0.006557666590445987,0.12145680767576629,-0.08939035406326007,-0.28391025355793476
0.19710102886299935,0.2251392794433258,-0.029670875419086296,-0.08402077479499942
0.2939148260402083,0.3095366936175849,0.023765969229898595,0.09449636519976387
0.26798774839357514,0.3619732605186157,0.08506504814515428,0.20952297049414595
0.12923239698103842,0.37474612070646524,0.17180252978813793,0.23737006000842636
-0.07716934570970427,0.34685896099417085,0.2939193461009112,0.1777268449863955
-0.2863291501492923,0.2848220664535954,0.44489849649694085,0.05257911294527495
-0.43541157375736633,0.20203977339844223,0.5991563492330716,-0.10030817388044776
-0.4837662602046341,0.1165101120670276,0.7172921621723848,-0.23743673411436056
-0.4244369155336875,0.04701285075425989,0.7578268132496289,-0.3204990313775056
-0.2834505391169005,0.008529243139773048,0.6914884790994407,-0.3254921296723244
-0.10791405551028341,0.008092562151754938,0.5129373691510115,-0.24794410337194034
0.05199957969174775,0.04238491093420441,0.24551657108657304,-0.10323007794161639
0.16014056152141418,0.09804965728210997,-0.06305600005572412,0.07783296685092743
0.204338420238524,0.15493242785830552,-0.35300436834011767,0.25684072502018196
0.19619706984108645,0.19152530571099524,-0.5689515305154963,0.39710658329727855
0.16189174851125898,0.19109804937903102,-0.6751619327361993,0.4721771649064273
0.12862690839428143,0.14666293301836641,-0.6645982432383183,0.4715858856134404
0.11283418089649205,0.0631950556131674,-0.5589418103726781,0.4025715223809054
0.11502833877506158,-0.04364313427448678,-0.39982768486048426,0.2874634915294681
0.12305777604965078,-0.15191478088076169,-0.23452268979758997,0.15747439570466737
0.12166867234556392,-0.23959136208093562,-0.10107434606079631,0.04451208217979133
0.10347919234213743,-0.2905833816778637,-0.017955542466083756,-0.026881279674496265
0.07583314580990644,-0.29879107338067645,0.018546044543803878,-0.04537581670535627
0.05984505577997186,-0.2690469472445463,0.02882609292105553,-0.014959740892291393
0.08148851180364139,-0.21486753921596513,0.03890939823045161,0.04723422243815885
0.15831260752987306,-0.15394586119253703,0.0683151938745488,0.1167465207799471
0.28767970750497185,-0.10294871996449433,0.12153184805420376,0.16957578675900437
0.44224602282590764,-0.07324130907114312,0.18626575470025483,0.18965422844785065
0.5757148996748985,-0.06867427741730245,0.23895470190010437,0.17378137677959496
0.6377022707265015,-0.0857626063295649,0.2552241698668099,0.1324967778944378
0.5925546179411898,-0.11578503674168633,0.22106988407260675,0.08656925698456162
0.4348355469941399,-0.14782521417660216,0.1402759210169896,0.06011457366589844
0.19493248803706326,-0.1717022221143136,0.035018812007410305,0.07241460615085259
-0.06831134276324606,-0.18005018694309063,-0.060785075661601524,0.13095759060826842
-0.28611446633213783,-0.16930526416129604,-0.11304541426502951,0.22789273666215445
-0.40311007969488033,-0.13979516391615052,-0.0997212787523783,0.3410803736490289
-0.39696938294112005,-0.09531923870895066,-0.01913266342422612,0.43953061417138733
-0.2867095068880962,-0.0425185470351202,0.10880029607860629,0.491694534216647
-0.12606711545617116,0.009920623781827483,0.24894456153989764,0.4742192842307684
0.016148928547913458,0.05241012426235998,0.362695996437325,0.37866290792719837
0.0817958226787089,0.07614539260712584,0.4208209393873754,0.21430467457276864
0.0457433965671637,0.07527752999699763,0.4127505073542677,0.006358005022056389
-0.0736857443440272,0.049104325565789246,0.34902772653574526,-0.20978962873013102
-0.22047440698033494,0.0034631280422214535,0.2561857564554215,-0.39663291797844663
-0.32119720695649845,-0.049538994876985376,0.16616932032929693,-0.5227343745255825
-0.3126758386207335,-0.09393874632980417,0.10442665450733063,-0.5690393295373035
-0.16690560241254104,-0.11420650115975367,0.08123020703451725,-0.5320181613978318
0.09607881210488754,-0.10029612476660049,0.0894669274062397,-0.4232840172820166
0.4124822525682113,-0.05175559400203818,0.10957692919078539,-0.26621761256788845
0.6950550907839249,0.020799083220442063,0.11949608810296702,-0.09070369774223924
0.8624279880466499,0.09784343172029866,0.1054648142546634,0.07274603486190077
0.8670918179844281,0.1565045322538933,0.06918355461484647,0.19837627201884914
0.7120116464123882,0.17795192093160062,0.02819496306744167,0.26930958662168536
0.44987351986692725,0.15413524745863133,0.009037668424974374,0.2799741457201426
0.16515174325681056,0.09131863192359428,0.03563493459657497,0.2366365228657801
-0.0547006284019735,0.008779199362779426,0.1174243242318702,0.1559721069119675
-0.1488073273700869,-0.06730736987753377,0.24208595548076148,0.061735398258292024
-0.10285968140580051,-0.11294617037716387,0.37620116769017703,-0.020173771519437132
0.04727921568373285,-0.1152189841592195,0.4742964656870101,-0.0675748930823258
0.22932785611249115,-0.07763063687532064,0.493551095153008,-0.06768813567195547
0.36058877258797545,-0.019590408386509963,0.40915992648152544,-0.021201606550419787
0.37695200052396,0.03025826894891038,0.22482878627356645,0.05667630136873449
0.25486675304735484,0.044834181711284594,-0.02562313686714844,0.13905733598356576
0.018991397171123758,0.009779068258795098,-0.28657094433348707,0.19399567945238935
-0.26658965980579413,-0.06923206177022134,-0.4963656637035132,0.19356399762237608
-0.5199963833996958,-0.1661452864498957,-0.605498092696701,0.12300594331981911
-0.6682481846266104,-0.24190619337060115,-0.59115848360281,-0.012868629651614472
-0.6699355791120736,-0.25750560289468244,-0.46340284539716553,-0.18845683234575206
-0.5266610674610539,-0.1883768996351328,-0.26100179497201864,-0.3624039730278412
-0.28026021355661546,-0.035002089460671834,-0.038558869949249536,-0.48812902655757895
0.00225076765712248,0.17441634488272076,0.15060420723339768,-0.5271674672235976
0.25016472751028623,0.3907901369110095,0.2700045240371267,-0.4614332598119479
0.4095917563240925,0.5587641366043109,0.30895322402421216,-0.30042399620342786
0.45663583209349873,0.6345312586886296,0.282337672867286,-0.08062340457238551
0.39998606706128564,0.6008694184450731,0.22193471945860324,0.1433899634425505
0.2735073752801066,0.4740828932379571,0.1628530151099532,0.3140032282589951
0.12257848796375453,0.30008171518518634,0.13020301345523305,0.38754030947156914
-0.010608009655474758,0.1404501176973578,0.13072277213280312,0.34797821270023105
-0.09808740956025204,0.052806223068980876,0.15205673449304127,0.2129469379661624
-0.13084372525143925,0.07183234455693599,0.16949195307633003,0.029734947565523334
-0.11713079417389617,0.1973044642631324,0.15727638932824048,-0.13794617003769877
-0.07641656539522407,0.39324474936946396,0.10012656211039334,-0.2287483050212266
-0.031901678881754235,0.5986840966773667,0.0006623538604484006,-0.20244963915764175
-0.0041956704396493944,0.7466771698053422,-0.1198477478438907,-0.05293100455660138
-0.0074907053539316785,0.7854641706224375,-0.2275588370281689,0.18877109897743066
-0.048168846338281064,0.6949529411345035,-0.28667118792411067,0.46250273364467953
-0.12487833065737221,0.49323951538775795,-0.2708749155967739,0.6958933197323622
-0.22903998361579395,0.2311613157644093,-0.1718209913350985,0.8251365436021351
-0.34536644561277724,-0.02322907009813645,-0.002057888546965524,0.8134369807320754
-0.4528140408318415,-0.2051752233421319,0.20812940683648787,0.6615982895005132
-0.5268699612077558,-0.27214801378990455,0.41855338624114796,0.40763030395984096
-0.5438395385806216,-0.21533632691727028,0.5889207031830064,0.11560903318228613
-0.4868672076689666,-0.0604192278522013,0.687661132062264,-0.1427219666834872
-0.3522227418076164,0.14211495680447034,0.6976334728154595,-0.30798629514588904
-0.15353922160827999,0.33353276970253026,0.6178918903648813,-0.3488621428567856
0.07826203069715142,0.46473938621032973,0.4620139905275149,-0.26893417650002505
0.3005053543513538,0.5098232924126095,0.2543009666079321,-0.10306575019274777
0.4690148928177879,0.47133687637085125,0.0252574232591121,0.09508434215713835
0.5503965658500728,0.3762801981367344,-0.19272195378985568,0.2701238824019973
0.5324491359923239,0.2647920509461225,-0.36921535058653215,0.38107488216682484
0.42894222043103575,0.1757345312194938,-0.4794101799179597,0.41167548559104383
0.27658147338120526,0.13403182757517956,-0.5077274224543007,0.372009307479205
0.12453797990470516,0.14367856185421815,-0.451184349094623,0.29155845432707445
0.019555167439836096,0.18819579359824065,-0.32161716054811396,0.20654904518811454
-0.008625480003868171,0.2377707828216582,-0.14550923284338596,0.1461851376214901
0.04334432121720788,0.2602281114851847,0.039613909451333223,0.12251620455722158
0.15147185465254112,0.23198530365255973,0.19237564228502718,0.12725082105379076
0.272370601413098,0.1454753323189596,0.2771703946526322,0.13633091506489847
0.3575252146787502,0.010949931618884237,0.27383388718014173,0.1203745192411903
0.36913486177676896,-0.14744846332065914,0.18438582288397704,0.0570925493141481
0.2922809848044285,-0.2996264521946214,0.034284050586639886,-0.05884880108287059
0.13948036326114185,-0.4186558111008928,-0.1329418808270518,-0.21211506898373253
-0.0536567818307654,-0.4881200958297413,-0.26676703824801967,-0.3705639513902706
-0.2399090779373181,-0.5055782532724539,-0.32357558086701815,-0.4954404985360044
-0.3749875187275021,-0.48145104919984827,-0.27933791694304405,-0.5544256529009062
-0.43024714382234186,-0.43413576788839775,-0.13711582367757896,-0.5330047698545367
-0.3995966842591823,-0.3832550478363388,0.07310522676688425,-0.44013114382478236
-0.2988814147453906,-0.34334236351086034,0.30241197802944897,-0.3060685423792157
-0.15870485958638672,-0.31990625496065533,0.4964697036064487,-0.1729664233100865
-0.013794923658244208,-0.3088847567015562,0.6104629505743753,-0.08124375348347884
0.10712676111799549,-0.29934358310519493,0.6209600859211242,-0.05636166943078714
0.18766077868280193,-0.2782640959621865,0.5312307559013569,-0.10051677450385434
0.22470639619686994,-0.23570453474055292,0.36869640701638656,-0.19217536520424516
0.22473409233484318,-0.1686328794363644,0.17571065664424887,-0.29372175065791933
0.19767043634172057,-0.08226959745585304,-0.0031096904733106793,-0.36470523272756183
0.1513074673937328,0.011360888035779549,-0.1329140453315471,-0.3762003104012956
0.08852286174062617,0.09707326567998802,-0.19644421839058152,-0.32133894983583244
0.008106132369437314,0.16110142333082278,-0.19575428648583632,-0.21831726815507754
-0.09169212793508372,0.19512173085645604,-0.14807531360515103,-0.10472100623059209
-0.20892828674923622,0.19846542708692047,-0.07794709617237658,-0.02499540008991191
-0.335278396409274,0.1778890970891749,-0.0087011009420432,-0.015277546191242766
-0.4563192573222889,0.14507349461147817,0.04382514711954091,-0.09077211696554369
-0.5548025675323234,0.11274549626832271,0.07364957261993516,-0.24002844320663744
-0.6155817752567868,0.09073763773430575,0.08303664781116142,-0.42813191843925075
-0.6301099723270716,0.08328267150368622,0.07832769300858794,-0.6077567440863347
-0.5986144908285806,0.08839374013532295,0.06536366777898835,-0.7343063533612695
-0.5290692820850402,0.09945068812414393,0.046478012193292166,-0.7799507856365776
-0.43347651670191184,0.10834304705072118,0.020104485172848442,-0.7417659757487489
-0.32312737260968116,0.10897353919940683,-0.017202984843342463,-0.6412606743718019
-0.2049377859073854,0.09979771891624992,-0.06757669126766185,-0.515614674839087
-0.08046398717891717,0.08442231887299156,-0.12912775286317002,-0.4038715840961536
0.05199676241287535,0.06999816627185762,-0.19506877066338282,-0.33308854746937855
0.19321153461015472,0.06397824667303567,-0.25513914883642613,-0.30941069417204053
0.3387099860474249,0.07046670258583818,-0.2987754903450312,-0.3172173995652089
0.47652163937219166,0.08760930747323702,-0.31871666859157755,-0.3265332456640212
0.5883327441827422,0.10716424306318777,-0.3135554985227646,-0.3058754345146896
0.654049233289044,0.11663073341614269,-0.288193090105745,-0.23571818562860697
0.6582921281620495,0.1033615671036289,-0.25200911975423895,-0.11752119475307443
0.5964250764885068,0.05928918754892414,-0.2154661019176467,0.02511580835074828
0.4777134930282786,-0.015438804920947716,-0.18645322120037874,0.15373091657172805
0.32416703385512863,-0.1113385180328917,-0.16772797296240835,0.2281735266695353
0.1651685368382045,-0.21158198442379936,-0.15634067360130935,0.22095661955630522
0.029549966330303244,-0.2966096556806293,-0.14514507493271353,0.1276048314861059
-0.06225934051001498,-0.3499018278399196,-0.1257319279411003,-0.03076558017457029
-0.10338412892786875,-0.3629666594689178,-0.09166426801856505,-0.21361429599693535
-0.10128391149956006,-0.3378067184813169,-0.040889769213429086,-0.37374159767385345
-0.07404249270512822,-0.2859665437483976,0.023389876922162628,-0.47216771880931335
-0.04360310406699812,-0.2244532580179723,0.09350247669988682,-0.48995402356716655
-0.028376318062506848,-0.16993462718911898,0.15929559707580648,-0.4329775536465531
-0.037728312653811734,-0.13324453579788448,0.21058811133123845,-0.32826982403404886
-0.07003805153022681,-0.116125797481384,0.2393620122837631,-0.21356827010258683
-0.11464027913653521,-0.11134019425152093,0.24124128881672904,-0.12407973893692473
-0.15658317030353172,-0.10606153159081798,0.2161435569148585,-0.08126931339320485
-0.18223734047499004,-0.08728238170290835,0.16822877199618536,-0.08750390641643013
-0.1836909431935212,-0.0472448370106263,0.10532168526295793,-0.12801795932416793
-0.16053005445580779,0.013085449868294708,0.037885943079986516,-0.1788592822985777
-0.11872177026589958,0.08375152312944467,-0.022494144487245356,-0.21729732051662298
-0.06742738698383031,0.14881629425881607,-0.0651699165719103,-0.23044848695094608
-0.015252634761383511,0.19154287948171742,-0.08287922197558606,-0.2188322195989219
0.03252957235704137,0.19988325144455482,-0.0741216940673643,-0.19379466622224314
0.07481947040897308,0.17036167340725986,-0.044691127578064066,-0.17031297844995927
0.11351810885417563,0.10908357471662011,-0.00753464759239837,-0.15858332146975399
0.151091037160879,0.029676934581771862,0.01958377117264311,-0.15824382047905197
0.18805611797390784,-0.050938199177995455,0.018478014924818917,-0.1579150111163304
0.2215015797770369,-0.11736463323855795,-0.023958427232653557,-0.14043141006978951
0.24522371065822202,-0.1594836607796024,-0.11074466486319723,-0.09162932701958637
0.25137578935358845,-0.1740670200199288,-0.2320722932669083,-0.008881213705900202
0.2329411448060068,-0.16407426214629103,-0.36613517785961003,0.09456052620467911
0.18610110142512531,-0.13634284152236983,-0.48378943290819826,0.19182328828645442
0.11171509081056621,-0.0988675800451114,-0.556009727754948,0.2510743820065511
0.015548032553138604,-0.05879410462069818,-0.5620234899274674,0.2476849811451182
-0.09264723623091677,-0.0216933929629337,-0.4955636846158861,0.17531119599009365
-0.20076459116116438,0.008072430855506064,-0.3671129023798801,0.051340219051949944
-0.2962049114380766,0.026671851636252283,-0.20123125933517477,-0.0860201136110729
-0.36762645732518023,0.030727452367794388,-0.02967624380372732,-0.1887291910187432
-0.4064797118210269,0.0183633263719609,0.11753382789913931,-0.2146271764258443
-0.40835767567817144,-0.008843930878492699,0.22022513493016838,-0.14254105989817895
-0.3741406472966468,-0.043967477222003705,0.2727217494929601,0.018653817095176668
-0.31070685042814583,-0.07419042233346938,0.2836270200906418,0.23057504454335653
-0.23076594152996352,-0.08265274306166177,0.2710259552556953,0.4358022134526695
-0.15134037304127387,-0.052845138463149116,0.2550035632176487,0.575149236699911
-0.0906930539026047,0.025443239936016288,0.2502718685910547,0.6061834481540783
-0.06405290043424348,0.15057860632361206,0.2615571359873368,0.5168981003399622
-0.07913088274844175,0.3062108055913054,0.28327483829370953,0.33000388728591123
-0.13285556537514784,0.462784788496736,0.3033437462489729,0.09641393040073364
-0.2107213548010173,0.5837994086816795,0.3094050654673195,-0.11993462269128956
-0.2895254218367423,0.6354824953021705,0.29482599991042835,-0.2609860445930956
-0.34319948456182736,0.5971213293056397,0.2620169619503177,-0.2911819312053003
-0.3502708491060759,0.46869682092065856,0.221712345193024,-0.20671800933748255
-0.30066819268868095,0.27302221293633194,0.1885122331145817,-0.03494702629002978
-0.1995026595741723,0.05118143239385892,0.1745069009933919,0.17530900964500032
-0.06624240489343805,-0.1477973709322815,0.18360640195071348,0.36896371121922755
0.0708324308463893,-0.28013785255393026,0.20895735175586952,0.5003624657421288
0.18333872606084123,-0.31940687316542116,0.23464053529359813,0.5447320052888213
0.2518499814969644,-0.2637436680655055,0.24117076093967896,0.502430108143789
0.272157700646956,-0.13594935740119077,0.21281830856173403,0.3955871205321233
0.2563767307631827,0.02357672581925974,0.1440251739702615,0.25910956149856457
0.22824696232149322,0.16878428833007594,0.04248750709120003,0.12945735810682543
0.21404367731969565,0.261010233340019,-0.07230178701358214,0.03475433344487558
0.23217928849608008,0.27906787059113275,-0.17458684582547154,-0.01121296734799289
0.28522132706533326,0.22344441266297826,-0.24002295875117252,-0.010184560188539181
0.35737327487616777,0.1137040447579567,-0.2528345319767987,0.023526972707099754
0.41864832155498916,-0.019546499484179063,-0.21008375587186692,0.06844979584386572
0.4346214535281924,-0.14507695994026248,-0.12181952244257485,0.10192521304949688
0.37860131824474474,-0.24021529679720363,-0.0074056686986629155,0.10519206448653891
0.24206887708422248,-0.2958764914022113,0.11036016541295435,0.06688979298791572
0.0396752606145925,-0.31619635162248433,0.21112206499567945,-0.015067435071127361
-0.19314459904272463,-0.31353053309219714,0.2809112953702019,-0.13301188550222617
-0.4094024380036259,-0.30118098849416924,0.31323920970425845,-0.2702925874980379
-0.5637556298881935,-0.28686043170438236,0.3076667101917496,-0.4033883594669225
-0.6254353183501654,-0.2694149929023541,0.2671418946750235,-0.5055498142834715
-0.5867535659341232,-0.23993093132151797,0.1956844549995621,-0.5518978401508514
-0.4645453367591156,-0.18660522893757717,0.09753141646837628,-0.5253119393502567
-0.29428463465141624,-0.10131772209475795,-0.02209702325588606,-0.42176366846486657
-0.11903078009194853,0.01477908227749934,-0.15542845281996373,-0.25336572138318786
0.02303109587036161,0.1489404088899301,-0.29110642889183996,-0.04763494157541848
0.10842757140797295,0.2788343346894333,-0.414848405118584,0.15760724986384994
0.13270853054802548,0.3783299560055749,-0.5121195273919446,0.32288167930515077
0.10838747801053962,0.4251530760897841,-0.5720618101283617,0.4170601258254981
0.05788821824922691,0.40782351130434485,-0.5910908620191422,0.42576484962241223
0.0044652595758582605,0.329532971417671,-0.5744320780671073,0.3553862849705749
-0.03551156911680598,0.2076646745920018,-0.5345503632612665,0.23117564781771135
-0.05634501409824223,0.06910766649562615,-0.48669542945435096,0.08976718686426943
-0.06200668892803091,-0.057126984810606476,-0.4431124109889666,-0.03160932195617857
-0.06136762949665307,-0.14766964610982117,-0.408255055120481,-0.1057667724566102
-0.062052255829553794,-0.19058525894300674,-0.3771741412552294,-0.12258657545390327
-0.06565732767533267,-0.18755931378656315,-0.3381098689994284,-0.09021122108321471
-0.06634008201717938,-0.1520237331352746,-0.2785940223630632,-0.03024439005336327
-0.05329097537429404,-0.10402166951505289,-0.19275467313813793,0.031075968635994225
-0.015976367556266444,-0.06353924794895013,-0.08671803878998986,0.07238001354808234
0.05009640790702976,-0.0443810747827996,0.020558990428981308,0.08387598544163281
0.13955223027134958,-0.05037639425123566,0.10207798207270202,0.06899885082424623
0.23695953419795043,-0.07490996572706336,0.13203116183649746,0.040773774666422805
0.3205659958124809,-0.103743901081778,0.09631286598840763,0.01475534045684148
0.3687370717829906,-0.12014171864614709,0.0002417030718794063,0.0017000825159661668
0.3668494010765635,-0.11068237630019956,-0.12993494971542827,0.003120786832074716
0.31221803124760666,-0.07000738617363655,-0.2531183831145832,0.011561784977215085
0.2153537433970336,-0.003090255324486102,-0.32559282605794077,0.015359919087683664
0.09715686943447031,0.07565755293170573,-0.315513438629752,0.005671482027854705
-0.0169471437246766,0.146225663154549,-0.21456410175040963,-0.017515873167768807
-0.10394810404597155,0.18872424010201688,-0.04236182382128198,-0.043337043771476014
-0.1490548789601575,0.18935388727188887,0.15844822663128108,-0.05329564468693254
-0.14869591808065216,0.14486961443273963,0.3351881378770634,-0.02884921759994141
-0.11011351165565601,0.0641488449085823,0.4420186861773203,0.03962062453888925
-0.04810348885243293,-0.03374048585325966,0.4548935687278133,0.14627406368694362
0.019723367715112426,-0.12456539228209956,0.3792912854500126,0.26884569819843046
0.07754268310092793,-0.18568592923125485,0.2478702024917877,0.37432593089069927
0.11451764099638448,-0.20257998489353413,0.10875955379805968,0.4297293510975122
0.12606062773152185,-0.1731323251533979,0.00859129932785212,0.41419115111306537
0.11337419263971782,-0.10827977190501029,-0.023667109670028615,0.32779317989510015
0.08197877364478777,-0.02869238376413998,0.013743703823329335,0.19344988289030435
0.04000590142123721,0.04156530713516662,0.09589596359153975,0.050607712766761646
-0.0032547294472126355,0.08241942955594161,0.1815242189160377,-0.05744480371988796
-0.03850251630368542,0.08382042967726873,0.2293433443346653,-0.09834788454436273
-0.05753592616902125,0.048401152107918274,0.21425066893348496,-0.06222371772140612
-0.05461598674474107,-0.010167351748360828,0.13734446457581012,0.034319787266255515
-0.02808559238338409,-0.07256975664058397,0.025962229667518974,0.1534454728080326
0.018190187909994656,-0.12108543314085968,-0.0763597461344928,0.24898003723490417
0.07432220614103853,-0.1460442837544868,-0.126345508858926,0.28250577758577106
0.12557161109249118,-0.14908199837369998,-0.09777545527688175,0.23697779219537987
0.15548494411532876,-0.1418997521815478,0.00764186404091818,0.12301738656606745
0.15051023695102886,-0.14089956385707805,0.15944615107265037,-0.024371982664656497
0.10483562850240118,-0.15967680521581434,0.3081074990056924,-0.15750363987798158
0.02375484691177801,-0.20228716379452485,0.4018304130752755,-0.23197934369454576
-0.07596835368874094,-0.2600659460135319,0.4044957733983641,-0.2213380876726783
-0.16944922936172077,-0.31354995537773833,0.3083484751374051,-0.12537161061206104
-0.23021719111876007,-0.3391426170774799,0.13695596976703917,0.030532195243236557
-0.2381735503752586,-0.31826787372120247,-0.06251934440108264,0.20441015392844122
-0.18645636779339453,-0.24561293010276175,-0.23487975616926013,0.35159560187952277
-0.08477512756525075,-0.13315569357227702,-0.33472053993800205,0.4384186056593169
0.04225127376288196,-0.008051668986271954,-0.34032087681141754,0.45109816160026034
0.16162732543671376,0.09533407819313836,-0.25899836865258824,0.397239529877065
0.24157235938197766,0.14672019618343538,-0.12253405344522648,0.3002116192259047
0.26118277493381364,0.1305778281311985,0.02514416669526198,0.18922966963698598
0.21697130906540832,0.0522173793223227,0.14320228088384837,0.0892552968732971
0.12398840710177823,-0.06318139463500409,0.20650049219452846,0.014433074183806262
0.010975648890353051,-0.17858423507329613,0.21132084222832298,-0.03302670204557262
-0.08898515621078062,-0.2575529949442968,0.1728131897584631,-0.05902279298612528
-0.1492818366041473,-0.27678863936404857,0.11593687434470472,-0.0712988954969672
-0.1584201682476233,-0.23423895361275404,0.0640019498999594,-0.07402673057855828
-0.12355744192016375,-0.1497344477650798,0.02953210901789293,-0.06581963144719287
-0.06767813269987985,-0.05777849648496584,0.010919847267292187,-0.04193595743558145
-0.021344218641021626,0.0050112812657370906,-0.004210406295620021,0.0006813928273047892
-0.011836821851611945,0.013303505863068464,-0.03081943908149319,0.05834129178083218
-0.053428476271623,-0.03758823416669214,-0.07727321404952077,0.11847574715727092
-0.14214640191352465,-0.1298421914074461,-0.13930690841518414,0.1621527392675968
-0.25682525746658624,-0.22948327401718602,-0.19988753296488676,0.1708043032361335
-0.3660459058840182,-0.29865088258362255,-0.23522474757099393,0.13464868996806495
-0.4384938345344896,-0.3092833314955808,-0.22457803895773967,0.0591614483711277
-0.45308514989459997,-0.25319684831760375,-0.15985758063691202,-0.03364899952641207
-0.405329603544004,-0.1448848764067343,-0.05097652725826005,-0.11055174691761765
-0.30779091063707953,-0.016083296101682094,0.07549686070828357,-0.1377621806682516
-0.18466573018757926,0.09578555394272953,0.1842422476595663,-0.09340341377760183
-0.06264895465798345,0.16092276462825528,0.24291583217580578,0.022881512246133506
0.03840473719849048,0.16725969048896883,0.23341431740207882,0.1871063396883412
0.11147896949116211,0.12369517199486657,0.1584595421421504,0.35654332066684963
0.1628119748326435,0.05546159678044821,0.04097866419463638,0.48230620645788297
0.2066617204713573,-0.00637414943134744,-0.08358516017917751,0.5247817424345836
0.2565893372362452,-0.037078005199714846,-0.17927912118352235,0.4665368347676319
0.3168868525774782,-0.02735063959366099,-0.2216276394134807,0.3180667437009903
0.37786721425054076,0.01406275625999732,-0.20530360821477886,0.11424503112544837
0.41737201365849563,0.0650605192464885,-0.14482256261649232,-0.09731526200272236
0.40848872904853595,0.10008165196969333,-0.06819633488576898,-0.27182848622610206
0.3309550734677061,0.10109672193212488,-0.006059209287213105,-0.3812381213688471
0.18201203554357576,0.06521135526186325,0.019626045544538773,-0.4215044575040237
-0.017749740985971627,0.005828019361848085,0.0031371373750529175,-0.41082320930768373
-0.22654126405857977,-0.0530487138668277,-0.0438102731367781,-0.37973039574537854
-0.3917991161156701,-0.08698726309839952,-0.09744273228396305,-0.3570876685346448
-0.46610493516147683,-0.08158578123191175,-0.13164379937016335,-0.357457413063309
-0.42353006093612383,-0.03888969671669798,-0.12821544292246242,-0.3747928099882766
-0.27068658391429523,0.022921667192159118,-0.08380832007590276,-0.3849072567507604
-0.048110279830022196,0.07654318571692327,-0.011002024382289791,-0.3557872479353632
0.17940635012261436,0.09648061956838318,0.0667235044821794,-0.2617675650129734
0.34122079788747306,0.06952081683561302,0.12409005316630971,-0.09605590518184069
0.3825346298481959,0.00047818748633535765,0.14368736261975282,0.12334237077207306
0.28245278883294916,-0.08917704734073978,0.12256387143448394,0.35680419626040194
0.06228594128804532,-0.16935364481470214,0.07332446010535745,0.5544784209988263
-0.2191169762316548,-0.21288787738722195,0.0194004189990743,0.6719168212948391
-0.48209415567056135,-0.206008321141309,-0.013692617511651971,0.6843824976580313
-0.6500492838522305,-0.15351519860384397,-0.007864849230426909,0.5947398042169979
-0.6730680930299677,-0.07657196674648171,0.04072243574825661,0.43216892216904174
-0.5437236762895642,-0.0039793136260814314,0.11992661287853504,0.24226821441135682
-0.29987395656646104,0.039546364426271116,0.2055264187634567,0.07216689170489328
-0.013368292044875732,0.04331615542722081,0.2692981910791962,-0.0440523364986309
0.231882563018846,0.014736019190274025,0.2883997629872054,-0.09460964639409308
0.3655619125586265,-0.024239390502742597,0.25284930498957764,-0.0910461515840515
0.35220088531835225,-0.046892045918875566,0.1686659147029787,-0.06115827114631833
0.20134659539689034,-0.03377850807995786,0.05580931083429301,-0.03688925870651396
-0.03641187518094709,0.018003406376872474,-0.05817407778747985,-0.04186358876826772
-0.286016619382481,0.09234620536701792,-0.1465420206153237,-0.08309896983643313
-0.4715362897974582,0.1598106071546249,-0.19102587768935245,-0.14962151449328578
-0.5390778616644712,0.18947720073520785,-0.18646431095643828,-0.21799403839548107
-0.47176734949526844,0.16236251121873754,-0.14124279905395418,-0.2622043855735834
-0.2923940226498361,0.08092328492966851,-0.07379276252622925,-0.2639025708183076
-0.05352610307018182,-0.0295164553962735,-0.006580324050889156,-0.2191115811375797
0.1809705284539437,-0.1285424188528842,0.04040001179504507,-0.13912681790574868
0.356443479317561,-0.17514033120380887,0.05472734466006157,-0.04567599875003577
0.4431297469619091,-0.143622471005971,0.03402919378505459,0.037410727845762035
0.4421863186447736,-0.03488114080990765,-0.014462250359581378,0.09259875586630092
0.38086718351468124,0.1216304185084008,-0.07671569715819855,0.11392111790563114
0.29946313660712087,0.27645049410226374,-0.13599252037975243,0.10738566613547344
0.23531020889662954,0.376520991762035,-0.17704328062097696,0.08681600888772391
0.20982099750703226,0.3837433318719618,-0.18946024549770737,0.06720478895575037
0.2229611011911083,0.28898746802667336,-0.16963940331475102,0.05848517631903302
0.2565368814573845,0.11636197620508769,-0.12120274253739977,0.0622224353187626
0.2842721763099766,-0.08400015795471467,-0.054015467026731455,0.07232365995358325
0.2842038231136441,-0.25225527925460844,0.017912447281069305,0.07908809601252921
0.24830017421124545,-0.33859186903893795,0.07927214377649333,0.07452734307519449
0.18557248106389002,-0.3195052036069821,0.11661064815226281,0.05644275659249322
0.11771523974365887,-0.20498301419230341,0.1212662861592341,0.02941124001081797
0.06936605008838281,-0.034271965685030326,0.09148397494535877,0.002287670260534506
0.057217366368031514,0.1380303280533325,0.03313648089049312,-0.016558451565570433
0.08261408975455106,0.26045528594926526,-0.041318554472069086,-0.023990442588326034
0.13079328018190187,0.30117900400831893,-0.11562038987961305,-0.024498280005651293
0.17716434806730766,0.2569941750269341,-0.17369276237122988,-0.02888909086989968
0.19809199177116021,0.15207694813058584,-0.2038474864767775,-0.049549856737698204
0.18170583177026817,0.027625735791289664,-0.20199654566132688,-0.09413810366278968
0.13411100095945,-0.07339467630887996,-0.17281992061077395,-0.16041338632994015
0.07810622866171908,-0.12072423771746821,-0.12837366818844811,-0.23466299504194457
0.044481509075821345,-0.10551847929226003,-0.08440426320740294,-0.29485791160181957
0.05901819519505398,-0.04079157758484639,-0.05540946143117811,-0.3177951896520457
0.13024208327470727,0.0457130598711452,-0.04997413296303653,-0.28778231372482665
0.24298534547230055,0.1228410988177706,-0.0679111259712275,-0.20359292852808666
0.3608241518450112,0.1669566649162047,-0.1002138203002189,-0.08084196597323612
0.4371751454357009,0.16854999434934467,-0.1319291853539403,0.05151697207109898
0.43147520813576035,0.13268441089838445,-0.14708334693338435,0.15973372406747824
0.3247194335548399,0.07405295901813584,-0.1340747110971587,0.2160848717913603
0.1285523564307496,0.009461530452797934,-0.08975230136526234,0.20824912756777833
-0.11580227393846088,-0.048745006710294456,-0.020802376743256558,0.14387458422525057
-0.3489412631101692,-0.09563243669875214,0.05805343051146586,0.04858084058925432
-0.5114519855517496,-0.13223530636727387,0.12848752558037252,-0.04208947500961372
-0.5627553020715184,-0.16106465729230693,0.17418924178480907,-0.09413332470603236
-0.494130659615866,-0.18128195850451717,0.18585700541812122,-0.08612167685565676
-0.3313640801229167,-0.1863185922562533,0.16395785904355967,-0.01610596258522102
-0.12604561403287906,-0.16547434810549155,0.1184036494315446,0.09787017379216001
0.06149784397328806,-0.10904812993633849,0.06530967966620642,0.2237191589021528
0.18173990934851547,-0.014731300419306094,0.021935689399544604,0.3256023491954946
0.21125547124642938,0.1078457617211283,0.0014521524787290798,0.375056789558427
0.15864618339425954,0.236974815305234,0.009162953414140876,0.35930063860154854
0.05932127691705408,0.3439534689961437,0.04127898572310661,0.2841742254117179
-0.03869168286275757,0.4019752535901917,0.08648079849464682,0.17110255056526855
-0.09263397399709852,0.39563425762579535,0.12963096261772855,0.04949889070280682
-0.08017376217355857,0.3273085254670532,0.15638345874968076,-0.0525482551394862
-0.006571255001665435,0.2176577946715077,0.15726382985944862,-0.1161143112084007
0.09840143600040471,0.0996212894969823,0.13007605085683785,-0.13539427918096714
0.1923081483047271,0.007799389005747025,0.08009548066868219,-0.11692374010008903
0.23610129583655215,-0.03304520635668109,0.018207246926217866,-0.0749404392471091
0.2084697635092277,-0.01618176515003405,-0.04228331630364979,-0.02502486676530841
0.11339679485130753,0.045222321689598145,-0.08916353080766043,0.021463307259125503
-0.02153279431750956,0.12324485720609686,-0.11419725035571748,0.06021236459643202
-0.15512583765820007,0.18542279974189627,-0.11473930200940442,0.09335365011416397
-0.2469930523159491,0.2062190162584803,-0.09387058050167292,0.1261280900387969
-0.2710921391185907,0.1755163287866843,-0.059242726285703276,0.16254217493989775
-0.22367814797363442,0.101128103290946,-0.02108176838544225,0.2020018506183811
-0.1231794479755232,0.00466412310720919,0.010113496407348866,0.23838203798841381
-0.002539600980536293,-0.08735620699143402,0.025699806800176035,0.2619082049435449
0.10277667913868255,-0.1534968001949916,0.020499553641222447,0.26304155314813726
0.16657693272516427,-0.18457748211499989,-0.006307910340125171,0.23673572972373577
0.17939738917427211,-0.18537695465376136,-0.05109644440714242,0.18527679550332515
0.14937526735615367,-0.17051316643542572,-0.10649609962506607,0.1184691268008437
0.09687473665619885,-0.15652552609445328,-0.1627927397697036,0.050957882373153754
0.04547370213053242,-0.15368312045056867,-0.20982372903801047,-0.002418569005624873
0.013036938453116745,-0.16107065208683666,-0.23905093053960205,-0.031592444976003844
0.006218772753350576,-0.16706510571895092,-0.24539436590582178,-0.03475137733216626
0.02010154383915912,-0.15501092672309924,-0.2283848946808821,-0.019066566292396003
0.04250184660474067,-0.1116778946298708,-0.19228704687895015,0.0016391686010075125
0.06065233144089875,-0.034856019078085054,-0.14506303565528297,0.011516340241624444
0.0671946991947888,0.06328657658223286,-0.09635446446663098,-0.001944971407064393
0.06294860607981848,0.15878464929711533,-0.05496285460381751,-0.0435919157127928
0.05546833811275928,0.22369345497505866,-0.026509461695082167,-0.10873241143893238
0.05428315100249544,0.23627176688850368,-0.011965180714965464,-0.18427021267982618
0.06514646594910053,0.18960244708050744,-0.007534598294011593,-0.2524240340034608
0.0860139733575409,0.09521408737072787,-0.005999060232128115,-0.2957982687766376
0.1066915126919229,-0.01987372714062784,0.0008197019488654209,-0.30221161267158997
0.11248636540151867,-0.12175663451690735,0.01918234157615146,-0.26786268312182976
0.09044112089875697,-0.18081266842539,0.051018054371716005,-0.1980235236742936
0.035560620391573136,-0.18135775419546132,0.09275700371147998,-0.10526874339964401
-0.04565363111280079,-0.12629780678631422,0.1358501205696215,-0.005987229626085587
-0.13602527476629866,-0.03519496646527512,0.16892373868537058,0.08364720893505945
-0.21281538821613602,0.06334856191591401,0.18101718659792124,0.15105806179478803
-0.25532045072938236,0.14199113845621547,0.16499779085352143,0.1891773368718534
-0.25210535638529585,0.18373768202290092,0.12014971600081092,0.19663995574658322
-0.2050940821393344,0.18652699834531003,0.053126002697331594,0.17659016644660366
-0.12891229023108233,0.16189250015611092,-0.023112434869743844,0.13480736364868962
-0.045688786267856114,0.12861056877430152,-0.09219063281551637,0.07793591316843124
0.022734958723738825,0.10415062540127054,-0.13834232107119707,0.012389354163470517
0.062248955497842304,0.09746592552038967,-0.15051370390046323,-0.05589535074491687
0.07078377117166168,0.10596305245738051,-0.12543513811983822,-0.12108831052759632
0.0579219322000935,0.1176807118485748,-0.06878576655982163,-0.1769861402601059
0.040069792006337035,0.1175462009286514,0.005938548557308704,-0.2169581531394777
0.03315299836932815,0.0949361282638477,0.080634982436883,-0.23465164132394395
0.045728539506007804,0.0492940995290202,0.1370905697515387,-0.2254284985273366
0.07520883405134553,-0.008582296279528799,0.1615976074874114,-0.18813016024047263
0.10865695899761926,-0.060153235582793334,0.14844690274946584,-0.12652173716232767
0.1278262949809044,-0.08618846563162798,0.1013263235053115,-0.04974888915627019
0.11647786535546746,-0.074390361140652,0.03220393953964442,0.028626414473989097
0.06714350570976402,-0.024488371208479822,-0.04202948797206902,0.09302728043066437
-0.015266421718251552,0.051267587559171136,-0.10423578931323599,0.1292435129788774
-0.11439158189098436,0.13242979176682126,-0.1416905591701168,0.12796260142604932
-0.20754071184958914,0.19777600234972795,-0.14936465795295076,0.08747306959659795
-0.27309062775196474,0.2328918383012168,-0.13083634568423552,0.014706636257575827
-0.2974431229247613,0.23493426273039267,-0.09654133522633526,-0.07580813081752859
-0.2790487809982662,0.21275414874426993,-0.05989048651954332,-0.16494865053934116
-0.22816437241835769,0.18242906129461683,-0.032481430026203205,-0.23327423556495117
-0.1626284038932224,0.16009083457697923,-0.019969740849978653,-0.26551242664801294
-0.10138982420762874,0.1549933809004345,-0.020013400734331954,-0.2541032556829751
-0.058264385948401935,0.16563786484118098,-0.023077790802325544,-0.20088172882302996
-0.03816851400965791,0.1805168330067606,-0.015962493790371964,-0.11647188064888056
-0.03701657440572737,0.18316608323730482,0.013025686887210194,-0.017578673263717717
-0.045006151402823484,0.15947302966194898,0.06896298549758953,0.07707964520704044
-0.05173502868416523,0.10427298512457199,0.14706812547304648,0.1511153199289376
-0.050978617862022194,0.02452800874376483,0.23262687934928034,0.19397564139083814
-0.04321666753380765,-0.06228400389923241,0.30439372012511046,0.20276979365266545
-0.03499497991722066,-0.1340686619782631,0.34062735220247864,0.18207395584661834
-0.03552243836345517,-0.17212127663108576,0.32597071186890986,0.14193051096266293
-0.0520090700893155,-0.16822066777737815,0.2569808830189033,0.09471860936271748
-0.08572141106637225,-0.12811008696968249,0.14441719044355641,0.05181127915181442
-0.13040445811635293,-0.07000413886516454,0.011341882646394338,0.02089904978773525
-0.17374912941813306,-0.018598016206775866,-0.11260840718530345,0.0045873174106298735
-0.20136981504559698,0.0033079759008642507,-0.1991799269990278,0.0004674931417821739
-0.20177868214221,-0.01737693300013539,-0.22932112823852502,0.0024523748885697818
-0.1704737581176667,-0.07947196458893953,-0.1984757840076386,0.002870686049052124
-0.11161974262462872,-0.1677000857063934,-0.11771071701839722,-0.005299550748879065
-0.03673078315577953,-0.25740427877348226,-0.010327061425381265,-0.026612553847508817
0.03911190550712921,-0.32208249051073096,0.09498499659016,-0.06210986093125825
0.10209092805987308,-0.3411827974429975,0.17231639259349912,-0.10916512313059121
0.14379387249494424,-0.3057010359466192,0.20552231135547416,-0.16212165815530094
0.16326025972771746,-0.22004831622817347,0.19193864800227436,-0.21348903956117316
0.16635898333390559,-0.10000358977256037,0.14184637430763827,-0.2554131713403345
0.162907934715374,0.032179589707364765,0.07408332948182987,-0.28114576276071956
0.16271648230101068,0.15370940143446818,0.009415057280595593,-0.28628119263175583
0.17201452691488636,0.24640495018395409,-0.03608169650802759,-0.2695774078332628
0.1914639939978467,0.29980817951855854,-0.05549388948805723,-0.23322799919335654
0.2162775627652505,0.311886360539112,-0.05210052430062207,-0.18251659616687355
0.23818180646893325,0.28775646624761336,-0.036870471214172466,-0.12487643293303015
0.24836065979213806,0.2373132980595657,-0.02353642776554788,-0.06849753815781079
0.24030020773974634,0.17265576773345487,-0.023109622407998433,-0.020748056932976197
0.2116558620365118,0.10589385373355924,-0.039785612970970136,0.013238371039232082
0.1647418432708918,0.047513365467295655,-0.06960515027705061,0.03145599568182058
0.1057724017967227,0.005200814643056967,-0.10220644407739166,0.035155453465127856
0.04334861395195293,-0.017003508385585966,-0.12490922562121232,0.028163656873771762
-0.013230120272595356,-0.01919534431596936,-0.1275870650275389,0.015591379279365993
-0.05541927188440393,-0.005516522664669072,-0.10656841256774423,0.0023209979624997474
-0.07652128848450322,0.016782704597244825,-0.06620755197705334,-0.008257775769234676
-0.07251805220152703,0.039198952504981496,-0.017618604559608373,-0.014880642021630428
-0.042792272860638934,0.054429106518129176,0.02494324185076753,-0.018250282539263578
0.009258436144429854,0.05870539164206845,0.04878296743729199,-0.020213565757985146
0.07594545138249727,0.0531202636193609,0.046954144644232976,-0.022642640573565746
0.14574179404162912,0.043251870127320985,0.02056165689636315,-0.026488230177947235
0.20479980558124447,0.03697239950965543,-0.02152738048423219,-0.03138758947455458
0.23956108240821392,0.04106745000090069,-0.06540448470254757,-0.03596713848174491
0.24001581532787336,0.05790232682591291,-0.09634240722060831,-0.038676297555079515
0.20273459786992915,0.08354308882044449,-0.10315898551655789,-0.03875027466343677
0.13261652019329737,0.1083328042780589,-0.08138608634418061,-0.03683011720385471
0.042513199481830716,0.12003204904625839,-0.034346294063474024,-0.03490604793781641
-0.049513774011448845,0.10857646576753431,0.028075535397913513,-0.035545727595254886
-0.124745096778754,0.0707111586856309,0.09247948863396478,-0.04070199553533817
-0.1688980507665241,0.01259466252181363,0.14582949855899913,-0.05062004319636672
-0.17616310057674914,-0.0509393129980407,0.17900562560592576,-0.06337372761488012
-0.1508002774000443,-0.10058429819723323,0.18904766781750226,-0.07533265459460804
-0.10565055029023344,-0.11899376404261493,0.17954586003590234,-0.08247550682474668
-0.05794249978968042,-0.09722068359924933,0.1591835307289632,-0.08207600570581206
-0.023726512967147763,-0.038742377558158445,0.1389352370757199,-0.07406564549779351
-0.012791322863285217,0.04062036282503516,0.12874585971874367,-0.06143470451288037
-0.025797061131255686,0.11714632245024777,0.13459870935895177,-0.04937293604433028
-0.05461230681940899,0.16665507509354446,0.15672955607684416,-0.043356408972128675
-0.08572182386658253,0.1723964091867271,0.18941871119891643,-0.046859107054043676
-0.10547678591782307,0.13056739056291164,0.2223856638644789,-0.0596048316586891
-0.1052921373407268,0.05142523044356824,0.24341762619073104,-0.07715449751237909
-0.08490883358669775,-0.04445178018918521,0.24156954461629984,-0.09216142261472386
-0.052536970949155326,-0.13340740801904938,0.21013863040204625,-0.0969805199562372
-0.021830123803071737,-0.1967850376533364,0.14866870227483175,-0.08673335501639162
-0.006797805213332712,-0.2268430045538527,0.06346919475020928,-0.06165216679906664
-0.016516305873036097,-0.2283263576591902,-0.033506764595241816,-0.027691249320984483
-0.051569859607989335,-0.21517764902523975,-0.12717175416684853,0.005024313982859517
-0.10351777971696437,-0.20375129006510273,-0.20258916293707183,0.025540333322521327
-0.1575752580508314,-0.20526766492876775,-0.24821204475102937,0.026107677954412076
-0.19752689447547556,-0.22056158231979434,-0.258258428368825,0.005449713389521377
-0.21109450877788744,-0.23930319134450445,-0.2336366225717783,-0.03002809169953327
-0.1938454341666301,-0.24412075462306737,-0.18123556031828703,-0.06770958340755438
-0.15029641777825894,-0.21810243847396296,-0.11185446278406004,-0.09259907497068484
-0.09192052158403458,-0.1527581617226435,-0.03742363957444914,-0.09231025997602943
-0.032901041798859124,-0.05323823705274433,0.03165727759376767,-0.061526161060737515
0.014728015640760428,0.06143451445060134,0.08832585689342048,-0.004351127121382648
0.04475241841712644,0.1635063649488364,0.12939475083207685,0.06634260192614373
0.05797515814798837,0.22534255480183552,0.15485800441477368,0.13244950854357568
0.060647143849440956,0.22885554192364352,0.16642167584214587,0.17592588020362165
0.0609134223344229,0.17207338355557095,0.1659518026628106,0.18411566382530828
0.06480502909630519,0.07038898999682097,0.15450172469076315,0.15337814442593298
0.07344241671950755,-0.048060866698168773,0.13229367935978253,0.0898962575670967
0.08259415015772639,-0.15131266908601884,0.09959621562962755,0.007531485698336819
0.08476216501771741,-0.21366752382577361,0.05802833839299896,-0.07640841935395959
0.07292388682487143,-0.22343922930609733,0.0115984433213942,-0.14597429846003768
0.04436043431256577,-0.18573542082137476,-0.033152296949992506,-0.19036684519288113
0.002917704882139101,-0.11948364946184892,-0.06819858521648003,-0.20563350173802938
-0.041375222989793806,-0.0499948040297996,-0.08608279626828051,-0.19405221633785008
-0.07538160969603397,9.441021662897065e-05,-0.08233048261630614,-0.16185102627716913
-0.08759557701109495,0.0182011541013627,-0.05735625170603163,-0.11644586414216758
-0.07279072526976187,0.004972130958356997,-0.017075425924556322,-0.0643843838283124
-0.03475282800309247,-0.02759740560584269,0.028165794801503236,-0.010689197568128072
0.014105288447081364,-0.06203837793006315,0.06615651594560086,0.04046503371681688
0.05634104786937918,-0.08278524169824882,0.08615678590938138,0.08448718322529872
0.07519507619384147,-0.08214439706350075,0.08196671588538786,0.1155619931597376
0.06048911846553706,-0.06264788663527614,0.0537380878459641,0.12711904232141538
0.012618655822285664,-0.035102807961203374,0.0079297547118856,0.11374278485094264
-0.056858388675542715,-0.0133583873998003,-0.04458673520888503,0.073887341816274
-0.1283884214181238,-0.008051939753277507,-0.09166029475309961,0.012178118261343223
-0.18039389091724525,-0.02190125670938823,-0.12323053549865069,-0.059991169053701686
-0.19610413954688222,-0.04840157839656205,-0.13389068027987477,-0.12633759461343977
-0.16896853123441197,-0.07437446057282619,-0.12391018996452773,-0.16986932147578512
-0.10483191102575731,-0.08527898604271422,-0.09852782424516228,-0.1781829513066523
-0.020142143109646328,-0.07113654229796632,-0.0659000362443901,-0.14804312301068248
0.06319760971751331,-0.03073459799537388,-0.034490125989123814,-0.08742512052269133
0.12459202162362716,0.02749637362846344,-0.01078011057854552,-0.013943255641973813
0.1508726110670295,0.088212250805403,0.0020310597754557938,0.050171817683279836
0.13977679734041198,0.1343838462332567,0.004105758553133621,0.08508827054426671
0.09973733579976993,0.15301108801119126,-0.001957300659846986,0.08006765102995918
0.046220895588049725,0.1392133750675139,-0.01251734938430507,0.03746907583343691
-0.00397144853165803,0.0973022372610065,-0.024155613732302524,-0.027493719031637456
-0.03837958859792192,0.03865302810569769,-0.03438881673253604,-0.09137168598655832
-0.052566872727002306,-0.02259729381219759,-0.04173354884484008,-0.13006189556779776
-0.0506284179151624,-0.07426044287816873,-0.04533433121201809,-0.12684014260616608
-0.042529696724921295,-0.10944400516945522,-0.04453338179662856,-0.07810025630436233
-0.03943007145267062,-0.12745091982888215,-0.03871753753817024,0.005205164703154496
-0.048845915481731415,-0.13221007203184632,-0.027563872683893247,0.10096196375794828
-0.07151111337401253,-0.12920794194067106,-0.01153482411112331,0.18299360179878082
-0.10110823519092944,-0.12241312838223586,0.007715047403755779,0.22944244303561406
-0.1269312330469547,-0.11255196493997549,0.027366147258092003,0.22958407394891003
-0.13841462342514818,-0.09739550656000495,0.044053991196895806,0.18680437661195332
-0.12974264225638732,-0.0737758423042245,0.054942683279894565,0.11684202026564108
-0.10270347357851747,-0.0402716034167379,0.05884118960178376,0.04206428116827244
-0.06659951158800193,0.0007857325141460496,0.05684660610347295,-0.016101741229455856
-0.035129800306471747,0.04302125486346631,0.05212912487383497,-0.043898939937501345
-0.021318952472156188,0.077710978220562,0.04880585189306409,-0.03886209118944353
-0.03234775738060842,0.0968412560313819,0.050254905479974146,-0.009275675633359279
-0.06624758202146125,0.09628230369742545,0.05752199684472155,0.03004439179321827
-0.11180032429800339,0.07771962034349221,0.06852275299050434,0.0638582804537808
-0.151850897957974,0.04845400204197693,0.07849493244443732,0.08212769469394729
-0.16899479115688176,0.01902866165521642,0.08168046668966755,0.08310709052592824
-0.1517011495362759,-0.00047676447102102727,0.07369649995808672,0.07291715173191025
-0.09870763518577891,-0.00409060500015617,0.05370183497238632,0.06200519388242825
-0.02007256653349963,0.007865975791373622,0.025443602824690516,0.06006905986032172
0.06559000341277757,0.028901670441447817,-0.0033814186953977283,0.07154088998021106
0.13683415841022928,0.04875076032716654,-0.02340434102585155,0.09342144238118114
0.1761557174600534,0.05714242787268562,-0.026803191499972824,0.11627129468585648
0.17551546043614374,0.047535062847484814,-0.01033234992103037,0.12790358453083983
0.1387278434428103,0.01944544653631502,0.022997655311003076,0.11827826320089144
0.07991304408792314,-0.021438490021393166,0.06433390990800995,0.08366504063585066
0.018577926744432014,-0.06532333550511668,0.10150252108434105,0.02846814980161045
-0.026939809748045506,-0.10171246943289024,0.12286918724054788,-0.035959169045568624
-0.04537628641005716,-0.12285122531503723,0.1212305355626904,-0.09501850274549645
-0.03576497755555481,-0.1259789305182807,0.09634757446144562,-0.13565841706771634
-0.0069254038350037034,-0.11367186446147844,0.055163606055750145,-0.1504655536614876
0.02649389104120442,-0.09231891031727618,0.00955107373823455,-0.1396014865639508
0.04990241635547585,-0.06946156005696758,-0.02768022621866088,-0.1100076628775552
0.05439914245814552,-0.05109004784732271,-0.047134214840029276,-0.07235628524134007
0.04008723366806145,-0.039900651938069034,-0.0459996367908513,-0.03704510467315937
0.0158808815797532,-0.035051800197062846,-0.028899576779299798,-0.010811233711875314
-0.004091383898047209,-0.033321012736016536,-0.006097629303976977,0.004809973501668947
-0.006133471131927449,-0.03102583689973523,0.010312981474797296,0.012764539150721612
0.017423921315107786,-0.02583722573764224,0.01088023990002057,0.018011261746680475
0.06476331268537665,-0.017752814694674025,-0.007677657799096795,0.02449337554161717
0.1245579864495336,-0.008922322875841547,-0.04115369784649019,0.03290035830722316
0.17944038825635608,-0.002528730246293045,-0.07922120377321484,0.040172650893280565
0.21175020651498355,-0.0013063731174009175,-0.10900660510912609,0.04092701305356659
0.20953027867403545,-0.00637224756590839,-0.11959874529379191,0.030154154680953945
0.17065480711612624,-0.016841612227874843,-0.10590463870948465,0.006001116271378594
0.10365044404313284,-0.030305808313126487,-0.0705094524908205,-0.02858810401276337
0.024953430487450568,-0.04385614042442131,-0.022919217576616163,-0.06613269709947865
-0.046398183533810124,-0.05511925309715555,0.02350940828023598,-0.09675914814401741
-0.09476204329322006,-0.06281569989826033,0.055853295514237525,-0.11144645714601502
-0.11251393609772287,-0.06662983776059671,0.06563834586438481,-0.10514136123729631
-0.10177893712878673,-0.06654726578332822,0.051254399475401696,-0.07855662887394098
-0.07282422697048754,-0.06209814758260384,0.01804813130672213,-0.037976763319910525
-0.039855605274470435,-0.05200521157346738,-0.023794663979648505,0.006836927239289229
-0.015835760550324294,-0.03454155357756657,-0.06271868166701385,0.0458336913076037
-0.008200247307816082,-0.008541284733234634,-0.08936223099955037,0.07175989997857292
-0.016918010834821584,0.025358222550857342,-0.09902574758497815,0.08203914233547141
-0.035412680298698526,0.06385721380810787,-0.09234187169046672,0.07885070653012692
-0.05379160773033964,0.10105259218931666,-0.07413756074173819,0.06752937939800292
-0.06302126334802252,0.12961319123259155,-0.05111468635215678,0.054044515610705314
-0.05842616732398899,0.14280600596403645,-0.029324572441020248,0.042620690533237575
-0.04124406520381427,0.13671111860261206,-0.01236837786191093,0.034428990677496524
-0.017778697896327647,0.11180620164381071,-0.000868851121497405,0.02777922853652467
0.003373317860478147,0.07326519368797935,0.006793960054839509,0.019595726269757596
0.014842448341129523,0.029750695662741754,0.012982931627103405,0.007432182710162153
0.013358080077940059,-0.008976044048113252,0.019285102106940705,-0.008913838576487327
0.000904537797643633,-0.03486035654738448,0.025640606700937516,-0.026919402332351655
-0.01618983863003668,-0.04383931591891486,0.030441199660198915,-0.04220843985871657
-0.02977150006171802,-0.036846608954855524,0.03146907954900417,-0.05040155825081873
-0.0329424530013715,-0.01922928548124535,0.027182086626489278,-0.049135671139128666
-0.022507710610840913,0.0011743554313037128,0.017719720750381494,-0.03935769401585638
8.48870486131212e-05,0.016595041414683116,0.005149019040800861,-0.025286625930355508
0.029548427139132933,0.021649154937093407,-0.007182645098960131,-0.012985543579311802
0.05885387159255024,0.014674951240464034,-0.01592333840373184,-0.008064310065742377
0.08170920259173803,-0.002248485352871948,-0.019078570198406787,-0.01340856717663155
0.09444339397379518,-0.024447020371064936,-0.01687313331594419,-0.027848366696511407
0.09664647801330116,-0.04642078306897635,-0.011730522623969564,-0.04633245117427825
0.09048132041527701,-0.06354646588256227,-0.0073515161496347636,-0.06159923563336572
0.07913574817940194,-0.07314707362526061,-0.007244777121776398,-0.06675935936576197
0.06519618899063775,-0.07468692453439205,-0.013288662810379846,-0.057851546254110715
0.04967889855992873,-0.06922244124061344,-0.02489436665683997,-0.0354374306450172
0.032091783302783984,-0.058505602300773056,-0.03910279947107266,-0.004655268368861727
0.011392707943385047,-0.044199232382145515,-0.05158011590749494,0.026284129984687953
-0.01271106271675003,-0.027518978162184123,-0.05812846613515364,0.048620317095394716
-0.03882735271517338,-0.00935256460313968,-0.056137279120181356,0.05570477495812346
-0.06382885716220671,0.009345017179092679,-0.04543794635855034,0.04491100326311268
-0.08377957298571519,0.027204999990733066,-0.028269927027482992,0.018211180689446556
-0.0954497613453294,0.042417109974504257,-0.00841593784461267,-0.018668181752289344
-0.09772226792638188,0.05309581261702153,0.01012325981598425,-0.05811204566011862
-0.09220040024985178,0.057883626112763424,0.0243897323990748,-0.09280177551208708
-0.08265802970508404,0.05648408436759392,0.03319889016762815,-0.11749245291581538
-0.0734878835892149,0.049825873390664556,0.03711274970461947,-0.12989082121590925
-0.06777842117921566,0.03972787431202961,0.037745180006255374,-0.13052103398426268
-0.06586699247779747,0.02818340305132773,0.03675132952844076,-0.12182969413684629
-0.06506568701312321,0.01658935617804514,0.03495951829824232,-0.10699602448332379
-0.060782474619205856,0.00530508287078385,0.03201672094547656,-0.08891676361422386
-0.04865395132357626,-0.006204427440783852,0.026681643209725908,-0.0696593384261504
-0.026825078856701864,-0.018658064014306416,0.01761499826489341,-0.05042093968321803
0.002626761226272105,-0.03199140141041737,0.004303440249923687,-0.03181515446517686
0.03383943172075455,-0.04461936562221124,-0.012302522133367836,-0.014218281934433464
0.058985420850010455,-0.05337752764623803,-0.029736206579896046,0.0020366997121514675
0.07115831486297186,-0.05433356895952618,-0.04460440031499473,0.0166796136052092
0.06722040979277383,-0.04427809698250488,-0.05361086260410177,0.02964098212767946
0.04943052973233455,-0.022355908501075376,-0.054627763468823344,0.04113578895419693
0.025080264553664636,0.008856150283612108,-0.04740813484542246,0.05155907206378103
0.00412062699391583,0.04339172880658842,-0.03367338897771471,0.06118848911523124
-0.004429053740473852,0.07324126974240679,-0.016552842450468497,0.06983490050190225
0.004041390470226829,0.09068098614237677,0.000402261245624893,0.07665996118561338
0.027737339835703735,0.09083548035559279,0.014256864972947064,0.08033745235323228
0.05880762086186364,0.07355360285534514,0.02340925202024444,0.0795809048749099
0.08602551869122783,0.04385030675780611,0.027759789964963047,0.07386210734868465
0.09888183970967829,0.010639935283392651,0.02833117382826038,0.06400137851654211
0.0915811136968377,-0.015907511841757125,0.02655506400959327,0.05230277174292053
0.06540920942627809,-0.027541975864895974,0.02355687883844077,0.042059803426433374
0.028512299756878547,-0.02057300253997355,0.01974600772030547,0.03651942789869064
-0.006910605260540308,0.002933663770404432,0.014868137031742609,0.03765554004670289
-0.02900949091825779,0.03581783930541017,0.008465551161811176,0.04524690874621507
-0.030653648273187558,0.06811577680035938,0.0005085938371708883,0.056697922220267837
-0.012120843388271444,0.09019082527085784,-0.008118184388946063,0.06778474739694229
0.018935722911197175,0.0956435109260796,-0.015536618717493293,0.07414335860248011
0.050265863539519916,0.08305268564495227,-0.019297014619585804,0.07298496064548293
0.06952778480098906,0.05604319686882792,-0.01718561173636719,0.06437259974669056
0.06883693607772536,0.021777094138260383,-0.008130504235908059,0.05150085238700041
0.047646535514237046,-0.01150235735069338,0.007143879711153344,0.03976674881888409
0.01287310242801362,-0.03697294903181314,0.025993279741340837,0.03488234683387225
-0.023776367054180635,-0.05095353809160417,0.044362431354410356,0.04067892452953428
-0.050255672245666815,-0.05337765817132397,0.05780700540818966,0.057424444440183006
-0.05871394703387783,-0.04705282451593023,0.06272638765358933,0.08133641586843729
-0.04839087835937989,-0.03616592391624499,0.0574239739821636,0.10555826313602965
-0.025781250477204486,-0.024697571341530368,0.042659160050727514,0.12232670971043112
-0.0020244504689819563,-0.015329464127661981,0.02151234662284771,0.1255953704939826
0.011465401527517322,-0.009131059506063938,-0.0014041126924917338,0.11317818830828907
0.0074467340244306745,-0.005942127731556477,-0.021160201396223818,0.08762249789062036
-0.014325591096773414,-0.0050899005085217755,-0.03379930168237478,0.05546942417757025
-0.046968633124431135,-0.006004004619731327,-0.03734607708708643,0.0251447180246621
-0.07906498641684175,-0.00843145442364121,-0.032263837414220585,0.004225122693599726
-0.09897531997152907,-0.012222136570681412,-0.021256012003037162,-0.002948055151804707
-0.09921871334834856,-0.016912385263625918,-0.008486606780468682,0.0035270306138135226
-0.07926186298944297,-0.021452090918918407,0.0015571654880713293,0.019478852772714803
-0.0456825144712537,-0.02434212519403324,0.00525598110564673,0.038400190551952096
-0.009681494905371298,-0.024213706504297827,0.0007994026437234042,0.05385947440646986
0.017079725629198444,-0.020608018569575396,-0.011353016164070247,0.06166573252196559
0.026725245064300285,-0.014544296309164081,-0.028595533128856255,0.06100290774707953
0.01790555591338254,-0.00849506132618892,-0.04684545470262942,0.05418281369737508
-0.003952801995577688,-0.005623122956218231,-0.06158635011044934,0.04522064054225064
-0.02891281164995099,-0.008481492143359233,-0.069022557072828,0.037890892215058355
-0.04638649029577972,-0.017678317314453008,-0.06705225594241251,0.03409658696972446
-0.04909708352671969,-0.03111546818952476,-0.05580673345669171,0.033216570704763804
-0.03566361618614776,-0.04424899069210045,-0.03760900161627067,0.03266011969505264
-0.010896710047760015,-0.05143497217099546,-0.01635443207776535,0.02933759440810466
0.016213205646049948,-0.04796273488404796,0.0035260724928979433,0.021366525422291765
0.03596975406893952,-0.03203331557611494,0.018236812948273236,0.009234755174792475
0.04155173200455617,-0.005874962677916774,0.02558949829710001,-0.004123974177561906
0.03137116986303601,0.02454738917810621,0.025491831128405553,-0.014418469439372129
0.009402934665422184,0.051258012811037354,0.019805218492239915,-0.017821272897326615
-0.016518012195809485,0.06689229216448413,0.011616464458196805,-0.01275656654137684
-0.03767720791841086,0.06728100539100737,0.004156101200422074,-0.0008704752874814786
-0.04755671818322363,0.053015358145055425,-0.0002836683694865521,0.013288071856312022
-0.043871568350035924,0.029349403070787157,-0.001071215568601233,0.02382664110308234
-0.028907095322312417,0.004406060149169238,0.0006468503393957319,0.02574014893493062
-0.008190638295576085,-0.013696261126069328,0.0024727567515622924,0.016941166225556154
0.011841863584992998,-0.01974403970812789,0.0017437168347873638,-0.0007397728491416712
0.02620216924529693,-0.01326385363638597,-0.003375559289108445,-0.022032244861979255
0.03283451556851195,0.0014153797730478272,-0.013091954079194943,-0.04005645188516226
0.032766140015339125,0.016911930175139766,-0.02577468498845461,-0.04883884796356406
0.0290376747873882,0.025694014775332195,-0.03842744777820557,-0.0455547283314349
0.02500584301319714,0.023025159235228326,-0.047683034636151235,-0.03162097550616328
0.02280357823401173,0.008816548821396635,-0.05096573804619824,-0.01219113838014967
0.02259268068823376,-0.012331182991153471,-0.047398569039824374,0.005781346825535261
0.02284023033903838,-0.032912427436860445,-0.038120283680559676,0.016186264439280444
0.021381561137883608,-0.045430905889287665,-0.02589178118699111,0.016095301240701805
0.016704481233581155,-0.04530532575904871,-0.014134079647530004,0.006890122459282268
0.008834296451831019,-0.032631612182512905,-0.0057521647155635664,-0.006268334483652078
-0.000575467456022941,-0.012116642618659225,-0.0021792927751589385,-0.016441063882760783
-0.008951152515933192,0.008782374906355054,-0.0029926766503412514,-0.01762539513183036
-0.013937259994044807,0.022773871779111516,-0.006234257832036928,-0.007144776991940132
-0.014408517674904186,0.02555233327107818,-0.009301663010240628,0.01320604508136117
-0.010876173330400982,0.017415783937942766,-0.010057347819560468,0.03770858156581024
-0.005108620757074114,0.003053436181009024,-0.007722221738404653,0.05876442649769067
0.0008332436506540603,-0.01039795167776163,-0.0032057292872506903,0.06966942885021482
0.005661920117428074,-0.016248592420649157,0.00125536458312995,0.0670760572875366
0.00949200081500674,-0.010952212865277202,0.003007624648992973,0.052223146301516477
0.013695900728400445,0.004455627843289035,8.488270027768689e-05,0.03048202266699073
0.02002094624341705,0.024731279803010316,-0.007926448383852168,0.009403999580439446
0.029371262606210757,0.04244348924568829,-0.01960069685930806,-0.0039875989955507835
0.04085369896903238,0.050831078785284915,-0.03208168197213213,-0.0056484741855426165
0.051610653621683454,0.04637337738935451,-0.042036545334798336,0.004187730642537955
0.05763517799660737,0.03008319531499906,-0.04679723024254147,0.021305844015805417
0.05532055020366075,0.007054309655166528,-0.04526472413819031,0.039236044910236766
0.04313120396081267,-0.015509674019029246,-0.03824749480465448,0.05171670634655405
0.02266289497339043,-0.030971084741301128,-0.028125415279065563,0.0549468391723744
-0.0014444300169875364,-0.035577063892878735,-0.017986030232289594,0.04879599239642783
-0.022833159703153916,-0.0295426491423514,-0.010571224664555321,0.03656575052663974
-0.03556957930328047,-0.01654686042231521,-0.00742682359788557,0.02346320557527155
-0.03630407763876823,-0.0019405355559631444,-0.008548842696016735,0.014432006526279975
-0.025591248924602877,0.009530601950002177,-0.012612697462045068,0.012207339744568859
-0.007800358340052928,0.015526646361474012,-0.01764218197819918,0.016341150243291892
0.010416229828806068,0.016721596757626776,-0.02181590506415725,0.023540281202138854
0.0225549854824376,0.01603693173861272,-0.024080895587044012,0.0291377644286572
0.02467466829094978,0.01691288693250466,-0.024351388630643067,0.029081774166450677
0.01685265829088075,0.021432394502244895,-0.02326419877109713,0.02164342261955416
0.003101715046388525,0.02915711361961134,-0.0216556688874955,0.008176609632864838
-0.010237558402803961,0.03720716962106828,-0.02003652254361975,-0.007350313055208393
-0.017010068742947464,0.04155955556565134,-0.01832471495835867,-0.019847499729943454
-0.013681384324281573,0.03899424226808224,-0.01596295330905118,-0.025026362900617823
-0.0007338588482552641,0.028816452938083555,-0.012357954682926187,-0.021006506980313228
0.017529322933059678,0.013558935661600564,-0.007417859851412287,-0.009001292594616473
0.03469284409159853,-0.0017090930087412864,-0.0019050591247218942,0.0071559118467046864
0.044767135097651886,-0.0112455790654408,0.002607434110700094,0.022436153902516225
0.04453961198026903,-0.010936296233791734,0.004215188936952503,0.03242934198487594
0.03479884678788164,-8.150632136121565e-05,0.0014351950473388399,0.034861411039371425
0.019945756574488428,0.018101833475505372,-0.006071071632627717,0.03026510022802209
0.006157137894455888,0.03752421938932756,-0.017124757264930696,0.021594923720051364
-0.0011482481066936404,0.05144578311967728,-0.02920644215343823,0.012980563628080975
0.000490420206288224,0.0550161284689931,-0.039168523327620115,0.008124720915391858
0.00960443907381491,0.047123482275428466,-0.04424858352094715,0.00895784498826198
0.021445987617479314,0.03080699261013171,-0.04301369375556661,0.015033210519566183
0.029993019105232156,0.012055833416336226,-0.03587434555811018,0.0238425684638845
0.030488151979227777,-0.002533879742476293,-0.024960906594376168,0.03187905828858472
0.02147164304528819,-0.008312404560574646,-0.013396566725371022,0.036006420339702805
0.005472574695676706,-0.004322701815346411,-0.004233294795040939,0.03460749159159275
-0.011932479888428318,0.006450542685465927,0.0005522676313571664,0.028101541856696534
-0.0243193408753942,0.018412588525234412,0.0006312272542345773,0.01868209524601934
-0.026986946206246504,0.025714515018674625,-0.0027369324558290786,0.009425977412619534
-0.01885780633032082,0.02466510160605861,-0.007346085851788842,0.0031453719829442847
-0.0029367701504090416,0.015214987545599612,-0.01099115246521147,0.001420456462727078
0.01486007779764,0.0009158786490482994,-0.012332356277286075,0.004148168860595403
0.028035030145760333,-0.01261285629201699,-0.011332715486601412,0.009724890561893197
0.03205791134521569,-0.02006384722707709,-0.009110437183376036,0.01573898980352011
0.026109964466864897,-0.018675052163190375,-0.007294902849570834,0.019876130970187138
0.013327692647901963,-0.009387833088283294,-0.007181587555745915,0.02069429802377228
-0.0005375625600278503,0.00355200071776586,-0.009062013085954336,0.018010918056951198
-0.009486756614007845,0.014385618347106208,-0.012026368307830165,0.012815014325598771
-0.009697811000612047,0.01828140941460752,-0.014331615470702485,0.006798972813080486
-0.001023807344017179,0.013407655178937258,-0.01418245502177672,0.001727250067450907
0.013033155194626998,0.0017681754876441612,-0.010589655893223127,-0.001115815551817125
0.026842753900351592,-0.011561203318034424,-0.003927841897852978,-0.0012259932582309274
0.03502086598256996,-0.020497705966121472,0.004067261644337249,0.0011236518271765697
0.03467146122627671,-0.020479445876884213,0.010890835698147151,0.005119325677551867
0.02657095313181633,-0.010418169178504662,0.014229304128151604,0.009738128582649141
0.014810615042889505,0.006734686143681721,0.012904227157016087,0.014035975089238243
0.00505052587352556,0.025059430261744123,0.00740712583378249,0.017309851393443
0.002111127797498812,0.03796094813680559,-0.00021252991489561417,0.019130644927201432
0.007900964339904995,0.040766160305503375,-0.00708676659576611,0.019302662786622828
0.0205404612269891,0.0325800443580558,-0.01062063990005075,0.017822072326153054
0.03504967856221309,0.016649804054854802,-0.00951049353114341,0.014877912159057394
0.04532552559843541,-0.0009123263209676912,-0.004282472299650552,0.010887661667573554
0.04660488230585346,-0.01353525972446534,0.002872332287867812,0.006516392488697551
0.03741102592115859,-0.016757926093768753,0.008914445973017906,0.002619677983326187
0.020192317080575596,-0.009932578873812268,0.011114532054368388,8.214571438264268e-05
0.00039622730511995857,0.0036116629408205728,0.008106722819497317,-0.0004196757363863024
-0.01564145983477881,0.017994372388057032,0.0004284422638327327,0.0013506774507369536
-0.023134161529748926,0.027206896643033072,-0.009661608924260077,0.005062510789625739
-0.02062568632513234,0.027544527769024673,-0.01901409776471968,0.009867054771936827
-0.010409419761845498,0.01906593714017643,-0.02474408903390653,0.014627390388457452
0.0025570357121656967,0.005502448709982501,-0.025264966899666938,0.018257257251074032
0.012768604351636327,-0.00732558885922003,-0.020810939015387324,0.02004519775438314
0.016432871903533514,-0.013923098492347782,-0.01326508353778399,0.019839485649117108
0.012940820967347152,-0.011373550394383456,-0.005384388426312736,0.01802253616930212
0.004956146738037515,-0.000517002234121425,0.00025554278736104343,0.015290073169297726
-0.002886335017006722,0.014412638356962406,0.0021766557014711633,0.012333185815999964
-0.0061014463904133795,0.0275236988013506,0.00042894600334930015,0.009563503384777542
-0.0023833071755619386,0.03365182420900377,-0.0036025886802148626,0.007002750042792514
0.007322407219798465,0.03041546440765596,-0.007896308702474333,0.004384146468613256
0.01916299728810695,0.019112003550227026,-0.010681276221049616,0.0014155286036745631
0.02800003483861156,0.004110877920837245,-0.01113643865069213,-0.0019243980508784793
0.02962595534880893,-0.008980009125547802,-0.009621855373191126,-0.005208332548949967
0.022637443424268617,-0.015600619476739118,-0.007372666073179221,-0.007607402616992446
0.009162780398977957,-0.014031656111375258,-0.0058190376609753265,-0.008171887026804487
-0.005886283837656793,-0.005967818330527389,-0.005851411887104467,-0.00624594622168217
-0.016752244253905823,0.0043380056978554495,-0.007365411120124773,-0.0018442058077969008
-0.01917164207170179,0.011972815763410643,-0.00929072577522942,0.004184055762391238
-0.012151176938069722,0.013489236419487126,-0.010090798681651742,0.010303630002639862
0.001564166997054304,0.008360767050577464,-0.008509491932086848,0.014732856405058586
0.01654299468421353,-0.0008393672618613681,-0.004228093523416505,0.01602921540143381
0.02682651015318761,-0.00959857957506639,0.001870089200613955,0.013605509391122123
0.028322064544485735,-0.013461805999494102,0.007963532861942197,0.007973942267094554
0.020454941870729472,-0.010010771340781583,0.0119918306233186,0.0006106588039741308
0.006399339153448616,1.977238885673125e-05,0.01250460876357451,-0.006524347377381957
-0.008212458660154886,0.012970008306138375,0.009300241918351973,-0.011643354065580707
-0.017581240213030976,0.023741691670126328,0.0035735001098247897,-0.013723222085454288
-0.01809960252762254,0.027926074582648598,-0.0025081343550126135,-0.012815101015315794
-0.009815056882511945,0.023681317237147306,-0.006640581203230231,-0.009959259179517593
0.0036015695582464675,0.012565851030252888,-0.007295677725171664,-0.006743592439338929
0.01637111516278786,-0.0010349590768729377,-0.004334743377755806,-0.0046801622971686645
0.02298618053591528,-0.011666719510573116,0.0009349061165604365,-0.004641238569902572
0.020483334952320034,-0.015030771768150066,0.006291559817336495,-0.006568479499679725
0.009677560476834313,-0.009758280924543599,0.009506526645980182,-0.009557764957889753
-0.005147263151937743,0.0020038099284667515,0.009256825784717166,-0.012272723294068526
-0.01796713983546159,0.015445750652164348,0.005666583953171166,-0.013512062535520368
-0.023461482262802282,0.02504498351334339,0.00025103232020620513,-0.012700064309232989
-0.019175383658271313,0.02681746405585668,-0.0047170107035600295,-0.010107023640870209
-0.00652052983395656,0.019947563382982602,-0.007158183433898127,-0.00672021022633509
0.009790080594895386,0.007126682125685869,-0.006060954621913643,-0.003828737740539418
0.02363890291494623,-0.006540216062391382,-0.0019137026299199957,-0.002499293671857335
0.02995563787861324,-0.015613402690922639,0.003490084858317797,-0.0031586696013741764
0.026725004361673445,-0.016531669105332096,0.007798421577134189,-0.0054492983168000315
0.015738079000122782,-0.00905485099594408,0.009093152561840916,-0.008407854061546078
0.0017926833919996563,0.003652284474763319,0.0067158722884855145,-0.010883406803649607
-0.009316050174578578,0.016324575097227102,0.0015795635536673357,-0.012015779503228283
-0.013181457324935296,0.02375033662572722,-0.004172324747196566,-0.011575150887141127
-0.008566228736282874,0.022889721156058397,-0.008028255485105853,-0.01002690344663628
0.00214698127010226,0.014091507876026917,-0.008143242757148736,-0.008303354255280141
0.014008191012708568,0.0009165929930888006,-0.0041206070143686895,-0.007386378875198776
0.021608487610374934,-0.011349097651827969,0.0027853320177959966,-0.007881128403073947
0.021363863728683045,-0.01787218614149979,0.010137208855843184,-0.009760315127424875
0.013026425103320189,-0.016240555653275993,0.015270231972625531,-0.012382792329906413
-0.0002012951194246213,-0.007416376907072827,0.01635082642709586,-0.01477254744203805
-0.012992780299910897,0.004709133876038981,0.01310846947719789,-0.016034847489660345
-0.02011192573489795,0.014962595549207793,0.006941769512238359,-0.01573089621397704
-0.018595968575632678,0.01904603815138667,0.0003539435218173545,-0.014053333507916306
-0.009001760685222154,0.01530849093294133,-0.004053675106380082,-0.011732116662459874
0.004801473864736315,0.005401195168749009,-0.00462089410751614,-0.009715897641294753
0.017208407585183914,-0.006446372243916861,-0.0012782563264642176,-0.00876863464361516
0.02317272825995968,-0.015218727070498683,0.0044555503745288515,-0.009155028661098743
0.02027439112163675,-0.017222201864710737,0.010123425508633573,-0.010547842072807545
0.009706895132345194,-0.011628553561363662,0.013356415185557316,-0.012193313677345744
-0.004221389428420764,-0.0008133828081803165,0.012852970113369068,-0.013259549841791304
-0.015864751681956488,0.010647305098595032,0.008907785353406882,-0.013214577369849446
-0.02056262432102265,0.017899653231199325,0.0032742564228085535,-0.012068884838002345
-0.01654973010623676,0.017848947808049076,-0.0015793864359175162,-0.010376501620458386
-0.0056682874643965535,0.010460231499454289,-0.003509338697327776,-0.008993386128928285
0.0074080482401414835,-0.00122019743515393,-0.0015979802837101003,-0.008697195118308347
0.01711480017175182,-0.012331531817645474,0.0034573181477552816,-0.009833273998534212
0.019298813107009063,-0.01822567907392459,0.009630613599378765,-0.012141829481821593
0.01293171193837855,-0.0164102685791741,0.01441060231823288,-0.014844698894547908
0.0005294644755951029,-0.007597426462697505,0.015850289773390938,-0.016959314069281344
-0.012891838085388083,0.004580003831617139,0.013385993043902429,-0.017709472013944384
-0.021889661263592423,0.015069002718314095,0.00808321327401356,-0.016859212847837778
-0.02284017570571435,0.019491664895700846,0.00220419993108419,-0.014826295784632553
-0.015428174026972412,0.015965256214162192,-0.0017261728791493538,-0.012523215266681669
-0.0027688993425956676,0.005890404966806236,-0.001970147244481063,-0.010988163625362705
0.009885029870480753,-0.00662149816083344,0.0016935218871477493,-0.010957626805383869
0.017314356356444557,-0.016446030367912937,0.00786550516340684,-0.012558549569981935
0.016483404035230586,-0.019565778438191444,0.01409399176339563,-0.015249726001647174
0.007782315833551658,-0.014734055414031019,0.017883004982696984,-0.018039053757837875
-0.0051490258489203565,-0.003992237791475842,0.0177252333582718,-0.019888422440680568
-0.016938714855145275,0.008174448797790654,0.013731478749515922,-0.020139337640929244
-0.022711486809698343,0.016693549986944615,0.007593973461284705,-0.018782984823614107
-0.02010543010715029,0.01800549817282876,0.001895573981283979,-0.01646249982123848
-0.010243587281949042,0.011537176124865137,-0.0009522270991404984,-0.014206212961760868
0.0027388536463742287,-6.163824386479375e-05,0.0002953087200598496,-0.013002371461832066
0.013413089577693377,-0.012016931127210192,0.005199303293589256,-0.013391727557896327
0.017307603509560728,-0.01940896088563314,0.011814345878664426,-0.015246896634244136
0.012759317301777621,-0.019210764880178397,0.017488532163693227,-0.017829620488444123
0.0015998911427662433,-0.011541980352682448,0.019957445439039198,-0.02010141799580759
-0.01160487265757195,0.0003814884716628931,0.018280382525107598,-0.021157771581919907
-0.02144571702137743,0.01158094697348173,0.013231043270280955,-0.02060486532011544
-0.023907065889035208,0.017378780292024373,0.0069795730980017085,-0.01872220951616102
-0.018024942059078137,0.015337329939787429,0.0021957592426767934,-0.016344023673017117
-0.006280985274359089,0.006269259807496133,0.0009432466555988127,-0.01450958543471094
0.006428385856922133,-0.006099249554046515,0.003822261237298753,-0.014028925344161522
0.014819181776463604,-0.01667281273405915,0.009716725275642435,-0.015145194708469414
0.015403632496878376,-0.021098585619357124,0.016252304862308324,-0.01743429878329619
0.007927424612869752,-0.017570258534992517,0.020777663327740333,-0.019983108367082104
-0.004532501986623621,-0.007576697767384487,0.021463778234351957,-0.02177127026706689
-0.016847546500364477,0.004714971237661062,0.01806594593083617,-0.022096879986877493
-0.02396266912782165,0.014186131775442552,0.012031413581273506,-0.02086835262279289
-0.022986680369103847,0.016887678135448104,0.005905757663949896,-0.018641065443499274
-0.014383073679177117,0.011676309531923354,0.002281652641553077,-0.016384117614230163
-0.0017705381201713788,0.0006880900841904393,0.002724213930809186,-0.015075188717186766
0.009581596338777077,-0.011546879109547626,0.00711834236944069,-0.015292957097512
