ch0,ch1,ch2,ch3
-0.006542697173652281,0.006371606743880085,-0.016589520864214488,-0.003708189931258002
-0.005252399356797966,0.0073150578072021235,-0.022238300578478084,0.005327774884368638
0.0009319829862953241,0.009379878653619129,-0.018889525837542585,0.014286029576078657
0.009518989672913708,0.011655271606707205,-0.007876818017155313,0.0194048590215208
0.017019107263794336,0.013155835347886337,0.006284042793149636,0.018514207243305585
0.020383285684293366,0.013229439001133993,0.017769150674161373,0.011928054567020226
0.01826325569425834,0.011821763668391527,0.02186413670212507,0.002309720255936421
0.01157273810575407,0.00949020789806846,0.016921940066481265,-0.006432165177986629
0.0031159081080868413,0.007164978583087179,0.0050478048700431264,-0.010759277917712142
-0.0035659555225753614,0.005759777496285214,-0.008773234642295255,-0.008962865244122702
-0.005655381211861621,0.0057952269041471076,-0.018744627396607788,-0.001864694555914673
-0.0022245561881920647,0.00719048874841301,-0.02066410096727621,0.007527920237016787
0.0053763015660818,0.009306563172553607,-0.013668416401842642,0.015268204679998195
0.014070618199800124,0.011219262689874217,-0.0005926950974603057,0.01810062600704861
0.02032178639038156,0.01210509625483657,0.013205117076319585,0.01480211166755826
0.0215927558811789,0.011578432536237951,0.022066980666839184,0.006680789913934129
0.017396125501390112,0.009841220119247533,0.02238225537629518,-0.00297153567229406
0.009499503123041543,0.007586666599029574,0.014085631163212037,-0.010244374739273525
0.0011989157949916865,0.005701420025424611,0.0006837632468304129,-0.012225085171331534
-0.004041728013638414,0.004893691707680261,-0.012200394491278578,-0.008198461832368942
-0.004023867698728476,0.005403236309576835,-0.019161248034817717,6.526235275558266e-05
0.0012730089989939307,0.006912194112198636,-0.01725349808222218,0.009050765748502958
0.009678990475106826,0.008689967591402722,-0.007213466814120212,0.01495775638176273
0.017730007032081073,0.009907167560272026,0.0068477127817235545,0.015275346978843085
0.0221045866015734,0.009984390353106732,0.01915095520069607,0.009819142387839189
0.021007284640667062,0.00882961431012974,0.024646769955543865,0.0008029342201495356
0.014924219739232768,0.006867337471966121,0.021107686064386563,-0.008083029611542631
0.006433537557849016,0.004851497250665775,0.010047079460352836,-0.013204217941877873
-0.0008561627176024193,0.0035447757310787986,-0.003915916780184895,-0.012489440310486422
-0.0038041886824204366,0.0034011148200792395,-0.01497971881717973,-0.0062898827342304205
-0.001053534726117109,0.0043840658000853785,-0.01857081944513836,0.0027654705951691756
0.006384012758992515,0.005993835567033231,-0.013238553813384226,0.010857552144111493
0.015522747183569026,0.007486755298963723,-0.001246439742986035,0.014557561685144944
0.022622983944315857,0.008190490214381648,0.012384521683374651,0.012246115407481323
0.024737982576169534,0.007780373951224163,0.021980385173649142,0.0047845339299821205
0.020949906718278736,0.006401973738277139,0.023588270345647398,-0.0048387901774325235
0.01277963825254303,0.004592866898572591,0.01662912831749946,-0.01274023353723765
0.0035919076447528727,0.0030428596231541526,0.0041390338852571006,-0.015741609635000497
-0.0027695650566040633,0.0022994322850411124,-0.008502804820606183,-0.01267850445294905
-0.003562234221997371,0.002545587549058055,-0.01582968835713216,-0.004876680354547272
0.001708648488714007,0.0035426865055608815,-0.014585745236468177,0.004398756778364295
0.011053623586999546,0.004757174042113915,-0.005106440501334112,0.011292278342504533
0.020779796806091207,0.00560979989508302,0.008798191524010304,0.012946684016062597
0.02697904003728493,0.005733940653078732,0.02141367847039408,0.008675510001654015
0.027120922924826665,0.005128158378597989,0.027494389068737086,0.00023629561300291124
0.02109960194039492,0.004137246766807565,0.02445326129170308,-0.008905531007449535
0.011302047698992434,0.0032737036758840403,0.013455363484569619,-0.0150149885979773
0.0016617210248369243,0.0029634204188608002,-0.0010427913368245983,-0.015631370691163778
-0.003924184180184801,0.0033336105062639486,-0.013120010020600452,-0.010578661205469575
-0.003173744342234112,0.004142337545624509,-0.017826148712060636,-0.0020259278445959104
0.0036468725203908374,0.004885405981190989,-0.013215356538954079,0.006424520104261201
0.013819450969273847,0.005035696548526996,-0.0011322475608230216,0.011240418654922067
0.023264446061301222,0.004307961114297841,0.013574384417686833,0.01042879024402012
0.028187564833228828,0.0028266404293649096,0.025080168266405262,0.0043605100836011604
0.026615963904616763,0.0011133736060365846,0.029007485439900494,-0.004392284639309108
0.019200684201132714,-0.00011137810657794507,0.024228404310363803,-0.01213817125202567
0.008958292288417748,-0.0002350019690864124,0.013294071132671777,-0.015617720220687185
5.442771294057693e-05,0.000962058801522268,0.0013117080788926103,-0.013378157029426093
-0.0038794734627176962,0.0031696405548473773,-0.006257813097030319,-0.006397522698029773
-0.0012155035249585017,0.005628635364320071,-0.005953241502304688,0.0023051297009905876
0.007009597904103019,0.007407749357731536,0.002179120072344822,0.00891639678921793
0.017508522066246715,0.007770080273964017,0.0145682608328037,0.010418259120100068
0.0260647165045461,0.006480721047660827,0.025613075215526537,0.005862200590450067
0.02922694602888289,0.003925451832387672,0.03007165367214024,-0.0032035412645690315
0.02569404409027623,0.0009846762368310251,0.025343946842051972,-0.013337013491197428
0.016834381546000678,-0.001293707284182631,0.012679297248993663,-0.020594188456296382
0.00613584630403688,-0.002095022827753604,-0.0032199187948915033,-0.022140504043551296
-0.0021863347380012685,-0.0011520038396341046,-0.016060883106794644,-0.017419925204476973
-0.004859976185011211,0.0011546127603926884,-0.02053491966710776,-0.008398109051423292
-0.0008343849129464192,0.003950139616509277,-0.014541141122731199,0.0012251470733433203
0.008337988959806333,0.006211853720013864,-0.00012734917430180776,0.007516108590980815
0.019154457889981054,0.007165364967673587,0.017262874261673236,0.007908524125901439
0.027569362677256157,0.006569633995043346,0.03095038363500887,0.002251730671422431
0.030576946851424164,0.004775647265324142,0.03571527060057486,-0.007123923956659006
0.02733179109208945,0.0025386787187737007,0.029922967517056576,-0.016352455404733016
0.019369683276124993,0.0006676153217468066,0.016202168003600335,-0.021603641743770236
0.009867332116090546,-0.00033650097545407146,0.00038429350143713705,-0.020640307122035875
0.0022733153050472975,-0.0004960260206773056,-0.010872096617832453,-0.013727895874557933
-0.0011069198467409775,-0.0003318201302356115,-0.012804554678278634,-0.0035280838569860125
1.6452780779304404e-05,-0.0006066217341435594,-0.0045017198623022725,0.005976851090927201
0.003937665298117705,-0.0019464653953013378,0.0107153908973289,0.01108775455476697
0.007836945342095161,-0.004505777733023564,0.026647378213819677,0.00986663973138002
0.009129015055463248,-0.007827815529615409,0.03675432745142882,0.002890611591959879
0.006688990075814264,-0.010972751956049954,0.036837722401403886,-0.007017431776785812
0.001420784458663138,-0.012873074493470959,0.026764989490118733,-0.01596095377318257
-0.004086257620021305,-0.012776801966056192,0.010527173709483341,-0.02055731942427692
-0.006677751268669257,-0.010595452786971972,-0.00539480518597666,-0.01928860637662651
-0.004062272281581253,-0.007005436921080984,-0.014683791459861538,-0.013067525620600848
0.004062264471197466,-0.003247346669881098,-0.013768351056328404,-0.004798254685389636
0.01567822467613777,-0.0006893849142763167,-0.0032711706078320715,0.001872465141489565
0.027084408156448476,-0.0003192974886642573,0.012270309159417587,0.004087144532980346
0.034269099858481936,-0.002362907637260811,0.02629237235825832,0.0009540930252387396
0.03447894404481972,-0.006181699887633342,0.03292029261909131,-0.0061162069904838615
0.027349397743241195,-0.010494163687296556,0.029387913150583818,-0.014046813451252875
0.015128172798812118,-0.013838634209803653,0.017163192576197753,-0.019428442932413886
0.0018821613545711557,-0.015100260406725586,0.001318424318824532,-0.019988330685538472
-0.008014015170121814,-0.013900002878064397,-0.011588554500959782,-0.015575575573789422
-0.011518812547471138,-0.010699324190709103,-0.016239202367394477,-0.008247495001506677
-0.00804915983339344,-0.006587924266400221,-0.010752256264736927,-0.001417060692140014
0.00035172046700362097,-0.00284738696508261,0.0025574546073342816,0.001586182536495072
0.009866618414792009,-0.000470092337763269,0.01817194847490057,-0.0010570797281235222
0.016435386347860452,0.00017457553773817344,0.029697502723382008,-0.008838451961245164
0.017357116762517905,-0.0005996928468727473,0.03255271776150142,-0.019061299025582547
0.012333094019525589,-0.002019944602592053,0.025892135294924606,-0.02789053576735079
0.0035481222355105858,-0.0032533707293433546,0.012958117366339296,-0.03188966964278117
-0.005227049326024083,-0.003802481658647901,-0.00029068939017064694,-0.02941873935854399
-0.010142824369107465,-0.003721289140577298,-0.007704862261825649,-0.02132061082675373
-0.008784134450240932,-0.003557184858677457,-0.00556813427623386,-0.010612105191048228
-0.0010966382932361708,-0.0040438082462668674,0.00578314494438697,-0.001301998953564273
0.010622566883875624,-0.00568129010657597,0.022034661441696215,0.003186369219863609
0.02264017953731352,-0.008394674407131432,0.03664861056331361,0.001350024548905748
0.031221736611514804,-0.011434975292251674,0.043580883215581616,-0.005838444104100475
0.03400723902622298,-0.013589456177744832,0.039835003164853666,-0.015373264658674663
0.03079181342280574,-0.01363748015483489,0.02678407136887684,-0.023466548864759407
0.023432357210541425,-0.01087903495556992,0.009694483077346867,-0.02709179589843803
0.01496103248839558,-0.005520653528300337,-0.004372994253961578,-0.025189074010050508
0.008301300135362785,0.0012525277529228606,-0.00943458983183533,-0.01904504709351662
0.005125580854621702,0.007574520083579054,-0.003050061840365275,-0.011702821809132137
0.005312425414837726,0.011479520827666293,0.012634860962032663,-0.006655003834037934
0.00719526923184639,0.011565881091693445,0.031709052687258314,-0.006364786137810768
0.008459017123693399,0.007502748348852025,0.046853940618875975,-0.011225722001781525
0.007275227697074444,0.0001899789164474431,0.05227974763961464,-0.019385792006818562
0.0031793687007044755,-0.008494922691080297,0.04604085497315529,-0.02750329389828911
-0.0026839244800626965,-0.016280052254706606,0.03078469384956417,-0.032119224811361445
-0.008045419019574885,-0.021211124388851452,0.012632140189111607,-0.031080452616322096
-0.010511961651821439,-0.022246799966303212,-0.00134434992027571,-0.024431668186322815
-0.008653187252893563,-0.019537652484705362,-0.006003045379328668,-0.014416444189438224
-0.0027112411452839763,-0.014305717380078659,-0.00018904057978075015,-0.004595160499666578
0.005368841475066978,-0.008383858376426766,0.012876643125234781,0.0015522501277700064
0.01260660653489513,-0.0035889221139987974,0.027022607139757775,0.0019657439515304615
0.016083041355620106,-0.001149152055972787,0.03576203364209123,-0.00325350918340698
0.014027023817117004,-0.0013714761271757727,0.035031714404761154,-0.011986065768443003
0.006463924432835916,-0.0036362166829773408,0.024890296999656614,-0.021039431279411006
-0.004814785596584606,-0.006686260449907141,0.009468420014946577,-0.02748499638048802
-0.016923566052961803,-0.009081084568422153,-0.004804080057916211,-0.029822675683873798
-0.026906174354277786,-0.009646794710788203,-0.011946425270252317,-0.028492594978067352
-0.032696279249937135,-0.007780022772212432,-0.00899265784735674,-0.02553602559720211
-0.033652968953049194,-0.003538189189662177,0.0027095091588583008,-0.02357006355720317
-0.030507144840184717,0.002463910815066622,0.01802285541550505,-0.024529974095008664
-0.024809832700482416,0.00926763143858724,0.03016010754568201,-0.028728696160666683
-0.01817414815020551,0.01579356187330509,0.033550127170964936,-0.03464539593747067
-0.011664946548140813,0.021003592899795476,0.026229715401843705,-0.0395426134899737
-0.0055925651886853354,0.023987691310313336,0.01074849323044206,-0.04065604581388771
0.000241363705598286,0.02401272422116654,-0.006811694350190086,-0.03645204643911409
0.006020216668572163,0.020590844527330062,-0.019315786751693032,-0.02741079655376131
0.011419144742993026,0.01360353873730082,-0.02153554357038062,-0.015984735660761182
0.015435412299485671,0.003465556512107729,-0.012362313500702257,-0.0057235564112809
0.01667699609575284,-0.00874213940416471,0.004656407535833586,9.286855511052395e-05
0.014013886549068467,-0.021268632909067393,0.022697217368491965,-0.00024012372336859356
0.007299891980158922,-0.03189637716966097,0.03440508230054435,-0.006147067741259045
-0.002197233843279643,-0.03836229412626017,0.03487987427767085,-0.014968482582305613
-0.011923828752443948,-0.038916673294627634,0.023676518036436747,-0.02299358572171845
-0.018765432817370364,-0.03286255538214354,0.004992087850668833,-0.026922784254098674
-0.020142353145090015,-0.020889941245161896,-0.014040607962229749,-0.025174136846720954
-0.015060582389379483,-0.005058864572975547,-0.0262515224506432,-0.018506681989388016
-0.004678418171052118,0.011613717036184436,-0.027329477372543803,-0.00970701591623414
0.007891077338139884,0.025878029897048092,-0.017522778234749285,-0.0024629744999662274
0.01853449213402338,0.03508792905778119,-0.0014474763706940478,0.0001236451786954416
0.023540332574213462,0.037897452651908206,0.013907968497450077,-0.003212074405961953
0.02094670706185277,0.03459522103101762,0.022144416701542522,-0.011385257225392834
0.01132911640522499,0.026962179170000617,0.02014340970220154,-0.021389907832405686
-0.0022825239136752295,0.01768963607784365,0.009367556072623302,-0.029494283085289005
-0.01534952547801255,0.00953874404537761,-0.004767088888745877,-0.03272201747037399
-0.023304710356216493,0.004509602531140138,-0.015176489099742113,-0.03002730386621939
-0.023043166305348136,0.003287031500826808,-0.016088855986186996,-0.022699764899031315
-0.013902405651295684,0.005139705395243236,-0.005468541627275587,-0.013846256004748517
0.002190715281979009,0.00829931428847054,0.01412938159791282,-0.007165182620863241
0.021416176201396263,0.010686725542819485,0.03662240711895211,-0.005505343441415322
0.03930705243821253,0.010736117294457859,0.05491941727857294,-0.009776610114021544
0.05207647950026789,0.00803442326592217,0.06381817257298406,-0.01862777965716361
0.057568197367745,0.0035533713451435774,0.062047692064208994,-0.028993782259615433
0.05555841670302782,-0.0006147369820345535,0.05259113148052258,-0.037269835166171564
0.04740942143692543,-0.0019422311191282784,0.041165745690346825,-0.040633436061625554
0.03531970247015897,0.0016442321722542072,0.03353464350549005,-0.037998245200154664
0.021533678200427613,0.010958753544227156,0.0328380778216146,-0.030255051894412844
0.007827060928448683,0.02510609875140837,0.03813540995832647,-0.019757179896706206
-0.004594473238902742,0.04155067388299092,0.04483326443649057,-0.009312534469129146
-0.014866054036803985,0.05670889538494485,0.04685409069214354,-0.001126622402098532
-0.022145132565549067,0.06690450459128652,0.03962138006054838,0.003870298657290704
-0.02547011529888768,0.06940776437670845,0.02254141652646901,0.006070978273677201
-0.02394622466154919,0.06324442721537728,-0.00017063652204463018,0.006658040123836313
-0.017209942895923414,0.049521350009847455,-0.020795022676622598,0.006787221013743429
-0.005940523416754525,0.03115616154367618,-0.031104725661020717,0.006896770867814428
0.007887232001296204,0.012077398203072994,-0.02585614437637799,0.006478860281233894
0.021236560924165558,-0.003874944696384755,-0.005293750341880271,0.004423825809912725
0.03075248187175524,-0.014021434249928032,0.024468686263360084,-0.000227196655057494
0.033797673425671075,-0.017562558102865996,0.05348449820628726,-0.007488680333256207
0.029393644305633605,-0.01572371453189165,0.07171493491194197,-0.016002754002645895
0.018669088568672665,-0.011280407289512758,0.07300841230436672,-0.023237918901177195
0.0045821621248496635,-0.007613641690641378,0.057681309081694526,-0.02630441679359566
-0.009035034508390634,-0.0075975930150372585,0.03256958775347211,-0.02309457653966856
-0.018778266265380057,-0.012678780940731174,0.008419405409990916,-0.01328641225731148
-0.022825667235785378,-0.022445465181504178,-0.004419959520962992,0.001232063818365669
-0.02148741080314453,-0.034823505039307,-0.0002967953744292006,0.01675244043008491
-0.016922700152682574,-0.046822089079264426,0.01921934850780698,0.028867263448887518
-0.012131405074635069,-0.05556163478393664,0.045701566075327445,0.033942536389529834
-0.009630843813591234,-0.05921539589062995,0.06708638700924119,0.030403174399969868
-0.010369468123784488,-0.0575261462495113,0.07254931425178064,0.019343914431106772
-0.013342249305761266,-0.05171482162888565,0.05710965725353985,0.00422120218807124
-0.016085664776873995,-0.043827460841663585,0.02407430323642826,-0.010276542735728228
-0.015857907158036026,-0.035787287162984543,-0.015765759751925776,-0.0197756631626365
-0.011007604947664847,-0.02854504437880904,-0.048000804594828334,-0.021623713760356177
-0.0019334134310234016,-0.021697467511971918,-0.060105267472414944,-0.015658500306236507
0.00881197770234862,-0.013769546340778722,-0.04644807080451515,-0.004089501516654052
0.017371206692368735,-0.0030885956828496006,-0.010806460101312127,0.009423844914412786
0.020077331047573203,0.011083520716612403,0.03469085803032153,0.02112130208870232
0.014995076214250783,0.027643301925810708,0.07388404242289175,0.028405688134934236
0.002858896450304205,0.04341299414685462,0.09256591844863374,0.030572389734526174
-0.013018152052010455,0.053808746849427,0.08384128975532931,0.02878598956604236
-0.027877784842081386,0.05429290873505374,0.050775199463143655,0.02538445690684045
-0.037269616649470726,0.04215495252452408,0.005269720254244194,0.022838139543692244
-0.038726408154813305,0.017965972457839954,-0.03643377276899921,0.02279171313170142
-0.032671449974081855,-0.013913969916200085,-0.05991138327297886,0.02554231820854971
-0.022166345655000207,-0.04611545828697027,-0.057999275137275944,0.03009920285760977
-0.011581811181112938,-0.07022069093826604,-0.033417132996619595,0.03472373945836135
-0.004731286052566209,-0.07934439721504857,0.002437052883880213,0.03766797716648794
-0.00325329203102767,-0.0704802631184344,0.0340353056070507,0.037784924234987124
-0.005950642070536856,-0.045755408698759215,0.04781867654504179,0.03478242326051567
-0.009411521117785494,-0.012050776295784285,0.037452204940234345,0.029080328776192734
-0.009697173410521513,0.021010975950846333,0.006182200659321334,0.02141745707502162
-0.004404330002059862,0.044120025455760686,-0.03460738709824591,0.012455548467506558
0.005797779040564229,0.051368363421817866,-0.07003827485022955,0.0026002694997936974
0.0168936101230142,0.04228539180031814,-0.08771690704349806,-0.007877371658612044
0.0227625161730133,0.022044170543333873,-0.08266446123833764,-0.018512553260868782
0.01756113530503148,-0.0003230295606591208,-0.0592391324501876,-0.02833350087412711
-0.0016411298086480568,-0.01515104818584285,-0.02929423460449707,-0.035801807426960396
-0.03304597244165806,-0.01571102485076711,-0.007314959683350197,-0.03913400586302508
-0.06996114098365795,-0.0008444668734859722,-0.004477072369545096,-0.036942827479386715
-0.10252492398698393,0.024337942312260847,-0.02399670998941802,-0.0289550175297371
-0.120830457918618,0.05003686043578638,-0.05962532116611662,-0.016476905221985805
-0.118379204835488,0.06515593144563138,-0.09789554326687201,-0.002338271337076544
-0.09459531260416852,0.06135788266181196,-0.12324064484793255,0.00976449448773232
-0.055413203206969054,0.03634730010471579,-0.12398091244777953,0.01635727404943498
-0.01162115886254252,-0.004839527204630565,-0.09683987752958052,0.015339672083970293
0.024538998519263156,-0.05108991657892578,-0.04824628600651964,0.00676591848046167
0.04335864591303879,-0.08867736962148752,0.008048559224062106,-0.00706781593356464
0.04083382084357177,-0.10579590653602754,0.05606476746537949,-0.022304103427273025
0.019889484530628908,-0.09661627798471681,0.08338525719556253,-0.03475525159930287
-0.010784470949346554,-0.06344204253277642,0.08539973284831567,-0.04124848707876748
-0.03986790552065123,-0.016179286075746542,0.06641458675920306,-0.040595494976013065
-0.057390204544021446,0.030741644250427507,0.037313877878207335,-0.033833766500096514
-0.05813456357341263,0.06296767575873316,0.010825514274757388,-0.02366458029177363
-0.043271271508521655,0.07079203438779005,-0.003634910483511411,-0.013321102718930958
-0.019681344419500188,0.05215025757458737,-0.003461803610758266,-0.005317028383755768
0.0027278223910106292,0.01305871216405115,0.006651555733493072,-0.0005643342698619235
0.014701913007667853,-0.03459311554116187,0.01732296105681616,0.0018071170194287871
0.010977097301472121,-0.07707276325254586,0.019008215174070142,0.0038819487370784565
-0.007891993971712126,-0.10323056581602781,0.006496062136456075,0.007898591623115746
-0.035796990632152456,-0.10781069314222971,-0.018535020434240664,0.015144700495871475
-0.06324871370793973,-0.09259049602287259,-0.04797814697832975,0.025267645035586688
-0.08061163778704412,-0.06510269376521464,-0.07059283570401415,0.036282812227390486
-0.08123278058257986,-0.03555849282090378,-0.07676596798903777,0.045274169810664476
-0.06341566493602052,-0.013188232791686148,-0.06275417949943521,0.049499978638434
-0.030673250877484168,-0.0033400469414875396,-0.032621546181539264,0.04745602047953459
0.0096620241434256,-0.006300545797567813,0.0029814191726645753,0.03947222480710621
0.048837794913295596,-0.018088095476239803,0.03076587154482594,0.02761273353518261
0.07918803352135326,-0.032704635379034945,0.039931712781353074,0.014931323956551668
0.09593003754472078,-0.044811811444194154,0.026430741572814196,0.00438688779927217
0.09780683975572682,-0.05171275020723814,-0.005349614536395913,-0.0021543612989304945
0.08660859694437943,-0.053887099536374376,-0.04417939928061704,-0.004456923039542348
0.06599403269740486,-0.053980836372041936,-0.07625363819510887,-0.003821407951143186
0.04018891012322309,-0.05482026891362487,-0.09047068119368878,-0.002442447756379739
0.013034247448180776,-0.057428204717949446,-0.08265787885854053,-0.002511229825426138
-0.012422562119425024,-0.06000523926335104,-0.0570986147464698,-0.005428141712689582
-0.03390402189005506,-0.058410433743905775,-0.024779266719811694,-0.011408894787418378
-0.04973868097714745,-0.0480122628084488,0.0009397696543731002,-0.019575670427765333
-0.05883710849238856,-0.026158068469521806,0.00952757311692599,-0.028414192268745756
-0.06090818854511345,0.0058109432774934725,-0.0026606645687714263,-0.03634234932755918
-0.05678061098502681,0.041951485252359824,-0.03102174729553221,-0.0421312360316117
-0.04853962926570287,0.07294429339189583,-0.0645170307659851,-0.04503749288443086
-0.03921007817122583,0.08885576622073141,-0.08990554244852675,-0.04468114260143335
-0.03191789726948856,0.0824966304041098,-0.09673044439363176,-0.040844315408041204
-0.028752812693009226,0.052145464251267065,-0.0811472338395158,-0.0334000185018573
-0.02978800713226783,0.002584099170904357,-0.04718377291498274,-0.022487157418084627
-0.032755917356450615,-0.056014234681171324,-0.005051983532890304,-0.008874144068126364
-0.03368003454064139,-0.11101726678746188,0.032730012227993335,0.005710432326264926
-0.02838051037929851,-0.15108310323401525,0.055846376470465364,0.01856201215927671
-0.01436083873306894,-0.16941796028471406,0.05960118812844775,0.02648862075888707
0.007670181735060952,-0.16541954217445257,0.046035018326898984,0.0267710432574404
0.033347326964655324,-0.14419060230810044,0.022484059734888918,0.018301897959659218
0.05562350165536116,-0.11420170122346446,-0.0016746781886961383,0.0024369698255429376
0.066978275539202,-0.08405735130107066,-0.018699347604426528,-0.01689525154431748
0.06213933568369572,-0.05961625599318203,-0.025127127197480364,-0.03405379105449495
0.04030804298141875,-0.0425237285441223,-0.022451436121440366,-0.04337126348134075
0.005975749205021378,-0.030614350839797803,-0.015753901790849498,-0.04114734736114238
-0.0321110156689216,-0.019877164304622007,-0.01103977588516066,-0.027217255109762924
-0.06359411160485379,-0.007050265178496561,-0.012489516877671844,-0.005423453734373875
-0.07987788869948757,0.008324069618516552,-0.020772450203041273,0.01733598872804746
-0.07702547839005622,0.02330525982880334,-0.03303158207195618,0.03328878454346852
-0.05709234457733773,0.03271267107390284,-0.044395033947969294,0.036504482339986884
-0.027361819600063945,0.03156963590085713,-0.05023009280076444,0.025173014615598763
0.0022757954066070407,0.017789961060868525,-0.048096162876444096,0.0025533140824757984
0.02285219186914856,-0.006091705107474674,-0.038563262034940454,-0.023864560274070006
0.029452234378862224,-0.03300419654708246,-0.024626501043043026,-0.04479268399942487
0.02278188416267616,-0.05338606241419843,-0.010098641800965131,-0.05236316998320653
0.008600143341109461,-0.05853477913943056,0.0021917459250108936,-0.04297353876197173
-0.0047384454921702785,-0.044020860695453363,0.011522786836977989,-0.01868169805574001
-0.009658057157747727,-0.011817221436540858,0.01921083464571174,0.013428868051054471
-0.002333783920103367,0.02978726698961242,0.027434520679190433,0.04374750615624553
0.015884506793235578,0.06861650032065557,0.0375837068554242,0.0636172782020249
0.039119041347179556,0.09261336672566597,0.04901138040962524,0.06851181266987666
0.059377300641942375,0.09402239304886288,0.05888988760895973,0.05969570229969249
0.06972847443547098,0.07221912383757528,0.06334787766563556,0.043699163999940685
0.06695063816075061,0.03410033838256922,0.059427175696588,0.029756089054763294
0.05259163700134365,-0.008186357284161398,0.04694477465127659,0.026140570007063015
0.03205052731469158,-0.041424302389284615,0.029296806362546106,0.036785497410109926
0.012106815466917113,-0.0559550652157453,0.012646034896285142,0.05949497286988054
-0.0020352455587582226,-0.04909412372614585,0.003636261985281079,0.08648419029439092
-0.008924789781066752,-0.026090924646782514,0.006477844894370384,0.10710684932995339
-0.011334533533798917,0.0017378370421717263,0.020633189835448255,0.11179105117997061
-0.014817303687519842,0.02105630658379042,0.040205114950323737,0.09572332543016965
-0.02496126257599248,0.021304318898731148,0.05551114486976496,0.06088785912417018
-0.044526258945774506,-0.0014684759066665239,0.05644438666535542,0.01566630533196206
-0.07172270729850683,-0.043093161231346856,0.03643405423752382,-0.027889905211022224
-0.10043986934582394,-0.092626156485631,-0.004536049370112622,-0.05813160350720987
-0.12242155777089245,-0.1360557596988021,-0.059139254695701735,-0.06774175868920598
-0.13055460346115869,-0.16104067211533246,-0.11464192294896909,-0.0560938237294062
-0.12192677030998675,-0.16099752833568878,-0.1570157197268482,-0.029204430435974964
-0.09934778470391809,-0.13710886930806518,-0.17579632137940482,0.0026495612302570863
-0.07061088715251135,-0.09758617246738147,-0.16789557075944395,0.028713784956994476
-0.04567806436507838,-0.05451309686320863,-0.13889480222447517,0.041505488697428955
-0.03283658030955675,-0.01945239751017613,-0.10124925192427056,0.03915158878641269
-0.03534157283395761,0.0005805334069335328,-0.06998197982567278,0.025516539126724025
-0.04992629560754863,0.005337491262528029,-0.05740063758801493,0.008188726695539545
-0.06786414262510851,0.0009879139295536474,-0.06875934023726821,-0.004790412495638223
-0.07827048784013182,-0.0026226633423270147,-0.10045376533030302,-0.008122786686706004
-0.07242981978044684,0.00393311641789016,-0.14140253193892108,-0.0011298612938570863
-0.04748764813677812,0.025733648467088352,-0.17708713136710308,0.012364455047021482
-0.008044582753925587,0.06118555817219646,-0.194746339864009,0.0259967005313364
0.03503410119837779,0.10216722067458205,-0.1878186818766485,0.033788144233975144
0.06822232884969065,0.13661207074845763,-0.15804383571943745,0.03278533967697259
0.08005058180255968,0.15263802969981768,-0.1145383437243251,0.024323590820123316
0.06519999443414219,0.14278365741293833,-0.07029704194103635,0.013412587745444852
0.02646307569218914,0.10687227862722433,-0.037502493836808024,0.006528954428534403
-0.02613740201663619,0.05249743354207386,-0.023403628876249853,0.008756761647357286
-0.07871603844586869,-0.007064815125085321,-0.028227414696383957,0.02147898293446571
-0.11811059648005212,-0.056842521656211425,-0.04575389554339647,0.04158856237819332
-0.13600424863749552,-0.08474937180863948,-0.06615702766466809,0.06255811002485015
-0.13113716225677194,-0.08527210378691778,-0.07989429544083576,0.07694278158482117
-0.10893454139478478,-0.06108553299886275,-0.08112109569724367,0.07930444157785042
-0.07887490319901873,-0.022106872227795688,-0.06940111729534411,0.0683742503279402
-0.050745655876453216,0.01766743471291793,-0.049230930680394,0.04758171300990902
-0.031268323486546644,0.04450170576759164,-0.027775626528116437,0.023740792705902368
-0.022313569743306057,0.049054949454462385,-0.011868434521758063,0.004425947548390784
-0.021200702657745374,0.02903563533581782,-0.005516001054760023,-0.004908854811101179
-0.02270395474558838,-0.010387062333987597,-0.008829844528856653,-0.0029253911415358515
-0.021732322744850624,-0.05845081147766436,-0.018639678226560777,0.007260105316531078
-0.015470927096344506,-0.1022726376358452,-0.030331827447277127,0.019488938539275066
-0.004120337742697981,-0.1307858986226695,-0.03999305250779871,0.027114394054782092
0.009928307506521966,-0.1379117416432266,-0.04590193706610657,0.02564777178373567
0.023910667131329225,-0.12403233072874932,-0.04878320178043535,0.014437707176886607
0.03648738516245139,-0.09540524560725197,-0.05083822679875821,-0.00325311666217845
0.048557004951588906,-0.06181379319674684,-0.05411564794408279,-0.021739007032546057
0.06262274766375289,-0.03327915171718646,-0.0590519274221094,-0.03529671777722392
0.08098555169271573,-0.01690917254296456,-0.06389140538050693,-0.04042845334759386
0.10366023267091769,-0.014862489798456799,-0.06526027925071191,-0.03707309749751027
0.12713276531746537,-0.02401196298375357,-0.05962641209072724,-0.028309609635472494
0.14477350336942257,-0.03733436455460823,-0.044973528657400536,-0.018749612503757604
0.14900448574496591,-0.04651271146175081,-0.021930225283122818,-0.012370431237984373
0.1344904009990133,-0.0448791173350862,0.006149276941763273,-0.010761472722252426
0.10104945613409669,-0.029751480607392855,0.034180718173216836,-0.012555194927143624
0.05493740518911358,-0.00343727533158864,0.056977520846724056,-0.01427910679392672
0.007704718436196305,0.02738760337052291,0.07081108965440282,-0.012229461244795766
-0.027228871879734422,0.05370920283351276,0.0742757326953049,-0.004506102661042609
-0.039170251270463446,0.06697594197176529,0.06818575609092602,0.007737184210294586
-0.024221191800432126,0.06181545281593281,0.05469706248360544,0.020440558457733453
0.012813921924900242,0.03786359971176612,0.036195362756551545,0.028187555113884096
0.05958428480348756,0.00018684398480361595,0.014559359650858656,0.02653122136859157
0.10018062066187709,-0.041797562082451487,-0.008842213835461757,0.01409927955237686
0.12061663770904207,-0.07657192043251647,-0.03250367110571741,-0.006468186097637895
0.1138306205971064,-0.09330274643432858,-0.053983009995839874,-0.02922966192257956
0.08233865572935822,-0.08442128747513392,-0.06961214103153496,-0.04709123241131697
0.03749879571496445,-0.04737317084561723,-0.075185035729059,-0.054555071452624795
-0.004407523815623772,0.014818616808926646,-0.06760151205070604,-0.04993518136027338
-0.027879849790556233,0.09420060710005257,-0.04687275975671334,-0.03608561972400004
-0.023618883656029342,0.17947882944502452,-0.017522453109431395,-0.019275658252581578
0.008299084515599825,0.258113862330661,0.011538085173683325,-0.0066119569867295665
0.05860525056194297,0.31845607695866734,0.0290748999385395,-0.003032974464709568
0.11222943944083161,0.3515476646918595,0.025146319961399644,-0.009117967034542741
0.15356697739165165,0.35236766330751085,-0.0049002083329453845,-0.0206576327470138
0.17163975596980743,0.3204386490317691,-0.057614507209407695,-0.030232654007853715
0.16329503075472176,0.2598061689554556,-0.12116542991908362,-0.030219567582058734
0.13341669361642508,0.17843879660385276,-0.1781351417964019,-0.016030795980421706
0.09231473050134681,0.08710598853495348,-0.2107725779549605,0.011741628061261661
0.05152728139568174,-0.0021854774113146598,-0.20704369616157678,0.047199918120937254
0.019794650483538748,-0.07804883433226549,-0.16530816294276005,0.08115092382243012
0.0007547248560745098,-0.13161506297669126,-0.09574517442942249,0.10449703794276188
-0.006921781476366696,-0.15811482023190557,-0.017703790183184197,0.11166348957261289
-0.0073231206429887705,-0.157751419290507,0.04638410030270429,0.1026676291800496
-0.004257108531488593,-0.13555493382549852,0.078556446723398,0.08295936916413685
0.001080467564170042,-0.10012486705210409,0.07168917191429894,0.06105960332973565
0.01058756972821931,-0.061476482978541185,0.0323096006259434,0.044935607054926704
0.027654613815473683,-0.028508467016598066,-0.021328369345078643,0.03860317105855267
0.054264808612401315,-0.006791335258836751,-0.06540276069921519,0.040396210930449004
0.08825498843864471,0.002653495893372322,-0.0788384524089514,0.04369673756230408
0.12221824379534055,0.0031777852535005056,-0.0508427013891038,0.03991800590138214
0.14487086414144187,0.0009607641719480228,0.015071357667102539,0.022580071054421714
0.144633012674773,0.002584693080119514,0.1020857014031963,-0.009197475177583734
0.11414036535504445,0.012549771324966411,0.18581022316540718,-0.04930935059795039
0.05386577825800523,0.031602889334892366,0.24272747814397802,-0.086127281748525
-0.026756848801253362,0.056496519722833524,0.2583257444005135,-0.10643403719796304
-0.11140405202385258,0.08129324647777089,0.23199833195068165,-0.100430682122877
-0.18157191858872793,0.09975866894782123,0.17696363396987455,-0.06590944174302472
-0.2222760189842777,0.1079523102918389,0.11527759835272482,-0.009907291816218664
-0.22663236344515966,0.10600662655557488,0.06979255920266095,0.05295208801310033
-0.19758724614805254,0.0983442207054836,0.05600277738717253,0.1049861430607897
-0.14615398586461645,0.09214751674784435,0.07671145563824405,0.13130349721934176
-0.08688957647222575,0.09456598001519255,0.12137315694362802,0.1248820316583593
-0.0324461170456005,0.10967212936837915,0.170228415362451,0.08901502215873461
0.010599805987906137,0.1363474728492329,0.2016108598615046,0.036204100349386405
0.04297094816322803,0.16800540582237095,0.19971356725487605,-0.016127363433524167
0.07053411967830713,0.19441750418163659,0.1600353380455346,-0.05156381515505309
0.09977478974962643,0.2051249834124459,0.09067735408281698,-0.0601418473762587
0.13296004056635222,0.193278608485182,0.009234237020849096,-0.041383092520727506
0.16525391720807467,0.1585086306780339,-0.06338953012603409,-0.0039037598327183926
0.18529504771121214,0.10769474068601498,-0.10989470805390883,0.03813638554987237
0.1793110653192843,0.053210878878923215,-0.12179585285797632,0.07033332526622799
0.1372988631370403,0.00911966817170727,-0.10128432203936438,0.08308132226510434
0.05878244105268769,-0.01343886482196143,-0.05943874164022159,0.07452951603004518
-0.04438244770114205,-0.01006959658681924,-0.011800032370472979,0.050481910363622096
-0.14968958894728257,0.015224450018942966,0.02685489867129233,0.021465309745669924
-0.22999784462434064,0.05121794144857197,0.04666084449442156,-0.0017456355497138967
-0.26200331048892533,0.08314938273738415,0.04451855828303134,-0.012328508720775556
-0.23420835375094345,0.0977088445436837,0.02347915379305934,-0.009715330815195591
-0.1514422801563034,0.08763925897038033,-0.009564375346342368,0.0008066479268021458
-0.03413327284005137,0.05437204146778683,-0.046613606885176205,0.010894597347994722
0.08760222377214608,0.007780761503710238,-0.08059005040918858,0.01310174522357835
0.18309788781368985,-0.036880075041212816,-0.10611836340868452,0.004310832322297193
0.2303590317059074,-0.06382885297857356,-0.11929042526286583,-0.012764532060241007
0.22219186990531234,-0.06178950051094084,-0.1171546743083437,-0.030609399213593465
0.16721103897880796,-0.027562086305345932,-0.09771783899601787,-0.040029705016198985
0.08558313846738927,0.03297712349983264,-0.06080786698383314,-0.03408696096295522
0.0012728248745585906,0.1066668263569596,-0.00946671990563436,-0.011248053175847633
-0.06623616525312095,0.176943839328473,0.04901314166654498,0.023524670313994363
-0.1077166403888056,0.2284877059939713,0.10340410652449206,0.060196328274064986
-0.12553254124739793,0.25115468680559566,0.14075405331085483,0.08706260152786396
-0.13038479484969187,0.2420913513793541,0.15017864490400412,0.09484037973295097
-0.1350983740679363,0.20561624954139907,0.1270328741878624,0.07991175575834163
-0.1481532235604592,0.15121626383833306,0.0757706031443,0.04554378754562462
-0.16962877765726048,0.09054846124661875,0.010005899482321697,0.0007040398499185958
-0.19113816147798943,0.03450014435834234,-0.050801843375003465,-0.04299476714009147
-0.19963913509717418,-0.008868166834647214,-0.08731195418912928,-0.07501800533388166
-0.1834172018256441,-0.035147941856055236,-0.08700195090008396,-0.0889214514346516
-0.13768090452806706,-0.04332960443729574,-0.049139006591502304,-0.08363758786712494
-0.06741908600288729,-0.03495052052517385,0.014052794569836788,-0.06275484186764205
0.013663881187219484,-0.013169561395793861,0.0808454977541826,-0.032304256880637205
0.08769139910736407,0.01790691621800224,0.12719327149801588,0.0018942282208289042
0.1387787078320355,0.05362939421321497,0.13526201475144417,0.036195380952015244
0.15833477526969694,0.08915716687728098,0.10022375178114473,0.06965976813116631
0.1474258958477513,0.12001352770989665,0.03268772007470089,0.10308200698964329
0.11537779825040817,0.14292439427550674,-0.04437314221014865,0.13711105756029301
0.07535889463376295,0.1567328903622639,-0.10333671099412375,0.1704392969875549
0.03890949578020277,0.1629516150745316,-0.12164778059509089,0.19898590130835142
0.01175400642614141,0.16549433206213776,-0.09004193548507064,0.21654994382327108
-0.007390846062797784,0.1693782638585446,-0.01621416083493925,0.21675777179531577
-0.02464507438092877,0.17863175587953709,0.07753367625097465,0.1955535008924279
-0.046555689656341666,0.19409299336937189,0.16193992543681174,0.1532190130663592
-0.07556693840265696,0.21202266539752931,0.21102581391185093,0.09506468533885097
-0.10755646461450341,0.22432206786200348,0.21123271127014917,0.030435524944373925
-0.1327228348283251,0.2206392295342644,0.16611706099333567,-0.02967884400026623
-0.13961508855612667,0.19191833345052825,0.09487793973977744,-0.07561676574151364
-0.12064071029212296,0.13427881843255754,0.025258184267708383,-0.10158283803178537
-0.07660694091040299,0.051788235502083446,-0.01656741609659515,-0.10692120995657921
-0.018104236156703018,-0.04310447015036553,-0.015403375291301818,-0.09577946888229713
0.03723645397878832,-0.13199806756100763,0.027683903394378564,-0.07540187741332129
0.07086774287128189,-0.19535848140410159,0.09608153507093779,-0.053741482957656156
0.07058498366803093,-0.21833453527294425,0.16397422269562614,-0.037237268009949406
0.03602423405712575,-0.1956853352886986,0.20587627219285543,-0.029432028881415183
-0.01998628026301877,-0.13409323051043062,0.20578280392012396,-0.030709229830587912
-0.07509153848902181,-0.050927316060655516,0.1625963536340241,-0.038984957776475176
-0.10501686089051768,0.030311813083883456,0.08995393492220345,-0.050886463718735585
-0.09243334001237274,0.08650534256669405,0.010713374506705248,-0.0628868373963224
-0.033782053398146224,0.10134427371639686,-0.05166413609965934,-0.07203564792471606
0.05859006384791602,0.06964967092373876,-0.08151957391877444,-0.07621596193434245
0.1599313295667632,-0.0017143627224561811,-0.07607844698920786,-0.07411404710679846
0.24106905084202257,-0.09647062259815224,-0.0454709209966972,-0.06518594627548763
0.27802626237489864,-0.1940576979125959,-0.007931922673028235,-0.04980992109077738
0.259797186354628,-0.2754456875316206,0.01776209844082449,-0.029592055370716772
0.1915025539673764,-0.3277361081621433,0.019603857212912128,-0.007576885930180251
0.09189569277845977,-0.3462354816850988,-0.003368730059568042,0.011962097007938663
-0.013684244230267546,-0.3337124004177005,-0.0413197969071879,0.024351674294352445
-0.10213921682048012,-0.2975866214374747,-0.07806012549228988,0.02587882466390019
-0.15986534731192945,-0.24645527148607374,-0.09774958810307016,0.015270744443278875
-0.1858039759798712,-0.18740289865146634,-0.09112443499522681,-0.0053071077420970576
-0.18939279362959802,-0.12499356945433848,-0.05882120737425979,-0.030278966916715788
-0.18455785248797402,-0.06197017967329415,-0.01061217475901388,-0.05193474578898647
-0.18242456714836908,-0.0008802643464883443,0.03897216983816243,-0.06269726304191714
-0.18585966266467405,0.05453994706571998,0.0767456091046805,-0.05767922300543197
-0.18812967532346303,0.09919870055158618,0.09618658676200297,-0.03661424827503194
-0.17622192335070255,0.12799765094481716,0.09985858129917322,-0.0043783811132768295
-0.13742835101483292,0.13814777912719745,0.09802286417691683,0.030224187365949066
-0.06642392474026713,0.1312827706654152,0.10406570358490215,0.05711330938936353
0.03017577296878018,0.11411345157010201,0.1286030044622286,0.06817194126007861
0.13382598035805565,0.09689275772034427,0.1746047818135856,0.059960929699290566
0.21889187170969673,0.08990537189090798,0.2354412474222124,0.034946050492047416
0.26067594434471814,0.09916439077580114,0.29659583187687366,0.0007855815078291605
0.24373571866147475,0.12305428766817925,0.34038945792894043,-0.032086250532127394
0.16745924754296837,0.15151678453547807,0.3519578668023541,-0.053742894878646225
0.04688913391052313,0.16852585004142445,0.3243210795801872,-0.057791287007614114
-0.0914541624245531,0.15733355835961974,0.2607940444315913,-0.043145563111055746
-0.21719969653128296,0.10678142523873764,0.1740088574387497,-0.014042529826118082
-0.3045059837856158,0.01635885593080932,0.08203425006092134,0.02156146929259489
-0.33840774232238796,-0.10205161407178598,0.0030293730743108475,0.05452449373985358
-0.3172915954077162,-0.22671042767049945,-0.0497639017667919,0.07705069661912586
-0.2512146252318176,-0.33225538111564684,-0.0711752223235929,0.08441673884997797
-0.15728747782129976,-0.39762145522311326,-0.06465855327043128,0.07550951514414833
-0.054216602464812566,-0.4128891689867094,-0.04040623870052087,0.05229989603712519
0.041956603984428104,-0.382568496247937,-0.011900063201218355,0.018748957048430766
0.11975897243475143,-0.32404030238902254,0.007924377798439271,-0.020269900406042683
0.17191872001844605,-0.26161387265129954,0.009857352101635687,-0.0596552512497648
0.19385469052034482,-0.21827126276190714,-0.009684856970699084,-0.09435659937229837
0.18251926369179466,-0.20803965241816394,-0.04818585483263979,-0.11955493141127821
0.13666161967092794,-0.23171490337209025,-0.09778521350088035,-0.13114236251767053
0.05858364359492132,-0.27741863839614445,-0.14693746647983896,-0.12669723105499311
-0.04359673259468018,-0.3256684180411168,-0.18267272890175948,-0.10675007824873009
-0.1547470474013197,-0.35696042480114887,-0.1932112501081628,-0.0757467397717284
-0.25395323463115804,-0.3589512969543273,-0.1706498872818103,-0.04197151464308524
-0.3185930274082725,-0.33053372974288375,-0.11329219119770272,-0.01593652762096259
-0.3303469826275769,-0.2813496616677754,-0.027025858670443093,-0.0073368394299478485
-0.2811644326598084,-0.22708949703183134,0.07487902435603845,-0.021394552511760135
-0.17687326130931244,-0.18258033844699018,0.17393497582344894,-0.0559440448014757
-0.03676175568499111,-0.15552039623617242,0.2504161326864167,-0.10065201769608925
0.11112988509437269,-0.14343196383976559,0.28832136202337366,-0.13920020474429784
0.2376374089595708,-0.13509061231910577,0.27993167039147854,-0.15421746468881073
0.32046488610233276,-0.11586105186805448,0.22841843303037554,-0.13359357140131697
0.34976888975737663,-0.07475553917104573,0.1473775055424534,-0.07600578153335683
0.32944093700040333,-0.01027661301074578,0.05709953782403011,0.006573030919732328
0.2738446282756295,0.06747432744376299,-0.021453029296442726,0.09080623096539386
0.2015227177170938,0.13949630923434528,-0.07304369475018153,0.1483100523816363
0.1285286314783155,0.1845571853711164,-0.09269278124521892,0.15465285793147993
0.06406979150308431,0.1873628795440483,-0.08661060280360901,0.09813741967946883
0.010046742765776296,0.14506288947548815,-0.06903650697789522,-0.014774008198983921
-0.03571169859981041,0.0694572927278061,-0.056026561891068694,-0.15963111866632487
-0.07441826374299743,-0.016156772626507807,-0.058489676244737374,-0.30019796176987673
-0.10226835632534309,-0.08453820442815851,-0.07721781719814966,-0.3990131945469945
-0.10973066411210405,-0.1137951101369689,-0.1020423851586022,-0.4289839783206715
-0.0850378521526656,-0.0950414271837182,-0.11573435492683877,-0.3821325591091235
-0.020683715058077663,-0.03558886193503216,-0.10138573400832382,-0.2724183750928864
0.07993879562515059,0.04353933379348408,-0.050489322180617684,-0.13149703456479864
0.19913855648523837,0.11491215887688158,0.03159038556690538,0.0013059841011730633
0.30716694391128113,0.154198364833486,0.1253036439792059,0.09149386108993952
0.3703145369737216,0.14848546992143957,0.20246971537360217,0.12015012764123942
0.3625237295608071,0.10049407741217456,0.23613750462747057,0.0893012230959845
0.27631133986746903,0.02730423573878868,0.21134595057138417,0.020124029347464642
0.12848145756700996,-0.045790846570150055,0.13270915927249427,-0.055255057021690486
-0.04236844101100932,-0.09397673040560306,0.02559902319888903,-0.10538011572849441
-0.18663757896326377,-0.10102706720427833,-0.0701641623682988,-0.11035606739401792
-0.25966084822280766,-0.06407195692394503,-0.1125080996133684,-0.0682034109467852
-0.23735390880947305,0.006382019708146302,-0.07131833716576078,0.005419080380238708
-0.12575408325349666,0.0908074862893937,0.060187537126646456,0.08378282804626472
0.039504741877584654,0.16749422339681913,0.261035131728012,0.13934694888771504
0.2042477986984368,0.21926735501570305,0.4868899482072229,0.1538462677827025
0.3139125698057363,0.23779755996596355,0.682167123444463,0.12454353980784294
0.33254279708300316,0.2243535821614163,0.7960836343884113,0.06451635020885248
0.25575376832255714,0.18730388444135063,0.7974965129635538,-0.002874864033370559
0.11273583549575669,0.13785139427457865,0.6837637977085187,-0.05304603562058323
-0.043774837231433106,0.08593920619157559,0.4808962403505303,-0.06926994621101033
-0.15622696175546988,0.03787766174274682,0.2352046353101832,-0.04841570274323097
-0.18305366694125128,-0.003747207517560984,-0.0005608297800845306,-0.0013863026143029404
-0.11398452648688223,-0.03844030335773962,-0.18191536600922328,0.051624704409727655
0.02582089951760306,-0.06573570159610975,-0.28352916391991934,0.088993546471504
0.18448839211835089,-0.08405634278336407,-0.30324416224042494,0.09551470374795579
0.3019514639512709,-0.09122157828096611,-0.25870825718560503,0.0672955340587741
0.3315892021246606,-0.08634734570694201,-0.17864497180187444,0.01206727708716466
0.25708331070177753,-0.0720242907222935,-0.09237553513194832,-0.05484190020339786
0.09831852390590762,-0.055347420146464564,-0.02136711219811476,-0.1169505370947277
-0.09582198764506066,-0.04678443225434609,0.024647587273073052,-0.16274238957011178
-0.26507447687880803,-0.05685262119461352,0.04647186156243186,-0.18904202709810677
-0.3592930820777553,-0.09169671628508713,0.05066120375439429,-0.20051660227832172
-0.3558983621849968,-0.14940205412770918,0.04383870972644427,-0.20585678889775894
-0.2669159312408029,-0.21885704699921646,0.02877464027378376,-0.21256136988483348
-0.13318770797921978,-0.2821292340850046,0.003773927754416973,-0.22274990120090166
-0.008158453345209904,-0.3199364288333336,-0.034759178875824935,-0.23187426760812163
0.062486309144936386,-0.3184307687708622,-0.08819611703035611,-0.23085561581915143
0.05758794257463322,-0.2747552463216016,-0.15228969745091742,-0.21062862745176525
-0.012576256298611333,-0.1990528846456296,-0.2164117582585395,-0.1669967839604181
-0.11166635259860978,-0.11179840038636024,-0.2660789320810677,-0.10355133871484468
-0.19263791197589028,-0.03706964600224814,-0.2878880586388893,-0.031245598349420825
-0.21699282521565663,0.005984896521161393,-0.27483308447728133,0.03531688569722998
-0.17040377350654898,0.010358910936830713,-0.22970639451745628,0.08335926029052429
-0.06865989098395134,-0.015746352743699482,-0.16501168304881683,0.10683061181279166
0.048343644578771085,-0.051421889607093235,-0.09922168145532165,0.10857117638419915
0.13222904506679062,-0.07050043347877771,-0.05070666483329943,0.0987218890973241
0.1453382456987748,-0.05143879821860896,-0.03161368216509399,0.08997027311487223
0.07612119252491177,0.013918839481379373,-0.04400038888616552,0.09163145560337739
-0.05521147840760278,0.1159910955523503,-0.07962313039687591,0.10514838878048532
-0.20297948049444278,0.22932231188748836,-0.12333373352540061,0.12307903455120178
-0.31195672389196244,0.32025190551676924,-0.15865600969604143,0.13220274983432528
-0.3370169814887835,0.3578736584127891,-0.17335248821292334,0.11960427162912866
-0.25925849337803053,0.3245368131373703,-0.16294007439802619,0.07922725021302278
-0.09276548408733187,0.222250096005792,-0.13106785400155516,0.016031148326996408
0.12028356732010106,0.07276554218949817,-0.08699552954158293,-0.054266399983356785
0.324133319474467,-0.08867759943733496,-0.04153358245287764,-0.11012722463224169
0.468125302646582,-0.2237842342363047,-0.003265049870498617,-0.1321133431561086
0.5227579537017042,-0.30226996580772153,0.02348938361568628,-0.11073285525652311
0.48761738075449507,-0.30993406286760894,0.03846436503563187,-0.050988827231382705
0.38890205166940556,-0.2513011732995832,0.04359751216182596,0.028433775249916804
0.2681814913398813,-0.1463867365725022,0.04084099002628727,0.10134448496245696
0.16711013760587315,-0.023177898180531276,0.030955347173576123,0.14342321026729227
0.11393367022878607,0.09124067053348224,0.013928244601516631,0.14124365639228426
0.11645662770836439,0.17779864395193756,-0.009349650455831415,0.09737809501901039
0.16327066824247582,0.22863231249394309,-0.035345361330939414,0.029438227803765617
0.2316952394625847,0.2458743215107677,-0.05747293092424917,-0.03675473382565326
0.2984099249753665,0.23726493575259816,-0.0678231719077171,-0.07732916319415797
0.34809940122053673,0.21089199348856916,-0.06071736431522081,-0.07989475873080061
0.37675049762865204,0.17144684049561498,-0.036617980959835955,-0.04861014332418365
0.38888368383607586,0.11949326066811398,-0.004347868519046732,-0.002609740342145175
0.3907929171581282,0.05379828930443736,0.02006446004214218,0.03179678681015766
0.3836085353291625,-0.02461867862055867,0.01831475450535566,0.03222208074675788
0.3599624519845629,-0.1088347558685536,-0.022793902682746805,-0.009773313841134123
0.30626707719630536,-0.18474535593632554,-0.104262337773869,-0.08384677667106913
0.20990495119772654,-0.233159426390038,-0.21127534059060568,-0.1634538941249751
0.06815808903134135,-0.2348702842935665,-0.31531284952029986,-0.21521642210196812
-0.10541823305402653,-0.17704562567530102,-0.38221204780662577,-0.2117385326910916
-0.28071515615880693,-0.058652887164866614,-0.3839538847458719,-0.14302542923877845
-0.4180370129754584,0.10712881352752006,-0.31008291270514354,-0.02198531239123874
-0.48041106941598033,0.29456758127247296,-0.17423716031567874,0.11841444574771942
-0.44687260413716434,0.470803882137546,-0.012609932654194286,0.23567004037689976
-0.3215509370383363,0.6035072671072461,0.1260643586106574,0.29233778276880523
-0.13464574047145553,0.668555112733589,0.19618009403360223,0.26944740060804917
0.06570349513088136,0.6555963402147045,0.17131969275440262,0.1737663716484072
0.2281929515264053,0.5700945428926262,0.0548050064181454,0.03610995043811414
0.3146662443025713,0.43152823692118975,-0.11957553127171487,-0.09886551854690581
0.3120905105031304,0.26847443212378136,-0.2976323769142315,-0.18782835759624522
0.23579645866996538,0.11200154069854087,-0.4226521799413193,-0.20350965894826606
0.12276714876055773,-0.010990173181296858,-0.45503042421945633,-0.14377530039922984
0.017457329898956965,-0.08306578717223251,-0.3866252511260901,-0.031862516531401784
-0.04458387267186468,-0.0992564305764527,-0.24440295214047347,0.09217559143650747
-0.04920992009560249,-0.06736823066102668,-0.08165165911445685,0.18561823890974924
-0.007717117635316574,-0.005672158538748539,0.04045799316129213,0.2176858622657602
0.04891524888755601,0.06158066164723217,0.07455039105710153,0.1794607446229194
0.08320582459447962,0.11005278541311689,0.004171834185812672,0.08583144743567964
0.06661180969589123,0.12154907227360136,-0.14994768123541724,-0.03082841655667501
-0.008713391565218867,0.08924502926121539,-0.33696225900334764,-0.13255018821349507
-0.12628786452564655,0.020497001443616596,-0.4939276613967851,-0.18867026168768897
-0.25105842629904446,-0.06391889238588999,-0.5683379043288818,-0.18509684878433552
-0.3422026180470425,-0.13457509386110522,-0.5370170014760671,-0.12694776008523487
-0.3679897469791102,-0.1614994813963519,-0.41446501159709886,-0.034239374498893985
-0.31704653152592105,-0.12373723834732167,-0.24757936769930486,0.06706202372309163
-0.20189805229550326,-0.017592843377686223,-0.09865119081479687,0.15474282843973708
-0.053736215489275985,0.13935354362437594,-0.02282610862890016,0.216961615227448
0.08922975857806474,0.31048640906493463,-0.04822454310039854,0.25351617524822595
0.19510300250020113,0.4489046912112889,-0.165895888183813,0.2718783339466799
0.24812121126711179,0.5107356908524673,-0.3331277439325206,0.2803241846572159
0.2514008714339154,0.4691940658837712,-0.48872321755528775,0.2816129244852599
0.22202632618357332,0.3247690618190399,-0.5745337406303965,0.27027658232710966
0.181046060940454,0.10766134132726572,-0.5553910789656825,0.23487306614162776
0.1429517658774904,-0.12919121547838902,-0.4303781551331044,0.16426579619123768
0.10929743418803137,-0.3250843273216132,-0.23175367513672857,0.05509860212265162
0.06924897568853765,-0.43018986240473767,-0.012475136326276772,-0.08305753889021357
0.006814635619346119,-0.42187590197469366,0.17262074479058126,-0.22758769286364744
-0.08845305714140425,-0.31301042230344056,0.28485160433466306,-0.3484263910775088
-0.21214398778061133,-0.1488954902668281,0.31249364987581074,-0.4176348083363377
-0.3415616886407606,0.006813763142638976,0.27098937732266304,-0.41943082447384317
-0.4403993125998365,0.09300682347864941,0.19338816390411825,-0.3567011517142614
-0.47043428479366084,0.07202335622632403,0.1155042324374179,-0.2511750049073904
-0.4061333893943946,-0.056603916232999894,0.06199492388717779,-0.13677053785579202
-0.24655207261351406,-0.2545933801590782,0.03875431830758984,-0.048248977985811896
-0.019573932514519343,-0.4565515424824046,0.03410954209968148,-0.009202710136592079
0.22381730685817935,-0.5912637809184461,0.027546755371543316,-0.023805056577611016
0.42387840205184,-0.6056263716364291,0.0016311133709644046,-0.07547045959082424
0.5304093868907298,-0.48308221615236174,-0.04835510977019336,-0.13307034840868967
0.518708481857567,-0.2501225544295382,-0.11133677525031355,-0.16255427895054309
0.3975092795376371,0.03158310092033919,-0.16523388245223497,-0.13979069015980986
0.2059711131494252,0.2849327534383682,-0.18742770925879434,-0.059938286223402755
0.0006427217594734983,0.44238279082727344,-0.1661947584844324,0.06011548883666855
-0.16313449654152132,0.4676966663932626,-0.10789522767501204,0.18720885080761693
-0.24897373969446474,0.36706839512168626,-0.03643733570956222,0.28335629185373085
-0.250291074954203,0.18593070665305514,0.01520379134795705,0.3191380336516504
-0.19071649110819147,-0.0072649111493599886,0.018205769876688937,0.28428684011007976
-0.11425120944313544,-0.14451656710341945,-0.03951389319741483,0.19175092170201677
-0.06892067914691329,-0.1807959242903725,-0.14668594008842278,0.07383834208103623
-0.08980448183279596,-0.10794152989596388,-0.2711387307765619,-0.02818006021407645
-0.18730111509403355,0.04455602402279605,-0.3707894012175902,-0.07741220093165933
-0.34439371385415274,0.22163412065549698,-0.4091511465155112,-0.05312929805910395
-0.5233578467083894,0.3628489783645248,-0.36935693133403497,0.042832886016376616
-0.6790443767860074,0.42323829685910525,-0.2610945963913573,0.18693658310569805
-0.7737656637400661,0.387482076341521,-0.11750517163829648,0.34147293782317234
-0.7886007507186623,0.272705436543109,0.017004100925847136,0.46604184639480556
-0.7275748962347187,0.11957113026496498,0.10347250249443558,0.5291873101265946
-0.6139454721324434,-0.024421619790917566,0.12318999597306696,0.5166498310824202
-0.48065228111383584,-0.12284762149206774,0.08478886079957326,0.43407481378845536
-0.35883364724889566,-0.16275684824607176,0.02074225995687071,0.3039410978460588
-0.2685766148374103,-0.1572131072526339,-0.02551608636143877,0.15824454593249462
-0.21479957705023994,-0.13751991111683798,-0.01696590184755063,0.029523135993817826
-0.1889719625408222,-0.13861395200377372,0.06182261807641313,-0.05709943162391065
-0.1751698690645013,-0.18358866327414755,0.19761925264059413,-0.08891871592891862
-0.15758538945833817,-0.2734528721743121,0.3524047175350381,-0.06695354406826688
-0.1264929919361309,-0.38604659170168215,0.4768268607656718,-0.003945339677245271
-0.08073344133392138,-0.48441726272883856,0.5282090173600278,0.07980801950442007
-0.02645195867741339,-0.5313118587527096,0.4863326402828784,0.16143961827582087
0.026628287317055698,-0.504142590769576,0.36107314068066476,0.22020910145295386
0.06933030905668831,-0.40466957894443345,0.18908308175100133,0.24121638232586237
0.09570114900720982,-0.25970127809571364,0.02087436015144356,0.21781303418939996
0.10342611159656705,-0.11251570517655483,-0.09675876721537144,0.15257909255839402
0.09244666441603987,-0.008146141619398304,-0.13638417095503658,0.05677119477856055
0.06316376296063121,0.02212601617840055,-0.09794758450076471,-0.05181966337937342
0.015724834413381242,-0.028454297277264177,-0.006513504127342961,-0.15248578307744093
-0.0488284854198433,-0.13976891719097423,0.09893032696612689,-0.22621156189300695
-0.12597168968003514,-0.2715058555043385,0.1809104923687524,-0.26033263625116193
-0.2051621607356296,-0.3762855055357961,0.21701536212139494,-0.25198533835933573
-0.2692407394958334,-0.41455073511012325,0.2064163465850783,-0.2091402237943796
-0.29708941524423993,-0.3662102858502581,0.16720876957626712,-0.14855569079617026
-0.269511081766724,-0.23548056062339745,0.12616530705568232,-0.09092398518826555
-0.17670005675655004,-0.047961223618220396,0.10550654264462113,-0.05450950984064359
-0.024538629571015515,0.15831671640277553,0.1123845174677202,-0.04929078363118193
0.1631449927744787,0.34430236180503265,0.13554096153046252,-0.07366808097233934
0.34811317216027216,0.47985506728580907,0.1505666146808586,-0.1150695266701304
0.48681060639214285,0.5493235297369459,0.13158723210492076,-0.15446808969564557
0.5426116176962685,0.5518633033747291,0.06448560490483621,-0.17336559526209835
0.49734605941486243,0.4975888634678113,-0.043973908008701365,-0.16076841807965248
0.3580748055156014,0.4019364706715353,-0.16522088846491195,-0.11751853055596781
0.15642363175356885,0.28075994771536045,-0.2570530475322019,-0.05619022953731778
-0.059790958789811874,0.14778296608038674,-0.2781903652611338,0.0036361989665182693
-0.2402410103940307,0.014597195933690896,-0.2038795209363199,0.043129903178619894
-0.34673025352785836,-0.10789125480910164,-0.03663885264770413,0.05212097301690468
-0.363994042079205,-0.20824684404765278,0.19208193491836903,0.034052469861316284
-0.3030735822996236,-0.27487492563555666,0.4302464333168822,0.005810472711343515
-0.19619502829085153,-0.2983141551668548,0.6208299717112712,-0.00788096604653529
-0.08500091942428149,-0.27459901093934497,0.7192749940309854,0.016267542762657447
-0.006256409022648492,-0.2080605215269482,0.7067650512598274,0.09046039685405452
0.02003448447555004,-0.11194308483013628,0.5948518034464073,0.20943095782726415
-0.003893742314849778,-0.0060305149887527375,0.4201301484314113,0.3499536384530301
-0.05615241037221503,0.08825751733579337,0.23120012662522466,0.4768420146999943
-0.10461535881243154,0.15368009638943178,0.07276664625354438,0.5536661799694932
-0.11955819596207146,0.1817613281638411,-0.027515444878235415,0.5546291146293114
-0.0848834263550482,0.17438167900661938,-0.0651440288206564,0.473493052902886
-0.0039619322997142825,0.14174719871066283,-0.05629986653356089,0.3263760119781297
0.10180344783858679,0.09755358414224913,-0.02845889286689442,0.14733225527189825
0.20089775256990305,0.05330732554766298,-0.008114994876666205,-0.02186187648659048
0.26299883569247423,0.01412214137595557,-0.010383582936844776,-0.14428349963199577
0.2694777762302407,-0.02229242164004156,-0.03418944948138722,-0.1985803311560652
0.21938063508107944,-0.06306178582662213,-0.06437564390221659,-0.18432488540593495
0.12898318435901285,-0.11512554430534545,-0.07936906588886308,-0.12043990639813903
0.025425672245154733,-0.17997374258700596,-0.061035559665037,-0.03756746745951043
-0.06295888799158841,-0.2505332863029869,-0.0027576911496867413,0.032701854689502416
-0.11597703816581685,-0.31178871847091577,0.08729652868387244,0.06790032790679673
-0.12729255890559138,-0.3452259207545686,0.18873193128368324,0.06070500191566799
-0.10481331675324733,-0.33559538265530836,0.2760691626808278,0.01922070149733611
-0.06612398536535331,-0.2774431016632652,0.32759059805708707,-0.03800160739595053
-0.031142161238980937,-0.17878449721570838,0.33255972492166,-0.08989613414216006
-0.015011954329424253,-0.06025222012592697,0.2943072600862135,-0.1205968038385105
-0.023857416406934045,0.05031753565007355,0.22836397806974745,-0.1241631844395741
-0.05462876102351456,0.12619898791309087,0.15667122561943095,-0.10495322428931536
-0.09850195447789468,0.15021129557635368,0.10021219308474291,-0.07408619456635078
-0.14587694774916038,0.12037389925655723,0.0727413855520386,-0.04391388035449458
-0.1905256047667262,0.05080371694753783,0.07761591125186093,-0.022998506786032814
-0.23103213108799156,-0.03250670395755143,0.10840242873119926,-0.013610235010137339
-0.2690548171142675,-0.09966642230493011,0.15251197825921511,-0.012474923095640168
-0.3054986869821162,-0.12603431937827458,0.1961407865701062,-0.01400781455864722
-0.33673778835483176,-0.09964164691026746,0.22857907867292457,-0.014207112990434444
-0.3530965829194588,-0.024650882929242304,0.2444794179135843,-0.013191769869826564
-0.34084096871906344,0.08003882721301069,0.24365672736230656,-0.015103526429279488
-0.2873309342731312,0.18639001738547867,0.228994245359207,-0.025407757221303815
-0.1874242414153628,0.26516886572027326,0.2036706950612963,-0.04692747850126368
-0.04837915729194317,0.2938439866823149,0.16901017244352012,-0.07664461243718107
0.10920609683820198,0.26229699932527634,0.12383203584716189,-0.10507541599343154
0.2555039280964785,0.17502990932669235,0.06547466732352612,-0.1189463126729008
0.35974205772764917,0.049631114660953234,-0.008014961944561808,-0.10640957917739208
0.400003934371236,-0.08777117496416179,-0.09545087496830895,-0.06278269729252371
0.37102038390369024,-0.20872686824729758,-0.190809309437158,0.00566861820365088
0.2868856917084871,-0.288828618995001,-0.28295832336479715,0.0818105365726848
0.17731483530752154,-0.3128701636436722,-0.35705814999717334,0.14206368740935707
0.07838179363521697,-0.2778269383977074,-0.3974051283835643,0.16391318956428086
0.02077758095583295,-0.19314820425397317,-0.3911241917967209,0.1339075261089379
0.019684975837479,-0.0783228511568102,-0.3318956918201699,0.05316085366950898
0.06993560137670278,0.04184365110914308,-0.22282941584380095,-0.0618564873328413
0.1482980787125126,0.14333019289227766,-0.07766191321583552,-0.1837844141696807
0.22217955777979084,0.20905194271089417,0.08033555436236632,-0.2826950149012939
0.26164897748374827,0.23350654777280275,0.2219641012726565,-0.3353952058592359
0.2504068118981996,0.22447765675413733,0.3178792210367404,-0.33241752807708286
0.1916441086825258,0.20093867201843846,0.3455363627215087,-0.2802254049415894
0.1065738118117884,0.18730236416308357,0.2956861009617407,-0.19791839218865262
0.026124538351987005,0.20535406510686796,0.1765141208910206,-0.10975799904207126
-0.021135957696164245,0.2661965335614415,0.013765530253786542,-0.03636882883324583
-0.020304248600159502,0.36490309852301783,-0.15394040114692406,0.012084400165790139
0.023668782416253108,0.4800493929941734,-0.2840479524165096,0.03825507889053765
0.08739991515945088,0.5788981382293972,-0.3412347402130242,0.054772706805409056
0.13778128579177665,0.627120732673135,-0.3077289374090787,0.07748188940247847
0.14487816458710098,0.600188538552246,-0.18949443379658945,0.11754577711840129
0.0942455634878694,0.492635883394369,-0.015908036448948403,0.17560941692473048
-0.006039112459899854,0.3217447410605584,0.16759516953720105,0.2403884670160204
-0.12650520617974778,0.12385175894208007,0.3121650468667085,0.29230494891822767
-0.22551713070405618,-0.05604368722427634,0.3798080183512319,0.31081251048578534
-0.2635496422543159,-0.17823201271716024,0.3547911486958508,0.2826028714453873
-0.21752105765260107,-0.22115080926157588,0.24833857348792418,0.20751694123925088
-0.0900411847711906,-0.18856639778989906,0.09482428312268391,0.09983220803634163
0.08985805813574109,-0.10826434064112704,-0.05953000532658849,-0.015670642033561232
0.27496614614876597,-0.022351541614961112,-0.17183738884874952,-0.11150988119648399
0.4143991638097308,0.027673413696893752,-0.21654060373438241,-0.16639324516280668
0.46943879774614367,0.015871714464768108,-0.19343465313431155,-0.1720365194228832
0.4253187722732463,-0.05859696718983148,-0.1269263852833556,-0.13553983378147233
0.29503373083728496,-0.17099752611214175,-0.056780795665175535,-0.07658897366117115
0.11408807498015527,-0.2800302107052131,-0.02361309635403048,-0.020603631916896004
-0.07171466026302972,-0.3432424848194032,-0.05426087079465242,0.009665208896158559
-0.2209752205692301,-0.33326520711884944,-0.15220233599066846,0.0011685903704572365
-0.30872547936842737,-0.24881013683111802,-0.2963400939499718,-0.04604464668235201
-0.3317941379571726,-0.11614332524377736,-0.44841545890238654,-0.11991340869677217
-0.3061222523917717,0.019800633826728798,-0.5661913583676639,-0.20114895076312717
-0.2576522502400095,0.11162390003581141,-0.6175136650709372,-0.26972212046379357
-0.21070998735189259,0.12710448819369605,-0.5901893947041783,-0.3106740435074205
-0.17853189762007213,0.061674082011582275,-0.49435166815704157,-0.3173951120368388
-0.15951649838883536,-0.05910343102887472,-0.35692670579242086,-0.29167116685638284
-0.1403512418418653,-0.18826485556456543,-0.21081876859982548,-0.24108043448878472
-0.10434724238776961,-0.27443188711196803,-0.08331116632065455,-0.175228763660713
-0.041213814289668374,-0.28092876575353354,0.011777875385193197,-0.10251422042003962
0.04605462054174785,-0.19998311212494663,0.07542838453547261,-0.028602472713963198
0.14030510355022593,-0.056645240521076376,0.1183355921535502,0.043148709470483625
0.21600096232101273,0.09922468560178188,0.15223462066572357,0.11001517402591313
0.24948292853558832,0.2101731400194477,0.18192340970666743,0.16820749409611396
0.22956959331899582,0.2314311406355483,0.20185685004178167,0.21228190982417097
0.16399300012578105,0.14694556936086708,0.1990475868381744,0.23616257804239976
0.07862627778480713,-0.024616305442733473,0.16104811912859057,0.23541138438324075
0.009217956222431847,-0.23601270883111816,0.08527607605875506,0.20968792354675
-0.011644501769958904,-0.42742648213999435,-0.014997612670057886,0.16413989133837065
0.0324616571932507,-0.5464837251319091,-0.11155440459255092,0.10885085778414597
0.13392728788873876,-0.5651131209029647,-0.16976177205009244,0.0562840044232272
0.2618108840753604,-0.48738580797312986,-0.16206008612839207,0.017543795056654533
0.3714509714864731,-0.34592251154414677,-0.08116253625274461,-0.0011556042661962265
0.4199661184490293,-0.1886992278295027,0.05282952907417309,-0.00043140568925757023
0.3822305404824938,-0.06151584648906045,0.1953412142373661,0.012712393997121903
0.26145194897779117,0.007256498658733423,0.2905238095874866,0.027577060064492405
0.09018725057543314,0.014214627175205958,0.2908338703122743,0.03368068674359646
-0.07905097267827266,-0.02149906782762859,0.17610704964076615,0.024388789500844454
-0.19069676481663217,-0.06891950192633628,-0.03526701530241314,-0.0010928587977257185
-0.2048326271593312,-0.09951715182810407,-0.288116087884202,-0.03802117071729984
-0.11116592942467862,-0.09910242787707295,-0.5057671418403624,-0.07841593843559669
0.06672469240409568,-0.07271489355228315,-0.6143803272973755,-0.11425243091632617
0.2785288159111107,-0.040858057739074596,-0.5682096166942793,-0.1401303114169902
0.4633926202656749,-0.029008046823024804,-0.36682139761343796,-0.15431917895024821
0.569616823448111,-0.05500607755213277,-0.05774050340007696,-0.15788484135765826
0.5710745504987897,-0.11969577869240688,0.27705609830760314,-0.15253445330549836
0.4747229325482487,-0.20473572887389607,0.5466599430876364,-0.13845934899255322
0.31674782044742483,-0.278530325178951,0.6802329690174843,-0.11349548447004187
0.1489107263129684,-0.30791237348176237,0.6495388755812018,-0.07431304811277048
0.0201096421279561,-0.2709151493843311,0.4771939928152818,-0.01932951289057531
-0.04021556213652118,-0.16559051170709246,0.22780485449683172,0.04794475283935865
-0.030978663209126844,-0.011473351423629746,-0.014811913245663564,0.11691117706789211
0.022337961292257565,0.15674744451077313,-0.17624123901809616,0.17073772642246723
0.07921662286832222,0.30073998065373864,-0.21585560533985862,0.19053740143360778
0.10092400975647951,0.3907009875446839,-0.1385757325464196,0.1619325073491737
0.0662841739596147,0.41363669100904243,0.00973601990999662,0.08182782649571704
-0.019479415107029795,0.37500100541929543,0.16106276571997702,-0.03730631602245459
-0.1261322077799589,0.2937651283350486,0.25099534676186824,-0.16784029177723672
-0.20958041359753138,0.19363494286614993,0.24197425366357211,-0.2728348600610935
-0.22874177996819875,0.09448594701267363,0.13573727123169096,-0.3161568912019132
-0.1619881286548027,0.007613398902661443,-0.02909710383955611,-0.27395584419360086
-0.017125875142436076,-0.06364625876640925,-0.19281656158010077,-0.14374322835329922
0.16885113409323876,-0.11904202429683015,-0.29744417558180214,0.052264277142410866
0.3404064506768935,-0.15549731001403277,-0.3079431660696899,0.2712350080953955
0.4410331984610754,-0.1639222004471682,-0.22407515330134534,0.46057436948962427
0.43187201608275655,-0.131213937603576,-0.07895715103376796,0.5725624157854224
0.30512641664356527,-0.04729829665932216,0.0745499643200274,0.5783671453033513
0.08778930989417343,0.0857190648517272,0.18402959920829393,0.4769984072879363
-0.16556673121684914,0.24688862933532515,0.2164968308259733,0.29621546780931396
-0.38860250917994865,0.3965110090650259,0.16922537153982808,0.08488052866853228
-0.5225804968514234,0.48488084029882295,0.06884269104544123,-0.10104527200616335
-0.5332522188935421,0.4679780271964311,-0.040309270554901286,-0.21463325908279154
-0.42020910198216865,0.3250280660129094,-0.11358381867511097,-0.23133026983954905
-0.21616722161099688,0.07116567111692346,-0.12236095979899755,-0.15548649969763312
0.023173950490399657,-0.24066978778218617,-0.06326913718823424,-0.018205117201223867
0.23528994189191188,-0.5310940210266175,0.04265973629580522,0.1326297485657765
0.36806017085018006,-0.7166134799077967,0.1598230221345119,0.24690430526089396
0.39317684731950187,-0.7362586727890844,0.25240235455155396,0.2868696404331529
0.31231932084525693,-0.5735417079697969,0.2973243378400502,0.2374189768286651
0.15498130024611806,-0.2656158562922679,0.29086698831316055,0.10921560134533283
-0.030803510654873325,0.10458260478858092,0.24682087755541818,-0.06583011876317012
-0.1918550093620233,0.43173135441837596,0.18766477475210225,-0.24488712286791903
-0.2836494043107838,0.6200761182440688,0.132996895076527,-0.3868630454847658
-0.28113235260129144,0.6136624635096051,0.09038599667805339,-0.46349281356847316
-0.18423036314195995,0.41474937025681546,0.052566590645808736,-0.46575639172013095
-0.017198480114352776,0.08402108139847009,0.0020744437741505852,-0.404212251585291
0.17764319239828358,-0.2777737359370508,-0.07879945825078238,-0.303793880818524
0.3501303676546465,-0.5608937481392021,-0.1971423749092807,-0.19520910616393208
0.45411730498525965,-0.6802577180310717,-0.34248066321101706,-0.10584409584757766
0.4584556409068827,-0.6007430025240855,-0.48704044876278885,-0.0528583251940133
0.35476842916104095,-0.34612052260901527,-0.5935668754047142,-0.0401472306184172
0.1602796397213301,0.01077985912257416,-0.6279838903009514,-0.05946382751599426
-0.08512342489270071,0.37278648054571906,-0.5721651618621764,-0.09471645405895529
-0.3272458090091508,0.6493104728938567,-0.43192726910468987,-0.12768337109803687
-0.5097548686390396,0.7831327767327411,-0.2370929759388994,-0.14327601766748385
-0.5874955942569892,0.7646239404696527,-0.033407928029082205,-0.13296718264015525
-0.5377314707109486,0.6296551976061732,0.1309181285854842,-0.0958200539246026
-0.36632141782911115,0.443161609977656,0.21937110517142033,-0.037382229843371695
-0.10693674074866165,0.2749964828918095,0.2171860987688622,0.032727153377353026
0.18681207364234148,0.17679711554824695,0.1341126396062348,0.10354130873278194
0.4544870299226992,0.16750041280813532,-0.0005866470762586063,0.16498268809359518
0.6437281843523945,0.2314991408173028,-0.14865542875052287,0.20922395094192414
0.722857776580475,0.3286928578522879,-0.27489156314917257,0.23120502193814518
0.6876689259075975,0.41163097881704774,-0.3565574158037546,0.2286092603673388
0.5605870331723064,0.44296587509143487,-0.3873263726314543,0.20165379766667524
0.3827041194316498,0.40706775565978637,-0.37517899846799524,0.15291629210840033
0.20135290975790687,0.312437664903818,-0.33589198725656977,0.08720834742176102
0.05717032507039173,0.18527206158558307,-0.28515112998666126,0.011336343678134006
-0.02544802143775274,0.05771974106058606,-0.2324272834776205,-0.06645272047022432
-0.041957202107628995,-0.04410819515602166,-0.17867335245768298,-0.13744454791360744
-0.004956439624533568,-0.10786887151683368,-0.1181703656502475,-0.19376687323004185
0.06303917096292923,-0.13615971153674672,-0.04320713994611184,-0.22976547898912114
0.1381734809249046,-0.14167433692311376,0.05065680669059004,-0.24307891629744355
0.20190097507994145,-0.13918678721149816,0.16094696106097636,-0.23507933591280922
0.2436268959817713,-0.13811823105212728,0.27756339011398234,-0.21050684889152022
0.2591876780497401,-0.13873506328551855,0.3850530078176699,-0.17635198510281266
0.24690176875464193,-0.13315332143892547,0.46681418868507785,-0.14025549914215873
0.20394086818373494,-0.11016288856628452,0.5096505770499242,-0.10882682365499576
0.12549066824895497,-0.061358586687761944,0.5072290605565279,-0.0862952878941595
0.007692592796910108,0.014245085193217094,0.4616146062311049,-0.07380717997226123
-0.14669085621196276,0.10901028974908868,0.38279513674582083,-0.06950614945825423
-0.32266170106157893,0.20911565683932293,0.2866405194171768,-0.06933904677265462
-0.490771961401079,0.2992585067791179,0.19190859386148099,-0.06836433825893626
-0.6107198710637327,0.3673804099181071,0.1167937205639983,-0.06223822538166337
-0.6409731438955127,0.40740222829965195,0.07533779014431025,-0.04852601218986244
-0.5520005490384967,0.41908813922964505,0.07401562744608435,-0.02752851986677717
-0.3386926342408613,0.40562183119822554,0.10903910251267418,-0.0024127283925587674
-0.02709451549085655,0.37056566922421796,0.16525372077738626,0.02142304545236874
0.32798576400654894,0.31607370599752493,0.2176314294040197,0.037654002579170634
0.6549713822469719,0.24345594644419397,0.2360086314300877,0.04074284904336311
0.8841320686336526,0.15582090497523596,0.1927921679926121,0.027668627151945725
0.9671711410222541,0.061224499344234004,0.07208113496618296,-0.0007865394698183194
0.8913346169719152,-0.025818222126000438,-0.12247372741037514,-0.03960678419257521
0.6830889288484588,-0.0861055894674907,-0.3641430642263394,-0.0802177874530713
0.3997846748798734,-0.10103281794523472,-0.6062470506979826,-0.11225043088807618
0.1118174264047753,-0.059855732401388376,-0.792385991146935,-0.12606129321140827
-0.11886230831824643,0.0339018127778565,-0.8717275241959984,-0.11540503352257063
-0.2566994495430232,0.1599353876753105,-0.8150743294115078,-0.07951451182225235
-0.300962190429689,0.28446011395132326,-0.6264062349721472,-0.023908280264951308
-0.28202793575245516,0.3691349284198512,-0.34536855833267627,0.04047361002415486
-0.24722622070074943,0.3831170256864988,-0.03874159182667074,0.09976027089979599
-0.24163392420432767,0.3141822618647715,0.21745584223164768,0.14073103034457385
-0.29092801254065315,0.17471671845183845,0.36013600932926837,0.15456139567277438
-0.3924897360117378,-0.00013221287612183506,0.35853530125107613,0.1396551276939074
-0.5177651320271467,-0.16221503480589158,0.22417874690931364,0.10264160827726872
-0.6246203931622648,-0.2652536378080219,0.007576071129519416,0.05707165418685405
-0.6746952835996771,-0.2800126012199692,-0.21781012257840898,0.019984774161352407
-0.6489598099828555,-0.20457205585428673,-0.3793315066508576,0.007167926684329302
-0.5554868963571775,-0.06597530614543995,-0.4287637033124873,0.028383443373775432
-0.4265397400325746,0.08762924823059674,-0.3576580913029603,0.0839573876778349
-0.30623856923298565,0.20199820944740912,-0.1990204537930055,0.1638279213688511
-0.23370825052851482,0.23412472764791367,-0.014614719370474745,0.24951365853383264
-0.2283151287942244,0.16622171403884167,0.1277190342704778,0.31864101540837325
-0.2827282639531033,0.011780153162855874,0.17872382852032087,0.3508992969384266
-0.3664386228647126,-0.18824106896833726,0.12556608778888767,0.33380440836512254
-0.4382573650939211,-0.3777924862018213,-0.003549100529659979,0.2666084804364849
-0.46280114845310827,-0.502639246357439,-0.14965003577986952,0.161132930765639
-0.4244333054140499,-0.5264306958682355,-0.24443438074057727,0.039125084260988166
-0.33316695997455287,-0.44104343449776806,-0.23509334781256197,-0.07327697630672815
-0.2202415393915455,-0.2683263542101775,-0.10353154601550822,-0.1525209280200529
-0.12519620928162378,-0.05318306174765811,0.12693122903251952,-0.18412208119749232
-0.07965966617303645,0.14944970568665022,0.3996798527664682,-0.16677228597171562
-0.09440741811577728,0.2895600781377078,0.6446176900330663,-0.11280944243841945
-0.15496396384146258,0.3346089724338932,0.8023115235104047,-0.04479384600080905
-0.22763242238539375,0.2764717921206482,0.8436319161666415,0.01093036594838544
-0.2736453827238418,0.13153189369601595,0.7778686070754608,0.03189120792545804
-0.2658031019949984,-0.06527533023417392,0.6466937950053269,0.006144093701224883
-0.20083330383090575,-0.2701773907148932,0.5066450225375436,-0.06406457174031234
-0.10225628705420592,-0.44115559055470244,0.407007154101371,-0.16278115413437844
-0.012205388490077983,-0.5468275046978102,0.3715264358021195,-0.2649166410326483
0.024970344249334725,-0.571935630920901,0.39074669670045636,-0.34360884005886294
-0.018884071088158146,-0.5188465076863723,0.42759120352333213,-0.3781956200081069
-0.14254508824561013,-0.40539435853044165,0.43374034976825804,-0.3603819795736585
-0.312919100209233,-0.259994360769593,0.3703085744684485,-0.2966872569863764
-0.4747631220469253,-0.1152089409569185,0.22481368395439702,-0.20637209403834467
-0.5694884203895707,-0.0009924071871449276,0.01797776731386539,-0.11543761958788923
-0.556341141926362,0.061217933721404064,-0.20214872011679502,-0.04852967609576269
-0.4281374255842946,0.06251522934732776,-0.3764375511469423,-0.0212697368280753
-0.21554237995009776,0.007827582005315144,-0.45517394584461146,-0.035436111778043025
0.02201620953002642,-0.08586398186859831,-0.4152197182477182,-0.07854553549736626
0.21582906001760682,-0.1941151928201432,-0.2677123243724111,-0.12799975238315944
0.3109698487000328,-0.2913736933140564,-0.05383230699135061,-0.15850181461031465
0.2847645620802344,-0.35743113569464785,0.16938278554264882,-0.15038521019922751
0.15410975598453308,-0.3821003670920127,0.3476789190596188,-0.09618801832695278
-0.030903621115848434,-0.3666557533741357,0.44586941734198277,-0.003355907184198632
-0.2046857761950564,-0.32156912458409065,0.4562377032883462,0.10779941718925065
-0.308773840206398,-0.26136439276251916,0.39680013679799453,0.21022850732478113
-0.31134726858693285,-0.19852940029068764,0.3010664002715218,0.2783846174058077
-0.21687161043595932,-0.13888710558785844,0.20393874098874595,0.29593421015703764
-0.0627990617097696,-0.08036682932119757,0.12940531976729522,0.2604967946391512
0.09504310336449125,-0.015811082325789885,0.08444377895709089,0.18397193549701835
0.20276844455107024,0.06124587529651252,0.06069325851563618,0.08846770828432202
0.22702173483379404,0.15031228063534866,0.042213468225788114,-0.0007322833547085678
0.1653429611132173,0.24017700948490425,0.01534584092985354,-0.06281198276109588
0.04505035208236087,0.30991271847400437,-0.023808970027246953,-0.08721484682713156
-0.0883216990562604,0.3351023995154116,-0.067392688336811,-0.07583455404494747
-0.1882723989115314,0.29750794518704793,-0.09977319730743664,-0.04112163723922993
-0.22370461493418745,0.19461444002190556,-0.10536781408671428,-0.0009976428802607878
-0.18853218939476452,0.04495721448257117,-0.0765791433001611,0.027523533231440748
-0.10145462641259824,-0.1137582051002002,-0.018214623741673056,0.03379706114261706
0.003368990304138115,-0.23425803570104053,0.05357202774246101,0.016344509417873153
0.09068243493523964,-0.27453647706568446,0.11731627515353517,-0.017721661931450843
0.1378203353352424,-0.21305453379519604,0.15458061367307022,-0.056136555306607584
0.14258196089778089,-0.05867673989657124,0.1569658135055229,-0.08631680184230962
0.12261660644305865,0.14893751151523396,0.1288127627983943,-0.09975392967584354
0.10698985354568528,0.3496536855683246,0.08454344375619699,-0.0944498203380658
0.1235253304395387,0.481203302847025,0.04194222097927464,-0.07472512152571466
0.18694867756267913,0.49967388943576335,0.014420879825604456,-0.04876271971076325
0.2923381055073401,0.3950242649630498,0.00568992680676201,-0.025064831720323654
0.41620402473685836,0.19579748607565256,0.009122989965526011,-0.009306714429506008
0.5245790774288621,-0.03926504788655355,0.011961807081543045,-0.0027753091112964136
0.5849344590058565,-0.24041260340525103,0.002315637742084059,-0.0028364668666294945
0.5774791927150121,-0.3505699375199611,-0.024364599521692135,-0.0049994306183941606
0.5018352810666483,-0.34529302180788274,-0.062436129578161574,-0.0055017268369700915
0.37694884465687584,-0.24175593982483592,-0.09830093120633251,-0.0031777893361894334
0.23461811683980352,-0.09318596420737191,-0.11684868662392874,0.0002471279660996085
0.10922856434839882,0.02973685250100677,-0.10921016226599188,0.0015495319588487747
0.02740464806301372,0.06426503681939023,-0.07815482012608863,-0.00159558178771952
0.0010006966689822831,-0.02112937500405816,-0.038336173971671154,-0.008396765401002523
0.025387442154689296,-0.21396062314573125,-0.010782878027828229,-0.014075348574542552
0.08298581006221342,-0.46030233200067644,-0.013641198208020535,-0.010971211892783042
0.15023166226689258,-0.6822493930859361,-0.0530613608686129,0.00859901132323379
0.2052333709818155,-0.8044913808416249,-0.11841125223760489,0.04877418967421403
0.2335390670955308,-0.7808775817737177,-0.18446734810339108,0.10734915040558006
0.23046879051889121,-0.6116900449273585,-0.2204188154935492,0.1750650537938006
0.1998929013140424,-0.3454494093466308,-0.2025479208003816,0.2375891725531563
0.15057894091307295,-0.06437978276768637,-0.125570745608417,0.27975122508625766
0.09186291912557157,0.14171182907177943,-0.007701802224151813,0.2906561487075339
0.03029839258490198,0.20440947031554157,0.11335596512486366,0.26781466665368836
-0.031732433967213335,0.09884332486361119,0.19284075517102656,0.21864361042777342
-0.09534207800161969,-0.1482535592526826,0.19567614373113165,0.1585511476941041
-0.16301737791005427,-0.46702403113993296,0.11136493517986845,0.10604668772511823
-0.23601900953629495,-0.7663743894213096,-0.038904546129463154,0.07645610515877461
-0.31220185419357793,-0.9617989098731112,-0.206327485410627,0.07644403164541225
-0.3848395433564035,-1.0,-0.329118412660694,0.10138509324852073
-0.4426768328417821,-0.8726397241229897,-0.3531306466123762,0.1367040432141105
-0.47118701229165527,-0.6155349164656682,-0.2514303551079064,0.16292357656884324
-0.4549047615585536,-0.2945930175388812,-0.035844862786280025,0.16280295859956362
-0.38064570195909275,0.015988065777244518,0.24390738803703294,0.12811470216795826
-0.24128349221160506,0.25566674908208353,0.5136748813899644,0.06361344332500542
-0.03947325962367152,0.39271257089280137,0.6967477737150655,-0.01336988663927944
0.2096370133154942,0.42856148523019905,0.7370800257893791,-0.07780763264968402
0.47787540136474727,0.39136731498723937,0.6163567698357475,-0.10487224181938362
0.7267015503337884,0.3223285851805883,0.35954868409292295,-0.07829546012884338
0.91339028177716,0.26031955858186584,0.027494940062816168,0.003610925228359141
1.0,0.23015316827202578,-0.3007118213081041,0.12636366209002695
0.9631975790637226,0.23776380674508873,-0.5496818013332089,0.26279971469278235
0.8021912302976894,0.27267277050899597,-0.6672256205485961,0.38062490260822757
0.5419975611118298,0.3154684527304291,-0.6359537518184855,0.45164306292624834
0.23023463716980605,0.34663665744266214,-0.474532125031866,0.45973053272559394
-0.07257806362760973,0.35327652142566246,-0.22957862754953395,0.40504420662310286
-0.3071427654878909,0.33173616186155747,0.03818032630876849,0.3032107449228577
-0.43019087748848156,0.28622223033041944,0.26883700678068106,0.1799077167077605
-0.4256449447623703,0.22508110633214642,0.41532616329858674,0.06274726497815337
-0.30861982199340493,0.15707557073080486,0.450383182097193,-0.026797152249354708
-0.12080739161365461,0.0894489507861241,0.36834395405131864,-0.07879220721071302
0.0815388045888465,0.028256740887833292,0.18315312939858533,-0.09594551386447715
0.24341865639098642,-0.019951886449991525,-0.07564640982748791,-0.09030765471225642
0.3258513481030568,-0.04681714550845608,-0.3677039119203133,-0.07700389470500807
0.3151041604309144,-0.042754097848511204,-0.6471139598217182,-0.06742017046140097
0.22377513935530752,7.460319597713765e-05,-0.8684471437460013,-0.06439622683885074
0.08387297413956941,0.08332986398220318,-0.993765688215463,-0.06120489523301182
-0.06530768884447141,0.19862871211611516,-1.0,-0.04469794363900209
-0.190103191149978,0.3264529738592767,-0.8849832155293084,-0.0014669955748366343
-0.27176794905784446,0.4391853634801481,-0.6698190840219576,0.0752621748235981
-0.3092747311096703,0.5080034965108378,-0.39566303523278085,0.18061667479157179
-0.3152997412052541,0.5116438888957975,-0.11453972420610414,0.29697411275065644
-0.3075947315073596,0.443974294808111,0.12396346082758498,0.39748954578053064
-0.2995363862164698,0.3173940739670976,0.28629512478233937,0.4533766375627391
-0.29371994587953604,0.16037280192004416,0.36418694126754464,0.4427310467140373
-0.28104932397369625,0.009495983877424851,0.3758496781163657,0.3580608267871903
-0.24546171669861633,-0.10155857026297675,0.3580023743128333,0.20999845525707084
-0.17213670680420515,-0.15244024327875502,0.3509950675327441,0.025820721838043858
-0.055672299449837336,-0.1423332159082087,0.38216208796854556,-0.15697556705916377
0.09522263165175787,-0.08973952715987601,0.4536876159935854,-0.3002306706728804
0.25852871948757,-0.02585413635314067,0.5400329683751934,-0.37500506496137453
0.40500333821814033,0.016204968844092837,0.5966340848653695,-0.36887748123340497
0.5072527579146456,0.012610331020109162,0.5772795848872835,-0.2885628286377924
0.5483372841246279,-0.04332895637009386,0.45396061871888416,-0.15722031946096818
0.5266871945451167,-0.13926020020179478,0.23153524818282267,-0.00745542778049044
0.4555932522292455,-0.24827752850882628,-0.048994842032822415,0.12770945353226806
0.3576582940315264,-0.33806608381799835,-0.32081196526814626,0.22311450589819504
0.2564992492905161,-0.38145425159054885,-0.5123162062838197,0.2666127542365483
0.16892699849408682,-0.36482747188711445,-0.5716562170146912,0.2598603149966252
0.10046793602694784,-0.2917976108685088,-0.48576906994329594,0.21500379154728408
0.04562219281704624,-0.18129097493127364,-0.2865232545954863,0.14883713044219807
-0.007685912124631749,-0.06113056354760324,-0.04105911605128635,0.0767019375798628
-0.07161711510806971,0.040441701009489295,0.17076112438320376,0.008275421096316031
-0.15267731375341942,0.10246045361458173,0.2839289717604059,-0.05349327875609649
-0.24897765552250506,0.11592102402034199,0.27087517058878263,-0.11033079860112689
-0.35130646672789523,0.0845090451375863,0.15062635695615145,-0.1647210492744605
-0.4471432786860409,0.021843653756466637,-0.019081796875497433,-0.21605932523407234
-0.525549860543411,-0.05328700151703592,-0.16402593256946138,-0.25872417267255565
-0.5806606371458477,-0.12191310569972182,-0.2218948881258563,-0.28307411793534887
-0.61231862399549,-0.16869476007741427,-0.16624483353179656,-0.27911488768373927
-0.6238575064016115,-0.1839533548179508,-0.01690805404353774,-0.2413869111531523
-0.6184345236592294,-0.1641150708064888,0.16723602967605464,-0.17297016683314173
-0.5960190876495673,-0.11121899466379695,0.3105708276490794,-0.08667870640689956
-0.5528057868566761,-0.0321329633183433,0.34980469029241357,-0.0024970680574208618
-0.4835893192804925,0.06224859495363878,0.2587810530109841,0.058241339413032014
-0.3860749486228462,0.15800211675534567,0.05952052014824247,0.08005543434037651
-0.26494049599312236,0.2397836340716866,-0.18488615811667017,0.05925497836253618
-0.13330103217919184,0.2933250943803589,-0.3930552209774905,0.00617111734400866
-0.010214192895256803,0.3086227516909659,-0.49529841899773674,-0.0576044915836886
0.08536257729896851,0.28305403221937003,-0.45955812527595175,-0.10649035276801305
0.14194843887693856,0.22330698309431238,-0.30348775239052644,-0.12046180970382409
0.16103751890676,0.14510575363543757,-0.08807622744775816,-0.09355828825422338
0.15786285412704862,0.07030576983217848,0.10481660460937067,-0.03808251595071402
0.15627079346388079,0.02182341895871984,0.2025655297265103,0.017525777360753732
0.17899551160781063,0.01771017606832908,0.16820738741110172,0.03706356681931692
0.23682578660753792,0.06612266678083908,0.013307778139716973,-0.011140132208526315
0.3211388566843924,0.16276717868262594,-0.20742531307091075,-0.14193764269999143
0.40348620078232433,0.2916430770323612,-0.41752246754589306,-0.34535908350407846
0.4434933477217714,0.42884668036880974,-0.5478233950819862,-0.5860420202281698
0.40311095988853346,0.5482274638723139,-0.5621002159734546,-0.8109510615584713
0.2624612906847718,0.6271774121805802,-0.4695451535418852,-0.9635086337319435
0.031327161704989274,0.650958287298579,-0.31957830365417444,-1.0
-0.2486506603044316,0.6146456122107669,-0.18126656507978797,-0.9031327130092771
-0.5129791145063167,0.5226862432522903,-0.11552909747392753,-0.6883151136243281
-0.6924204719117363,0.3868368605221724,-0.15098075650515894,-0.4004039462440548
-0.7345663017762837,0.22356842645823571,-0.27273121873137485,-0.10167133082490529
-0.6215601482915926,0.05180104053989314,-0.42834654481129314,0.1454286408653588
-0.37756585248202906,-0.10875716103180717,-0.548501439825431,0.295404949902346
-0.06288540668949268,-0.23901351676411617,-0.5742016546426245,0.33150021403818325
0.24378694417424218,-0.32228129485352974,-0.4800096098294727,0.2685325474777008
0.46926933589579917,-0.3468871467331583,-0.2843716651007047,0.14614802038090166
0.5679582151511798,-0.3093711493556618,-0.04322740117306832,0.014913287597755126
0.5345822898962113,-0.217279088445804,0.17043312689703355,-0.08006873990125192
0.40337923652883545,-0.09007832547363478,0.29304260963853784,-0.11266883583594663
0.23419273782436836,0.043091476414901575,0.2927748357581215,-0.08213718647869801
0.09058451829191852,0.14921762531564645,0.17934231465923425,-0.010680297754335362
0.017810269478579298,0.19978187784800325,-0.002062913116135166,0.06650056348728144
0.028413084895574217,0.17940905025733184,-0.18979765633607748,0.11493019394920569
0.10028774906711228,0.09185318572805592,-0.32991498323053003,0.11343545108340038
0.18744686321969736,-0.03922908641329096,-0.39580446148715903,0.06126368091189568
0.23909266497159593,-0.17580722432493667,-0.395754601240438,-0.02250952262830076
0.2196744322561222,-0.27628682719389114,-0.3658795043536597,-0.10675991945754132
0.12244920752287897,-0.3085562051669372,-0.3517886644962773,-0.16024877865504478
-0.028320427700119128,-0.26107259417739803,-0.3868642853805772,-0.1633038555372211
-0.18702707536035046,-0.14804243583353108,-0.47626935084090616,-0.11504986315376609
-0.3042752430461697,-0.0064492425263227605,-0.5933669788634385,-0.033672277320987445
-0.3455012089815157,0.11466974178586263,-0.6900923680657041,0.050276139693268794
-0.3035899802886926,0.1695929332936695,-0.7170606911703663,0.1050527692778496
-0.2008625438682336,0.1310383407914855,-0.6451374773833484,0.10937164073321452
-0.07994106328025365,-2.33135239332996e-05,-0.47948054530483186,0.06040019924535139
0.01277316145187395,-0.1933497825004896,-0.2599896167196445,-0.02467960741529336
0.04456178218234454,-0.39783480318264175,-0.04752144021035946,-0.1140632583865589
0.008146358081751582,-0.5568136422438389,0.09900636188150895,-0.17179202754261114
-0.0765677784683539,-0.6253693435692035,0.14569213201212985,-0.16972907169189028
-0.17114416649155131,-0.5840082589330227,0.09766938675530175,-0.09703997117303378
-0.2340713404657295,-0.4442522816991274,-0.0018090123483866136,0.0358997842404731
-0.2369238736066914,-0.24439202231690965,-0.08734696003097699,0.20032832949011958
-0.17502116454057023,-0.036928915552832974,-0.0966528037473207,0.3575844828482171
-0.06865053684412398,0.1280305609527103,0.004492320353372887,0.47041636412566085
0.04535256229802837,0.21791379516537038,0.2072129075725341,0.5135092879834358
0.12816337295005614,0.22647620390980544,0.4605126224519606,0.480073305274394
0.1538935232317546,0.1736377092589293,0.6882921061130011,0.38275100710364374
0.11912399171352298,0.09682155916084545,0.8163616087258408,0.24897028549993586
0.043516613650522576,0.037060351218781665,0.7995305821416279,0.11253711474915981
-0.038492667161713394,0.024724664132574542,0.6387023458699842,0.004222929862630692
-0.09147979723694699,0.06961688700539771,0.38153428522624017,-0.055883469014096174
-0.09284314313565604,0.15847653502420017,0.10627877497033557,-0.06231762382965239
-0.04132753817277765,0.2603215334936102,-0.10537803572105796,-0.0238401507565354
0.042863205140490475,0.3374408928383336,-0.19663195116187593,0.04062471294087639
0.12616758664354794,0.358133862409499,-0.15481044440439104,0.10812191839698305
0.1746441468421762,0.30697331683438883,-0.014723583788780536,0.15798062998899967
0.1667403856725363,0.18945770883417726,0.15486856328071322,0.17671276955986975
0.10104038040443575,0.02993409142958381,0.27654294717299727,0.1605628296540451
-0.003707407848483361,-0.1361182864085051,0.29199822997430575,0.1155293781102357
-0.1159179441790863,-0.27269249112523514,0.1824072388982242,0.05527180104030112
-0.2027096789066563,-0.3533553491003217,-0.02565492787941541,-0.0023703140748288576
-0.2410928240264313,-0.36792443058973257,-0.2703289759952939,-0.039461581137350446
-0.22467662353459875,-0.32409640357648434,-0.4764914100974962,-0.04196253487062625
-0.16379657863006275,-0.24402035775633238,-0.5814818469303779,-0.00303749796501153
-0.07969935375154351,-0.15721839163017476,-0.5554097111134382,0.07485130064304886
0.00427359715389208,-0.09208027566431984,-0.40929522802860896,0.17954561725163587
0.07061439132942848,-0.06827050137360662,-0.18897196596862195,0.29084112971419923
0.11153912294133508,-0.09188946027832248,0.04217724892993509,0.3842311302783135
0.12773758428346083,-0.1543734490970095,0.22485839439759991,0.43629162628618323
0.1233133785307529,-0.23517362536977618,0.3220551108271805,0.43067012069102995
0.0999949793621625,-0.3074305112827249,0.32780477994883866,0.36317553252367485
0.05399395983885148,-0.3452706226019145,0.26446716691255073,0.24435878240107134
-0.022414368398576426,-0.3310347555140848,0.17070148703975832,0.09838151430780157
-0.13486066419735268,-0.260717103793485,0.08549605067454073,-0.04211578972241444
-0.27904912094329803,-0.14617082770838052,0.034475705699408464,-0.1442290341068332
-0.43510199623943135,-0.013237318513964728,0.023204948175749678,-0.18404495174043
-0.5676795165488367,0.10414598866420868,0.039080830698622344,-0.15425430575488272
-0.6334084123268053,0.17274091119040363,0.05999482855095613,-0.06759794303096014
-0.594146237898408,0.16960954185144206,0.06556553222286426,0.04537360465977376
-0.4318478615147185,0.08985466784441243,0.04622327702631993,0.14411900419540505
-0.15945216643099586,-0.050033223325475884,0.006792530592554347,0.189622372513147
0.17705262589594636,-0.21479574480516667,-0.03624373126966612,0.15638232273649838
0.5075066783499327,-0.35892952346550827,-0.06201563586553378,0.041220262432571333
0.755713114952961,-0.43916566130177825,-0.05367705185379395,-0.13404107137193585
0.8616139192054377,-0.42744058839087895,-0.00448351370815951,-0.3272816401460206
0.8003807308158356,-0.32032566970084125,0.0805854443125719,-0.4872150075846774
0.5918071537191065,-0.1416007996048552,0.18770219630188925,-0.5679469115234622
0.296275328400532,0.06342455587313552,0.2997363329647939,-0.5427449145939583
-0.002089202458707791,0.2406516686141267,0.40175565469403135,-0.4128381355358136
-0.22013934644615676,0.3433796240056951,0.4841686727394151,-0.20839795820281198
-0.3005821211847561,0.3469264772749365,0.5425981279932746,0.018889344511342825
-0.22903821434023122,0.25687164931170586,0.5752772440172699,0.20973289102359294
-0.037745954754936764,0.10795280872533349,0.579958247623298,0.31370894251954295
0.20531450592400227,-0.04639224263347853,0.5524733067947981,0.3035215681864794
0.4183502062215003,-0.15074368546089464,0.4881418826234988,0.18285515780358777
0.5316270278419833,-0.16540000391149148,0.3856316105220848,-0.014533126164742779
0.5089565312967365,-0.07931394066079524,0.2514049683515553,-0.23426804384436142
0.35800875503061863,0.08601979642975642,0.10223394673212681,-0.4166344083244194
0.12640788300311773,0.28307181648749247,-0.036205623044622465,-0.5132559715415848
-0.1147594951756614,0.4531024992003608,-0.13510601951654438,-0.5003733168165282
-0.29436035127366567,0.5444883062893793,-0.17118249628507254,-0.3849633828674953
-0.36381364680626466,0.5286275943486917,-0.13523681533716408,-0.2020820581605686
-0.3116353579670787,0.4083988894614854,-0.03727798434320628,-0.004388937572663324
-0.16553866181743143,0.21670811141202645,0.0941808534870364,0.15294726521892463
0.018129006795431692,0.005975992578954314,0.21903017521624993,0.22752249698452665
0.1737386090935046,-0.1676806405203342,0.2967790574782053,0.2008096788326822
0.24796647583635142,-0.2603163126186583,0.2985112093759026,0.08213958001266039
0.2166006094670599,-0.25116709088328915,0.21562231928748302,-0.09522936262774309
0.0913679884537918,-0.14588058016110989,0.06243467165755642,-0.2844065757659907
-0.08500886618942266,0.02814049462627405,-0.12809991760443687,-0.4382259013777197
-0.25348804963338606,0.23179230734865824,-0.31402285167427235,-0.5216698592255485
-0.3580712608395015,0.42576905754412925,-0.455988072239132,-0.5199052362360592
-0.3635402361050974,0.579652927740381,-0.5270698340050318,-0.4400101071601885
-0.26604218147989883,0.6762148273211708,-0.5178653002978207,-0.30648412385197527
-0.09349214083684022,0.7106999269952499,-0.4358937324530107,-0.15247413252798508
0.10391540217761436,0.6867999073960791,-0.30039414062873687,-0.009755327526042532
0.2697219947895183,0.6119704306742326,-0.1351078174524578,0.09941568066722137
0.3585114012137223,0.49444384704570365,0.03803382388495146,0.16636942126485682
0.3491162995314112,0.34296766513957744,0.20225705397209207,0.19534117284695854
0.24985868950697554,0.16863889600430815,0.34588172383016014,0.19897663882132038
0.09460054786359737,-0.013011686362143499,0.46002506112288605,0.19211228117543727
-0.06872755857553754,-0.18174431588675866,0.536188375131898,0.1862449574166175
-0.19321565278045236,-0.3153203120720749,0.5657003733172057,0.18655819565990356
-0.24685147930795726,-0.3948063549911575,0.5418686985525593,0.1922017498520161
-0.22096477145305743,-0.41056406053623656,0.4641163674540385,0.19918828849274176
-0.13090599448938683,-0.3662833528700311,0.3420820716794403,0.20427708645093584
-0.009158771435314933,-0.27887943599179976,0.19725993568368838,0.20791909877031833
0.10654646362708785,-0.17361614653421917,0.060481834379024914,0.21483128932820275
0.18607341168372404,-0.075835822402889,-0.03484865163582914,0.23184220829863209
0.21647721944838103,-0.002306260046523144,-0.062021630456653036,0.26387775676188113
0.20533928000289844,0.04431556913920389,-0.009736493921199069,0.30984872802326296
0.17693082945804398,0.07537099496577719,0.11295963627479877,0.3603966945228401
0.16265289413747525,0.1100445882044895,0.27765043857954486,0.398851499072329
0.1890509302366675,0.16527720147070207,0.44359743254514483,0.405557210478819
0.26746371145448694,0.2457091947995212,0.5688554737628011,0.3643743690469034
0.3888028731323574,0.33799112371204393,0.6219628987005968,0.2691800659491728
0.525260047647379,0.41242226040559943,0.5904561864375614,0.12796174999781582
0.6384546851777091,0.43216718853295377,0.48354754088097746,-0.03723765426167911
0.691408576621925,0.3672443603584582,0.3283293641957362,-0.19491772906518387
0.6604558342611512,0.20827111987426453,0.16107019726515295,-0.31208629791886955
0.5431896940133993,-0.02547620985501433,0.01672616266843679,-0.36318982907553526
0.35981756127635445,-0.28747521764849854,-0.07984213843725799,-0.33717686393708557
0.1474318244530031,-0.5153938264679012,-0.11836460386652613,-0.24041211894360773
-0.05099273953812205,-0.6494132542677116,-0.10255510700830446,-0.0945133106202823
-0.19935110723717794,-0.6515296564041856,-0.04549626503627763,0.07012643128695277
-0.2788277449863388,-0.5191597635915569,0.03659048150868223,0.22293888610734003
-0.2926811477184818,-0.28799710316416355,0.1295619262718494,0.3410559609055759
-0.26394431400269713,-0.022584954841579363,0.22377286518665296,0.41396251824000774
-0.2269014505654056,0.2027189517235047,0.3134036597158918,0.4436550508953838
-0.21519845147759858,0.3263117862904841,0.3938609449736611,0.4406827347078807
-0.2504751151737523,0.3180265866240501,0.45921679274824956,0.4179108736435703
-0.3351484401991704,0.1877267377689083,0.5014692878151792,0.38458728305385576
-0.4515438168537043,-0.018987994030539874,0.5123594333848932,0.3430421060549676
-0.5674698158868908,-0.23638493673048358,0.4870631314991185,0.2892153303495944
-0.6462769854848437,-0.4001138448496705,0.42795218828687226,0.21662290439047535
-0.6581056338226807,-0.467325938654338,0.34631905841911953,0.12195166404663986
-0.5888169271282517,-0.4287436545754083,0.2606610764490363,0.009766040207775153
-0.4440240894914703,-0.30898294984488395,0.19155453109089396,-0.10590223690358219
-0.2473237476284572,-0.1555989256570911,0.15471502031591708,-0.2041231145733052
-0.03366736455086129,-0.02120531064332944,0.15485164967857648,-0.2631943792477538
0.15980398755348568,0.054762056289732575,0.1829002589580419,-0.26824911533959145
0.3026208938540088,0.05825302063309353,0.21810540386263164,-0.2175349667437431
0.3771299057173242,0.0028488625836403107,0.23461163705865085,-0.12486456963408954
0.38063063930696783,-0.0781233402597057,0.21042885935456931,-0.0170016013607704
0.3235747462763327,-0.14610300524177922,0.1355857885149759,0.07347856015542427
0.22501050066605605,-0.1726762665762342,0.016435344023322113,0.11767457349875073
0.10699909890157104,-0.15000642363641478,-0.12558927282963545,0.09910988659651512
-0.010375080919397078,-0.09258432327254985,-0.2604408868947018,0.018840388417933944
-0.11235659451047748,-0.02996958549031918,-0.3588795558274549,-0.10479302838949538
-0.19092976227595793,0.006382658837243943,-0.40148844189581917,-0.2416841276165158
-0.24457851987225868,-0.0030661666547944695,-0.38411293322654555,-0.358915255972723
-0.2769579845769037,-0.056924043212917,-0.3179506730537814,-0.4302099857977687
-0.2950002534518853,-0.1322130478002768,-0.22457652853911547,-0.44288094697667096
-0.3067801540228184,-0.19244961078759143,-0.12808406584612175,-0.4002265104343408
-0.31931289859870066,-0.20153765461287584,-0.04751179834210262,-0.31894158402168205
-0.33647248081096665,-0.1383470549138138,0.0075849764942140675,-0.2227817495562216
-0.35739198792488736,-0.006529646348558343,0.03701449684136706,-0.13486573814945718
-0.37588564144397635,0.16421524254714584,0.04587422167842694,-0.07124507156819615
-0.3814190757015945,0.3261902501653374,0.03881044786690628,-0.03768231152796109
-0.36182125201613374,0.4285317271960779,0.015578772063767536,-0.030270746208973274
-0.3073149021545752,0.43388511563068594,-0.029764410842654694,-0.03911628236359384
-0.21476026355121824,0.3312987865954544,-0.10540863199655318,-0.05330893096727928
-0.09058107504039814,0.1409559509955888,-0.2154958406477769,-0.06516763181325679
0.04904573000997195,-0.09091803098007202,-0.35392999378590556,-0.07227493297337524
0.18141167183991597,-0.3053934377997288,-0.5015312661564547,-0.07685810022880607
0.2833891872527404,-0.4481702175018413,-0.6286447358630517,-0.08317728921468494
0.33868579055680376,-0.4854320784875042,-0.7031387898115464,-0.09431431230625503
0.34374120491044197,-0.4133182782876836,-0.7013579199983105,-0.10985928527226728
0.3098924288357732,-0.2582382149316489,-0.6180086370929787,-0.12547634617453748
0.26051680420742745,-0.06819151765019757,-0.4708757431110301,-0.13444975225493014
0.22361056217896194,0.10196724876226335,-0.29784241920582927,-0.1304531219455344
0.2220579240103272,0.20663702531833694,-0.14641667742557804,-0.11029860949560216
0.26498355338179236,0.22205820003771773,-0.058853045711010764,-0.07548609114059639
0.3435311538199032,0.15179489073322538,-0.05788445921641127,-0.03192503435313486
0.4330624841325407,0.02386785146249963,-0.13823853702477798,0.012015074840508781
0.5015180737485924,-0.11911079760738046,-0.26733748491378223,0.04829546765085904
0.5213135089616818,-0.23341249400087372,-0.39543707212667467,0.07171850823186715
0.4805710685574687,-0.2869994287509808,-0.4720591055411848,0.08122609069769285
0.3893819773085496,-0.2678508846111657,-0.4631692577532048,0.07961421150676526
0.278319351865019,-0.18559442446111024,-0.3630775524879251,0.07196028683294954
0.1891171602764965,-0.06641195717281974,-0.19673525570027708,0.06354421449301598
0.16035317539709668,0.05673481234747467,-0.01141474861830279,0.058149787877102455
0.21303024770987444,0.15517665130968117,0.13947811629338827,0.05734347411700642
0.3413091781922882,0.21329670474806126,0.2148558571406266,0.0608043564804249
0.5120750694243014,0.2322766602980574,0.20017095284751152,0.06728185670277288
0.6740042667431982,0.22785311507942868,0.11233908041221821,0.07552206117250372
0.7733974408642036,0.22309213777795406,-0.006444294685654126,0.08463082687176458
0.7715049870209836,0.23880741714428422,-0.10386411986867414,0.09375368070361081
0.6573675484515056,0.28499294856611257,-0.13628687608674647,0.10142722110774485
0.4516453822800596,0.3562814463061556,-0.08454701370422363,0.10523529967840183
0.20003551635245617,0.43308514201491993,0.0388920769939332,0.10231586294043589
-0.04144444494388186,0.4881520263293934,0.19397500640487653,0.09081955770617628
-0.22414360850335274,0.49639390771314,0.3269144970963528,0.0718149049825129
-0.3212623574899812,0.444631633951919,0.38904833973922104,0.05067010305618644
-0.3342067330410931,0.3377822579230922,0.3541285251210239,0.036891223858200525
-0.28892877370859127,0.19906832448554054,0.22804956581077318,0.041868034879640005
-0.224067179561596,0.06376211855387336,0.04767572628915446,0.07484246550444713
-0.1756605408894442,-0.03181805603803342,-0.13079919203798843,0.13833530484311643
-0.16430820869940185,-0.06259637606558656,-0.2499661406672958,0.22482999515465585
-0.18949799893165406,-0.02417889564150961,-0.2696795621125572,0.3164020770277368
-0.23287247464291055,0.06399484167716396,-0.17980948877881495,0.3881323620433508
-0.26862760034341815,0.16332042830115284,-0.0032549544522915493,0.41479366359043573
-0.2764350523556171,0.22750765056418715,0.2114415200336876,0.3789392068934133
-0.25135439039508956,0.21750647048584296,0.40511111257324817,0.27769579578964454
-0.20651694864608877,0.11515832271400052,0.5255059495102675,0.12567207836490749
-0.16739577075672027,-0.06899918343978843,0.5417654582778586,-0.04750362005038291
-0.1600137037391155,-0.29666268600481893,0.4515672471670435,-0.20472369389549586
-0.19805936465400642,-0.5115939886354351,0.2793961988549972,-0.31189210404720624
-0.27450270089932144,-0.6556225465707481,0.06732593242253648,-0.34803318497085034
-0.3616360985950761,-0.6859865976968418,-0.13806707590810785,-0.3116097554779945
-0.4201334496107241,-0.5885944787333314,-0.29823340979260426,-0.22079494724383297
-0.41401971848255836,-0.38295795589462533,-0.39095379083200393,-0.10746534417298675
-0.3258555557931882,-0.11712653248351913,-0.41262597230105197,-0.006870161059276282
-0.16603679752621012,0.14589428264237886,-0.374972773220601,0.053517810616491884
0.02788124299159232,0.34606287701025,-0.29835513818983345,0.06214194639250754
0.20221776840045816,0.44303659501279485,-0.2045802335887691,0.02572433575512653
0.3049422976443222,0.42664319116302696,-0.11164715549851555,-0.034837120959153124
0.303837268788475,0.3180810536855237,-0.03160451838277343,-0.09337925903748832
0.19831240597021194,0.16183177974101137,0.028787597756413534,-0.12879137129439466
0.02031884750397364,0.011175727788438143,0.06597482044990077,-0.13285861486029502
-0.17622610410587033,-0.08792920654821754,0.07777298306575778,-0.11272208339971025
-0.3338326148283451,-0.10958989509249051,0.06292388145687419,-0.08711632358495434
-0.4110398232539062,-0.05369708974552392,0.022178841276162917,-0.07793490499878546
-0.3961262840057112,0.05656123688900842,-0.03993643937722228,-0.10047683238485781
-0.30999632656569864,0.18390174445516347,-0.11401894265007388,-0.15624856006521656
-0.19732096026046367,0.2893885832736362,-0.18647924199657112,-0.23122865113916533
-0.10935475462052799,0.3439580026237756,-0.24234403294070755,-0.300404161951695
-0.08488295554675586,0.33560051504954186,-0.26944652293741267,-0.3369560497123559
-0.13633786429384573,0.270554960762838,-0.2624901081368703,-0.32263710987159155
-0.2460607837956494,0.16898479494354135,-0.22530280864534916,-0.255360528420119
-0.37378772152209117,0.05730212227557769,-0.17016070930884358,-0.15101411899203948
-0.4722092467748757,-0.039954040312421155,-0.11414120344936396,-0.038666278362801544
-0.5045122619059422,-0.10612736038403092,-0.0736365252125429,0.04917877281138133
-0.4572545658673291,-0.1349475989848439,-0.05893289022701829,0.08773552727380367
-0.34391857240764134,-0.1295733490185822,-0.07081149136496505,0.06840599822658762
-0.19821704868204199,-0.09936309813043027,-0.10041607659147518,0.0014568065759714653
-0.06020265495044075,-0.05603183091352397,-0.13242828928918662,-0.08804164822777963
0.039087713402796036,-0.010584801055821222,-0.15036767597077608,-0.16945038369016624
0.08836196532686785,0.02833044608331983,-0.14207008141412986,-0.21750058448678364
0.0981341051823422,0.05483104775951096,-0.10339341355797486,-0.22087984032900473
0.09368104424146509,0.06564096521655031,-0.03894613770664436,-0.18535830059141956
0.10215660397516572,0.06003656900908985,0.040177204132394805,-0.13045461690820412
0.13943839573030498,0.04013096077704263,0.12052158044237106,-0.08109377347061664
0.20230182758356086,0.011168207750821543,0.19048211939559687,-0.05756792683898677
0.2692522896508957,-0.01884365940485217,0.24293456987452125,-0.06767656214380725
0.3097287495618999,-0.04071865217005872,0.27542417365007227,-0.10399738349990593
0.29788640790852816,-0.04689248770957725,0.28819805499978357,-0.14720277153526956
0.22519253898117386,-0.03467132986055106,0.2813603399278292,-0.17398904628061043
0.1064344196648873,-0.00859975976537491,0.25283624666655247,-0.1664361354018027
-0.023687814544064722,0.019408956180024813,0.19846019791094288,-0.11912823225087933
-0.12244197831765898,0.03290042414460222,0.11449188028146802,-0.04130803880074004
-0.1550120717979744,0.0162602201009113,0.0016324131436951457,0.04668134840817446
-0.10833504468634379,-0.038938066608491355,-0.13130534742183353,0.12117860272994643
0.002705846686333199,-0.12892875769983908,-0.2660925985395591,0.16410754879633654
0.13942053487151232,-0.2362888742502463,-0.37745519535182376,0.16952182568350666
0.2525270573023873,-0.3331812978722474,-0.43905090500497407,0.1452972340540042
0.2996653209680012,-0.3888451448250271,-0.43145534887312204,0.10942030507881571
0.26071516141834533,-0.3792200650423292,-0.3494892570575389,0.08244518139889388
0.14518454351505772,-0.2955644035981419,-0.20608418657736646,0.07916264223549191
-0.011111012925789409,-0.14897833335875824,-0.03081982526818136,0.10277958211286854
-0.158839797567182,0.031063497453003474,0.13699830660052098,0.1438640460209399
-0.2526402799101392,0.20410216594771388,0.25891429137160354,0.1843989366399009
-0.2668177121484805,0.32989366412879123,0.3083151808116887,0.2052694133639211
-0.20352377814955108,0.37992207386789406,0.2782462124918424,0.19417746002211142
-0.0906013796460686,0.34554001872141593,0.18334837218862968,0.15084373256565436
0.029799121342960564,0.24014128087171696,0.05510744243893746,0.08745606063174048
0.11729746348916135,0.09476446542180958,-0.068153748605672,0.02420716557548934
0.14788496685285415,-0.05129396488320809,-0.15329906531501655,-0.01831698061656138
0.12162553535811285,-0.16169710244008995,-0.18245468298865763,-0.02693191565990992
0.06082056460901596,-0.21252342766707985,-0.15781161230533933,-0.0008331399838646815
-0.0002809121573159691,-0.19720181815592575,-0.09962557133713612,0.048111110675940844
-0.02994783449655783,-0.12590435876493639,-0.03821526534563066,0.09979104755935113
-0.01186504778567494,-0.02033316399556259,-0.0028095705921450547,0.13324259908044597
0.04849447862581545,0.09372316765782189,-0.011142788217363123,0.1341417937715908
0.12631031587034552,0.1932683183063912,-0.06338044175930015,0.09960188046441465
0.18748171695824992,0.2622941036638164,-0.14239653742511313,0.038590550153400974
0.20222194742592664,0.29258608718393986,-0.22017726870705875,-0.03198407429129176
0.15683618022052584,0.2819375938372357,-0.2679930446805309,-0.0938213291794811
0.05919286750508472,0.2315300326329551,-0.26670780595881705,-0.13378508421777385
-0.06404661115570671,0.1442733322165499,-0.21361390392474594,-0.1479748090752427
-0.1771624622394064,0.025054321691154798,-0.12346047984493684,-0.14191090126201558
-0.24819091182688252,-0.11745294227014887,-0.023407605915252698,-0.12702771351406347
-0.25991817384092225,-0.26886945993119377,0.05625350525512445,-0.11511044392314455
-0.21505787015673164,-0.4089115852870165,0.09235901468193589,-0.11303953356089425
-0.1340098226614586,-0.514144013634414,0.07660453436771963,-0.11995922276100757
-0.04648707007102014,-0.5635821586377403,0.018208527786298313,-0.1279050792669369
0.01946453997500456,-0.5455292152587983,-0.0592378345867524,-0.12547752685265115
0.04678363664703705,-0.4630436067571373,-0.12550237198089986,-0.10293279367869394
0.03373513097249447,-0.3354805563509727,-0.15332552331258828,-0.05656046345641117
-0.007846134498101993,-0.19473634402651888,-0.12673564629932837,0.009399011189831151
-0.05905298623610178,-0.07675741385293816,-0.04550051061645476,0.08396796587265287
-0.10203094573562771,-0.010817086291289014,0.07541962171990697,0.15315142163327872
-0.12625376710065886,-0.010204618857432138,0.21085076392784075,0.2045650299671369
-0.13057341784532106,-0.0677779814367856,0.33287976052714086,0.231110844685532
-0.1206962288361668,-0.15827400055096696,0.41829111190781837,0.2323662153347031
-0.1037905979109956,-0.24686877439329785,0.4537403631658268,0.21340541038230362
-0.08313194298997449,-0.3011287842184885,0.4374534527554981,0.1818813686690521
-0.055547075086914345,-0.30211111996704093,0.37753316225708927,0.14487232584603882
-0.013027879631788863,-0.25054554277439156,0.28803573368585733,0.1069610496810052
0.052127476443068664,-0.16576289544623585,0.18449437333253796,0.07029986705226242
0.14102897401262052,-0.07771495007757914,0.08040258182293913,0.036361959068583534
0.2438487510166257,-0.015057708906031112,-0.014513709684291052,0.008181093506222323
0.3398341058658071,0.006173061991308863,-0.09427292416945955,-0.008433431514718311
0.40232737522763984,-0.011088619510597173,-0.15558206190768661,-0.0057802279004777355
0.40729601172945795,-0.046108458833881934,-0.19671098191109712,0.022704846362476938
0.3422619353323516,-0.06872150513530226,-0.21702428426640782,0.07839159222248994
0.21213049020624547,-0.05177810564481461,-0.2173492574793127,0.15425484635223635
0.03945138199137054,0.017117563257776098,-0.20078234225925262,0.23438357183544176
-0.1412931522646854,0.12920707312466112,-0.17321145488826958,0.29715220617479055
-0.29350258518303723,0.25619892553359896,-0.14290581028508162,0.3215415184956297
-0.3889303716331691,0.3595666640525121,-0.11895808284985583,0.29464374730934273
-0.41513109099561785,0.40421505229081117,-0.10894980360287027,0.21757034397832145
-0.37739085448973203,0.3714474456511275,-0.11667242476331591,0.10721071224264042
-0.2947882107334749,0.26631410149545764,-0.14084818706408964,-0.007420520438599857
-0.19225548520243232,0.11645060245915649,-0.17548355200794535,-0.09357962811701798
-0.09192671715896121,-0.03731693031344509,-0.21186671848285474,-0.1254006244517368
-0.007114720392038196,-0.15520945883277132,-0.24154388999680396,-0.09311381830835241
0.05903533735770594,-0.2123130184505019,-0.25916569419095564,-0.00747864442951133
0.11025158873476544,-0.2068130813720403,-0.26408707622763955,0.10248829707243694
0.15122410899831318,-0.159536853126761,-0.26005719690387274,0.1981318284186922
0.18215766432114563,-0.10494962051876638,-0.2530846454749168,0.24349258121839706
0.19655646407949692,-0.07698423585732532,-0.2483129409594312,0.21729458830760695
0.18346511185889094,-0.09507126935499069,-0.24718549544715712,0.12048743574526655
0.1332798559794025,-0.15571960536955518,-0.24612456684853445,-0.023338893023142022
0.04448083040370647,-0.23296337234743936,-0.23739632372938455,-0.17495271232707368
-0.07200051788039659,-0.28768971625109047,-0.2119844489081205,-0.29164428490540834
-0.1932582324989954,-0.2825206685589655,-0.16347289881669874,-0.3405329022256709
-0.290254269278354,-0.19678790113702518,-0.0914688888890695,-0.30861708274603816
-0.33722910464711375,-0.0360109619677518,-0.003176205271682736,-0.2063142148737891
-0.32117615617913053,0.16777731120553988,0.08765420545734655,-0.06349104342497343
-0.24753432651447876,0.3652271771616285,0.1642321068113096,0.08046021731101746
-0.1394919330769968,0.5053207442119868,0.21161609384243157,0.18899820448911486
-0.03068352536123815,0.5520658116900673,0.22135434053561462,0.23908727782477898
0.04632245190199899,0.49643026331536105,0.1942754309518623,0.22675547979244526
0.07155369968388689,0.3593823789988441,0.14042606401620197,0.16611073245112432
0.04477835202669642,0.18501799344834072,0.0761156350673339,0.08269972338944749
-0.014620405131333898,0.026186900764014455,0.019012615063477085,0.0039731520071405
-0.07520960711579622,-0.07244009898900326,-0.01710365827598126,-0.04959951628240696
-0.1058042211772842,-0.08816193633814445,-0.026227382706624867,-0.0697626075591328
-0.08787481266250861,-0.02641728749465791,-0.01141573209783772,-0.06063649053062742
-0.023269523835753928,0.08243013000122222,0.016864906676832703,-0.034377837897603916
0.06586076502312048,0.19424516246340207,0.04470753793156981,-0.004531986107179067
0.1451112268273539,0.26618877127026347,0.059682407324230455,0.020049543812071788
0.18094859820365947,0.27057836071125346,0.05507800925843671,0.03832149625279902
0.15398807128625164,0.20309946047932698,0.032120130404126875,0.056153689878414126
0.06731807537858991,0.08304628898420209,-0.0004737077650885206,0.08210048991866328
-0.05345587004876075,-0.053982455982520564,-0.029374877042156057,0.12184477723441703
-0.16869711451532318,-0.16809520993888644,-0.0409776336743994,0.17381946898791106
-0.23877473940639382,-0.2276942639155106,-0.025801228940870252,0.22797905120621142
-0.23852413877318596,-0.2186614125222423,0.0183812248740431,0.2683835628463213
-0.16676250720834124,-0.1475884323961562,0.0855866078087547,0.2787013425468145
-0.04726330171011514,-0.03859440743856102,0.16306310013999462,0.2485461363803624
0.07927471681476596,0.07471190474609363,0.23466167162226176,0.17819211073140373
0.1694097772075921,0.1592703300776693,0.2851558586450219,0.07978454560926801
0.19217390931158201,0.19149951321818456,0.3043116933692015,-0.025550765611919348
0.13984296000342736,0.16273388834223373,0.28961842561867795,-0.11379660941134527
0.03043748362727506,0.08011012160183224,0.2469673954276883,-0.165276312891753
-0.09881998030656462,-0.03672942821023806,0.18910047444560282,-0.17058102432866515
-0.2045773362681836,-0.16167495741004018,0.1322111701430025,-0.13323235391166083
-0.25213567118617025,-0.2690134989955108,0.09154897630231532,-0.06828018057161704
-0.22663703102695212,-0.3393347878780987,0.07715324593824788,0.0025737142278591685
-0.13682659810202946,-0.36324927420917597,0.09086261128522659,0.05761458821814493
-0.010398027082417273,-0.34240823930851283,0.1254876191468213,0.08132874791117786
0.11695864877478707,-0.28797438569346695,0.16652823143157552,0.0682957102907648
0.21447348839656563,-0.21716400244259046,0.19615595788890514,0.023760686752734215
0.26632802810792205,-0.14874827631871887,0.19851314380346236,-0.03896183224690028
0.2752713882462496,-0.09849981134125105,0.16489493406086478,-0.10311857128249757
0.25888670484846976,-0.07553947592685807,0.09724642921778734,-0.15354348145589578
0.24041925406840978,-0.08038196098575333,0.008729737148670027,-0.1805314304722804
0.23808194195987323,-0.10517208567719627,-0.0791319269952722,-0.18159052815559548
0.25717776804043097,-0.1361392317186634,-0.14221565422129173,-0.16090816607200448
0.2881085999861352,-0.15772932718851077,-0.16097104121317027,-0.12709079149279004
0.3109134522704598,-0.15734099273596533,-0.1268928452220348,-0.09015297330070404
0.3043651848145457,-0.129286301698459,-0.04618507261825814,-0.05875449064729645
0.2558679132576148,-0.07668611798776587,0.060796684229798344,-0.03838630500075287
0.16811200005030558,-0.010552578096625319,0.16450226058331097,-0.030759737814730376
0.05974078288136591,0.05380561577730553,0.23430867934478433,-0.03424711944785729
-0.04036475097212364,0.10196987030021608,0.24744940813475733,-0.044985563837639485
-0.10309194395521629,0.1254401160615614,0.19597285691641397,-0.05821822568769616
-0.10963797837637014,0.12466779921548356,0.08943526538859416,-0.06955027777593036
-0.05861271431840504,0.10885204268215679,-0.04767940649779119,-0.07593932358582549
0.032983401226187085,0.09238197589594507,-0.1831222089738296,-0.07633819638197234
0.13530678426977652,0.08907883037941207,-0.2863936699524778,-0.07193503006562602
0.21573498364870644,0.10632657903858267,-0.33754321003958826,-0.06592520453802438
0.24980891643050077,0.14138332218911853,-0.33238143279365784,-0.06276727278765233
0.22915208904833403,0.1814941930617257,-0.2824304815950932,-0.06696945535596807
0.16363702048514317,0.2080707185140355,-0.20974584232315022,-0.08162056562299021
0.07720518450410585,0.20363736763043408,-0.13853240316389084,-0.10705408125025023
-0.0009635576145107001,0.15906817576684906,-0.08660170068126916,-0.14011796491740305
-0.046635013791705274,0.07833129686093214,-0.05975129048273464,-0.1744346959306433
-0.04840909234118352,-0.021294238565160457,-0.051054781611148396,-0.2017613385994799
-0.010642369671427726,-0.1139867407541562,-0.04521258919280479,-0.2141724598614604
0.049363749138458285,-0.17373711146279835,-0.026198281595140347,-0.20643280502306713
0.10858197477287189,-0.18345549166345673,0.014839629638900313,-0.17775901497322755
0.14703650689868034,-0.14154350849251637,0.07459976464476759,-0.13229138941635302
0.15486902802082228,-0.06340327091259566,0.13767621466136615,-0.07799970572248106
0.1352048443020111,0.022912834690920907,0.18182132149179372,-0.024303682674248327
0.10197608700768067,0.08560990581889492,0.18656762994484558,0.02080775374858848
0.07373375977851279,0.09962308309621458,0.14195938488526216,0.05313032707054287
0.06589871153744313,0.055019452059570956,0.05395303123851817,0.073179654794812
0.08437586988141804,-0.039635644358191155,-0.05582880058718602,0.0853100819462862
0.12286171633088086,-0.16015106965234668,-0.1562499243322518,0.09530268364622886
0.164774486525116,-0.2748059700138774,-0.2167457575642254,0.10732464539467247
0.1890635029526338,-0.3547934431609761,-0.2177964964806593,0.1214649945379556
0.17780792927516642,-0.3833209122292959,-0.1579530801077662,0.1329018397920944
0.12294674620679513,-0.360209451303432,-0.054719250655778526,0.13318485464267094
0.029845336779927723,-0.30051486612565403,0.061225082386398656,0.11332111748104345
-0.08347491642853733,-0.22789242241203791,0.15653760333991978,0.06762707573572634
-0.1911589269376968,-0.16532472957786779,0.2067559626075082,-0.003064538368486961
-0.2668138778359346,-0.12672705206707716,0.20470378461872638,-0.0901180244018255
-0.2909837362319162,-0.11251729555804829,0.1626670715896789,-0.17838668696061155
-0.2565558739211603,-0.11066975187516896,0.10747887167565345,-0.24985547365706903
-0.17059404978481374,-0.1026691061685624,0.07023379025135078,-0.2885674832673106
-0.05223773032628684,-0.07194237775604134,0.07434058660447108,-0.2852821029033764
0.07252760503484745,-0.011456538097948428,0.1262707277205604,-0.24036001444100719
0.17759321069370598,0.07245637628693763,0.21242095576030268,-0.1639366240772771
0.24302190178193547,0.1615137987488626,0.3033118618986488,-0.07332848277666312
0.25928106390089206,0.2316118260595523,0.36369084913522653,0.011496793586255017
0.22849435384773237,0.2613884712671029,0.36496650514627227,0.0729757147875262
0.1626848434563936,0.24006992876927935,0.2955542045189578,0.10003108990178448
0.0797847295186512,0.17176159694408663,0.16546462441591778,0.09009491966096385
-0.0013089884390313983,0.0746878519142838,0.00353467134347057,0.04872175139212676
-0.0652479298131172,-0.024275691731603828,-0.15167888162531162,-0.01277799048899281
-0.103205276743062,-0.09779177158401658,-0.2641059057422948,-0.08070789886763541
-0.11373989859596143,-0.1261331911461909,-0.31121514705580516,-0.14223588884186827
-0.10161985801176401,-0.10249836165826938,-0.2901830453682673,-0.18766201564261292
-0.07522730749095292,-0.03405040713725864,-0.21728955906523933,-0.21135748831262574
-0.043495807195608464,0.06127576241165928,-0.1211013167899474,-0.21156874156512323
-0.013360758832030232,0.16074534160156587,-0.032154368610700035,-0.18962677997495253
0.01155781010978223,0.24336616491776522,0.02706825420568637,-0.1491401011894535
0.030785537429913447,0.29490149461748344,0.04840648960964172,-0.09550807995988804
0.04560478160498772,0.3100876653911301,0.03865481462841442,-0.03572093734328791
0.05712913428315777,0.2919530414526506,0.014838787409325527,0.021888467052296964
0.06469532233377552,0.2491398591352397,-0.003646634993241024,0.06834969247904252
0.06529049159491253,0.19261271535790242,-0.0028316116840191954,0.0954278436534095
0.05432648880335187,0.13298569500602916,0.02102882665193484,0.09749561769820661
0.0275297894523006,0.07908040700325063,0.061206528171944795,0.07335435049569691
-0.01677040279026563,0.03758626177446265,0.10447923518100877,0.027268469734460295
-0.07591360287543557,0.013192689772472196,0.13737442508782258,-0.0313930864520281
-0.14257716042912483,0.008512646673101523,0.15194606335135366,-0.09008533300256183
-0.20621409961987847,0.023493833553202784,0.148712478290114,-0.13618298591925052
-0.25596403099312165,0.05458224698940271,0.1356805207526716,-0.1603417667881243
-0.28411616300383746,0.0943333613067672,0.12405957570025823,-0.15902118574446658
-0.2888700111263509,0.13219959783847798,0.12264096358292736,-0.13526988271496565
-0.2752607679559825,0.15679608887533814,0.13333886567958902,-0.09743980779735452
-0.253694326611795,0.15923178546809227,0.14986784677010428,-0.05622527520485493
-0.2363946251659781,0.13642365200431675,0.16020026013119817,-0.02104456529630673
-0.2328983490123447,0.09303353086342023,0.15185526917482417,0.002949644978328346
-0.24621292223969854,0.04097412863284932,0.11786576659282196,0.01614836797981877
-0.2711614788599439,-0.0037374372727731198,0.06093315835682456,0.02358777066040173
-0.2957526915077658,-0.025949453045774836,-0.006055184440960093,0.0322205562436655
-0.3053414459598873,-0.016505055105195794,-0.06357034291296336,0.04740799007718697
-0.28826370867962764,0.0243708149882929,-0.09188819322757545,0.07000981413644525
-0.24094792629342274,0.08681524439351988,-0.07812739215499545,0.09526339731817317
-0.17051937475510953,0.1544754375607944,-0.021294576413605045,0.11400031978960967
-0.093675292874168,0.2100329450405416,0.06654747633989687,0.11587654821674115
-0.031890000286087246,0.2411064009080467,0.16347476410256537,0.09351055566853012
-0.004369777369391155,0.2443100657283154,0.24418534782273998,0.04602445064361083
-0.02111551070386078,0.22589382160098795,0.2875558202495067,-0.019377011692036067
-0.07859017692672567,0.1986902828360368,0.28274224413262755,-0.08851413904116177
-0.15972559847381157,0.1765489133794909,0.23189298776022552,-0.14383101636793105
-0.23856450543773663,0.16846433959456,0.14878754169826292,-0.16941340986199768
-0.28820751329178157,0.17477581647599436,0.05412550537929123,-0.15583235850438013
-0.28950134261306565,0.18702857565040812,-0.03075557795123432,-0.103237762097949
-0.2375280608504878,0.19163174353813703,-0.08960895423100955,-0.021678379297802308
-0.14360541519266531,0.17589002254651093,-0.11475583665961582,0.07148056499499908
-0.0319886274591572,0.13395698449621476,-0.10758232692285025,0.15624123293621794
0.06772926434205005,0.0701942073278271,-0.07642720994697778,0.21530673571434294
0.13002332369045908,-0.0016157232324826834,-0.033040375422584506,0.23845131703542188
0.14150225559404425,-0.063115149107594,0.010956497602959518,0.22467967194402097
0.10492556069346431,-0.09851226211135249,0.04649886690285945,0.18167791586520055
0.03784868286803684,-0.10121531916219555,0.06797589263210464,0.12292683903035896
-0.03358158221262677,-0.07720480640561882,0.07288596019543844,0.0635412550737726
-0.08350323556058631,-0.04354634660604593,0.06097580525434379,0.016199434032552484
-0.09482629860985249,-0.02230245187906213,0.03359068242974521,-0.011638510304572339
-0.06446676766015164,-0.03194699081414633,-0.006406363453263198,-0.018564969869335934
-0.0036544665008322107,-0.07949386040478713,-0.054303949170269365,-0.00815829907187666
0.06660911811283124,-0.15645651395422938,-0.10334079006595154,0.013321772934344625
0.12319118415244118,-0.24044737945856615,-0.1452203616282555,0.039489105484497
0.14880398795417438,-0.3021661031856878,-0.17160898173289882,0.06570287233559349
0.13755038705638978,-0.31547741467399737,-0.17634916433696637,0.0897036067561108
0.09624275719819998,-0.26702385686698094,-0.15763329021315697,0.11100577069812124
0.04126614448255021,-0.16185289193739852,-0.11919779396113521,0.12953623723801796
-0.007664048215760063,-0.0228804747630516,-0.06983912923807084,0.1442769084274008
-0.03447449509698736,0.11581064549511441,-0.021151847133995774,0.15262193723676662
-0.031935564557462985,0.21962411417184996,0.01589090196239739,0.15082706653466327
-0.003369527583074743,0.26440303074617605,0.03436065536550318,0.1354453266690384
0.03950006420328164,0.24390404280405203,0.03354459832208518,0.10519656207939075
0.08150955479362258,0.17124569971415954,0.019009137726717123,0.06247892149556315
0.1098273414904247,0.07392253106792555,0.0004671474572523531,0.013793275423054975
0.11837256956205974,-0.015762947239076695,-0.011806370589728452,-0.031297648987391104
0.1093553411787272,-0.07143526509738514,-0.010700158375907825,-0.0625327400204539
0.09157646139168342,-0.08082082495167675,0.00523836843529036,-0.07198629141145156
0.07635107102685289,-0.0486586196968569,0.03143808209089091,-0.05680451971339492
0.072750872215549,0.006403109953476994,0.05914399527447493,-0.020678459333976267
0.08400770377550112,0.0595235133848708,0.07869262738306267,0.02657685276885322
0.10637193163103474,0.08903399942236931,0.08292784731330032,0.07139033839618898
0.13071980274822598,0.0840506222091608,0.06946318253771785,0.10016648369462088
0.14615652383487862,0.047735825407514546,0.0410146812891487,0.1033090317228756
0.14416231220463346,-0.0046951108114271405,0.003840590186396461,0.07829644461680853
0.12171736861841105,-0.0522003262668588,-0.03491231640059134,0.030793197091769343
0.08232149931196378,-0.07589739782504422,-0.0697590602682717,-0.026653103846731117
0.034673953479031065,-0.0658615314184299,-0.09825590400984681,-0.07803763262867912
-0.01034732325164381,-0.02440260396550047,-0.12072971073596704,-0.10847219627409584
-0.04320114829950776,0.03510232291171997,-0.1386610974834714,-0.10853069988353826
-0.058417012479780636,0.09310569187636408,-0.15265439365600866,-0.07701539651997731
-0.0556819320584939,0.1305450753426571,-0.16112005584010972,-0.021255798323918332
-0.03910778065947146,0.1348426683226484,-0.1604587791269395,0.045181523135684874
-0.015190624689701919,0.10329237777276372,-0.1468122057416681,0.10666465481795268
0.00961403643004399,0.04299058237101024,-0.11865106029992294,0.15022211138101862
0.03076778317986837,-0.032239752029453575,-0.07896832212250467,0.16929882524579476
0.04640052875216531,-0.1065036256780854,-0.03587890873069303,0.16532560072918173
0.05689603549488835,-0.16630462470588442,-0.0010180747020337934,0.1466077270677146
0.06374976717473074,-0.20342597706959015,0.013946434097926626,0.12494247815177316
0.06836487517200247,-0.21563946798500858,0.0015012472520361507,0.11115542978620592
0.07135939280977212,-0.20556485514568576,-0.038452429261988184,0.11112801125725572
0.07261845020682209,-0.17861693863238481,-0.09767650254507719,0.12372855301505002
0.07191538155151798,-0.1410908620577395,-0.16160135157700248,0.14139711044251027
0.06963995860291164,-0.0990732098233212,-0.21372463942166878,0.15319060439429874
0.06713781150893958,-0.058255508622026386,-0.24089004138758735,0.14919774419655218
0.06638807965344923,-0.024184549289104195,-0.23750750016157818,0.12470635899678474
0.0691122633002112,-0.002269126987785214,-0.20710680811463944,0.0825511734420031
0.07573653265729043,0.0029370939284474886,-0.16060125934226213,0.03269022270791047
0.0847599554792876,-0.010842287544566814,-0.11190595105285692,-0.01095289149198641
0.09294101341074443,-0.042036456283251075,-0.0726048053428223,-0.03533344190182135
0.09635773063923819,-0.08436269821224057,-0.04776114795112144,-0.03310573210745926
0.09197878156271133,-0.12740116867586973,-0.03453711965372503,-0.005645904701004397
0.0790951963571568,-0.1588276101358198,-0.024176531486596143,0.03691230107338553
0.05994658423638338,-0.16781540267117956,-0.006543836540450018,0.0787801062286671
0.039159958303840836,-0.14852607473433743,0.024656729307574874,0.10377539167352356
0.022100130265001214,-0.1024048977444344,0.06819100478136687,0.1009503437497191
0.012713181752824529,-0.03830737307195363,0.11478309021277888,0.06859967133810924
0.011721303327322552,0.029786284092870385,0.15017702710957317,0.01518114667568188
0.01596601974855691,0.08682917136619607,0.1607037908767085,-0.0432619373619042
0.019299162089006266,0.12121066757543981,0.13919733344198693,-0.08835764254823893
0.014827705994235248,0.1281627075527311,0.08884238394964974,-0.10556196635624457
-0.00224220666414496,0.11088635657820806,0.02323731270929235,-0.08909329225854942
-0.032218876374205896,0.0790218064379087,-0.03762735115056612,-0.04393073552742482
-0.06996289719843653,0.04503684140467047,-0.07417710126446828,0.015818584651080783
-0.10584832114438458,0.019846752323509787,-0.07439725661854024,0.0716099301500241
-0.12846342918185108,0.00922611107877503,-0.03861732510781154,0.10657212971372504
-0.12821930690246064,0.012243893690772093,0.01997198402329206,0.11092541260029928
-0.10066438779067745,0.022183623156233897,0.07943563597948805,0.08486876060816526
-0.04835515453646676,0.029499261285803827,0.11649042634185527,0.03802436121971452
0.0194034844585104,0.025649304812726904,0.11457819550940448,-0.014242487936497034
0.08892222313246564,0.006399600729137358,0.0697200894670724,-0.05622255773130919
0.1458616697164358,-0.026540954455620002,-0.007963598818386491,-0.07702307057432607
0.17914917521673454,-0.06602180179002129,-0.09761625655286055,-0.07370202963269462
0.18384716189888517,-0.10177483023930418,-0.1746713599011902,-0.05140113694003061
0.16211559779377088,-0.12364364450500158,-0.21901668842750088,-0.02063764857287965
0.12206054078255758,-0.1245853382779038,-0.22140687812425242,0.0070556278734454836
0.0749520724576408,-0.10252508444448681,-0.18593559449361358,0.02341106693741007
0.03178994862785797,-0.060655247245899595,-0.12786224859162487,0.02602862934470625
0.00033565838436579924,-0.006347872740830672,-0.06778354490344897,0.01843377285773922
-0.016510647600853627,0.05073932570208805,-0.024409540162122302,0.00775809048874568
-0.020622970041387946,0.10067267947809486,-0.00858787714418524,0.0011357419809142051
-0.017077886233861615,0.13485712693699914,-0.020608467271926573,0.0023704791757097827
-0.011787225607486868,0.14707935556583987,-0.051486063436435255,0.010257562436610324
-0.009212809895919586,0.13410339829336995,-0.08739764973031315,0.019224557167397724
-0.010918759760188045,0.09605895786970405,-0.1153329458946736,0.02198182135026474
-0.015355674277145811,0.036755649459563895,-0.12770780233292361,0.013039644028862858
-0.018817596570757808,-0.03618882078842947,-0.12426852659753732,-0.00841324536151177
-0.017128814676240448,-0.11173636278712497,-0.11080785894216645,-0.037523549623418445
-0.007422194915128478,-0.17669153910720187,-0.09551927796107529,-0.06517061780868953
0.01059547688881264,-0.2179691234770072,-0.08471229497980982,-0.08126910433731274
0.034273706345899366,-0.22556769452285858,-0.07976037207428963,-0.0787108042947408
0.05861289434243634,-0.1955046497421171,-0.07653149669301293,-0.05638668666436817
0.07759708838791841,-0.13172409818265313,-0.06744669163128145,-0.020052916698843116
0.08584727208234735,-0.0461089130149882,-0.04519503682613365,0.01937947499372702
0.08012690525888358,0.043768036353069195,-0.006462976919860036,0.04955894200619665
0.06030926200117932,0.11877753059681141,0.045930128880808475,0.06105613294789852
0.02957768223392245,0.1631658101229638,0.10339765543707174,0.05075053355249742
-0.006178785801917021,0.16880265055913563,0.1543037766178006,0.02296802425493918
-0.03963482504637239,0.1373698098984684,0.1879203811623414,-0.01206626094119611
-0.06368767990416571,0.0797228023124479,0.19803126173769975,-0.04189287808783901
-0.07314691455652635,0.012575361619836852,0.18478282743167834,-0.05624873315007973
-0.06607431807990996,-0.04644535722131863,0.1541398313218416,-0.050639684514873926
-0.044438796692927184,-0.08377633181185741,0.11529881655351432,-0.027770201727449928
-0.01387052232677682,-0.09334353024647427,0.0772197573970744,0.003641998783362025
0.01751332821175083,-0.0774199862874062,0.04572667908249074,0.03216613449553341
0.04100912583118543,-0.044822631922848126,0.022296909171674952,0.04781018969454719
0.049532303504348084,-0.007276564032024388,0.004867746323075267,0.04548878656208886
0.039566123482080946,0.024641600056650816,-0.009907912090174458,0.026577786607004127
0.012292579809376957,0.04453507620612062,-0.02413795051796059,-0.0019220109850217847
-0.026485404125582653,0.051252772686541374,-0.0371471687084933,-0.03019046763142375
-0.06770655861435912,0.04787759003845178,-0.04566176092611128,-0.049237965982172914
-0.10139704177114078,0.03933644756441074,-0.04563318226152171,-0.05402304428658053
-0.11937479700352929,0.029804352703904777,-0.03481243780971223,-0.044935898070186005
-0.1175343596105434,0.021035074552932163,-0.01478461545602903,-0.02721709316869785
-0.0970185823943189,0.012239496560641421,0.00863984480476727,-0.00867405261066933
-0.06389782266640846,0.001385334471574257,0.027073675911294094,0.0033347996240544616
-0.027430089298603317,-0.012862005108912613,0.03270955882327197,0.00447746687984423
0.002578608921854955,-0.029614814514337832,0.02171011102989219,-0.005325993587853721
0.01850781491814266,-0.045495313901159726,-0.0036639384318544756,-0.022355957049118406
0.01691892271680037,-0.055853309778061556,-0.0352551228268157,-0.04088289243903861
-0.0007677269755627713,-0.056963898557545606,-0.06168473227087428,-0.05547164952775454
-0.029057335795200236,-0.04817528156114795,-0.07259907587328643,-0.06285800440413858
-0.06029194510446374,-0.03290836371340759,-0.0628511664173713,-0.06271834999341752
-0.08700544613223303,-0.017850293343649844,-0.03489292132344657,-0.05716616298697595
-0.10393858026965011,-0.010463360090410639,0.0017231172869091034,-0.04934507801567951
-0.10910465866819972,-0.01572149255930539,0.03371938368776733,-0.04182648409666775
-0.10367276190496671,-0.03343957157301662,0.04916390231956946,-0.03553297731682055
-0.09086738317344144,-0.057453345155970344,0.04230462176073804,-0.029613641399512624
-0.07441076527164937,-0.07724510882661959,0.016229148305526516,-0.02223777326927876
-0.05714133722318736,-0.08163431450530545,-0.01782076765976194,-0.011857424098430878
-0.04030211785869521,-0.06325130100105164,-0.04438610149447747,0.0017047129523386647
-0.02367620245501639,-0.02206658037950388,-0.049608330884793425,0.016880702998988018
-0.006387537520868513,0.03352825623208667,-0.026771902093611386,0.030887207673292776
0.01207092491705619,0.08874661479421436,0.020558741267479953,0.0409213077031641
0.031076240576769904,0.1270336024991371,0.07909082463669577,0.045465486896380865
0.0487221856486409,0.13574779305624374,0.1299705820370902,0.045079707883735776
0.06232538134104195,0.11085466019527662,0.15514074175945491,0.04227594939957702
0.06934761659228665,0.05885088820102237,0.14363002919832732,0.040476043480598765
0.06831642732292874,-0.0049093117104469725,0.09552212450898204,0.04246981300244616
0.05934226878349206,-0.061015652490864235,0.02219226014598667,0.04903413282991386
0.044024388321916304,-0.09230082116247372,-0.05724613297341558,0.05833456792636882
0.024818264807814253,-0.0894302056762271,-0.12198819177191089,0.06642050508040989
0.004177890890125481,-0.05381006741768983,-0.15593236961231807,0.0686700299870895
-0.016122111895469197,0.0031912638585344095,-0.15223660829359026,0.06163333503671709
-0.035178243792129874,0.06437546208639223,-0.11460404245231946,0.044536791171152786
-0.05260262578138893,0.11265793917671975,-0.05510339728749304,0.01982638483279778
-0.06783947552321413,0.1366587380420265,0.010435870165238422,-0.007495251860125203
-0.07955761407986099,0.13396715747827165,0.06764308885104194,-0.031502620610978416
-0.085520111549834,0.1110281718880871,0.1075850043608106,-0.04732744270555817
-0.083130382955454,0.07988843527769304,0.12829577743907022,-0.052724753503026224
-0.07053224474455767,0.05319909988445247,0.1336909686027915,-0.04863777239988569
-0.04783824509714492,0.03946156985959044,0.13069572978819347,-0.03858367399192664
-0.017916761483996294,0.04030903227839697,0.12598277666899946,-0.027157479212639522
0.013734622209988882,0.05073757869159731,0.12365995777862018,-0.01829493972015652
0.04018125138903264,0.06199815323366431,0.12464851393761985,-0.014006284259825665
0.0550316999752472,0.06581610176640446,0.12765019898013175,-0.0140648781525611
0.054562501623429245,0.058128101454075994,0.13089733748532567,-0.01670793736245572
0.03919911613541473,0.04079280424761171,0.1336151594088752,-0.019963894097015284
0.013722552772122741,0.02061786055152069,0.13639221025077883,-0.022952514242658036
-0.014006230252397325,0.006181903936274985,0.14030232241937177,-0.026524935506063618
-0.03547083976819025,0.0038501190173137966,0.1453311452702032,-0.03291335495121199
-0.0442836609602146,0.014713319896205465,0.14908799921016572,-0.04451502810072362
-0.03835290133941711,0.033791992942603204,0.14671691699757283,-0.06234620624732642
-0.020624900848116044,0.05190044743621228,0.13237403898178143,-0.0848879042228659
0.0019245494918533068,0.05945017782201055,0.10185177375859382,-0.1079190760055478
0.020749960313036758,0.050642597014534795,0.055265253027800526,-0.12553789621322092
0.02880567450276049,0.026300414665266978,-0.001501368956003415,-0.1320682868101079
0.023133559727015685,-0.0058984047327250945,-0.05752156852760576,-0.12414724008573946
0.006021194765252212,-0.03399155783439295,-0.09981661461020006,-0.10216270734922395
-0.015720935865092905,-0.046183311007354656,-0.1177182918677107,-0.07042512115420164
-0.03314131906727908,-0.03546919553452957,-0.1070104161652563,-0.03593176446885467
-0.038360661406645936,-0.0026151764074903365,-0.07215798179206112,-0.006135026675302467
-0.027474636481911306,0.04372044761257952,-0.025531722890623422,0.013469940185048225
-0.0021007497985849975,0.0898398992597324,0.016365009101492273,0.0210332940921899
0.031000244015299487,0.12179821724684826,0.038477050135973453,0.018677892045815696
0.062113878461287526,0.13034119009160217,0.032603601992276,0.011354057703219612
0.08181356515211333,0.1141294835702687,0.0005871302571135862,0.004683470248520186
0.08412367225358468,0.08004319317493673,-0.04602324402300507,0.0026477995516540746
0.06850709824813692,0.04047860224881774,-0.08986497733331042,0.00603325209798845
0.04000311627368658,0.008694307855185632,-0.11390062374650442,0.012235999158773688
0.007496235190771839,-0.006007544473880687,-0.10760209881760072,0.01648747039400997
-0.019254384368682667,-0.001446278196692813,-0.07090426903066546,0.01399120353232218
-0.032783965886846594,0.017076725098966,-0.014435577042562854,0.002101320273319205
-0.030214276872259208,0.03927180205579937,0.04410510336034576,-0.018339402455929375
-0.013936267358000973,0.054159142681902236,0.0861289615521954,-0.043043654483438394
0.009465460748229404,0.05444966014976845,0.0986486675564627,-0.06569394644595315
0.0315869479680443,0.03929791354512986,0.0787248211212699,-0.08017167534924861
0.04500302784985413,0.014393669182670174,0.03428415838720016,-0.08272960294466235
0.045528537409500434,-0.010574176325419656,-0.018916069471551056,-0.07327196065768793
0.03323667052341673,-0.026015007799168002,-0.06298037606179625,-0.05527348433580395
0.01201161488447799,-0.02643460767659844,-0.08407948022979095,-0.034413943749584945
-0.012064642996527708,-0.012742244299377778,-0.07690188361951657,-0.016505019937056765
-0.0328197922888996,0.008031914964886545,-0.0458218729497974,-0.005540651541976621
-0.04582321336488595,0.025473632397977765,-0.002540586836819949,-0.0026131556820718532
-0.049360917648137236,0.02987701208418295,0.03871170123583695,-0.00605081402650652
-0.044351724442520814,0.016077897158990523,0.06646194173112849,-0.01261519903794986
-0.03341554194083383,-0.014461221793570792,0.07574414031311091,-0.019166303418961344
-0.019590640788312387,-0.054099617342296125,0.06900032759840695,-0.02403833201732704
-0.005258050507157822,-0.09178841681851532,0.054012340896211944,-0.027532663149106334
0.008335754819891829,-0.11705863708430873,0.03992650793932813,-0.03135114339918784
0.02087523312094588,-0.12368231011918021,0.03313589576560378,-0.03727989385965487
0.03232148189415269,-0.11163340249638987,0.03474304387970425,-0.045779349430785175
0.04222449121740693,-0.08667655420169942,0.04058254066328934,-0.05518922257692915
0.049408326216546554,-0.05785337373538367,0.04366281767918361,-0.06199159044278379
0.05224001398613755,-0.03394113958884619,0.03786072361066183,-0.06210259583973621
0.04940178825670278,-0.02031366137264078,0.021192574391803224,-0.05268574576432694
0.04082666279041937,-0.017411213041428116,-0.0028066895087933445,-0.03370609126149622
0.02834133489625355,-0.021330796719316685,-0.026236125498861815,-0.00850079025862663
0.015640645126338896,-0.02617013271559544,-0.04005666518816874,0.016983899099918483
0.007466532218108703,-0.027055399248190677,-0.03803386730676552,0.03609372157627644
0.008185328233022749,-0.022533159732347544,-0.019702063168194978,0.04381822951367114
0.020223706775076126,-0.015303013421544198,0.008965120630604135,0.038676524764931275
0.042928140168139534,-0.010980365728983433,0.037556369561786575,0.023359357721368396
0.07230845619514026,-0.015413661742254994,0.055164680719657744,0.0038140434629673724
0.10184458481214388,-0.031697185631872266,0.05471145968854022,-0.0129314407178115
0.12417495860665216,-0.058169706447656275,0.035895007348688245,-0.021396832174791637
0.13317342667668014,-0.08831076281196124,0.005522536070636495,-0.01971816780721408
0.12577024380760923,-0.11269145289123093,-0.024984109282436717,-0.010338511605647908
0.10293628871838265,-0.12230584221072566,-0.04398561040233477,0.00097375936819239
0.06950747871829147,-0.11203238925066877,-0.04422214126080304,0.007423475268390389
0.03289110482749616,-0.08288112344587738,-0.025796977452942023,0.003927894252833024
0.0010453410474811232,-0.04211096716181219,0.0036577853742592943,-0.010762252560624786
-0.01965689328471145,-0.0010886040343124955,0.03174793239261577,-0.033388313026019585
-0.02604648479983274,0.028395763197607227,0.04598816427989463,-0.057228731433269356
-0.018802823920456267,0.038060437619073774,0.03860334498356168,-0.07447318830294056
-0.0019809010691014166,0.025917654668017827,0.009627897077608834,-0.07902504539760621
0.018379172877208014,-0.0030679702986004726,-0.03287883853011591,-0.06867319013474085
0.03609446203347426,-0.038662379550617985,-0.07558313563143641,-0.045828215612817254
0.04655885207523591,-0.06877162291704118,-0.10455462466884859,-0.016579995297922194
0.047839248318339696,-0.08337519962922446,-0.11012381109161888,0.01152040455851195
0.04087049369514162,-0.07763895650322755,-0.09013968544434113,0.032076796099302377
0.0287659018229335,-0.05320220091721291,-0.05048917707900006,0.04186397546896325
0.015531587751039194,-0.017309342343723458,-0.002791998969479183,0.04151948418538845
0.004638196175834201,0.019790552562527527,0.03976807500201582,0.034735724050824354
-0.0020820247761028743,0.0481956373237738,0.06687135590570734,0.02637553564810603
-0.004877944539751241,0.061297776696396175,0.07413684394401773,0.02034087465291234
-0.005759039208585149,0.05740610851946491,0.06383141032686042,0.01808028012371827
-0.007562424722939884,0.039665670755751364,0.043152731802803636,0.01831342998158619
-0.012753552638463431,0.014503494048870542,0.020941644579010307,0.018015740157087026
-0.022383919773071272,-0.010699355829052582,0.004208551478477355,0.014169053797665792
-0.03556683624898874,-0.029844996590070758,-0.0041836840371955375,0.005469068918115402
-0.049652926179885724,-0.03955957353166948,-0.00590058388075472,-0.006785699183913523
-0.06104953219937881,-0.03951871513150166,-0.005629971212663839,-0.019033753920427866
-0.06640961436669483,-0.03178047198593475,-0.008487569801921264,-0.026890560404874236
-0.06378735019146911,-0.019573108413921257,-0.01750720521236777,-0.02707516000862404
-0.05336246361325617,-0.006086236388808826,-0.03226027910202545,-0.018984649278680064
-0.037473841730705185,0.006313384419424428,-0.04910186778803736,-0.005208282349011348
-0.019931956642720072,0.016288644677271626,-0.062824559910047,0.009292583180324266
-0.004824613698209297,0.02328571045727096,-0.06892219459821736,0.019053352305396214
0.004790527242676491,0.02712504183517839,-0.06545730271510884,0.0202871624739202
0.007863180396597875,0.027719881821725235,-0.05375531943377393,0.01248723543099899
0.005654304890798004,0.025069388567012022,-0.03769574304745951,-0.0012285496444425044
0.0012452596768869843,0.01947492882762898,-0.021986996392094074,-0.015214758129668212
-0.0015979627508685382,0.011778416302601603,-0.010230806400274682,-0.02344119845240615
0.00017284075936968059,0.003394677726072922,-0.0036317035732775903,-0.02185625297475987
0.007701990856029208,-0.0039841000433057695,-0.0008810222896814112,-0.010042619001336859
0.019683029413095555,-0.008950187972417591,0.0008016697113309823,0.008495290733223934
0.03266412999811744,-0.010978973173996891,0.004006936665580869,0.027540798608567382
0.042128113024034,-0.010769984252848247,0.009656190192722347,0.04041497106122237
0.043997266631386735,-0.01011309912661695,0.016405879084954514,0.04240666535912478
0.0360562932043613,-0.011255633026508761,0.02121915177934695,0.03245825771843676
0.018803504521892143,-0.01597229509947839,0.020845538097371136,0.013481763978552852
-0.0045710322034151025,-0.024698019822411106,0.0135228970043721,-0.008780752304357733
-0.029084779969498577,-0.03609736155932294,9.754263621964196e-05,-0.02787652610701685
-0.049442233508346,-0.04729757835331025,-0.01599694972271803,-0.03890341135281462
-0.06159827737432806,-0.05475882167668809,-0.029959090666535404,-0.04005287344158283
-0.06388397917963465,-0.055495245989928874,-0.037552388891091935,-0.03289137113663588
-0.05733174123951878,-0.04820292538604343,-0.036925911008924145,-0.021357144084054248
-0.045121277508830375,-0.03386292915841021,-0.02951000063319818,-0.00995798160381974
-0.03137532774520227,-0.015571199252837575,-0.01954543137839215,-0.0019474886727032757
-0.019752901956174542,0.0023680960080330743,-0.01237997016207806,0.001778757113174543
-0.012339906393559938,0.015773352933400958,-0.012203281661577893,0.0026643021897724936
-0.009206375654603444,0.021869849424861705,-0.020157700965491715,0.003438893043014671
-0.008738517169208369,0.020077705437012427,-0.03363829892977697,0.006555880139905107
-0.008562725180514083,0.012043677721111841,-0.04712455931885496,0.01284305366640299
-0.0066676583366712915,0.0009401469012049198,-0.0542592104596404,0.020973848635635534
-0.002277034495337774,-0.009680486749264857,-0.050367181705630516,0.027990534456571726
0.0038541917508415386,-0.01704265102537998,-0.034408952044823395,0.0306408860664216
0.00980548691448517,-0.01990814576028979,-0.009574495424112886,0.026927511225354753
0.01333696984388923,-0.018711537340512657,0.017736978463708676,0.017169538839125132
0.01284945706440855,-0.01509536279916085,0.04016034929197016,0.0040820746265274
0.008058486030177772,-0.011094862256426676,0.05195236548651163,-0.008198179284315878
0.00011150875880581106,-0.008330262552030778,0.05091642745072732,-0.015753137356182348
-0.008886644082539419,-0.0075206507631484,0.03893810389153266,-0.016502154209856488
-0.016729545405703334,-0.008465454260545676,0.02097750097901806,-0.01110336613860885
-0.021980935876979,-0.010425469602185145,0.002989036287071504,-0.002730544631298881
-0.024495369145149225,-0.012668491254128932,-0.010343615651860774,0.004213216667509067
-0.025371293168714903,-0.014893657512429343,-0.01713032816274491,0.005931972063333209
-0.026360425351507292,-0.017329765548490455,-0.01847732827998297,0.0008666514705443968
-0.02898770984778273,-0.020474300368259812,-0.017377017044724007,-0.009568955407064456
-0.033761166649183494,-0.024621768612537332,-0.016860065189125657,-0.02147377415412042
-0.03981810980347416,-0.029439265794514176,-0.018293116502667267,-0.029991955921500345
-0.0451758283340856,-0.03383435711694107,-0.020621702378038863,-0.03127971958877663
-0.04750323853185085,-0.03623014416608163,-0.02091937619908257,-0.02410370485978406
-0.04510836825082907,-0.03517185642867504,-0.016001167806630617,-0.010407808380102565
-0.0377367248315569,-0.030022958819452494,-0.004355834937132162,0.005398725374712985
-0.026840576969568857,-0.021442083400241486,0.01252885903021318,0.01815646851773444
-0.015184944497504842,-0.011398785177595351,0.030142938098889367,0.02398413662016453
-0.005920874271648559,-0.002663039997893076,0.042375671163964644,0.021795737472334882
-0.0014736660945586,0.0020805069608344808,0.043881010440988695,0.013686085913557404
-0.0026746316515456597,0.0011769570179822305,0.032429431480449036,0.004024776379000513
-0.008475575922596443,-0.005356462470293793,0.010223896112922213,-0.002372132726046956
-0.016359876781873315,-0.01575108387262668,-0.016470063656004445,-0.002243350870381101
-0.023292201140596158,-0.027024358230993112,-0.03936068198778735,0.004766374433884215
-0.026839030828839195,-0.03595396647208839,-0.05111713065065952,0.015962683805244012
-0.026028104393247594,-0.04013971552515508,-0.04816024144927225,0.026727155332052725
-0.021621892388494508,-0.038768795650898594,-0.03213246036533764,0.03244941009181681
-0.01571484437223261,-0.032811637195118815,-0.00940754670274115,0.030467599277580144
-0.010831797251835917,-0.024590765063551297,0.01123647383890447,0.021211467682765946
-0.008898256777496621,-0.016899314935777187,0.021919887675669283,0.008067612385633246
-0.010495545540108052,-0.012008217609161962,0.01866676853623374,-0.003987285541436924
-0.014689860398076099,-0.01093004000372351,0.0029304491981672802,-0.010428552571094749
-0.019486207809510856,-0.01319514367180726,-0.018978438177354534,-0.009059620236593725
-0.022703797959738595,-0.017189854446576527,-0.038356623713221696,-0.0009416669746010573
-0.022902210052375048,-0.020889905479815264,-0.047508714240508815,0.010019775779414536
-0.019974398677515947,-0.022680344018660186,-0.042747846112445295,0.018676637513478336
-0.015166785147773403,-0.021938138489681923,-0.025811528685847778,0.02078117231156164
-0.010527272655283585,-0.01916654626384362,-0.003132607879241329,0.014791579483266504
-0.00801914419193373,-0.015660822442575956,0.01674280775474691,0.0025902629626978952
-0.008674917771731813,-0.01287389224636946,0.026560038382979465,-0.011197632946725855
-0.012144217837196006,-0.011762581462782785,0.023224303586578295,-0.02102736887898886
-0.01682321543873236,-0.012388113430047847,0.008989047690036294,-0.022670946065467382
-0.020510181293837623,-0.01392651038158599,-0.009506552232370243,-0.014960976377884665
-0.021313266346360184,-0.01506761671948913,-0.023959615291350263,-0.00032722912410419893
-0.018433031962231436,-0.014619999426538664,-0.027789181288284913,0.016105410606072637
-0.012495705592735424,-0.012058412497202095,-0.018825052777135063,0.0285075450470246
-0.005300613969005916,-0.007781154491961204,-0.00022102770175466625,0.0326313734184862
0.0009116380657129344,-0.002970541351260385,0.020772749338229243,0.027475273051810124
0.004365926365863518,0.0008833966592361374,0.035685550689747665,0.015656615549961863
0.004459285517096141,0.00259729909565272,0.038199475311984234,0.002341358291458788
0.001977430202530849,0.001793690005934852,0.026675666555821088,-0.006839828094188153
-0.001264449084089044,-0.0009187504578609592,0.00483298468079019,-0.008050771440641993
-0.0032035799476742813,-0.004156791486656272,-0.019679370061352484,-0.0007761994148369196
-0.002407577351253918,-0.006281647436144313,-0.03823482533860277,0.011996110669689955
0.0013151390307924594,-0.00602059848940614,-0.04452842549651632,0.025005689599222003
0.006822193569977667,-0.002950063209738257,-0.03692058702345076,0.032860877279467945
0.012094725028567802,0.0023419506517772283,-0.018923346778473776,0.03222449218276109
0.015050810662153115,0.00846820202152277,0.002320247571545066,0.023162433427347914
0.014375479596693266,0.013739669609961104,0.018913306688469658,0.00911570524709888
0.010026099086882725,0.016755149842971252,0.02526418361179472,-0.004485512990567565
0.003212269104842611,0.016865299521501446,0.020110196568617705,-0.01239932010080968
-0.004128283385763544,0.014352204985951796,0.0067364455612586235,-0.011658761898209637
-0.010126143016992958,0.010279998159297112,-0.008631786366635768,-0.0027280623213664797
-0.013707713261113263,0.00609444581327492,-0.01954512949308695,0.01072939633621021
-0.014948894899304958,0.0031325308809808236,-0.02200645810236083,0.023364862277113627
-0.0149157102361722,0.002218671896827832,-0.016007608875312086,0.030316319974274673
-0.015076119910175653,0.003473054467302557,-0.005325202498107402,0.029154951436914628
-0.01655260533956736,0.00636635504408031,0.004289570286471257,0.020821637600220183
-0.019552686521077417,0.009963686012056203,0.007725620973173269,0.009185785338107936
-0.023235156398793623,0.013244267709741952,0.0028064853404584636,-0.000579249098467416
-0.026077213704883598,0.015379099351424159,-0.008710149472282123,-0.004131820524994627
-0.026584606253902975,0.015890226701545374,-0.02184780360153948,0.0002642736163354059
-0.02403002212692853,0.014677436757622713,-0.030535649812567303,0.011045226354247137
-0.01888358001820359,0.01195125803248914,-0.030242826515625234,0.024003315529680807
-0.012725229577977788,0.008133384649595718,-0.02000810660539567,0.03401336868511159
-0.007650675007732742,0.003772785289067336,-0.0030008294387215417,0.037116954842556775
-0.005406242592693896,-0.0005089539186373783,0.014640640956155913,0.0321135909568324
-0.006617153912071102,-0.004063322467379267,0.026230588942019385,0.021017847929887302
-0.010449548682575738,-0.006284619799600149,0.02723040028504709,0.008209690856393087
-0.014875036039675058,-0.006720985349283047,0.017111130001729317,-0.0013608477483570331
-0.01745633555893406,-0.005208698584711328,-0.0003825891953172318,-0.004172832465242626
-0.016347786794428196,-0.0019775467763291994,-0.018681284241710068,0.0004783252184322892
-0.01110124983339847,0.0023363198053410732,-0.030967651927548245,0.010261442821791717
-0.0029334873713178786,0.006810866285178098,-0.03284029608131786,0.020829996622291756
0.005677055420344635,0.010481605229319787,-0.023992778364713814,0.027646779965778308
0.011922623040387091,0.012639245279897073,-0.008243598097285715,0.02785376143397148
0.013763455766202332,0.013074991624916495,0.008073038362191169,0.021419467476394383
0.010747771185881135,0.012170816377311438,0.018682260594503956,0.011102542538445496
0.004214691352926809,0.01078157576494005,0.019854306597198723,0.001262461723024835
-0.0032149010445651593,0.009934438785752672,0.011799147261720497,-0.003977416321735626
-0.008665791450952736,0.010447334930183709,-0.0015707053692275035,-0.0024479270097847116
-0.010145669021266736,0.012608913389954065,-0.01437470307299736,0.005176207522751452
-0.007332790710513615,0.01604757837126916,-0.02125216218406266,0.01567562158835788
-0.0016911697599268868,0.019848887523190223,-0.019565357701196495,0.024640471552130328
0.004139057818081028,0.022884301213937898,-0.010417066807196689,0.028310458343105832
0.0074330753343825485,0.024228583021185194,0.0019117783330185301,0.025135066289061363
0.006512409767698152,0.023504124271764428,0.011837642759429971,0.01640957098852577
0.0014531391518903408,0.021016080692115125,0.01485641710942293,0.005728989981529916
-0.005922035421553026,0.017624022478116372,0.009428295102378097,-0.002507281691459898
-0.012770334420482211,0.014401548580506646,-0.0024146573691634535,-0.00491618973957978
-0.01638218382257281,0.012221760452714534,-0.01597282695739724,-0.0005222407645370568
-0.015292275134278995,0.011437313069815139,-0.025893374374764928,0.008853689590092232
-0.009893270141583267,0.011785060378589094,-0.02843195874626741,0.019363108785861706
-0.002297534730945004,0.012552026855583995,-0.023005171786451444,0.026731748119847437
0.004501525428649585,0.012929737709185665,-0.012385484415628664,0.028027125202696263
0.007830122509445661,0.012403672246937485,-0.0014689300278887174,0.022859341705382816
0.006408746032654137,0.01100812793396532,0.004850650433159423,0.013520844176776951
0.0008626486610945928,0.009332236201470348,0.003791991468515151,0.004012497319539273
-0.006540327086996489,0.008268185732483583,-0.004117177997696677,-0.0016351942067969099
-0.012817154520749947,0.008604277082689574,-0.015266602942201744,-0.001046479356105914
-0.015482294531587166,0.010636042173711236,-0.024517739675614582,0.005508746307884573
-0.013548793219140532,0.013967323906044563,-0.027426981358501766,0.015227160529110873
-0.007908340729571922,0.017598566829433372,-0.022193241738438188,0.023938830028473523
-0.0009369652813375768,0.02028111929777302,-0.010497826359291832,0.027843374377851733
0.004507358135686582,0.0210027425115885,0.0031312422865127074,0.025095422752976222
0.006277747334066062,0.01940859327077232,0.013176829173404849,0.016582895454492257
0.0038260569965596967,0.01598067831528987,0.015440737075465925,0.005576482154326301
-0.001583897733082339,0.011891595883777613,0.008834388103215168,-0.0036043449290812
-0.007425920778225353,0.008578797911414872,-0.004106687765423964,-0.007357626842747528
-0.01099390194097534,0.007200755781398946,-0.018214779201195408,-0.004269120326671515
-0.010563491299089426,0.008188626366440023,-0.027790094792200893,0.004318152229481367
-0.006143728533802016,0.01107360514424015,-0.028944773139227015,0.014866654352745342
0.0005020090701224694,0.01466316141448701,-0.02121836700966343,0.023103740108688132
0.006582394853734597,0.017501106719618263,-0.007788864304080657,0.02577351846768541
0.009454848391456553,0.01843259877725447,0.005817261779462998,0.021958931290282223
0.007762844931277398,0.017052062157190778,0.013990132995603971,0.013432072063318642
0.0020540052817786462,0.013857605907212679,0.01334422978948316,0.0038939013365311757
-0.005390471896630261,0.010051928642730145,0.004115234202838265,-0.0025767025264841125
-0.011458941868826369,0.007070205691582018,-0.009933402886910036,-0.0032197721403500164
-0.01348236566118326,0.00602344112761961,-0.023058152106226814,0.002265115884265272
-0.010354706724835063,0.007277769595576145,-0.029899585190110264,0.011603550902858101
-0.003032944320343923,0.010333589377505914,-0.02768672733663147,0.020899625218211426
0.005801547443154076,0.014046548422150269,-0.017370693088041903,0.026259032329738037
0.012795370888912501,0.017095019187881758,-0.0032194966354133327,0.025407406308675606
0.015268339742645517,0.01850153601545242,0.008957115922114109,0.018633603719443184
0.01230458840049941,0.017997726993158013,0.01421671964536145,0.008669075679376899
0.005140207748148945,0.016089957635530422,0.010528709818829739,-0.00044408407135607656
-0.003318494434691237,0.013807615420120328,-0.00039274618468612346,-0.00502542087284267
-0.009657639365555859,0.012246044608744271,-0.013811714520812235,-0.003275331760778817
-0.01133066110088381,0.012098226431637823,-0.02394846104686604,0.003987137995727046
-0.00768649472906867,0.01337025034651355,-0.02639077843128036,0.013671406787332682
-0.00023032131771533055,0.015395996542031519,-0.019937230241205084,0.02170122894724029
0.007992390495073446,0.017140018801965716,-0.007106459897941133,0.02470504199472377
0.013639780099905801,0.017657184522131213,0.006899884240059727,0.021410283016256325
0.014438776612657066,0.016513086275509774,0.01635132657159011,0.01316513851689026
0.010113547302703745,0.013986954696484737,0.017366696720390568,0.00337346367565327
0.00249642362351334,0.010970857088987193,0.009529548608542503,-0.0039211563034048475
-0.005225405886686549,0.008606639821842161,-0.0039300613985531205,-0.005714444778133529
-0.009819769244183152,0.0078120619535760015,-0.017464198853456386,-0.0012878250583749252
-0.009339101928064975,0.008894162556376326,-0.025496602251804917,0.00749352059487698
-0.0039235455557855015,0.011411910330376123,-0.024725088102976096,0.016953441889871128
0.004253583578149502,0.014346768103979559,-0.015483131578401298,0.023127652218295495
0.011877271737894428,0.016512064519781548,-0.0015967206426066771,0.023405734986123566
0.015854232090953845,0.017033051212199123,0.01120384115370428,0.017612714921430198
0.014588150763581213,0.015700213145570092,0.017658684512946037,0.008082970579768487
0.008641457534853873,0.013050764659143883,0.015155407874450518,-0.0013036558454104811
0.0005094863150384779,0.01014542596239532,0.004806469910858353,-0.006724571646003364
-0.006402351404983407,0.008132998380111023,-0.009018720671647511,-0.005993218365580589
-0.009179257619752404,0.007782106733865147,-0.02051176722168017,0.0005384193872859289
-0.00659964718900437,0.00917208168736089,-0.024838319746955242,0.010125969667178734
0.0003563411532609055,0.011668473857780458,-0.02014478803219217,0.018766359936685094
0.00890388671644973,0.014190958960076721,-0.008326378218874188,0.022850099639165657
0.015595055278528006,0.015661237005589593,0.005761622010562407,0.02064956203769039
0.01773664319683839,0.015445477451550534,0.01632128882022921,0.013029148590278563
0.01450089219587938,0.013609685996948116,0.019020393288213644,0.003085190270418827
0.007270615885846382,0.010884915335806149,0.012791740137516197,-0.005134394173242614
-0.0009254674506809118,0.008359549502795344,0.0002765864560531787,-0.008301041759879623
-0.006656826686023838,0.0070280252022574055,-0.013271864115395368,-0.005177015364973963
-0.00750361206774773,0.007383158681401025,-0.022169638376418173,0.0028780169316831995
-0.00305577556457461,0.009219379104649202,-0.02266231011997605,0.012472864352931847
0.004914043878171084,0.01172554799647888,-0.014484515573376669,0.019587787948060032
0.013177124141494283,0.013825888847692402,-0.0009710880757959241,0.02123414419546938
0.01837728113990881,0.014625751977591944,0.0123265610213464,0.01668537725591185
0.01841500498763715,0.013777325482099438,0.019944659829802962,0.007772183820044931
0.013316329395469303,0.0116155268785438,0.01877546013303483,-0.0018781696275208203
0.005226762599856573,0.009010851393627763,0.00935805111150213,-0.00834241134358715
-0.0024693363772326092,0.00700336849472522,-0.004344500572191422,-0.009020981541492683
