ch0,ch1,ch2,ch3
0.0021847848100407,-0.006545395154135775,-0.008249081402341407,0.003274247973544809
0.005629372477802206,-0.007688833998752881,-0.003979480709305419,0.005521256499692389
0.006442135520499737,-0.008630480185633062,0.0016955839416752706,0.004025697468353694
0.004269399111202458,-0.008943245469968207,0.006418593314371251,-0.0005841210928089207
-4.445665843373193e-06,-0.008468792028314348,0.008224609224495812,-0.00638967848708183
-0.004615010182478514,-0.007377250030897806,0.006351277143541493,-0.010973718699456729
-0.007644476458352938,-0.0060890591777740515,0.0015534087880432557,-0.01241911708546521
-0.007817687433504075,-0.005094484855480257,-0.004207666253683663,-0.010102233452674544
-0.00503745447468563,-0.004748384659210328,-0.00857219786176125,-0.0049524363041692715
-0.00043445966896323924,-0.0051265315178036005,-0.009754769318340102,0.0009300726200261026
0.004092951287323127,-0.006002182648018372,-0.00728094870777532,0.0051407759937393315
0.006661943781180319,-0.006949884839664779,-0.0021841779744779595,0.0059639777140618215
0.006188383884431515,-0.007529906157880531,0.0034185538024417233,0.00308221774195244
0.0028444098620099318,-0.007473777580142065,0.007197879095189367,-0.0022914117082845666
-0.002002570071111093,-0.006792694734109742,0.0075715812321619875,-0.007913145938265202
-0.0063484059393363835,-0.005764791637481026,0.004357434922476287,-0.011434563734349553
-0.008380181452430517,-0.004809454769616806,-0.0011496381192671898,-0.011372567653335912
-0.0072316380089045736,-0.004304488728780528,-0.006708282862211015,-0.007722882117030638
-0.003351380458468919,-0.0044249700669027475,-0.010051361800433435,-0.0019637510161305983
0.0016724117082878782,-0.005071726475878323,-0.009818115291957264,0.0035517448080493513
0.00576237112985468,-0.005917826671824774,-0.006114565161781244,0.006563997832475078
0.007210951165619892,-0.006550640311424155,-0.00047169123564658926,0.005836372475438952
0.0053926791905535764,-0.006646815593139441,0.004781535861046423,0.0016627807406094743
0.001032418750323309,-0.006104909523273978,0.007472708230521973,-0.00425528641421695
-0.004085386428975191,-0.005080282402943156,0.006476052013430853,-0.009510454742669663
-0.007849997432740634,-0.0039101107946704515,0.002172651087648714,-0.011979368616750563
-0.008698760776585816,-0.0029639593141478596,-0.003707707528453212,-0.010691916962016103
-0.006270073324322152,-0.00248667414434258,-0.008797443149523984,-0.006221642968069112
-0.0015616171426542816,-0.002502130218532877,-0.011062293154306933,-0.0004378310633167361
0.003475855906647028,-0.0028182581728852904,-0.009633619394675056,0.00427605961666545
0.006744668533256016,-0.003128440449866485,-0.005160534143349388,0.006012589813540369
0.006874057929019535,-0.0031617988900443654,0.0004617161797525319,0.004128693200186608
0.003798587148735088,-0.0028137076314128555,0.004874190659119814,-0.00049367453472717
-0.0012021137904195524,-0.002197190986051364,0.006224971616070682,-0.005821098593647917
-0.006023509688137337,-0.0015914508874615124,0.003928937905803492,-0.00951994127372675
-0.008604831542240324,-0.0013098880470569021,-0.0010950714405579237,-0.009931007548776087
-0.007788270518445923,-0.0015463431216682243,-0.0068058841375350934,-0.0067628543100438625
-0.00381176818725104,-0.0022688938495981407,-0.010882034942978973,-0.0012163100058026743
0.0017721237425476297,-0.003210670799093375,-0.011676964959377192,0.00451087397437278
0.006722114782578078,-0.0039653777042934525,-0.008894458670490718,0.008133137459839042
0.009023322423123764,-0.004149655798914749,-0.003707397311426165,0.008222575881354067
0.0077146129190106,-0.003564891502424964,0.001727519526860032,0.004798841532431614
0.0032853600905131844,-0.002290341715197559,0.005157998079217754,-0.0006803264316686381
-0.002524162290275517,-0.0006678270067832367,0.005161188091028747,-0.005922756852256617
-0.007437621595572236,0.0008165941917615695,0.001725420161619926,-0.008748148766320673
-0.009577132586179241,0.0017061002908961328,-0.003749066383202741,-0.007984085969306345
-0.008229495762107936,0.0017322417545049267,-0.009028399899529407,-0.003940955864081371
-0.004125242617783857,0.0008983401046831489,-0.01196231265585611,0.0017288756790396194
0.0008858443604556634,-0.000540625836698045,-0.011361941126146557,0.006725655510897128
0.004626713190303868,-0.0021855232126569463,-0.0074777842269993814,0.00905852337668092
0.0055196898552956125,-0.0036370959871932225,-0.001883789340233717,0.007863682796638185
0.0032566368502267413,-0.004615011443599317,0.0031808183633177736,0.003744082146098662
-0.0010726890724323996,-0.0050076176591398345,0.005737044515883519,-0.00150822832044352
-0.005452315644074861,-0.004844189428973213,0.004875186844567355,-0.005686609774947736
-0.007815971139657901,-0.00421887226138785,0.0011138134263722263,-0.007112312872500452
-0.006957135854305004,-0.0032163959517393743,-0.0038370521194232322,-0.0053458202722096474
-0.003083082715530292,-0.0018840124698212134,-0.007806688081884462,-0.0013656684043038682
0.002232330803231514,-0.0002649221431520426,-0.009081958878177398,0.0028616942882270647
0.0066909934829725865,0.0015297069186365805,-0.007129771354838579,0.005239498329964706
0.00824821474583224,0.0032605242646836143,-0.002822681776897396,0.004461685115434318
0.006016892185858664,0.004563523242428773,0.001926136548109873,0.00060367040037471
0.0007096793003496826,0.005041550847269462,0.004966326087633897,-0.004874203218103838
-0.005584580629958016,0.004422322955883751,0.004817247620844764,-0.009720814638887885
-0.010218737939900819,0.0027190698744568556,0.0012999187895145468,-0.011842490941785232
-0.011075879211194904,0.00031291230931311005,-0.004370623579753041,-0.010207839511115906
-0.007481570004227496,-0.002103380862286643,-0.010073123151327856,-0.005323627399669843
-0.0005529234971117225,-0.0037269182359144035,-0.01364731094538535,0.0009290443759610212
0.00717966289891525,-0.003932081554082312,-0.01378131410187858,0.006042724671428632
0.012745653365891884,-0.0025350108190261866,-0.010550488535997287,0.00791305870066947
0.01392064613482243,8.128333333211899e-05,-0.005382559752319016,0.005723019718128859
0.010146085998261728,0.003054603579734503,-0.0004616488180069691,0.000308238072261909
0.0027998149224693148,0.005336367592242574,0.0021828914986942016,-0.006159796524259801
-0.005308905282173966,0.00609364936183141,0.0015247813882863959,-0.011053517767064997
-0.011032841866382615,0.00506676968152951,-0.002027452967174632,-0.012375437694045362
-0.012138292500648615,0.002729593875111432,-0.006797653987177258,-0.009601249724371907
-0.008211626803469516,0.00016513294324153608,-0.010542433881557817,-0.003923295292322127
-0.0008485412396373375,-0.0013219854533242025,-0.01139691977208797,0.0022193017071255434
0.006962305387699715,-0.000723620397613727,-0.008673809701562613,0.006143023674911031
0.012025459613572423,0.0022225855244134137,-0.00318142524994338,0.00604923004187896
0.012225507016197446,0.006842946918898554,0.0030768899932256707,0.001813735448581384
0.007398613480324058,0.011698675398781794,0.0077045556593327786,-0.004899062764745449
-0.000566439987829306,0.015082644694815251,0.008888741914086857,-0.011261576221836937
-0.008447452536140888,0.01567176395569575,0.0061510718668865,-0.014409059985766576
-0.012949655866047642,0.013087671389178632,0.0005600590286760187,-0.012617169029485249
-0.012010629069483794,0.008134805530723644,-0.00568799853542839,-0.0060518939871630805
-0.00563074343107638,0.002594994329508052,-0.010154237642236753,0.0032222874084700164
0.004102862877572133,-0.0013759660472608998,-0.011150503632504843,0.011994998402537559
0.013810930492268067,-0.002044263262646441,-0.008435500681908585,0.017135400428719277
0.0201223132736263,0.0012085972446331016,-0.003327088114151952,0.01680855844699673
0.020966513229210934,0.00756968321004024,0.001819747541516303,0.011199210278678248
0.016349896613430788,0.015001159751843515,0.004561803508025945,0.0024523007593777405
0.00831411273282084,0.020921598797066406,0.003361721930553013,-0.006149736533368182
0.00010112371583616006,0.02312907692773373,-0.0017739308144133787,-0.011449326080361822
-0.005137086475935963,0.020628582408610947,-0.009270156161137641,-0.011617653705891502
-0.005569850028336145,0.014046827009829933,-0.016582199919253852,-0.006826943445022848
-0.001376254207269763,0.005460758427193835,-0.021175741304834888,0.0008682159845338911
0.005370868014752377,-0.002318322929843787,-0.021494663324546952,0.008383587828993495
0.011563894364906301,-0.006755351938395846,-0.017530898299982552,0.012844110116490087
0.014307810500497994,-0.006527208473901766,-0.010775748833640809,0.012711788385963377
0.012055363309143523,-0.0020307831970156204,-0.003585260806723503,0.008357102356459456
0.0051858129238965146,0.004738153949162309,0.0017704383211858256,0.0018575942558831003
-0.004184380014331891,0.010905214814525428,0.003979617015080734,-0.0038801745117890236
-0.013059377974463954,0.013780841618013538,0.0031280910279581397,-0.006310395209887105
-0.01872793753240786,0.011876779953034258,0.000535256788956246,-0.004267469967052112
-0.019761600016644558,0.0054955035686124224,-0.0019285765763011288,0.001587643942873706
-0.016459137787338592,-0.003334448518240374,-0.002741803366416847,0.009057063431976726
-0.010587341325905828,-0.011563980906812172,-0.0014562448884378495,0.015294367873217815
-0.004558958743725875,-0.016218462109391336,0.0010700500201265267,0.017917725141324243
-0.00041153024929771925,-0.015484434855275673,0.0030400124674983646,0.015895464882207513
0.0009835561897358065,-0.009390686965109165,0.0025364314947865394,0.009860410576331052
0.00016654291419453942,0.00016602825872105137,-0.0015528056997921918,0.0017554474064969256
-0.0012849104105441117,0.010060788587423675,-0.008902880281744819,-0.006008832639411474
-0.0015601564866460245,0.017014043327428237,-0.01770066199800153,-0.011509769228760479
0.0005144278060280251,0.018712596163058808,-0.025225291597568502,-0.013976896301877428
0.004919661480937715,0.014580729278441779,-0.028849585853753645,-0.013902798744351514
0.010434651029569563,0.005938305697013095,-0.02706948929805841,-0.012589371969655408
0.015164340457383766,-0.004490734040874391,-0.020144405917457503,-0.011367550481894128
0.01736021172451561,-0.013523136333095938,-0.010076877452882568,-0.01086813826821866
0.016168014891493766,-0.018564942788752835,8.079851845470525e-05,-0.010691054471409896
0.01197492815330898,-0.01839498872760516,0.0073362542670534865,-0.009633676145224288
0.006209567799073515,-0.013430072324166929,0.009855818738940677,-0.0063778070830135996
0.0006915695054260624,-0.005420370401534808,0.007623321733136486,-0.00031435513320837185
-0.003173608307094407,0.00326806360457285,0.0023992786745802197,0.007895725029302218
-0.004991382035444253,0.010490531080515543,-0.0030049124671800258,0.016326286714949234
-0.005496267255547172,0.014970095029703952,-0.00585280423737884,0.0224171700162252
-0.006135324509226299,0.016543204478095357,-0.004565305552189785,0.024009554720969956
-0.008301192865396621,0.015966609119661104,0.0006668688086333491,0.020361957982637537
-0.012560879430795677,0.014419429693615272,0.007981111714444123,0.012695139938162807
-0.01823698208925357,0.012938446255742041,0.01460995802750246,0.0039801763851351245
-0.023550128721092148,0.012024748671528827,0.018010554971610443,-0.002016941252291198
-0.026287221239356826,0.011563278857504529,0.01690591569366118,-0.00210869867449531
-0.024724855254152803,0.011049701698339106,0.011821773989858396,0.0050427444845486035
-0.018414401405123727,0.00998582797128458,0.004901959303103063,0.018267620170064836
-0.008481156074025073,0.008240699928379594,-0.0009298905954705898,0.034137048080681305
0.0027111293950725355,0.00620301266693187,-0.003136132779511259,0.0480655415202516
0.012409873331822602,0.0046550755810299506,-0.0006019017018535567,0.05587792046128048
0.018492738584456374,0.004430461885331567,0.0058655465513803625,0.0552588427352864
0.020230602066428714,0.006018000240237911,0.013776334582730816,0.04653704650424165
0.0184701205719651,0.009300063140922884,0.019853184743631586,0.032507506168211076
0.01515573877788975,0.013552990051074899,0.021247789458393826,0.01736606306335149
0.012395834655031784,0.017719194661521907,0.01662176863988541,0.0051754943531478305
0.01148061582648791,0.020836618065737073,0.006688134679752035,-0.0015389103008351778
0.012289706528297256,0.022436734832214617,-0.005986596209901792,-0.0025254399465450346
0.013366499129697,0.022730952517261815,-0.017843768859246892,0.0003903124005076364
0.012647969761084461,0.022494576246238348,-0.025539719787946506,0.00431830063237101
0.008543897619337314,0.022689835088568266,-0.02706259632178502,0.006686930899739089
0.000886579653182594,0.023987644623922038,-0.02236793547937137,0.006403129582796596
-0.008698274862442987,0.026399590068479015,-0.013327868134420507,0.004295572331285406
-0.017220303400799254,0.02919233074686346,-0.0030407311229629147,0.0026520004588858207
-0.021435629434335277,0.031140215176620002,0.005229701748143399,0.0040481066875641914
-0.019215522216966513,0.031025947241643682,0.009102755450185778,0.009974086123531749
-0.010604001431089687,0.02818543958778589,0.007764559158786156,0.019865981094652298
0.00191432753030415,0.022861647363513586,0.002086870055869224,0.030996399184785268
0.014117399423640155,0.01620010865446422,-0.00580853126396857,0.03933088671844065
0.021510171599625812,0.009861717268914742,-0.013341689979521404,0.04105183592416341
0.021015112045196887,0.00538912906259217,-0.018324659934357643,0.0341569098045142
0.012230469321327257,0.0035756328091876835,-0.01958692809466281,0.019477872649513752
-0.0022626067851289214,0.004100312115294094,-0.01720391624262252,0.0006698889868600515
-0.017708062037128484,0.005600178667209724,-0.012311695418393432,-0.016885023463430945
-0.028827920947178624,0.006181831049262318,-0.006629136337163829,-0.02788783482411595
-0.031710046559036,0.004196962181160799,-0.0018829483994136584,-0.028980428421343428
-0.025214197517007222,-0.0010110137512448596,0.0006742589604371406,-0.019949690127127637
-0.01135579316651374,-0.008688582903048036,0.0005307116163025681,-0.0038141442607476294
0.005480156844160427,-0.016770631575393664,-0.002062277709820772,0.014247701371153746
0.020186561982360556,-0.022495408556117074,-0.006263619578812535,0.02872591045717865
0.02879830099000933,-0.0233388799023848,-0.010923589285602836,0.03567563075537204
0.02984738293824581,-0.017942401908700948,-0.014887611391952974,0.03397339627371889
0.024693527214605077,-0.006696948262745249,-0.017264399400257556,0.025481573934635685
0.01673107035846652,0.008238992488826539,-0.017627795183678505,0.014099419559461746
0.009828021552302349,0.02351313739224018,-0.01613375579156419,0.004111781212290418
0.00666064915959961,0.03556123264463158,-0.013530085729538592,-0.0014901142443460758
0.007640459943171235,0.04167006267471229,-0.011030959395736454,-0.0020504712737372845
0.010874933574188356,0.04076850873232237,-0.010040017061248102,0.0007367725888596274
0.013163374318542516,0.03369230507573142,-0.011745308936487547,0.003803400469700228
0.011586933896899099,0.022853623956860938,-0.016669144821020374,0.004228468924247495
0.00499269931970502,0.01144972041852703,-0.024310647791272413,0.0006434261167829595
-0.0052925888079757314,0.002492308871652507,-0.03303576460774193,-0.0060849687972232835
-0.01586298102882169,-0.0020189601920181073,-0.04032506861206204,-0.013191191944996053
-0.022615724263305683,-0.0015287897506599721,-0.043384344020691926,-0.01723098653385446
-0.02254986588755501,0.003130994689928977,-0.03998651570886537,-0.01566955231767374
-0.015209152009161465,0.01020834169899282,-0.029297167534102046,-0.008154781321460552
-0.0031132647820766735,0.01769713956599757,-0.012392656148341667,0.0030916696930022892
0.009077987021017688,0.023950229967754175,0.007758920499393559,0.013976735107552488
0.016395441588414387,0.028041015560934232,0.02692512336655029,0.02008979397222488
0.01567586055550872,0.02979662401098638,0.04070859912709654,0.018500507588342624
0.00708852135271986,0.029561480580429473,0.045799833544322766,0.009067345647366616
-0.005607931570347797,0.02784681293045561,0.040980095384777655,-0.00530529421930729
-0.016276534932019124,0.025044645261676622,0.02752643973549725,-0.019617715992584123
-0.018691006160090156,0.02133141257101446,0.008855953971454718,-0.02860796765120053
-0.009054435027075295,0.01678426029556256,-0.010498112357759146,-0.028776700633202992
0.012238725396064801,0.01162794310702742,-0.026251109840378768,-0.019813667416266244
0.04033430174024546,0.006466170195731306,-0.03561978127200937,-0.004847475351259425
0.06732962113051325,0.00235358500761651,-0.03804416182917822,0.010614218175616731
0.08490660621087051,0.0006307139732078207,-0.03514509938379285,0.020679267613639123
0.08724373254395912,0.0025460187769375956,-0.029955055894259904,0.021254768406778562
0.07313084800564566,0.008785142096959502,-0.02571702928262929,0.01158806037215241
0.04648905275056986,0.01907940243754704,-0.02469383306174645,-0.005431072086955211
0.015085544306456608,0.03205324220298927,-0.027412768068679084,-0.024333363569033106
-0.012093575596591357,0.045398000850671534,-0.03259674726420194,-0.039101390355382924
-0.027850452878788873,0.05635325217142454,-0.03776998002555091,-0.045398487990319286
-0.029068180930630377,0.06237436023901087,-0.040275822503039994,-0.04214556845266893
-0.017478981019250692,0.061800483505554726,-0.03830174557543353,-0.031844177339152666
0.0013139759166510016,0.05433111511972067,-0.03152358268717208,-0.01952446999655798
0.0201217620439682,0.04117143568976521,-0.021146927955219566,-0.010724729705749126
0.03284601883631099,0.02479905514036713,-0.00936833081866596,-0.009281396056440358
0.03652095839540727,0.008408253545002218,0.0014962130902293736,-0.015782163199882425
0.03198825190373717,-0.004827014184043123,0.009851501648255259,-0.02728150598993387
0.023042351778486295,-0.012485067591074983,0.015302569090952347,-0.03839543857908292
0.014498467896881334,-0.013441373354612027,0.018609483354987515,-0.04336529469846168
0.010046850013181568,-0.008093924609839091,0.021177951706241104,-0.03830981806701966
0.010803156402894488,0.0017823791882426213,0.02433448682800291,-0.022811025508107857
0.015133825285973158,0.013511515104154461,0.028710126106991897,-0.00022864304469839234
0.01976998498135082,0.024199005792860266,0.033991195190186285,0.02338564424347578
0.021661394176817474,0.03144480296105624,0.03912183479781087,0.04138010920388355
0.01969886949699768,0.03389914902168361,0.042838953162319976,0.04883401985701831
0.015486334860188914,0.03151190204596391,0.0442756031155172,0.044274913148311036
0.012753050682651408,0.025406369162248067,0.043346222517726726,0.03015889996950921
0.015594756397511672,0.01741464710809783,0.04073540637106409,0.0119467692098038
0.02626999866185873,0.009415257942781537,0.03750172744345467,-0.0038801340152247324
0.04352561301587071,0.002683694073968494,0.034493766105411196,-0.012141502130187923
0.06226870187805954,-0.0025243513024465988,0.03187186467963806,-0.010782799278894408
0.0748908743272097,-0.007000084800286784,0.028989506550950957,-0.001558554945161259
0.07388052238853272,-0.012185339982715773,0.024726001488557935,0.010654924317998984
0.05479774949552401,-0.01946828807695449,0.018146628293541394,0.019659527953908434
0.018466006388183024,-0.02941177059570905,0.009193995619369889,0.020205533848545777
-0.028542863418858224,-0.0412078442792605,-0.0009329280272375978,0.00993854320301722
-0.07545780324592619,-0.052603705164281665,-0.009947411980285656,-0.009644013124682766
-0.11046964433028465,-0.06039893276760159,-0.015199720761977798,-0.03354470219074695
-0.12446176514487972,-0.06141343928112507,-0.014713309678818795,-0.05479990440715557
-0.11401764420582082,-0.05363734780907403,-0.008118022362385499,-0.06668300703069195
-0.08263436651893785,-0.03716982441516288,0.0029389032941480263,-0.06486036272966424
-0.039689079765235925,-0.014582159198383692,0.015146996408842268,-0.048817702825237314
0.0025061908829768723,0.00949470571882533,0.02459794427883857,-0.022122195591168233
0.0325569952078364,0.029503210061139276,0.028206424054661075,0.008544795551104578
0.043436518581600525,0.04049828982413953,0.02494974248481025,0.0352781732066262
0.03438899129774772,0.03960893861853019,0.016413998088335296,0.05119512112573635
0.010709769810736371,0.02692945847626978,0.006369091933071374,0.05238458185803127
-0.018420003880103515,0.0055142733566782695,-0.0005408464951708896,0.03901118116396881
-0.04320288266724194,-0.019555988608102707,-0.0005493196947385265,0.01527294513720911
-0.05642115587449041,-0.04274770714898884,0.007685264550627406,-0.011770086109401398
-0.05547982306256737,-0.05976379610035039,0.022347260892571028,-0.03417738609075069
-0.0426924645713975,-0.06877134048840375,0.038880372319911566,-0.04538788108522405
-0.023866712917419354,-0.07074084940803348,0.05146680903614532,-0.042149964489766864
-0.005841422516077558,-0.06878215858989781,0.055074904455548586,-0.025587882042018235
0.0060545588496422375,-0.06672443894847403,0.047343635711264966,-0.0010799361508024373
0.009708769535547512,-0.06746854758069959,0.02960275741038763,0.023077047215161548
0.006566582552606603,-0.07173199845585625,0.00662241635323906,0.03791983619529307
0.0006215737914119988,-0.07767000471467121,-0.014858367754753389,0.03642150296215498
-0.0034400440369765405,-0.08153490941243452,-0.028327321587715653,0.0157381280366562
-0.0021743789558132435,-0.07914621907920825,-0.029650212915581436,-0.02156710984910859
0.0053270842376445535,-0.06762913731819013,-0.018418223907181553,-0.06775714515026024
0.01720077847611517,-0.04676118767451459,0.0019801314259552025,-0.11166446416675875
0.029616390718251517,-0.01939369651013869,0.025573150972189967,-0.1415600578845841
0.03823192654535147,0.009254227516612793,0.045854620211370586,-0.14839576404718202
0.03971515674839001,0.03321643162060107,0.05792383632015743,-0.12849330894213806
0.03279454265276459,0.04775645239056015,0.05995909740017562,-0.08484884960428399
0.018540300269263163,0.050995087666069853,0.053530295842252815,-0.02658556635405404
-0.00010994389623674952,0.044594351637906676,0.04269464162018535,0.03337272415029655
-0.01930679089461728,0.033233590905279574,0.03226546103787182,0.08177811860726206
-0.035338097246986666,0.023043691214076463,0.025930809344954876,0.10866785349288109
-0.04543591610678456,0.019538095666007508,0.024923705627488326,0.1100090255577828
-0.04817376707952178,0.02575857120137022,0.027708284086978376,0.08855757554457025
-0.043478491644626825,0.04127494702143504,0.03074475164326617,0.05266841852803715
-0.03240923918433937,0.062372429732962045,0.02998856935652307,0.013456979753043897
-0.016875902577355086,0.08334138344560572,0.02252047190004238,-0.018743077014569495
0.0006060832310828541,0.09840563272198034,0.00768609913276361,-0.0374488703449448
0.01713904674546868,0.10362093540241335,-0.012656524435653228,-0.04161776308618683
0.02973431482396719,0.09811193552701973,-0.03482157588993088,-0.03527443398837741
0.03575298777944281,0.08426991660654796,-0.05459389747301972,-0.025389405048951538
0.033486697667482766,0.06690330440397392,-0.06860746567317558,-0.018844614593102375
0.022742843094581498,0.051679884596668065,-0.07527411057897443,-0.01964084946076739
0.005209591434385922,0.04340299273919295,-0.07494474579916482,-0.0273968339087261
-0.015617643377648826,0.044663987568204694,-0.06931211072216927,-0.03769355698078197
-0.03504892848779887,0.055230535445893104,-0.06037073963004488,-0.04411006525169605
-0.04826194483017583,0.07225104047794963,-0.04941490062700197,-0.04114184347646804
-0.05153774081652168,0.09109337568348416,-0.036517631779815686,-0.0268393482830467
-0.0432953221300651,0.10648414955440806,-0.020715450751788544,-0.004092405964937996
-0.0245881758998404,0.11361051527161416,-0.000816782124836379,0.02000909849515501
0.0011062498934852518,0.10896175228736012,0.02351726615897308,0.036571417685345275
0.028737912092353476,0.09084739807782696,0.05089652002779189,0.03819284758679012
0.052900453554985766,0.05964868209267216,0.07794038959291734,0.02192413756227575
0.06903483245094656,0.017887682055702802,0.09981306031707977,-0.009255129036581263
0.0742856314791466,-0.02986374917845647,0.11143507367478929,-0.04706392653600826
0.06783719030185197,-0.07731130744758503,0.1089922461861598,-0.08049242402515973
0.05076164719048875,-0.11713351301821852,0.09124182158812504,-0.09942578461368058
0.025567821442856888,-0.1421289947683042,0.06017262583471548,-0.09801363712664073
-0.004316082363833956,-0.1467396834333962,0.020784125761261218,-0.07655483743339007
-0.03496988690176165,-0.12865535337761522,-0.0199704595987076,-0.041207621639072184
-0.062308694658240085,-0.09002750620237297,-0.05477820110963136,-0.0016416570483719784
-0.08242702904314815,-0.03778659865569313,-0.07765283741146653,0.03248299110388029
-0.0921063407663874,0.01727680735090275,-0.08526664811670107,0.054887221056363844
-0.08953380012782326,0.06266106532151389,-0.07760740034903924,0.06463418801246083
-0.07509286993508608,0.08710582113572461,-0.05784015825409798,0.06596195849590583
-0.051905366665404816,0.08357633510713057,-0.03145935219156423,0.06608573761921968
-0.025740498861532835,0.05138372792337963,-0.004971346248515807,0.07184828346071684
-0.004029297759415113,-0.003283330821670476,0.015576027628237277,0.08654189704395875
0.005977177479972217,-0.06870094035736958,0.025901075819623923,0.10816256339792658
-0.0005104769929918976,-0.13053712485216545,0.02437397581610524,0.12980861774263372
-0.023814867278321453,-0.17555716490775483,0.012311089146730958,0.14211142201745067
-0.0588515919118043,-0.1950246540698054,-0.006385433495023655,0.13679951404065688
-0.0958094498579609,-0.18678858855695177,-0.026189484635167584,0.11005178838149215
-0.12250968148604836,-0.15545403685365514,-0.041339037313230576,0.06436053442856662
-0.12789917026643102,-0.11064177928829189,-0.04736173121273396,0.008176664314961906
-0.10564448588007498,-0.06394340106948912,-0.04237278524075864,-0.0465638181141459
-0.056625329510095974,-0.02556671010664077,-0.027777292810146043,-0.08814656479270391
0.0106214014741066,-0.0017127408283963063,-0.008109320892958474,-0.10868514396115835
0.08183410172484042,0.006575752097345812,0.010055003052816204,-0.10634956298820092
0.14087047228849692,0.002885262282083083,0.019903927802761873,-0.08547249882928215
0.17431422464989502,-0.006422900121498404,0.01645368371570746,-0.054587542518145134
0.1753776552982123,-0.014639261302846334,-0.0017416600442768542,-0.023210197567261802
0.14581687373953106,-0.01684864359270643,-0.031811855583876635,0.001400218233420841
0.09521734773539343,-0.011136444955765192,-0.06706654089853782,0.016315326286749716
0.03788967577446539,0.0013831455611271184,-0.09872504211005999,0.02316963672546036
-0.011573434202506014,0.01751455020828517,-0.11842461704590859,0.02661224934535351
-0.04258241776817453,0.03339311948431706,-0.12075178216246053,0.03172602590278437
-0.05126633072282512,0.04578168390168164,-0.10497647695149573,0.041524550322333535
-0.040791598741692754,0.05283666405778984,-0.07538487726767928,0.05554562631418379
-0.019327106768238265,0.054232222008875626,-0.04004892240613593,0.07006601660870954
0.00346815009891406,0.050823643891366614,-0.008395259705312356,0.07977613100101112
0.0200692259814526,0.044183406950897015,0.011641941496321948,0.08015743055550431
0.027485458214823278,0.03629927545246713,0.015939908383401345,0.06953833778593793
0.027628011965699053,0.029523793890466263,0.005205317829150082,0.049966683668287805
0.025649623375312736,0.026624512456245385,-0.015628651284190186,0.026551521869245573
0.027045314617856017,0.030640022386549653,-0.0393721462276109,0.005574819494248813
0.03475723763730571,0.04428909614783329,-0.059175770322439966,-0.007816890983535154
0.04748413363522719,0.06890844151462207,-0.07080204417471522,-0.01136977508472852
0.059883937174941795,0.10321151279674762,-0.0737609736415898,-0.0062088423587505675
0.06458628256722874,0.14241140825882756,-0.07094738017925412,0.004112623266861149
0.05520685138466923,0.17829066290424933,-0.06700051592804881,0.015543749628046577
0.02916027295297,0.20056486761636572,-0.06609854116656716,0.025564663031366973
-0.010849041603175943,0.19942931362935812,-0.07010782097208668,0.03438456068012002
-0.05725987546923306,0.16866060545645103,-0.07784536186671503,0.04473828924733665
-0.09986917536958362,0.10828073321815526,-0.08574347760656842,0.0603252335303161
-0.12901345641370876,0.025756322320348052,-0.08961510404894617,0.08354854658210559
-0.13855670354109909,-0.06493609547041607,-0.08674527402736788,0.11356304872669895
-0.12763285309095387,-0.14638509342199724,-0.07737618950157088,0.14556783705251744
-0.10059304681575379,-0.20221676945362982,-0.06488400933783807,0.17179963791415287
-0.06529298387448192,-0.22165943019783782,-0.054481914921389867,0.18398181704691635
-0.030449083395538385,-0.2027454781393123,-0.050915000192889456,0.1763471813917971
-0.0030675007171014905,-0.15304504262505877,-0.05608017026557762,0.14804900653109657
0.013181245105557213,-0.08758198851419036,-0.06760720204622055,0.10394456154359906
0.01822742935959044,-0.02449769746692729,-0.07911458477456162,0.05332919591562994
0.01466877163579952,0.020215461962002183,-0.08221546253071393,0.0069917018000063185
0.006248505104779225,0.03726164057953267,-0.06963761881387107,-0.02636075128915129
-0.003504372809469964,0.026445882030769342,-0.038320089953815716,-0.042974780047770826
-0.011927199457346915,-0.0037830516694879086,0.008730747828322902,-0.04512151706762832
-0.017059926532383047,-0.03942765512436948,0.06264805664636608,-0.039943279010311174
-0.017013109587402396,-0.0655998134889668,0.11106033504824739,-0.03651207034613409
-0.00947183110694469,-0.07119986371384142,0.14187597071553829,-0.04223834148555438
0.008126918469702059,-0.05214066983848718,0.14720948344023857,-0.06003069097592463
0.03757106377137874,-0.012198050412143807,0.12606021577580795,-0.08731525302466422
0.07833036183251513,0.038598834967346674,0.08476860881156521,-0.11728373833240378
0.1262153068347442,0.08732054580678916,0.035060169613321056,-0.14184073816116904
0.1730517146835028,0.12202112796593077,-0.009648055994119874,-0.15502391346649258
0.20789528193534443,0.13490029312183688,-0.038384414454253855,-0.1554623047791182
0.21972838010076598,0.12388198196061209,-0.04576893022442451,-0.14681490046127377
0.2009314600509642,0.09238482112172605,-0.03312548501835679,-0.13595573212569648
0.1503758572558253,0.047686091309482044,-0.007285365516027042,-0.1296194033758474
0.07495037447877674,-0.0013343243891622365,0.02234192509815251,-0.1309078506560937
-0.011237592570805342,-0.046253083078233274,0.04724855472150215,-0.13719360673661624
-0.08998712861383489,-0.08043295196136377,0.06254228878938818,-0.14045836181491364
-0.14363874252950473,-0.0995247895173286,0.06795471831112646,-0.13015177413715
-0.1598341781214706,-0.10141821926685574,0.06693075929637053,-0.09760941124520944
-0.1349177862273105,-0.08606809894730005,0.06436496014178347,-0.04034823543690284
-0.07491613291129624,-0.05550516255260384,0.06406641976637857,0.03553069199049668
0.006176716640192557,-0.014037635016286285,0.06708408970626946,0.11599083533434897
0.09020650154894178,0.031658320001610146,0.07159618857381768,0.1828111057465788
0.1595152329313809,0.0729973798630655,0.0743464400733605,0.2192947594099841
0.20101746044646962,0.1007955441734384,0.07290220068480166,0.21596845826856806
0.20858260907077855,0.10736209306878082,0.06761745408345043,0.17418613024765287
0.18328212315053524,0.08885180786206362,0.062280162543439675,0.10621604555778072
0.13181637225119824,0.04704404930495556,0.06297888145961837,0.031614003487755546
0.06398659650276632,-0.01027952036082659,0.07551390133749086,-0.02897027021213984
-0.009769241746663146,-0.07081013078246196,0.10237370801925857,-0.06044176461562636
-0.08002086941385071,-0.12085056415417686,0.14059646792197392,-0.05803659223784614
-0.1389428533185317,-0.14925921755964966,0.1815903521379618,-0.028529798093171767
-0.18017822542127043,-0.15092126096536138,0.21326731214967298,0.012561381517969676
-0.1985937105939051,-0.12849777576659277,0.2239220788374068,0.0467797149391408
-0.19050375425329333,-0.09171751133427963,0.20652694964520635,0.05945262788635519
-0.15457086347036836,-0.05431533379478365,0.16183002423309673,0.04492453648170373
-0.09308411583157565,-0.029584042265991754,0.09897905826517835,0.008428006629783828
-0.012927062795174733,-0.026058435024418142,0.03324486226664218,-0.036049693343680626
0.07452481685860257,-0.044859865895361103,-0.018520579440728283,-0.07109252490755247
0.15502318183553798,-0.07966353305325653,-0.043186082200738315,-0.08241012241206251
0.21443762638046085,-0.11930060401364713,-0.03555904239094351,-0.06422869630275135
0.2423458606177974,-0.1520233948791473,-1.1634256111943094e-05,-0.021573013157076996
0.23506073150373108,-0.1698227431862584,0.05108900639410076,0.031356941755280046
0.19697003291774268,-0.1711511842153288,0.10160940442009336,0.07608888151095575
0.13955544506155668,-0.16100587468227207,0.13704245397407028,0.09626386314206635
0.07823683518196457,-0.1483460737979691,0.1491540984073571,0.08321140131916281
0.027968640839502464,-0.14187422303368444,0.13825714308385617,0.03876675501715703
-0.0010063000557698069,-0.145884559518123,0.11236221485983958,-0.025574689979640318
-0.005857922666441336,-0.1579018857464978,0.08359916074154142,-0.0927321711830121
0.008541665306775685,-0.1691678049666072,0.06328687058783182,-0.14577339866464786
0.031771173044672474,-0.16792261516848433,0.05749361163928805,-0.17321451610911628
0.05164466637884945,-0.1443005449251185,0.06471017458936333,-0.17205486393160802
0.05828202230603586,-0.09494879925196406,0.07644861691282555,-0.1476358496655083
0.04708387408024679,-0.025490426642020125,0.08049201102412049,-0.11062549159380645
0.019692087512850988,0.05029991516382522,0.06556324680955149,-0.07247022901449068
-0.01721277690902027,0.11451475700561178,0.02570190273968752,-0.041140559117459785
-0.05464864423782675,0.15099523376944712,-0.037203062714789105,-0.018767323242706576
-0.0844837721777121,0.15096713103865783,-0.11356393534051844,-0.0019380781195070845
-0.1018452946237356,0.11632587426115762,-0.18878601825587568,0.015661529972493753
-0.10602556086609885,0.05926965405835009,-0.2474818397981189,0.03949105530347785
-0.09977686664735623,-0.0016962757000350875,-0.27773212309123907,0.07091002910704917
-0.08751111617545533,-0.04800853144149177,-0.2740204763260325,0.10581377289529788
-0.07327698446483426,-0.06730456781730745,-0.23805190295232953,0.13572808628449193
-0.05935346027214326,-0.05740664026108267,-0.1774733899246409,0.15093786392043174
-0.04592442634917105,-0.026563383006666327,-0.10322549591767292,0.14440720053130177
-0.031772409157165386,0.010133880811751497,-0.02660762883101123,0.11493072429271103
-0.015490674655391988,0.036805696338245375,0.04296142519482192,0.06825104434425941
0.003452998488446158,0.0430093893165403,0.09897033964317825,0.01565916148222566
0.02430756258704694,0.027746473573686297,0.13770757637399025,-0.029447061380681535
0.04540367418809674,-0.00031542585486157414,0.15755731329626926,-0.05580708230497186
0.06499385357662388,-0.0265416453908574,0.15837393935430513,-0.05782123415763293
0.08202850668874162,-0.036573120651740565,0.1413915839440274,-0.037121246793385035
0.09638105935471378,-0.022714278031887955,0.1096815740209821,-0.0016941612644244869
0.10835464532517892,0.012063234346304892,0.06873184542375971,0.037039565859004746
0.11772962590668225,0.05420138336230898,0.02651244447608441,0.06808303502640105
0.12292764078281905,0.08392132083109628,-0.00747233762290134,0.08427448424950094
0.12089951348574829,0.08244833046366486,-0.024205857800658356,0.0841208675478699
0.1080466139798784,0.039523757447748324,-0.017763366017907033,0.07156399317606488
0.08197298560499668,-0.04159854133496026,0.012405426754797208,0.05396322566476321
0.04336960803985205,-0.1436779184330172,0.060484175468476446,0.03918432665248017
-0.0029000642813396056,-0.239985163514258,0.11520587095752204,0.03290760660332306
-0.04826316350478863,-0.30245366881241526,0.16263653748209908,0.037058258025241625
-0.0826311368588566,-0.3108135447293813,0.19006854181098778,0.04973777733343621
-0.09775854285891343,-0.25959878683894144,0.18977751748686195,0.06643118303997866
-0.09058563016369738,-0.16055981310554845,0.16135141759814053,0.08182589854395274
-0.065188276903739,-0.03952749513669958,0.11174209486068572,0.09146222233324872
-0.032321310214285116,0.07135856693612518,0.05297152419575835,0.09265315505182543
-0.006373830594550106,0.14356910409879892,-0.001741068727994457,0.08453263722532513
-0.0005634876760288438,0.16102103335419707,-0.04209506850565179,0.06750882185964426
-0.021985506605077903,0.1249440081360392,-0.06364706200284871,0.04262311707621361
-0.068361796172065,0.053201198898490724,-0.06859058330127037,0.011256995499526207
-0.12786491405146772,-0.025686278055575527,-0.06419295483165141,-0.024665665297369948
-0.18235050755826515,-0.081837060600972,-0.05955895893511135,-0.062203603591457324
-0.21308516240839517,-0.09360357191138036,-0.06197766845537458,-0.09712456607717378
-0.20707320082721348,-0.05439264374561457,-0.07421001505234656,-0.1242974011256194
-0.1617582165964192,0.02540266316103361,-0.09366233138953328,-0.13892518010911636
-0.08636071978295086,0.12186208363164312,-0.11363617256690291,-0.13834459831991955
0.0007365787668084374,0.20516255208716552,-0.12604807049040523,-0.12371327884690976
0.07773853025629197,0.24886317195247876,-0.12448506482586878,-0.10075621119788847
0.12636288854243627,0.23790888776937746,-0.10640037526205982,-0.07895681382503422
0.1375356012557388,0.1729210942147992,-0.07366648051630069,-0.06911486829529312
0.11387775189645427,0.06959642661964034,-0.03140893362561217,-0.07986236345531733
0.06815697622637892,-0.046400158581188074,0.0142510389545813,-0.11426000736792521
0.018327516471690068,-0.1472921315120427,0.05850096970435394,-0.1677520431319252
-0.019003233115198206,-0.21128436466265144,0.09918060743027066,-0.22842750979637363
-0.03431540208544275,-0.22843403156979422,0.13662011414983735,-0.2798016643003094
-0.02810239524086572,-0.20264568880364026,0.17211882282588922,-0.3054398524381119
-0.010034017314060185,-0.14940024786116643,0.20583318554588054,-0.2940262752282167
0.005199803198453352,-0.09013841697475007,0.2351330319274,-0.2432161778525388
0.0037375116995646287,-0.04517927081997881,0.254316240788985,-0.16092851926890753
-0.02208597601745976,-0.02739789201600346,0.2560068517622732,-0.06354931266046819
-0.07075357561169271,-0.03854774578671304,0.2338296403681349,0.028453820056587753
-0.13191439911348432,-0.06923336564152713,0.18535747538500008,0.09612551557973886
-0.1897746644161903,-0.10240481216544405,0.11411890890769764,0.12703655931938357
-0.22818216196183494,-0.11919926945359582,0.029731918219141246,0.11814559666049937
-0.2355649926946857,-0.10529301443698767,-0.05410017910284733,0.07570045387350449
-0.2081034235718781,-0.055820050537917,-0.1231876736524503,0.012403688877391756
-0.15029944633727393,0.022629726970091343,-0.16687537851429646,-0.05700902551538851
-0.07311149495762514,0.11354646424037972,-0.1811085741853871,-0.12014843331276802
0.009365256233167842,0.19514774290031978,-0.16947430274065733,-0.1698080797964883
0.08336497090043382,0.24680601411418143,-0.1418548195860017,-0.204428858567833
0.1379837872581751,0.2553931007799701,-0.11117008054049594,-0.22631167524218207
0.1663152819555982,0.21967019439347835,-0.08934441728071692,-0.23855636571508232
0.16541071431380877,0.15137140085996353,-0.08386641991036178,-0.24214848851936388
0.13572149855095714,0.07254009493105806,-0.0960433065173194,-0.23448604113231805
0.08068859216228978,0.009735429465764342,-0.12139672800249829,-0.21000102002362503
0.006761359508810542,-0.013359287414586894,-0.15186462322142388,-0.16264612491577826
-0.07641204971689262,0.01711595430660071,-0.17886195013115477,-0.08923538688797596
-0.15626950378998036,0.10068633996759506,-0.19603358213064312,0.0077472303888518924
-0.21873921895180234,0.22184050668979607,-0.20076657698307732,0.11908510688267065
-0.25096560972514614,0.3534816931232669,-0.19409881539530544,0.23008153838885362
-0.24485173864744014,0.4637105351293867,-0.17932308119367296,0.3238355908287377
-0.20027210953152838,0.5241506782570325,-0.1600715665271353,0.38550349543191165
-0.12657305723584003,0.5175442298299214,-0.13879024514830596,0.4061567715976904
-0.04133555487989456,0.44249950537441235,-0.11624501119860739,0.38501050601861525
0.03373591667678432,0.31404118373222395,-0.09217342098746596,0.3293886783514149
0.07882569476859982,0.1597824775657771,-0.06664241032978732,0.25257519005316514
0.08206335239947472,0.012773861519420691,-0.04133302696833701,0.17036774676177105
0.04350527877172236,-0.09698026636795423,-0.019992927311059186,0.09746832105049695
-0.024540264372812617,-0.14998643454336008,-0.0076676338223094645,0.04472419739649836
-0.10122684178441377,-0.14168371104665992,-0.00888513099241635,0.017772250663177207
-0.16385969017049185,-0.08270735910526111,-0.02548492410831822,0.017059977502949596
-0.19535408282361427,0.004905080560955626,-0.055027849365419414,0.038771256590345485
-0.1898702033489312,0.09431503764428184,-0.0905808718963945,0.07604254218183243
-0.15459605656001094,0.16130107656978135,-0.12218308254902585,0.12003419094257933
-0.10698796327603231,0.19038292328802373,-0.13964879377145517,0.16078704778624958
-0.06841052880846785,0.17805004254206228,-0.13580545586995954,0.18812625514062453
-0.05643590832401754,0.13244670757669155,-0.10902309729518966,0.192973810629785
-0.07856270501317186,0.0699437556022277,-0.06407488068179494,0.1692193822003097
-0.1295987414363283,0.009888287945466485,-0.010920687362863793,0.11586044721897122
-0.19360604543706839,-0.03078660665966391,0.03826888334192818,0.03867712609282528
-0.24963518833668336,-0.041574133089827964,0.07289647285930406,-0.04948850159524144
-0.27910835183656796,-0.020125944042701082,0.08726856989467673,-0.13055044506571584
-0.27215626754533495,0.028376105860415692,0.08234197357002594,-0.18514793430408938
-0.23066849706047815,0.09355673510569273,0.06528229349032198,-0.1979564333276252
-0.16708717840048437,0.16283810435028812,0.04696869853210475,-0.16279415151252793
-0.0995619289248013,0.2240599155669437,0.0382702282351582,-0.08570981846692577
-0.04538075447941075,0.26710205907631934,0.04632595700063734,0.015363166585362999
-0.015121459459839066,0.2844530286668762,0.07205063292481814,0.11478550285412234
-0.00956484877313092,0.27115939232969305,0.10967222729238754,0.18630070424317036
-0.020275138790855397,0.22480166742358546,0.14843755755393145,0.21095412775737477
-0.03335740741429325,0.14599009151198125,0.17592544776935265,0.1832347794483602
-0.03479418539923665,0.039434865330442534,0.181910711408484,0.11320292975494493
-0.0153451293817982,-0.08488006349691588,0.1615766482092615,0.023587664803701062
0.026631444487439735,-0.21125493194062292,0.11710782134482371,-0.05746540759191747
0.0851275346491543,-0.3194058367681314,0.057215947147312554,-0.10573149978722363
0.1488062447170034,-0.38759901582387685,-0.005215866633027754,-0.10918203974954407
0.20451430378551252,-0.39749011490626646,-0.056638607839372905,-0.07224383874324267
0.24061491187535602,-0.3395792125610146,-0.08645611059354627,-0.014355269142369394
0.24916877100046583,-0.21764269947160328,-0.08973121596636373,0.036920783791416646
0.22672049189462826,-0.050450608113435796,-0.06825572482612335,0.056009349533305254
0.17411964476699152,0.13037416852106007,-0.02975073925401684,0.029180924445674068
0.09609341971829802,0.2864524288541513,0.014505023995040075,-0.03940367482202703
0.0010784687302496305,0.3815470501292562,0.052896885321854235,-0.12782939394916
-0.09873438843766837,0.3910510666864287,0.07661515977414665,-0.20302688420066917
-0.1877459502882302,0.30936702662161986,0.08183920713753756,-0.23184588087066374
-0.24848845803263506,0.152792207654418,0.07038327189809271,-0.19295014171432529
-0.26481357159289987,-0.043377635525531796,0.04867424721326601,-0.08543988310222393
-0.22637195237252608,-0.23320248493765133,0.02541538596172423,0.06892319384646005
-0.13310953297673667,-0.371926168504224,0.008672061276322978,0.2309341052125445
0.0020489076264405054,-0.4281023808416664,0.003285148857043441,0.3551603300055148
0.1539774320111173,-0.39252966950660634,0.009418048986402094,0.4036586744088873
0.29024282263450024,-0.28123471266476663,0.02269317099182724,0.35779699249286046
0.37925627209289453,-0.13135749339567418,0.03586826634990627,0.2243524771610131
0.3993698721454306,0.00915220536831844,0.041494087096754055,0.03390568975227188
0.3458480688697039,0.09523073973789997,0.03464871994880809,-0.1679509221859663
0.23300940227695618,0.09786729673958096,0.01478798319769542,-0.3337656195215026
0.09032005064215551,0.01284044990807805,-0.013974288256516032,-0.4275746224671042
-0.04664464149351349,-0.13766553794522174,-0.04430891469784018,-0.4343278351948479
-0.1474641761046704,-0.31118246129176524,-0.0683684692958373,-0.3626663917110638
-0.1964216238313009,-0.457115304977119,-0.08078012504938262,-0.24054942332739052
-0.19681248956588257,-0.5313783533615066,-0.08080846736780839,-0.10551625152785186
-0.16830290594115144,-0.5091582275120992,-0.07280757982085935,0.007037910721158655
-0.13821518639424146,-0.39198762254870134,-0.06468050446467571,0.07379247629667791
-0.13000329235771108,-0.2070372292958868,-0.0648173870645526,0.08871216486924895
-0.15339865553450477,0.001081757953665421,-0.07861373558807115,0.06236088965116683
-0.20020521174377315,0.18341501965744228,-0.10592171815658812,0.01614295884124382
-0.2476083707773673,0.3005955661608171,-0.14052904499224184,-0.026138330878050876
-0.26789932131416194,0.33335763488233444,-0.17204852604705012,-0.04637562318568021
-0.24085253676345,0.28655229110370833,-0.18967738341116008,-0.03730458972950585
-0.1637219392277089,0.18571510955220283,-0.18649515485837048,-0.003360213531731783
-0.05452863727953329,0.06762761346612065,-0.16263709437330198,0.04251387305047176
0.05317913540318937,-0.031824653055606354,-0.12597811322251815,0.08451699066435002
0.12252234682094812,-0.08847062510949903,-0.08982735621147107,0.10985865465477712
0.12792190899943875,-0.09595346104214564,-0.06827168366786956,0.11278087577523353
0.0663504962361669,-0.06545762029110183,-0.07079002437076613,0.0955553409961552
-0.03962415569895855,-0.019638074202537655,-0.09818707756767137,0.06647361123715664
-0.1488400394217318,0.016738481815708552,-0.14154873382198802,0.03591213767543548
-0.2165031020543306,0.02595277007485453,-0.1848759258484103,0.012122760093267286
-0.2117008297289732,0.0030964258672441934,-0.21066454412910057,-0.001675865360573393
-0.13068150156236197,-0.04334266025630825,-0.20648712130417377,-0.007956597075893987
-0.0003470459921443007,-0.09586932685394284,-0.17008876488443087,-0.013242311896850609
0.13009175043258314,-0.1353271535028472,-0.11090093757632116,-0.024944675448043945
0.20683567870228595,-0.14820900786335253,-0.047119600609355466,-0.04794142603992358
0.19232148719697714,-0.13114092413881712,0.0008352186697323641,-0.08214917341569516
0.08129649059669179,-0.09101257584789137,0.018186795436877165,-0.12191959465612891
-0.0943378265571841,-0.041036752677639905,0.0020176425552909374,-0.1574200091593816
-0.27445588031436746,0.005348551676900552,-0.036717963418642606,-0.1774995701415566
-0.3908482750249351,0.04001463868515687,-0.07648478657409914,-0.1730992685587246
-0.39164149227500394,0.06272537077904689,-0.09287703657987909,-0.14014840359247785
-0.2611343648436891,0.07971362699512824,-0.06808411822089543,-0.08109567069419003
-0.02751931832288852,0.09897974686142044,0.0014253476380959057,-0.004650115155210397
0.2448393649250575,0.1245367624648814,0.10210505000431164,0.07618737435609495
0.47631239250379726,0.15239584463901099,0.20686418084592714,0.14727433550897817
0.598929993482394,0.17045157937789043,0.2840555295809076,0.19683940854855828
0.5797773998390613,0.16280402576686395,0.3089028373043374,0.21844902466378274
0.4324085590526546,0.11707771357481939,0.27322560682328195,0.21263814322136934
0.2120497685871978,0.03178263936939504,0.18969479711796475,0.18671541685249277
-0.003801535438709729,-0.07961798364695488,0.08867254637703129,0.15268573118753723
-0.1424778009410665,-0.19026553392832463,0.008344170764160393,0.12372249419656521
-0.16123616676136301,-0.2673373435969301,-0.018615543137960412,0.11006512269336931
-0.06138592222034265,-0.2831977747770296,0.02285533686564516,0.1154916161009693
0.11349131085712122,-0.2263438777730069,0.12381318130053895,0.13550810869705884
0.29436057032099644,-0.1078450620539704,0.2532186548097417,0.1580447131829314
0.4122804553682255,0.039736511314021034,0.36782221110263447,0.16678272985457662
0.42329453737011985,0.17137717067641908,0.4267861940600574,0.1464112946656131
0.3236921576351307,0.24403322575412753,0.40597639344282305,0.08836593548270424
0.15035521687559658,0.23169982585692353,0.30681996057200056,-0.0047902124465035965
-0.03353448524913267,0.13567572628224883,0.1564471293813841,-0.11801581573127377
-0.16182012547087637,-0.01401904842587819,-0.0011100712872252642,-0.22637897285640368
-0.18898344378643211,-0.16717602667178325,-0.11969036950540445,-0.3012939584190735
-0.10547567206038327,-0.2694519905590098,-0.16660130256217803,-0.31884520325636784
0.06047475873872612,-0.28067708178066086,-0.13355730703834354,-0.2677270890732273
0.254658130581459,-0.1890916781114385,-0.03911237625304672,-0.15415385724428585
0.41735484195394346,-0.016373641972935237,0.0782208926382646,-0.0018107890677317444
0.5045655071808068,0.18859366772669844,0.17364175608727342,0.15362161662574803
0.5021651364705061,0.36533245445132784,0.2115874987203233,0.27406821904984796
0.42815742395521117,0.461516044198668,0.1775757499330632,0.3299944937643739
0.32289751989158416,0.4500458451304219,0.08223731829636068,0.3092313255335818
0.2316836295896572,0.3375134309772839,-0.04368388700496871,0.2207229495958103
0.18677476597984624,0.16110968579311555,-0.16127795687279836,0.09176343146366173
0.1957393632564833,-0.024857584585845943,-0.2377873647670707,-0.040593301717928
0.24025472478754925,-0.16796573161530465,-0.2579637777198608,-0.14126669031192554
0.2852423987638361,-0.23536561018901142,-0.22836549648512397,-0.18817816933231682
0.2942332996688015,-0.22384331269096716,-0.17323695086534127,-0.17885161244289907
0.24463969290864784,-0.15877048228327129,-0.1238080542170458,-0.13029265782012453
0.1369492783265591,-0.0825643871207124,-0.10529714244543956,-0.07213954646604478
-0.0054954884784418675,-0.03715089706141585,-0.1266852980285597,-0.03543848333625143
-0.14564637664649746,-0.047124739041102356,-0.17717860793153525,-0.040991320356635566
-0.24688593615057108,-0.11000656923310102,-0.23065021708249986,-0.0914551521878019
-0.2864581313318841,-0.1973048597944113,-0.25627089049454055,-0.17011516107399388
-0.2630539897935951,-0.2659970714933421,-0.23117249706444665,-0.24691096910148935
-0.1959462130063017,-0.27607447317748157,-0.15023420101950824,-0.2896846900791826
-0.11648573983145516,-0.20743799757722778,-0.0292051406312445,-0.27666988648999524
-0.055688482529151505,-0.06958532214537506,0.10006807502063803,-0.20567504116480134
-0.03293005580167408,0.09984391385049794,0.20054168405805195,-0.09647210030344104
-0.05001067519470852,0.24745819098336144,0.2429342671736204,0.014760424240159341
-0.09246797537479319,0.32311312555865884,0.215935247741809,0.08727904624290742
-0.13704659705076475,0.29862893666144275,0.12992845792912172,0.08995236852350458
-0.16189994389210882,0.17929415541777768,0.012956255989124282,0.012883355466025974
-0.15529458780153407,0.003740004962843204,-0.09945813476248586,-0.12765199049300613
-0.11953196802494782,-0.16806554554995345,-0.17678330579273027,-0.29286129468322775
-0.06898973477262205,-0.2746630855814229,-0.20365683176337873,-0.4326916586558674
-0.02363298560712605,-0.27389432319539075,-0.18416013976167,-0.5011011781660617
-0.001027294363853303,-0.15737680398432258,-0.1388791829117652,-0.4703937122248949
-0.010163208020289343,0.046372117951947546,-0.0961448476071601,-0.3399801716638133
-0.0492744896937584,0.28118120159908233,-0.08093504127449803,-0.13680309023854675
-0.10790011847158294,0.4815282600597865,-0.10562855969898846,0.09257427364741361
-0.17161286526893424,0.5934965651369632,-0.16591586029532374,0.29551930144495636
-0.2269199839718703,0.5912160105214915,-0.2430926304178689,0.4281149331404665
-0.26418042789591734,0.483401883304903,-0.3115256583123411,0.4665828228330274
-0.2777271094502142,0.30822753181070034,-0.34822541757944586,0.4120791874003075
-0.26401756841600604,0.11888080297347993,-0.3408611638936924,0.28791738972896175
-0.21972639223555393,-0.034730155000823396,-0.2913745673778588,0.13073924593582723
-0.1416770969812363,-0.12161494736642658,-0.21419531095817362,-0.0210685078276222
-0.029374199777887154,-0.13749431025663106,-0.1301674378583797,-0.1378802991560125
0.11081288771215626,-0.10265446662304678,-0.05882905289110904,-0.20520522674981626
0.2621737349262748,-0.05143330630436114,-0.012088895588147491,-0.22457367235427375
0.3975744641546782,-0.017787217485614626,0.008472919579226164,-0.20952905446633224
0.48437674338787723,-0.022474121340810668,0.010082277885450797,-0.17881019432851267
0.49381946745243654,-0.06638931413319653,0.004164708866435955,-0.14938696220526038
0.4119992578237581,-0.13199724255688994,0.00092470675678442,-0.13159209821748657
0.24816137769340227,-0.1916697190724034,0.005481368743232844,-0.12746815105886058
0.03628082576940535,-0.21926587028345762,0.017024526583150186,-0.13213613841369673
-0.17200579211408976,-0.200352559242981,0.030984021698153393,-0.1370077959286369
-0.32183275146516155,-0.13731690350786577,0.04283078934769498,-0.13332065281889197
-0.372488256139825,-0.04782486743582083,0.051448272393056944,-0.11478613414596323
-0.3116253725515984,0.042292866791159775,0.06030491954553871,-0.07884612229219184
-0.16074325635529427,0.1086227927733856,0.07577141659130925,-0.02674545428897391
0.030794599973677447,0.1364243859914128,0.10334929192141921,0.03698382500569287
0.20179861726443735,0.12458185117111664,0.14366450285687177,0.10509453668681498
0.300036714652898,0.08417077898650648,0.19032887822516098,0.16812022233376464
0.30034616068656805,0.03272056154700306,0.231045167357527,0.21510833276686003
0.21329219158915214,-0.013184208776183887,0.25191694861136726,0.23508960710779495
0.08087421550934133,-0.04392602735169314,0.24342253003624073,0.21954167154493615
-0.039440173050054046,-0.059302889765301424,0.20558187592801408,0.1655082778989445
-0.09659382151988387,-0.066846456996214,0.1499264715679014,0.0783698549379627
-0.06555090025729511,-0.07717094089431721,0.09699911686960365,-0.027098128148412764
0.042883017833852066,-0.09860182346753306,0.06985189860770202,-0.12851114286113227
0.18597086065720936,-0.13339500731398407,0.08568531857489606,-0.20077758048641928
0.30541773807925926,-0.17694843007393016,0.148688271804616,-0.2231588057141014
0.350096772863073,-0.21999048060543053,0.24688960247242847,-0.1864104987017091
0.29642754456100623,-0.25245088778786834,0.35446778588464256,-0.0974325917463908
0.15844126433864344,-0.26712853926854174,0.43898545662320143,0.020695324583863108
-0.016587909100189334,-0.2615824972110643,0.4711771907319349,0.13405190732221603
-0.16554142955751197,-0.23768862101175967,0.43393831822842654,0.207478545511268
-0.2333966458471125,-0.1995134163849491,0.32742870089692766,0.21564547882039883
-0.19456616383082143,-0.1509726287690998,0.16862257860873434,0.15192171756750897
-0.06334485641695199,-0.09477138937610076,-0.014341855723389882,0.03180000485482735
0.1107452112290691,-0.033346365788576325,-0.19081197588968524,-0.11073392765079158
0.2611499609579631,0.028682407781131132,-0.33610159605181406,-0.23313840005986494
0.3292160263375038,0.08209539264020708,-0.43690175924336216,-0.297547413071973
0.28639064575929457,0.11257748884809533,-0.4920799242079678,-0.28296072948146866
0.14518473952530345,0.10339925041771714,-0.5092095784427988,-0.1922110386368551
-0.04534806245361803,0.041125652750735917,-0.4988121330750768,-0.05118184915491814
-0.2179439212248739,-0.07741107574545403,-0.4690361960535461,0.09962834692581604
-0.3123023625701747,-0.23972675595821566,-0.42307127446998233,0.21842433145738324
-0.29750841141400153,-0.4167262366023448,-0.36020558383198537,0.2757811806350866
-0.18318483460926077,-0.5677330138081425,-0.27969869215844995,0.2639412420409657
-0.015210961527251259,-0.6509077351825489,-0.18529951097330638,0.1985190057899814
0.14221102839835337,-0.6361953784998984,-0.08787932296685491,0.11206210568625377
0.23113532534408168,-0.516498591246547,-0.004435860402653315,0.04181253296892379
0.22160478875904363,-0.3128255877406832,0.04666108454737687,0.01608668294296
0.12224684795720783,-0.07084574860216762,0.05254786146539456,0.04418439104283106
-0.02415918470041505,0.15088685654473147,0.012080193445445612,0.11345360105906972
-0.1581798248338014,0.29778777317509564,-0.06142654417429371,0.19453375436698772
-0.22730374014406463,0.33587022370233266,-0.14255697752563565,0.252818504148976
-0.20636604158999175,0.2625637815348476,-0.20093484966618838,0.26190230761001554
-0.10696448035641873,0.10784246133368768,-0.21087486970008185,0.2140381558679057
0.02758001461584158,-0.07505231925476805,-0.16013116876286104,0.12370847715534543
0.13948952031113898,-0.2264580819617754,-0.05447306075652758,0.022911078487378708
0.17908797389724396,-0.29920096742727753,0.08374621068070051,-0.05021957180857236
0.12381035544967635,-0.2732568010178056,0.22266448357713733,-0.06539327482083532
-0.013594598339410884,-0.16124247839083322,0.3311502717725329,-0.011703432938958055
-0.19053665422407107,-0.002948348050120939,0.38852513774972364,0.09748577776594225
-0.35119418826243753,0.14909751862441617,0.3902840895445771,0.22816895300669043
-0.447457028142701,0.24795250440164837,0.34786677627664275,0.3366952439607537
-0.4559288352629835,0.26809030407503454,0.28282000936042784,0.38437282362507125
-0.3845629351744442,0.21331152218998936,0.2178357525793088,0.35064702411183146
-0.2668494239151264,0.1141606237131376,0.16830156168947924,0.2403087771293633
-0.14651035983725177,0.016003584179331638,0.13770151989513826,0.08225960984932809
-0.059349409830629064,-0.03781383077345842,0.11856857178660586,-0.07973526320672122
-0.01978376832418028,-0.02165991722941155,0.09836428639488995,-0.20115349585851497
-0.017367822989017824,0.06337197486912931,0.06758442828686767,-0.2509272748852851
-0.024276535475205568,0.1901866826635251,0.026407848137484445,-0.22104597311170313
-0.010081633381393978,0.31568389647304773,-0.013255516164440186,-0.12846422621527126
0.04285015826867319,0.39629883289752477,-0.03158660811673208,-0.008851669075923888
0.13015215427786478,0.4034887051221095,-0.009333264228334918,0.09557549251386438
0.22651418271255253,0.3337251218232248,0.0623765302237753,0.15001898206251024
0.29659989311695556,0.20962480904130618,0.17504590277683105,0.13826902607616784
0.3111184128142527,0.07204524802507298,0.3019956117086812,0.06753381665817143
0.26101861717544295,-0.03387780373407811,0.40485282432119246,-0.034469922860741166
0.16342685074369928,-0.07377689381695621,0.44564281375051373,-0.12904972435534512
0.056338971913341515,-0.03502423906178726,0.4004329597262736,-0.17951834528992064
-0.016180962577347746,0.06991534002870137,0.26953778333593675,-0.16346574778681208
-0.02241726338745576,0.20852302313928825,0.08019322603444379,-0.0805063446283967
0.04261382027048622,0.33953027286545423,-0.11990621066552132,0.04682882503623161
0.15308468864677285,0.42635466526768784,-0.276601644402147,0.17926917279116245
0.2608234869612129,0.4480667534817545,-0.3464061470132319,0.27217927530390124
0.31348631916631997,0.4044337616537048,-0.31106797307808953,0.2888027829827888
0.2755142889967959,0.31384307842291564,-0.18449651091989863,0.21158873350538654
0.14356915344628166,0.205414914322107,-0.009430212210173632,0.0484153432819652
-0.049927684618285124,0.10847698885052033,0.15536692629955703,-0.16803899749036433
-0.2469886932239881,0.04319182533744097,0.25339911101490276,-0.38768306225089144
-0.3844459118364355,0.015380403534886553,0.24836418275105804,-0.5552979332022794
-0.41690931068694137,0.016847530541327715,0.1359344012169092,-0.6246029283887031
-0.33353803152066547,0.030479145958303713,-0.0543823820696396,-0.5705210637585719
-0.16215072568494723,0.03779315096496816,-0.2678528284412764,-0.39647999438299647
0.040958042275814115,0.02600493158286903,-0.44080348398043623,-0.13477522529199734
0.21162403807385696,-0.007852194220364204,-0.5194222978695254,0.16028798311661252
0.30096551283379785,-0.05690599613490807,-0.47527988155550194,0.42495673054681676
0.29227248653953153,-0.108090569040012,-0.31300013614031214,0.6012939509333637
0.20532619409050423,-0.1477493950228479,-0.06811587663922317,0.6513491778710698
0.08678128483922179,-0.1669514968023904,0.2037769323387755,0.5665846171981214
-0.009334135788693533,-0.16459819885794352,0.4429068172615676,0.3700052657619402
-0.04317488026831496,-0.14737828052531474,0.6013447771340609,0.11027675390995961
-0.004214112641859176,-0.12685062433706676,0.6545715170432289,-0.15076299389110015
0.08583032908441206,-0.11493486931418861,0.6056881545575922,-0.35395351884047344
0.18313923994984582,-0.1195380198156141,0.48174790879857243,-0.45776601626275
0.24067659933205035,-0.1418381802872268,0.3239871875669494,-0.44826493827301894
0.2280946808895419,-0.17602949940780552,0.1752775335270122,-0.34133198644111273
0.14466240553256032,-0.21141363108414313,0.06854210431283747,-0.17660654977431312
0.020122160361707397,-0.23594584583687359,0.019201004607024258,-0.005011138590220852
-0.09674013422287277,-0.2399593794167608,0.023267370570548715,0.12637590862402318
-0.15714230503054097,-0.21888084944333197,0.061014898864941346,0.18757178896033608
-0.13135531989892793,-0.17421794056203355,0.10467049414208526,0.1731653967996559
-0.020271569756737277,-0.11273597526070467,0.12769701080096058,0.10196735017582725
0.14489098188124894,-0.04430537700304216,0.11305421395260437,0.009268213858996422
0.31435831349155124,0.020777233555236262,0.05829897818476767,-0.06554341153199332
0.43814746804116866,0.07417676186934348,-0.02368496901190088,-0.09186180469799608
0.4836536870103023,0.1110363430096038,-0.10840044887484525,-0.05709495766744579
0.44569258295698766,0.1304057549881716,-0.166867362180968,0.030544030544913676
0.34546314346266993,0.1347095297062157,-0.174296807196325,0.1462278263990614
0.21946592836152096,0.12860694862868713,-0.11800604256775281,0.2578793642553741
0.10341208781357512,0.1176613457302392,-0.0023693043999106662,0.337252863282766
0.01797885772734924,0.10716708241526213,0.15075048937963298,0.3688770800498555
-0.03778302821163162,0.10134060222636532,0.3065320987756341,0.3539572524965931
-0.08300285028960402,0.10293238912624521,0.42578243248848774,0.3082477863936303
-0.143435595003568,0.113203843747987,0.4754276207117671,0.2550723732171716
-0.23713514158960267,0.13215212216610275,0.4379969751298902,0.21630005684336262
-0.36377331321835316,0.15884941629205895,0.3172194872456881,0.20462371842105645
-0.5023643380386663,0.19177535688174194,0.13778048980783011,0.21979089496789314
-0.6184830739213456,0.22905051938478596,-0.061066880077588225,0.2498243032432346
-0.6779481729483406,0.2685215336485239,-0.2364264393463001,0.27638421672992114
-0.6611224466623157,0.3077032699081672,-0.35403977070733195,0.2819817009532384
-0.5716544363744464,0.3436451745747037,-0.3980870519016512,0.256263615393836
-0.43579061718413736,0.372841352953568,-0.37525071776626584,0.19918071951195154
-0.2923611264654957,0.39132473704965004,-0.31151504738329217,0.12022178472000153
-0.1775122263537521,0.39505503607420556,-0.2425531532481084,0.034464610822801806
-0.11054726097062571,0.38062384074505773,-0.20079514999851122,-0.04267051258828683
-0.0868617892476648,0.34617658067573276,-0.2035727087217614,-0.09980042215830554
-0.08104660624121804,0.2923285987558669,-0.24656468004797719,-0.13155716964420922
-0.058979267808417765,0.22277789053869387,-0.30508757389416785,-0.13784471079181512
0.006099101296585035,0.14432697798254138,-0.3430908303963303,-0.12129951050179927
0.12030749760473086,0.06613317612224821,-0.32693652019705494,-0.08460996128373494
0.2643971020883842,-0.001808587133475882,-0.23916545230760963,-0.02925729485356901
0.3998492533955886,-0.05072804219233734,-0.08720634019322128,0.043611399852457745
0.483582195873236,-0.07527043244171455,0.09645262211281644,0.13067764434935727
0.4853864438904353,-0.07528299012793323,0.26321352222443734,0.22381360798877806
0.40091669669704083,-0.0566624662093136,0.36377568186071957,0.3091155537305375
0.2547279116571999,-0.030856729734744775,0.3648935181392079,0.36883033992930364
0.09182197262432312,-0.012860992051111724,0.2616573270025957,0.38613163119155924
-0.039132253022779596,-0.017885190595906274,0.08079599928818007,0.35127907934211994
-0.10425320764731952,-0.0572400621713581,-0.12652384658891708,0.26674586193856586
-0.09709993700279347,-0.13432015512612408,-0.30031229747828564,0.14890290981921472
-0.040279930645392856,-0.2417597127853689,-0.3907080023560764,0.02490444263737824
0.02480739912669082,-0.36080681249628144,-0.37391235662129607,-0.07480969242841704
0.0560630680944814,-0.46363345721539423,-0.2596706508897297,-0.1261619582201852
0.02929354522447012,-0.5186695185507216,-0.08769863178498757,-0.11988123805292054
-0.05036289501670493,-0.49820822891615796,0.08577131584720152,-0.06548217531010429
-0.14911726194603986,-0.38667740904085085,0.20675253215621628,0.01110501299142708
-0.21741826112353935,-0.18737492827729804,0.24118175236051767,0.07591642306060858
-0.21017160214008976,0.07460035779741463,0.18551934330301686,0.09874036740609951
-0.10629819122295422,0.35486136082872677,0.06676136580439003,0.06425065336868835
0.08032757994366073,0.5980304480308297,-0.06796126344126945,-0.021594608970504327
0.3032950135830238,0.7504682501494794,-0.16843129642472635,-0.1324803610265225
0.49898747879425603,0.774465357959477,-0.19903934488171254,-0.23005234629934637
0.6092806750685935,0.659954018178906,-0.15100460530782595,-0.2770144131659689
0.6030551092950373,0.42991623268947393,-0.045014150901060763,-0.25055265427983253
0.4882619612908287,0.13703950079871813,0.07642963432850314,-0.1513320125061764
0.3097868532933802,-0.14844528824570247,0.16409611108274424,-0.004710935149711134
0.13372239039206973,-0.35705887418971155,0.17920174724628124,0.1465368352011105
0.02380729627947382,-0.4395707476747731,0.10675629525375684,0.25573909649370863
0.018729273122642956,-0.3818522527702388,-0.03935011736507199,0.2875952677274154
0.11860451965196081,-0.2101327966487474,-0.22098779938991944,0.2300230009464505
0.28542518443176856,0.01568039996891705,-0.3882718596684916,0.09851408033203196
0.4570058934395318,0.21932138013083843,-0.49543772046145085,-0.06853814771776554
0.5690074546617144,0.33129347492528793,-0.5147254630594534,-0.22201370087972422
0.5768496853131027,0.31075770400520103,-0.44384011843649,-0.31768969238763817
0.4697283801130462,0.15909542094184667,-0.3049562503449683,-0.33014017626455333
0.2722476510939628,-0.07961161000310574,-0.13617651393450067,-0.26039386515972324
0.033979892640544886,-0.33186750886602867,0.02121200439377037,-0.13499788613243296
-0.1883452244493798,-0.5179605434635273,0.13521718241798167,0.0029674601187382596
-0.34901199161831864,-0.5777463035195992,0.19137013923407611,0.10776205019064701
-0.4253762952905313,-0.49053899412184065,0.19450517009249563,0.1451290889189991
-0.42031575126784326,-0.2823258703188679,0.1642628420669939,0.10223187249095865
-0.3556433834879988,-0.017602622307781774,0.12655951749905595,-0.009481239384281191
-0.2604890309992548,0.22171370544060576,0.10434589473872453,-0.1588982623258317
-0.16010027698817428,0.36335919310774206,0.11078561132608278,-0.3053542856339615
-0.06953144925114224,0.36864342151812307,0.14672728356299805,-0.4106680333468807
0.006115226205722472,0.24498993767193786,0.20259057705518493,-0.44927658996004644
0.06649712087363742,0.04268120814156605,0.2632329228467612,-0.41364990749399344
0.10971695015251716,-0.1631683619551123,0.3135554688855291,-0.3139846454321501
0.12893580289680176,-0.29920516747643605,0.3427528000442027,-0.17310281971936298
0.11414131298467661,-0.31970941969579425,0.3460319333582861,-0.0188481473459445
0.058348071401877595,-0.22262712373575091,0.32386074753034666,0.12331597489614803
-0.035136084065200426,-0.050048968913017355,0.27981635471719757,0.23536161381681125
-0.14876897646283152,0.12708819552253783,0.21849558085789847,0.3084526947924096
-0.2533712891520668,0.2346745325837189,0.14461963116559343,0.34175669578762863
-0.3175254643207948,0.2223291547803432,0.06362320275976158,0.3395901327845377
-0.3206045676084456,0.081898552353107,-0.016917609595267433,0.30843612445824375
-0.2639329921820728,-0.149100291106023,-0.08625316236622124,0.25497866090154614
-0.1745595201240537,-0.4003443830884251,-0.1310214471922909,0.18551791381324317
-0.09864491150465213,-0.5932512458037286,-0.13793432718631057,0.1063517384926932
-0.08564567669254447,-0.6683601392326662,-0.09809736774906909,0.02426973078172743
-0.16862322782442124,-0.6056824914550758,-0.01152563797406175,-0.053635254270174265
-0.34831391925731114,-0.4307279440811221,0.1100300163511317,-0.12115108463437371
-0.5879054698272718,-0.20414714413916368,0.24354295125293798,-0.1747878800515301
-0.8218138636549347,0.0010799480760522544,0.359071560894286,-0.21543536872036229
-0.9764267079355015,0.1264364679938454,0.42727641345599154,-0.24887810733368654
-0.9958449079693892,0.14873885530408462,0.4280909849089609,-0.2845493002725687
-0.8631549136882757,0.08739952876528345,0.3578547348443966,-0.3325703532589224
-0.6088646848480221,-0.00455090002680768,0.23238878707099833,-0.39985293613922057
-0.30260579715128444,-0.06228648976149117,0.08453212747620766,-0.48654029318672065
-0.030437946642039092,-0.03567591566263981,-0.04372693376794539,-0.5841277297750851
0.13429754243798633,0.08951093403049902,-0.11268344382264936,-0.6761830134955356
0.1558840878857491,0.28373625233149813,-0.09681475119161219,-0.7418133758091607
0.04751653622376594,0.4823568002949897,0.006345658354178632,-0.7611463445180178
-0.13542032276856103,0.6079482221675537,0.1732174569780448,-0.7213885598004743
-0.317645008960127,0.598392639763505,0.358404778419064,-0.6217215373306968
-0.43337483531387055,0.4306559217427822,0.5054899437967749,-0.4754832445294831
-0.45149732457580866,0.13164074234165007,0.5618095051165298,-0.308723242456504
-0.38670232656690706,-0.2279519576697682,0.493341940176273,-0.1551416844040199
-0.29213579374035553,-0.5548462651544844,0.29556856980760293,-0.04839565956692704
-0.2363413382621788,-0.7623409843220172,-0.0029533860193604786,-0.013538671239554123
-0.27349297098885267,-0.7975516168004689,-0.3457332592501838,-0.05975159450133549
-0.41872391631752265,-0.6577020859662553,-0.6613032544100451,-0.17640699674810195
-0.6385627984686892,-0.3903148577737868,-0.8808809896131988,-0.3338665461339659
-0.8607280201457794,-0.07768135606157278,-0.9561667176613661,-0.4893404804221307
-1.0,0.18881678467145882,-0.8724321403716528,-0.5968471734096474
-0.9905119320125051,0.33590295892302807,-0.6531251492894258,-0.6190963589427219
-0.8120835716408042,0.3284957228055284,-0.35440119757638633,-0.5383150417507379
-0.5002777893234002,0.1769690727224002,-0.050744049347501034,-0.3629306957628482
-0.13594360177702086,-0.0695517259331215,0.18459895738220466,-0.12777350696673412
0.18219785443709605,-0.340418071322236,0.29902377791082557,0.113010831598615
0.37186884002433923,-0.5647823329414499,0.27433184186788173,0.2991555358720862
0.395708171781346,-0.6900722199617106,0.1308204347901285,0.3804682959604991
0.27332953127333,-0.6925366422685372,-0.07960958214758394,0.33166864342529434
0.07259231425121812,-0.5781081131522274,-0.28942050615274445,0.16141692084312784
-0.11644746767608473,-0.37524639609986227,-0.435806884832697,-0.08765096806277675
-0.2149728531038895,-0.12370424165458367,-0.4793618306892242,-0.3486725097147546
-0.1836703482730357,0.13637311809944788,-0.41534153766885107,-0.5479811148595202
-0.03544692268749509,0.3718272916659679,-0.27402631457984655,-0.625566621457685
0.1716898420126679,0.5593202908012934,-0.11004001078727185,-0.5526443252254213
0.3582842481781136,0.6846689148592023,0.016013763804413796,-0.34088086788733146
0.45415808632450483,0.7408524979826782,0.05773559533193296,-0.04007493274627074
0.4243706484788784,0.726709704325066,-0.0015928502895661582,0.2754831527692811
0.2807996606961096,0.6471731936261939,-0.14331498143503238,0.5281877054599508
0.07557973397489857,0.5144232195938945,-0.319415379443501,0.6595149624618571
-0.1202605171994641,0.34836511365201617,-0.4683261741893854,0.6467257287540557
-0.24406604868941079,0.17485718423329058,-0.5353277544189654,0.508585188111728
-0.26394861738498304,0.021129786938512415,-0.4907561164455476,0.29822591406671994
-0.18793785771715465,-0.09065802151135698,-0.33989654770176486,0.08540976855224039
-0.05713193706519019,-0.14953653101300168,-0.12119029716206861,-0.06607287556610261
0.07343907585483457,-0.15900737125076958,0.10668748168561286,-0.11848558690200235
0.15780687642565566,-0.1358155131334562,0.28452557461406247,-0.0711288987224223
0.17636259723347844,-0.10423842905797157,0.37234242365535075,0.04133455507268283
0.14071648808147202,-0.08777015690235573,0.362428799246858,0.1625167235306812
0.0848549911729613,-0.10125535575436652,0.28112862650242826,0.23515717192480146
0.0471464129436028,-0.14647045338896292,0.17866349510359564,0.2219939488107103
0.05148147646296904,-0.2128174304261991,0.11043790376082588,0.11945500370317522
0.09597252211192565,-0.28271442644692546,0.11625860699920225,-0.04055569599694952
0.15417330713055397,-0.33931195056213403,0.20471538238241915,-0.20140350008410488
0.18821918354297007,-0.3731887965567271,0.34829809198941586,-0.3013103862803978
0.1679930740305362,-0.38514435149908416,0.49121748379710933,-0.29505414978581174
0.08764720020018785,-0.3839459731001081,0.5675764463065474,-0.17033097505980227
-0.02824740553707234,-0.3801841743446689,0.5239767298978503,0.04682627097133552
-0.13234638075639324,-0.37923380571933557,0.3390587013477412,0.29943441196333065
-0.17349500842490895,-0.3768700176395473,0.03339846255139929,0.5172652451419618
-0.11949436205213158,-0.36003051869452607,-0.3336901327862163,0.6389371909582503
0.0258797119490772,-0.3129341813112208,-0.679641291097201,0.6310765622765919
0.21926076454172605,-0.22620863220665846,-0.9216387380846132,0.49833906071088135
0.3899868388309822,-0.10497508330706119,-1.0,0.2812428296268487
0.4644388150296673,0.028184990748750142,-0.8947992909484328,0.04284824852955475
0.39351893940309407,0.13765107806721627,-0.6308643451478935,-0.1510823691623146
0.1727417388981904,0.18584484190115022,-0.2700343538844848,-0.2518900011763452
-0.15307590502321228,0.1472530213274723,0.10648674936807327,-0.24155639641050733
-0.5028077702793131,0.019975649223805424,0.4199920920398315,-0.1360869869935385
-0.7852493921990187,-0.17019222292277397,0.6137587354010055,0.021673308902229814
-0.9290575896434182,-0.3755944181758751,0.6647934820795358,0.17682417247019905
-0.9054331839095864,-0.5411425965037878,0.585276492483544,0.27965173658002324
-0.7353674351607626,-0.622485356092358,0.41449809711157487,0.2998400920453094
-0.47918760495190377,-0.6012261366379972,0.20485639924078722,0.23360700667174875
-0.2128583454902194,-0.49122046768265204,0.00682227164683751,0.10231297145225483
-0.0003942857517326389,-0.33313341161054394,-0.1426100066363427,-0.05612300915414232
0.12707628468795604,-0.1788939698430647,-0.22526694964854685,-0.19961956772169795
0.1779946560796873,-0.07173118258572728,-0.24065718488921975,-0.29402432534844036
0.19103486852837726,-0.029474875033645476,-0.20024599011718408,-0.3214285870340883
0.21435475435542634,-0.03784834206352814,-0.12022294293007052,-0.28285767297196474
0.28241881020748666,-0.05680393800759723,-0.015742019036047595,-0.19542390527833853
0.4000480404178952,-0.03788669519189154,0.10157237498487176,-0.08560877012006135
0.5401178935811374,0.05389669280181289,0.222756245865516,0.018866808521718317
0.6555546363951126,0.22236067100507464,0.33867707974344885,0.0962074106811253
0.70034358285047,0.4340380497556112,0.4373881063331419,0.13510205058961197
0.6505683442547852,0.6269495222593521,0.5035621067917749,0.13603884220822804
0.5165252054880872,0.7318071126498813,0.5208402689472128,0.10963740768431228
0.34065854225052117,0.6981929289124962,0.4765318956815741,0.07283877097457
0.18191119813230985,0.5158991766413474,0.36694088829766025,0.04401948332925763
0.0926892021130278,0.2229498535520015,0.2011323432908911,0.038082481104485706
0.09772760143229631,-0.103523027677211,0.0013589936276660036,0.06246219985887874
0.1834691480713549,-0.37107456265867644,-0.20052011880786577,0.11484037808972067
0.30241176651548374,-0.5023468904649908,-0.3698974940447688,0.18317445059960327
0.3909273873018742,-0.4612772014591873,-0.47764685884147484,0.24830368643005235
0.3937001818327444,-0.2655619678319379,-0.5072867591268274,0.28885970369950903
0.2853157557312741,0.01933431432751778,-0.4589230943178594,0.2875236906772031
0.08067865318389848,0.3026594437127009,-0.3488031784821287,0.23704154497958033
-0.1696481069864086,0.4993459332205981,-0.20466101544847007,0.14411408261756556
-0.3971946859975199,0.5583692010031002,-0.05829164081351148,0.02956488144300234
-0.539430949893923,0.478386331934389,0.06243536245647296,-0.07588478565535069
-0.5605565937570068,0.30530128143087254,0.13984654471720334,-0.13953608808634893
-0.46157856701382527,0.11311857630221175,0.16936704046400267,-0.13625502045253024
-0.276482253706414,-0.024406048746440458,0.15848958399119384,-0.05671080814687061
-0.05687330648844332,-0.06055115503511747,0.122441065180272,0.08853509881113929
0.14812080775442224,0.009072900576423308,0.07811900081147753,0.27081479789478025
0.30839310543712467,0.14805129720894888,0.03829176504194466,0.4508708922765598
0.41947055742494493,0.29630984337518357,0.007860664558450007,0.5899624603788882
0.4972940811471339,0.39569844122453524,-0.01674496155297784,0.6610266841539439
0.5643594130733681,0.41372449178118587,-0.044992950625356604,0.6561524859801869
0.6340060425682155,0.35607334200640406,-0.08746037538947507,0.5877608808748828
0.7002515419231602,0.2631153859857804,-0.1505032896577786,0.4830361385633143
0.7379833480862019,0.19199335766174677,-0.23224364992987787,0.37356395118395236
0.7136661467240353,0.1916021284999551,-0.321344835443257,0.283913569770221
0.6019882713558873,0.2805865935276824,-0.3991852889428579,0.22335037848727496
0.40107145920421516,0.4373033930410056,-0.44494803437611363,0.18376079859522096
0.1392093359384372,0.6059931769814814,-0.44214620422463635,0.14457689167886684
-0.1305285677840288,0.7170363986596169,-0.38451768843147993,0.08283878972301303
-0.3464693116104396,0.7136083099038952,-0.2792603817365952,-0.015470570472220746
-0.4593385494572095,0.574472649975147,-0.14628140800561157,-0.14725933331800192
-0.4499100503437655,0.3240555544787734,-0.013330306691338237,-0.29066307931388463
-0.3362047863445455,0.025768749278389767,0.0917673861285269,-0.4108154464733318
-0.16714820476869582,-0.2390746867235047,0.1494922480505094,-0.4711819303486029
-0.004920684989670439,-0.39895409463114373,0.15493698732017247,-0.44644585019119715
0.09727438814964233,-0.4162033362609297,0.11979573358198463,-0.33228140456568955
0.11347694059784806,-0.2986766625953876,0.06903640367808969,-0.14843927306771848
0.05231626673199772,-0.09503548793657647,0.03294125556069813,0.06600636476183436
-0.04914472498660797,0.12412244581536513,0.036801571680380375,0.2635700308818651
-0.14226396850730008,0.2918461036649387,0.09151908643643583,0.4015888115465091
-0.18735330134257736,0.3674207591327107,0.18831840991613502,0.45326391888538203
-0.16952258469244705,0.34776147979471617,0.2996472053837359,0.4130232110239947
-0.10352036824333805,0.26399883371539296,0.38643615405183734,0.2949990989242555
-0.025855111650906884,0.16546485460251942,0.4098000576727687,0.12601569928185377
0.022264589211294195,0.09804130246216486,0.34367983759379916,-0.0636433737823505
0.01387249384221681,0.08569838479084792,0.18441560999825826,-0.2479806062191426
-0.05096140153009851,0.12238601002051756,-0.04597012427329113,-0.40895530351664344
-0.14393447662570524,0.17700361252482572,-0.3041196532539463,-0.5356186010443593
-0.21953372135415675,0.20880658349589823,-0.536273834393016,-0.6204261329247385
-0.2338128363497453,0.1864701520410221,-0.692639854304638,-0.6556893658464256
-0.16320854349168315,0.10274656902844737,-0.740912325633223,-0.6328836123443518
-0.015596965119278529,-0.02133669079269496,-0.6749049723660003,-0.5458947597390457
0.17108950668011003,-0.14436810671103287,-0.5157797163308383,-0.3969914099985985
0.34232018712577983,-0.2211690598467831,-0.3056697253637414,-0.20242273647572898
0.44723057405909045,-0.22124020130423036,-0.09581191249328788,0.00599023144931256
0.45766588643596395,-0.14147585567124868,0.06712763844750214,0.1856856352017982
0.3784829274771513,-0.00800936264887995,0.1525191973260621,0.29442922679148775
0.2451424169944446,0.13346924348608522,0.15195873532365475,0.30447148979872934
0.10975620637331338,0.23490363497688946,0.07895176205177701,0.21460175077033333
0.021357600774815515,0.2635819707408881,-0.037084873550189176,0.054801271654501
0.008358475959743653,0.21330904784523946,-0.16011138699744973,-0.11968043711696631
0.07006588425134601,0.10479380283312266,-0.2570392604752993,-0.24426793401470182
0.18023668327007614,-0.02449143006914707,-0.30501721032657786,-0.2664638404390468
0.3005928243469502,-0.136408839601502,-0.29502951348789996,-0.16547839233004305
0.3981191294403502,-0.207295496761189,-0.23178904232980432,0.03731259710577757
0.4585312332161584,-0.23581360180064878,-0.13095287085576612,0.2818198589300973
0.4901259379006905,-0.24042093471250606,-0.015067826716125094,0.48664439363731243
0.5165311946062522,-0.24790127048148627,0.09063179326010841,0.5753713508204392
0.5618286344162112,-0.2782964140109163,0.16210042270361577,0.5030861104916108
0.6350072750117479,-0.33319572691014393,0.18012930673362365,0.27378779930586133
0.7211997225326733,-0.39295306694841425,0.13400258236450346,-0.05791083973750826
0.7843756552347629,-0.42455717390594655,0.02500638357806357,-0.40214944000164904
0.7812288295149405,-0.39716752076013684,-0.13106137456669129,-0.6616169364958568
0.6809449469348976,-0.2987321485844097,-0.3037913061765101,-0.762593963143775
0.4825341651430951,-0.14619593377360157,-0.45184772477881857,-0.6786540957170841
0.22181413265948144,0.01592546265429941,-0.530954254398031,-0.43878988200603475
-0.03608508805201242,0.12921206187792292,-0.5051657421098871,-0.11707383479882635
-0.2170859452506318,0.14271058148843924,-0.35873999143784957,0.19257907449197373
-0.26438944325109076,0.03391885302783434,-0.1048306546578011,0.40773543335725165
-0.16071580898015378,-0.17914075015726325,0.21266499975320852,0.4839206139491912
0.062308795463571175,-0.4402767893162056,0.5262173063739849,0.4271079732304796
0.3319481277153618,-0.6720497650269297,0.7601722902537057,0.28814549244674154
0.5572530502666505,-0.801697338292619,0.8511165993819082,0.14154538186592616
0.6591783834105513,-0.786741089190716,0.7673468284986145,0.05662722532095649
0.5971341948357993,-0.630680688881613,0.5211690608022269,0.07161473666453236
0.38235949299046956,-0.3826177443715859,0.1693329651800689,0.1800145180157009
0.07334598937032187,-0.1205601970188101,-0.19973335151394161,0.3339602864341731
-0.2448061752581338,0.07569455915182956,-0.48907198204439106,0.4629326356696275
-0.48931887359578286,0.1521872437047212,-0.6203413940476762,0.5006870676692172
-0.6062965951584487,0.0987326536883508,-0.5568532611460641,0.4103774536692708
-0.5854891896546806,-0.04944329160166243,-0.31523042081836733,0.19874250967292975
-0.45861790492411636,-0.22682958576016465,0.038325845922841106,-0.08557254977250563
-0.2830417915835588,-0.363631937847287,0.40647171833009177,-0.36858357371786493
-0.11803575868347596,-0.41264509623739004,0.688542946093954,-0.5760665020877117
-0.0033830672192041397,-0.3667024471220974,0.8094214066258655,-0.6579430125338592
0.051527700762854046,-0.26007690089458924,0.7407110907378862,-0.6033101408605759
0.06465047629162982,-0.1534264938583368,0.5078823179800245,-0.44122791211916573
0.06678063122178185,-0.10825465534816628,0.18144605250620527,-0.22778576158030525
0.08281499684781575,-0.1609258991421735,-0.14481483950092622,-0.024949325937319203
0.11751239954283692,-0.30646581841526876,-0.3816236731290791,0.12060330341284559
0.15226143644355875,-0.49860095197152243,-0.4694547062507636,0.1909381095445033
0.15434764880019822,-0.6662114548895648,-0.39383798626149114,0.19826689645324466
0.0945551517846047,-0.7400001780958345,-0.18672401206745182,0.1747911326135888
-0.03494993913528697,-0.6791829160675492,0.08561881243149826,0.15588655250334596
-0.21094248377803462,-0.4879193834205661,0.3436549192412397,0.16381041992773288
-0.3828917241808866,-0.21506825753628483,0.5177086931700776,0.19848249136121668
-0.48971165378581544,0.06282039438327283,0.5662610800312545,0.23871106769561787
-0.48336204764719937,0.2689914740476149,0.48460730860591594,0.2528551755157185
-0.34980058362930655,0.3541878542010605,0.3024307965953018,0.2141073680291536
-0.11828463840174495,0.3142281737856467,0.07227625836638286,0.1138413639674648
0.14569598345389445,0.19094551115517466,-0.14669582805149398,-0.03257453031911375
0.3621390693022825,0.056228764507387355,-0.30454611379412855,-0.1899011860360081
0.4651621583190778,-0.014796959898811331,-0.37176396945142687,-0.3153951899560777
0.427661205811365,0.02854224323043567,-0.3436349968318899,-0.37439204914672575
0.2722123158526545,0.1940689044096706,-0.2378437358333576,-0.3528394352440251
0.06347206877991213,0.44416646687481176,-0.08717712080920799,-0.2618264513170669
-0.11559120669798631,0.7095470016548625,0.0699619961346509,-0.13244974838091847
-0.194944634588947,0.91388352515073,0.19865018000449572,-0.003275394168023141
-0.14441390321323044,1.0,0.27434481543581113,0.09439498384834516
0.014097564960952982,0.9480873647685519,0.28675127192206207,0.14744743172423394
0.21399601923100786,0.7797558213204148,0.24057923274830223,0.16372025640991256
0.368443273535428,0.5472632977950436,0.15352439765800924,0.1656869723684827
0.4027662640582877,0.3128074450057439,0.05196458374340665,0.17792621903148204
0.2826407583393568,0.12622539442819825,-0.03502775246147121,0.2138598030259118
0.027432855255014883,0.009572641749093782,-0.0825028806407464,0.2676027831890945
-0.2962755309706659,-0.04606907036026133,-0.07603540609794221,0.3147157634675483
-0.5984207800739935,-0.07124465820801304,-0.01613413200893068,0.32198499706114314
-0.7973883129759931,-0.10085965802663409,0.08087880317355349,0.2625409517455356
-0.8480959130594969,-0.15651998229003747,0.18642394216362726,0.1301985710702547
-0.7558468104259416,-0.2358165620763678,0.26734266710846805,-0.053130583689134085
-0.5711783166519815,-0.3127965451085804,0.29591084573079335,-0.24066807999961215
-0.36826731230119975,-0.34916889322276207,0.2592260719947238,-0.37434320430463125
-0.21565336655625061,-0.3114075337642852,0.1646966219914894,-0.4043526155825521
-0.15072496897192308,-0.1865720649063091,0.03923274914598359,-0.3077973078496567
-0.1676139157177229,0.009752131398662486,-0.07832769077067278,-0.0994645346641529
-0.22265438202958518,0.23677701710596066,-0.14962463059924158,0.16961582985909954
-0.2546096993363042,0.4419550716499355,-0.15007756616401424,0.42597160805032513
-0.21120214020768127,0.5793742454634153,-0.0783871828471044,0.5955982853231141
-0.07128535458164732,0.6259888887248733,0.04153615260719494,0.6268073160197546
0.1459535832903357,0.589430466163905,0.16754981263733862,0.5064271520163832
0.3880051262202837,0.504425141684349,0.25332187260609146,0.26400433411056856
0.5890206597487398,0.41923190660266896,0.2648400265440888,-0.03728506200415322
0.6945273621105703,0.37728576853916296,0.19353015327279005,-0.3198660292527144
0.6810551005868483,0.4009475625071888,0.060970641424836276,-0.514730500141953
0.5632245010899939,0.48331958187850693,-0.08703719368189104,-0.580739708478302
0.38609452650942033,0.5909221763385031,-0.19549698075752248,-0.5143927922426581
0.20650543866982965,0.6759194675538881,-0.21936805588547065,-0.34760259924466813
0.07136948432066668,0.6931283068350139,-0.1401005480589785,-0.13505247743602214
0.0017086019137208894,0.6155265576071053,0.02653312334146742,0.0640439242985586
-0.01152093054591919,0.4428790849490929,0.23446630455690015,0.20354196769465902
0.001096984449190934,0.20095264398101667,0.4221710062913898,0.2618477407043775
0.004264179838495473,-0.06760540466952819,0.533277503984411,0.2443137452377934
-0.024603319405847424,-0.3167219556528156,0.5357331950387303,0.17684029917857388
-0.08499947790566104,-0.509515357826493,0.4326377655281136,0.09381959574953272
-0.15436789685804866,-0.6258218175290647,0.260809006864888,0.025072509790555877
-0.19982461059758733,-0.6628621877852704,0.07754700059306395,-0.013762927973917823
-0.19511882757037805,-0.6302128645626566,-0.05964665727505448,-0.024581442448505478
-0.1350604301479042,-0.5423913762121803,-0.11307323756334632,-0.023482384903980726
-0.0406908303323831,-0.41288847638739246,-0.07737346143554581,-0.03260460547422871
0.04754566330032041,-0.25225836091961207,0.019807570081919308,-0.07036120865453165
0.08614246863928839,-0.07054678616060683,0.12902703274631946,-0.14350117725090802
0.04763698702843343,0.11801934582490599,0.19775855255188837,-0.24350826778840004
-0.06572134344825403,0.29146481603094665,0.1895675547149388,-0.34826473331786917
-0.21993274316047284,0.4206620955915085,0.09669937819245716,-0.4282370718451535
-0.3603314335617553,0.4752611677809247,-0.05831906377409186,-0.4551866889307992
-0.43182348185503167,0.43352371976979576,-0.2322072777949531,-0.41085411370920355
-0.4003568920553584,0.2924389209694368,-0.37752319465599976,-0.29323900205015796
-0.2669416899428379,0.07371086199954548,-0.4597118315040621,-0.11883051904092916
-0.06834990696155856,-0.17773448836319672,-0.4680840427215468,0.0798248776504904
0.1360832692052295,-0.4034906170546448,-0.4168226330782411,0.260748995867819
0.2865036048336274,-0.5472809396277988,-0.33620242333244704,0.3819407695958362
0.34471435366131914,-0.5715835247166214,-0.2581201047529313,0.41149253500589583
0.3076234263253764,-0.4696248771336059,-0.2022001905423111,0.3360495548046923
0.20657621933272402,-0.268379212494838,-0.16832363159687677,0.16542487986886456
0.09291656161906944,-0.021157965393729328,-0.1386107175981672,-0.06812782211830357
0.015773723293435644,0.20806257572223635,-0.08784260667742205,-0.31631791262082914
0.0013271158179652804,0.3635507725217858,0.0023101682270140135,-0.5257851721176089
0.042272159447894246,0.413807646453424,0.13157519288806468,-0.6511311629157275
0.1020529410034069,0.3594973490292368,0.27725504438058124,-0.6666225059024102
0.13228809134274655,0.23098274878737898,0.4004354258223259,-0.5731630144301478
0.0961916621784389,0.07668056972556081,0.46015344913608835,-0.39817422653659723
-0.011981954145301106,-0.053520040245743875,0.4299852788007778,-0.1879550849194381
-0.1601410403008768,-0.124076484682298,0.3102389617139443,0.005603705863575181
-0.28792775509423063,-0.1237188546985643,0.1304452581548801,0.14013381406660916
-0.32969564332303725,-0.06665017754098804,-0.05941314414552469,0.19505423475883404
-0.24219699771673878,0.014686044477145633,-0.20597352047289658,0.17695094462068162
-0.025862314415661697,0.08216926633938608,-0.271433702958692,0.11610592680973626
0.269462571073729,0.10526537584380696,-0.24694878362415354,0.05510846330582526
0.5577185480993222,0.07054705697751155,-0.15505537504334255,0.033244354495908325
0.7448492684132546,-0.015278051534662235,-0.03992960905627367,0.07198713355302984
0.7620539478260782,-0.1291139103000811,0.050871448954640026,0.1667456207387846
0.5917366065712427,-0.23998623377662362,0.08601612424642202,0.28800187916734793
0.2761547140841209,-0.3189749272868731,0.06344339304399134,0.3917274284535601
-0.09498768406948388,-0.3472178396835582,0.011357922849200322,0.4356083599774171
-0.4139576175004992,-0.3197798119942616,-0.023609942507352714,0.39536149364328255
-0.5909961409145041,-0.2449096992624662,0.003310856676957699,0.27515927153939607
-0.5839750686780837,-0.13980747455532802,0.11428309388481142,0.10808691271386135
-0.41112011739860743,-0.02492980011946472,0.29615159680028325,-0.05397455767664813
-0.14251760274248532,0.08113774562821338,0.5014215306878457,-0.1578197802368483
0.12602540021693104,0.1649443029425043,0.6633610954513888,-0.16772997513123822
0.3067936587376166,0.21929646378694226,0.720076508457998,-0.07890048768932921
0.34913832907208703,0.24279022996469382,0.6386285004792623,0.07953265306661837
0.25333694761898345,0.23862343520516985,0.42982935643638054,0.2533155921253441
0.06512075603652512,0.21335195801638426,0.14755023890425448,0.3810085036050113
-0.14587781764177715,0.17575633580271613,-0.1279492859535366,0.4149761147791079
-0.3145394922954694,0.13555771589745796,-0.3171067757339231,0.3381641623740057
-0.4041343437362324,0.10164664946806601,-0.36888872636246306,0.17072630501992106
-0.4166138946596061,0.0798270269532019,-0.27915195112455055,-0.0359823190181251
-0.38611585157141187,0.07063878961276636,-0.09260715457581609,-0.21617111293027205
-0.3594021570123992,0.06825788433533758,0.11259823874980168,-0.31153950330475766
-0.3721608710046115,0.06145349852299251,0.2522707127253132,-0.29097747295104853
-0.43153306490796667,0.03698477375055339,0.26569340683095544,-0.16142819803420472
-0.5123595084653441,-0.015192565390484287,0.13664067362498017,0.033670003488339935
-0.5687013546704299,-0.0965524763417285,-0.1016086367745259,0.22774480611771494
-0.5556342645844604,-0.1966242001839419,-0.37883924391972223,0.35174169684474504
-0.45184663225738037,-0.2934707670562799,-0.6131750712390909,0.3552929074731926
-0.273039734712416,-0.3587017083527776,-0.7396160378901973,0.2217149588442421
-0.06978255981010628,-0.36602329236422515,-0.7313952732993513,-0.02755560930742644
0.09013642209013928,-0.300767849687644,-0.6066295219853771,-0.33986354858237144
0.14827510286277487,-0.16705364503342593,-0.418402558587881,-0.6467197081401732
0.0804156778685526,0.01037373070684237,-0.23265681844251798,-0.8823995858949331
-0.09065134904478948,0.19099330822000943,-0.10270102040849616,-1.0
-0.3003996199702923,0.3291617924701913,-0.05012353128198637,-0.9806313945159901
-0.4648489569687192,0.3875113953026034,-0.059130647947413954,-0.8340943993059893
-0.5119694790960304,0.3487965669251577,-0.08594735858855618,-0.5922480647296178
-0.4103691900741394,0.22210882351261085,-0.07905009009021254,-0.29831795982659004
-0.18399684838521949,0.04106580751488529,-0.001919406364356384,0.003982420012901273
0.0934286652791487,-0.1457906943761368,0.15075473544121315,0.2784434997215891
0.32299773533383663,-0.2894868518408915,0.34969087093050144,0.500098014963861
0.4156680897934548,-0.3553495301739074,0.5415567685948319,0.6551625229727666
0.325085425791215,-0.3331527657776902,0.6690434844663572,0.7388547744161752
0.06598630794953851,-0.2393465297619651,0.6924362444033688,0.7529909096752359
-0.2888827482162592,-0.11070450613150391,0.6042352948286802,0.7045945557105103
-0.6325864569301746,0.008361309708491789,0.43130303243644996,0.6056316579292785
-0.8602226168621832,0.080443522070654,0.22405115769696662,0.47301883675750506
-0.9046546105005975,0.08676993079453284,0.03729795472305015,0.3277058548765355
-0.7590451395868764,0.03199365396253483,-0.08941346901515292,0.19204279126385843
-0.47830431390828404,-0.05922671038341764,-0.1442660413349903,0.08557934738874819
-0.15921409409891002,-0.15233637322071658,-0.1437597827666418,0.020431889723309
0.0933769965403732,-0.21587083089027478,-0.12176382884125689,-0.0021012844939768504
0.20207539533115867,-0.23261512093711031,-0.11208238996990547,0.007817048578343415
0.14166646576038058,-0.20502732519255426,-0.13217954106080296,0.03128038056699618
-0.05524868548209539,-0.15318225823293108,-0.17511286670292003,0.04612441833273628
-0.3129047677028804,-0.10622321999275851,-0.2131942202708387,0.033545957944216845
-0.5412293400457293,-0.09062322962987479,-0.21187321864720232,-0.01622775258613272
-0.6680025113021595,-0.11963815340793299,-0.1478871770574322,-0.1009754401249759
-0.6627281048167083,-0.18782615583979312,-0.023687352099382723,-0.20702862179547504
-0.5441588165555601,-0.2726268737106654,0.12857955003961427,-0.31295272094770155
-0.36971019261446697,-0.3424354760740644,0.2561289871608234,-0.3950430546605959
-0.21163156987480342,-0.3682873532699085,0.3048592609135915,-0.4329442767606649
-0.12933727214140775,-0.33499609568683936,0.2416966669351489,-0.41396822020514884
-0.14818045006567354,-0.24778099800329978,0.07100913976114992,-0.3353806789695501
-0.25203522687424623,-0.13198103275132142,-0.16205501403614683,-0.20468388429906167
-0.39160394443076507,-0.025814135667078627,-0.38370263337719906,-0.03839508654198044
-0.5045163482271069,0.0315165106625321,-0.5156001937844913,0.14014000685228337
-0.5392023853822924,0.012528843292349844,-0.5026459683753718,0.3036532209022001
-0.4735976413953837,-0.08910701976472298,-0.33431080163234805,0.42466227320996086
-0.32213542026321723,-0.25541745784011455,-0.051419418954610475,0.48010745893352674
-0.1291186206066771,-0.4482410563986767,0.26467777730983694,0.4566410186470862
0.048384148852310155,-0.6193292058305386,0.5172633970421336,0.3555659983074042
0.16137747790502294,-0.7233557575248323,0.625234377074427,0.19574242236755093
0.18584260001398856,-0.7299802784829206,0.5492241660331632,0.012617069436779782
0.1299260538858709,-0.6315338097950343,0.3038811230700515,-0.147784092142633
0.02946205197266665,-0.4443296811055583,-0.04774373507336843,-0.23955420192453064
-0.06587919089355933,-0.20355284622857323,-0.4154017887514958,-0.23005042410846407
-0.1104151518644479,0.046467474822881924,-0.7107346529382103,-0.11168608277622201
-0.07787925186065994,0.2635906360868461,-0.8740173063056365,0.09188928754666882
0.03058492043430714,0.4175456284707997,-0.8895609931768131,0.32840305090190236
0.18796269706088956,0.4954266583133051,-0.785208059208375,0.5290448624644373
0.3511762242148011,0.5018855091114954,-0.6172483801807713,0.6274930890061255
0.4753131430742209,0.4545488822532134,-0.44723130404394845,0.5805452753899385
0.5274115145104837,0.37656321936804493,-0.3196663539151497,0.38373184138560046
0.49562491347225224,0.2888782767208642,-0.24867517023110455,0.07620910244541315
0.3915135555882455,0.2047451135976928,-0.21777756934061826,-0.26773040670072046
0.24554200983107283,0.1280024777221927,-0.19176124081637366,-0.5589064450994775
0.0977934362863456,0.0553624067499244,-0.13504301490775117,-0.7195320697168857
-0.013087704106488435,-0.018480906395277184,-0.02877915109382155,-0.7073637786808483
-0.05973600235832345,-0.09506364254224578,0.12006344132548864,-0.5297722434272779
-0.03248499028227788,-0.1680676242489311,0.2809152795482251,-0.24274192565980054
0.05872388378843366,-0.22273573886143394,0.41168633788255626,0.06538640477546893
0.18697798582677908,-0.23935196397573252,0.47543800831250943,0.3005619099533664
0.31481115778494384,-0.19985812147055554,0.45474315499008744,0.39164185783425004
0.40309591167926645,-0.09542330414819156,0.35802676689923885,0.31179824908587456
0.4207258906460297,0.06779100722354602,0.21560910114189402,0.08586471299199569
0.35313794312975977,0.26706924111454905,0.06739505952647813,-0.21856131488726893
0.2076451364006393,0.46694457909174886,-0.052543976155805985,-0.5130620678508635
0.01384857587724293,0.6277661365743048,-0.1281614223021997,-0.7159532356886809
-0.18175987008712477,0.71671269272188,-0.16556643199361482,-0.7763811228709669
-0.3265000335440436,0.7178617148680129,-0.18768045806188685,-0.6873890128741821
-0.37534576443804407,0.6379209349076507,-0.22191967247897107,-0.48439728847021557
-0.3043403719235571,0.5053909257764313,-0.286221801410411,-0.2306012785615743
-0.11948565546820912,0.36294353438668536,-0.37934002194259525,0.004925156478873534
0.142233313132233,0.2550417677611577,-0.4795089031271617,0.16860045966810475
0.4209646719467749,0.2145339675598794,-0.5521177075272846,0.23618713947832273
0.6496788382086296,0.252502408287054,-0.5633268082980252,0.21535555091737793
0.7731511525941327,0.3547707713592212,-0.49412813744899975,0.13749701977307727
0.7644035321441154,0.48639580198814825,-0.34914818092472255,0.04306408746546497
0.6330928980449523,0.6028420189364826,-0.15658314160017942,-0.033453471783597005
0.42263341234606033,0.6642508640411634,0.04081728229414921,-0.07343015771556874
0.19647597506985992,0.6480803639081798,0.20026050345843124,-0.0760434077842499
0.017732255582349823,0.555853214493732,0.2933161880577815,-0.05289199966656633
-0.07114568032346837,0.41170823667681383,0.3147090208484118,-0.018811270663877545
-0.06164849908587295,0.25326366034814507,0.28225881190350305,0.016448260994631127
0.019300440903754185,0.11800095889301133,0.22824179423493643,0.051941244931133564
0.12035682814420974,0.030000295105054517,0.18579794821556372,0.09339397986160436
0.18550357952534324,-0.008207441652362958,0.17586957391259025,0.14685274882239885
0.17549919692581223,-0.015683371593024784,0.1998090876605545,0.21175940973286447
0.08318097434201964,-0.024920716194740303,0.24041016626702594,0.2773598624584124
-0.0631735052690707,-0.06837440222881495,0.2706757094520711,0.32476576840073085
-0.20997119732797012,-0.16457962573251925,0.2665270778607017,0.33427179789449374
-0.29850506358266327,-0.3090310687402926,0.21812079621283254,0.29489402726161346
-0.28797978091565996,-0.47339046129247797,0.13506915252822949,0.21173626405824583
-0.17283510991982054,-0.6136478143303264,0.04338507007896106,0.10737262451173549
0.012321585773636777,-0.6846182498754767,-0.024639623405613608,0.015789438655913167
0.20250918872901943,-0.655781696873869,-0.043525656820737946,-0.02938884165523129
0.32390366735438997,-0.5228452930227957,-0.005339593850479623,-0.00800066933043962
0.3197541633409987,-0.3107896227324654,0.07634601158634725,0.0775782582537322
0.17154758248400523,-0.06708840982582133,0.1709933685309136,0.20149182970006532
-0.09223032302457483,0.15276109178067795,0.2424816235142875,0.32263093581660096
-0.403131864350121,0.30252215078133415,0.26293122851894984,0.39936981547368794
-0.6734601104169616,0.3594017014291138,0.22356499771834754,0.405315801030037
-0.8237388638717597,0.3302596560934769,0.13832425201929374,0.3398278482613726
-0.8076660115052064,0.24773803495459232,0.03876794894744279,0.2288135153854836
-0.6261940093687898,0.15771716703695712,-0.037827625161485155,0.1149863699414906
-0.32621635943809457,0.10252212364567541,-0.06260877802914414,0.04096377281060315
0.01531194451849444,0.10575575993608638,-0.02609735492225577,0.03164061694794622
0.31605574486028465,0.16402109305905166,0.0582321457886106,0.08290598890489195
0.51323547700733,0.2483484345446319,0.15908997048589751,0.16161075533824756
0.5805641123638231,0.3147417269401916,0.23921291804368833,0.21747561036403798
0.532093573447607,0.3201086502484217,0.2693494471797774,0.2029289323341041
0.4126711985414767,0.23803586427745455,0.23904836222529316,0.09351228293019184
0.2793486421899761,0.06901381552957889,0.16018524138302337,-0.09914110341145084
0.18092069644506867,-0.15829259317174516,0.06197427492405986,-0.3273053794146564
0.14287156232920376,-0.3950317728582837,-0.020530217057388663,-0.5209950722931097
0.16248408918855714,-0.586612556077539,-0.05998807986756519,-0.6112683296688846
0.21479363629786402,-0.6887682547369337,-0.04720585909827902,-0.5548698170992202
0.2660324437440854,-0.6800638794383416,0.005479662455319849,-0.3512463146646309
0.2887075230019169,-0.567081673179343,0.06907895922010908,-0.0454596683168564
0.2723297109502769,-0.3810950384010755,0.10917342253714134,0.2845154111425487
0.22596998803782867,-0.1678388299932243,0.09921687437927158,0.5519938736679458
0.17230733606344908,0.025953954054724226,0.030931782327559318,0.6889615873323083
0.13623661722239183,0.16488967166628304,-0.08203171523140938,0.6671051039290166
0.13311139647895023,0.2325633476798384,-0.20846509869623575,0.5052189443592362
0.1615904743708653,0.2328316177868024,-0.31033890929710667,0.26062424003038126
0.20397262790205048,0.1852283829779648,-0.35598394585515536,0.00797307614001335
0.2337403438759576,0.11679781647976549,-0.3310172917935562,-0.1867298264551893
0.2270771046963438,0.0533821049543836,-0.24325159076524805,-0.28751493507482245
0.1735370375152034,0.013043640208448072,-0.12006143880682717,-0.297782540765501
0.08142250324558266,0.0031108879333859494,0.0006506624547854825,-0.25473004075956535
-0.024426574753942946,0.02086354414337942,0.08261787629392137,-0.21157417337593185
-0.11168578182088551,0.05669154926484453,0.10236098259549818,-0.2146956004126099
-0.15296592484675084,0.09805453279173786,0.05579293058671954,-0.2845027694238427
-0.13676622362047677,0.13279659912515593,-0.04150522484389249,-0.4071603646988808
-0.07265298277722196,0.1510982388568989,-0.15992237902260345,-0.5400438051742923
0.0114591619799438,0.14616872127917224,-0.265116045547327,-0.6285282026272021
0.07905428733791707,0.11431743968938597,-0.3278257963712937,-0.62749127753855
0.09826634986325108,0.0550931683601924,-0.33129614071688646,-0.519271056538867
0.053787314647045725,-0.028201713189892286,-0.2745385336251684,-0.3213275803259389
-0.04693058307211517,-0.12787349986222618,-0.17116902612523155,-0.08087191318159519
-0.17545814776749075,-0.2317365705431856,-0.0448629315509909,0.1413258228181785
-0.2915512775254244,-0.3242309347986403,0.07682986785266709,0.29174123470525526
-0.3564648691128715,-0.38902835608332187,0.16856679855378334,0.3417416262888025
-0.3457794201857743,-0.4127287068506324,0.21196786457167635,0.2956962162597217
-0.25736912487188157,-0.3886287301469986,0.19851057076791861,0.18692130610916402
-0.1119374517062375,-0.31927722063557246,0.13056737256608675,0.0634540072507943
0.053821531113731884,-0.21677260198373696,0.020811023441159256,-0.030621249435999382
0.19887339657281447,-0.10045179802004406,-0.10982630001786939,-0.07111134120856635
0.29023892317229755,0.007493618478427961,-0.23555254579187,-0.061032576911073264
0.3120412062520348,0.08720492741261611,-0.33032395780291113,-0.026899551533500047
0.2684881710041375,0.12559266661200771,-0.37318995239835195,-0.00585237139010906
0.18029627311912794,0.11874425201980551,-0.3534156732241333,-0.028924880722326282
0.07630421816891264,0.07175396620610754,-0.2740261395040024,-0.10707797738902058
-0.016488994717816872,-0.0036831471736581325,-0.15240298610749536,-0.2253959704417574
-0.08096261814463711,-0.0928680013167542,-0.01711182857645085,-0.3476108040754929
-0.11345242385092663,-0.18158338112306016,0.09881410133055975,-0.4291573108741304
-0.12209989964808002,-0.2584291534658601,0.16667160519897453,-0.4337813863669574
-0.121105901380808,-0.31559998224379004,0.1705411146237812,-0.3474856009543136
-0.12338798130343542,-0.34841040391236383,0.11271440311648286,-0.18469772668949022
-0.13453148787017497,-0.3543511751685308,0.014076233742198338,0.015504714126583406
-0.1502688749268235,-0.3325124110521913,-0.09112508136441208,0.20164311401915674
-0.15831215165547086,-0.28383647258940947,-0.16488142499623287,0.3261217548939588
-0.14373144383289976,-0.21206287554106537,-0.17663932877569963,0.35986115557532705
-0.09579232389753058,-0.12469763169276894,-0.11267771000844733,0.30042932035430653
-0.013658051750976499,-0.033147191464616345,0.019346529190018526,0.1713175991677824
0.09122897268134886,0.04858435922613457,0.19220030411026665,0.013169930571123194
0.19711780453423033,0.1066222249533298,0.36671475628051553,-0.12957436351919344
0.27780684046922655,0.13065646680958473,0.5028795778957865,-0.22192682088995336
0.3105857784314857,0.11690282563839088,0.570927347215848,-0.24728315129703973
0.2837099113515443,0.06941054091105399,0.5590281468556489,-0.20973157042188867
0.20093154818241557,-0.0009410558364705587,0.475413580135042,-0.12989437413809213
0.0814885519134096,-0.07956349457372497,0.34462085664792036,-0.03656740182592873
-0.044648545399382976,-0.15236037626178076,0.19942526645283415,0.04254386822562494
-0.14497415066596323,-0.2094947891942141,0.07127063765630723,0.08796091354732792
-0.1936675282573721,-0.24732329096222458,-0.017773226721870653,0.09169605486823336
-0.17901398908840263,-0.2677901486382415,-0.05929956620255492,0.056568341179518256
-0.10667946881724738,-0.27559217121302626,-0.05833352122622244,-0.007141799736725539
0.002281298020708489,-0.2743604313388059,-0.0293603174508358,-0.08583004600994994
0.11817341067945072,-0.26356898059045264,0.009527313520386623,-0.16591340079647682
0.21212210666700052,-0.2376556640904021,0.042215116091311046,-0.23566469406781895
0.2652510306806987,-0.18798136568336551,0.058243079579495045,-0.28577220141712745
0.27456034569248655,-0.10707765810981457,0.05392257888502473,-0.30944069973277827
0.2534490688243873,0.006400757888407273,0.031281562486836396,-0.30282847938685115
0.22652153526921057,0.14406806423468754,-0.004108854344501153,-0.2660788047282182
0.2202321820294224,0.28727174850091425,-0.0452783831799247,-0.2044933297221463
0.252429224513406,0.41033079432909403,-0.08523725360009272,-0.1289234622730795
0.3244178237100805,0.48687717088343807,-0.1175007246153186,-0.05451039126286721
0.4185177901380477,0.4974199701258509,-0.13619597107521014,0.002492900191404319
0.502373750744022,0.43566489069823183,-0.13634950092560807,0.029189247141224037
0.5390025493052457,0.311398111821516,-0.11469934578999649,0.020394784373124232
0.49948353695234965,0.14880587784324353,-0.0708778193431585,-0.018775016387468205
0.37405299641404405,-0.019418159856100552,-0.008363153803804703,-0.07332689367815763
0.17762253511402207,-0.16044820923554645,0.0655266554327788,-0.12206315022518548
-0.0525897190750165,-0.24966201636821161,0.1410172767488985,-0.14356651548344343
-0.26703900541323317,-0.27647269485580417,0.20843278077157143,-0.12265249798749842
-0.4185161279103408,-0.246057345881784,0.26106467231287817,-0.055195018361580944
-0.4767784447470729,-0.1767274873681014,0.29715932656284866,0.05025205870548264
-0.4382024446680597,-0.09402877836185719,0.3200211587453666,0.17452580385404928
-0.32699811251537103,-0.023545132746539035,0.33593832385040284,0.2928663216357636
-0.1872971636876173,0.015446190886009051,0.3505965890103169,0.38120173065529245
-0.06856240779577671,0.013853439757237719,0.3654381192699119,0.4217716103461285
-0.009165100246169995,-0.026459218946160053,0.37565649568540793,0.406593436248688
-0.023754133764593448,-0.09463025845028185,0.37101797570145134,0.3381882097138535
-0.09885319779986848,-0.17440054781373246,0.3395942369291419,0.22795812503661778
-0.19832247515171997,-0.24806923434354566,0.27320010849540594,0.09325016997934703
-0.2768598951944784,-0.299807484940201,0.17239610385444393,-0.04577434943838434
-0.29681820297783446,-0.31788741429665257,0.048788240066081234,-0.16876293024912092
-0.2423408914120646,-0.2959148980634028,-0.07681451443835843,-0.25722485798883693
-0.12567832713370283,-0.23342589757849325,-0.18028416687675503,-0.29643394155129893
0.016720041951488174,-0.1361371327601201,-0.24231155825896866,-0.27764537867183153
0.13707780919292023,-0.015835402247430564,-0.25586167991152253,-0.20065227288797738
0.19358767406753893,0.11043034395141683,-0.22992454007068203,-0.07601027819767649
0.16589819147281012,0.2222917003861476,-0.18765770690394237,0.0742969551364267
0.06310497618019918,0.29933546641007464,-0.15900374901877876,0.21900686962527166
-0.07880763514054062,0.3253779521343396,-0.1700116680573928,0.3231201186886641
-0.20933401045659858,0.29280363427498235,-0.23256649944253607,0.3561808441146893
-0.2812943538865118,0.2056456257613555,-0.3384076069171326,0.3012998654582031
-0.26776611916544085,0.08014829613433869,-0.46002810994831356,0.1620637100409398
-0.1719417114689417,-0.0578671580978551,-0.558685386347397,-0.03543396395887187
-0.026242424736490785,-0.17856130255065755,-0.5971423917526946,-0.24700866488372616
0.11912283593597159,-0.2552802990414545,-0.5528699794468339,-0.4208191128868238
0.21413040329367478,-0.2714394741036202,-0.4270177277367095,-0.5112429016741219
0.2270125756914515,-0.22503766770084788,-0.24573498714569272,-0.4921250284134283
0.15590072021293422,-0.12935088089322483,-0.05300034729739842,-0.36512404339739496
0.029793295488306466,-0.00946411976346522,0.1028973338654654,-0.16016166992299938
-0.1015661166652965,0.10443602512099069,0.18476457478334501,0.07259208873378635
-0.18531668576790306,0.18509161101174154,0.17854205632069475,0.27698906116512395
-0.18431830009669478,0.21521883505049458,0.09778031846455086,0.4070627865622081
-0.09046573241046739,0.19159667851504275,-0.021082780764703754,0.4399721537628293
0.07226217407190866,0.12516232099912422,-0.1311086696744968,0.38161013508802155
0.2560648027755886,0.037288552730960156,-0.1907202624562463,0.26317075581687854
0.4058890893851136,-0.04649461048412207,-0.17765435965648851,0.1299787742711178
0.47836178931742024,-0.10344262525602615,-0.09629803434716189,0.02644327571653927
0.4563647902039044,-0.11929563518908343,0.023996031425648018,-0.017801074920199386
0.35417813699589396,-0.09136268140284133,0.1389254829010471,0.003933321804780303
0.211555577493359,-0.028475708985639617,0.20410244445187437,0.07529108342130283
0.07906567106909915,0.05182868721390909,0.18975347643481194,0.164374825158861
8.8817677419852e-05,0.12791061817948501,0.0904650056870475,0.23577356164283647
-0.004076520904055781,0.17916437271535723,-0.07298942265080852,0.26265962775169616
0.0591835784664516,0.19054300415039704,-0.2599764976235449,0.2347636668002641
0.15757617747073827,0.15564825462390544,-0.42207762360200546,0.15979905863878432
0.24639358747258386,0.07796137653531525,-0.5168389216580939,0.0584513612288527
0.2850059785453973,-0.029859699499373112,-0.5189330927618762,-0.04460245633782724
0.2513740439710961,-0.14842685943018774,-0.42568737310099924,-0.12989472330287025
0.1495142586891772,-0.25541269712974474,-0.25600677881599565,-0.18905029967267958
0.0075386095656566,-0.33008415951378545,-0.04385191115425484,-0.2253741981402891
-0.1326750870766153,-0.3577722563611502,0.17111855431181733,-0.24940845803217424
-0.23020969943818026,-0.33332300686228655,0.3527600876143659,-0.2717463599745664
-0.25888656035057267,-0.2625954525773858,0.4751915424622358,-0.2964076651357781
-0.21534384882142787,-0.16136635379895117,0.5260348826324546,-0.31771739322749953
-0.11892088556660492,-0.05159006773616671,0.5063882280998139,-0.32207579828918925
-0.003876374999068272,0.044264372673927355,0.428587212103619,-0.2939094221318466
0.09287030188543582,0.10935445509315893,0.31293900266578595,-0.22330551807194599
0.14392471869390147,0.13725556099006997,0.18419700454727675,-0.11207095391939428
0.13933335286395404,0.13375388132603117,0.06795874419145642,0.02447827728184841
0.08786602823365804,0.11478253116735312,-0.013174828571759748,0.1610280015416786
0.011850527701524545,0.10085828442680142,-0.04371007054403466,0.270007806311124
-0.06196806405874522,0.10963243741015172,-0.019131023047122418,0.3307843909046877
-0.1118672850478097,0.1490036587528428,0.05160213882157021,0.3368779150468037
-0.1274568448154895,0.2132872680350107,0.1463203452186075,0.298439971724181
-0.11092647556008313,0.28408163093751704,0.2336564015245459,0.238959080805194
-0.07339710513992474,0.33593446527707505,0.2806679094554553,0.18728627847109136
-0.028398544737950702,0.34518828940885227,0.26248167365457564,0.16779276422559014
0.014574196290067296,0.29909345327926434,0.17115081508126714,0.1921416630817877
0.053766206584343945,0.20193285021549384,0.02053945228842284,0.2555407186711236
0.09478846587448897,0.07570919504322407,-0.15514577763750229,0.3386930379134608
0.14658886646935876,-0.04530291761731681,-0.309681998057737,0.41461042903268047
0.21568737650212533,-0.12471288281861266,-0.3981420230281388,0.45776288745036814
0.30124311434141393,-0.13569809874880273,-0.39129506601878233,0.4523150792224665
0.39311034465101674,-0.07031135196478301,-0.2863461973853202,0.3966735117992509
0.4737798126490997,0.05687519547742481,-0.1100381677516569,0.3030135084427608
0.5235230668737747,0.21227297422385885,0.08758294908383185,0.19230125743804016
0.5267925373330925,0.3530165997904649,0.24735729197949477,0.08688055166774318
0.47746191786536973,0.4398758939047692,0.3189516002648472,0.0034065036828699827
0.3809730666518325,0.44913341042471766,0.2768158630647921,-0.05143038409920825
0.25266608301888327,0.3795170038013801,0.1288094377229015,-0.08114702829526041
0.11301466266948997,0.25193280644379273,-0.08558611710795853,-0.09600068656847625
-0.018395050378951155,0.10218990368697908,-0.30713416818035005,-0.10746678777759806
-0.12793170903407494,-0.030715662837955775,-0.47505592223734716,-0.12293995849411227
-0.2103052758368196,-0.1167241517681404,-0.5456671512910688,-0.14267255600378095
-0.26766416465667026,-0.14317024512206203,-0.5053344884896335,-0.15997508034229538
-0.30609160692326387,-0.11689359752499137,-0.37356092976403404,-0.1644050292942804
-0.3311599946231172,-0.05962494696055718,-0.19536489545101748,-0.14656531920893423
-0.3444836681565606,0.0013483219067096047,-0.02574049550191523,-0.10261072512042345
-0.34271934664792686,0.04363617950558063,0.08839069913660708,-0.03676591788214947
-0.31941310869447476,0.057467713731191895,0.122612929861631,0.03904112130153064
-0.2689041333819793,0.04798696247361406,0.08113020782018276,0.10826742412378794
-0.19062973610525807,0.03154141181984933,-0.007130052205336957,0.15448076024821744
-0.09196132980399767,0.027650145232904755,-0.10060281033358681,0.1661606136113554
0.0117871322189403,0.04992124351632399,-0.1607791952753917,0.14009287657823263
0.10049414331272517,0.09951137085065617,-0.16586900287735062,0.08242190915761212
0.15464050713850522,0.16368786478567954,-0.11775397037144011,0.007193322357650206
0.1612337299195208,0.22007355923121777,-0.04012000250150248,-0.06706290718795979
0.11821067574097067,0.24498076001883587,0.03114640443158056,-0.12170697618213872
0.035722380975613345,0.22268662340996517,0.06154633228705142,-0.14221177604499002
-0.06629061118091327,0.15213772639168688,0.030578152882089517,-0.12131186586716378
-0.16359962297897337,0.04851664112228379,-0.06099256750096913,-0.060513062872293744
-0.2346030912725062,-0.0610085448912149,-0.19145869194994272,0.030216689524935194
-0.2665004695071741,-0.14590706664451858,-0.3255731945101426,0.13442673162878235
-0.25877577264331947,-0.18225715082787475,-0.4260913588704954,0.23244040990939685
-0.22287801534997934,-0.1605741288551782,-0.4652982844372376,0.3053162978784745
-0.17818241025181575,-0.08879160183761989,-0.4326942073262976,0.3388066357162982
-0.14549282665077992,0.010572752295517868,-0.3366514705824202,0.32653151211329345
-0.14013270915516082,0.1079984844876806,-0.20011793669287697,0.27162724255862175
-0.16682218530793144,0.17661632980387978,-0.0524565361533447,0.1863440224550032
-0.2180034850611892,0.20063673271215304,0.07942388500006727,0.08948260364573331
-0.27621407735400044,0.17979447459650674,0.17766620314562417,0.0021114016702201855
-0.3198367899686208,0.12851443370725407,0.23602896230899917,-0.0574548121067944
-0.3304649140252661,0.07033748629096956,0.25834609602235026,-0.0781007317320234
-0.29954774851071947,0.029696427518128867,0.2542861327221167,-0.058505600717093334
-0.2321205758050036,0.023883788757026018,0.23453719411234733,-0.007075641178653685
-0.14625637987662224,0.05780258369408389,0.20733243133185233,0.06081374187846117
-0.06817650091310848,0.12299569708115529,0.1772933500261483,0.1274329789891069
-0.024341944478286064,0.20094754903703357,0.14638533144495522,0.17770717444313092
-0.03288756402087897,0.2692832263301374,0.1158797525973975,0.20300651778018367
-0.09711061790198967,0.30869987242525165,0.08795440560230931,0.20252752328330909
-0.20323068991370524,0.3084547519638299,0.06598185745550747,0.18194083057414778
-0.32340386942833593,0.2689182762710547,0.05339232237314069,0.1499850516733528
-0.4233481209662117,0.20076752226349961,0.05182278827123918,0.11444649318714563
-0.4724177595737992,0.12144696448018938,0.059679615191418116,0.07917558766610347
-0.45305299188745735,0.05022211597410172,0.0720603484696195,0.04334917268166737
-0.3665629852330978,0.0033345381385514335,0.08230284464702232,0.0032463046910966528
-0.23322783480949935,-0.00952818121440584,0.08459091199245433,-0.04427397528248463
-0.08644931346027704,0.013185702961790965,0.07645628962644342,-0.09818589531545384
0.0373930474184674,0.06527262867278512,0.05997274070985774,-0.15134119457497128
0.11024708611835175,0.13467346515576656,0.040982021713084044,-0.19130174450833914
0.12121354573427641,0.20624206958143343,0.026589171513874372,-0.20400359391984618
0.07993529404186754,0.2647468211771454,0.022006155454934513,-0.1790756074575849
0.013297033076073122,0.2976044042689187,0.028206491963124643,-0.11480463995007731
-0.043625358947407954,0.29699427388223704,0.041569866454982375,-0.020662556007848585
-0.059471381091329475,0.2611084751525413,0.0558325129278573,0.08392826240959453
-0.017424083561460968,0.19436503748557768,0.0655757196408373,0.17456262123236774
0.07870738808696409,0.10650760122061073,0.0696649182808073,0.22908015326296088
0.20529127887434442,0.010677604461076172,0.07289389997303253,0.23460290732807737
0.3264045375469716,-0.07922329409376594,0.08472338155197194,0.1918321021357653
0.4056380335894355,-0.15133032804772,0.1152182368458354,0.1149149923980735
0.4182264021478158,-0.19809497430540748,0.16959816398434316,0.026735140292403377
0.3593962059671151,-0.21744088266905887,0.2436561015434182,-0.04885331975172039
0.2460865037780948,-0.21248481333277985,0.3222572772668218,-0.09515932990330361
0.11145355465672535,-0.18995320668578558,0.3821405051299824,-0.10825659802247042
-0.005954556827484383,-0.15785992052681297,0.39862672104108526,-0.09800509603701694
-0.07464569109262353,-0.12326158208766175,0.3542067724068274,-0.08406869557359598
-0.08002171912870162,-0.09085410747328933,0.24599232970948312,-0.08831563150342185
-0.02833400066442744,-0.06281572586112495,0.08911778169545946,-0.12631773872510502
0.056419107314754566,-0.03976901343442951,-0.08558205025214233,-0.2010162973865486
0.1413479398821509,-0.0222451246811808,-0.23932725313973602,-0.30085972153950596
0.1960053875129198,-0.011804499984903257,-0.3363047177235173,-0.4031170589059105
0.202166665918786,-0.011119047346638121,-0.3542072801381875,-0.48121791303855915
0.15873349522026098,-0.022811121384604543,-0.29085252560539065,-0.5135416338763382
0.08033327410135692,-0.04747909376013735,-0.16459952715952209,-0.49059184437173947
-0.00946310127666979,-0.08184004137643774,-0.008397018402261446,-0.41810912618770535
-0.08745025191844036,-0.11804253378516923,0.1405028104491095,-0.3151489715825461
-0.1389744912922729,-0.144846683504403,0.25165204485943576,-0.20792831708167173
-0.16196327052270748,-0.15063671008730106,0.30961115659314337,-0.12167075678119138
-0.16552524828856388,-0.12740221614633526,0.3166505870645199,-0.07325617025770487
-0.16405280929434823,-0.07424969456667999,0.2893866757334911,-0.06703558255097596
-0.16953910279407455,0.0010350639573123278,0.2509672821565126,-0.09492108186616377
-0.18548092825426074,0.08327903978154555,0.22193225552719087,-0.1403059986328112
-0.2050221069921981,0.1539556775952717,0.2131688224114635,-0.1841003321741222
-0.21418730437502254,0.1967583133258151,0.2233868610643222,-0.21062681420897048
-0.19888486348051787,0.20279033562504564,0.24167239247679634,-0.21145504060334203
-0.1526938242270864,0.17342385609160524,0.2536828062959302,-0.18625283348139343
-0.08198012474525751,0.11962221976390489,0.24869958245869303,-0.1409587333691775
-0.005832193525173983,0.057801303796420324,0.22455873710100296,-0.08452637959877257
0.049670445166244706,0.0036524213250331296,0.18847841774040747,-0.025809008170242665
0.06101589191143216,-0.033765827445704215,0.15356807416739623,0.028227395643384064
0.017096838634344413,-0.05532435783157337,0.13261083592465045,0.0726217266713399
-0.074610034074525,-0.07105659074057045,0.1318326349650304,0.10342649219323924
-0.18831074220820251,-0.09540329320830274,0.14736568024092808,0.11670449480856092
-0.2870931080200416,-0.14015163117985674,0.16599516860002303,0.10854399557929277
-0.33492692268870583,-0.20780714462198172,0.17000828441077367,0.07649519718146777
-0.3093895999194358,-0.2881886248625746,0.14426331101690976,0.021943137065554445
-0.21053539316949416,-0.3599909935147371,0.08265199278877718,-0.04778700363000784
-0.06250089632272494,-0.397250742736114,-0.008678582855457665,-0.11897929473531775
0.0930866884313674,-0.3787210140330911,-0.11272343400828927,-0.1736251432105377
0.20993541457577172,-0.2968533630086554,-0.20719937861432614,-0.19395304477907616
0.25191771498735566,-0.16293293564852654,-0.2722164315328284,-0.16814665007354326
0.20487123287685954,-0.006055443049793824,-0.2971164007631215,-0.09525210963715729
0.08131778606064519,0.13428108695035945,-0.28386915046826655,0.012742853118823741
-0.08353118032571775,0.21989096742654038,-0.24575369664138108,0.13287158151072798
-0.2431097983893365,0.22615586755804018,-0.20187924978784108,0.2370274825260916
-0.35428706250111736,0.1506344066419001,-0.16969989482093947,0.30005972705470957
-0.3905933460790272,0.014897595182310869,-0.15842179834584003,0.3075388801512756
-0.34950791348061794,-0.14132798431308993,-0.16581196574450421,0.26053089254857315
-0.25158828558550994,-0.2720164381451602,-0.1795605777869131,0.17561612406331883
-0.13210003746276353,-0.338913253566633,-0.1825701691502995,0.07997277107483465
-0.028364291225374705,-0.32321526225852887,-0.16004620139870349,0.003051549350440605
0.03262131999492353,-0.23101724758041708,-0.10562346390568866,-0.032423872039823935
0.04205224989798104,-0.09077671373161067,-0.024210081500736946,-0.01714175597635111
0.010246653682757697,0.05625387661179673,0.06943851491049094,0.04261067255003594
-0.03920838791471953,0.16932214557357067,0.15573627944949026,0.12786035219942557
-0.07953111427160699,0.2207020131144642,0.2168550147056959,0.21378212791881376
-0.09111263930329286,0.2033344182030533,0.24236732422095889,0.2779404726790368
-0.06837684975992052,0.13125945294820376,0.2319315600162884,0.30702422934945056
-0.020834257360866266,0.03306787915426269,0.19426976348315286,0.29982188496888434
0.031702926871724636,-0.05900657703872402,0.14317153626804097,0.26564935522440125
0.06761556199517908,-0.12033777711086897,0.09234952062457336,0.2191502659430063
0.07228614005202469,-0.14155301169054102,0.05125128191232888,0.17369841661248994
0.043877395260019776,-0.1300892715047182,0.02332619507893567,0.13606053537216223
-0.005973630188972533,-0.10546407006017884,0.007055385188284394,0.10438081344267318
-0.056611680723494505,-0.09033251238639214,-0.0011845300177721182,0.07017292409159011
-0.08611773345696315,-0.10083486380348576,-0.004096129260473106,0.023388482763068368
-0.07937173224157099,-0.1398505262259476,-0.0018824594225496732,-0.04160319173564613
-0.03345747723188658,-0.19557293329314057,0.007099884597986508,-0.12166861536934287
0.04143921691151156,-0.24578813640512273,0.023865790062182368,-0.2041233715906377
0.12574989882132687,-0.26614379874358995,0.04592564784324553,-0.2700528608855083
0.19729076503169507,-0.23929574240049187,0.06577365026223618,-0.3006746529596647
0.23850465046299624,-0.16159520907588976,0.07199065807437213,-0.28444107437337596
0.24160844570775458,-0.04496573192788402,0.05302855228682546,-0.22219454646206338
0.21002196006048998,0.08659111486383483,0.002395966816657744,-0.12830508753996075
0.155926014712934,0.20450503747079807,-0.07693585218773576,-0.027120642917096587
0.0952098180343484,0.2844547007022341,-0.17109204422414118,0.054261053119574736
0.04189618571771725,0.31345709670217803,-0.25802191823530707,0.09454340607621041
0.004111030547584031,0.29294620776525215,-0.31397021883233445,0.08521894284683267
-0.0171333695288101,0.23706723790184012,-0.32163167711503016,0.03358535008206882
-0.026276544118993606,0.16709449736970153,-0.27698260138650393,-0.03930535145264808
-0.029720167615803518,0.10412933243505579,-0.1919831259873774,-0.10516971017752069
-0.032162079257341006,0.0626392495195186,-0.09170317886995691,-0.13741206650107643
-0.03429887648237419,0.04688299723731551,-0.006481321098214721,-0.11959129517879605
-0.03272794296318951,0.05108825061743356,0.03829992744652972,-0.050764544547079724
-0.02189194646665349,0.06288496701344404,0.031140873915267934,0.05391985608242379
0.0029337313605851873,0.06844993423636478,-0.021357669609045928,0.1674746827972435
0.0429762755720285,0.057426790180082586,-0.09678482674460365,0.25876139891125993
0.0947631683652368,0.026018602634746202,-0.16512197872762446,0.30121144026193647
0.15083787572945762,-0.02249758577899832,-0.19997800184688702,0.2799877933984745
0.20201996555782004,-0.07958671966356833,-0.1887015988447633,0.195610394877752
0.24021674851898248,-0.1345952988148026,-0.13748327949813982,0.06324253185106163
0.26063058832571134,-0.17793461610347286,-0.0693326540990714,-0.0918435582914603
0.2625416987381555,-0.20327103909266425,-0.01546787123570548,-0.24105480016595957
0.24851031087402867,-0.20827145797577679,-0.0031935231150969526,-0.35946815482591266
0.22253288765079976,-0.1940914308350671,-0.04479067970686082,-0.43113977194192565
0.18810421907092398,-0.16421818648403386,-0.13170705317504824,-0.451538580858589
0.14710924568821965,-0.12334813291522696,-0.23645564775740494,-0.426853621831004
0.1000219821075419,-0.07672006772963984,-0.3217782205013244,-0.37080784590614213
0.04723245328720743,-0.029914250849353227,-0.35386775940648796,-0.3001859326660534
-0.009246556575887748,0.011211059219840966,-0.3148262899559355,-0.23043239535192728
-0.06466590243203904,0.040870080974974785,-0.20970222086416138,-0.17242773180749923
-0.11176674293560102,0.054225767754424316,-0.06537931213356868,-0.13104529282227279
-0.1425082694475674,0.048667251845575535,0.07841940869646419,-0.10551833643425272
-0.15075925975427543,0.025016931515328553,0.18280838039139596,-0.09117513952814509
-0.13490913772430668,-0.0119446616203858,0.22311414288962053,-0.08183466242548271
-0.09926694068296679,-0.05408670925309667,0.1970369475198576,-0.07212049443162104
-0.05350654228757192,-0.091703821949877,0.12460492319911623,-0.05910449632149111
-0.01014270083630575,-0.11599848222558595,0.039982392106198604,-0.0429552750250657
0.019199443095178303,-0.1214549096691573,-0.021755270594084962,-0.026557339529877003
0.027442500389668802,-0.10725007333096089,-0.037875860391539416,-0.014318487449361973
0.014324660505344925,-0.07716599378477017,-0.006260199361510228,-0.010554431351278126
-0.013573403177817533,-0.038029325289919334,0.054436397959056075,-0.01791168217442456
-0.04509062802991497,0.0027176563572901993,0.1127716631135368,-0.03625886031205816
-0.06825186896278061,0.0393620279030206,0.13757864992627558,-0.06235177099609389
-0.0742092201465325,0.06926796997595044,0.11106450201180655,-0.09038088232517183
-0.05998063706304146,0.09273967476963131,0.03684812774765846,-0.11327923475481894
-0.029070806374968408,0.11155519674275219,-0.060278856259238026,-0.12445686380768407
0.01014842997363333,0.12691872945542276,-0.1429588615315911,-0.11949264295217385
0.04760431814856723,0.13785931695691975,-0.17513962624655308,-0.09730301958442897
0.07501102964626355,0.1409359107999825,-0.13605060353926707,-0.06043638807181646
0.08840085763232569,0.13154144341678722,-0.02899167038230223,-0.014386187544142726
0.08884970209406991,0.10635710093470564,0.11850289679510893,0.033891801039872514
0.08127752031277251,0.06590614934847917,0.26339820516242063,0.07782290403259669
0.07194261378661942,0.015969052980122692,0.3617647639887501,0.112861021883424
0.06570975480912564,-0.03303515208914248,0.38402618506856623,0.13743769350240664
0.06418882087140351,-0.06882250930647141,0.32532981024845375,0.1529310328394614
0.0654256083692926,-0.08137915739091696,0.20726187780394348,0.16269181611836092
0.06516222017665127,-0.06697878221562698,0.07025764570770121,0.17047574623238415
0.05904541755834135,-0.030453202371741688,-0.04057776547310967,0.17882852516942657
0.0448024631862431,0.01541795478259248,-0.09115464098586328,0.18798394448463748
0.02345940745753525,0.05353297985979485,-0.06999751327103572,0.19565793940674442
-0.0008903293948540788,0.06809304352829867,0.008314969671416659,0.197813299741849
-0.022637220380329,0.050346745193899776,0.108966200529338,0.19013639102778362
-0.03684594329356515,0.0023546386823783184,0.1897393129628584,0.1697233031151811
-0.04114918263319409,-0.06277143093904619,0.21616879187880716,0.13640091582054512
-0.03655022032313449,-0.12452794949706529,0.1735659531142488,0.09323054986116178
-0.026811624678918122,-0.16156406616941163,0.07171937083213772,0.046013224242525394
-0.01671076306566858,-0.15899449140809077,-0.05920393632929582,0.001941514222106361
-0.009925621619880405,-0.11396914800224757,-0.17984134793929968,-0.03218629457634144
-0.00747538430206735,-0.037475171813524236,-0.2556966310446294,-0.05164564714667717
-0.00741098509344946,0.0484236231196902,-0.2689679952067549,-0.05486428455585947
-0.005923355650712194,0.1171498459279356,-0.22398731152877088,-0.043608534534561365
0.0005734829915951368,0.14588492373214781,-0.14454052504206488,-0.022269440936744093
0.013269333237776688,0.12282557865185574,-0.06431167678118019,0.0034892035897550857
0.029666324031660866,0.05100509381962995,-0.014123568687572526,0.0282854636512598
0.04382612448780388,-0.05259260947157379,-0.010678674995310267,0.04831076235613504
0.048212172109150034,-0.16230753796649103,-0.05081072609693015,0.062004328731499816
0.03652815628544742,-0.25167276641406106,-0.11314992413225762,0.06996692529206178
0.0065040195136737335,-0.3012409738488793,-0.16639040590048948,0.07421015976864023
-0.03847890286079862,-0.30381073000469355,-0.18102180330957632,0.0770357866261026
-0.08966332056499582,-0.26545644436705584,-0.14026276099186386,0.07994137931136157
-0.1351608738414355,-0.20225499093090704,-0.04636308207165901,0.08293012963189417
-0.1635065262153665,-0.1340811978834177,0.07979726470814984,0.08447186510018778
-0.16734695976275682,-0.07778944044433483,0.20547386813484939,0.08215657137982911
-0.14598180919302958,-0.04218782086179787,0.2966711204042055,0.07385613327718824
-0.10582922842667788,-0.026438790885720907,0.32888933435451156,0.05902606124172614
-0.05857988428647266,-0.022191458550643074,0.29443939312822565,0.039690861103016346
-0.017593823697093964,-0.018366541408258726,0.20411612624535885,0.02069869065062198
0.006295389260475375,-0.006583019974804381,0.08303979434256392,0.0090066195721247
0.008189501214624365,0.014934525286673706,-0.03758855453013006,0.012034068397563692
-0.009378491644320983,0.04046363180040842,-0.12987585350054914,0.03543105847183234
-0.037353153959457625,0.059190661375492386,-0.17671928319940253,0.08085988329543799
-0.06316696756479781,0.05990808116916644,-0.17524928631018316,0.14449468966190565
-0.0748629913073911,0.036108041534224256,-0.13563223501950342,0.21684378504836346
-0.06499062713674487,-0.010574237888066832,-0.07619136120797779,0.28419025104371
-0.03302947579163789,-0.06998384207183028,-0.016858429425102538,0.33149173522775055
0.014408595584325534,-0.1263848790262071,0.026780711627401733,0.34610375515169606
0.06562677915215236,-0.16369911900968298,0.04711672164087022,0.321344173539139
0.10745913274511815,-0.17114269223302253,0.04511809715273593,0.25883197359663496
0.12930459087484708,-0.14717951107272545,0.028287572235132268,0.1687751054212366
0.12633607178818304,-0.10030262680200712,0.007125341148956309,0.06791345192112247
0.10093564400143545,-0.04629885430510282,-0.008515616495784679,-0.024494430983159073
0.06197608024180507,-0.002925942061799622,-0.012079281209516233,-0.09162340518083306
0.02222406026727874,0.01613080452092582,-0.0014509932896317364,-0.12358951802149258
-0.005321890197609854,0.0058936710991240255,0.021296741905671303,-0.12016908004567914
-0.011077011106809392,-0.02830497990039936,0.05104733598847277,-0.09084712601152141
0.008522040020622465,-0.0727950127141943,0.08107708025867465,-0.05207922468481567
0.05012215327985143,-0.11039219303536815,0.10437057793181069,-0.02249111098411214
0.10443406451023751,-0.12635625074597415,0.11468359207623949,-0.017389166746376854
0.15873107101853523,-0.11339513375879003,0.10743377103005665,-0.04419558167103102
0.20012626270447634,-0.0739996376133211,0.08053076484931562,-0.1001656222375475
0.21873417735407458,-0.01936164310877938,0.03511622138162894,-0.17306266257515612
0.20991794779726142,0.03466170195071477,-0.02401791963937847,-0.24457281077347356
0.1751192903262824,0.073059997434468,-0.08867697796908722,-0.295420428941425
0.12116996731854285,0.08671152848145944,-0.1484352763851824,-0.3106601469756633
0.058376164220573644,0.07523667856835478,-0.19269961904824717,-0.2836193079755338
-0.0020484384891956676,0.046765690658504666,-0.2132429883995451,-0.21743422733949924
-0.05051220856564929,0.01482818559708689,-0.20647584736549787,-0.12389604678180265
-0.08092167285447387,-0.006440654243554003,-0.17465513459221096,-0.020134928007120422
-0.09151254583293626,-0.007055904729141911,-0.12548291540949066,0.0757390413391282
-0.0845504397163885,0.015719332383794964,-0.07005875764856254,0.14872828191620863
-0.06511826027879151,0.05688930747157294,-0.019742607946165412,0.1896995470733976
-0.03942518295341976,0.10584345343922333,0.017074307788423282,0.19626703825131842
-0.013151943458634083,0.15015860151252097,0.03719477158561203,0.17192028217152938
0.00972455516068946,0.1796405593408702,0.04305123798708003,0.12401990859347925
0.02737769683967454,0.18918311784095837,0.04119023650252103,0.06150403572901758
0.03984940717802475,0.17955755646616497,0.0393575648571648,-0.0069594206164966775
0.048268019797515035,0.15606927832471848,0.04326802361145175,-0.07398612357430036
0.05392617947880418,0.1258112983424917,0.05428083732774477,-0.1336851853353008
0.0575782695127428,0.09471367742265097,0.06887806272201401,-0.18141267841914144
0.059188891831109106,0.06557378018520957,0.0801678629185953,-0.213516141048222
0.058159808504367236,0.03778247706448608,0.08085636144358366,-0.22739005643596555
0.05386075063364911,0.00873496425019182,0.06654613778814808,-0.22189358006028417
0.046167602337306504,-0.02377885451083761,0.03805525944299536,-0.19791155128723803
0.0357181901712141,-0.05930231083928301,0.0017816176843373232,-0.15869758397009437
0.023730467344385855,-0.09360193535401527,-0.03214945590915729,-0.10968715541409263
0.011437990379365123,-0.11929037218077515,-0.053379947436402425,-0.05768167940286353
-0.0006028693198887767,-0.12805051602287376,-0.05523247674801672,-0.009579302657626892
-0.012978223043523142,-0.11367112055872676,-0.037601388465361506,0.028964105514967167
-0.027349465103039955,-0.0747456985389619,-0.0076859306288562705,0.054515906250043406
-0.04574657947436841,-0.015966703590290027,0.021843239197070794,0.06620130714976624
-0.06939331884306105,0.05256259050002464,0.03675803559918376,0.06536315270788769
-0.09748642113998009,0.11785892774291906,0.02603366637178261,0.05477966537168603
-0.1264648157872907,0.16761752305713556,-0.014114107418110719,0.037816439436865246
-0.15021444427336583,0.19360111224321766,-0.0782916115463754,0.017850266573128024
-0.16136649137911646,0.19371565889488845,-0.1528074550915528,-0.0018974365240825948
-0.15344725414671614,0.17209587485940653,-0.21918737059997223,-0.01824166634732478
-0.12326652801893512,0.13723078282205803,-0.25929913532161625,-0.027944441123624448
-0.07273411848997954,0.09884570780326996,-0.2605540550456623,-0.0279853894776058
-0.009367550154348247,0.0646723510379506,-0.21963133300228938,-0.016337218302459496
0.05489568648800387,0.03823637852116188,-0.14363223494147812,0.006922519999231195
0.10643635505896093,0.01838181912960406,-0.048351137667297345,0.03862854932506052
0.13355498682937528,0.000593200462101148,0.045803001094499966,0.07226310378488776
0.1298871345550728,-0.02048227641258564,0.11904726723995092,0.09885477895736286
0.09654272376951611,-0.048326597969989823,0.15716131906806863,0.10909106155206398
0.04220213208932265,-0.08269811983848112,0.15480678146812082,0.09618067796277215
-0.01899727534279552,-0.11931491351258197,0.11642632540462965,0.058575114890075976
-0.07125587032968794,-0.15115323842993533,0.05461446383540187,0.0015164193873501196
-0.10149948068241688,-0.1708296205408472,-0.013474455210246735,-0.06337496154575128
-0.10303999778123181,-0.17314578709686682,-0.07064353828881295,-0.12066546141093393
-0.07737575153678682,-0.15684768839439733,-0.10389353052297771,-0.15526767196783586
-0.033557022280651105,-0.12498194468713343,-0.1073390216824051,-0.15699373448097476
0.01470159248442078,-0.08378666501755412,-0.08315980557728836,-0.12402816568271165
0.05327025602857007,-0.04060866129790457,-0.040479369958958344,-0.0640739836645474
0.07189247520407034,-0.0016807610728473462,0.007417938481099188,0.007383614740019033
0.0671840472532777,0.02940515558279067,0.04673565803654919,0.07131613612560396
0.04343280685958554,0.05202158700280416,0.06671675913194203,0.1106528441440439
0.010997950444509757,0.06763458823938455,0.06220983415583018,0.11532804332020322
-0.017128732495235915,0.07824056981624997,0.034650797151383306,0.08525197715212775
-0.029468844177050205,0.08487948951744653,-0.008711324188548442,0.030230743645407888
-0.01958871564232917,0.0869265673550194,-0.05705602418712017,-0.033149461050605136
0.012065007660533752,0.08249375344941298,-0.09903536709118231,-0.08666493421919821
0.05852462990068125,0.06975257783475579,-0.1257606037228867,-0.11596095782099429
0.10863330733557526,0.04854174838483865,-0.13291357814152166,-0.1146687372180868
0.15050943569383735,0.021441576968894836,-0.12143728361853454,-0.08587712611242472
0.17498899531714068,-0.00632677729312616,-0.09668904861596535,-0.040607480326011726
0.17797153585223988,-0.028341987155253556,-0.06640178134487025,0.006070525690550867
0.1610245882600102,-0.03933407023092048,-0.038152002797558225,0.039910937605208675
0.13021723696768323,-0.03755130099753278,-0.017163353107714528,0.05174272012225549
0.09373785053858785,-0.026115048205975232,-0.005133393239018488,0.039805217809104426
0.05920615681356025,-0.012621101730930234,-0.00040118520249130663,0.009597136251504807
0.031607337190695084,-0.006870021893318832,0.000704301669516106,-0.028474337165412773
0.012470066661103453,-0.01734900369560494,0.0019138378483197075,-0.0626729044598338
0.00040884910850551233,-0.04765912343984767,0.005253056582223706,-0.08347935207703035
-0.007355747893679159,-0.09424528039071221,0.010166973203189524,-0.08600979964117944
-0.013213830604837714,-0.14644354291693518,0.013885299861279232,-0.0707279419595455
-0.01787433789277911,-0.18910159894068732,0.012883522452436328,-0.0425159596582882
-0.020069318808600647,-0.20710695886685168,0.004839937622222148,-0.008691455047346636
-0.017326243660703747,-0.19040661157653166,-0.009745686448216804,0.023212472856622587
-0.0074353824922652155,-0.137810254944336,-0.027017904408114784,0.04719032331611576
0.010046761548571719,-0.05817309105563543,-0.04066819572030356,0.059658895533559145
0.03293656825605115,0.03162174514419155,-0.04406478470226458,0.05953585356490432
0.05663140180501966,0.11138553592436108,-0.032880649997504716,0.04782201529928721
0.07538705809622127,0.16360092645810043,-0.007220315248732471,0.02707520040913975
0.0842287644113287,0.17871418130753422,0.027653241199470546,0.001020695594610732
0.08078219765414485,0.15797076725382106,0.062432699781775756,-0.02570282252571428
0.06630190500544882,0.11280917887460566,0.08650102554562322,-0.047863977964425465
0.04544454488418066,0.06097618792949562,0.09143982897607902,-0.06026674411954638
0.02478919545930487,0.020643068023131757,0.0741128699487802,-0.05877420147517656
0.010580975534583445,0.00449566670051885,0.03819619654539588,-0.04154634110889791
0.006490429370460441,0.015791763551272157,-0.006485849632175245,-0.010064201869617923
0.01221615548771426,0.0477100852791795,-0.04671475028240919,0.030566860092115303
0.023488570608322032,0.08618231588962355,-0.0698787005341552,0.07238122697248489
0.03354589101548867,0.11519403915678653,-0.06791250401246808,0.10636597623622097
0.03561863449843926,0.12268368621113777,-0.03985534101781063,0.12487330595520292
0.025568270054086538,0.10496201647064729,0.007842059938095183,0.12387073094513924
0.0037255384713071288,0.068093705807738,0.06336569555974422,0.10422577115215646
-0.024788299463524493,0.025748177760602228,0.11324274862506961,0.07149962465351091
-0.05146988972881707,-0.00573251804116827,0.14644573535143568,0.03423737831678555
-0.06718197942568319,-0.013318828866697595,0.1575278240912555,0.0013002585736970383
-0.06535863333274115,0.007778121096078581,0.14779006806320494,-0.020834748380629247
-0.04457776583750065,0.051989895190265964,0.12419254712997123,-0.029844622308445184
-0.009572353304293802,0.10487308214219168,0.09651249701497856,-0.02777267036062712
0.029761849976678436,0.1477352386838551,0.07383647714647082,-0.019649010815588223
0.06114801705854396,0.16386132229293165,0.06164540771903177,-0.01110383751169672
0.07367680258563944,0.14423955939582075,0.060462504163407156,-0.005955240627100386
0.061344867668566234,0.09084683802564449,0.06640802803389595,-0.004760669401857445
0.025231378743866405,0.016374106515742483,0.07328633376829799,-0.004924391771246908
-0.02643537750229333,-0.059533413538543,0.07529148795856858,-0.0023035760216666926
-0.08041217131406943,-0.11628757301174987,0.0692525473529238,0.0063866943002649215
-0.12216877551214328,-0.13865431422526342,0.05559438222835962,0.02143731012346484
-0.14009085499636031,-0.12130398315129926,0.03774838020561442,0.03927618659820016
-0.1288802757646418,-0.07019076918354553,0.020379970650989027,0.053368275354378956
-0.09112123099286087,-0.0004011325457856156,0.007255838113973051,0.056650697030661806
-0.03655057086234761,0.06873551796233357,-0.00032107874461093083,0.04458889131691026
0.020720412025667902,0.11962346230711735,-0.003857125610151803,0.01760000820084765
0.06616563589703857,0.14152715038461217,-0.006679167302394533,-0.018250411641882073
0.08878263857177594,0.1332668939474229,-0.012071231103613458,-0.05275056752560925
0.08385509501001874,0.10276011804299218,-0.02137415331076904,-0.07485862460810087
0.053789528925711136,0.06373747920660665,-0.03291408239750681,-0.07668958705185919
0.006896691539211127,0.03085639112823242,-0.04229270540238663,-0.05667834551884916
-0.04538147033975146,0.014882222074669623,-0.04401110673717898,-0.020642472191913973
-0.09185851539819838,0.01948592308362564,-0.033834873669654604,0.019801630836372576
-0.12454419909164056,0.0405874526801737,-0.010967359829271417,0.051034983423745114
-0.14030143971578085,0.06828916048111673,0.02087923931808623,0.06214939195885461
-0.14085288909642985,0.09059868472193433,0.05404114576420934,0.0488788425487277
-0.13132258871660732,0.09761128931583764,0.07901207260404028,0.015275510801143989
-0.1179467766823974,0.08476006033589337,0.08743489564114063,-0.027552996741173112
-0.10579373105468098,0.05413787277273132,0.07494973962949451,-0.06525796294621915
-0.09724562194573812,0.013586803496462652,0.04288784108938165,-0.0852755605199332
-0.0916663676311329,-0.02600800906456961,-0.0018148863714425613,-0.08125246540445719
-0.08623657674611405,-0.054237119022091836,-0.04849807561111915,-0.05525434867092711
-0.07753733858199426,-0.06432710247430085,-0.08584754921727566,-0.016940387170931086
-0.06324065154748978,-0.05497398354787725,-0.1051535512429863,0.020001229681238495
-0.04327862293597035,-0.03037729151963711,-0.1027093310413686,0.042851634702823445
-0.02009359494535237,0.0013927378664633865,-0.08061891884985725,0.04445850766204049
0.00207761088996826,0.031052131268664945,-0.045835279440086626,0.025747904589859573
0.01858938374491996,0.05088092594791794,-0.007835387739756427,-0.0047576548543853655
0.02592968978128067,0.056766658616986154,0.02424754574007138,-0.034212155769887405
0.02287965968065691,0.04897018520898446,0.04410424411361522,-0.05027694521632685
0.0109112245618525,0.031519556719884406,0.04962025203260983,-0.04571045242892902
-0.00627774549025203,0.010567662597841762,0.04284519273441182,-0.021024364326823423
-0.02389779047004244,-0.007673235913233102,0.028749658185413758,0.015752642480191696
-0.03747067654584457,-0.018751685534186865,0.013321684510408091,0.05208196203228025
-0.044040542460339144,-0.021040938351016957,0.0016870217684369806,0.07555020857759427
-0.042830665876185156,-0.01582965760989432,-0.003177546053635316,0.07840712716104584
-0.035191245654683644,-0.0065435653411496635,-0.0008565647725127609,0.06034611116939023
-0.02392342026213382,0.0025535067158922982,0.0069135543130593325,0.028544047370313665
-0.01225413175176337,0.007727984857189172,0.017169941068702652,-0.004997864208768013
-0.0028181885550840526,0.006812530895662744,0.02676275667881645,-0.027785485820176276
0.003037523127694865,-0.0003302470426493609,0.033173171984652056,-0.03122687134366449
0.005450327918658755,-0.011950896902979373,0.03494366611679401,-0.013508715991421862
0.005739404568609703,-0.025020390706807873,0.031737470664130685,0.02002271422500067
0.005762192198878397,-0.03605972803577483,0.024162407383097252,0.059010885180369656
0.007174478889521763,-0.041944035524139806,0.013513540376576493,0.09188496163243036
0.010838777485935612,-0.04050177106936791,0.0015269009137070238,0.10986314057182033
0.01654949331707734,-0.030832415414113825,-0.009852142605406506,0.10972149409790843
0.023125912530861156,-0.013359655197060243,-0.018737203728534758,0.0944134599203177
0.02880733802363301,0.010308825445937218,-0.023644073176128756,0.0714610629218848
0.031803861852392326,0.037637325168321106,-0.023874292958462207,0.049857487604858024
0.03082944726682837,0.06548384095662692,-0.01981824931199032,0.03671740760909791
0.025469961958706044,0.09047300123903182,-0.013015528759986654,0.03491836441514973
0.016301232961988016,0.10942345469426243,-0.005853678644837963,0.04251895031189737
0.004747828955088503,0.11981942335656938,-0.0009124365602507685,0.054017669818625276
-0.007259748274023296,0.12027583968680013,-0.0001212825529280672,0.06281979109997035
-0.017728318272277957,0.11089998345211366,-0.004019926440354394,0.06387201656120121
-0.025030628531650608,0.09342745479333565,-0.011427567691185369,0.0554442023885217
-0.028218191879173408,0.0710291500411865,-0.019711398628587548,0.03944888713287877
-0.02715259676405646,0.04775518848324453,-0.025629208709403706,0.020308301546595107
-0.02243724268906698,0.027687019824184454,-0.026485762751871998,0.0029499056506045365
-0.0151813774261284,0.01397772520067081,-0.021186668066344623,-0.009186421176972062
-0.006669967570600248,0.0080326112515854,-0.010771683318558274,-0.015316882368859456
0.0019635566298073803,0.009084113843187908,0.0018218564608979877,-0.01723843839741677
0.00996664153520657,0.014333532596502522,0.012730014367879352,-0.018130303386465523
0.017033639164503997,0.019681768403490837,0.018538792349131562,-0.020814629114650124
0.02319491423509133,0.020892750450077997,0.017554846867495318,-0.026258837565629647
0.02857572605649494,0.014882339727941502,0.010469298147289925,-0.032970952116554014
0.03312133193583762,0.0007552808132754651,0.00012511969889774258,-0.03754382934119175
0.03640513939789172,-0.019744829893764332,-0.00956177086724985,-0.036115187853663876
0.03761636183146888,-0.04255491018331099,-0.015139290403084227,-0.026129739060843614
0.03576435539423204,-0.06233963179604617,-0.015024256906341979,-0.007668471735895554
0.030055366500105384,-0.07399633418622968,-0.010209652825724128,0.01621044063988266
0.020321390112331885,-0.0741871434571067,-0.003957662707228154,0.04027523639911973
0.0073396637936045004,-0.06243266876468731,-0.0005490879151554698,0.058771269606803414
-0.0071048060627163685,-0.041411310922957995,-0.0035367613764325997,0.06729543674559757
-0.020490368056512668,-0.016336302215107113,-0.014168210755675224,0.06419697878067346
-0.03013134933658362,0.006437649071541562,-0.030608926318471712,0.05100548212863912
-0.03390866466962639,0.02118215463108679,-0.04831575404100895,0.03176923830550377
-0.03094098894104114,0.024413050769143615,-0.06148106445871699,0.011597058022169478
-0.021972756806750034,0.015867139315644856,-0.06505391719035308,-0.0050259561043320125
-0.009324888092272424,-0.0014643477317337155,-0.05660495136586648,-0.015533493713323973
0.0036183625918581428,-0.022259098268694922,-0.03733415679288079,-0.01976047948290546
0.013267344396972735,-0.04046039050193971,-0.011819471136347131,-0.019528135166763935
0.01679499321643011,-0.05105400940187828,0.013438525993488968,-0.017591047392958303
0.012934521120870006,-0.05147913829560974,0.03217487577836077,-0.01642034966279209
0.0023684164635468263,-0.04224843475655292,0.04045451605705271,-0.01730796723246408
-0.012411870150001572,-0.026609331682281155,0.037950921595239995,-0.020095800290771515
-0.027739802088248493,-0.009386366830907553,0.02795013601365033,-0.02354891784444195
-0.03972048663786866,0.004598376681216754,0.016083054354181326,-0.026127138796110415
-0.04522169792685182,0.012007032588700006,0.008248334298623976,-0.026771505401492306
-0.04263587441740757,0.01190073926633989,0.008475829989881885,-0.025357963788101266
-0.03221631680562373,0.005821699480461504,0.017491923742793094,-0.02265139274782895
-0.015920918383871423,-0.002938399464908303,0.03248349209977717,-0.019831292051170887
0.003162575515087107,-0.010596017637315353,0.04811871501758325,-0.017849496008668444
0.0216275771507122,-0.014209797779647752,0.05843477127158672,-0.016940999332457237
0.03656693320541393,-0.01263727483212391,0.0589080717493876,-0.01652168929060175
0.04619095286315204,-0.006810412582770379,0.04798368933886668,-0.015516928492294654
0.050112655453045045,0.0007269114377164629,0.02756102426532162,-0.012960796889894563
0.04926748592409815,0.006820863558637366,0.0023209834568444663,-0.008578762290783025
0.04552811379060368,0.008874878759397777,-0.021812836190656125,-0.003071509968882909
0.041138556160315656,0.0057697047662962075,-0.039508338026101646,0.002049610111348188
0.0381159550981039,-0.0017699449747941162,-0.047526769921508345,0.005024569337892268
0.03775625675120576,-0.011461248771355334,-0.04543305397438484,0.0045734689489576544
0.04034324101022807,-0.020269964698576854,-0.035370536595141736,0.0004811520222326227
0.045111785344398914,-0.025433705250542112,-0.02109033955170444,-0.006219820200472541
0.050465533729643006,-0.025340662055685775,-0.0066549095616033355,-0.013560812234909283
0.0544014484118255,-0.01997501994517646,0.004713513083109094,-0.0193312248736762
0.05505206392120191,-0.010808952387965875,0.011294699778262862,-0.021883807945654875
0.051225039189865415,-0.00022059944131211495,0.012931469627837755,-0.020733106542069456
0.042806528887375433,0.009324848989780187,0.010616596662175452,-0.01671275250554171
0.03090939953305558,0.01603120254960096,0.005879759205850417,-0.011635210035506646
0.01769556468151786,0.019212914045405195,0.0002591154134393654,-0.007594819135618021
0.005880567577187715,0.019304619764292916,-0.004969341036220484,-0.006190598091369587
-0.001978048652555113,0.017485756134089748,-0.008799133857601192,-0.007966031547713066
-0.00422627097402187,0.015101213408517023,-0.010372061222020208,-0.012264803130904759
-0.0006730947890149752,0.013115265240596499,-0.008912150519373852,-0.01752912561376424
0.0072284455230690456,0.011800162673354096,-0.003840029278758029,-0.021894613863890685
0.016675736603767557,0.010753237901329413,0.004937725081841863,-0.023832918662295276
0.024242488165951547,0.009202662297621412,0.01670306937382822,-0.022598327020755295
0.02684790342356464,0.006454104239302817,0.029769618510217415,-0.018337846471441602
0.022684015288372904,0.0022869742643137187,0.0416597332383902,-0.011875558691023035
0.011805958710272617,-0.0028586352357442214,0.04964782587602784,-0.004313387654657165
-0.003820832334237917,-0.007972531510959665,0.05153269428723946,0.0033533213344676682
-0.02085632876073114,-0.011800118813052448,0.046373254385085855,0.010444847391808017
-0.03555364330208514,-0.013273246428089936,0.034897535189862175,0.016577994596108165
-0.04485836152039907,-0.011882925164709103,0.01939383869981639,0.021489042167034598
-0.04728592893369254,-0.007860093833423221,0.0030814611591949556,0.02484742421578867
-0.04329063371099978,-0.002107316740426023,-0.010838541916213725,0.026205809964808306
-0.035008222810927865,0.004083631301882501,-0.02011902302020439,0.02515023439719306
-0.025467526861478847,0.009420772424570385,-0.02405070674237257,0.021593601228503553
-0.017549464431009108,0.01297158294859487,-0.0234866083093082,0.016057355114414827
-0.013057878315881104,0.014379223527598876,-0.020314666626238858,0.009760969963608337
-0.012222984627526709,0.01388060807696806,-0.016601076161511085,0.004405628163708624
-0.013798985292932029,0.01214334155496309,-0.013753127042493561,0.0016725351683835033
-0.01569977752115705,0.00999605997271639,-0.012035852997986155,0.0025995543672893947
-0.015920386466150734,0.008151675276835545,-0.010626398029695797,0.007085513243121378
-0.013389482523228548,0.007011256901802641,-0.008164769318820346,0.013754271943900631
-0.008428427944009897,0.006597247096936288,-0.0035519744971708647,0.020288198028515548
-0.0026437333009846184,0.006616052706204739,0.0033576846937682934,0.02415742184430554
0.001704054254121426,0.006609795798301013,0.011480452963958864,0.023501315757690038
0.0026123990282180265,0.006136843599460666,0.01878012759479212,0.017835400819876727
-0.0008207408814646299,0.004922997288722677,0.023002556346547166,0.008301276526366261
-0.007949975076931152,0.00294401997638054,0.022575789582188623,-0.002661324725183014
-0.016709518774707572,0.00042562894436008503,0.017306049400602194,-0.01212252316765279
-0.02427789022116383,-0.0022299147082202055,0.008573344369654356,-0.017662753890929223
-0.028042959731657872,-0.004565957771523131,-0.0010728004428165931,-0.01819513807024976
-0.026518085926192543,-0.006210185612336585,-0.008776798071443383,-0.014299727468966137
-0.01987825078555728,-0.006996265567720324,-0.012372805579998931,-0.007943252907869286
-0.009925119936145354,-0.0070373667363669784,-0.011130002150613919,-0.0016941236154904228
0.0005020757715601139,-0.006727337112561874,-0.005961648876140353,0.0022622017051418327
0.008455341393926287,-0.006657964903413452,0.0009765177657351443,0.0029259087378588817
0.011817320999104625,-0.007460269336509856,0.0071331540486001275,0.0007957657646441852
0.009930278699056286,-0.009601975434185124,0.010516295495541853,-0.0024204167389175403
0.003716868628792067,-0.01319559405603454,0.010384209431338056,-0.0045717623217570585
-0.004716894953735251,-0.017882199908791953,0.007413916128705001,-0.0039936050742860225
-0.012825249690012634,-0.022846374386335078,0.0033042535827047114,-0.00022598817859080923
-0.018434333077026733,-0.026985012826228387,-2.1898188498500093e-06,0.005763979766782265
-0.02034434787173183,-0.02920319424237651,-0.001146627138269693,0.011939734671763525
-0.018545957709813266,-0.028759476633022835,0.00010928134732498,0.01598425961557315
-0.014030327697551106,-0.025550599258540856,0.0028474118459671568,0.01620225479888924
-0.008318998222399066,-0.020228162804006786,0.005453868890459872,0.01217753893300711
-0.002922457124303764,-0.014082937053022281,0.006365575753184206,0.004931780416855721
0.0010707883480173105,-0.008706199949304093,0.0047773857216825266,-0.003466104418317502
0.0031574411249238937,-0.005518317790393454,0.0010081106615185097,-0.010672047578847325
0.0033373063128242578,-0.005312770186312948,-0.0036261733732351883,-0.014907328260835866
0.0018892843013992861,-0.007974106968134869,-0.0073716567687125215,-0.01553921196354374
-0.0008497695568671879,-0.012481540873118977,-0.008785798123312831,-0.013190840525733032
-0.00458928166950411,-0.01721769552632422,-0.007353926087465805,-0.00936753482433351
-0.00904064606612772,-0.02049472589103653,-0.0037101773168761554,-0.005781703887764254
-0.01378415575850847,-0.021126430953228414,0.0006305680202042738,-0.0036703521681553876
-0.018162462525562,-0.018848088474466153,0.0039143906526199245,-0.003384281615783851
-0.02130833670423688,-0.014429508286076625,0.004889388567391737,-0.004397168731826827
-0.022346994926055238,-0.009429376664309498,0.0033298632594416034,-0.00569496627986693
-0.020717413240282798,-0.005665577745157967,0.00012007618617104008,-0.006343339829838536
-0.01647891434080871,-0.004581093490628135,-0.003138089042702928,-0.005962379553055283
-0.010448593399947631,-0.0067284810467189,-0.004825800107805851,-0.0048910111980258976
-0.004066812806938779,-0.011559346249124509,-0.0040159966311615145,-0.00397264915220214
0.001005404713441703,-0.01759949722820933,-0.0008848682092135412,-0.004071472884252714
0.003435220971226548,-0.022952668397336996,0.0033538598149786486,-0.005555907101614157
0.0027132106169607696,-0.02595603041191707,0.006968537226617998,-0.008005453824587916
-0.0006055461806290378,-0.025753789784195243,0.008464477785417744,-0.010299210696978478
-0.005032108731963246,-0.022583129664313997,0.007251272532805396,-0.011071245696627683
-0.008626065914557059,-0.017670293920766137,0.003931875729075626,-0.009345458360671759
-0.009670790647573067,-0.01277613394254729,7.95045677479632e-05,-0.005067850762044588
-0.007298993450729455,-0.009557740825295185,-0.0024151682161615185,0.0007179533481163396
-0.0018337953156383079,-0.008978695993584737,-0.0021586671883984205,0.0061633481915869025
0.005289772506763231,-0.010980637383422365,0.0011120706538907058,0.009287528549233667
0.012002951303990567,-0.01453097486053487,0.006352979201136383,0.008770951130815583
0.016310613625241638,-0.018022563898277805,0.011582079059664444,0.0045418753459029225
0.016970092494889354,-0.019872966558300825,0.01465693832915753,-0.002102972166854178
0.013894656803675794,-0.01910102014367,0.014148500241670052,-0.008920980519858084
0.008139888932770576,-0.015671790946652206,0.00995184430016548,-0.01354489023147641
0.0014894080344599824,-0.010491021890512185,0.003375482367805727,-0.014387597255385794
-0.0041942569931172026,-0.005061691823821229,-0.0033391801749212014,-0.011269360354988482
-0.007605285933089325,-0.0009383208824812811,-0.007883000692856067,-0.005507491670481157
-0.008383450418691303,0.0008163425122434096,-0.008782846314232937,0.000580671859400916
-0.007127557848892456,-2.3422864010527217e-05,-0.00597728383834144,0.004574697210405461
-0.005055041083214859,-0.0028139930706208255,-0.0008273767616607507,0.004896177897644135
-0.0034644940324211207,-0.006318230774951721,0.004445754912804727,0.0014255413613621782
-0.003224901118498337,-0.009172520581519085,0.007670767251622321,-0.004458217753876862
-0.004489825130115772,-0.010365053783211824,0.007613799720989635,-0.010433367636507151
-0.006730944157364982,-0.009552728307118515,0.004481183345269215,-0.014165308310132647
-0.00904865822584361,-0.007115127584854659,-0.00017031006078549747,-0.014237038508576709
-0.01060563936484287,-0.003948382386696157,-0.004081666720836598,-0.010705665263412566
-0.010987672739816995,-0.0010976782622234965,-0.005235239299463361,-0.005061537638541639
-0.010339637249291756,0.0006213003960770784,-0.0027081469472998755,0.00039094892446353373
-0.009231440831134443,0.0008713367785330484,0.0029154375479284456,0.0034767508755367557
-0.008331180357000824,-0.00016487594084820412,0.009745446915976437,0.0030321291641855173
-0.00804720257584873,-0.0019413067303146517,0.0153229347361856,-0.0006343698340069544
-0.00831096446907451,-0.0038177434395878815,0.01759614157729754,-0.005888113215754853
-0.008605202456394286,-0.005320948785068173,0.015740136830222344,-0.010458409227986664
-0.00822741001914661,-0.006293744320095864,0.010487144753256981,-0.01238569069843546
-0.006668041965829948,-0.006885366194521279,0.0038332386540942433,-0.010833996767003501
-0.003925635847339814,-0.007407966209430377,-0.001759367188301378,-0.006433265194663469
-0.0006034510237089068,-0.008138909548887744,-0.00434033002746295,-0.0010107629897280403
0.002274202912973332,-0.0091646365965684,-0.0032329915267445258,0.003176035174773737
0.0036629644353245914,-0.010335050559933749,0.0007269318678502839,0.004386122600250485
0.002952132982175286,-0.011341962461125921,0.005568016817047028,0.002127350547420977
0.0002735565134167208,-0.011876965139749927,0.009015763103907578,-0.002631062448752025
-0.003479375395496594,-0.01178910102853277,0.009436441476171214,-0.007856312153814273
-0.0069497718027713914,-0.011165519597319536,0.006504224953324335,-0.011297147828850478
-0.008824847383058798,-0.010296463960042468,0.0013199777501601828,-0.011426783911719347
-0.00835166663340708,-0.009541237327735253,-0.004062406725050155,-0.008091624002099982
-0.00564776974171585,-0.00915884542995718,-0.00750149788952432,-0.0025938582578337284
-0.001671319517983598,-0.009184412730722348,-0.007664039569808827,0.0028306416181854365
0.0021473109459315613,-0.009412309551381193,-0.004578306964070868,0.0059271719657855125
0.004470163173099251,-0.009498160642522622,0.0003841186100825428,0.00535379458928297
0.004585520982651718,-0.0091363675811984,0.005089210322064067,0.0012444353837420157
0.0026918067057121347,-0.008232548642173045,0.007540737960350447,-0.004831688362410801
-0.00018846819602220537,-0.0069886419131279616,0.006723339363165706,-0.010501429988533
-0.002633896232423128,-0.005854073655674773,0.0030349956163917688,-0.013553052945458844
-0.0034171025304355453,-0.005354606937268568,-0.0018742571634642496,-0.012839737046831229
-0.002022314492781404,-0.0058661920547838755,-0.005793439073105239,-0.008749209984857136
0.0011273950240457235,-0.007429718123292381,-0.0068859940390537016,-0.0030448142154428097
0.004830485227883676,-0.009690540623361183,-0.004479821358402732,0.0018583915327724922
0.0075927565139420295,-0.011997769172457292,0.000620291397795849,0.003885979604153741
0.008240897044381038,-0.013632253991771103,0.006434295636500581,0.0021570663513152803
0.006411163109498168,-0.014076598927094345,0.010605078342670228,-0.0026536045974627446
0.0027099846674749394,-0.013219234872396502,0.01136842365269087,-0.008594293802653741
-0.0015224900930390975,-0.011407579210048315,0.008295329207301468,-0.013241702326787778
-0.004750869696613921,-0.009324163214857404,0.0024970911555708027,-0.014701875846142524
-0.0058641322442003815,-0.00773072658986728,-0.003798137906160773,-0.01239397236323493
-0.004620566431661598,-0.007179502525171253,-0.008130984013077597,-0.0072930141686001005
-0.0017335109085947766,-0.007805625106198944,-0.008801178339832063,-0.001530243591299882
0.001438033093995099,-0.009283185899732576,-0.005559351545776364,0.0024855041372461436
0.0034653312087790755,-0.01096229133306109,0.00028364661497758646,0.003064024838891169
0.003451984085479814,-0.012131880066973652,0.006377696678105033,-6.319637182172332e-05
0.0014097630146199162,-0.012302633479986343,0.010275692214992313,-0.005623983263317607
-0.0017504804660508893,-0.011396685114351877,0.010415955341499626,-0.011321391264398201
-0.004610589305433203,-0.009769152781766925,0.006746502426784665,-0.014773965450366612
-0.005856049103036344,-0.008055101989994502,0.0007382793333124614,-0.014494556415278973
-0.004848699380386197,-0.006906329576731142,-0.00521685600163247,-0.010505298444846085
-0.0019173847546250632,-0.006726415024367974,-0.008777279353982419,-0.0043353514196563985
0.0017607826187978118,-0.007511955012964233,-0.008596036469429013,0.001598563425410975
0.004644314399938728,-0.008863274226866278,-0.004854790007126822,0.0049752002541627776
0.005477039528727847,-0.010157790187677188,0.0008277802679381393,0.0045123792003634484
0.003831044536367714,-0.01081256450073555,0.006072044932157356,0.0004844527614832537
0.00031089726865007883,-0.010526746062886335,0.008718305996947843,-0.0053977051175111085
-0.00367390890191841,-0.009404080175544803,0.007709460307791992,-0.010693454976673981
-0.006481101505146093,-0.007906138059295383,0.0035144974151933616,-0.013234253352213756
-0.00691865776840585,-0.006657261936140193,-0.002078243683824524,-0.012008410095384555
-0.00475420365246523,-0.006183247093389791,-0.006709739261331724,-0.007565804900600064
-0.000833929900133637,-0.006692400486026607,-0.008430273822786067,-0.0017782122253622611
0.003246242440885114,-0.007989145622784015,-0.006506204659803859,0.0029432764782539073
0.005788380448199342,-0.009554817869948133,-0.0017215840586000514,0.004648847436054185
0.005694997680313788,-0.010760982960651927,0.0039482782976569784,0.0026547941069793458
0.002934933985523596,-0.011126271000498176,0.008155141391624057,-0.002179149960080758
-0.0014248211362751578,-0.010510649659169518,0.009149411531502298,-0.00781286904208016
-0.005641378763960722,-0.00916794145984341,0.006503743859134225,-0.011877181266869971
-0.00800396713429125,-0.00763665944619261,0.0012902683143487794,-0.012659633561321607
-0.007538457960277516,-0.006516055146367173,-0.004361286072764585,-0.009815990349712131
-0.004416761453942745,-0.006220946536054006,-0.008141898980242302,-0.004512831815107318
0.00010188055337551888,-0.006816368066087779,-0.008515470453826848,0.0010573265367962163
0.004178780787172972,-0.007998749613838738,-0.005352133828155823,0.004586936373636431
0.006147674744730338,-0.009228918282179753,1.8459162167378217e-05,0.004612425156074629
0.005202127789615585,-0.0099594926494951,0.0053557561732203475,0.0011235237476725916
0.0017335926481089354,-0.009861185727060736,0.008432525915989449,-0.004429974160118176
-0.0028228477491876194,-0.008954563976541438,0.007953575244449987,-0.009737246013871296
-0.006575411766447307,-0.007594502916222864,0.004090177332011967,-0.012583435238069034
-0.007955776561128936,-0.0063164846294874455,-0.0015901188260979404,-0.011768273232628558
-0.006370846303969314,-0.005610985389674231,-0.006769380725390113,-0.007605571873401449
-0.002455013010865509,-0.005720861397489222,-0.00933466520476745,-0.0017961086452882133
