ch0,ch1,ch2,ch3
0.006736498662494497,-0.019040332110596803,-0.0009987924295421615,-0.01375373987345516
0.0005173552493690618,-0.008037753624240996,-0.0023372840486565764,-0.012949512370896702
-0.003549178579362657,0.006683270089336938,-0.0012407264995174232,-0.011485673790420618
-0.0038684390132764654,0.019003032158819867,0.0017562523236886861,-0.009922497385247036
-0.0003873091245923527,0.023797496438834387,0.005339567638891007,-0.008867265714932756
0.005383364024050604,0.019058990455536638,0.007961206597760414,-0.008723568854159045
0.01098953791825505,0.006726919967461425,0.008477578791875119,-0.009522679441087006
0.014042854969134846,-0.008114875615753863,0.006617448830581731,-0.010907696248944535
0.013202964791922385,-0.019341657367356446,0.0030879935109005933,-0.012278320979042074
0.0087294437948777,-0.022321677085271035,-0.0007223677243893185,-0.013037481146882836
0.0023762774993650883,-0.01583214755251745,-0.0033195292406818814,-0.01283824124397567
-0.003327981117589705,-0.0025649738875079377,-0.0037190015111820533,-0.011728574238789508
-0.006118783759840353,0.0119864797277431,-0.0018474169287143315,-0.010133318344383304
-0.004926237008792255,0.021798629682460484,0.0014337573989090093,-0.008679970566934713
-0.00031541200623026136,0.022807228650181838,0.004689760826783775,-0.007939988215853053
0.005744725506200223,0.014585689765156205,0.00650807665365826,-0.008192811855153444
0.010688994357025106,0.0005186227353992172,0.00608115048470383,-0.009310799902860397
0.012408584025904069,-0.013600319378265927,0.0035360759224846846,-0.010813112921128472
0.010116146272070425,-0.021965541240203827,-0.00012345125560084345,-0.012066020922720376
0.004667931329973632,-0.02115970610214033,-0.003437116130588913,-0.01254561724442452
-0.00178947300398093,-0.011564504545056736,-0.00509498026211758,-0.01205246932755154
-0.006702721453793668,0.002800758536232303,-0.004480146207944222,-0.010787783488855224
-0.008162508416795592,0.01594497481729705,-0.0019231869363685544,-0.00925915698333274
-0.005689550402058317,0.022385549005388257,0.0014359859577392107,-0.008056512611843645
-0.0004322839411591966,0.01941689627413497,0.00412099759428057,-0.00759466252307487
0.005305625200184951,0.008228985445887215,0.004930976372748354,-0.007934074478865023
0.009014431036522838,-0.006586134916990877,0.0034390477579963994,-0.008758727759670494
0.00901438375553382,-0.01893504075993106,0.00017193559640489966,-0.009522648140716725
0.005152683534717581,-0.02374430303258979,-0.003603258112671737,-0.009703071479251358
-0.0011261049876860236,-0.019059726825243747,-0.006397465554839902,-0.00904981172096439
-0.00736673515213691,-0.006855666991559031,-0.007110421514477099,-0.007718836647067642
-0.011107818768546938,0.007779792716512824,-0.005483351116824448,-0.006225295895119631
-0.010892938485183232,0.018746680431749856,-0.002208274852313058,-0.005228405051264225
-0.006873436923177228,0.021453353213976328,0.0013505401956805947,-0.005235334177990355
-0.0007544998278229925,0.014714216741111483,0.0037088613612715504,-0.006351206118465055
0.004895267322154248,0.001241918745383178,0.00386297872451295,-0.008188878013795474
0.007689849419028138,-0.013468106563778713,0.0016939986618751863,-0.009988919418206314
0.006400429523469621,-0.023399245003648424,-0.0019875417383955103,-0.01091209262359185
0.0014600918366258738,-0.024487795194473846,-0.005773074521232321,-0.010390243667957525
-0.0052083643154797275,-0.016289815798795782,-0.008226798719246222,-0.00838988957256343
-0.010972180431744612,-0.00215585142725347,-0.00846292665485681,-0.0054713903898613355
-0.013558507493869972,0.012154658572010889,-0.006495595457718193,-0.0026060763868938725
-0.011978392666816036,0.020844187882273043,-0.0032219422063120883,-0.0008129068379756183
-0.006928384023100068,0.020453752735786163,-4.9034610387450014e-05,-0.0007544597280003628
-0.0005064211828123184,0.01126692067666661,0.001680244719056828,-0.0024557203302102938
0.004641627628016388,-0.0028326379035782424,0.001227438609558658,-0.005266111581003586
0.006396469762594475,-0.0159839751875425,-0.0012533993055723123,-0.008090632746407516
0.004023061992389102,-0.022775817171848338,-0.004792766454462162,-0.009806958269960054
-0.0015372102921783755,-0.020472878351448925,-0.008010934533582835,-0.009706352303037775
-0.008057236967773303,-0.010124567974760183,-0.009681430583915962,-0.007780907939132785
-0.012936486939629904,0.003894744868165029,-0.009221104644296887,-0.00473644806818239
-0.014261432023165549,0.01571454216996108,-0.006908842212414199,-0.0017184887550418311
-0.011581391370086336,0.02040212406500896,-0.00374914396623483,0.00014475092626986725
-0.006084679928091819,0.015992106150987593,-0.001043523389930394,0.00020078509556813005
-0.00010585583305714083,0.004275220493462209,0.00014869801174285512,-0.0014542329526775158
0.003831722260791332,-0.009971065622529775,-0.0005635363826405499,-0.0040041382465905734
0.004044745503672381,-0.020980116255955396,-0.0027631839486986724,-0.006238390002502645
0.0003693161017366972,-0.02438477227149187,-0.005423342365275531,-0.007048142166180599
-0.005785339139340657,-0.01900303240028056,-0.007354531342920294,-0.005892673320283924
-0.012027536878510155,-0.0072835581513016655,-0.007710092449104393,-0.0030427402028291597
-0.015972506613683806,0.0057641525387197405,-0.006337649703237125,0.0005061865306463771
-0.016221775194957842,0.014697839276972617,-0.00383203813243643,0.00342483147338512
-0.012928996631102902,0.01593274695049721,-0.0012721030103331106,0.0045928045064225435
-0.0077196442422074385,0.00923452391511011,0.00024330039483662895,0.003573050883917799
-0.0029985868045830258,-0.0022075513098501983,6.156728704997164e-05,0.0008187235045177523
-0.0009323319076765907,-0.013153047295300199,-0.0017526753706779026,-0.0024835079625044176
-0.0025277995067413913,-0.01854877407536074,-0.00445514919881787,-0.004883332241155814
-0.007191197532869635,-0.015690957815259567,-0.006949688667936152,-0.005268551875756349
-0.012954209978563707,-0.005401272031217611,-0.008264400338416397,-0.0033558977525511044
-0.01728038476110597,0.008280160992083235,-0.007971370102629367,0.00013662763667287984
-0.018124560506407032,0.019760550640026905,-0.006369072142284567,0.003722367897487636
-0.014810924871368902,0.02422511205320153,-0.004347756070922113,0.005709414014195882
-0.008365380665783684,0.019658723469275635,-0.002993823658980072,0.004883832393566746
-0.001157542542771493,0.0077115288574012356,-0.0031021902311183743,0.0010446312849989798
0.004012001069812444,-0.0069573562770895115,-0.0048076647540636315,-0.004829730088868452
0.005016481815399163,-0.018588949145455717,-0.0074987833214246544,-0.010866510408717098
0.001255977007174205,-0.022693578767485647,-0.010059231772634111,-0.014944550179553467
-0.006086798162299093,-0.017893923119234028,-0.011342021658804003,-0.015466280233719522
-0.01449472495760053,-0.006473707208195385,-0.010678853605780197,-0.011965589922285646
-0.02109254597401282,0.006596978095374511,-0.00820585243159716,-0.005317005838598103
-0.023762519751931815,0.015753093668525623,-0.004857907498986326,0.0025409784673569094
-0.02195436736320671,0.017169280627650472,-0.0020195220647734155,0.009272573216750549
-0.016867113643223013,0.010361443740028438,-0.0009650577779759131,0.012957457624078272
-0.010932871723633072,-0.0016158661674296223,-0.0023151191338344327,0.012750082172273029
-0.00681300783193797,-0.013461060952337952,-0.005737986368894932,0.00914438817611866
-0.006312425447171171,-0.019867636922025828,-0.010031963752986824,0.0037526397634592215
-0.00964933088457886,-0.017778583592172794,-0.013572021792148335,-0.0013099478126170933
-0.015373315198963289,-0.00770640404889217,-0.014953298389606401,-0.00419769564198272
-0.020962491613979402,0.006440276885519307,-0.013576820315371673,-0.0039746179216166395
-0.023856634470479716,0.0189594665704908,-0.00993664993790459,-0.0008919743761641727
-0.022508135870506665,0.024724970613058558,-0.005479737822550853,0.0037817179118311245
-0.017026465386114395,0.021334740775946163,-0.0020773458048110763,0.008290271635721887
-0.009156730414382279,0.010138193419222036,-0.0013038903104906757,0.0110588134057826
-0.0016019824643034644,-0.004293977093166157,-0.0038021826125933097,0.011240771677055623
0.00303662452563289,-0.0160455827174329,-0.008988372726686119,0.00894432129053529
0.003274462674008901,-0.020301383957431408,-0.015223273017479501,0.005077694305985453
-0.0006950085478481558,-0.015347097714793114,-0.020397272821476284,0.0009075913964798674
-0.007115540757481887,-0.003287201485660889,-0.02271357874893396,-0.0024666649226226752
-0.013409957486883596,0.010824177016440343,-0.021373124456900258,-0.004500990497539796
-0.017244874776538268,0.021083279470637453,-0.01689716813204256,-0.005307891916774617
-0.017484132070815773,0.0231964862015561,-0.010958929039592905,-0.005455409362872539
-0.014641979638305807,0.016274830134617068,-0.005781985472851778,-0.005580970744251099
-0.01064984515598108,0.0032116593568522834,-0.003328750485337217,-0.00601403613062806
-0.00802933229151406,-0.010519589936406741,-0.004583149501631965,-0.006589308063526144
-0.00880673183105931,-0.01915108765684915,-0.009196400080767067,-0.006738229268473778
-0.013612791078726327,-0.019038093486377156,-0.015627175446214163,-0.0058128852305573105
-0.02134140270884179,-0.01019679236624527,-0.02172050395727521,-0.0034831229576900427
-0.029519270149510897,0.0036860632419625345,-0.025505274572853037,-6.163426490669463e-06
-0.0352532625368342,0.0167839450948937,-0.02591072587387026,0.003781174316787184
-0.03638674082292638,0.023568663840534885,-0.02313706116811701,0.006774136779420075
-0.03240497656912946,0.02113810913959189,-0.018549462110985508,0.008098777886148937
-0.024720457316303634,0.010454741080115248,-0.014145584580900008,0.007581206816901675
-0.016207140502162726,-0.0040349469802367114,-0.011804545016885956,0.005961700388158123
-0.010145922721297457,-0.016255058765418662,-0.012601073628363022,0.0047194771648259425
-0.008977038440065229,-0.021064065220944228,-0.01643537310794021,0.005532597796772853
-0.0133370564245607,-0.01645715677459089,-0.022102995620696807,0.009559340754120588
-0.02175572249434221,-0.0044760309227436235,-0.02776059711107894,0.016823575000220994
-0.031139860078017764,0.009574612180463439,-0.03159819315397243,0.02597210403601039
-0.037873083413076526,0.019300766134834578,-0.03246089391918821,0.03454550502330563
-0.03912577818539175,0.01989455107272883,-0.030195683077654422,0.03971066580741687
-0.03388926235192704,0.010201267790132338,-0.02561483835767424,0.03921764275351336
-0.02335150961960136,-0.006693900328614648,-0.020118723184318406,0.03224044158088989
-0.010479017945307454,-0.02462783091465147,-0.015146937011145532,0.01978549648803463
0.0010344178263291205,-0.036816189061183405,-0.011680423503200744,0.004498442969475931
0.00805854579772576,-0.03860896441480991,-0.009980776244605681,-0.010084058560556802
0.009081354985190792,-0.0294132780705933,-0.009645443883400722,-0.02058714349412997
0.00464884876540126,-0.012982830761307185,-0.009924972018093269,-0.024792534931266447
-0.0029521661810841295,0.004061997994337174,-0.010145053700974266,-0.022235391366644045
-0.01062552392373895,0.014892924593072863,-0.010042434759217548,-0.014212706071558853
-0.01564388355097871,0.015232113391583589,-0.009870595239857059,-0.003230900123457444
-0.016624868292606745,0.0050829537871883304,-0.010236609470173111,0.007877470746633508
-0.013946055174975014,-0.011278305477776135,-0.011749504453230523,0.016829311723687554
-0.009462752565286277,-0.02705134108741131,-0.014643231297077834,0.022445284568568126
-0.005661707490728452,-0.03568849336040217,-0.0185501728845018,0.02471442388782599
-0.004596422849194886,-0.03356385306353321,-0.022539115228239065,0.02440513485225345
-0.007026287044691477,-0.021441926934913397,-0.02542050794402254,0.02243865852039927
-0.012095762471070002,-0.004145645996871221,-0.02620711297406598,0.01932451381947404
-0.017676743307110616,0.011436236676472455,-0.024546636975735964,0.014912727099222636
-0.021239446113349252,0.019179119381080776,-0.02094420490136916,0.008566456619567366
-0.020912816858392712,0.016222614443893522,-0.01666723726294963,-0.00033371906723681226
-0.016320903146110368,0.0041111043420065715,-0.013345183558589085,-0.011794276657678217
-0.008863828140688774,-0.011891681747440161,-0.012395658911781841,-0.024809325977068208
-0.0013190949089527202,-0.025024411687317772,-0.014481024512045007,-0.03736689744936728
0.003106784399540438,-0.029860224789625103,-0.019197239331074006,-0.04690082485862178
0.0019391527912179735,-0.024570452797744762,-0.02511993222666356,-0.051037881737446666
-0.005612752501221941,-0.011677617749160613,-0.030208875844307544,-0.048359479516786416
-0.018264676870231325,0.0030165697637552715,-0.03244611110484655,-0.03888228265650221
-0.03298220703214427,0.012882702410026422,-0.030499783204382066,-0.024069720747029892
-0.04592315580506741,0.01327314908982467,-0.024194125323651054,-0.006372142347799472
-0.053679719733973084,0.00351581917033687,-0.014628888858832215,0.011520341646332078
-0.05439510156551616,-0.012745242814918673,-0.0039058493076245095,0.02741959238988149
-0.04837061657547757,-0.029013592028280737,0.0054539494964027345,0.04009751848838706
-0.03795396683338269,-0.03860775908994324,0.011222741095641703,0.049313230710162824
-0.02674558410635237,-0.037427117501151366,0.012093007350807629,0.05545283139237227
-0.018392051677602533,-0.02566524368837602,0.008035849412876689,0.05899316501133207
-0.015374150352894432,-0.007753617597203782,0.00029413291076576886,0.060071776199664716
-0.018195920873492498,0.00944671602422302,-0.008975870206919433,0.05838681244467691
-0.025242583802134896,0.019457381522155426,-0.017301201796162718,0.053486467177629976
-0.03334808424322829,0.018829423486210195,-0.022553853815916708,0.04530918618675025
-0.03887533755319676,0.008520916869814,-0.023496318927435745,0.034692649642912805
-0.038943973576753756,-0.006570231581373034,-0.020072165260621343,0.023550448790647792
-0.03239671683930578,-0.019721822991486445,-0.01337805762634271,0.014537818127337527
-0.020188899137321893,-0.02526040039293647,-0.005339062155879026,0.01024744280493361
-0.005082314180748162,-0.020976295357896177,0.0018177948972368959,0.012203071904244456
0.009242865314310926,-0.009050046852671637,0.006152031416236684,0.02005272749461673
0.019354319962982914,0.004918556676542696,0.0065116678324275735,0.03133768885363416
0.02312316265034334,0.014385128494119704,0.0028257334472767915,0.04202438686980694
0.020326437850565534,0.014797754268079277,-0.0038829962073048145,0.04769887728844196
0.012613733533090511,0.0057374271690719195,-0.011767825099815544,0.045048466981019136
0.0028720851687336307,-0.00868635475020002,-0.018644947465770906,0.0331056767239747
-0.005776567138670792,-0.02141458141469587,-0.02257686908286946,0.01377541472101315
-0.010995296329684634,-0.025389616389647745,-0.022403648435038132,-0.008598283378798468
-0.011925555627023868,-0.016675228894743366,-0.018079817181619526,-0.0285259371873701
-0.009333638677285875,0.003568770582173966,-0.01071832423806667,-0.041103566957094786
-0.005186035446850141,0.029137849647500023,-0.0023158885795440463,-0.04358135366554321
-0.0018288822581467386,0.05092870442614956,0.004779712488635099,-0.03621427889733733
-0.0010796977321021971,0.06038620101368221,0.00852341282322742,-0.0220926757967362
-0.0035606208580773535,0.05289927378869464,0.007767111267619334,-0.006021556259194866
-0.008505880955620474,0.02977491360648014,0.0026195634201334438,0.007134630122570309
-0.014098558144028361,-0.002041632728280099,-0.0055448484781789,0.014034383839775323
-0.01819794670207332,-0.032445212371590544,-0.01444791609920616,0.013801876287991862
-0.019179392089329516,-0.05191199208204174,-0.02154985014254479,0.008019625673707788
-0.016573402537892083,-0.055050870018984226,-0.024793268117129463,-0.00016749543415610604
-0.011271545886716855,-0.04257199201220001,-0.02323165864354364,-0.0074349929666222845
-0.0052316427009855985,-0.020897027800226353,-0.0173512370660495,-0.011571525280921596
-0.0008013599519099956,0.00043283906023591404,-0.008980657851690063,-0.012164668005686989
8.288886031160201e-05,0.01252324978911449,-0.0008032601082663504,-0.010431187948789911
-0.0034727947399561354,0.010577222386404168,0.0043951768788370645,-0.00831058406387631
-0.01107770499350072,-0.004326480724003789,0.004530439908526731,-0.007255403218884287
-0.0212660545387312,-0.025808290945493886,-0.0011536279275644041,-0.007283122633288675
-0.03204491511412387,-0.044853305291258534,-0.011814181940489266,-0.006745295363721058
-0.04154313853071634,-0.05347293793257099,-0.025169651990988366,-0.002961939147628793
-0.048500300711692895,-0.047883457444188475,-0.03804549467627208,0.006512004582238435
-0.052420246913602364,-0.029936000526399796,-0.04715566298167634,0.02251702431990592
-0.05337163288634708,-0.0062541924647217684,-0.049912503174347374,0.04342745894543436
-0.05158030372854897,0.014531779525959894,-0.04505977196095859,0.0652349707049885
-0.04705433314292003,0.025302057494040783,-0.032979330207530945,0.08264482807331282
-0.039467432356795694,0.023276118224479395,-0.015611298401970378,0.09083323642445101
-0.02840221528961155,0.011017632281936699,0.003977114182682012,0.08721525043670275
-0.013871600343772415,-0.004759597652955996,0.022261869741964008,0.07252339815294666
0.0031260243371963752,-0.016055495325652556,0.036015847429580146,0.05072902573366668
0.02032773381066178,-0.016913877056274125,0.042984405198864734,0.02777058818552794
0.034440842691825915,-0.005844824017515652,0.04234658023525431,0.009520538768527924
0.04193558539620107,0.013637387038162845,0.03487247929348068,-0.00026056765905262076
0.04019499962209454,0.03454260537818309,0.022745191077042776,-0.001199975873866808
0.028625327229413227,0.04932255990502619,0.009076701224147233,0.003691297416948192
0.009272835578122517,0.052936103492020076,-0.0027940112640806535,0.009329547014002963
-0.01338458892453438,0.04478091670131098,-0.010082739065726513,0.010694357505445045
-0.03352919414640582,0.028709112517224245,-0.011252104099574084,0.00497120690913871
-0.045705337020279034,0.011166751781000513,-0.0064424612100044175,-0.0071432466166395595
-0.04659526449366157,-0.0017047064685005936,0.002491918787228975,-0.021513444152653216
-0.03624701470039558,-0.00673108108942495,0.012394942933831298,-0.03203190128452043
-0.018274703983086935,-0.004969154329623772,0.01961122686158896,-0.032954214885073795
0.0011151981503303642,-0.0010194458156782178,0.02100379851838741,-0.021222575140700868
0.015006142878239917,-0.0006889041822316291,0.0149235621159399,0.0021218679284216824
0.01795727206747873,-0.008035280008509234,0.0018429415192812394,0.03200976566727211
0.007752539763651448,-0.023118819094021643,-0.015573264938751918,0.060914033970518824
-0.013896415472387453,-0.04151044008444807,-0.0330455444386835,0.08136422694101395
-0.041944516578829555,-0.05586612381190367,-0.04580252351445155,0.08848060896390961
-0.0696948813521681,-0.05898114346059165,-0.049963810507625356,0.08158443253417628
-0.09096585710422214,-0.04706425586622352,-0.04378400874253011,0.06428272941602972
-0.10196749100315182,-0.021814721503135334,-0.028360182102703236,0.043001113270007704
-0.10222646253943861,0.00967319231199896,-0.007534229706604754,0.024527281476039667
-0.09426367764946114,0.037280104403869835,0.013049649864908553,0.013504168345551905
-0.0822073631685048,0.0516555653954647,0.02750919643962845,0.010828551398097389
-0.0699324313570082,0.04795083904036383,0.03147268368706128,0.01355980659429643
-0.05949337977723719,0.027961402319466228,0.023483533950905845,0.0163582404659269
-0.05048981260611465,-0.0002648664794436023,0.005603965532824204,0.013878237170436339
-0.04061661197232511,-0.025305564139003308,-0.01701743901012627,0.003168277888236766
-0.027155054811597804,-0.03667412117662694,-0.037539293672706336,-0.014876769264966864
-0.008754741261256178,-0.028899826367207386,-0.04940390900523036,-0.03560156266778284
0.013292753376110378,-0.00375868334281796,-0.0483198387308667,-0.0522092349450234
0.03490908495619564,0.030269128139643768,-0.033647522726493885,-0.05831048743180268
0.05038761379589552,0.06116003712921236,-0.008746477083784605,-0.05043124390667836
0.05448616009774732,0.07793252992356386,0.01985380762010245,-0.029510945953899703
0.04466148128975323,0.07488215016972398,0.04424308459161568,-0.0007996149882396017
0.022527667348464172,0.053804801426364166,0.05736913800425862,0.02783331973013343
-0.006139324822777221,0.023319492667543733,0.05507344892626809,0.048563480270155605
-0.032999598822051265,-0.004467493706824444,0.03732639710408158,0.05626587962039863
-0.04987500422458469,-0.018670978825651427,0.008300758586013743,0.05018127675048541
-0.051652146106879224,-0.01387788824678363,-0.024734132375679438,0.033992802753569945
-0.03827900489072469,0.007716251612618025,-0.05337013727668254,0.014312288859000979
-0.015050063588219602,0.03711997501368612,-0.07030098030574831,-0.0018289955710639185
0.009022900216357646,0.0619941327620331,-0.07120948360785177,-0.009528121096221073
0.024248854021163613,0.0713999996497037,-0.05578722786934035,-0.007645998528327853
0.023651500978473197,0.060015275847229585,-0.027640971347661445,0.0010523528227931857
0.005494766383182355,0.030205692753959647,0.006831387036205282,0.011252260080101058
-0.026002432446740192,-0.008818047279861619,0.04022489761752969,0.01736618791831344
-0.06206119953557693,-0.04440085195825056,0.06603799976327986,0.015820165540077986
-0.0923753762165586,-0.06507530194371176,0.08017789225446276,0.006456222559039033
-0.10869802610650997,-0.0646624442983304,0.08168594984867954,-0.007477158013024516
-0.1076784675152267,-0.04433090150843962,0.07256176371227348,-0.020709403430963072
-0.0919092327773124,-0.011927774196850626,0.056831995074431596,-0.02812804046042251
-0.06879570731393529,0.02104856211027663,0.039210913784085866,-0.026868624670723
-0.04766560177174753,0.04359416249735632,0.0237786954262569,-0.017473833093035802
-0.03619135121797537,0.048873205357076774,0.01304813703262955,-0.003658533740118898
-0.037459408040982,0.03611042976793129,0.007629675645975915,0.009223301602342571
-0.048786022513244535,0.010164128449092103,0.006497816529552985,0.016393668506594447
-0.0627343869018439,-0.020829491083857402,0.007677980897927226,0.015654310722752016
-0.06997167192563895,-0.04864256586334369,0.009067145150801415,0.008361129309405892
-0.0629195782958124,-0.06766011305666886,0.00910069488147038,-0.0010496770563886912
-0.038852298388935384,-0.07612451688678616,0.007072099079267459,-0.006833819371767879
-0.001290920749464368,-0.07564968571119769,0.003061443335627202,-0.004341565999575464
0.04084100610208408,-0.06949452682903941,-0.0024218624739236034,0.007882781321676661
0.07602863836170602,-0.0605688607335305,-0.008879705652083191,0.02714661213029048
0.09396883054779283,-0.05015762338232067,-0.01613307624353562,0.04722463883994448
0.08904479417401744,-0.037910411628546095,-0.024351971246082266,0.060381961150329316
0.06228152181290934,-0.022971721965446112,-0.03378940691774169,0.06010582709035251
0.02113632991791278,-0.005540237852932623,-0.04433641190794182,0.043564053446178475
-0.02276711903381078,0.012082543772772925,-0.055106350370540444,0.01288512989462296
-0.05716482633585903,0.025654822659317886,-0.06426871339874607,-0.02523444096878473
-0.07275848757314193,0.030468743576676297,-0.06927616297663095,-0.06149621609549883
-0.06575990549938678,0.02355228079556,-0.06748735439243911,-0.08687960250438821
-0.03865205340185502,0.005568439666438343,-0.05702998415725174,-0.09545146540366037
0.0009270419023156035,-0.018600551106122087,-0.03763085445092652,-0.08614820049166988
0.04266955347326242,-0.041091355300452215,-0.011109271400282238,-0.06293654994857899
0.07657241370910382,-0.05383369654396214,0.01869406310709992,-0.03332578457780825
0.0954813316556061,-0.051833247299077394,0.0466154610179723,-0.005769145958453766
0.09654775917839072,-0.03558620323625082,0.06735244550317303,0.013141566102188192
0.08137497671258816,-0.011477232621216945,0.07681631480597753,0.020739718765439417
0.05505481212699243,0.01023519321785578,0.07325117313072885,0.018939176033915855
0.024568305290712165,0.01925232218611376,0.05776054166216355,0.01331374180955777
-0.0029209937073082183,0.009473350312094038,0.03404778235810031,0.010969649251099873
-0.021480362245078283,-0.018066642967731365,0.0074160022043666335,0.017968799237673527
-0.027338579922093986,-0.05486715390177465,-0.016689494487172607,0.03717668070086063
-0.01932756751619655,-0.08758529525354573,-0.034157894089786416,0.0672277196819421
0.0010874383695775318,-0.10278780197080709,-0.04325352160868382,0.1028999837029283
0.030127477487562504,-0.09210294644392618,-0.04489819451334342,0.1367178565949433
0.06236338837101625,-0.05578186878333687,-0.04211611356216038,0.16121693675081533
0.09173270423067575,-0.003198197015675586,-0.03883615640719274,0.17112981810429773
0.11284287275332783,0.050058609563934674,-0.03845873233217479,0.16482563285853818
0.12233831035050416,0.08753203789584707,-0.04267081674000446,0.14461552208284317
0.11995194545970052,0.09774747501344509,-0.05090472775067649,0.11591287172147624
0.10881024240959111,0.07836969605707073,-0.06061194874139033,0.08558254250959951
0.0946934492178611,0.03707403353783857,-0.068239682541034,0.06002242437398506
0.08427135901167541,-0.01123525088017154,-0.07055397669269407,0.043543801674712876
0.082744478366636,-0.04983578558204306,-0.06583552971285458,0.037469332879479345
0.09165731712507309,-0.06619415370514924,-0.054524877125933235,0.0401155018084698
0.10774679080767523,-0.056307770030174786,-0.03909462257512027,0.04755976332119342
0.12345034342090506,-0.025768743521693543,-0.02320533072985506,0.05489202265309356
0.12916055596796028,0.012787266651919099,-0.01045761179794593,0.0575634928301883
0.11664590872092648,0.044781373522454856,-0.003192966233859187,0.052479180551169125
0.0825131789488243,0.05929886969343674,-0.001769777274217274,0.038602810503942875
0.03040425526045772,0.0529982983074916,-0.004559473706505012,0.01700446273785181
-0.029077760026407752,0.030830071375513912,-0.008639864916221358,-0.009569704890054367
-0.08098854759401268,0.003376008106011617,-0.010908458092939466,-0.037426466761824914
-0.11056171031226084,-0.01800891804342065,-0.00919284572132446,-0.06273893305692826
-0.10820226236255183,-0.02618706416163625,-0.0029510019299528556,-0.08225434231388014
-0.07321079007362785,-0.021255148192733553,0.006677170583315901,-0.09377097629596194
-0.014799492592057683,-0.010305456288826282,0.017451372913273925,-0.09633950017040883
0.0501727341809327,-0.004005571295608329,0.026988867952932025,-0.09021757588928586
0.10217587790131279,-0.011412140521378357,0.033707453858071626,-0.07665649927558653
0.12511532847479823,-0.03521171870367952,0.03738393541803733,-0.05761648704696202
0.11150104642758966,-0.06946954099283882,0.039125464799093734,-0.03549328402981431
0.06485578231928475,-0.10099511189364027,0.040794087762541446,-0.012901116046640959
-0.0015376788885494803,-0.11397962255475867,0.04414522455254325,0.007489873572495047
-0.0691622757683188,-0.09620252227092264,0.05004979679720996,0.023102096570118916
-0.12049167165237676,-0.04439195458560598,0.05812409334319073,0.03163956634464734
-0.14470401379496434,0.03344398946131539,0.06691140629078782,0.03135372555886678
-0.14084142565138563,0.11979293861778278,0.07452062033219839,0.02137466351423711
-0.11730232953905777,0.193039187840058,0.07942984577568096,0.00203631802925182
-0.08791388526823879,0.23459870219486656,0.08109195661485162,-0.024922463982742112
-0.0661165315324749,0.2351893977913882,0.08006586386842833,-0.05640690047945934
-0.0595121015826441,0.1979156570826797,0.07760837172646802,-0.08834550243598928
-0.06689590228664238,0.13701117640794624,0.07490842513751006,-0.11638604744201245
-0.07894569948849016,0.07269484601665785,0.07232180695106677,-0.13678012160237224
-0.0823254445112549,0.024036106445012754,0.06898906629322925,-0.1472340736998169
-0.06561529167152536,0.0024508358354270485,0.0630730098585862,-0.14747226207641984
-0.024723758296106062,0.008185555598543224,0.05258725779443779,-0.13931226044268416
0.034421917822691404,0.031005480426560855,0.03651093405112988,-0.12618469435818538
0.0971089469978587,0.05472315583499134,0.015715402027416805,-0.11220391545399921
0.14470063429200153,0.06379075103765884,-0.006751097448600498,-0.10105016655266517
0.16140654521300718,0.04945821647433129,-0.026257722541843796,-0.0950000562015787
0.14043926284578612,0.013225132349143383,-0.03795987642419881,-0.09440502951772538
0.08717993799048948,-0.03362437952792314,-0.038503795592937734,-0.097772714806378
0.01803157881497178,-0.07413931861280962,-0.027438132016985473,-0.10240131375485367
-0.0447753464352002,-0.09188296839438975,-0.007748103172987783,-0.10532693019521978
-0.08063863956051039,-0.07689954218287236,0.014791588488928314,-0.10424100109251648
-0.07763514730160688,-0.029360935445185563,0.03332406374311914,-0.09806209257762295
-0.036604329389447056,0.04028572990945942,0.042143500975470025,-0.08699555164360616
0.029236784121499437,0.11455411117581622,0.03867981647662749,-0.07212822386226117
0.09902080151674776,0.17425802667816048,0.024497688720012394,-0.054796867741584265
0.1515850374321142,0.20405674967661563,0.004890994828639778,-0.03605647454433145
0.17278686872686758,0.19641871421611287,-0.012852014594949725,-0.01651677799583949
0.16014934724449487,0.1529443494975742,-0.021944870880027466,0.0033696432202808373
0.12321749958778268,0.0830018502488482,-0.018487470396164198,0.0227209875912532
0.07960420222258939,0.0005188509534309254,-0.0028722354822278123,0.039679669310225964
0.04828637248598458,-0.0797779048024484,0.020326874337232056,0.051286358018531396
0.04268427990758874,-0.14547942432228386,0.04398105395256512,0.0540195727996359
0.06606319286015096,-0.1882879560143319,0.06098932098678945,0.04496941363567003
0.11085255152105249,-0.20445913847266461,0.06688859260125234,0.02330066251123497
0.16196011689164236,-0.19435146600338296,0.06152656827703941,-0.00855794222245387
0.20265672466069645,-0.1616769623714812,0.04915294822959106,-0.0445771929356968
0.22069454608246777,-0.1128340117618381,0.036852026877064056,-0.07599932939240274
0.21233397096023518,-0.05631781890795137,0.03185091776154998,-0.0933692093623436
0.18286318341993607,-0.0018976770458012182,0.03866778340090265,-0.08922644805886296
0.1436239980504453,0.040778500654739536,0.05715073925901763,-0.060636815916867884
0.10693486455276109,0.06419989555472945,0.08216155584129979,-0.01068184487133398
0.08108478415461265,0.06520206739483729,0.10508013839111588,0.05171956693816736
0.06746109231435858,0.046544989137374725,0.11665218697467984,0.11377931945348695
0.0609292733178884,0.016966697464560664,0.11020985623084698,0.16212866423108865
0.05319584136543773,-0.010799450695740792,0.08414375284043413,0.18648593580228198
0.03762180547563548,-0.02381481032287042,0.04275163037789717,0.18258414353625252
0.013328499101447282,-0.013483024218161341,-0.004852126981406071,0.15343115962739243
-0.013293043307870787,0.020732190966791922,-0.047411200018010524,0.10848375421699093
-0.03049590909634787,0.0699729419728559,-0.0748874338316694,0.06097350807916566
-0.02590898205857696,0.11791057345894831,-0.08138318688570496,0.024203894425891867
0.007744896262736527,0.145667130747056,-0.06667340950258045,0.007945040253961564
0.06829423210184414,0.1382959696522629,-0.03589364132336221,0.015984999291672825
0.14306197997480607,0.0906267002098868,0.0024263381361443056,0.04548690785065727
0.2118314132750022,0.01028997162955194,0.03923636180695451,0.08820333101340629
0.2530132201093757,-0.08342068410124585,0.06772446898318986,0.13302682495692092
0.2509057363477309,-0.16477882742921884,0.08503151263340789,0.16900382465569122
0.20141984204492447,-0.20939105007140077,0.09241052081705392,0.18791056671539452
0.1141035836119489,-0.20194663359216758,0.09389939597587275,0.1857621574025492
0.009591854502569653,-0.14129081368233878,0.09410396444141779,0.1630662144610287
-0.08675069064149371,-0.04101989495539241,0.0959779754879604,0.12405635519792163
-0.15284108474295346,0.07466644415298303,0.09944317837799346,0.07538933659963636
-0.17678178421274315,0.17845806779506004,0.10134561358088094,0.024793133132995776
-0.16028510853735176,0.24820122224484117,0.09673139921264541,-0.02004522755291939
-0.11748932152855159,0.2731222888275683,0.08093806726317401,-0.052333300657279355
-0.06966910959735738,0.2559677709397927,0.05170974814221375,-0.06693720558599986
-0.037764449178338884,0.2105270999658067,0.010550625356038458,-0.061226287639483956
-0.03535194910987793,0.15567588906877536,-0.03718391871994166,-0.035981784810052916
-0.06442890245076727,0.10828570959825445,-0.08350843945526745,0.003918566587892239
-0.1152969885155738,0.07764722145689923,-0.11994017819424578,0.04951904815137867
-0.17034453516461295,0.06335298054334432,-0.13984792048740402,0.08894997833246969
-0.21018988027633628,0.057175618127499335,-0.1402740916566626,0.10986251765047304
-0.21993914742619486,0.047915485325770855,-0.12268708060558232,0.10274427079474377
-0.19344997468887132,0.027086000441694933,-0.09248304382641374,0.0642114436125281
-0.13437282182598342,-0.006927936702832052,-0.057448461630382995,-0.0008981643480487832
-0.053988134200737795,-0.047895537595754864,-0.025686548069154047,-0.07965514597067588
0.03301759201363093,-0.08426205885781232,-0.003619556818678618,-0.15381117031159053
0.11310007832444695,-0.1040459698277775,0.005407374996719956,-0.2047375129372397
0.17710804022423235,-0.10004097755250853,0.0016238143823766775,-0.21917264837706307
0.2213298178109529,-0.0731571101859002,-0.011584468166110345,-0.1939102482986114
0.2464104070469736,-0.03251612810956326,-0.028789524624993124,-0.13767087203794912
0.2550467901136513,0.007754020115574573,-0.04397516206925506,-0.06918102785745175
0.24973156172140315,0.0337457382589334,-0.051958865631398225,-0.011722076709809987
0.23159787942888801,0.036935154121604724,-0.04948678597909744,0.014302918591290938
0.200762184433656,0.01724097993446302,-0.03582975841757466,-0.0016212331183280255
0.15778085939802342,-0.01720125725342982,-0.012831281236309836,-0.056009094467551514
0.10528489500975943,-0.05340723712325489,0.015545893140000051,-0.13181000723526293
0.048770537756002694,-0.07866565415615566,0.04406393121683956,-0.2035556912677399
-0.004069799950786447,-0.08535515695983002,0.06729178935205449,-0.2457218417200623
-0.04538403533413489,-0.07356409686397454,0.08073985910410268,-0.2415624119639348
-0.0697837804698201,-0.05054346250024679,0.08184103431279297,-0.18933437781702925
-0.07641803437410329,-0.027318319499298256,0.07057388240919114,-0.1035765957534453
-0.06950536518822502,-0.013921302991551018,0.049567359660418614,-0.010736366682201223
-0.05693020734076838,-0.015235196268616802,0.02362155028065353,0.05958736819093242
-0.047313973474934046,-0.029137783257078876,-0.001285845872400395,0.08489084474606068
-0.046644701022330606,-0.04766276044253414,-0.019296404541178216,0.0579413587759803
-0.055798582956465954,-0.060634182889110384,-0.025961049583979944,-0.010101200518994798
-0.06999334254301469,-0.06021506378927296,-0.019197728694227527,-0.09292874940255498
-0.08048154784407377,-0.044446374136043916,0.00032384028647216824,-0.15779598538699194
-0.07790994121583647,-0.018283590864804876,0.029445972843659636,-0.17682286375264922
-0.056093964774237205,0.008318763153620087,0.06332003504341076,-0.13699280516773968
-0.01476192578839525,0.02449958204028538,0.09647242447922189,-0.04528595164261886
0.03980446858843688,0.023081610725712548,0.12382353709244012,0.0729981145802864
0.09651023173297935,0.003765151100876933,0.1414074125340979,0.18231944227007682
0.14293852391661901,-0.0264115080716561,0.14669028925110597,0.24870002233038735
0.16930540133530425,-0.05557887821459932,0.13855830242310768,0.251201227774227
0.1714364024649217,-0.07154578977324157,0.11716242859836387,0.1890702144359384
0.15172875845976494,-0.06653734287321304,0.08381966576744221,0.08201626888407834
0.11785692051385886,-0.04028983892279939,0.04106824710433721,-0.036529640429430806
0.07983876508646856,-0.0002811925347553541,-0.007190507499811471,-0.13084451142803272
0.04666231612956906,0.04099356136258364,-0.0556772321234274,-0.17503458656897414
0.023754712674853087,0.07063545191562426,-0.09810456466443408,-0.16159380880665364
0.012141912893786466,0.08005490472137362,-0.12809008067265593,-0.10340683281733884
0.009396153431717444,0.06798783972342567,-0.14054565128396762,-0.02854175862954391
0.011722043211181827,0.040711594008444915,-0.1332118119798648,0.03024520510100414
0.016105023174470337,0.009465394724570758,-0.10781699374244645,0.0474848122873198
0.02151001392348409,-0.013846765638206558,-0.0703316514716311,0.014131313953697829
0.0286326432892003,-0.0209767015914392,-0.02999801188670306,-0.05940351074778895
0.0384350731423257,-0.010050428942337458,0.002798512992121385,-0.1473459967837314
0.050313950038082804,0.0142405233150582,0.01931603130229309,-0.21820936010009387
0.06096798408086254,0.042870693031326,0.015081827692896652,-0.24640118729005664
0.06474628999876282,0.06609799494690567,-0.008525521062645721,-0.22150376904290192
0.05557750021351499,0.07696193282074744,-0.04436983479055336,-0.15183064967472562
0.02979543670851246,0.07332101550950162,-0.08145160025243166,-0.06100453898676929
-0.01135916863264224,0.057782801849458096,-0.10812295580627077,0.02109644446887345
-0.060809334096665606,0.03579392229698417,-0.11565373927841814,0.06958107542508127
-0.1069996521429379,0.01289959336578273,-0.10099172635753158,0.0737238693354859
-0.13734814921514482,-0.007550163869812752,-0.06776619507946276,0.04061273079271912
-0.1426775581369805,-0.025268107671604017,-0.02513591644275998,-0.008111893011672887
-0.12096734200115841,-0.042202125431205835,0.01519605085290501,-0.04518410142604902
-0.0788603051701961,-0.06054186033464369,0.042836139946154005,-0.04889606378754717
-0.03009863002333024,-0.08062202112814126,0.05212729300146775,-0.012232816164874288
0.00880009067939991,-0.0998216344037912,0.04396537615886158,0.05361909643007371
0.024215972224808185,-0.11308948161717301,0.025351644030438252,0.12287063003116619
0.010414767964376126,-0.11496318792506317,0.0068028326623118035,0.16462660395681145
-0.028054978316717032,-0.10223299861203451,-0.0015078734614077604,0.1547884644506126
-0.07758864294322682,-0.07605100097897581,0.006455894398354559,0.08587062353268023
-0.12009473162275096,-0.042463151904344326,0.030203145789993422,-0.029084346387056897
-0.13935716811430052,-0.010976712497706147,0.06259782053522324,-0.16017096744623807
-0.12690995936216806,0.008398840857467086,0.09210540875495152,-0.2707265853070214
-0.08524975680875291,0.008537210277909626,0.10667462777032168,-0.3302789344380084
-0.027143132701945596,-0.012305377295582136,0.09794896889404553,-0.32556914579843516
0.028788717985648863,-0.04985527785262603,0.06437423505425986,-0.26547394028397747
0.06463434951263272,-0.09528633628877992,0.0121323994989355,-0.17781973346163338
0.06950594669439102,-0.1381802123966205,-0.04643770823441348,-0.09905814936713873
0.04326736530435903,-0.16979606848322615,-0.09643003328379526,-0.06046847773022966
-0.0037126232467449235,-0.18538470265572624,-0.1248039612903039,-0.07595891819065646
-0.05468744341821854,-0.18473525937270202,-0.12423030311180401,-0.13610037485863757
-0.09298125689926047,-0.17092751233898426,-0.0951412539194248,-0.21085777615570364
-0.10831150345421835,-0.14803562425138045,-0.045390786202703315,-0.2603382941733892
-0.10057050757632306,-0.1189513835302576,0.01227728244375638,-0.2498837567104304
-0.07960284650635523,-0.0843804258078307,0.06406308802535819,-0.16409636437916433
-0.061033631932247395,-0.0434646762110833,0.09898832410395052,-0.014570498758931806
-0.059716041561566624,0.004332981547086096,0.11162399002983282,0.16180710974319065
-0.08329857684157141,0.05710775054096052,0.10292470689115324,0.3138382487460469
-0.12840373673605868,0.10937550532184005,0.07908689850099794,0.3927916670056435
-0.18095500067840314,0.15275262457917138,0.04898437063153155,0.3693111950771034
-0.220642399971379,0.17846714393153562,0.021135846004214906,0.24455304121561458
-0.22795943967151375,0.18081295085542262,0.0012103775545701683,0.05149179393703096
-0.19126364073479538,0.16008263981352805,-0.009207489031189087,-0.15436588141677368
-0.11128110819858524,0.12355365957360469,-0.01236270351243959,-0.311998569867282
-0.001405871816077886,0.083791015104302,-0.01286728429271301,-0.3740731963001269
0.11631286628646509,0.05461786109293627,-0.015670733345790628,-0.32198353493256215
0.21802909131622347,0.046149519514716436,-0.024203123560690164,-0.17173493681273921
0.2853242712929106,0.060830106723305286,-0.03926957835024251,0.031254048736628445
0.3102413164727357,0.09217957288338265,-0.05894177679503806,0.22666065434810861
0.2964508498155075,0.1269889747813691,-0.07932510910215143,0.35823435593933434
0.25636213834746746,0.1503447122966287,-0.0958113588332623,0.3910009549080571
0.2055160036217249,0.15165630387840814,-0.1043357008639685,0.32118200401460234
0.1565721892446612,0.12931782355174562,-0.10224791093950018,0.17587838270244893
0.11525932721616232,0.09201975322503195,-0.08861889741647078,0.003043365209314055
0.07977992652904264,0.0559483083362201,-0.0640382959971865,-0.14454965266515835
0.04370660610898988,0.03871850540423991,-0.03012647006718538,-0.22583235645180616
0.0009478586733119616,0.052256343293160985,0.010966322255250875,-0.22307908381938488
-0.04951522463393574,0.09740772090195757,0.05686792885936078,-0.14522035523076365
-0.10135600612151453,0.16253563932257215,0.10503155873305405,-0.02239893637422628
-0.14233038223726519,0.2269207798350548,0.15259714372579977,0.10569582212343315
-0.15908932441555373,0.26793147342947354,0.19623234203075357,0.20327623836466763
-0.1435573832752934,0.269390929863354,0.23212921804906772,0.24901648547382796
-0.09821665434304085,0.227965187483711,0.2562694978659594,0.24047473665039018
-0.03782534400827882,0.15500534378123862,0.264966805243458,0.19158832461676242
0.013694529621451398,0.07291611067544049,0.2555892562644734,0.12499793853057524
0.030655550672577504,0.007192306177869157,0.22729297462846754,0.06264983584164911
-0.00500663201977929,-0.0230228569648371,0.18157204525944315,0.018394974902661468
-0.09566854162884332,-0.012325873906154522,0.12245216298574893,-0.004858110796539492
-0.2244429882587156,0.028490532138245952,0.056213592380826696,-0.012940481505637279
-0.3579226086345312,0.07601401846676283,-0.009387159834536066,-0.01478004194592832
-0.4549689898469385,0.10267356345767575,-0.06632706237022906,-0.016246169324693957
-0.4791159665285863,0.08705980872608853,-0.10777969445156514,-0.016442568648025534
-0.4107128777936572,0.02230254497998644,-0.12955416515360846,-0.008188013450028024
-0.2547508347233621,-0.0806561946913561,-0.1311679042147914,0.01752083945019188
-0.04151401938385895,-0.19621267547258753,-0.11621676200113673,0.06512475593597492
0.18057818917055785,-0.29262900579122214,-0.09180934448781082,0.129244119786686
0.3580463612680879,-0.3428880670170561,-0.06703872817852034,0.19329332019079692
0.4474680474378418,-0.33394460621752375,-0.050739745549627846,0.2332104024701462
0.4279985964858251,-0.2710207912139268,-0.04905001199532683,0.22542470448684993
0.30739230093372993,-0.17542344539951782,-0.06346087703271715,0.15629135307464526
0.11962892004612598,-0.07675303441494939,-0.09002361782152571,0.029333499555206147
-0.0851181077625445,-0.0024315182448738917,-0.12012782088493563,-0.1328433346167004
-0.2550417592125291,0.031574461842257096,-0.1428305104594275,-0.2933017316008946
-0.35128388742969585,0.025467286289723324,-0.14820277601188014,-0.4110901428392508
-0.3581149401095288,-0.00583552536874222,-0.1307427601734154,-0.45386907711652363
-0.2857772395586699,-0.039586897964993706,-0.09174387916024249,-0.4085347953445855
-0.16544965537431994,-0.05476513967797305,-0.03970320436892701,-0.2860288769013704
-0.03828520979800226,-0.040586709581748065,0.011608105876638145,-0.11844248641668675
0.05774551262341135,-0.0007391179034408208,0.047052514661156966,0.050801191006170913
0.09896276343712643,0.04820689512431426,0.054944110810129974,0.18043929205985362
0.08168123459772193,0.0834907028732818,0.03128042740242156,0.24394520238538986
0.021090399901199933,0.08529894644857042,-0.018077342983034195,0.23688414201267488
-0.055798623422407066,0.04478674919528703,-0.07821161491916774,0.17658209640151917
-0.12035454688906808,-0.03209853716135552,-0.12898214155451398,0.09437743407352013
-0.15202522620812037,-0.12642179094088243,-0.1509317347228904,0.02336910279040349
-0.1442964902318191,-0.21295015392252012,-0.13154708013819616,-0.013835382778466828
-0.10516659555381196,-0.26913088316870154,-0.06990107733219586,-0.012918177231975473
-0.05241079509339602,-0.28292854714438503,0.021925084300027636,0.011585647382115207
-0.005733097237865329,-0.2565890165408584,0.1213232745237278,0.033055696207802916
0.021099688631753762,-0.20500831969688307,0.2010310827958872,0.02426695665175668
0.02519557830595865,-0.14947270503123347,0.23678861722559855,-0.0307794754382334
0.014808025720352114,-0.10929138629035935,0.21453844569253885,-0.1291740732555464
0.0050061075404926785,-0.09459544701409056,0.13497821675941704,-0.24853822046341578
0.01055041502350466,-0.10305182498341289,0.014016323145230847,-0.35393252510934836
0.03882477761856048,-0.12166276237512891,-0.1211070912741777,-0.40981862941603425
0.08564886210561164,-0.13281432252589903,-0.23896490152941718,-0.39277297835991637
0.1357160296197021,-0.12208486671841395,-0.31229549146702235,-0.30033256522956936
0.16765877407943175,-0.0846614645791042,-0.3251458545839522,-0.15271746654262147
0.1619748648492739,-0.027785566556656142,-0.2767702321632387,0.013276890345462929
0.10889967488911702,0.03177372027931298,-0.18124609597178593,0.15612277966847024
0.013215539023099463,0.07425653455512508,-0.06306073059063419,0.24300427526272542
-0.1059949410036418,0.08490677374386263,0.04990010883601378,0.2601831639747108
-0.22085975444289138,0.060266693929213626,0.13382694722691818,0.21673930346983006
-0.30377277467326064,0.01022620975113016,0.1747632114310432,0.14051928151133686
-0.3368957841104295,-0.04512188717505845,0.1711514944415942,0.0678837812733227
-0.31869595468708967,-0.08279282845836751,0.13267704128747523,0.030979862094501667
-0.265007972340996,-0.08574675681646106,0.07607521828209121,0.047025876689830236
-0.20394714006464248,-0.049968587909761046,0.019429899456212592,0.11324285020708312
-0.16615594439768946,0.01292455913273445,-0.023179931684002487,0.20894575872854135
-0.17359183514085413,0.07869245845250797,-0.045096498695243716,0.30372022066864357
-0.2307356566170233,0.1182386663373232,-0.047716477100865184,0.3685016073164465
-0.3214441278866988,0.10756474393101141,-0.038446149297268126,0.38548979090336555
-0.4128657154908137,0.03652922024009545,-0.02692791093201353,0.3534500102257431
-0.46547086881942323,-0.08660554996785984,-0.02096577278071988,0.2867879060675847
-0.4461113176484665,-0.23645431484590887,-0.023563236331614314,0.20912643638223533
-0.33985870476996677,-0.37729700260664467,-0.0320182670982827,0.1440764184947309
-0.15660729006104582,-0.47325226069081816,-0.03927599258801387,0.10677303461514996
0.0699807174365037,-0.4986499456234016,-0.03697397578304449,0.09926679166614873
0.29115824080530484,-0.44541497710415334,-0.01907150812383199,0.11124571877014024
0.45687259344612985,-0.32529359942103825,0.015207482942478099,0.12547511357157565
0.5303890035536734,-0.16641166789154396,0.060137560929591286,0.1255772330743991
0.4991561783662224,-0.005386265957983254,0.10441515820184684,0.10299004757703521
0.37846403113760996,0.12253534064305682,0.13400493382040737,0.06040262918271319
0.20672980943929742,0.19241793091287368,0.13607099539420675,0.010446277013766658
0.03391845231450562,0.19524845613901934,0.10282304665320478,-0.029676365896456378
-0.09322424227953195,0.13894739019763575,0.034134321194428996,-0.04536211992542505
-0.14448484967711173,0.04491726719744655,-0.06184685654210884,-0.030660291833196848
-0.11395621157983611,-0.05852208747469101,-0.17028555638841505,0.009210046975972113
-0.020056586632522442,-0.14377077026873206,-0.27301615988588024,0.05985952057251009
0.10187458190467327,-0.1905798413676399,-0.3527478041137496,0.10342564964823224
0.21170527643251955,-0.1901313407084019,-0.3969921735544711,0.12568914707919826
0.2772564081387428,-0.14589061506989262,-0.40070328149186224,0.12177252134513147
0.28354881887838457,-0.07146312700440817,-0.367015214859422,0.09813465502688945
0.23578811581401382,0.013614457624852016,-0.3060128819188052,0.07001383666993538
0.15553575930176952,0.08887631734072975,-0.23200518358833383,0.0552416595668832
0.07181079166359945,0.1374789742206921,-0.16013283605336553,0.06677339530150492
0.010465853943340979,0.14937402513266643,-0.1032356494814653,0.10681649146979143
-0.014432468231007554,0.12263828626323289,-0.06971571325242393,0.1648864279335726
-0.004396631136872868,0.06297203380560591,-0.06274292346236306,0.2206867093164658
0.025504652458136025,-0.018243795956530442,-0.08069966418464868,0.2509314212740534
0.05339110910234658,-0.10671130178453977,-0.11840850964137185,0.23776085202028452
0.05934777622131289,-0.1881150404980629,-0.16854671806935373,0.17577734518793925
0.03297288497213027,-0.2505541782328783,-0.22275853118833347,0.07516853197457232
-0.022955787015914778,-0.2860978727928215,-0.27227043631944914,-0.040280578333874245
-0.09382753882786483,-0.29131106498384546,-0.308161742098787,-0.1397415964015212
-0.1588367680799965,-0.2668605788358225,-0.3216862657971045,-0.19438213031396814
-0.19868117154460893,-0.2165195624597786,-0.3050630738413185,-0.18600635495811513
-0.20244787770400002,-0.14598911333569028,-0.25292745539966344,-0.11259056781822617
-0.1712353281402351,-0.06192091396915436,-0.1642383709006911,0.01093371580992047
-0.11734298934165348,0.02863568303922289,-0.04404045641442252,0.15675385344275983
-0.05950914720319407,0.11837061813434788,0.09573445163546232,0.2917223412355383
-0.0160781724406522,0.1996610866526781,0.23713460202645179,0.3860350252978092
0.0013629053244095795,0.26467407067581444,0.35898823111269274,0.4205445449134407
-0.008372300283680821,0.3059248812390634,0.44123905018409987,0.3908291910306758
-0.036309454423661694,0.31739423332505845,0.4697726975584559,0.3072490890644565
-0.06714644213256116,0.29601834574260544,0.44031392692997134,0.19141891752230292
-0.08511665649629314,0.24310289459531131,0.3600586853126817,0.07042537927562341
-0.07968221503232094,0.16508996971343493,0.24628365413803405,-0.02951093942037631
-0.049051842080108606,0.07320096709115148,0.12209667380451544,-0.0884030212635096
-0.0004273738876783439,-0.018218227744344277,0.01045526490937721,-0.09591847344948029
0.052870234143586194,-0.09440144752704425,-0.07176068117462783,-0.052546130954491885
0.09614044057833339,-0.14327500725237904,-0.11775011529890628,0.03125494781270895
0.11809106881451413,-0.15812613506063922,-0.13155984298404216,0.13739733909875554
0.11400849487330329,-0.1390374517171141,-0.12537539002931655,0.24343129310487993
0.08639836550583901,-0.09263436337692642,-0.11428887547839284,0.326268786227021
0.043210015139230645,-0.0301979033032391,-0.1104099858075271,0.3659996124595343
-0.00536266295548386,0.035300783286285976,-0.11845539632641786,0.3494388705794215
-0.05010821051405662,0.09236258274039043,-0.13444614999407856,0.272953333537191
-0.08485105227874125,0.13340495594637228,-0.14801132390290792,0.14401098768825565
-0.10679348843135403,0.15584486283035454,-0.14743388098937074,-0.019091694291194096
-0.11542799142727198,0.1616491625257419,-0.12548456042341244,-0.18965234564048977
-0.1109155003753059,0.15568593464600927,-0.08369992397312599,-0.33703087055021624
-0.09297524710834269,0.14356723761412912,-0.03325577374788256,-0.4325116111013996
-0.06096884755915829,0.12976511989817818,0.00817621658426652,-0.45541881281188895
-0.015164451179195465,0.11659240136424703,0.022657470019616866,-0.39809656974937546
0.041536989464504605,0.10425676638211215,-0.0009080880715367373,-0.26847650988376326
0.10250676358017238,0.09177636025766707,-0.06148944774845746,-0.08943424562677355
0.15786863096042614,0.07824645540775335,-0.14466443692659395,0.10513585761633762
0.19685475960683668,0.0638715025420845,-0.22619018636504118,0.2768157330643425
0.21145565913667674,0.05033357245168054,-0.27944663061383024,0.39039277289449564
0.2000403864006349,0.040375409943501736,-0.2842757894909681,0.42118134356627407
0.16936903887805957,0.0368013548140772,-0.2340723148394098,0.36036923102562046
0.1338191377526268,0.041314916832692235,-0.13845813717237831,0.2172358868929378
0.11160368030626266,0.053646298683805,-0.020372765038666127,0.01772839998409053
0.11893315071891744,0.07128452810921732,0.09158449332802635,-0.20039964767394014
0.1640095345813212,0.08989300457459488,0.1729430664326607,-0.3950146959862138
0.24303874864853578,0.10425894437880472,0.21178254660519724,-0.5282092570526095
0.3399325633606667,0.10949192662885626,0.21267481803689162,-0.5744079725999438
0.43017268390908237,0.10217570007424523,0.1945905789630249,-0.5262694377674838
0.48783387486430785,0.08126060668496903,0.1834008933751052,-0.39696026170974175
0.49354945641384673,0.04859311534481747,0.2016273174196756,-0.21797728067338268
0.44072419460592316,0.009047786029744837,0.25919268229265097,-0.03257309445923151
0.33777839591504155,-0.02977142644759302,0.3486605762781819,0.11412404600954788
0.20551655932231608,-0.058331660791759256,0.4468837792417185,0.18623094631234055
0.07041106486310968,-0.06655538853876988,0.5226587308913119,0.16677625548705885
-0.043931208514476815,-0.04578724766180209,0.5477499864034451,0.06320359551851856
-0.12414455606815228,0.00885687834133039,0.5073382258902085,-0.09324818749355332
-0.1706980799047974,0.09622502505000427,0.40606480336568374,-0.25479152824311563
-0.19639758971824142,0.20763513756239205,0.26737888456451053,-0.3696187379226258
-0.22031374852615718,0.32687838201922514,0.12629581003041102,-0.3966391152288549
-0.2593415678166268,0.4322131845774846,0.018069583356752485,-0.31831681455429184
-0.3205219498410557,0.5003411337604137,-0.03321943817512275,-0.1476068341696202
-0.3970607447169306,0.5117062598880598,-0.022122889811135155,0.07363689224370051
-0.469705487718682,0.455874697780825,0.03726273119781483,0.28503812420770636
-0.5132199343793654,0.3354643604713741,0.11711938465751907,0.4244089020289742
-0.5058115394832532,0.16726527738056743,0.1861963895060811,0.44614923143899765
-0.43819927325731517,-0.020162977535956708,0.2206936071340128,0.3357870425557711
-0.3189960332311018,-0.1921643981450447,0.21172859233871943,0.11591757835887079
-0.1742522379604206,-0.3156796339917132,0.16675055422757465,-0.15879626924549603
-0.04097263015208115,-0.36700715096324243,0.10462565441735368,-0.4165729793024064
0.043502738979591615,-0.3375309369720248,0.04656558385575003,-0.5892039211538445
0.05289650341122722,-0.23579966539486857,0.006664230157931719,-0.632250372684452
-0.019523348524095728,-0.08533899304144127,-0.014072550892081983,-0.5384116274830415
-0.15815836500326255,0.08121549486551666,-0.02772725052006365,-0.3397001621070361
-0.3289276553066387,0.23004025972804665,-0.05342676405220678,-0.09753783813508712
-0.48854054682033426,0.3339345343423144,-0.10765090285917837,0.11622818796998056
-0.5962757829456702,0.37796986896172446,-0.19486359550071305,0.24138840860878163
-0.6246422508572546,0.3616478130200655,-0.302477662918813,0.24742961655910417
-0.5658003418697658,0.29730726795372986,-0.4026169284368754,0.14176474216735527
-0.432122452017433,0.20559389132026368,-0.4605610490526441,-0.034461172173316956
-0.251214227122055,0.10953929782670756,-0.4471145087523048,-0.2214406624680641
-0.057423238414343464,0.028996308308039696,-0.3504451945036045,-0.36144260176175247
0.11723683391181586,-0.02317040629479513,-0.18286641972725567,-0.4181028108248587
0.2499740820805596,-0.04245864305365567,0.020333557839273257,-0.3876699562761938
0.33022313795724156,-0.031802360412428184,0.21013963452375442,-0.2984139713715556
0.35861395178999117,0.0008893259574829521,0.3383475353583809,-0.19854539084255174
0.3431639460411686,0.04569075552961121,0.3726157869378168,-0.1370443150688186
0.29472766026925484,0.09319477459183464,0.3069368400708035,-0.14433820788991614
0.22364017741627773,0.13609114870032668,0.16391723095337105,-0.219886404847696
0.1386327448364625,0.1697208580421121,-0.0119732966311745,-0.33134946072216703
0.04788223496966327,0.19189301372715692,-0.16795585763131649,-0.4259421291659775
-0.038996816885235486,0.20238397396745939,-0.25879757306999535,-0.45019724376323156
-0.10966219383705487,0.202451194915645,-0.2597816724818855,-0.37123589468210777
-0.1497751079875128,0.19448299456167167,-0.17272680152199346,-0.19186942082653075
-0.14611045220078434,0.18170407724728685,-0.02347668138408971,0.046233194039718324
-0.09121213233250434,0.16777234389781814,0.1477837618929419,0.27310313516633994
0.01216015739141818,0.15616769582315262,0.299700273326339,0.41183694262418397
0.1487913057923188,0.14943762382430822,0.40180060973582943,0.4040160270740756
0.2924065436752525,0.14852487940423,0.4415627239272926,0.2307921660400362
0.41092451651097184,0.15245955613694123,0.4246974989643347,-0.07759335540377
0.4743816460761682,0.1586054261056917,0.36939932480676707,-0.4474904846228049
0.46325824319799375,0.16344019522404907,0.29740563274873216,-0.7814853297254206
0.37459671083620083,0.16361695321448683,0.22558385063404945,-0.9862348230444034
0.22385841721989036,0.15691323519789682,0.16117798073389938,-1.0
0.04174637014102892,0.14270149431286114,0.10210897875964733,-0.8113786209647158
-0.13320914281032425,0.12177099415998632,0.04156881020432593,-0.4634321013494739
-0.2641837816703616,0.09561640085115843,-0.025561270646660545,-0.04191401397306097
-0.324967873425454,0.06555604703678725,-0.09755104094101785,0.34881983908099595
-0.3057741642494705,0.03213611192730872,-0.16432402226308057,0.6149508388050844
-0.21450914641861088,-0.004836813728382603,-0.210374340725691,0.6987413446513371
-0.07350721209130652,-0.045574370837159366,-0.22091924284752426,0.593137690195971
0.08694194979181695,-0.08916937019110459,-0.18868804968633177,0.34157142112249045
0.23614678555998245,-0.13255505295071873,-0.11840611661302426,0.02361020089785135
0.3494793657280159,-0.17010563551855462,-0.02689964859072428,-0.26877425616285106
0.41223225472365405,-0.19422339249338338,0.06152688411675157,-0.4570650841284159
0.42038693646206865,-0.19689753525975973,0.12289238970197364,-0.4967295874800452
0.37883996568962847,-0.17184221694066623,0.1416555989433699,-0.3869704470759867
0.2982864459626273,-0.11657739060144298,0.11606784288916641,-0.1677175368725633
0.19206273242500202,-0.033804058838320966,0.058661850156007216,0.09433244893323739
0.07385326876833544,0.06835460814967216,-0.008423831515988833,0.32585886743886044
-0.04348952142394052,0.17731725217715563,-0.061648338552417255,0.4671395765333846
-0.14836291326191947,0.27793568270077806,-0.08482375420230971,0.4867898035317163
-0.2307077045545031,0.3548285587572572,-0.07520730966356413,0.38752894935090926
-0.28270013394750243,0.39466622207818963,-0.04466488182705362,0.20233655096694744
-0.2999402269785494,0.38807367381410546,-0.015420847642024511,-0.016924509404709766
-0.2827389727449685,0.3310296934675357,-0.011863018276007832,-0.21452153972869575
-0.23680028959830954,0.2257767640126104,-0.05128719439740928,-0.34509840798736935
-0.17264732856561663,0.08124381750216769,-0.13684306322937484,-0.38352984077614616
-0.10355911787831071,-0.0871571023653037,-0.2551673381730673,-0.32843046972934686
-0.042395317302783585,-0.25865514698192715,-0.37956175246003016,-0.19933205463889297
0.001772400470070052,-0.40948016355784206,-0.47768442780187753,-0.029208098598123827
0.02608405442429686,-0.5165455719954032,-0.5212326809118608,0.14502839034192466
0.03445692204179207,-0.5620772907980506,-0.4944945288253448,0.2913469155355587
0.03598967466093749,-0.538251861501152,-0.3990952727353604,0.38869322990421074
0.041672030791758165,-0.4504975007487672,-0.25355956014097747,0.4293925705084957
0.06049726246237165,-0.31809834787361874,-0.08797452276475162,0.41803475426375425
0.09631193085856733,-0.17125627645393887,0.06448385427650533,0.36787530420132897
0.14647915780080514,-0.04473902141795933,0.17656114928567804,0.2961927509699967
0.20277246685891837,0.030598664994288687,0.2338749089237425,0.21997365650427378
0.25411039836349253,0.03619989931188919,0.23796916193409012,0.1528722861989572
0.29009945773832885,-0.0284432008652453,0.20485060316496953,0.10380592678443278
0.30411850127600243,-0.14470014568607728,0.1596514945645853,0.0770001359380531
0.294929463325206,-0.2791306137213886,0.1290324726442567,0.0729395663916393
0.2664196068298235,-0.3923194811869125,0.13339654292965109,0.08957525832371668
0.22580652895301598,-0.44979411414059217,0.18089591686053852,0.12326881378203461
0.18117198530800713,-0.4317872693431817,0.26467902764648094,0.16923335186899854
0.1393271296793087,-0.33883170715669686,0.364023107613538,0.22154534316811994
0.10471837256338952,-0.19141365557277218,0.449114190660978,0.27304004734436516
0.07951410817894888,-0.02378668846469912,0.48842872833643014,0.31549045079296095
0.06443899328398901,0.1260748018144351,0.45706250971466666,0.34038142582557107
0.05961147250380659,0.2271760509848383,0.3440443212386344,0.3403587898081638
0.06473535326381957,0.2635090031029523,0.15674788525462927,0.31113344382118074
0.07845008544973474,0.2370159508658449,-0.07897488235901906,0.25335351336559386
0.0972351978101276,0.16493468662991576,-0.3233994309499191,0.17381731420812382
0.11469155954278583,0.07285931257382626,-0.5315507250880518,0.08544922219263545
0.12204257900873762,-0.013794542378333266,-0.6639391726594,0.005708124340516617
0.11024446299595693,-0.07690643080420481,-0.6966764138900511,-0.04650688913774686
0.07332113838223529,-0.10912271427500679,-0.6280824407627196,-0.05494724092493259
0.011774328015757504,-0.11301393959948992,-0.479595108564426,-0.010231911094086193
-0.06546761479825636,-0.09694961786176215,-0.2902697499330876,0.08685115504923165
-0.14185736465164467,-0.06989715727064061,-0.10604840886197851,0.22391220064835543
-0.1972140469172511,-0.037555374194511354,0.033285094406194864,0.37799693972783555
-0.2140725881846181,-0.0014181084292258655,0.10557206122733027,0.5191525242013086
-0.18445186393319493,0.03910187335853552,0.11248386652309446,0.6159727396088006
-0.11455433044772531,0.08284121973681631,0.07823328399645502,0.6420504555886635
-0.025264055739562932,0.12355990569572346,0.04088280389765077,0.5819636118434496
0.05245453407879696,0.14919117779269742,0.03881081253383714,0.43542512326342614
0.08640379133649323,0.14462927028259684,0.09667028809607804,0.21855025716754167
0.05373205363697617,0.09739170384420837,0.2155808944709072,-0.038224754522947324
-0.05020475053206922,0.0040361680412430824,0.3710957566432532,-0.29532459060087024
-0.20793955382729037,-0.1254358654046691,0.5199948960584264,-0.5113758285342452
-0.3828042024751243,-0.2674659121631423,0.6139748249641214,-0.6512488490977804
-0.5283474890980798,-0.3898928192175505,0.6158483687876555,-0.6931231126240331
-0.601728320980377,-0.4607958093211828,0.5128282942619342,-0.6330379842013408
-0.5770368551355498,-0.4584025858916996,0.3222697955646581,-0.4858770328994788
-0.4542633498503784,-0.37858427584682125,0.08767960620922603,-0.28247616935111847
-0.26082618317930617,-0.2371081156158806,-0.13393648795987648,-0.06339258423942096
-0.04483838351436756,-0.06558134820104773,-0.2893433080295342,0.12936589422155836
0.13809601076125108,0.09773924632056485,-0.3452879521896399,0.26085692031465674
0.24067517604935282,0.21922056641354123,-0.2982864863272817,0.3100802729353325
0.23753570761061538,0.2793678422569944,-0.17478276051507083,0.27368936639610214
0.132632330958613,0.2773569293337813,-0.021750522496410823,0.16575579497640008
-0.04179828973608041,0.2291690048547468,0.10895479346542282,0.013760065084854787
-0.2342655570280525,0.16023676721715543,0.1771316647553159,-0.1480965726003689
-0.38824206703321157,0.09547464998759708,0.16613175735793345,-0.28652765486722537
-0.4573457179533384,0.05042877937798374,0.08636687205835154,-0.3758462232613807
-0.4172022862738978,0.026730624079534124,-0.030299133049160827,-0.40215913833865485
-0.2709396392998755,0.013302786773201054,-0.14280985459373838,-0.3643133533175699
-0.04731178688118911,-0.007468884185656188,-0.2151747778154813,-0.2718045310125423
0.20740150814543848,-0.05124737826220137,-0.2276457743275849,-0.14070917304057806
0.44100270959855625,-0.12437582148901527,-0.181161108791385,0.010836416653682911
0.6071951110670866,-0.22049110740496716,-0.09410144263836465,0.16615861991703282
0.6747633888911504,-0.3223154003441613,0.006689915976338596,0.31168663692645043
0.6324363297770594,-0.40774403920848207,0.09665498294425502,0.43667623237303155
0.48914323414802324,-0.45769409578958165,0.16168414667738507,0.5317938824258875
0.27050807843767927,-0.46258995877743203,0.20067798732115538,0.5877969638083415
0.013010402716129103,-0.42504150548521197,0.22197285876208264,0.5954654607763674
-0.24274166721123344,-0.3579019494701016,0.23570511882347972,0.5473378721578299
-0.4585288157068067,-0.27878349704031885,0.24587487425218013,0.4409028474078867
-0.6041473472154197,-0.2034781262000681,0.2459567816881298,0.2820553595550124
-0.6617176324224092,-0.141030367536698,0.22035998430717793,0.08719979802701058
-0.6282760683883322,-0.09234722807371801,0.15148507471083608,-0.11740922320917022
-0.5161810032321243,-0.052603271228405565,0.029598686805140377,-0.29967052653139387
-0.3509105345790182,-0.016018291058720182,-0.13871366456095402,-0.4283825537619813
-0.1661755882219238,0.019423870293456023,-0.3275160354453022,-0.4810116882535352
0.0030687537331373087,0.04965326725909962,-0.49600383584004165,-0.45014198828985397
0.12834790559163137,0.06577747253273764,-0.5997122237738806,-0.3464205480000812
0.1941920817313557,0.058421474709659485,-0.6049150539623978,-0.1967499684314388
0.20149926236871793,0.02313778833751346,-0.5011423030914531,-0.03791771377450446
0.1664611488870847,-0.03573977031238844,-0.307067436919048,0.09268777338248192
0.11505485933823127,-0.10486494700842472,-0.0671496645486015,0.16665033852708142
0.07458007138191365,-0.16580187728529155,0.16038082622991437,0.17162722579164885
0.06485357562633773,-0.20176473453416602,0.3204956218575516,0.11397467752091468
0.09197971072766849,-0.20444761396073252,0.3777323513988459,0.016290712779817664
0.14688588731283037,-0.17794614145779225,0.3264685819552242,-0.08918180254803952
0.20922513576825028,-0.13780025987381525,0.19165731779970652,-0.16917478507949416
0.25533464108693205,-0.10514459199408333,0.019841920990364945,-0.19750450268631747
0.2674052279612321,-0.09804949315631993,-0.13640261161348705,-0.16057378679355364
0.2404713141343512,-0.12348284609811588,-0.2352524221344982,-0.05923374743954758
0.18453935252335119,-0.17330326520803915,-0.25799060050059297,0.0927771860027804
0.12092863775451734,-0.22623956929306416,-0.21296539293350258,0.27264118274628885
0.07407612991375973,-0.25545044720822757,-0.13020824662514666,0.45299983337710586
0.061835805296574176,-0.2389298064026249,-0.049038446220119734,0.6060277919816148
0.08797996394464089,-0.16869796870498535,-0.003324040949631055,0.7065799154738183
0.1398817310696198,-0.05499718285029943,-0.009681333194963554,0.7346834812359343
0.19245773466653948,0.07644407309020539,-0.0626184974631828,0.677982887340223
0.21707655703954015,0.19328592735879535,-0.137987183653331,0.5344954319988672
0.192199079508924,0.2682713601172992,-0.20309422610239092,0.31532116052863873
0.11177651655662679,0.2891406143169343,-0.229532631794637,0.04615213278190958
-0.011791752838689664,0.26271686217809487,-0.20400224929183014,-0.2339670355746466
-0.15131432816732449,0.21135002377326936,-0.1333171218492578,-0.4778049212408286
-0.27374504677960754,0.16298384918244269,-0.04202549934440151,-0.639037383458699
-0.35105139543876795,0.13880500355006084,0.036257888359560855,-0.6836388212585044
-0.3689350975186847,0.14361606265284793,0.07055952137493246,-0.6004857594718834
-0.33018867542619046,0.163186766822302,0.04315136475922699,-0.4075013553891127
-0.2516028372841636,0.1701390679271886,-0.04449728290393853,-0.1503941741855972
-0.1559033070259247,0.13642283409775566,-0.17219102001265368,0.10694635055631203
-0.06216808110437886,0.04752855133933116,-0.30741310741067,0.2985992567397092
0.021247985005242827,-0.0875180981619462,-0.4152498423292021,0.374979079595839
0.09833061831699769,-0.23507342504033246,-0.4684638265380583,0.3177590738418126
0.18093235609809516,-0.3461410359885273,-0.4545928008296923,0.14620472487697395
0.28020393241429,-0.37335328779375343,-0.378196371444836,-0.08783162988529716
0.397785354071388,-0.2897269963023906,-0.25808685706584406,-0.3153986031692153
0.5208967063127611,-0.10205054335099749,-0.12093328354492044,-0.4719342484064425
0.6239997040006583,0.146741880897149,0.006472799476742513,-0.517933112969248
0.6770117142292065,0.3880880184359801,0.10395111426322728,-0.45185441903824214
0.657204357789516,0.5483843715234129,0.16200022300882116,-0.3106407351337289
0.5600835437874782,0.5729263494962323,0.18257452605825,-0.15727300743155223
0.40454303196179814,0.44490720189078903,0.1769449292695523,-0.05924369030517536
0.22951976945203026,0.192596252212179,0.16166785902268596,-0.06511354140860816
0.082584539545553,-0.11820297570319313,0.15388473835984565,-0.18720266814969064
0.0041570583095449625,-0.4041721494282921,0.1670085594237198,-0.39653840593550055
0.013038994496052109,-0.5902971485142567,0.20752301912712798,-0.632029448533054
0.09884369405444254,-0.6327188603777355,0.2733081994891979,-0.8208742459655939
0.2245983674829017,-0.5308927226227375,0.35369836636778146,-0.9032007538486112
0.3390944631190965,-0.32514827171189553,0.4313331517421392,-0.8523420718832085
0.39484069346592743,-0.08093149944986483,0.48567508264527437,-0.6836076998661927
0.3651736986550291,0.1343210957392349,0.4977506640424499,-0.4484481223903734
0.2541511092767299,0.2732894881485147,0.4552512406003307,-0.2161132636917179
0.09535456333724357,0.32212570881338587,0.35675297839242814,-0.04940011666475797
-0.06020960493638146,0.3007826350805861,0.21370326918952876,0.01677678494870318
-0.16281269216363634,0.2509697141707258,0.04915475313549108,-0.013712605227861092
-0.1824188867772066,0.21693058101944054,-0.10696499209651042,-0.10168983048513952
-0.11988586581778136,0.2267062951639455,-0.22516592773974733,-0.1890828248289147
-0.006618019883167745,0.28106729833172817,-0.28438988482354904,-0.22205524199694635
0.10736227916491857,0.3541171818918243,-0.27825874508894527,-0.17212303481217753
0.172562606044321,0.4049567043681207,-0.21740519069667502,-0.047264331986596554
0.1592053250848094,0.3955306559410898,-0.1267838901618869,0.11124132848573828
0.06913248087526354,0.3074792130877618,-0.0384531170144207,0.24514136307846465
-0.06423508667370018,0.15131649566705227,0.0180992167842779,0.30258810692500343
-0.18807661711054569,-0.035684243542366705,0.025023491696102945,0.25966977809821756
-0.25006046876092963,-0.20212273213935053,-0.018464363289576558,0.1317297544753275
-0.21850776032054545,-0.3008113225206975,-0.09622059595761112,-0.030196629201992
-0.09516910540065843,-0.3058723515296804,-0.18094288373247627,-0.15697518538687993
0.08436635428653219,-0.22217528891956298,-0.24367214460061049,-0.1868254704619497
0.2630037999301263,-0.0836447943893462,-0.263771132091048,-0.08933804276022993
0.38278407223728717,0.05883026162690695,-0.2358988870570372,0.12096962418485561
0.40621080069239834,0.15532105419492312,-0.1715269755453568,0.3869660951931864
0.33029138524353885,0.1740114948190888,-0.09447763268564134,0.6268115303268623
0.1879657429353713,0.11144528479424717,-0.03211074378201991,0.7614919735439782
0.03626050610165025,-0.007542936142141701,-0.005355473014502486,0.7424102467233951
-0.06455593374255075,-0.13974398971550858,-0.021185648744083033,0.5692692169141974
-0.07318279596783395,-0.23932933538684112,-0.0702189852249829,0.29180214773633184
0.017295365967161226,-0.27353921856322483,-0.1302195304391251,-0.005450442540850053
0.17643089519796099,-0.23277211858076477,-0.1741139894684983,-0.23017921005051709
0.34693389799065427,-0.1319289734005565,-0.17951185909898248,-0.3119217686368704
0.4648019686765069,-0.0032535978130613106,-0.13625199699519264,-0.2242120011192975
0.4817057826778318,0.11603223231677247,-0.049345078503844064,0.008042524824641286
0.3815685645302055,0.19640382408911253,0.06350364884624526,0.31801072732840974
0.1855444347155613,0.2244868863608416,0.17854086282353201,0.6194333483557611
-0.05605180938020008,0.20479201183844198,0.2740196876421183,0.8340517252064333
-0.2815410415184588,0.15502099574099382,0.33652364838177995,0.9145398949886157
-0.4386699434729836,0.0976279158591523,0.36329978546096103,0.8555727902781469
-0.5008437286634574,0.05140603215115516,0.36009419963910094,0.6902370459547398
-0.47324877646270963,0.02633645770699629,0.3358827986123357,0.4743173029256033
-0.3872880765784733,0.023139736246415948,0.29715185267456906,0.2650977312485388
-0.28614404614779587,0.03677334739715452,0.24448712193451716,0.10275740131803329
-0.20742272402424572,0.061482838360026514,0.17313402080572185,0.0008078325030321752
-0.16958410357690964,0.09460646628694672,0.07735094003903081,-0.05191550416587565
-0.1670392375233785,0.13724901190724645,-0.04343211666161682,-0.07983613683249653
-0.17520116274922526,0.1916905895832197,-0.17963840934110298,-0.10545776731531178
-0.16286824892823956,0.2571397881176772,-0.31047247299833053,-0.13719955925874605
-0.10661534759600665,0.3263627108354251,-0.4079865786678508,-0.1653734666173337
-0.0013640684086684974,0.38539124867344293,-0.4453859790265837,-0.16777180537679978
0.13690199834233843,0.41707789141297735,-0.40674659394160995,-0.12217875110569743
0.27702073167302843,0.4073707027546238,-0.29441312684678766,-0.020148494414288502
0.3844480214496566,0.35170206991540715,-0.13089484094043463,0.12421379559638733
0.434071868868582,0.2585261335881265,0.04605480559542736,0.27474639173876914
0.41897900644788705,0.14802844598912188,0.19397166404155258,0.3835045542975602
0.35195732124558854,0.04599849902712132,0.27842041474934986,0.40726417528288666
0.25955599262367857,-0.02501949788884636,0.2835196685385947,0.3239960053267764
0.17148178500850783,-0.053829911796747766,0.21645559617933388,0.1427779166640863
0.10979524913085557,-0.04453490990860327,0.10427092922203858,-0.0970806823998788
0.08215793786553639,-0.014453397603602477,-0.01598835102796915,-0.33790797706904313
0.08144401093448553,0.013431548075261148,-0.11022608239391125,-0.5225432500726676
0.09124377888967612,0.020584621669595324,-0.15862770261956688,-0.6134726530428364
0.09435177337477613,0.0014081049191347367,-0.16123043138787532,-0.6052451658597685
0.08026222806591125,-0.03365787172770959,-0.1357448992319584,-0.5255734745471374
0.048400161534445756,-0.06216668449657942,-0.1085743532511544,-0.42465160991586015
0.00594048799360135,-0.05967844480185528,-0.1025841475245313,-0.35654157051506674
-0.038349495233921824,-0.011988721892531364,-0.12645362167315025,-0.3593772107690601
-0.08091721545527895,0.0754455506318652,-0.16988485641822237,-0.4415302874603547
-0.1272008587459943,0.17519573943888675,-0.20673208801207996,-0.5786502867284706
-0.1900570304518824,0.2444809264474785,-0.2050695448354907,-0.7224811281020596
-0.2830309858024546,0.23912747529223485,-0.1404828487305448,-0.8180809690241603
-0.4112249918862847,0.13025824048949208,-0.0074967298417328194,-0.8231103024655112
-0.5639937003845522,-0.08234047593749394,0.1754141942502917,-0.7222740731405324
-0.71336127987501,-0.36545299627909256,0.36951152413937066,-0.5319625844271187
-0.819948089306791,-0.6587510011599749,0.5272681022638843,-0.29384142537705543
-0.845111537701843,-0.8908196532843258,0.6077993057587124,-0.06017013821507369
-0.7651975541873001,-1.0,0.5908484029321276,0.1235197185970935
-0.5824653083678476,-0.9532710570926786,0.48430669467013765,0.23209906637480582
-0.3280365213869424,-0.7568676314543774,0.32246309156754205,0.26627452197807633
-0.054940328584295456,-0.45502258579544247,0.1554263439383945,0.24849880540769595
0.17700938137446318,-0.11718888056899072,0.03327006462743357,0.21168792033088193
0.31956227882096055,0.18206953335163775,-0.009705644967033635,0.1856007883721056
0.35119871152569365,0.38397697327607144,0.03472264181675011,0.1862619121323019
0.28362057670925267,0.46062311728989663,0.14720403909401747,0.21222093215308213
0.15708471505210986,0.4197822109381958,0.2883917026401379,0.24845837509115457
0.02611428887117216,0.29863009014358755,0.4127401081991092,0.2756007748802167
-0.05936578480884154,0.1492126758309286,0.48361927131169613,0.28006160224066773
-0.07075537489414002,0.021031078393951484,0.48457623389856486,0.26056559980270877
-0.009471445563428016,-0.05337623375773958,0.4231220130081732,0.2282570162946761
0.09529165996453984,-0.06550915259070829,0.326173154946551,0.20048337610675504
0.19859117326151313,-0.029198325029591375,0.22921027580566294,0.1911751690968281
0.2568606370864928,0.028184382774096788,0.16328559543220444,0.20232853821888447
0.2437089563665727,0.07765164851308866,0.14452488766723343,0.22076720375261813
0.1586870289768591,0.0990973068353838,0.1696220913942075,0.22221290184476422
0.026147652755460857,0.08687889098805011,0.2185117110982245,0.1815745676010946
-0.11485754415166062,0.049225046900040724,0.26281100094102117,0.08553411289140338
-0.22538402237569502,0.002640372948972702,0.27668773055257384,-0.05785990906952735
-0.2802857334802847,-0.03580659965893083,0.2461767784627199,-0.21714974391387726
-0.2757178292136927,-0.0550082921679998,0.17377955765169198,-0.3448900003700983
-0.22804837991654597,-0.052756459509574784,0.07704781915514955,-0.39282620303543486
-0.16525944016878386,-0.034437645251725046,-0.017960706533799276,-0.3298899142175356
-0.11480643814616719,-0.008643307009851166,-0.0857615282954039,-0.15649369488785475
-0.09307285018370218,0.017989811324282814,-0.10980285556668395,0.09061628967396711
-0.1005993576226786,0.04429587872092491,-0.08737733357423479,0.34572687315200706
-0.1246457972730019,0.07494996836776183,-0.02977722740481694,0.532342620640139
-0.14748492418376133,0.11765561369136614,0.0418928597168146,0.5868547822959193
-0.15644635912125915,0.17849689102153896,0.10344466704444072,0.4800907662482118
-0.15109599410927377,0.2575452941175065,0.1344747651552067,0.22940052088645294
-0.14428019620423832,0.34665814283611696,0.12327121358058549,-0.10327631544843997
-0.15649151061941258,0.4304769739707905,0.06862831479980785,-0.4274866222872594
-0.20596009571362592,0.49035291702929956,-0.021364497479416458,-0.6499946348741631
-0.2987965322068482,0.5098189406835371,-0.1325425799708705,-0.702427414676774
-0.4235947323210448,0.47970941488784885,-0.2484803319962578,-0.5622993264085034
-0.5531061718856356,0.401240719005563,-0.3536884743406251,-0.2608171437920677
-0.6526630974411661,0.2861587098850356,-0.4355875413703547,0.12508770315248177
-0.6921812902356516,0.15407119174112396,-0.4853247747289947,0.49420816780263516
-0.6570059288735911,0.027921126088708233,-0.4979373058626725,0.7496015786310182
-0.5532450107869461,-0.0710484019469615,-0.4724082561614245,0.8257532115796006
-0.4054250571879516,-0.12758387694128187,-0.4118655927373525,0.7064412259823176
-0.2474100595568788,-0.13515086652742492,-0.3237487091707674,0.4283052986932707
-0.11026381586628622,-0.0968176699200604,-0.21947506548930182,0.06945093244841814
-0.011965166015123485,-0.02440945835035761,-0.11315885666007977,-0.2732090115059119
0.04692046924729398,0.06376257530008086,-0.019280174295785445,-0.5110745470239708
0.08003372322224021,0.14625690888398352,0.050279971522261824,-0.5876639605165789
0.1061002274532766,0.20257482892585504,0.08898932190054128,-0.4926418655715363
0.13805778110553274,0.21744670276665126,0.09722886779661441,-0.26268730388599215
0.17538608587961338,0.18458001856309314,0.08199412323524315,0.030339015583099024
0.20326524703849852,0.10889948683838285,0.05467407108487372,0.3000128388801263
0.19925096559179564,0.006332987542826095,0.027556455577259782,0.46870492169254413
0.14480842444259412,-0.09937383489587139,0.0102124944039536,0.4873159855579581
0.036704915363390066,-0.18250323331960303,0.0069945066657455136,0.3464482417629929
-0.10703775752278179,-0.2225596838805569,0.016484724791695774,0.0767006349052318
-0.24996344024178288,-0.21071924064113487,0.03300673864066312,-0.26120744551551844
-0.3485881478727202,-0.15327698080595833,0.0495364486516369,-0.5932030291184036
-0.36852541793250876,-0.07051093632607602,0.06083498103570563,-0.8507291918646186
-0.2991379665843128,0.009205572079962266,0.06557667937605291,-0.9867773420546421
-0.16058735391468884,0.058496567476726394,0.06667806008114739,-0.9852564638476663
0.0002849867282764313,0.0603587994436074,0.06977044572555093,-0.8618613034512801
0.12464881438790225,0.014461514344659641,0.08050035449165661,-0.6568950475579607
0.16216498468530902,-0.06218431583698222,0.1017902232352254,-0.42251328804821403
0.08991590291801188,-0.140864813576921,0.13217423365007488,-0.20811312356000625
-0.07739675603906115,-0.1914561709330335,0.16585981725521512,-0.047834103865354624
-0.2902483843138306,-0.19380410285256186,0.19445658960201387,0.04663977517060065
-0.4796729947814317,-0.14592035916936558,0.2096577013514284,0.08635046021820415
-0.5801308378086211,-0.06562462783591516,0.20582039644127356,0.09871388469928294
-0.5518378440247099,0.015456414657472007,0.18149877229845335,0.11665236838008602
-0.3945273349859003,0.0637341925132346,0.1394680205629241,0.16652259208498887
-0.1475955987449348,0.05714309799406134,0.08542304055891993,0.25843894959943287
0.12351535445204698,-0.0048845744629108755,0.02605277700157064,0.38187933248908223
0.34983070619759904,-0.09911213446520141,-0.03263429433898186,0.5079280082931825
0.4821300172554569,-0.18534217627250926,-0.08608999942924578,0.5975719965320593
0.5066179615683756,-0.2204584612270233,-0.13098464310102312,0.6136667225261974
0.4474145562464879,-0.174808127429928,-0.16436858598334655,0.5330486508748915
0.3551744427783071,-0.044846908013527004,-0.18298430753843467,0.35514866227295366
0.28625043343665857,0.14299128792127644,-0.18340645347183446,0.10441430059573441
0.2802576917196753,0.33921377866307206,-0.16324449277040762,-0.1743753458156446
0.34440603994390634,0.4870330881329436,-0.12302249853329195,-0.426735538581631
0.45038481579783535,0.5416083996983093,-0.0678452716862057,-0.6021084731905746
0.5448959249233862,0.4858424184221399,-0.007829703091154532,-0.6666569730180727
0.5698943310178781,0.33680118631565814,0.04336670860004789,-0.6116050319118063
0.4850716602546436,0.1400903592074646,0.07185459746561501,-0.4548216648861649
0.28437581911233867,-0.04608513405702655,0.0677628320285275,-0.2353350835128473
0.000613173928457368,-0.17155302980869983,0.02896209380759661,-0.00252212294246427
-0.3034625910872859,-0.21196185488517283,-0.03724152039150385,0.19678815610359054
-0.5543499636599359,-0.1770542433895015,-0.11536882742257842,0.32957606319446936
-0.6905374276122337,-0.10615245255790264,-0.18589368940762263,0.3831913438883838
-0.6810235695373448,-0.05230600990862433,-0.2310506414069385,0.36569757290674765
-0.5336318653701869,-0.06085536445386062,-0.24040678788727265,0.30042403775168675
-0.290909249646226,-0.1504189072327487,-0.2142181406323498,0.2168518241822811
-0.015724548255097528,-0.30361538067719757,-0.16327315674266143,0.14091040963629348
0.22801596022120604,-0.47138026284268253,-0.10513964247358766,0.08769932849751784
0.39294782464840305,-0.5897535789352248,-0.05804282652688081,0.058654095600016075
0.45874644006133203,-0.603334173822118,-0.03451961126661889,0.04361826626438714
0.4331244689124769,-0.48695852032935566,-0.03715225472871319,0.02669381777429996
0.344384457397292,-0.2575826121795375,-0.05799310666982659,-0.006373876681433189
0.22926669035382993,0.02828605293488707,-0.08197790634623454,-0.06184264043215324
0.12083643401785406,0.29114365982551277,-0.09315798147610219,-0.13470462362012273
0.04031360010634857,0.4535601097571411,-0.08150214704820934,-0.20943455565533073
-0.005380395735705958,0.4652104196006038,-0.04773726548488467,-0.26436306413795485
-0.021004165797145955,0.31927925475848706,-0.004335362098919839,-0.27818569742513016
-0.017670655201687386,0.0546655511823146,0.02789990530388863,-0.23656622085753595
-0.0076070529047515675,-0.2566263527079846,0.026621266846083874,-0.1368993489432909
-0.0009530669064265091,-0.5324175749998667,-0.024161185124266262,0.010041150208998189
-0.005008975619700381,-0.7056890582132584,-0.12777736319946612,0.18189002254550943
-0.024921711986935827,-0.7438332537007961,-0.27240341985035743,0.3493038051994106
-0.06417931676145751,-0.6557488376032575,-0.4333131845904957,0.4821394514580293
-0.12371998161189193,-0.48513763399859294,-0.5792159439539338,0.5556983103664743
-0.19966486468701022,-0.29316272771704954,-0.6806666017546105,0.5556913835523676
-0.2809812489596918,-0.13706884335676017,-0.7178853766201084,0.48100887612174764
-0.3490407701093828,-0.0522915261399479,-0.685587733303679,0.3439088844939296
-0.3806157238394451,-0.04379907944009786,-0.5934808724024463,0.16773489613732134
-0.3544316623967952,-0.08872423957323511,-0.462537524729294,-0.017347380857107585
-0.2595530460171216,-0.14820548245469045,-0.31849514220703773,-0.1798471191029676
-0.10247463674761856,-0.18330304215612514,-0.18479919752982088,-0.2927753987978795
0.09042996037817103,-0.16891759985908258,-0.07718642221505598,-0.33881926582137384
0.27720209040509153,-0.10099934865821347,-0.0013521268012012166,-0.31389272248020583
0.41105272051427655,0.004701470548719319,0.04601895183526096,-0.2282461758652187
0.4546545767543056,0.1207726784244583,0.07371867803082521,-0.10465724446389438
0.3932195759932696,0.2192131383958827,0.09155932525419949,0.02623385605912308
0.24143535954830783,0.28086968115392086,0.10666502582724037,0.13271156893137978
0.04105796416890315,0.29989627497807264,0.12167101291763027,0.18951840625668223
-0.15092010767859143,0.28231489563137213,0.13512876447491667,0.18434603293607438
-0.2801741412496031,0.24028956701756574,0.1435526170204974,0.12150357215222322
-0.313211050694952,0.18532120641662816,0.14399892198471706,0.021502930682556216
-0.249480302867099,0.12364157513013023,0.13601214033611864,-0.08372786634029813
-0.12287822954541859,0.055713235760477375,0.12217381571117139,-0.1590943464737365
0.008424774480917456,-0.020384111803809533,0.10714964918802806,-0.1760517238082814
0.08089033563124262,-0.10380713495877834,0.09576629019415979,-0.12116581941339916
0.047186619810327866,-0.18701466469357364,0.09101592757351179,-0.0009841632049113478
-0.10672845611893522,-0.25545057566394364,0.09286156004284514,0.15846620201910794
-0.354822883811383,-0.2915382386370785,0.09833887118903918,0.3178072955271067
-0.6369626466686722,-0.28159584153714734,0.10289517751469995,0.434693132279316
-0.875906502895332,-0.22275090414815427,0.10240149671361887,0.4757334962703528
-1.0,-0.126647610601374,0.09501396082564251,0.4266143714852205
-0.9644664941465764,-0.01786271090974532,0.08213216942377757,0.2973889085862433
-0.7647774907090368,0.07296510180020115,0.0680597792007432,0.12114189884646896
-0.43825361114314626,0.1190882052553935,0.05846756388925836,-0.053946110520411684
-0.053822710012502294,0.10708905498549978,0.05820192559162453,-0.17720417832223517
0.3065571617510977,0.042218968528218784,0.06921563300684667,-0.20938844333945078
0.5690645720326679,-0.05251096297139808,0.0893521528234076,-0.13404503653666797
0.6857407764656424,-0.14332380355987562,0.11242332918547736,0.036959060052090965
0.6443126177354138,-0.19632150602965842,0.1295963631365442,0.26546532384100563
0.46836416240881107,-0.18801094086601014,0.13169686955351964,0.49625638393006627
0.20896593851707373,-0.11205871994929441,0.11176673856983159,0.6711058517498384
-0.06904239322697676,0.01987598376586423,0.06715649159734237,0.7438705700637183
-0.30211420607383455,0.1831134048843793,0.0005787151049594571,0.692510814342776
-0.44086355387218445,0.3484895215223602,-0.08015911316229204,0.5247416061277347
-0.4584861456909342,0.4910681701753671,-0.16367823889575298,0.27576888708059455
-0.3539670262660533,0.5958815235495677,-0.23743454417907253,-0.0012458730576561231
-0.15046554802919293,0.6590209390949334,-0.29042616226482554,-0.24934047679957277
0.11013430265630339,0.6844408180312549,-0.315555692071838,-0.4226146322997592
0.37538560217003686,0.6785795088572978,-0.3110797851459396,-0.49773066897386564
0.5920596974500989,0.6456259152024266,-0.2807868028134288,-0.4789621457430268
0.7163614337102537,0.5857008254933205,-0.2328402889549112,-0.39553068342416176
0.7230864911529922,0.4966654560507533,-0.17755485147465364,-0.2921283131537592
0.6118837476671535,0.3784288741028295,-0.12465963021681098,-0.21539646777174332
0.4087544287746855,0.23733012122745425,-0.08077605797613274,-0.20020350872002401
0.16153209651480085,0.08800891277848269,-0.047828166887233854,-0.2595458985287327
-0.07056873252482332,-0.04875579297141556,-0.022889899520822293,-0.38082041633271774
-0.23144923509187265,-0.1519144381110249,0.00041332662857590215,-0.5293991920867341
-0.28312633717031493,-0.20757460124147872,0.029298453441002355,-0.6584067410303701
-0.21688643541292588,-0.21485768096331884,0.06877293094369363,-0.7219157442271297
-0.056795837151318466,-0.18739624992255366,0.11910666857585246,-0.6878993835765296
0.14625748655651832,-0.14927948229624374,0.1747145668806195,-0.547419720484063
0.32892454585361736,-0.12649265653322495,0.2249542613941929,-0.31762323870149844
0.43421405760112336,-0.13686649144243473,0.25675954987362093,-0.037828708585870056
0.42901228723741325,-0.1824125339487399,0.2584226501374111,0.2401545496249949
0.31456882406868925,-0.24725520783356625,0.22341232171148181,0.46484852959939155
0.12622830882593458,-0.3023726755374253,0.1530280715957624,0.5976900869700135
-0.07787034286897086,-0.31577073294044694,0.056993661758357725,0.6221565635580378
-0.2356734949206281,-0.2645438738577621,-0.04829708909737242,0.547198555028397
-0.30151101682260795,-0.14439690512424055,-0.14344696845173174,0.4042627080718333
-0.2609887318781661,0.027008020920234795,-0.21060493701035687,0.2388249067556264
-0.13535081246771097,0.21431811671587703,-0.23760375634416678,0.09869190403895683
0.02626966476742104,0.37503122059387184,-0.2205427190094624,0.022049195791455707
0.16411648761375236,0.4726695139033332,-0.16418354039124658,0.028190117575117787
0.22865688011688798,0.4879948742367185,-0.08021457601675612,0.11310713449547155
0.19777580397032435,0.42443474003033493,0.015938033700436942,0.250880558687116
0.08432208271391115,0.306047596480871,0.1087209826259534,0.4003843576565441
-0.06863006340234655,0.16907310437927353,0.18547159930968984,0.5155842370752978
-0.2031376315072566,0.05033892722683094,0.2381724259345987,0.5569101220711797
-0.266975684961413,-0.023296236247447723,0.2637844949280955,0.5010047455683528
-0.23224678604874963,-0.04098926954274533,0.2634737824933084,0.34659710524912624
-0.1055263715279403,-0.007944184868817223,0.24130698336632475,0.11519849914759278
0.07395132561930347,0.05967882268248449,0.20297571006887424,-0.1534616137771775
0.2473772253611108,0.14223426806214653,0.15486846242912408,-0.41013541836709383
0.35614056100654634,0.22311253091806155,0.10349388422595193,-0.6068448527698433
0.3614736666032684,0.2918270859839132,0.05503292120880881,-0.7072752080946167
0.25731733741974566,0.34302872657942235,0.014769356016494423,-0.6944336430276296
0.07221051100994808,0.3728097067899408,-0.013681557273930235,-0.573909794708919
-0.1401651567335099,0.37492921238718996,-0.0291629993089507,-0.3721233072272339
-0.3183247214596784,0.3395679036672659,-0.033403333969190305,-0.13010899526910527
-0.41222900623356484,0.2559152998899713,-0.030698285654745232,0.10560402020076082
-0.39808221217811,0.11788930732288702,-0.026704118347015277,0.2928551832111647
-0.2840918809355715,-0.06951408418488142,-0.026586634899017688,0.40222064271512337
-0.10582671487180467,-0.2864988268178591,-0.0331359742613769,0.4221132042239471
0.0866984597192396,-0.49992875167054757,-0.04560782342174233,0.35970497681544683
0.24551356227804774,-0.6705669410422072,-0.05987505038915376,0.2377951163049588
0.3392240324938942,-0.7642450836362652,-0.06999870207978207,0.0886755906045528
0.36109140005439455,-0.7631932596929677,-0.07072778434855173,-0.05335105359416546
0.32860744642651,-0.6732210722533958,-0.05996877737210616,-0.15900380039867587
0.2754030313861383,-0.5236083528849493,-0.04015746586991342,-0.2091159638180962
0.2386964801934399,-0.35907880492369787,-0.017812464543427192,-0.19693606293862204
0.24659670812149406,-0.2261672368983783,-0.00125469394593021,-0.12754665500523257
0.30920701362056696,-0.15851200711408348,0.0027274486165055345,-0.0149865784436338
0.41591585859845526,-0.1662084846873523,-0.00806068905651298,0.12191033142883374
0.5391535568827284,-0.23305163807917895,-0.029793975413270248,0.2638361215134803
0.6429697186631389,-0.32272038030036426,-0.05364537227014762,0.3945411172842423
0.6936060164655025,-0.39173819511583924,-0.06909192598259233,0.5029895403729142
0.6690323601473144,-0.4045982774961571,-0.06834806838983952,0.5839637961976181
0.5650649915677294,-0.3456981047382807,-0.05014744138215809,0.637299670424792
0.39683843851965434,-0.22396980676100517,-0.02116945081550831,0.6661721980397224
0.1956414200759867,-0.06883828512195317,0.005783584750236795,0.674960793808124
0.0021235277680158996,0.08066770506390558,0.016474667500039425,0.6672277356249035
-0.14251806757872182,0.18940399675938993,0.0011462028715055839,0.6442785952787319
-0.2055457250172444,0.23720412915346936,-0.040681871996300425,0.6046541669454096
-0.1701317152649294,0.22374867834764947,-0.09866973615347295,0.5447292079200824
-0.03978240348926195,0.1659508931019605,-0.1543968523133198,0.460358073023426
0.1612766118190492,0.08952112577146207,-0.18775259975703912,0.3492258655729895
0.392120153723611,0.018488887774897166,-0.18478050146629732,0.21328999171742882
0.6030793336429993,-0.03303474169290235,-0.14395089044259302,0.06052194920193247
0.746235802809672,-0.06381567896768917,-0.07815941171744882,-0.09481751691787843
0.7862430831877091,-0.08255219156709397,-0.011198449975308321,-0.2338530264685584
0.708852215357638,-0.10094584211042103,0.0304571803012569,-0.33667818538799266
0.5247629166640194,-0.1263082905801497,0.027755651588775465,-0.3871658712841885
0.26741057946598307,-0.15723080630583916,-0.022746224021950118,-0.3777669211440388
-0.015130902497205938,-0.18428775772698602,-0.10602001791419603,-0.3128102495291574
-0.2722173584561752,-0.19532912255475593,-0.1926377772821931,-0.20903024384883362
-0.46342123577063193,-0.18271244831621752,-0.2488133743325998,-0.09273306534935839
-0.5683454053958632,-0.14881835035468097,-0.2490348083423918,0.005991166346465397
-0.5904857205324496,-0.10686150194288951,-0.18662293050062603,0.06060388842313664
-0.5539018304820215,-0.0761014685822884,-0.07798092919010802,0.054944389826993185
-0.4937107084475213,-0.07318893503117721,0.041597868189953556,-0.012538388158606445
-0.4434546857789597,-0.10339413880474571,0.12961602769904415,-0.12856042678343393
-0.4235020812364611,-0.15591457554592233,0.15167130267703505,-0.26898770201454036
-0.4343829342013316,-0.20604024335019339,0.09484453092748235,-0.40587275105414106
-0.45737018301561305,-0.22415481966028242,-0.025988927959188897,-0.5153356475512076
-0.46218460531707545,-0.18848720607334352,-0.17173976134113272,-0.5837439185722726
-0.41924165982022127,-0.09650587948205361,-0.2918330606457656,-0.6101822873188943
-0.3122194969148438,0.03017726031494681,-0.3418583415521772,-0.6044697121555319
-0.14649721257100018,0.15037537790301478,-0.29983982543903726,-0.5815552501573001
0.04969720212469446,0.21673579855381378,-0.1750187127928156,-0.5544441349810632
0.2321902822503971,0.19365362796227437,-0.005542074342023249,-0.5283726537895552
0.35386836979993597,0.07306466390288048,0.154568998440548,-0.49852132096946483
0.37972470099705086,-0.11834456728249433,0.25477946000250395,-0.45224856471447294
0.29908943916848896,-0.32423436454221133,0.2667875813294861,-0.3750969164269994
0.13096786275299996,-0.4753240177925934,0.1956631770597559,-0.2583082884223191
-0.07947697268869654,-0.5125396087989386,0.07894125009308546,-0.10487158724921117
-0.2725108006105411,-0.4085969325996348,-0.0264463296317602,0.06847494379349918
-0.3901916896988609,-0.18004392868305577,-0.06499522883338239,0.23445123409729912
-0.39274002870534547,0.11519542992166538,-0.003760350719207307,0.3628803600972035
-0.27012965061835664,0.3947147531748454,0.15402835593020042,0.4302505745382379
-0.04552923286962798,0.5776683209931318,0.3681676313911607,0.4277890484430309
0.23040202833498752,0.611181188684289,0.5742331463869567,0.3649967187110469
0.49275786141395805,0.4879366257675698,0.7056379393493196,0.26711064626241027
0.6794882182635628,0.24866992173383126,0.7172037408385383,0.16711874289975506
0.7476981466683917,-0.03145347255472045,0.6016846650349914,0.09496766335688128
0.6847952777306348,-0.26790129547197916,0.3930501675389991,0.06771867524582748
0.511602682254039,-0.394541804997037,0.15503380063147462,0.08417230956821665
0.2767169577161149,-0.3844484446704609,-0.04119746700881185,0.1259469653263357
0.043663265151738406,-0.25663460783149544,-0.14235801864556955,0.1646956356316273
-0.1257916929690731,-0.06672434245210564,-0.13222190073825874,0.17291534744229595
-0.18787978305661407,0.1146503739288292,-0.03762765483112402,0.13447428465179706
-0.12847704689801362,0.22760715817463045,0.08105289522258932,0.05105876114761821
0.032843200634630594,0.2435149800815928,0.15175729447402486,-0.05778644131132915
0.2474701168859811,0.17301393655822822,0.11719100140235915,-0.1610213480098317
0.45007770343937453,0.059128469722816414,-0.04351372709997369,-0.2265504056310685
0.5756011600433862,-0.04135935075878108,-0.30568675201147394,-0.23195884788992904
0.5765886120174203,-0.08083071797717704,-0.6058492832943443,-0.1717259368058184
0.4364128535832583,-0.03921308766226847,-0.8619482909423665,-0.058472101628834566
0.17474511736659953,0.0690321611911425,-1.0,0.08194315259809347
-0.15639653098421458,0.20164896848491104,-0.9778638621814474,0.2193825959541779
-0.4852474039515989,0.306072264667534,-0.7980233473200923,0.32894514458021895
-0.738386950432672,0.3406188104249229,-0.505278334179128,0.3974966649829605
-0.8595403572637444,0.29106169320506203,-0.17065245987210034,0.4250269578762865
-0.8239689216052339,0.17621028331960514,0.13238946508637583,0.42080595480340777
-0.6444467526159786,0.04048506567155536,0.3508507460671899,0.39641858160727433
-0.3671526754893834,-0.0634505662068947,0.46636078875105386,0.3589571805285737
-0.05870159492240148,-0.09512848627147696,0.4961971605208993,0.30746078327843873
0.2118709540810726,-0.04181529805215439,0.48172221549635746,0.23419462085896545
0.3908959023043514,0.07680992924863389,0.46930428237539346,0.13018084683025957
0.45251549704524086,0.21651407711560886,0.4912511955304713,-0.007566019652152267
0.40243455404813183,0.3256996131784426,0.5538520659030628,-0.1705433036197386
0.2724324047107212,0.3651508033999651,0.6365777275341984,-0.33787392338938443
0.10801275993248027,0.3226709474302998,0.7020751262318595,-0.4810431600138412
-0.04637404817552549,0.21704475382695412,0.712520215738388,-0.5728669309909674
-0.15960397334732304,0.08999455229607417,0.64569017839674,-0.5973382519160195
-0.21992420745945052,-0.010509334571465509,0.5045385647854328,-0.556330433759762
-0.2335015406957477,-0.04891257384257043,0.3168379165563661,-0.4701138482751942
-0.21699144349900054,-0.015390940761290816,0.12543247611338842,-0.3709562257867281
-0.18773013081419768,0.07128027892855553,-0.026761418319570376,-0.2918463231806225
-0.15577030211828474,0.1721942399758256,-0.11103462272417357,-0.2544954831545709
-0.12092806627957248,0.24451191483360488,-0.1210431205604501,-0.26132756870352236
-0.07572402360170777,0.25877155199359814,-0.07210796492933738,-0.29484738089589835
-0.012508350542071122,0.21033606223848633,0.007447012687767363,-0.3250070893444596
0.06879139876426775,0.12044075170510346,0.08889674791194156,-0.32200463917981625
0.1562049789914104,0.026540343341193876,0.15424322715565011,-0.2696060906561819
0.22710945383673223,-0.03400332351926833,0.20131583664138517,-0.173573935692124
0.25554804282063054,-0.040139806799003606,0.24099321625029424,-0.061415451648589116
0.2228871097971142,0.003489793573736909,0.2881099727810349,0.02708747339378484
0.12749718256397174,0.06801744617883865,0.35032800217068993,0.055439027238127034
-0.01087249862365091,0.1122742349770858,0.42015935927820036,0.006293208394199
-0.1545620826657404,0.10049726426814096,0.4740529807229545,-0.10871295574085102
-0.25887092655662014,0.018655356525544783,0.47951360844333885,-0.2495865274912121
-0.2868664752896038,-0.1174137444310684,0.4077986027452223,-0.3597439792189263
-0.2228174103128537,-0.2657631957583334,0.24722957063662723,-0.38534219593125896
-0.0790620122750945,-0.37304005568842025,0.011599482422759929,-0.29546308150868666
0.10671104810023406,-0.39476771533871924,-0.26017912575150476,-0.0956704678650122
0.28332588406551856,-0.3134327281138811,-0.5137666032035126,0.1705296413378737
0.40320202107600295,-0.1471794122520996,-0.6953906034966524,0.43362929631729397
0.43858486750678466,0.05467724863092408,-0.7685513438645485,0.6199142846251633
0.39092524413061314,0.2281392210714225,-0.7253798896669944,0.6758205306739287
0.28976338123729084,0.31719045328483714,-0.5884300731506246,0.5863390808300837
0.18129216902604983,0.29429765796432483,-0.4021581168683895,0.38080589395367775
0.11065195347772286,0.171013517712018,-0.21714668373315804,0.12373483749481722
0.104471313113151,-0.005497483964769907,-0.07282015787606085,-0.10637585909212718
0.16023978639568592,-0.16900013851434265,0.015049613638597721,-0.2430203347494265
0.24668943358950368,-0.2579033902286329,0.05754916973484874,-0.25343676342610466
0.3153231096744941,-0.23752458119474265,0.08552289621313681,-0.1485835205484413
0.3190453928324717,-0.11274059158900056,0.13499886210405032,0.022033279566500863
0.23109671759959866,0.0736386060737937,0.2307520758363807,0.18866396002354155
0.05721984854848713,0.2562033406964272,0.37428894606008667,0.2860911506866212
-0.1636617432761577,0.3703918077337259,0.5408665383906173,0.27600983771585086
-0.3708457572338767,0.3755154399243303,0.6867865313073562,0.15916325040776344
-0.5015348172467238,0.269040886878923,0.7643928907213612,-0.02676793942092168
-0.5119713053624458,0.08707586298403097,0.73936564536111,-0.2222930121330229
-0.3926348868898886,-0.10891353725955222,0.6040694262034505,-0.3683454557628138
-0.1722266050653582,-0.2541344359226915,0.3821559754177187,-0.4273018234056949
0.09084966909858401,-0.3031637084853632,0.12276489801678189,-0.3951682481526709
0.32641557692916096,-0.24518021678332513,-0.11366268887758627,-0.30081839915226444
0.4735883083513061,-0.1065256704178334,-0.27308400077517475,-0.19310114108734314
0.4978790050735785,0.05987603343130602,-0.3231442634083779,-0.12112812755085119
0.39892414936254844,0.19395743368415766,-0.26119520932775997,-0.11542433628606713
0.20701223029460106,0.2495037801188744,-0.11288256803530822,-0.17703232618883036
-0.029416880298252093,0.20917943481422727,0.0775621745912613,-0.278397692729953
-0.26014935760903163,0.08859503119684042,0.2615063721393325,-0.37523384129604487
-0.44741490935898803,-0.07132908393423332,0.3995991316105645,-0.4243715701671949
-0.5733162964372177,-0.22015490875088503,0.4706447581133501,-0.40044549352608877
-0.6388702234685911,-0.3155946796973616,0.47347469485493215,-0.30494378263478206
-0.6564397151893295,-0.3365524985702464,0.42230201015718966,-0.16433174651529653
-0.6397335951755813,-0.28727237922040716,0.33825468372167394,-0.018365156012382162
-0.5960739743046299,-0.1920241719337318,0.24076217133949931,0.0964109638584227
-0.5241881059839663,-0.08340819760566591,0.14197030850302364,0.161148752974969
-0.41806222809282884,0.010463442610896025,0.04571941278086525,0.18125515805443618
-0.274585944160171,0.07472217131376305,-0.049415297803085304,0.18238659139634536
-0.10099468519431505,0.10941292681585547,-0.1451181115155514,0.1975754824325674
0.0818203387566488,0.124322784444169,-0.23902368968674342,0.25083578908745546
0.24228006050502937,0.13017482233374092,-0.32316487832352697,0.34411172513275295
0.3467727902777943,0.13081891750747923,-0.3858164931472471,0.45319944330471895
0.37087520188200207,0.12037589752464631,-0.41578586609256657,0.5347537427119957
0.3087500664311381,0.08684592790537386,-0.4071235755745326,0.5420640523773973
0.17685722690095346,0.02055307572502522,-0.3620858024276644,0.4436882799476585
0.010223167855380666,-0.07666181235981046,-0.2909850838085351,0.23769997306880636
-0.14764714510251642,-0.18627246809672351,-0.20893502761708466,-0.04420985475051747
-0.2577071406598103,-0.27524607850337146,-0.1308248664707972,-0.34477058143722067
-0.29659574000541,-0.305849219441588,-0.06659041540278564,-0.598695804476091
-0.2623180514337506,-0.24995409019413276,-0.0186895149854589,-0.7534841787882652
-0.17271376375447553,-0.10238074594840992,0.017265929194858472,-0.7858567192836847
-0.05777113598422797,0.11241131938482883,0.04910150581528792,-0.7078103073959398
0.05097177034284171,0.3438550506033633,0.08341939344712211,-0.5601548622089443
0.1298942328091647,0.528875646527819,0.12169401468251631,-0.3961190732809628
0.16841420434319873,0.6114651112572077,0.1587758450919875,-0.26135096801664104
0.16858857875092145,0.5615406785793747,0.1844245584799527,-0.17796505638222715
0.1403591483626858,0.3862218792353039,0.18723141912541394,-0.1386790684389551
0.09526064949469529,0.12908597592406004,0.15932277405520345,-0.11314676294640702
0.04170086546465809,-0.14284043467125188,0.09994910921856809,-0.06383189422020019
-0.016197072965849685,-0.36015844528546503,0.01655286821834468,0.03499079785734414
-0.07617168005697582,-0.4730361817827997,-0.07705339741182748,0.1828256716594698
-0.1336966525910673,-0.4663797674873596,-0.16462326135190886,0.34918166395024375
-0.17896406797788278,-0.3629702774947193,-0.23197364895581415,0.48243701207558864
-0.19731700975362923,-0.21361003939894296,-0.2703785452763244,0.5284564275741698
-0.17377830225502078,-0.07799027973302364,-0.2777627885229618,0.4521834496279031
-0.10016456686795779,-0.003291588044913406,-0.2575750248122245,0.2540264444041469
0.018348372664226568,-0.008238275134636541,-0.216169870658407,-0.02549953135708113
0.16062723084328365,-0.07819659313035568,-0.160052178881263,-0.3152949724423425
0.2930706429987837,-0.172747887018748,-0.09422706201076904,-0.534685583564281
0.3788775465819734,-0.24254790977850493,-0.022236026333301948,-0.6190267633051602
0.3902100827846828,-0.2489287100835052,0.05243793335439634,-0.5412112443114631
0.3187617017047588,-0.17884262480414093,0.12462727939926715,-0.3216572114819204
0.18038284770381713,-0.04966827365147086,0.18662909399502073,-0.02322965479784991
0.011386546325013444,0.09767308363472865,0.22906315934293278,0.2673609921246237
-0.14273171512349145,0.21441926565978578,0.24340938402100012,0.46563150461964015
-0.24237904138539182,0.2623715647987085,0.22529744078167158,0.5144474491640348
-0.26724681898100217,0.22801974138225464,0.17709060034173665,0.40029362840523364
-0.22285324347665586,0.12719082251040728,0.10841191184286189,0.15592720775069235
-0.13754728935391938,-0.0012740114359818884,0.0340026335086847,-0.15078606273490677
-0.05089777870919052,-0.1101411123617503,-0.030603156186256662,-0.4376703514910534
0.0021976013384740448,-0.1609875356211557,-0.07411177065807335,-0.6317554249396681
0.005523373592495062,-0.1374774059004463,-0.09328226298942074,-0.6883017997918268
-0.03192843849617446,-0.04990450325362303,-0.09390920415361183,-0.6001807289697303
-0.07972162235444451,0.07033142860280131,-0.08838083910910036,-0.3959504078378336
-0.09881366502688475,0.1837797188121036,-0.0905519030287429,-0.12859448338019702
-0.05858051777303096,0.2582239659562122,-0.10979931772022974,0.14058101579852736
0.04871641186009479,0.28026014534098453,-0.14658233032387583,0.35766386340811884
0.20200639486862507,0.25890220641158473,-0.19138558633857447,0.48728587977394966
0.3568521201688192,0.22020863756283834,-0.22771173804083897,0.5172130397752212
0.4606900386900241,0.19545329486221327,-0.23824767725372645,0.4567426629933079
0.47236931236887536,0.2077812804087121,-0.2120414564482604,0.3309455135284058
0.3785818678648861,0.2626876129708922,-0.15000393451357072,0.17331848846104803
0.20069589621282594,0.34594312894460805,-0.06652076130471726,0.018883443139858277
-0.011027431832600514,0.4295111684379097,0.013716747093810265,-0.10131185051968743
-0.1941218367014751,0.4828109454113397,0.06284881030136837,-0.16431166904544467
-0.2956019202572518,0.48465616090059677,0.05867621180338032,-0.15840499516731796
-0.2907141262087549,0.43110084668315135,-0.007774921259337145,-0.08544391353738008
-0.19177824674308203,0.33623784185445577,-0.1285477060015266,0.038201706728923715
-0.04376518906702954,0.2259337560674215,-0.28022566052540865,0.18308944113658585
0.0918165269328492,0.1273308069895702,-0.43016036154661685,0.3114660123080978
0.1587912404817533,0.05855072614772739,-0.5454583428425545,0.3853587227422394
0.12588045193709071,0.022779473246434173,-0.6018642230148911,0.3765939609339278
-0.003180383521759454,0.00894576556092357,-0.5898059460629446,0.2760212374831961
-0.19249473283228824,-0.0016201441880799453,-0.5159108937547225,0.09868738078278971
-0.38842441323596927,-0.025660738230626156,-0.39985576333344564,-0.11759784187598034
-0.5398337049968941,-0.06984933370740139,-0.2679130874414877,-0.320974203357115
-0.6163255427870659,-0.12759963027091284,-0.14548797059622817,-0.4596779780078147
-0.6175814296638806,-0.18219424524502145,-0.05101970250231419,-0.49756123877929637
-0.5705052042555128,-0.21481957675260951,0.0071030507340542485,-0.4259175466964888
-0.5156901587585825,-0.21391411812314373,0.030169116529101217,-0.2672999658383766
-0.4888959905227577,-0.1815899171933967,0.0260785307064105,-0.06942985461087105
-0.5051176743366886,-0.13406748404500998,0.005129547615868828,0.1093819365903546
-0.5517267775992991,-0.09560175854037781,-0.023673708973052925,0.21880911119165583
-0.5935132044686967,-0.08821987368777233,-0.05462909566905624,0.23292344983584717
-0.5876911881317588,-0.12153911330319918,-0.0853555272217716,0.15873837063320126
-0.5029252197831511,-0.18713154533898846,-0.11535878811672172,0.033685331896612034
-0.33474671158653735,-0.26020586303465637,-0.1441722998314255,-0.08740835897110455
-0.11102930355689553,-0.30842885656367497,-0.17009269069838268,-0.15156423117355103
0.11503108642809491,-0.30469148075714175,-0.19008547930077252,-0.12653665900226047
0.282186099658163,-0.23878851013356758,-0.20079351246248717,-0.012722436038065929
0.3424371678291504,-0.12313327665428074,-0.20003849409250038,0.15619967522501765
0.27852814662743125,0.010210017727711547,-0.18799386780844296,0.3243068351612514
0.1111202586129084,0.12052290596292509,-0.16739509385287818,0.4324593970477301
-0.10708950370214436,0.17354096551618278,-0.14263170608849438,0.4387859638329196
-0.3082821676438262,0.1549194369245521,-0.1181039972293096,0.33352910388489254
-0.4314760710594407,0.0766813364270641,-0.09657989997809503,0.1430834633096314
-0.44184165910992784,-0.02620095574054798,-0.07830024493441094,-0.0781948932536894
-0.3408128091068408,-0.10819460840115475,-0.06125320292640002,-0.26559028000198015
-0.16389842389342893,-0.13014297077577144,-0.04252042750015574,-0.3649903355206711
0.032465136068959885,-0.07441015913667727,-0.02011737315045415,-0.3500647299265234
0.18993842563058339,0.04761828408916312,0.005482818734500737,-0.22991631296013942
0.2663873442887939,0.19876524468527043,0.030838990413663215,-0.04483147192752535
0.24711474309945472,0.3290853073359079,0.05033146428882811,0.14812200984157003
0.1461586373813715,0.39399128017581575,0.058003166266615426,0.2944851987259958
-0.001643358941069648,0.3707628205798959,0.04976856419930184,0.3600840855453636
-0.15397699606733156,0.26721530008242383,0.025147139332652585,0.34110838945936633
-0.27450183097881153,0.1191795140960586,-0.012145176619027212,0.26352120146685826
-0.3418597091119322,-0.022383766023550335,-0.05497844242763154,0.17247920538795591
-0.3519887354938072,-0.1099172170683497,-0.09468365352959299,0.11579508734546744
-0.3143556054847921,-0.11660146310769465,-0.12335090414457951,0.12728384720258856
-0.2449305335675818,-0.04609070868485085,-0.13576337058853155,0.21555525724791963
-0.15945842213792788,0.06889837226121331,-0.13036149600251778,0.3616578645120626
-0.06969137337718302,0.17852570654263403,-0.10902365179591106,0.5258033417567023
0.016691267361212254,0.2337827792226524,-0.07588583953259072,0.6603664220429204
0.09375403807061604,0.20380379674116952,-0.03573396820854619,0.7245015649231277
0.15496914891924504,0.08626195034371405,0.00741743776948718,0.6955921418261746
0.1930244129266597,-0.09268575400180996,0.05110106730559474,0.5742504688133785
0.20247889447038075,-0.28844837565656045,0.09437009785047365,0.3820496725607804
0.1840732001466981,-0.4538899600447722,0.13712630597557887,0.15363993074410637
0.1481310614800315,-0.5549073126819519,0.17916695149385697,-0.07348576768490701
0.11439437279601357,-0.5799772325129627,0.21935440903635336,-0.2680330225780531
0.10698218537352937,-0.5405711048731472,0.2552044286689369,-0.4102102751492373
0.14543723295675143,-0.4630494080771581,0.28300700407400786,-0.49250675419676104
0.23502038989163848,-0.37596405957188994,0.29842470176623903,-0.5169187498997798
0.36047739256547656,-0.29830702582715996,0.29741275174424364,-0.4907011840154366
0.48679405327552255,-0.2335506560792596,0.27727711560386664,-0.42281933184617343
0.5680696371240858,-0.17166632222717867,0.23769313754199195,-0.3224567653881912
0.5624136795757306,-0.09780994292142102,0.18150211017646364,-0.1996465896059704
0.44799062045606614,-0.003479843174649851,0.11506936127653242,-0.06693148077057642
0.23420920164043516,0.10512537051597906,0.047956662240132994,0.059579686632065865
-0.03679385111366968,0.2056488158304861,-0.00829952872867888,0.16110445032556364
-0.30004944064294725,0.2661752817121667,-0.042343333321080125,0.2194235384202759
-0.486593500415154,0.25754786997538676,-0.045821604613492564,0.22167584851271038
-0.5452982189640728,0.16645534164034967,-0.016241049433087643,0.16503283524280482
-0.46023099138942414,0.0037355749083370707,0.04104605436490745,0.05935490344538558
-0.2572413606047073,-0.19597317895466015,0.11264995331190047,-0.0735100435067737
0.00298178833538548,-0.38375548452740627,0.1793204365952539,-0.20400569038691432
0.2434510534802707,-0.5119562425044248,0.2203852079483947,-0.30169453768708454
0.3949546864580095,-0.5500396331419671,0.21950843822991487,-0.34269935164950865
0.4175625640948136,-0.49474386923543273,0.170141220427204,-0.3155937484393129
0.3123060668453815,-0.37055889549855725,0.07880168486487622,-0.22408172113956823
0.11921732387644349,-0.22022471008574915,-0.035270806600131495,-0.08583453286926744
-0.09729491086703358,-0.08880852533671629,-0.1445282554312591,0.07198374638395666
-0.2703696379026081,-0.00744228854941926,-0.22068971166943682,0.21908015178345805
-0.35217110032853954,0.01703110857963568,-0.24335382668128427,0.3285146846976445
-0.32762600572370354,0.0025430393769164217,-0.2068939369067767,0.3817632373422891
-0.2161858238650871,-0.017673516716901073,-0.12315818473069742,0.3714698740860995
-0.06184317523087517,-0.01066183109848478,-0.018686738276144352,0.3017563574375295
0.0841964426168407,0.04088372940752942,0.07307290077408563,0.18654612900686285
0.18144369398884708,0.12973431588496045,0.12230711959358835,0.04662012044763512
0.21219501606804375,0.2255053435120428,0.11276671323494321,-0.0939326476115001
0.18396188343488262,0.2860154187680526,0.047696982864088334,-0.2114221718936961
0.12241312011108214,0.274335927991687,-0.05045573511336599,-0.28615400048228035
0.058592058296420856,0.17486038176517507,-0.14676702453874776,-0.30565753941360146
0.016062462801149004,0.0019281784186051748,-0.20499474251483765,-0.26713305447414215
0.0031546277023823,-0.2027127374009557,-0.19957972445177738,-0.17851887318752896
0.012939041017870035,-0.3830645582138638,-0.12447579015646956,-0.05756182908014179
0.030081553563387528,-0.487996425347756,0.00423171536437622,0.07142966684383067
0.04080454021965346,-0.4892663127827088,0.15290460529883979,0.18285583353033122
0.04100153763428301,-0.39168117432700167,0.28067455648285716,0.2560653677029855
0.03858190876010742,-0.23150431172728675,0.35209130831837454,0.28090657989510825
0.04887950157089925,-0.06359781108125191,0.3478901314336371,0.2607882322507883
0.08524173043353181,0.05799872803156643,0.27035107909693196,0.21194048329461077
0.1492966587849422,0.09891117814731633,0.1416283432633144,0.15863419582503266
0.22582022913901018,0.055811331534666074,-0.0041248989842230625,0.12545556826385085
0.2853532702328873,-0.043703421926041076,-0.13190528975977836,0.12888151603865594
0.29443437285142326,-0.1524346686490914,-0.21634109270743135,0.1709065726948097
0.22986491480522686,-0.22165190649659317,-0.2479975387498305,0.237068352002984
0.09126778518749293,-0.21903209357211245,-0.23367729845478927,0.2999494236187076
-0.09367974766000464,-0.13982203232499532,-0.19116531466552017,0.3274655746959456
-0.27448525654685063,-0.007309420802251999,-0.14087560084647935,0.29356508949744486
-0.3927482841672212,0.137161166596922,-0.09784811707245918,0.18795915257723878
-0.40201522321975064,0.2504396270044169,-0.06716954258616827,0.021578413617865853
-0.2855408578529067,0.3036582411166119,-0.04433668028027504,-0.17435166269508193
-0.06518147881014771,0.2920127143030989,-0.019984386721160496,-0.35575044978534115
0.20248602089557333,0.23473867018899527,0.013396670793049854,-0.4776529178034464
0.44224274440921124,0.16570872276442222,0.05590904941162028,-0.5071726489350379
0.583472350652751,0.11872087499390675,0.09848183263053707,-0.4334645361747628
0.582781358873363,0.11350396362965878,0.12586771288917767,-0.27152231033945395
0.4382085451813517,0.1480059546057286,0.12331046230902315,-0.05850881853733648
0.190050427299238,0.19989113205880804,0.08412554407804668,0.1563795057823699
-0.09204305924734736,0.2364371993737676,0.0148716940739847,0.3255117798304572
-0.3312811538272405,0.22868650740572075,-0.06441503828770688,0.4158283294035915
-0.4676497874995513,0.16407581456574996,-0.12558063564336974,0.4174159175660481
-0.475471550126417,0.052459004760149634,-0.1417264570195745,0.34522131386063254
-0.36894034184494023,-0.07686532344596297,-0.09729721851704588,0.2335934218486432
-0.19429984986331353,-0.18590365755151864,0.004923519997208707,0.12549546353746327
-0.012012112145474646,-0.24220275628740193,0.14277283429847232,0.05973882734550121
0.12440904729912573,-0.23094297630244318,0.2804060050872848,0.06001998978962977
0.18539701363713182,-0.16016871032460703,0.37906272229493626,0.12881475169031895
0.1725394585052725,-0.05719264735788509,0.4093249080861697,0.24759033700800018
0.11416588093973172,0.0422949068267858,0.36065197924331555,0.38287745573955645
0.05174496380272237,0.1080378110458662,0.24486736517369645,0.4961042269795075
0.022671796900720468,0.1264932063308226,0.0923685417613723,0.5542001438240011
0.045977050707288095,0.10520601990280491,-0.0576244673608657,0.538028246682688
0.11600936600314818,0.06869170382984177,-0.1694088223844828,0.4465871398306363
0.20590146336867093,0.04760574760861449,-0.22152161567558942,0.2962902900191518
0.2789180619920199,0.06559257665540298,-0.21231539136681124,0.11602325445855617
0.3029945510081802,0.1290542805637505,-0.15875950277197892,-0.06030388606583987
0.2628860488516231,0.22385839225128584,-0.08924945978010189,-0.20158575757274302
0.16557266725708517,0.3202290281592214,-0.033234622854876515,-0.2858309670259814
0.037323895136078346,0.38385259568662916,-0.011406171797848016,-0.3037274010318925
-0.08600763113653155,0.3888431709794773,-0.02973847537427389,-0.25910016138341424
-0.17151967665245307,0.3275679157581576,-0.07908560586777036,-0.1666720983541046
-0.1999290962247911,0.21364116985867035,-0.1399488330104818,-0.04803941212935498
-0.17072367807860175,0.077098809260558,-0.19024586540502694,0.07305248453089239
-0.10045442876827121,-0.04622808257732625,-0.21306296159130633,0.17515211299710765
-0.015441407946420979,-0.1269887177556463,-0.20169810387369547,0.24254989091302248
0.05791975857117237,-0.15163002217394034,-0.16058572641896082,0.2673266786141024
0.10151652701714048,-0.1254878535495353,-0.10236066135285822,0.24987354834145506
0.10971963087872182,-0.06892579064273394,-0.04269649965698563,0.1979686113143975
0.0884916632017263,-0.008493623625533069,0.00486442431802984,0.12466628796967066
0.05052226169780877,0.033137789239375506,0.03223236023665019,0.04539995136490829
0.008905162667265463,0.04450442310630161,0.037440259689621495,-0.025178229890192597
-0.027876130456739093,0.027363549673977146,0.023095002863695546,-0.07602492638609523
-0.05777796115905266,-0.006839794687571426,-0.006091259819828894,-0.10163134018910713
-0.08353709581669291,-0.04398715948988022,-0.045239245327478875,-0.10263576307603771
-0.10876966538425037,-0.07439831127653476,-0.08982923530113496,-0.08499757771841811
-0.13396572078631339,-0.09683443982220472,-0.1349018511697199,-0.05796282652478493
-0.1544188384084187,-0.11773333301091429,-0.17388409122329487,-0.031377036859562654
-0.1611479545008697,-0.14623685072942882,-0.19831521117478249,-0.013087791294438518
-0.14446603741308245,-0.18750084148196086,-0.1993465099659308,-0.007152168945939569
-0.09864122197843814,-0.23758947532664149,-0.17093091073772243,-0.013314748184577794
-0.025583798670940176,-0.2826024158359119,-0.11354932440532996,-0.02782045294733446
0.0641317096487662,-0.3028395564886486,-0.03667303948364816,-0.045201933748892316
0.15351976536039655,-0.2805552598313447,0.04168959980542118,-0.06037739293219719
0.22400272019879333,-0.20815294802485057,0.09903124769555846,-0.07031902416539103
0.2610691548335789,-0.0932616777930844,0.11516418994894573,-0.07473422313459514
0.25872859549765376,0.04177130990075662,0.0796516709197879,-0.0755799234906344
0.22119982221531811,0.16625719387893798,-0.0029567550665411525,-0.07567158507152487
0.16132263642521713,0.2512995541771063,-0.11244970708023347,-0.07699379930733706
0.09637056248354856,0.279940364864474,-0.21773459945227794,-0.07944155443997665
0.04280303572636441,0.25338979339796897,-0.28597530132002036,-0.08056986639954977
0.01173060373900563,0.19079201763177767,-0.29321828349679097,-0.07655180616616927
0.006444939789912678,0.12240813821838177,-0.2328174375373746,-0.06407058364601095
0.02251478888140445,0.07863250262179078,-0.1184907962792448,-0.04246872683545927
0.05003980726352023,0.07890354545717063,0.019399077251628715,-0.01529593595714278
0.07703515464245538,0.12466896265065587,0.14335445998489238,0.009484778774689562
0.09277670744019763,0.1990644389722357,0.22090300065306442,0.02097693816785547
0.09023507003278872,0.27343701881716026,0.23518969108308443,0.008303227669690133
0.06725315062189843,0.31826108975737993,0.19022313804012778,-0.035724609316254985
0.02660288060865741,0.3143489095226858,0.10885300348971268,-0.11132083041781865
-0.024709762109712485,0.26017357143475717,0.024167328543653565,-0.20995174855496743
-0.07657698649433695,0.17261826729018637,-0.03259222290820592,-0.31486764202898815
-0.11726453135428146,0.08095257111330731,-0.04319990914981336,-0.40412512992813
-0.13531411699190227,0.016354479930148984,-0.008620369817208845,-0.45556012222324016
-0.12192053908336656,0.0008925632272965612,0.052053577333367074,-0.45254057768135403
-0.073544207066951,0.03997580932497182,0.10945447732773252,-0.38898277808289106
0.0058843525077182995,0.12087759590016274,0.13560579490412192,-0.27217435914115223
0.10408911466460256,0.21762163159013567,0.11499307573669426,-0.12242261271333024
0.2017401050732545,0.30018849912148066,0.050857533893084624,0.030668471849001355
0.2762114606065994,0.34453818138272546,-0.035674608555666405,0.1545929322086234
0.3072338175020138,0.339856670312005,-0.11331627285536346,0.2215433739890854
0.282979227812936,0.29068496778968056,-0.1523033751883761,0.21533299381059318
0.20460195162771788,0.2136282903967252,-0.13565011980306094,0.1358194977036578
0.08741914259198148,0.13035034240700377,-0.06574499236842533,-0.0004309238235753279
-0.04218800494717032,0.059769836300715834,0.036194909588908177,-0.1635757974992595
-0.15367967313788422,0.01238554904150122,0.1376162517595834,-0.3173008281873726
-0.22118524717564642,-0.011451907951382095,0.20627795890342557,-0.4273608957636805
-0.23148304460921107,-0.01921068953628782,0.22172686548332401,-0.46971465059323664
-0.18839547198449455,-0.021267363364113133,0.18236207207612112,-0.43616318012229655
-0.1118925439230289,-0.02574015704974812,0.10552324709052201,-0.3360234574511808
-0.03191961680698177,-0.03522080255710845,0.02065395865279437,-0.19340122322786316
0.02120665283195135,-0.0465287233488166,-0.0418397785949321,-0.040799399806320774
0.026721833028070498,-0.0532162776399457,-0.06185340578235104,0.08921777562297689
-0.019673271769118282,-0.04940742936907527,-0.03680278290408117,0.17206882579096394
-0.10428636352036305,-0.03311842820361946,0.017806191334967157,0.19677632091176953
-0.1998545020416449,-0.007616015229312801,0.0745587057066092,0.1677358499456021
-0.2744309094889185,0.019626527761992696,0.1046698323435415,0.10230155980693341
-0.30172197716878824,0.03970106209415667,0.08892848444924327,0.02503404324977266
-0.2693867637337975,0.045374081464480735,0.02502716711031138,-0.03963178080797818
-0.18257090451103547,0.03312824088129377,-0.07132801300838171,-0.0741589329456347
-0.061654941500563026,0.0033808383371661654,-0.17180059134649125,-0.07223264831636578
0.06477584199976658,-0.04090080489615737,-0.24521116086978043,-0.03954573999807495
0.16912573082946458,-0.09615479251314511,-0.26811787753961663,0.008956501453303858
0.23291590129192963,-0.15947248101036005,-0.23242719310785034,0.0543300261728204
0.25117866592208477,-0.22830979691597156,-0.14749240153772797,0.07966103618518847
0.2319469438773145,-0.29876818961100415,-0.036243608897197646,0.07502194441836625
0.19150036819139463,-0.3635116893261191,0.07296118968212369,0.0399513832756843
0.14750507091185897,-0.4108706312428852,0.15565833348900576,-0.01709503040848599
0.11276847869026509,-0.42638412161297323,0.19846231603429626,-0.08191039117868894
0.09185067490217293,-0.3969997290179751,0.2018073803768613,-0.13913504968788978
0.08147249126604837,-0.31678736437495925,0.1777165526866538,-0.17676194993088243
0.07408661735854488,-0.19194449991019563,0.14389936478734502,-0.18918988729458106
0.06276265254245444,-0.04262415935021162,0.11668480770702061,-0.17805203880290196
0.04514283335443527,0.10005325007551218,0.10547207276896274,-0.1508287143116631
0.024769968846535043,0.20174503724838558,0.1105429970413384,-0.11795595279526952
0.009310842979798261,0.23537075201349947,0.12462674894560681,-0.08953668473501376
0.006571789530574541,0.19088818888689765,0.1371449998338488,-0.07274185253730327
0.02015832526925751,0.08066302390582474,0.13915780004343872,-0.0706001889715625
0.04678341243364724,-0.06209956991119506,0.12698048715230886,-0.0822893628031014
0.076531008006835,-0.19212265557673808,0.1031935769790691,-0.10448795987663172
0.09613294548769881,-0.26568757494187145,0.0749514099500098,-0.13302858865807207
0.09403747817717041,-0.25482802091762624,0.05059871387717315,-0.16410745820215436
0.06526222685608371,-0.15725368162577585,0.036187498838946806,-0.1946219657811421
0.014051567352729095,0.001647534848009732,0.03335637891039006,-0.22167737733279633
-0.04681420237781604,0.17581443389922816,0.0393057367045043,-0.24172513053197364
-0.0999174255496965,0.3125341691324987,0.04863089937910606,-0.2499929963638421
-0.1289264503718366,0.3689990804299097,0.055994241376982785,-0.24075927183280987
-0.12405884655810508,0.32592908841330787,0.058348325349576076,-0.20865173490212238
-0.08530641994244137,0.19369700273219284,0.05574729217092656,-0.15066682368130405
-0.02230490645084862,0.00890616045648261,0.05052078182912942,-0.06820383677023228
0.0490032257522848,-0.1773893153451601,0.045379584311948266,0.03173676813871354
0.11159315878433688,-0.3158078968830388,0.04151046245657834,0.13685694750253324
0.15252027353724948,-0.37368541452838405,0.037685105148873306,0.23156676892129602
0.16620630056214683,-0.3441097221004274,0.030882130658475827,0.3003053598450116
0.15484871479229523,-0.24620149520064952,0.018152909594325577,0.3312930424428064
0.12610101338374863,-0.1169741519050825,-0.0011879069386426828,0.31960909842890434
0.08919166444252784,0.0020382523033916204,-0.024190805355318225,0.2686350561574477
0.05115135492240818,0.07856361468693283,-0.044545829666890316,0.1893775279638891
0.014633849633643956,0.09908674131705321,-0.054601442025022706,0.09783170906247017
-0.021943223002987466,0.0711216284571717,-0.04840533740402752,0.01114813649635429
-0.06221132879402661,0.01802701676571619,-0.024502769731333127,-0.05628261996122561
-0.10871999563251604,-0.031239467804806496,0.012776120504380747,-0.09572680842052878
-0.16029887271460744,-0.053411975821192725,0.05424580896865941,-0.1052545615636848
-0.21108335959394794,-0.03914668565035379,0.08880894371806697,-0.0889959824414979
-0.2516457182666001,0.004528651973808018,0.10733830618124053,-0.05496791488803423
-0.2718005407587487,0.05799874846758774,0.10596580661543216,-0.01234130758807089
-0.2639937320907908,0.0972578607885391,0.08742415770433527,0.030900048737975642
-0.2259889501418327,0.1032430216416499,0.05984741879135261,0.06921722624842892
-0.16188365709862418,0.06885686983455258,0.03347854618350079,0.09948561582348196
-0.08115778164268228,0.0013169312419985203,0.016620988836917774,0.11999704105376607
0.0038099179711322284,-0.08068501610657429,0.012521661924061775,0.12917928455120364
0.08082294217075167,-0.1536505594052837,0.018514051316762547,0.12478485338057187
0.14051776803132388,-0.1971767600300429,0.02780849113881919,0.10405063233670749
0.17786195912487182,-0.20030451441453465,0.033171597568641575,0.06486412875734837
0.19230875481891807,-0.16433179525251243,0.030871251927096475,0.007476055497651691
0.18692445229625373,-0.10152361504400678,0.023062968771822647,-0.0640261946261717
0.16707655963090923,-0.03059343455684017,0.01737897088386804,-0.14128400754674567
0.13922487311643805,0.02921751334285571,0.023646134881931395,-0.21275059330296753
0.1100693176716064,0.06344968071795627,0.048940023230796596,-0.26621725843337385
0.08596330415015453,0.0656400637477675,0.09304108312380185,-0.29212185333030777
0.07229961541363793,0.03789562171031703,0.1464026400442611,-0.286580740970427
0.07263133409532886,-0.01079326519054475,0.1918912415603865,-0.2530431539190496
0.0875731734171924,-0.06753667066195371,0.21010540446261625,-0.20182492759432868
0.11387791419180936,-0.11876634036652053,0.18657257875298763,-0.14743945635211161
0.144284866831249,-0.15293038467648307,0.11817563063727574,-0.10439387044169172
0.16863393412250113,-0.16234732798997384,0.01619174867929852,-0.08269905349437869
0.17631394849753293,-0.14425425622107274,-0.09560501834522389,-0.08453834741458703
0.15951778026571692,-0.10118826646498157,-0.18757139666786263,-0.1032584539160196
0.11627108991748304,-0.040726457767313616,-0.23354314933706188,-0.12515416564875076
0.052046849143676084,0.025559584123681343,-0.21973302663207553,-0.13362779173353986
-0.020890527659057148,0.08410608106570536,-0.14996490494203596,-0.11450453073693963
-0.08651622912402777,0.12226078483788282,-0.045178305137879904,-0.060849214136463846
-0.12964758150525904,0.13160178497179909,0.06290056645636517,0.024280535432076752
-0.14061233773769227,0.11075194374152003,0.1419441889246226,0.12810303425217076
-0.11829797606813897,0.0665968486200477,0.1696501548166261,0.23141968595745893
-0.07037036872654694,0.013089928006851393,0.14114175492300626,0.31400029901973775
-0.010444992189963921,-0.03244755877343409,0.07053028272990267,0.36039582266431475
0.046847086652386516,-0.054673655389849495,-0.01396989854536817,0.3643588351863623
0.0910869854025289,-0.04555979949109867,-0.07973767593495801,0.33047283319205584
0.11956927608287429,-0.007773370354355075,-0.10093250124399959,0.27247527542064925
0.13763732465461673,0.04537765248065359,-0.06733086998286991,0.2088230192912773
0.15560274256944215,0.09381841544251716,0.012203762165829699,0.15694314276851823
0.1833595433501984,0.11738248888244229,0.11275907079417062,0.12803794769958424
0.2248022730641651,0.10310927530169074,0.20181008191580038,0.12412233613006149
0.27437446057367937,0.05054285474308359,0.25011181431250407,0.13822100273028767
0.31737682250467897,-0.02706555995052836,0.2413280108629553,0.15758746081505765
0.33427648064223153,-0.10638414720554827,0.17719731460425542,0.16878238070566456
0.3076863076921868,-0.16144618477162032,0.07664212686185384,0.16281274663232695
0.22953269345036237,-0.17243217402207686,-0.030680508622696473,0.13850792066582687
0.105670574464429,-0.13268400867970842,-0.11404491314996325,0.10291239003721885
-0.04401800675499497,-0.05135979416357125,-0.15123307522198648,0.06851239347895208
-0.19043968726054797,0.04935708835475775,-0.13491463243959007,0.048237261661496694
-0.30362419286423975,0.14161624953954646,-0.07395793993527036,0.050001222096829605
-0.36182801283606303,0.20125265284403,0.010415620133162462,0.07278516211331947
-0.35826665519611905,0.2157854343043043,0.09203054741369707,0.10580198430224064
-0.3030800454435354,0.1881772557957961,0.14807541939535507,0.13127750469570476
-0.21976976223701455,0.13501541565760142,0.16563375000078773,0.13013795246328405
-0.1372858574925866,0.07983889705429868,0.14454785221642505,0.0888392251276842
-0.0804794360868345,0.04413777772887489,0.09609957237844066,0.0050668213563423254
-0.06221086770434636,0.0394063937424279,0.03837876370600037,-0.1097295317854591
-0.07980130878062518,0.06320931702036735,-0.009846895685432462,-0.23207586605049746
-0.11695821661184536,0.10067734148021194,-0.034710568167179726,-0.33226020233592446
-0.1503639836540185,0.13077761032172833,-0.03067926440148476,-0.3826120638184124
-0.15849646338083231,0.13489139439575604,-0.0011447954403273652,-0.36584219113059663
-0.12952964017101093,0.10437733067163989,0.04355184045212186,-0.28087153169640167
-0.06558156806490158,0.04422030987748396,0.0896766504827213,-0.14424805305886784
0.01804654500509179,-0.028604269733654028,0.12399083303639206,0.013465591037332634
0.09818735366167536,-0.09138176939318644,0.13690101551148195,0.1554422201472536
0.15165319444706532,-0.12409659222181024,0.12425847390389164,0.24832169937199866
0.16279980178717612,-0.1168241175506717,0.0877023160100438,0.2711405713019277
0.1282493129418418,-0.07329058507403541,0.03381256703959553,0.2208854014452796
0.057357314938835086,-0.009324569542876492,-0.027507705548728292,0.11307888060867123
-0.03142062013909397,0.05310518186124223,-0.08502975756205967,-0.022735247352352786
-0.11670425368178584,0.09390778322574199,-0.1282841287359688,-0.15125623443829803
-0.180608646920313,0.10186855430292598,-0.14950470627726012,-0.24102076153433752
-0.21325652311092083,0.07803678369597654,-0.1451856268608628,-0.27257682224762586
-0.2141340572015173,0.03438228217889649,-0.1169450917953725,-0.24297313405398763
-0.19030277868084589,-0.011541445183531805,-0.07138371763734944,-0.1654413298401968
-0.1525963273228723,-0.043678814362441205,-0.018760728582932415,-0.0645844207808057
-0.11149413962688688,-0.05346864291950399,0.029390759070526736,0.0313218115319124
-0.07421544380806999,-0.04247480228332244,0.0632062268797626,0.09853903278362153
-0.043849030738803044,-0.020799185724714227,0.07717623004591143,0.1241786005925704
-0.020378095344723405,-0.0021400927944906054,0.07168919874019679,0.108888200738037
-0.002687564654523456,0.002331937050791973,0.052799365637204,0.0653497203915705
0.009643816127109081,-0.011281917330265559,0.03013751688918741,0.01330267010388618
0.015687115167659162,-0.0381493416944412,0.013548943617226292,-0.027190522519355203
0.01389131955657948,-0.06702354733042294,0.00957338412059242,-0.04208371842809543
0.0037049433648738165,-0.08525329847026054,0.019042951198028006,-0.027371422749284155
-0.012869685115262559,-0.08431341042691408,0.036757181491938136,0.010315326260872785
-0.030746190123966295,-0.0635122358650437,0.053474968903724995,0.05654638496454748
-0.04273908838132349,-0.030333980789618416,0.05958876353958483,0.0943053480819943
-0.04184434201071348,0.0026990232735203614,0.04915044004764175,0.10982466986510395
-0.02396148587650711,0.023302854989861652,0.022690768592224783,0.0971605900578027
0.010070401190873495,0.024622126162402835,-0.012359222243118589,0.060082187138045196
0.05403821078717938,0.00815550421888605,-0.043978818012387726,0.010733947849471454
0.09782461151247265,-0.01681097292828627,-0.059888979805912526,-0.034438317106252586
0.13033023498838536,-0.0370351188714949,-0.052359097707392825,-0.06015205267342306
0.14281702166015908,-0.04083030568492671,-0.02165878242560623,-0.05737404371659641
0.13147869263923334,-0.022975466602545985,0.023269236100789514,-0.026392598947922306
0.09836080689206286,0.013012689534335592,0.06736166904234801,0.02311735945809694
0.050408882189175115,0.0561941989698965,0.09445915974982055,0.07508026099079919
-0.0028612668273298733,0.09257637724192538,0.09307639015955291,0.11213784900453763
-0.05209983233555151,0.11074637545230441,0.06082701603008577,0.12129948934639888
-0.09024534285388265,0.10644458288830612,0.0058184622206103,0.09833719956892384
-0.11339045615219157,0.08418463061040916,-0.055618973487644205,0.04950334018019131
-0.12036869747422528,0.05523438197341756,-0.10418629864832649,-0.010039258921095206
-0.11161457949429322,0.03277028716955916,-0.12407049604459063,-0.06067117910538126
-0.08811888103342633,0.026193153884221013,-0.108348202906899,-0.08434384856583103
-0.05114697470935849,0.03696451933838839,-0.06143326396499401,-0.07035063229326712
-0.0028898220293586516,0.05773254897299819,0.0022956168404132914,-0.01904620653608753
0.05238359490619815,0.07519714520649995,0.06319528533910695,0.057692889595241374
0.107509455929234,0.07564386546504426,0.10272382634575392,0.13950175895495934
0.15277743793325108,0.050966559939964615,0.10925136025660141,0.20322572318140497
0.17781800785883678,0.0027481068865589466,0.08134909070889704,0.22962382133295992
0.17467319517271487,-0.05731610644820937,0.02754633892037428,0.2090788902259182
0.14101045804150586,-0.11096370799558042,-0.03716314723750358,0.14458337243349095
0.08212630474070928,-0.13964976662104794,-0.09664407923178077,0.05107065233549892
0.010636835502870465,-0.1312633424125698,-0.13877910916452807,-0.04874329795748502
-0.056473488986547075,-0.08477612769857505,-0.15866234979187466,-0.13078768427808735
-0.10274802001443886,-0.011083623449780197,-0.15887340393073465,-0.17642383259902064
-0.117531457789542,0.07028733331537133,-0.1470365881686626,-0.1775726252084153
-0.09971553624398559,0.13741326804563367,-0.13188119079838861,-0.13867332194763202
-0.058437172851774064,0.17291564421306596,-0.1194995350264682,-0.07493576157447879
-0.01022782449103582,0.16918549737714458,-0.11128733224567787,-0.007478784540641563
0.026588720088654285,0.1301769635224051,-0.10426009049836588,0.043114118740066217
0.038363774810513035,0.06936086546237531,-0.09340984476712133,0.06283676432996871
0.021128501126534117,0.004812551331067103,-0.07492215466466302,0.04808184013627804
-0.017776007274876972,-0.04665474336862922,-0.0487513699829787,0.006152345712879757
-0.062194257770371485,-0.0742337271364083,-0.01936992028434576,-0.04757517018238929
-0.09302826325498295,-0.07528085967379972,0.005680474039262734,-0.09483612049961013
-0.09545105507583813,-0.05452481903300157,0.018845887092321233,-0.1203169520246985
-0.06484973360159231,-0.021083651707753216,0.015925530650903293,-0.11631080048230587
-0.009258454699980647,0.01524820838333277,-0.0017189105492556769,-0.0847946736493432
0.0527460504684938,0.04693636863984938,-0.027123780708198666,-0.036399913524551214
0.09809049140481822,0.06992608431704499,-0.04998617308584358,0.013252227338460827
0.10715365818682784,0.08308836409679317,-0.0604090350940003,0.04857055004575792
0.07085020190088756,0.08663068230905258,-0.052675954552923315,0.05872751515827985
-0.005656748051159375,0.08057703572190052,-0.0275510939650693,0.040645159722934913
-0.10395794693956496,0.06422976437212322,0.007843813053996637,-0.0005876639815561368
-0.1978158534465099,0.03689925807823569,0.04257734436957039,-0.053818427154082825
-0.2611697985088655,-0.0005566263696084094,0.06592402988558974,-0.10560390462924692
-0.2760352112865265,-0.04434296302359337,0.07130248769584403,-0.14432713688505502
-0.23770061910669776,-0.08746265287020175,0.058610561306041815,-0.16332238654591846
-0.15562750472505713,-0.1210624607516407,0.03405475065164326,-0.1621028798851117
-0.04997789988848978,-0.13710263125509564,0.007552000535953066,-0.14548676724006276
0.05483015152172455,-0.13135739075248618,-0.011266945636107162,-0.1211345602442071
0.13723444896236822,-0.10545334352259075,-0.01687785012269264,-0.09650208239478784
0.1839637055783872,-0.06692250911251563,-0.010007180911313333,-0.07632400015579675
0.1922402683870579,-0.027002553438309852,0.002734818365060775,-0.06146075867858376
0.16846943183210963,0.0031456190286499423,0.0115765473615632,-0.04938918808897779
0.12439131337650532,0.01641224728032733,0.007582188907548359,-0.03600379563975685
0.0724446651224196,0.01233468705896317,-0.01365297797666119,-0.017940673019338646
0.02212943230419143,-0.002788147052758994,-0.050059515206003956,0.005509618114008593
-0.021495879304113116,-0.018416141301427064,-0.09365909689476598,0.03163529923379437
-0.057071310051030076,-0.024018490916040452,-0.1334087431118238,0.05496346546222216
-0.08479418594706932,-0.013417451191716877,-0.15920762239926278,0.06909108416305478
-0.10422913732955147,0.012504911249563998,-0.1655089162964392,0.06900610950314262
-0.11328629510025236,0.045862650626731526,-0.1531527891376959,0.053050206791844905
-0.10890947682687038,0.07463408613741515,-0.12874984809280574,0.023812544934457742
-0.08911642893132193,0.0872689556028003,-0.10191097086712833,-0.012372485541094205
-0.05531293738387073,0.07724548457603363,-0.0814557530119907,-0.04716443235175589
-0.013581919795783891,0.045775978631293054,-0.0721103417012628,-0.07261558304085831
0.025969452120141692,0.001567191063495588,-0.0729825784699611,-0.0834420996446991
0.05189259126114629,-0.04230548055549231,-0.07837359980028641,-0.07844029536111362
0.05527128802251889,-0.07321082846026142,-0.08054453002097248,-0.06061934241646367
0.033320027969280734,-0.08359227614105863,-0.07327940239229622,-0.03604900480282656
-0.008805938400573594,-0.07361710517818759,-0.05477752766039392,-0.011831225807873871
-0.05891918240356814,-0.050831212481878926,-0.028688233794088195,0.0061341685319089906
-0.10135611923019988,-0.0269927756695436,-0.002852950122911606,0.014882347701883493
-0.12207418171859227,-0.013370034187786223,0.013757002075172742,0.01509416263242698
-0.11352539851191391,-0.016379793346730225,0.014690339776069664,0.010602913414111627
-0.07753105104360025,-0.035279220894599124,-0.0012088813003850864,0.006893786477445173
-0.02504299878790697,-0.06277473609223899,-0.029030490651991765,0.009093251670979356
0.027226305263496536,-0.08822564774063796,-0.05938279305911241,0.020084036424705312
0.062197099809981046,-0.10207918070774412,-0.08176338564580671,0.039326680213677134
0.06799566148247932,-0.09969889602555425,-0.08844506957488621,0.06274822803317646
0.04179397472851524,-0.08302902233225702,-0.0773937362596577,0.0837435735482111
-0.009379553204662211,-0.05945285165450921,-0.053093608074924546,0.0950165855538749
-0.0710786255563087,-0.03837503394641931,-0.024944158326839,0.09075164409452749
-0.12621382442361453,-0.027002630832234985,-0.003808545189896371,0.06850985646314074
-0.16047081757975398,-0.02712945498863528,0.0020133024172806087,0.03030805409403929
-0.16652441764234024,-0.03430691720419417,-0.010097724409235892,-0.01745662578552039
-0.14570504313346122,-0.039785395102936806,-0.03601301581454595,-0.06527963324515752
-0.10672864943249255,-0.03444411501903767,-0.06622060104136755,-0.10274984937885841
-0.0621414060465602,-0.013075740609567482,-0.08911390431751234,-0.12115325777584457
-0.02387715460243368,0.02279161964326826,-0.09501472879654183,-0.11582012126013312
0.00047333032151256803,0.06478564483093326,-0.07950622459467795,-0.08758292482104006
0.009465248493170637,0.10045314220060805,-0.04493729147549715,-0.042903536957775545
0.007247302343205339,0.1178784950802604,0.0003586209642197968,0.0074524136081318745
0.001104126733234566,0.11035862898845226,0.044774250514571075,0.05094038533777568
-0.0018162358646424607,0.0792698651926802,0.07706784111108685,0.07637044849387135
0.002686920682532142,0.033944844354604264,0.08967556630683335,0.07685502361347293
0.014497749371541541,-0.011459493091171998,0.08064364976987712,0.0517735693802575
0.029607895623772647,-0.042941991233689455,0.05368038767211798,0.007173831419533592
0.041990199067086974,-0.051597993349684984,0.016507254179044185,-0.04557682432432923
0.046081492013259784,-0.03664873189397026,-0.02176192602593675,-0.0926039141875403
0.03890147053420335,-0.005436484762826869,-0.05324964757190563,-0.1210954139809112
0.021078023394555327,0.02955570853927616,-0.07311895947609742,-0.12267883164538178
-0.0034649749905787536,0.05545756713639225,-0.08013009394114538,-0.095673473012352
-0.028886483440525197,0.06368201095527613,-0.07602795319309652,-0.0455723392728457
-0.04925926037686619,0.05274204012199425,-0.06423309326536426,0.016407472846310032
-0.06017626484733809,0.02822149468791649,-0.04845966261706566,0.07632064095187772
-0.059659185854401914,5.391193930435596e-05,-0.031766805641356546,0.12120313093862986
-0.04824340933542162,-0.021685571148545062,-0.016251255412014217,0.14245106883655997
-0.0284401789717486,-0.0307329399629154,-0.003258800333278941,0.13791756141432
-0.0039475745114587145,-0.02676852388659196,0.0062222059436967715,0.11215046814449771
0.021051038092966254,-0.014969456465873495,0.011339675973368404,0.07474014524410716
0.042348267989363926,-0.003305436275734452,0.011517392876823573,0.037299818602192066
0.05600147343741786,0.001180397770875461,0.006889893164847251,0.009995192111899054
0.05864763637961741,-0.004514011676069591,-0.001244478407641534,-0.0013441266819184407
0.048013364745017745,-0.01815301260326876,-0.010293632029602219,0.0033068306266537143
0.023615894542299704,-0.03344828007451062,-0.01678933717681378,0.018516431645951726
-0.01257055933179929,-0.043059670286742804,-0.01733012303895889,0.03540631327642555
-0.05585119117939031,-0.04206973879462347,-0.009762702322462551,0.04467569725846076
-0.09928389784973761,-0.030390434647577957,0.005844845629847687,0.03970512355365667
-0.13499631597964726,-0.0130188568334553,0.02686157291421387,0.018802092947710413
-0.15611033478259118,0.0020191511604653136,0.04860013950250586,-0.014074313720645245
-0.15872243850909187,0.00720080965469893,0.06557517275033418,-0.05031147830151351
-0.1432493198979628,-0.0009777602860080539,0.07312457373173364,-0.07905927002728688
-0.11457293270770465,-0.020026753245499834,0.06885046834849726,-0.09035634535778082
-0.08078936484605369,-0.041946305885695326,0.053384458009212224,-0.0780702823157025
-0.05085746400283268,-0.056082246890575,0.03021505379887097,-0.04182450022556642
-0.031870536303546235,-0.05327913848274974,0.004643541802115507,0.012618869117850368
-0.026863802799042952,-0.02969019225996814,-0.0177677317761072,0.07462010668090449
-0.03393129118828416,0.011301785356531502,-0.032733966946377493,0.1312242760392509
-0.04699254806617069,0.05987474953856316,-0.03828896976345568,0.17034546325329425
-0.057972597348725174,0.1030266606522936,-0.03504884293505976,0.18374526834848576
-0.059650091046772546,0.12908282302843518,-0.025703960320816475,0.16904680829607838
-0.048181132264581025,0.13173246116410445,-0.013999032693558955,0.1302842474416666
-0.024417346458932624,0.11205849670742891,-0.0035930972174465204,0.0768646622882651
0.006430496731669071,0.0778144689391584,0.0028337750871528914,0.0212178007747203
0.036636576899504544,0.04028211356906245,0.0040121309987671255,-0.024266830141076955
0.05862783269128667,0.009979945457592376,3.985632580060096e-05,-0.05024337078635068
0.0675109170115392,-0.007084948366266777,-0.007985314607800074,-0.05259972080942864
0.06257039908371505,-0.011185360987530549,-0.018440101972845763,-0.03328590800627419
0.047249317324369614,-0.008048331125538795,-0.02957913050338249,0.00042319803342196285
0.027689119868101623,-0.005872486108338415,-0.03979579470160248,0.038033092836412936
0.010424127845399563,-0.01148044213989484,-0.04777502576373596,0.06874569939911698
0.00010471548547781384,-0.027215800250308095,-0.05262134817328612,0.08440642817426228
-0.0019320146815295473,-0.049854214983077696,-0.054016115552335375,0.08168111011494458
0.0022188554359713,-0.07194768984619926,-0.05237460994003989,0.06285789474374587
0.00817463331103612,-0.08501257889025365,-0.04889342092372197,0.035040502019392315
0.01116135440875754,-0.08321657198857026,-0.045359622088292945,0.007950703222672573
0.007903743056973849,-0.06602249776454552,-0.043663965356565436,-0.009035702373049063
-0.002195392602043714,-0.03868173256865588,-0.045100523893312365,-0.0097553446446104
-0.016973324205378334,-0.010354578261390239,-0.04968179310153588,0.006830652688832298
-0.03246633117634203,0.009394231495667808,-0.055772554673547525,0.036270705648291095
-0.04446071473629568,0.014314613051747214,-0.06029166441026216,0.06993976607040979
-0.04999591457681278,0.003907220059434883,-0.059545780239026784,0.0976633654581138
-0.048251012816354015,-0.016402469603895405,-0.05050281806378788,0.11085986245543855
-0.04053490678035953,-0.03742071032366188,-0.03208853239034297,0.1052333768877728
-0.029478583218685617,-0.049809230497192554,-0.006001544515004285,0.08217112358818435
-0.017838360622033016,-0.04773375219533943,0.02335024904074861,0.04839137593621993
-0.007440812127314545,-0.031097651269090115,0.049902928066739266,0.013933851132807987
0.001304545726143312,-0.005497712622243211,0.06772113689735067,-0.010889718568440324
0.009173299225599958,0.020048578762609952,0.07294364223906573,-0.018632208477980895
0.017344461990731,0.036675360195708245,0.06519648213181656,-0.006951341922413847
0.026469269753564704,0.039114966647159875,0.047913755017293044,0.020742867271627642
0.03603773567487529,0.027670490594756,0.02736606690177946,0.05641632961761642
0.04434131020937755,0.007974808877227452,0.010660611357703123,0.08992642121696016
0.049055532441143336,-0.011316243899608024,0.0033723814208233417,0.11209727432392246
0.048188000272368726,-0.02194187712161814,0.007636493264179899,0.11736573701928872
0.040974206298917605,-0.019202161946419535,0.021399322770671463,0.10517674996264902
0.028324724662690523,-0.0036491446667760077,0.03912711725862858,0.07974322411994617
0.012620340545116729,0.019300926064657175,0.05374585303096167,0.04833808590169063
-0.0030677727952824964,0.04160297354147026,0.059130384492752715,0.018764471517068913
-0.016008913040378214,0.05572116795176372,0.05224934826551748,-0.0031079067205833353
-0.02466358048973606,0.05741222958285548,0.03419094731561474,-0.01492334360153159
-0.029001225257801605,0.04709406975697963,0.009704865049323202,-0.0180708035202922
-0.03016297195131455,0.029348318920980727,-0.014554478166665887,-0.016594827441072674
-0.02963260550401421,0.010864064435172037,-0.032416212283775836,-0.015280103555484021
-0.028297146811974275,-0.0022715154343568703,-0.04031626733971583,-0.017668490587086517
-0.025834676144333914,-0.006825187067613725,-0.03837079759056594,-0.024746239678790076
-0.020734393640810752,-0.0033546132686441852,-0.03002562365274479,-0.03474941027009769
-0.010984191352325102,0.004442509995819247,-0.020458594777799148,-0.04409242384847624
0.004835219662182118,0.011577905029316096,-0.014389766227725044,-0.048997217747526134
0.026509194987964523,0.013968237824768989,-0.014173734820747194,-0.047147582153463645
0.05167484042028052,0.010040803585697717,-0.01892465322706642,-0.038705401650784774
0.07612391133527932,0.0011252834878102795,-0.025006975016281362,-0.02629196306809355
0.09489951024522482,-0.009436025571090467,-0.027678736561848945,-0.01395197195527659
0.10384065781803409,-0.017973093483802452,-0.02321466533831599,-0.005519848726561136
0.1010262714088602,-0.022166311103960865,-0.010644935577686405,-0.003043440231814928
0.08757193931970188,-0.021964654507992606,0.007602492742053428,-0.005900392194578608
0.06744534046372408,-0.0193679997141038,0.026432545530146415,-0.010975786152427598
0.04631370536849888,-0.017227883628073915,0.039916833982042564,-0.013858743600963062
0.02979046310497606,-0.017666326013935578,0.0435196267884501,-0.01061752810017672
0.021675092235205536,-0.020877689980560086,0.0358442410073515,0.0005208365401937957
0.022793747745226498,-0.024895079129403717,0.019211637749783485,0.018239686120564036
0.03084154671615462,-0.026455821309304177,-0.001161276565759961,0.03833515331932936
0.04127554107362071,-0.022590846501027367,-0.019068125710811373,0.055019390287308664
0.04893891219435974,-0.012217766477689422,-0.029564857201018573,0.06288164126893521
0.04984542400346837,0.0030078347355279177,-0.03069476443961404,0.05881314911820749
0.042507859493111935,0.019019174077850448,-0.024025282325658093,0.043203379532349505
0.028367673140308473,0.030767719305318842,-0.013805260465629465,0.019968754685564086
0.011208449510575261,0.034187923416471144,-0.005095009309048293,-0.004612171167932791
-0.004207174830889872,0.027873683953671635,-0.0016237874934659003,-0.023862130186798954
-0.01377675163762407,0.013739064897504701,-0.004232266684557717,-0.032795065600432896
-0.015397912510587287,-0.003650524606968963,-0.010521324707375023,-0.029625042510096955
-0.00956330700125367,-0.01883181002297954,-0.01584766760132826,-0.01620134239922582
0.0009547253130208739,-0.027570865391944404,-0.015271777103494416,0.002740450117994616
0.012170390361374994,-0.02848130681104333,-0.005685524588179801,0.02121201151935618
0.02029012773708195,-0.023451697747859726,0.012726349192596896,0.033901433259955746
0.022952175326018495,-0.016694674283843088,0.0362775122988084,0.03773794730876137
0.01988309837090055,-0.012812086450402297,0.058922693634856936,0.03259638530327431
0.012784313285843998,-0.014693725346877885,0.0743260225678196,0.020975472613371276
0.004543454250267767,-0.022149756021474527,0.0780738455060558,0.006853077864645465
-0.0019035919620186894,-0.03187856926210067,0.06920092686455445,-0.005805662655141651
-0.004632682833746334,-0.03881301883996759,0.05047033397858817,-0.014328591429207576
-0.003342219120147265,-0.03830141577390189,0.02732973080650635,-0.017972774022386857
0.0006723618011524009,-0.028212762066994423,0.005969188305857122,-0.017760762098208985
0.00512839430967223,-0.010066873330507745,-0.008767638140360107,-0.015675154291120097
0.0076920723789689486,0.011319438971190615,-0.014839134779974717,-0.013601164120669803
0.006880929340601495,0.029567334707786157,-0.013322560656400974,-0.012472183922663766
0.002605146787727799,0.039169816952402806,-0.0075475648974417525,-0.011956545658906501
-0.003832394215221074,0.037638114418577555,-0.00146350333923286,-0.010779618212597243
-0.010253260689967738,0.02647633447573105,0.002062219824381092,-0.007505767801011805
-0.01442809687028241,0.010571362385605165,0.0023246752095417997,-0.0014172569735596654
-0.014896548983399491,-0.003766498515800708,0.0008339039205445087,0.006906325254143929
-0.011483398818789585,-0.011318654298160535,0.0003706668944481711,0.01557490359494557
-0.005331060151780887,-0.010001078367746014,0.0034893012452525333,0.02197050317094358
0.0015519298898688755,-0.0015963647766730445,0.011132024326660037,0.023706679877602322
0.007052049204580132,0.009124883593566675,0.021961616355803237,0.019585789379313535
0.009738255416956072,0.016526113228335325,0.03271211071055643,0.010166441119441691
0.00938596449697839,0.016583720480233384,0.039428666281896715,-0.0023007265307595022
0.007044199017262151,0.008681607477658476,0.03909427870922979,-0.014568094878443476
0.004617308856033664,-0.004042164268221746,0.030974181366409018,-0.023471343388328313
0.004108117896073755,-0.015961850419000338,0.017115243798695053,-0.026997737973057084
0.006794633627260161,-0.021335421535198604,0.0017729027814355088,-0.024945316504871588
0.012643728837746383,-0.01680301029079278,-0.010034199992606461,-0.018927602858731584
0.02019022597711351,-0.0029655034123371895,-0.014293999163199378,-0.011723638053843936
0.026952207893797712,0.01563932953629845,-0.009418260428888305,-0.006218150075082316
0.03026523238962911,0.032194336812052346,0.003230311913773949,-0.004328731509311144
0.02826321300230361,0.04025261759936375,0.01988905058824717,-0.006319045818380792
0.020666531841479742,0.03632060792876383,0.03579350902884201,-0.010749556038313004
0.009085164438563621,0.02132773190963436,0.04687085012974978,-0.015076685475428842
-0.003304860419479831,0.0003748132716678955,0.05107832156532011,-0.016668702852326276
-0.012646162621809039,-0.019157140096411646,0.04889599734775409,-0.01385276492065686
-0.015584683356275919,-0.030396576290190103,0.042830895762525766,-0.006598977117704646
-0.010376414931490444,-0.02956715900055874,0.03618348218926076,0.0034143407716921543
0.0024557064154402215,-0.017351684896953923,0.03160933438885571,0.013377867744418024
0.020154015206679622,0.0014890414378847692,0.03006852273303941,0.02035592409041574
0.03846693974310642,0.020062933570034452,0.030574613069035115,0.02234654030316243
0.05288240326776482,0.032055736674289806,0.03081284709658054,0.019006608912107554
0.059966621505595674,0.034107586318294476,0.028335340062095187,0.011776924590424922
0.058375695326210245,0.026918251613410066,0.02180745737004105,0.003362675011938198
0.04920784090660657,0.014677989770215219,0.011766697231065828,-0.003240686816836249
0.035580310976571675,0.0031125229665618175,0.0005649965742878506,-0.005823658990097644
0.02157517307317224,-0.003007770849322459,-0.008491444615936258,-0.0037551865343860213
0.010912348634444687,-0.0018427129308770712,-0.012455859430547745,0.0017888484570506894
0.005800438877485664,0.004872936593399693,-0.00996931367803709,0.008237855369633531
0.006351096355390419,0.012755521260329016,-0.0018963177212273684,0.012529446039059127
0.010741727564725224,0.016842701417496025,0.008901759041798902,0.012184088044641989
0.016044487240988736,0.013899880137684041,0.01857808795237882,0.006179436645689807
0.01940257781652726,0.003960215533493433,0.023704691846758892,-0.004670091702106921
0.01911435375300693,-0.009574078625846619,0.02252195828450086,-0.017946253115174435
0.01522676077175962,-0.021325926234491366,0.015549630214345914,-0.03037960668613994
0.009428105143111397,-0.026248547319437213,0.0053312732520652065,-0.03885875653638572
0.004296678439187228,-0.021860494340328773,-0.0045729702657888475,-0.041359683947153815
0.0022066654332079483,-0.0094461846799273,-0.010938691407922368,-0.03750202608853114
0.004323124808261544,0.0063168135451145595,-0.01204253640552232,-0.028577780574782687
0.010082990891599003,0.019183924580382452,-0.008196365883182205,-0.01707870072522976
0.017370765189622914,0.02388669700540996,-0.0014678225195223732,-0.005907575559540482
0.023326729940192036,0.01834113230382291,0.005267804282295081,0.0024561951006821254
0.025475945932232364,0.004590706115017593,0.00953899717290534,0.006577313171622294
0.022735255550161728,-0.011934398662589841,0.010256274705467989,0.006306965301980818
0.01589585916761416,-0.024566873955991886,0.008071687679239516,0.002620824991588153
0.007377819056808382,-0.028097541582876372,0.004996949851496875,-0.0028422470599498164
0.0003350859891098971,-0.020915694769253392,0.0034628873419969074,-0.008355367003406661
-0.0025536034881814126,-0.005709135721728556,0.005225907886717588,-0.012598625962687439
-0.0001423085306094179,0.01157854341946491,0.010579467058719344,-0.014936643251099781
0.006692248135454643,0.024122998956110857,0.01819271264207228,-0.015434994851305566
0.015331617423194978,0.026966432134105916,0.025634009947720665,-0.014664523052356378
0.022374211373016904,0.01901843057174191,0.030354353306286698,-0.013402097800885528
0.02491343857708255,0.003491681867113089,0.0307204026759005,-0.012347285580645191
0.02164769810666773,-0.013408450828757934,0.026672762291519648,-0.011941251042627275
0.013392973836873854,-0.025007024499951718,0.019744722209185262,-0.012317427987943217
0.0027949927630844234,-0.02686410785731021,0.012441743625321834,-0.013359075033861653
-0.006654325268135572,-0.018554193997530204,0.007242474036119477,-0.014807448707368364
-0.011921393583727942,-0.0037927631601574,0.005631856761563682,-0.016363764559993336
-0.011555374900229334,0.011138910362221642,0.00755681857674734,-0.017751897705072867
-0.006199393108379566,0.020019686143591026,0.01151625121776855,-0.018740900834519868
0.0017072871789523157,0.019281147787076607,0.015235221335948101,-0.019149656972139554
0.008917139118815054,0.009495460190498076,0.016636724544888216,-0.01885985068544702
0.01266392026210453,-0.004858761512011382,0.014708824089140357,-0.017848442487716037
0.011747416519681825,-0.01726028528199117,0.009915532785475396,-0.016227354709782295
0.006987252796346628,-0.021873212911767782,0.00399263612696308,-0.014260721676578611
0.0008676437616595604,-0.01601378429141038,-0.0007764905592761635,-0.012330167262645122
-0.003486328233647754,-0.0013336106592098404,-0.002499852434065822,-0.010838449551223771
-0.0035961503141645457,0.016778841062279826,-0.0004438132417990543,-0.010073244285277267
0.0013291244347130875,0.03134559213586274,0.0046808684390404745,-0.010080646555859385
0.010013150564188012,0.0366244992025788,0.0110206073669225,-0.010607007231491996
0.019549725549901236,0.03045937088555262,0.016333233882145626,-0.011150217759680985
0.0264924471685935,0.015191404341605388,0.018878659140485733,-0.011121480088837418
0.02817516665963069,-0.003246535356361356,0.018081605168137022,-0.010070922353740706
0.023750552770987032,-0.017690348699828037,0.014704042642950957,-0.007895385445656343
0.01454370435138731,-0.022603869606115264,0.010472050081964593,-0.004941310540466298
0.0035846526256544486,-0.016277602583103495,0.007326637757519603,-0.0019459411842674748
-0.0054976608228267405,-0.0014779536844623826,0.006617786022146936,0.00018248033135631462
-0.009792127365511194,0.015709759141623054,0.008575439366079343,0.0006808847423383359
-0.008129048254639842,0.02836580069800583,0.012267370739740827,-0.0007658967746985028
-0.0014278679939958567,0.031531698246028105,0.016045848664065,-0.003852215629180906
0.007745070964586234,0.024180144090199678,0.018280945135558106,-0.007686834106271358
0.01621464683838566,0.009566199272413058,0.018062996341311158,-0.01104326533702521
0.021410928263371175,-0.006167191055193571,0.015576708780444771,-0.01275257358175734
0.022283113201554097,-0.016542673178246356,0.011994103338829437,-0.012107996204587844
0.01957063433477826,-0.017405364338696296,0.008940384480672813,-0.009137680418861364
0.015353980073260293,-0.008594272807854325,0.0077681629031933885,-0.004641049688021082
0.012096834115368498,0.006047145873766306,0.008955182633423257,3.6253997424198966e-05
0.0115876575588288,0.020308908874339827,0.011886085665589349,0.003421960834608672
0.014215775823379065,0.028210672037690773,0.015113714722988518,0.00439330504801416
0.0188670597414906,0.02647677509008907,0.016990158316303048,0.002548063505057406
0.023461823317826914,0.015868905891675875,0.016398929162709325,-0.0016576029441843295
0.025891698644906726,0.0008340250367344735,0.013274308350087608,-0.007053066556085272
0.02495184498868512,-0.012374867284780447,0.008681236613948382,-0.012130119008958523
0.020874130445989923,-0.018316565087432613,0.00441279446243015,-0.015523840419453238
0.015239721057861038,-0.014627805681028564,0.002265524880608921,-0.016434219573651383
0.010312479227240452,-0.0029982304766353555,0.003290551663181324,-0.014848967144337507
0.00807789139679567,0.01154620561690886,0.007332720794141683,-0.011500304533019881
0.009395068074572096,0.022748677188150046,0.013054203841473424,-0.007582620398182073
0.013621305554979953,0.025737588336760084,0.018440592865175392,-0.004339369773782827
0.018870378349631907,0.019065076932041725,0.0215883737596464,-0.002667419176759959
0.022799962271792765,0.005321120411713028,0.02145522091206218,-0.0028722390763701233
0.023601004113667255,-0.009931549461826401,0.018267666351990404,-0.00464546667348494
0.020775119730720597,-0.020459739986387872,0.013419412306202931,-0.007252145432129517
0.015371605152399125,-0.02194446309630378,0.00890112404461973,-0.00984053914567678
0.009578431877002585,-0.01377630509137421,0.006493777210427126,-0.01175000878096635
0.00582975256978588,0.0006830639072577912,0.007054007999049329,-0.012704104553884791
0.005794986351957201,0.015482594879511143,0.010181857117407501,-0.01282962362791813
0.009667249933410641,0.02453594719485778,0.014404451998262981,-0.012514979776299754
0.01604912349638332,0.024133408494645597,0.017797914440999894,-0.012183537578813991
0.022489992833956772,0.014473202489694404,0.018790735427058943,-0.012085593643804586
0.026461357623869492,-0.00042075883297839316,0.016818314163079228,-0.012197005919621334
0.026374781530448595,-0.014360686325229619,0.012560235738094592,-0.012261457369177711
0.022226828425525397,-0.02154978674288015,0.007663539158026478,-0.011949294413223314
0.015605534189860996,-0.018975233050193697,0.004066168000175816,-0.011055681178141338
0.00905277628907191,-0.007651810688996598,0.003198554913403763,-0.009644934394275472
0.005040131479206799,0.007795978253295342,0.005390955853061125,-0.00807224771424903
0.004974495803549119,0.021039424183934455,0.009729669866679575,-0.006867757304620047
0.00863849119336839,0.026651306964779426,0.014421525016307186,-0.006528183875596684
0.014293644741954228,0.02233670650593867,0.01751832804277133,-0.007302734714571985
0.019403654208032164,0.009870306339405704,0.017706246486974716,-0.00906512441718982
0.021681459265919426,-0.0056432060125745235,0.014839015198824461,-0.011330103183398929
0.020031254336072075,-0.017876680614520423,0.009998668939931723,-0.013414390510172017
0.01499951044510598,-0.02188366911843254,0.005060005524825512,-0.014682400782943375
0.00855015581200909,-0.016122850612542903,0.0019364299263407805,-0.014781143255245533
0.0032560697914010084,-0.003071263815563634,0.0018132086806913407,-0.013771181054178568
0.0012385086142588009,0.011821177607765411,0.00467765695239632,-0.0121008524326319
0.003289794100137061,0.022397868944167367,0.00933370470925442,-0.010432958549994131
0.008539896836587341,0.024341698015449352,0.013891058483559114,-0.009391774777090288
0.014804879860778416,0.016947986756052892,0.016527431311934303,-0.009329801828325353
0.019475684833460277,0.003394108958650496,0.016213867880150123,-0.010205348999031727
0.02058397055176238,-0.010600111681835686,0.013111364802694007,-0.011617214753461487
0.017608623429036147,-0.019160783870364496,0.008483238490880505,-0.012979582862788257
0.011692238977701344,-0.01870396458073564,0.00416553581448456,-0.013764373503616829
0.005178145679693488,-0.009421652827968871,0.0018161998098752002,-0.013712256443979096
0.0006566225746323933,0.004804547170627009,0.0022503768533786816,-0.012927728645742157
-9.007318175363545e-05,0.018023334477972004,0.005129951445367246,-0.011822055255257626
0.0031872370161160866,0.024692539610694893,0.009127560765251588,-0.010930527005115449
0.009105609815680095,0.021986871824717532,0.012490463619114555,-0.010681710542787146
0.015216848814072564,0.010976610827487049,0.013767725517967377,-0.011215248393683007
0.019007767206953022,-0.0038116784324773337,0.012400910246956526,-0.012323724141486001
0.018924287203455743,-0.016269997356582692,0.008938506109510596,-0.013541993143023071
0.015000632210363699,-0.021241644729427127,0.004791662493041498,-0.01434580955583963
0.008837174267245696,-0.016661503909707154,0.0016379560970688526,-0.014376044145103328
0.0029376423081731726,-0.004416322594515354,0.0007230281531592902,-0.013594133437991637
-0.00032121403881653815,0.010432077915314803,0.002348893296986231,-0.012303053614192667
0.00033566775422797207,0.021739405252755778,0.005757670271551384,-0.011024219445679084
0.004562115088040333,0.024820928800853726,0.009454527832740062,-0.010281005036295148
0.010538402586701039,0.01839036276169855,0.011832373069578976,-0.010378991054907142
0.015724053171661298,0.005092747381584879,0.011837859480387635,-0.011275058089022166
0.017905352023887874,-0.009589394536647164,0.009403634858021717,-0.012591021567916272
0.01610664086225448,-0.019603924931817646,0.005470420619441793,-0.013767569047787627
0.010991039439626786,-0.020832376646272383,0.0015929414418605174,-0.014295616215234218
0.0045865087754936446,-0.01279275950499583,-0.000704797517519418,-0.013929281101292821
-0.0005493806894929123,0.0011625342413014458,-0.0005574022956644855,-0.01279140613897531
-0.0023820114563826906,0.015235217642503171,0.0018894289692482848,-0.01132647288027253
-0.00023659328773414898,0.023581004685231614,0.005545147098073965,-0.010118902915135763
0.004924689360269444,0.022727593083982287,0.008829220492644788,-0.009651010856829267
0.010898963675296598,0.013010259317893024,0.01032476312807526,-0.010100784533144978
0.015149151317622431,-0.0015685653980011998,0.009360541776312724,-0.011264137364275381
0.015847699406467176,-0.014997030773279673,0.0062822879194632565,-0.012635361993652582
0.012628298195663731,-0.021742397455504575,0.002303700423134379,-0.013614042165364826
