ch0,ch1,ch2,ch3
0.013071950735236372,-0.013436327571649089,-0.010070146493654043,0.01255936002805274
0.003336661059819116,0.0001571240654181995,-0.002482002412986033,0.011890350417507103
-0.004529123321501804,0.008474508102796388,0.0026669558333966142,0.008952208071170878
-0.00737624167198405,0.008103962819675393,0.0032660236918297765,0.00494795594860578
-0.004145092756457766,-0.0007670251359541054,-0.0009132707654311273,0.0015193094042673324
0.0037014445237996637,-0.014434791053688313,-0.008124954099409715,6.785405708744173e-05
0.012791727765999655,-0.027215908214455298,-0.015372171774132698,0.0011762579814055057
0.01924772929081726,-0.03379913826974032,-0.0196467410574941,0.004368849916618975
0.02029230360817741,-0.03143947621114933,-0.019171966733379196,0.008310144389230043
0.015394895328771694,-0.021088087257675917,-0.014135152626110124,0.011358498983020776
0.006482973898480413,-0.006993460001368497,-0.006607657958123771,0.012245227897482149
-0.00286473137729624,0.005058354257479489,0.0003135560073349883,0.010597951783999866
-0.00890511904319798,0.010134756895805043,0.0037872060976428773,0.007091952764884672
-0.009279366960601816,0.00619010932327556,0.0024017139924777412,0.0031677320025203888
-0.003981945843969212,-0.005097121187179294,-0.003243203400418902,0.00043272056720829627
0.004648720087918487,-0.019026407926975082,-0.01078713908953969,-4.343864851109157e-06
0.012909856513433555,-0.029822821909961203,-0.01708725714121915,0.0020094883518442875
0.017274365714336767,-0.03302311992366143,-0.01951893472515509,0.005611655344752199
0.015851108215416222,-0.02731410631975244,-0.017060634778271452,0.009285451909927127
0.009161041583809057,-0.01506580370183965,-0.010714624312751879,0.011491580824152189
-8.925287942403361e-05,-0.0013428101836717291,-0.0030902326455628736,0.011307273856469777
-0.00813852710015528,0.008193967242830025,0.0026771812075447,0.008807811099236403
-0.011734019069502766,0.009626125988221766,0.004223848725436649,0.005032731375045843
-0.009477587104559355,0.0023912477118030163,0.000934959962754604,0.001551735542580334
-0.0023983518177725046,-0.010492637615450802,-0.005802114256878192,-0.0001885535921559002
0.006481805078138093,-0.023680056369316072,-0.013172800967852253,0.0005348254560053148
0.013405365746991096,-0.03170709230535646,-0.018099984531263064,0.003422625778409755
0.015434550239332311,-0.031242213108558927,-0.018516229040541347,0.0072802496363297215
0.011659495505605653,-0.022450694307918045,-0.014217466185957007,0.010516271284479803
0.003560722303817682,-0.008913516541753281,-0.006945671445214361,0.01180436176355905
-0.005619770808895306,0.00385985849284155,0.000332765615857724,0.010632653761919514
-0.012232824432578455,0.010705441329782727,0.004653695965575513,0.007511819688135826
-0.013736408079535663,0.008924007482714717,0.00427920958175536,0.0037556054221014644
-0.009740828639765664,-0.0006276423292636545,-0.000586882456780712,0.0009259509047454263
-0.002153452511624706,-0.013918372535841541,-0.007886923979171945,0.00017486300698886257
0.005632612046290679,-0.02543178865863463,-0.014562849921541957,0.0017585342614668583
0.01016404763687652,-0.03045761060230566,-0.017820918153416826,0.004927670743591959
0.009371381116228017,-0.027034436550378526,-0.016284103514755434,0.008241234737432957
0.003430401373960507,-0.01674140314802041,-0.0105561159898072,0.010173966225701212
-0.0053158286040760104,-0.004016056061860867,-0.0029655140047442057,0.009764733933013433
-0.013339190405481208,0.005712711106382435,0.0034017579929766584,0.007034468006062118
-0.017401539410543353,0.008297974371822147,0.005978793116290683,0.0029970623350700615
-0.01590687971457256,0.0026098501804842746,0.0037736332074986387,-0.0007448124271024988
-0.009567264121898485,-0.008986448758215318,-0.002231931528035442,-0.0026544077613321754
-0.0011055133609677444,-0.021605677261682218,-0.009503523136983763,-0.0018965171937912236
0.005880833658927488,-0.029864441562512976,-0.01501735288356476,0.0013091546479513318
0.008420745322325571,-0.03011098234478301,-0.0165211764651306,0.00576451913218483
0.00541050568736592,-0.021939641618574503,-0.013467498978545708,0.009770121682374596
-0.0019233042637292845,-0.008364753882448155,-0.0072308337164853995,0.011807860807384565
-0.01053276357063669,0.005415396464154533,-0.0005195669071753309,0.01114939322687625
-0.016819508902094077,0.014150720863570538,0.0037711321568742653,0.00814054794746911
-0.018140412982509024,0.014684580209446341,0.003785625926740344,0.004045569912716536
-0.013922296431613712,0.007226149492187589,-0.0004999291229688893,0.000516547559500471
-0.00592089251385999,-0.004772634537743703,-0.007252301444955133,-0.0010921041998037916
0.0024867761878336484,-0.016079360845740312,-0.013536366620827854,-0.00028064434474696316
0.007687042352476438,-0.021872364713332586,-0.016538455037003623,0.0023973393797412346
0.007320557536421197,-0.01975011323194054,-0.01474907535922069,0.005575820877114927
0.001263408126085055,-0.010724850145016004,-0.008611119190929113,0.007655895558873165
-0.008308619757219932,0.001211727403037047,-0.00036027939616023843,0.0074829942668248
-0.017802092479655446,0.01077133347307295,0.00688046461137972,0.004840519771505077
-0.023673611303659685,0.013604029349683086,0.01037990874774999,0.0005549536549491566
-0.023880573575006538,0.008159542196300607,0.008922124759266006,-0.0038314399338347485
-0.018718549611774663,-0.0035981013270983664,0.003307998202419523,-0.006685115184332013
-0.010700266219043979,-0.01692476142390544,-0.003974884308317651,-0.006944890488315521
-0.003524396480568904,-0.026186415801854553,-0.009779116677825949,-0.004550860104057425
-0.000555544855666398,-0.027138404314098214,-0.011596789354505544,-0.00046230993324987977
-0.0034367669722816536,-0.018667161424481618,-0.008593042838718895,0.003741225516841736
-0.011401022295660338,-0.003287235095407715,-0.0019452036709960195,0.00650923834085612
-0.021561398973817706,0.013807005075719444,0.005653159398065911,0.006950453723260564
-0.030060039809106837,0.02675025423578908,0.011116809771005128,0.005183730338133221
-0.03360671590007347,0.03126621543679655,0.012253694669414528,0.00226652048206457
-0.030782528757976206,0.02627625371264657,0.00867438066068915,-0.0002661620900218418
-0.022584694911468074,0.014227795895244802,0.001946328706573659,-0.0010576591852378382
-0.012001820897720764,3.7315565952305614e-05,-0.005071712238670678,0.0004941197104138585
-0.002805443839240345,-0.010899599707279922,-0.00943666168564163,0.003979996414175888
0.0019402651027795,-0.01481444776918783,-0.009362699098983285,0.008147439599587063
0.0010417794216014801,-0.010945732854794176,-0.004973752243148068,0.01142014226502822
-0.004452323280010151,-0.001666364131394777,0.001754189838963368,0.012549504015890105
-0.01180332034124089,0.008645549425183162,0.007842845630753891,0.011124174657629373
-0.01780631892869687,0.015486790601766168,0.010600631694082764,0.007724992836398773
-0.02016083791007923,0.016065650992995763,0.008807967157964797,0.003663229636377205
-0.018410083336415424,0.010346534061652882,0.0032918809775430388,0.0004165180935458905
-0.014059962675902699,0.0009069607828626683,-0.0033675340960964,-0.0009953233882113966
-0.009838960562713932,-0.008282570713643873,-0.007894687420663975,-0.000427409249785574
-0.008424313344204782,-0.013600688009263175,-0.007711921316805416,0.0013584497427602997
-0.011186218149517155,-0.013284804689894734,-0.0020900714484784677,0.0030601431594423703
-0.017495650429734673,-0.008077762778027658,0.007434217872967463,0.003440499570268323
-0.02490517288766537,-0.0007679690963981863,0.017570418315099118,0.0019067563152195717
-0.030144079127767592,0.005139810820114342,0.024529783014260183,-0.0011929354928355933
-0.030522508038397497,0.007017892486872774,0.02552735031780582,-0.004694512358915105
-0.02515851776666581,0.004268026027307448,0.019920715060316677,-0.0071219949827455295
-0.015503881047445506,-0.0014664805277624854,0.009513038403477602,-0.007360777523563997
-0.004924885140995995,-0.007108293591254968,-0.002118603502282145,-0.005209051995168095
0.0025204164498396145,-0.009602868946455347,-0.011012510444141234,-0.0015575165324019384
0.0036349472003568348,-0.0073692337536694266,-0.01437574046609738,0.001902559756081938
-0.00265071572139971,-0.0010921727291651217,-0.011673842340647538,0.00334472570622207
-0.014807349125300366,0.006507974103427699,-0.004810603252347168,0.0015840021777540193
-0.029228153975729816,0.011842134838640921,0.0026825760994562096,-0.0033571044746489296
-0.041544627174663326,0.012054762710010835,0.007124987393871764,-0.010142187816306141
-0.04822491820823671,0.006359949778640611,0.006233933163505507,-0.016543679954794957
-0.04783266482384008,-0.003486583443600342,0.00010759589449685915,-0.02024959608851791
-0.04146318199012111,-0.013811768473141141,-0.008766786140561606,-0.01974675980229182
-0.032203872684698064,-0.020505181004595426,-0.016496674103194206,-0.014931147664692437
-0.02385270788902372,-0.020737705234981054,-0.01937263289145912,-0.007194969527342557
-0.019416755917859754,-0.014185545507186394,-0.015422542334354227,0.0010570948763356607
-0.019987812511978925,-0.003224190438236928,-0.0052979574029178985,0.007283633630129317
-0.024427383613175875,0.008011281773962473,0.007878714204568605,0.009736592878405252
-0.029958981959924705,0.015319448431218576,0.019662041863932535,0.00808241706559925
-0.033399654990669374,0.016170409101645845,0.025980447070841992,0.0034706658152037447
-0.032513124276909125,0.010748957971521785,0.024710697528136472,-0.0019748187084457267
-0.02693231713810985,0.0018497053479179062,0.016501852822645033,-0.006036744241736765
-0.01828881477871276,-0.006344141729855964,0.0045168411618095065,-0.007302581056307048
-0.009518881602370282,-0.010086857869457374,-0.006808673107069997,-0.005718545238299874
-0.0036519666493683178,-0.007720859303335888,-0.013496988913827857,-0.0025768320831122565
-0.0025906714125882263,-0.00043303492995756327,-0.01355864874859373,5.658201843873456e-05
-0.006381142276779196,0.008230331166226549,-0.007712160931241306,0.00023829964969123622
-0.013258590574247076,0.013907603124341807,0.0009915812408519819,-0.0030006667190918984
-0.020426750997328623,0.013378501892588584,0.008484179587424397,-0.009200184184398925
-0.025229222557599167,0.006089283880028816,0.011398912655307488,-0.016605729085221916
-0.02621843786685011,-0.005438157316864109,0.008494828105105946,-0.02284449579703029
-0.023684262252979975,-0.016539067360221094,0.0012035463375003528,-0.02587160436799
-0.019441187308329295,-0.022335570110889224,-0.006930722426384092,-0.02480032816759053
-0.015988380535187842,-0.01987539647015761,-0.01170016417098143,-0.020271993465778126
-0.015417164120182923,-0.009568386739717544,-0.009991159789107492,-0.014204450539518226
-0.01853753536081103,0.00473140612893636,-0.001139262674927673,-0.009010080740555957
-0.024590765544613428,0.017105602436564914,0.012676652124373727,-0.006593646536796607
-0.03165581267479176,0.021910256648380377,0.027180124723032936,-0.007537316361157878
-0.037554956189437896,0.016146945443270777,0.037607498688232203,-0.010813589660795576
-0.04084786341718049,0.0008859844432172691,0.04055867232906795,-0.014160776874473145
-0.0414654486516099,-0.018888320703763478,0.03535946949101994,-0.014990792290921698
-0.040691947496727575,-0.03601886209237545,0.024389796136747542,-0.011480628604272125
-0.04048951408708704,-0.04386635430222882,0.012231233965787274,-0.0034150994248019167
-0.042453199924771645,-0.03890667653216757,0.0039474919714513074,0.007565218299517391
-0.04685979306229457,-0.022197848456619595,0.0031511588523322935,0.018432080648706776
-0.05225428559217423,0.0008960016976667735,0.010597560813316927,0.02579838002703666
-0.05580630495777425,0.022655851347851294,0.02384737199779506,0.027131856740053615
-0.05434967355980534,0.035899464431694006,0.03813183507808419,0.02170005894669451
-0.0457218122671461,0.036694023986749084,0.04809646349694722,0.01088873286511616
-0.02986962705910723,0.025826039980570082,0.0497675136556868,-0.002231138178587411
-0.009250795701935315,0.008444441150123352,0.042006329390380175,-0.013931891174502173
0.011685302326695667,-0.007991235117859739,0.02691709617261603,-0.021077202898458988
0.027802067156342685,-0.016656943134935306,0.009072991175820607,-0.022136805102456063
0.03492190956460626,-0.014049138598938575,-0.006131329817588026,-0.01760954353245207
0.031226114046854946,-0.0013547828457027324,-0.014375579200936881,-0.009723031923207493
0.01789843041119806,0.016029376897090566,-0.013858183081551902,-0.0015480353452987814
-0.0012252879911176036,0.030634781048772375,-0.005779379715609721,0.00412469498692591
-0.020877096052283137,0.035872166709558284,0.006271755316000437,0.005725905692710308
-0.036009055006831,0.028636923300880194,0.017749250341974943,0.0033374295207621355
-0.04329361376305948,0.010553348599070634,0.024832259204818387,-0.001510939758491941
-0.04196156879799954,-0.012616226989267365,0.025722636686255226,-0.006553611192129412
-0.03372650933315878,-0.03315028684635796,0.02109995619322664,-0.009702877330577802
-0.021887351730420813,-0.044273456712765266,0.013617278146198014,-0.00980174986648354
-0.009994124590750603,-0.04265977269025298,0.006690376367759519,-0.00694279904966189
-0.0005975301485839123,-0.029584418118626298,0.003088371337617367,-0.002270756341850699
0.005464469351998889,-0.010319833633885315,0.003882299026494367,0.002601669542340046
0.00902462714547937,0.007939567274604117,0.00814067640735926,0.006288718819959167
0.011874928223801266,0.018783288995667533,0.01345149521941621,0.008135960387277548
0.015725195452802498,0.018870792839983653,0.01702356673673406,0.008333896229722682
0.02127900104443639,0.008955338959345256,0.0169031669419009,0.007621170283464066
0.027801868021365316,-0.006668628228977637,0.012813532133374479,0.006739939827697556
0.033342041438465836,-0.021982971595296462,0.006288401478170009,0.005913129196222126
0.035497686609873715,-0.031546175988676345,5.639647237028844e-05,0.004601542263543082
0.03241224921788427,-0.032359887919809704,-0.003073134612028308,0.0016743426758678117
0.023601073630088464,-0.024623642559752395,-0.0013822928161640504,-0.00405783018489747
0.010290249290372158,-0.011195191976722075,0.004983242869802799,-0.013164379915361964
-0.004855748374474632,0.0038900313817135375,0.013944485587503573,-0.025066883412793964
-0.018509438243617556,0.017133195741969687,0.022158768369047746,-0.03791439760958605
-0.027672979842441617,0.02677907991262963,0.02619195930207162,-0.04896425481156581
-0.030541703520414205,0.03305746438132472,0.023774330253966136,-0.055372097620434976
-0.026961816187792285,0.03746266138880382,0.014692779271662341,-0.055126318174308235
-0.018368156196170455,0.04150806052172355,0.0010019267342259769,-0.04779042297698522
-0.007274115631089993,0.045608300859089755,-0.01352680961005782,-0.03477157939011511
0.0034754287380689935,0.048652225831490474,-0.024541224529589317,-0.018995461545491032
0.011431240781933468,0.04848357389875439,-0.02846110473418797,-0.004076500679239691
0.015040594671396386,0.04306432422946892,-0.023614508001009248,0.0067485224539477
0.013829069626769582,0.03175901570096273,-0.010800301932297411,0.011571983606536067
0.008293248123844372,0.016099970504859132,0.006894888714815976,0.010340865598405363
-0.0003825057750362088,-0.0003895062297407876,0.024965877594266127,0.004792443149499001
-0.01065295519308272,-0.013318626809614232,0.0387800929042467,-0.0021639092080520325
-0.02088855344265127,-0.019069440950292435,0.044907299206871684,-0.007402329761179018
-0.02957219864883749,-0.016267523212019287,0.042100224548763776,-0.008556549905734737
-0.035440084786262066,-0.006436374365969491,0.03164463203777046,-0.004708786125527822
-0.03760701340434565,0.006485227160830131,0.016979849492053382,0.0034071149715748637
-0.03569346458335592,0.017607704041982666,0.002697633591106446,0.013721134222767942
-0.02992880431252716,0.022959661327479144,-0.006797110939767184,0.023530288637228426
-0.021172483166457378,0.020999832704497116,-0.00858195315241264,0.030349495444261264
-0.010797331982289795,0.013147978835094833,-0.0020927565926939554,0.032644458566932155
-0.0004214783749669043,0.003115919840950116,0.010685787483624422,0.030238155418374386
0.008459028402334033,-0.004677625205122726,0.025790463363636204,0.02429562722292564
0.014827708260546526,-0.006939407569575822,0.03846529080796662,0.016920575277243926
0.018368381699906573,-0.0028105098163638494,0.04462633392939731,0.01050294462018522
0.019458664619663963,0.005891364088083624,0.04216649600109154,0.007013433233464452
0.018926450910207695,0.01557820752412206,0.031685677376146006,0.007440740700767446
0.0176533088558001,0.02253222774196981,0.016387358893074015,0.011518305223822984
0.016175746292211066,0.02454954999467824,0.0011325829921244469,0.017806959318290638
0.014445082626672738,0.021858656048389144,-0.009085702426475818,0.02410903784248323
0.011851659537057298,0.01690846774676962,-0.010778772817435842,0.02810701969843999
0.0075188753948505676,0.013126354868334624,-0.0031744814250960294,0.02806133089445676
0.0007659601707018229,0.013212795163374532,0.011417801049334576,0.02337935098878947
-0.008432351323051984,0.017759149154477846,0.028250539942285775,0.014888509584413503
-0.019168195944433503,0.024844854866079777,0.04161542279313395,0.004711624956911534
-0.029625066861765043,0.03083954766100785,0.046685882930300474,-0.004256598778706892
-0.03742293311428152,0.03208813493277425,0.04110941885414277,-0.009157694599831045
-0.04019682043691982,0.02673422062723995,0.025798149870931132,-0.008049226765486195
-0.03624907063050844,0.0158339342807516,0.004629357687577574,-0.0005950659966637802
-0.025097350614049357,0.003188288283293417,-0.01685462325518161,0.011667774678012558
-0.007775617723553312,-0.0061279750215447615,-0.03329894772944471,0.025612698407802705
0.013186327833017744,-0.007970961575645929,-0.04128655663035021,0.03732119403533854
0.03410459390336306,-0.0011221463561511549,-0.04036071535288697,0.043186927145842505
0.05074487519139364,0.011847713646675048,-0.03295691454774824,0.04099808853571228
0.05909177976674334,0.02533361914895602,-0.023285879260871594,0.03064951259566377
0.056166785867887564,0.03288218776611683,-0.015606000264898019,0.014234660064878028
0.04076245576991378,0.02997934149274026,-0.012558944792409061,-0.004538282445225595
0.013946555124847534,0.016285109205251922,-0.014220243212245309,-0.02143403482274771
-0.02081317362230992,-0.0036907594843373914,-0.01823829422597422,-0.0329286742417804
-0.058023845623371775,-0.021891496382071836,-0.02100273145420919,-0.03718285085252708
-0.09108155457869654,-0.029611444922420918,-0.01936375990534134,-0.034419716153608185
-0.11363001881788973,-0.020916211977502947,-0.012186376555430208,-0.026589246612876972
-0.12110742655662889,0.004772025758820803,-0.001069595228559827,-0.016464251126975398
-0.11209091250764461,0.042018314304247524,0.010116977094288906,-0.006529613790600903
-0.08900637082942191,0.08101598241466142,0.01674826883190263,0.0018918677723122645
-0.05787010028909812,0.11098254410137148,0.015432751841583457,0.008925653322210913
-0.026971260145145542,0.12403990963674186,0.005665928859613831,0.015730244870314037
-0.004734706299695829,0.11806869471326822,-0.009572683977995563,0.02356276225781825
0.0026825403959621803,0.09739104356263753,-0.024611774000071324,0.032742853485596475
-0.006667496210164455,0.07097652942227273,-0.033056618436228355,0.04200622943872523
-0.0297198552701628,0.04885295195493281,-0.030230218792036457,0.04860864964757926
-0.05910431256432997,0.03813926054032558,-0.015149124740928811,0.04924452929682635
-0.08526554311234949,0.04029413309983179,0.008776187353750492,0.04149079798619795
-0.09940227238375929,0.05070456490260818,0.03466985042806118,0.025217909289118576
-0.0962961084389681,0.06080046233942781,0.05448292146982359,0.0033450992724093887
-0.07606493519879665,0.06184724727131047,0.061842175749435346,-0.018497305416511522
-0.04418349522500299,0.04886118085347341,0.054399762342838935,-0.03345004909528724
-0.009683290198661902,0.023010066578165782,0.034782414694520085,-0.03565254430012367
0.017913152682264233,-0.008546064007538328,0.009748726168189942,-0.022473974657149516
0.03188468814323042,-0.03538119604930212,-0.012161216152440068,0.004084687434947392
0.030657946455780568,-0.048035389271252546,-0.023618768027736783,0.03743103893514481
0.01832482085845701,-0.042033652234740926,-0.021021943873139295,0.06800591592322935
0.0030800091425248477,-0.020007004597065222,-0.0055902821351502905,0.08606993281048148
-0.005914560524238767,0.009037721642244123,0.01735482554482768,0.084777517778779
-0.002124651883181816,0.033106579485283,0.040610404419499986,0.06250064567997961
0.015635928322962095,0.04197126158515488,0.05791034459653639,0.023567453070420446
0.042424508026771134,0.03138758799258191,0.06620788245329896,-0.0229046641615459
0.06871268737559756,0.00503643789818962,0.0665115379791473,-0.06574959975129878
0.08378287542715272,-0.026684704862546333,0.06295959383982622,-0.09517692627676629
0.0797921983205346,-0.050639484789396616,0.060550112833692944,-0.1057328701364352
0.05501658621880064,-0.0561862934784776,0.06251473331309765,-0.0977958109115266
0.015030322084236368,-0.039602424608505014,0.06849597683165036,-0.07710886383922222
-0.02870855114860498,-0.0059000661021267765,0.07437723574725123,-0.05253967109985189
-0.062460489560657334,0.032768406055368,0.07393477459262207,-0.03288082083163554
-0.07477372484128822,0.061578389327835076,0.06170026018277502,-0.023835933924210424
-0.060414469266005445,0.06868459545162878,0.035860316265789234,-0.02625379323761139
-0.022248772515911532,0.04986696661235569,-8.0703715281454e-05,-0.03620520434729277
0.029615855365214244,0.010344469606052068,-0.03772276493802911,-0.04681645966019722
0.0811410974824474,-0.03697882738697566,-0.06632055858909035,-0.05113086149074785
0.11895097727531763,-0.07617974216649141,-0.07663051698189291,-0.04490335603724116
0.13458181592577115,-0.0940991706257378,-0.06462758529879452,-0.028277570538108414
0.12690407416694316,-0.08501586059087188,-0.03360483078378537,-0.0057303163081555185
0.1019159160089498,-0.052433785313220085,0.006303179974008037,0.01566988010191892
0.07007956417988867,-0.0073576203459718055,0.041194780844169214,0.029006390450234013
0.04226390421512895,0.03617828052735974,0.05809555978775696,0.030203055027738575
0.025836281813494656,0.0664911242390133,0.04962034325836435,0.019629892956616154
0.022337827410309624,0.07838386640225169,0.016876153784365695,0.0020160670285096485
0.027530299384096346,0.07442935547958705,-0.03054205232208481,-0.015294363026306
0.033673970233501806,0.06299988227075706,-0.07757725972898699,-0.025081470751276615
0.033046584123567445,0.053986132199012944,-0.1087614313144327,-0.022949430656613253
0.021268965069503543,0.054092750218710677,-0.11352528787402606,-0.008975531917746683
-0.0008719595750943623,0.06374674401825742,-0.08986913694417467,0.012301040283652292
-0.02777697055225092,0.07694846816362456,-0.045065701933872215,0.033533582242713474
-0.05135364946642318,0.0841264577232608,0.006868289267535351,0.047237882334890915
-0.06430721035339165,0.07675631209373893,0.050025031003316296,0.048485656579895064
-0.06304080631111901,0.051717908563855296,0.07203783891681056,0.036642781073344385
-0.04898941340997755,0.013433036976900927,0.06815313724667671,0.015551632066074544
-0.027871503816222633,-0.027267106808574616,0.042523360018336516,-0.007853112985408939
-0.007205532221117338,-0.057214578452609535,0.0063384548166311805,-0.025933048726229996
0.006847781359971697,-0.06630553094593311,-0.02642623508942443,-0.032837651799108115
0.011981929014931773,-0.05197689519270262,-0.04402019715384938,-0.0262122136503945
0.010521993835347505,-0.02079553324321816,-0.04083809376231702,-0.007583492957256608
0.008143193911865711,0.01367750202649095,-0.01887646205652028,0.018583103990951234
0.011057942528243594,0.03606475668463706,0.013671016017143116,0.04666035223162394
0.02285992322310364,0.03541316125813359,0.04598319706683757,0.07170244072682175
0.042393709433334995,0.009989359864914664,0.06885901269287023,0.09063938791928913
0.06363407977596984,-0.03139905102639386,0.07796561064720958,0.10244862905066403
0.07775500781523592,-0.07226038549747243,0.0748785526134289,0.10740616452365083
0.07666170200343692,-0.09450176104061785,0.065633554795095,0.10592556050411324
0.05661509710414485,-0.08545925308957068,0.05752064573490437,0.09765617192375435
0.02046404371458621,-0.043142313137924174,0.05554358967426306,0.0813645035909245
-0.02252275887001826,0.022419152691376665,0.06006923756367489,0.05572965209484676
-0.059337642446513995,0.09236449321375725,0.066669970809601,0.02071643272111833
-0.07756720861121659,0.14561461423463504,0.06823323458451422,-0.02114534953863878
-0.06984440077414232,0.16644749422840202,0.05845270905493766,-0.0642943589682705
-0.036779356365127906,0.1501764534097108,0.0352145750091067,-0.10092444990943765
0.012760205925678824,0.10477938014379348,0.0023950643273885765,-0.12296068562411608
0.06420612282174351,0.04787238583213794,-0.030803132240368673,-0.12463045510954661
0.10184941907898112,0.00019824266553246213,-0.0528661472180044,-0.10470180193350762
0.1138470921368248,-0.02188781454080007,-0.0542616769614682,-0.06747761021033405
0.0959677372557112,-0.012114622692096904,-0.03137189224982274,-0.022020359715837053
0.05283141414171805,0.023888994127997606,0.011501887917254495,0.020291088429741738
-0.0037028810336796054,0.07118421213374433,0.06294564358362086,0.04913574995590796
-0.058356767681003986,0.11134592499106707,0.10788704762766949,0.058422137527720366
-0.09709245199114167,0.12916483130998083,0.1325264634957105,0.04813164529098191
-0.11104619036932634,0.11765885284092002,0.1289899647045472,0.024137882644638387
-0.09853344062782532,0.07963567496971675,0.09801799195392376,-0.003986669894514527
-0.0646850613145881,0.02552168299439033,0.04870194710200743,-0.02643592438335769
-0.01912286395049234,-0.03131561812151508,-0.004649819885791003,-0.03668687674114319
0.02730141846206247,-0.07959987165947828,-0.04739484000942979,-0.033802759275533556
0.06550531940843654,-0.11340980275605199,-0.06944138733306066,-0.022675668295020195
0.09000228981285849,-0.132491031438629,-0.06840704225057752,-0.012097509289148586
0.09923218763543412,-0.13985057142381774,-0.04997037481599899,-0.011336664232817336
0.09469024789491515,-0.13813314388795014,-0.025364719335336103,-0.02645072060827129
0.07954238101635934,-0.12682436150044696,-0.006990075033609711,-0.057678208769914655
0.05744482431052785,-0.1019032608047544,-0.0037685806494911346,-0.0988799078599752
0.0319850355615428,-0.05835247707655429,-0.017913814034850536,-0.13927537270727924
0.006706052712190545,0.005536224158869367,-0.04422563344368995,-0.16690392776118482
-0.01469427944632411,0.08418151211482611,-0.07208249321881544,-0.1726250585760333
-0.028498379476897647,0.16330960936812522,-0.0893357038807076,-0.1532796547699068
-0.03172816242119614,0.22245987048625995,-0.08666505216478863,-0.11292595932478514
-0.02338968016507695,0.241087240669208,-0.06085075760263805,-0.061732229074024224
-0.0056472763026455975,0.20625849697439097,-0.015865135304447362,-0.01290972566412523
0.015805019513920316,0.11893866857975767,0.038499755724232435,0.02127930720464092
0.032714343989410956,-0.0039502486624559885,0.08988438914214046,0.03312596564976709
0.03660010517517388,-0.13311869210158123,0.1272983697229498,0.0215563009518604
0.021817178827181656,-0.23544120979092367,0.14438992788230395,-0.00789268442249598
-0.011760217342152185,-0.28468966900757625,0.1410191796731104,-0.04506854227483652
-0.057617681722838654,-0.2706211475785957,0.12275625387751284,-0.07841058643445756
-0.10379425269587757,-0.20290849753036216,0.0986484189817006,-0.09828330709308288
-0.13632199071814152,-0.10813799982382875,0.07813729797067726,-0.09941356187303503
-0.14393229779439434,-0.02063322322480154,0.06818993085356037,-0.08180565172891875
-0.12241541876942537,0.0297553451488285,0.07151100833483866,-0.05006932818451654
-0.07695136409646688,0.028466644181690013,0.08624127983418856,-0.011608660624237283
-0.021314500180631846,-0.018423923299362058,0.1070139535785576,0.02558969722642895
0.026078638549811736,-0.08647751246876138,0.1268325527044819,0.05483671820740679
0.04813296060406043,-0.1421245180911822,0.1390739556097185,0.0718175447308777
0.035065705002421496,-0.1555505775765399,0.13902409917977387,0.07477215939241072
-0.011716533299692697,-0.11246811067573338,0.12463619449291023,0.06402490926883933
-0.0793677611131289,-0.020317937588815106,0.09652445512439083,0.04127641969397324
-0.14727094281965356,0.0935480795029945,0.05744106741419244,0.009031311633557509
-0.19352700990822316,0.19118394405871295,0.01155995282018073,-0.02966214814452439
-0.20211808432926287,0.23752950584843582,-0.03618447908417427,-0.07122521576767085
-0.1682894544644684,0.21312300308165325,-0.08061151174914111,-0.11154314783957227
-0.10026118496347551,0.12136108324315736,-0.11671305734119161,-0.1461822397289194
-0.01663571429237536,-0.012374382403938762,-0.1400899613762967,-0.17093593537035354
0.05963293027284834,-0.14939193407045684,-0.1474767199790553,-0.1825995958799486
0.1086415933256558,-0.2509574608613745,-0.1373169004124057,-0.17970383902849885
0.11977972966029944,-0.29128032382894276,-0.11024275216518051,-0.16289496898513367
0.09471599379951742,-0.26552573309342375,-0.06926736863828738,-0.13476696976291289
0.0462125088128714,-0.19009531864051202,-0.019545680078379108,-0.099174911653422
-0.006669327800501066,-0.0953540192599447,0.03231599494378112,-0.06029007943340251
-0.04516571301128431,-0.013788940574797886,0.07927705332678778,-0.02177940704199905
-0.05684795899650359,0.03180251139094734,0.1149779726935607,0.013562733043029598
-0.03905257729628677,0.03567524833270816,0.1347053741245136,0.04362213956164166
0.0013027355369334434,0.009491029830883745,0.13602367846646019,0.06639633839679182
0.05116498040683984,-0.02410325043093768,0.11900498507621,0.07946400692529766
0.09654190725591166,-0.0418231500597017,0.08609774443804005,0.07995118553294764
0.1274018078961785,-0.029738485725823632,0.041732376015166585,0.06526581947400678
0.14049475320638402,0.011083236318276598,-0.008245425827150163,0.03450719065864859
0.13923899631140627,0.06541592073190125,-0.05727145040813336,-0.009941486134335353
0.13101746400727252,0.11066875187113394,-0.09888982489407719,-0.06138074851702109
0.12322596967524427,0.12671234233299444,-0.12770228384563204,-0.10903093122651844
0.11982388342710518,0.10463564956035162,-0.14036053563373302,-0.13988664642850152
0.1198206160491315,0.05082132421934083,-0.13641478992879533,-0.14195639454407816
0.11824147488948338,-0.015332554916054739,-0.11874832483909187,-0.10805036754834389
0.10903337761436757,-0.06911809928529285,-0.09333415159126185,-0.03889666187721499
0.08854294658269452,-0.09051594458279846,-0.06818061643013913,0.055612592155663346
0.05796333623653248,-0.07241658986837829,-0.05156944203340953,0.15777182938204667
0.02359282161939937,-0.02370170504432271,-0.04995809491151444,0.24593613236953787
-0.005311075568025132,0.034118500015239854,-0.0661134054640409,0.29997756446130286
-0.020253692387210642,0.07543141681609375,-0.09807112544867841,0.3067564263755759
-0.017258493218646975,0.08085426818596225,-0.13933614935748354,0.26390275624641785
0.0009718132679882581,0.045271443801799566,-0.18038755985506777,0.1806413815439006
0.02552265633561955,-0.019641244178394437,-0.21113980799898316,0.07529064289937377
0.04435559898881919,-0.08946736508399544,-0.2236793361703613,-0.02986835884375565
0.046930605090464976,-0.1361627296324971,-0.2144693591104416,-0.1147831522175008
0.02859610318348483,-0.13873819700307746,-0.18535099026947174,-0.16694685335680853
-0.007018280175321272,-0.09140989432256597,-0.14303015452590245,-0.18418732183825307
-0.04867072161334492,-0.006101168678726303,-0.09720787444771768,-0.17412058638844288
-0.08115950528840266,0.09163506933231017,-0.05792764518816798,-0.15058299001080333
-0.0907296327871337,0.17168659121513025,-0.032937351907416916,-0.12836512018346494
-0.07029030385509022,0.20998701507984252,-0.025824267652917888,-0.11811024079565839
-0.022503041134973114,0.19668823725462742,-0.03540425018836177,-0.1231203392749836
0.040468984730247654,0.13895232663579565,-0.05643674976158543,-0.13907998131437885
0.10056775183574068,0.057534104371167086,-0.08134130975434556,-0.15662968939651692
0.13960825448441766,-0.02130513500501958,-0.10233787488242502,-0.1656898223553359
0.14522816764725568,-0.0753173038955171,-0.11338860252824522,-0.15982803351526584
0.11497071740215839,-0.09359900799474458,-0.11146797350812104,-0.1389968962348568
0.05711699619665952,-0.07913849504207571,-0.09694960298033325,-0.1096239245978405
-0.01196870419687233,-0.04596319196979317,-0.0731647993037645,-0.08206356102921064
-0.07301102748522542,-0.012394331453371966,-0.04537209745629255,-0.06643134281236956
-0.10971404919128991,0.006665732212974678,-0.01944323164727852,-0.06845345012338841
-0.11340249192236547,0.005302492859620893,-0.0005408547417857946,-0.08695016649172724
-0.08497251202463249,-0.012030548932871343,0.008006822613034517,-0.1139376719749889
-0.033712186169767754,-0.03353506264683276,0.005484738990619868,-0.13732306279019874
0.026354956259681674,-0.04589189670671228,-0.005907005651805408,-0.14517026473832217
0.08116150833299968,-0.040223990378253464,-0.02135075594009569,-0.12991338460543936
0.12066024017986288,-0.015640914461704743,-0.03438603535231685,-0.09092156837339319
0.14098386286022963,0.02101251101831448,-0.038512220636080556,-0.03446621624110407
0.14422942151120516,0.058861321975063094,-0.029162990676642426,0.0288423786182624
0.13629279561923704,0.08830549351394396,-0.005570395380272616,0.08809211734739669
0.12382777919970941,0.10541208477630012,0.028102828196524706,0.13594936562285206
0.11158625093272619,0.11334550395414056,0.0629310975211392,0.17082545309843877
0.10108584449507305,0.12016126688101988,0.08696809233085381,0.19647277294281068
0.09091414117923405,0.13397028437485062,0.08834942866288881,0.21921170436569173
0.07829119326374018,0.15773344032839937,0.05900836105277938,0.2439874430647559
0.061049000399555506,0.18621321074609004,-0.0021191388523558183,0.2709887756274233
0.039110441643231436,0.20675110167715713,-0.08755928049223081,0.29439692299973336
0.01485688930595122,0.2038990061858838,-0.18221031660305367,0.3040101671870407
-0.007694479253217961,0.16619510368887583,-0.2667424842417226,0.28931223401298195
-0.024462830900038573,0.09228660536179707,-0.32268043110866684,0.24447781608091032
-0.032891305953567235,-0.006344325702266346,-0.3376873272655231,0.17227659931715553
-0.03285582745854222,-0.10757095356399825,-0.3093482968674336,0.08509426589540664
-0.026534073781201383,-0.18531444769585534,-0.24611214969865491,0.002283170871031057
-0.01734099994558646,-0.21845193793491033,-0.16491870491387028,-0.05555797202098112
-0.008432500701222702,-0.19861409097832883,-0.08614032629405789,-0.07351476811763523
-0.0014376960637566638,-0.13379560473209673,-0.027416601252640293,-0.04800058250958996
0.0040521658070265185,-0.046187949000310674,0.0015954816415813318,0.011110635089857525
0.010062205112352599,0.035185794603683866,0.0017870518703924283,0.08294612283632365
0.0191132010070185,0.08443916245966201,-0.016398194892083474,0.14214820482242607
0.032922716331995575,0.08773724044338065,-0.03716579971330616,0.16736747923733908
0.051496629980800825,0.047830922044740654,-0.04529084962880503,0.14880606063095778
0.0729781206492614,-0.017500091585850825,-0.03165254894053586,0.09205439510265075
0.09427083939785032,-0.082510825293948,0.0035828873709303436,0.01665662539962248
0.11211581494165714,-0.12338429334714139,0.0512411725170255,-0.05033851086035718
0.12412773130569513,-0.12719960737311875,0.09672446672606952,-0.08376940204543533
0.1293574854444972,-0.09657810287826116,0.12553474731310213,-0.06947795260704216
0.12820715297248766,-0.04827181490161775,0.12866687155332812,-0.009898373749170724
0.12185252758618115,-0.00628493529951323,0.1058729080657463,0.07600217460860566
0.11156720201169647,0.007785118334371697,0.06561742874336411,0.1586211057324867
0.09837254368835738,-0.016559748076242945,0.021798918690820273,0.2075846780844122
0.08323946899822982,-0.07435891705576643,-0.011472357587600786,0.2022498315765881
0.06773072534742157,-0.14686470803585402,-0.02503713754769595,0.13919707493841024
0.05465982758197315,-0.20862999614408595,-0.017846237596845792,0.03403135064128458
0.04821924290249444,-0.23732632995526348,0.003028426258992624,-0.0832631852164715
0.053184586544950875,-0.22256505531998388,0.025449914226091837,-0.177939835826868
0.07319915827051096,-0.1703661122948866,0.037086678021950766,-0.22185766409909163
0.10863109275709691,-0.10154991157811351,0.03017995037022281,-0.20274126830322992
0.15485914621131658,-0.044588368165163435,0.004383960673120621,-0.12817179163836162
0.2018952062332617,-0.02548774064056799,-0.033343919550636515,-0.022951063623445962
0.23591588646708847,-0.05833689752860023,-0.0716449573316318,0.07924404638699777
0.24263147269652316,-0.13987154229963408,-0.09920780190915864,0.14704897704065953
0.21168587458192192,-0.24991936709902002,-0.108956069680736,0.1616268865184984
0.14073704151113986,-0.3574844299622749,-0.10034046726963887,0.12248144404364504
0.03775077423777447,-0.4302883379864155,-0.07892547766140733,0.046999523472403645
-0.07955176592450931,-0.4445015382127003,-0.05358720206150887,-0.03596314278151286
-0.18731493532761448,-0.3915116430131956,-0.03260180393766273,-0.09611501646956713
-0.2614542759046605,-0.2797714714132658,-0.02031099777023847,-0.11187631612754
-0.2842334745600166,-0.13154467021672478,-0.015744380713456966,-0.07721630267905068
-0.2495484176493623,0.023955567099339676,-0.013698358202375797,-0.0030163751063577095
-0.16523299912189401,0.15854488738515649,-0.0076965557378235435,0.08724302567885384
-0.051546333684776346,0.2516447329585082,0.006554828824547936,0.16572504440987712
0.06384980394986356,0.2937738666882195,0.028805754152128427,0.2094115444451475
0.15303442025433608,0.28655548629377703,0.05409086892580787,0.20707175550087967
0.19504778083231936,0.2400419009763811,0.0748647294175147,0.16184829397587755
0.18113035420717047,0.16884015217704967,0.08451686327450397,0.08895132635288919
0.11654715787007139,0.08850957336619313,0.08068568688947861,0.009686336004119623
0.018616946731860033,0.0131253603452492,0.06682022033598949,-0.055785554699208796
-0.08830479054846074,-0.04589265443504792,0.05115797841222162,-0.09433369559806576
-0.17929744982597492,-0.0802055677787074,0.04340373381921111,-0.10251638448182752
-0.23490781040754624,-0.0849322920961768,0.050434180020486385,-0.08550930576798679
-0.2451494828664033,-0.059382215026210966,0.07286229943570544,-0.05323866675578805
-0.21063530885127668,-0.007989665911318732,0.1040298931343054,-0.0156049293006843
-0.14094401904995743,0.05919926830000133,0.1320385280191081,0.021184242504301537
-0.051112781227685415,0.1272764867084322,0.14415980371088596,0.055833732842349
0.042449769348935115,0.17891327427924691,0.13191549976761055,0.09056326323204858
0.1254057953227015,0.19825799724147197,0.09474515331708429,0.1280729372318236
0.18751790351958755,0.17530907218307348,0.04067162909363744,0.1685117225457701
0.22312680343521732,0.10933392445800393,-0.01643748853092182,0.20800072193449412
0.23048807442309302,0.009998320928043612,-0.06200717190640089,0.23949095496752454
0.21066075688319932,-0.1044723706013281,-0.08624467183779548,0.2556260265575057
0.1665881619947367,-0.2117791322754075,-0.08771844707722877,0.2523173153454031
0.10269853419795832,-0.2913996810981997,-0.07349674449624075,0.23134178868867092
0.0249503055638708,-0.3299793843104483,-0.05572963858002782,0.20061979336491242
-0.059056065743722415,-0.3245465751894663,-0.04607917961428866,0.1717873981929131
-0.14034959868467844,-0.28256872675924555,-0.05038553420424134,0.15584986294690278
-0.20951412187322407,-0.21895318865546898,-0.06595444822522069,0.15859545316198098
-0.25819943095484693,-0.15112876420184088,-0.08281159506644012,0.17767300807089667
-0.280813670561304,-0.09393715044440737,-0.0885805200838189,0.2026718397461945
-0.2758159882674611,-0.056007648744475294,-0.0749907608027581,0.21839260064847893
-0.24609990601540455,-0.03863187725900573,-0.043125492726903684,0.21021501002669066
-0.19825650809715023,-0.03717533848885906,-0.004814651536498482,0.16957418645897
-0.14091268824152714,-0.04415054589812147,0.020965072471457,0.09743075344931583
-0.08268476828365275,-0.05257635908705417,0.015734909164818005,0.004338800460341252
-0.030425487593093502,-0.05832261718737472,-0.029631409431291635,-0.09298308028636887
0.011689211976956654,-0.060712150347734674,-0.1085507728492966,-0.1772964175483366
0.042037929140307594,-0.06145275839554091,-0.1979825862972796,-0.23652378737961882
0.06062705205261749,-0.06265517551481145,-0.26444759118600625,-0.26724265907084915
0.06791453332555461,-0.06498759813175782,-0.27533847575455933,-0.2746210838212131
0.0640207320346089,-0.06683309993913124,-0.21173809333567042,-0.2688541025364649
0.04876030779922983,-0.06477233203657672,-0.07792857763272108,-0.2596050486436894
0.022520125905412636,-0.05507555928847682,0.09646469570950673,-0.25082935676687834
-0.012438302520357937,-0.03544391917696151,0.26334837109819265,-0.23828337433697852
-0.05096304659886166,-0.006174398764542321,0.370469232298616,-0.21098944913789422
-0.08498710884010548,0.029759354924687915,0.37867000288706654,-0.15631902968591638
-0.10487154846313439,0.06768719320466327,0.2761725999528077,-0.06679393327537801
-0.10195159495198333,0.10277498710736833,0.0846271574629652,0.05417334916241189
-0.07156999795542959,0.13138766011190006,-0.1457101733467966,0.19018594614131765
-0.015545928875781259,0.15170927269370207,-0.35058792681962664,0.31475259556406304
0.05693625739516757,0.1634700033935151,-0.4715782568701458,0.3986301947448957
0.13060327596782492,0.16710866423767023,-0.47453394940941773,0.41929865260297805
0.18742187445047123,0.16298764202153157,-0.3604034861033677,0.3692377054973626
0.2111440223896608,0.15122200855509002,-0.1646509257876899,0.25987373673265296
0.1917458106260101,0.13230387671560642,0.05457249801291413,0.11945470757107736
0.12838152479036505,0.10818335499808669,0.2354657594348693,-0.014778979598852635
0.029891369434678242,0.08308005635719093,0.33229824971654803,-0.10769236315223102
-0.08733697281370303,0.06327116465970872,0.32910530698945584,-0.13693276442990526
-0.20350493324198052,0.05550019685635953,0.24284230949638094,-0.09954281093819614
-0.30025326152525483,0.0643331553655442,0.11524799626706701,-0.012230463755874794
-0.36474353095734524,0.089453247286803,-0.0033547284198275503,0.09477683685716815
-0.3918012818524528,0.12419609791264088,-0.07233883480914557,0.18811224014984262
-0.38366034718681497,0.15637081006816617,-0.07459768971673157,0.2422223690609949
-0.34769334260214496,0.1716108634878618,-0.021181705170083578,0.24707191386204544
-0.2931832091144179,0.1584292409928569,0.054527027859817404,0.21000077002143047
-0.22843839662983997,0.11325020562727976,0.11056098207006683,0.15128985595312633
-0.15929260383576227,0.04337624578327615,0.11272163543971452,0.0952865544480159
-0.08936710751693358,-0.03365753794459055,0.047485542796684675,0.06052997740137543
-0.021675032606680075,-0.09468543752146769,-0.07310014371138804,0.052617989959830094
0.03946449250859334,-0.11830576178778504,-0.2159854956526241,0.06246953520794258
0.08740255712065165,-0.09266902254383387,-0.3390814865781879,0.07057100231497311
0.11386644201343434,-0.020821398944709916,-0.405940197138875,0.05552824204825725
0.11146941642519954,0.07862475371238134,-0.3977052389026681,0.003620731663587048
0.07722406028009676,0.17620385313995446,-0.31817641215104814,-0.08432875045776453
0.015633214677967584,0.24048827720646485,-0.1906105365677179,-0.19146271514949287
-0.060161664567009866,0.24834043799451835,-0.04803457295793608,-0.2894783327298915
-0.13016654112705933,0.19303000726632308,0.07883519226071119,-0.34775422263757316
-0.17224337149527227,0.08728498659738258,0.17134063112986656,-0.34380041814378914
-0.16859578802691544,-0.03999547317625395,0.226788517188631,-0.2713281349633248
-0.1120464787857301,-0.15245322660155802,0.2555297946891256,-0.14309138464188734
-0.009920216289509079,-0.217571156178165,0.27300841779738944,0.012481038402346583
0.11608231841764263,-0.21677514225678304,0.2905186770496724,0.15966360566778914
0.23443539967390728,-0.15094419686925434,0.3087703249788345,0.2659212170994929
0.311734727771516,-0.03954022773266518,0.31704463703625746,0.3109798560214432
0.3218156168475615,0.08619379107840201,0.2983016730998805,0.29159256065142675
0.2533062726434945,0.19346828973295774,0.23806430186596134,0.22073148631819972
0.11325929368267265,0.258000858677337,0.13327710337539392,0.12191095691873853
-0.0743192897204992,0.27049171741697287,-0.0027399596481363646,0.020948753023226335
-0.27463038452055666,0.23756105066969505,-0.14163241689073117,-0.06185075235646612
-0.45104201234632774,0.17728210234886313,-0.2475749821773068,-0.11654153363704257
-0.5741043209976873,0.11139116677955398,-0.28852695809304685,-0.1441660476816555
-0.6279336071865929,0.05732829420890167,-0.2471495909276195,-0.1535631329353657
-0.6122286669570367,0.023086115835962626,-0.1273909838212747,-0.15607826788480977
-0.5396853225549163,0.006536085318738491,0.04571346801412319,-0.16045615634421365
-0.43010091830557473,-0.0009847317489532629,0.23303187444623452,-0.16983091135184858
-0.3034762580219069,-0.00874356276951008,0.3927113396871956,-0.18166570518176484
-0.17458260504031012,-0.021101759122826202,0.4920487651303073,-0.1902088497726213
-0.05073322879158511,-0.03486907601116656,0.5159349198013968,-0.19005633054346996
0.06682764129568963,-0.040647963268794975,0.4693229490214528,-0.1791098998697115
0.1789266530601146,-0.027538528580802028,0.3733818075293207,-0.1596633233462215
0.28384642277896815,0.010886002595611271,0.2571845957236657,-0.1372952519824002
0.3742721160182276,0.07199230097812853,0.14814895963693808,-0.11825911134061119
0.4373061644691481,0.14299890096056955,0.06454607945107134,-0.10669844913674005
0.45779292604047334,0.2040663684685951,0.012288396854449228,-0.10302168139786565
0.42382359204952036,0.23452480181814048,-0.013590618406281882,-0.10416835772200414
0.33233902717250374,0.21989629526160664,-0.02409861702159948,-0.10557928992106454
0.19258140393798415,0.1570182958258198,-0.030458834208194164,-0.103867434850709
0.025835270576103714,0.05531098480967776,-0.03966513380757292,-0.09884500389901521
-0.1388059940643417,-0.0662491653866131,-0.05285711252072553,-0.09385127728577804
-0.2714892035538376,-0.18521107624958913,-0.06657380568626763,-0.09411999017665983
-0.34928009659099385,-0.2823971128772349,-0.07572867576055335,-0.1038716998967866
-0.3620309205653604,-0.34676601064690216,-0.07659241775454438,-0.12348604605562748
-0.3145997258061046,-0.37671518825245975,-0.06834661358147401,-0.14818319248540168
-0.22481757032776287,-0.37768312199444826,-0.05267862604803423,-0.16905859635617781
-0.11800768309340201,-0.3574595871652278,-0.03195893042454805,-0.17629644502731262
-0.01993589749085823,-0.321520155256873,-0.007261933392592097,-0.16336344057862573
0.04955465357377609,-0.2705922127461711,0.022470177820274165,-0.13041055629434206
0.08039682162384663,-0.20158304917776398,0.0594668339938104,-0.08527119403341323
0.07283558188751897,-0.11141656298546429,0.10472809808441691,-0.04132506509784158
0.03504900573871625,-0.0019142870747159233,0.1554192258519837,-0.012773703163389669
-0.020811071500172515,0.11676417568660637,0.20360224815172956,-0.009031928480180732
-0.08249169791857072,0.22614301124104857,0.23739003748438964,-0.030481484772423788
-0.14010035166446402,0.3035477709274841,0.24455244641995846,-0.06748414695616206
-0.18665238801710765,0.32919255393039915,0.2173989270054143,-0.10338788478266936
-0.21712624465099797,0.29370687834667425,0.15695658747392618,-0.12069661592471799
-0.22708078454024797,0.20312721225744412,0.07446393816096349,-0.10821697535478292
-0.2119758597021072,0.0791194315731436,-0.010914074732773291,-0.06640583176116509
-0.16786717984469798,-0.046123019957309476,-0.07777968591849395,-0.008610234153197496
-0.0933497707890805,-0.1388795400457583,-0.1097685762218147,0.04269407129725589
0.008130345445026355,-0.17386328243852553,-0.10170511691370972,0.0636883428939428
0.12683982764647175,-0.14176067615893148,-0.06213668183679688,0.038412038601576215
0.24723229001861732,-0.05177955196257823,-0.010939167838195747,-0.03397908275677561
0.35065585228965884,0.07159917204302532,0.027496669342478526,-0.13678678415539844
0.4196888648357956,0.19642709681582934,0.03324064980143276,-0.23948433544411776
0.4427469474955574,0.2928661445010825,-0.001281619224357422,-0.3067199718866107
0.41735822226756714,0.3412789142178681,-0.06751149282593687,-0.30979331153026096
0.35089016460111144,0.33631343458807106,-0.14276339531117688,-0.23674528859861202
0.25839798311275675,0.2860877568476692,-0.19761319190316476,-0.09749765409183575
0.1583076159755354,0.20741641176288647,-0.20626319041754465,0.07794873140941003
0.06743101914154816,0.11934281415862569,-0.15628921401219611,0.2479225063868987
-0.00297927619119504,0.03755950059122258,-0.054264825550177205,0.3714939434412717
-0.048881077983514355,-0.028446774096519963,0.07488165009566664,0.42087545601871984
-0.07247279362021117,-0.0751106971282576,0.19476957152375446,0.3897463703770699
-0.07930358766778886,-0.10239600828945784,0.2685495419575663,0.29477827947437774
-0.074867941750096,-0.11115498423379781,0.2703785117064697,0.169904369865237
-0.062184582063939016,-0.10196319307884112,0.19363984256946226,0.055283857764187164
-0.04131647569623075,-0.0761443794666923,0.053292854656219676,-0.015367221752186655
-0.010847254775669803,-0.03831397506577899,-0.11827358740814072,-0.02495278565533358
0.029597397012841534,0.0013158555199749608,-0.2803817880900947,0.022506829480888058
0.07719658774148636,0.026850529146851,-0.39517538281913434,0.10427252430023085
0.12540769448344377,0.02000528599909015,-0.4372448332604591,0.18708661903529
0.16556648674507546,-0.03363963088351236,-0.3990530761797594,0.2382416886928793
0.19007533565819354,-0.13749031544117982,-0.291009836532596,0.23580883960452548
0.1957851524137775,-0.2789302746356494,-0.13682376001658578,0.17481760598583662
0.18590954121659672,-0.42921908116560153,0.03387126774455347,0.06771770259080978
0.16929890751601903,-0.5495216200036586,0.1930858137024283,-0.06055672220520333
0.15699028320497935,-0.601967336181654,0.32008643985566065,-0.18086321698444408
0.15720045361104862,-0.5624217228979066,0.40391749015097,-0.26850211100428234
0.17080338122919844,-0.43047221984521755,0.44290755493442796,-0.30944574839360595
0.18940490819875924,-0.2325825959893876,0.4421605700287376,-0.3024512217704661
0.19728475059674083,-0.016443739643046507,0.41039184021749703,-0.256938577431775
0.17698566653025813,0.16241165271072805,0.3572474389083001,-0.18797682613267097
0.11675775795535978,0.25774474697036315,0.2916611505208051,-0.11056046920229469
0.01706127427268246,0.24783275162364843,0.2211863739607613,-0.03533561427109302
-0.10663622054321718,0.14339314863200975,0.15187209711106153,0.03286944394916837
-0.2263793383667685,-0.014920197922900096,0.08824405403989255,0.09358234191738117
-0.30926331831867504,-0.16907407056274132,0.033217037120427624,0.1473364800158728
-0.32772684187094125,-0.26235901772629205,-0.011918053414822601,0.1921616584916043
-0.269081440451707,-0.25805542220598005,-0.0471447321417238,0.22162564811711657
-0.14076313180318173,-0.15172340064650341,-0.07286003104689294,0.22545986878885563
0.030864054186742113,0.02714606940020543,-0.08870732782620014,0.1927468111675055
0.20807333707792075,0.22477064125387486,-0.09266631936328718,0.11660993951945418
0.3532865966208416,0.38077974311792234,-0.08108073287337064,-0.0013025856832066306
0.4405634760677368,0.4479844149985812,-0.05003587081588758,-0.14829448915976964
0.46297835430482526,0.40754070264327336,0.0021070081016274916,-0.3012514426321475
0.4332054391080335,0.2744839598733208,0.07190922592841052,-0.43064672064389803
0.3770967247166589,0.09198599443073616,0.14912042075893012,-0.5070802080215268
0.3226559503014853,-0.08342802490596979,0.21725300612470788,-0.5086800986530995
0.2885911904474216,-0.2004486022657256,0.2569996149967813,-0.42734604010638083
0.2768634149038995,-0.22897360043485823,0.2519056474848948,-0.2720323249501957
0.2722008700179053,-0.168292623091125,0.19459741636208325,-0.06799136561663467
0.24892208581212044,-0.045133777898262485,0.09125609558330856,0.14807616030342702
0.1825735656409566,0.09718151047218482,-0.03773377131966685,0.335953338828325
0.0619211766593586,0.2142663780896938,-0.16191061337305954,0.46107383980597655
-0.103484073974846,0.2753319125534176,-0.24891302219687933,0.5026779361476675
-0.283442131970568,0.2721089369033962,-0.27435939670656706,0.45886166145453805
-0.4354090964476452,0.21947147646694512,-0.23015611106972966,0.34710779102679135
-0.51834854613653,0.14824687604056072,-0.12817226351342037,0.19997020633734955
-0.5072919837530415,0.09333110797712539,0.0024002892016009585,0.05682189316432829
-0.40328891211865514,0.08154923395537086,0.12355698954200205,-0.04633330754759262
-0.23490115372942105,0.12334905732322834,0.20029078448995877,-0.08634555469813818
-0.05032591128126563,0.21066776574350246,0.2118066490913242,-0.0590907285967013
0.09743228178336179,0.32093156397298667,0.1582626165136714,0.01951963621222156
0.16739350490874974,0.42506473122242705,0.06058644244489896,0.11818735553908284
0.14370151664130715,0.49632443066801735,-0.046711096109434865,0.19942581917543195
0.0404990313917403,0.5170080081379611,-0.1273278694757884,0.2307920346787408
-0.10307473109141829,0.4813461707515468,-0.15549539613453287,0.19488349336347152
-0.23601155035156157,0.3945709392366316,-0.12453306796712844,0.09502672942423188
-0.3121778753020808,0.2695158689215583,-0.048649935463784356,-0.045245915712412745
-0.3050293527124306,0.12266154119153229,0.04257446673628122,-0.18898336583023634
-0.21550203745020594,-0.028825753109463087,0.11497336904473136,-0.2969326211507932
-0.07076814205247738,-0.16849932959171549,0.1419125808538233,-0.33957396258046924
0.08527604668847948,-0.2809789438939813,0.11339465335891416,-0.3062231377360579
0.20619667026310595,-0.352341659942082,0.038968170948047075,-0.20816476606484516
0.2569591215071162,-0.3715311584567406,-0.056413612408129137,-0.07465699520543574
0.2231487234877124,-0.3329900805669756,-0.1418440395708431,0.05699286123615259
0.11297902159692319,-0.2397167799263907,-0.19158729812763486,0.15402263879758923
-0.04773634719811682,-0.10524225666264601,-0.19374172542352144,0.19919210574200208
-0.22511401620057658,0.04697954389258955,-0.15337004508150368,0.19627110449240542
-0.3874842718234475,0.18748744552196353,-0.0892095143007734,0.16795796840095484
-0.512947027889497,0.28746000808108535,-0.025526523751005167,0.14674948358837844
-0.5922255346255707,0.32625902974127896,0.017544782209673378,0.1618181366299558
-0.6268845824434351,0.29737706091460975,0.03140550143386879,0.2265168131363518
-0.6247073531444338,0.21058594452246307,0.021398984968249428,0.3311233417541307
-0.5947855298188511,0.08928116740060502,0.0035489073840943705,0.44378632499302706
-0.544465412466863,-0.03630232668947228,-0.0027879121375772847,0.5198509577198893
-0.47900641204808087,-0.13781173112605338,0.0167848493023883,0.5167663640707251
-0.40329511231657295,-0.19650387207141676,0.06585723195405745,0.4096507193546687
-0.3239233449424151,-0.20739926883828966,0.13609511450354383,0.20210288109179222
-0.24983913794833595,-0.17861457503273487,0.21112415455079117,-0.07176543864742434
-0.19063154766319884,-0.1264269440477094,0.27361955380917435,-0.35526315660045193
-0.15289201194027652,-0.06819211714990166,0.3125144037324844,-0.5848547786857307
-0.13633608596334593,-0.015955826888877252,0.3272445395630109,-0.7088212201613682
-0.13185134373066518,0.02681349200169184,0.32723598416823657,-0.7028520735688647
-0.1230705523199335,0.06430882149643663,0.326875574498037,-0.577465921512092
-0.0916336405905129,0.10398413358079535,0.33814517774078917,-0.3747805323009057
-0.02458483929245894,0.15080385601703972,0.36414085509078775,-0.15563355798324624
0.07889209574545254,0.20280282117584014,0.3963998821787035,0.018795726702716276
0.20436502449285593,0.25002258331517635,0.4174246238664515,0.10496336487915288
0.3245453791999347,0.27742480431758193,0.4076332450642836,0.08887152279456131
0.4070496469800026,0.27065734376239314,0.35405747373829394,-0.01163543957023224
0.4252291170479376,0.2222843483157483,0.25723502573283674,-0.15449360870521162
0.36830569058075974,0.13582133959540046,0.13329168474266287,-0.2880212253538325
0.24694364562663598,0.02576380497242598,0.00999396586184814,-0.36742197622916967
0.09177424408464649,-0.08657769911889157,-0.08210316037073705,-0.36777301019325986
-0.05517006830136644,-0.17989015460580726,-0.12030393743301944,-0.28958614321921267
-0.1535400789325935,-0.23965436819763639,-0.09826988297742115,-0.1557811960865265
-0.17789824701766607,-0.2622342690828372,-0.029089842969155746,-0.0018920746830131871
-0.1264436045271928,-0.25466289551213317,0.058417013760415276,0.13651537598057395
-0.02200499149041643,-0.2303060509436737,0.1290186861402846,0.2346162769611522
0.09528380307969644,-0.20231312421800057,0.15277362640528355,0.2837484329286786
0.18128846145265978,-0.17771727770216783,0.11499021557426477,0.29019530825776785
0.20267379448571604,-0.15480418649241975,0.020950665909365035,0.26860797713171514
0.14813718046060262,-0.1249986912996634,-0.10616864333708023,0.23325944639475643
0.03222620831400606,-0.07856389384259842,-0.2332740551426715,0.19091342213511225
-0.10954005182374607,-0.011670689731697374,-0.3282346443894879,0.13819602001876238
-0.23252362147901498,0.06838194029575566,-0.3697462592977491,0.06438806176652474
-0.29770541761235003,0.1424637125567934,-0.3528168600123774,-0.04169846830063823
-0.2843159683312487,0.18437689674888755,-0.2882933958167246,-0.1837605015526009
-0.19620885321927178,0.16980240586436396,-0.1971407747919578,-0.3524133359045406
-0.06006689804660154,0.08627867801346112,-0.1020853159921092,-0.5245163043572953
0.0836636901996135,-0.059655364312573476,-0.020028615447941697,-0.6680683568338821
0.19384494300542912,-0.24124812476676136,0.04194282531000062,-0.7511811269493573
0.24131795785084162,-0.4173138914786661,0.08579822741122868,-0.7520505319518204
0.21717473735338114,-0.5435040796608279,0.11795199455144914,-0.666406560671642
0.13434185481532532,-0.5854590843495725,0.1432884547746067,-0.5097716383622761
0.022509610245364266,-0.5293824901751973,0.1607899873532593,-0.3136674724758866
-0.08146819432624583,-0.3863576161232918,0.16293056253802443,-0.11700256193807762
-0.1444033168545914,-0.1888715465100961,0.13925129262110164,0.044511434732424714
-0.14556128893945464,0.019257601786067925,0.08258522431038072,0.14748778065785545
-0.08120630807989267,0.19604977582002414,-0.004930291027376685,0.18573591758309702
0.03571151404574068,0.3131051271946333,-0.10904480061597989,0.16963159426095098
0.1798574155403002,0.36202748850840205,-0.20561521609679642,0.12063773657168464
0.32003730154895454,0.3536713708496324,-0.26765507620491713,0.06318107481118888
0.4260500026037054,0.3110120495925662,-0.2749247267634603,0.016778635058842018
0.4744442700360335,0.25871445709236723,-0.22247821306209464,-0.009048068738836597
0.4524760920295893,0.21352654649319117,-0.12464438308231454,-0.01573233261612183
0.36014475461962725,0.17908228885290708,-0.012388958073291965,-0.01271001570593179
0.21042234012235836,0.14681755071824115,0.07562071102294368,-0.012101911772247351
0.027717401496969413,0.10223559794082969,0.10551943081375242,-0.023233930403472224
-0.1555347126673995,0.033672464166215964,0.060067512717920844,-0.049008692632062846
-0.3041996537303648,-0.06019756132146019,-0.05447427079698742,-0.08525229390702944
-0.38730249054617655,-0.16728565726401054,-0.20913414134671288,-0.12295490830341257
-0.38531006460676204,-0.2647847452932055,-0.36079014066023884,-0.15226665805201647
-0.2960403036140104,-0.32665890869126757,-0.46586116942394556,-0.16656680509040944
-0.13715508040246815,-0.33304300986397894,-0.49459080404251504,-0.1650405895437453
0.05629958788285541,-0.27791837503900596,-0.4410440937407597,-0.15286868898224734
0.23955876254808198,-0.17210059692050075,-0.32530367438986674,-0.139067176970083
0.3695373545571437,-0.04037776834182062,-0.18697229503664675,-0.13285729511962985
0.4169310071650814,0.08614981350888762,-0.07206045868578624,-0.13991209946195043
0.37524895879190334,0.17971615974608518,-0.017626473098771387,-0.1598009887708359
0.2635227102157676,0.22406269958896816,-0.03934305733408544,-0.1854952325295953
0.1211964647268918,0.21835542956485984,-0.1262060183979727,-0.2051037761626964
-0.0037795645266042025,0.1757549837582717,-0.24420401848265313,-0.2053208131830654
-0.07020890323620306,0.11756233033852627,-0.3477546762304471,-0.17558514227864339
-0.057386254631247406,0.06540987304803436,-0.3951067555405828,-0.11177987693608074
0.02739150726746595,0.034476081420289593,-0.3625875903532302,-0.018438719624882347
0.1504064717552314,0.030034339655442065,-0.2529707072693213,0.09120364915664704
0.2620987801434542,0.048138310268263644,-0.09519934365572257,0.19747933477229232
0.3134592256937621,0.07954988208346254,0.0644444512266969,0.2785056021886246
0.27292283790742,0.11482641136216461,0.17684375071063885,0.3155089542204033
0.13808077274025266,0.14825342409393782,0.20552790834783696,0.2980587942490326
-0.0618895679395756,0.17907062508236274,0.13817134207877052,0.22786710661431908
-0.27413845791622193,0.20980981497290063,-0.009509371175162398,0.11994505672387612
-0.43799928296019663,0.24291835185177904,-0.19860331577870788,0.00037413212161732873
-0.5036897272775963,0.27758629020707354,-0.37895092444747835,-0.09927408948722348
-0.4477816708054072,0.30851781985796867,-0.5043347042187607,-0.1498823278156204
-0.2804369077327569,0.32738907844023424,-0.5461262229035612,-0.13322454304886847
-0.04215829956006673,0.3263798133271803,-0.5011957009747562,-0.04851385873455744
0.20872348624044795,0.30208026041017755,-0.3917861912949413,0.08519024865520029
0.4136158035090576,0.2577674912772943,-0.25761822222587094,0.2320894193213125
0.5305638648056386,0.20268737598973796,-0.14290136589565142,0.3481514083057419
0.5452090161720783,0.1483165040763737,-0.08243857396427919,0.3931766028592176
0.4726978641119762,0.10303659458392997,-0.09117299623090665,0.3431888512814156
0.3505170486022309,0.067573860326524,-0.16033226809477957,0.19936274925611563
0.22513806408046963,0.03348181811763703,-0.26118047296097074,-0.009680524438921714
0.13712489508505904,-0.01416725879778324,-0.35498478436535513,-0.23363169007675744
0.10946824746769783,-0.09046439194923399,-0.40589588873776883,-0.4133077133489687
0.1424535737913877,-0.20297642644029398,-0.392610616012968,-0.4971697582558876
0.21596837385065684,-0.3458238141199659,-0.31516629413645875,-0.45671281367653654
0.2977027495381485,-0.49830071515182445,-0.19483084948051207,-0.2958761967083508
0.3540249041336092,-0.6292679904892603,-0.06727192207860101,-0.05120046811733563
0.35989462247472787,-0.706354477965142,0.028696956923385718,0.21778000874381392
0.3049982654285886,-0.7069977423788634,0.06315042535209954,0.44531942372489525
0.19490229458015276,-0.6273569860163455,0.024061463041604395,0.578417809471895
0.047761917736952986,-0.48559904373916607,-0.07946297722703553,0.5920833119746438
-0.11162955964853113,-0.31790003867133715,-0.22056087037987518,0.49606490557120536
-0.2582514588841503,-0.16808486097069142,-0.36331118902697956,0.33088582630174007
-0.371930375472878,-0.07419386354938483,-0.4737839480440609,0.1544521590847208
-0.44018130482029844,-0.056515002143470425,-0.5298241222599477,0.023585941548396043
-0.4588618801637861,-0.11124118757029561,-0.5265005574720726,-0.023515428421449103
-0.43129933963410527,-0.2120030098922752,-0.47570475008213614,0.021754419478224186
-0.36667471500793053,-0.3187653959214374,-0.40039899993815004,0.13740995282880547
-0.27818064681801585,-0.3909770211581917,-0.32579484539207615,0.27983901073279194
-0.18107241461620793,-0.4003897002665213,-0.2706824725317366,0.3993823466969747
-0.09048830044229544,-0.33917042073734727,-0.24191872255088395,0.4570256206908822
-0.018979981354745365,-0.22072904578555227,-0.23381156817168067,0.4364962269037401
0.025978661838351222,-0.0733943203333015,-0.23228374904436583,0.3478466804062933
0.043858763392957315,0.07033907949534388,-0.22193729291321052,0.22173055862493496
0.04151412385019953,0.1847763450920018,-0.19311757659065443,0.09690196035328605
0.031617102149769295,0.2581376719717907,-0.14616285290442327,0.0057975837255917415
0.029131834146547457,0.29346711924611985,-0.09118418559973922,-0.03643369920789945
0.046635164182271815,0.30354851735233734,-0.043511375804483346,-0.03555899382863824
0.08989498761955814,0.30244579349600953,-0.016680341420247616,-0.013526321616957819
0.15524522772982421,0.29756932028808014,-0.015855278268264432,0.0024612465840155376
0.22983469730815909,0.28582719658271205,-0.03446957077366124,-0.007429291987758563
0.294897887188375,0.25559421381749864,-0.05565370921521549,-0.046412799177331474
0.3311328044607676,0.19366335765701947,-0.05814514683848652,-0.09893385234678376
0.32448605446517426,0.09408543283247446,-0.02455883772651597,-0.13655072859807169
0.27045741268134516,-0.03520474505003017,0.05114952964511882,-0.12964987655791807
0.17553428181463537,-0.1713752975969867,0.1600381266326516,-0.06046515082543167
0.05536693190019423,-0.28250972697681964,0.2800194924819991,0.06773324041460513
-0.06958655768095308,-0.3386166806841029,0.38280716237462614,0.22906886246486732
-0.1794095726959,-0.3238426173782529,0.4436038455510036,0.38208424895879356
-0.25933330310343133,-0.24498577372867772,0.45001415197196704,0.48310060162127805
-0.3023100394573581,-0.13241032125501587,0.40681731661630277,0.5012004422297234
-0.3091357364219568,-0.03208519033672048,0.3346769264391524,0.4293820093504688
-0.2866164289850892,0.009207363516255182,0.26308280473617124,0.28770249504200424
-0.24484786892996602,-0.03932594893840614,0.21998915223447818,0.11705833441258649
-0.1947104338870505,-0.17963666234005346,0.221903452152198,-0.034380188364032
-0.1462252317525201,-0.38088552910049156,0.26807920188193957,-0.12738407663743495
-0.10775078406305343,-0.5864704756176311,0.34098068079236515,-0.1448269388689668
-0.08548960825882758,-0.730327901508526,0.41285910182186036,-0.0971262441486017
-0.08269667549396541,-0.7574713907735189,0.45598109550624977,-0.018012064329154465
-0.09838348445671635,-0.6420588294296934,0.4526620901590544,0.047913184600070866
-0.1259763351441609,-0.39690543632168346,0.4013241694170971,0.06146598131994178
-0.1529311943225997,-0.07110967039575863,0.3163145418880838,0.0033216489922592947
-0.16236174333665465,0.2636075346797842,0.22162166806103906,-0.1184280918443498
-0.1371405243826164,0.5334996012126594,0.14099531872852702,-0.27020325153159747
-0.06584123585046708,0.6837145831769498,0.08839587620498891,-0.40364741930134207
0.05125560972109471,0.6929265609739185,0.06260182508895172,-0.47141339551863387
0.19851577476174315,0.5772980190575199,0.04820589193401721,-0.44264736277510447
0.3458043897314044,0.38304140722654795,0.022726309750380896,-0.31302094751829385
0.4546988025561235,0.17061437668524126,-0.032890963800423056,-0.10614289803091746
0.48899751400672875,-0.0038403505611427475,-0.12454462447328275,0.133822501290831
0.4265928220414895,-0.10366221212644576,-0.24003946731342612,0.35556858376299455
0.2687399641345302,-0.11889910286283982,-0.3512288592697617,0.5154668851212495
0.043096196129029034,-0.06411643272848505,-0.42286317674767476,0.5889742321115404
-0.20133082452454584,0.031309956721485205,-0.4251588196264912,0.57525740076527
-0.40651160758995974,0.13605882540911218,-0.34554599812150205,0.4941730142095589
-0.5215352138010767,0.22782884017711147,-0.19516348607464473,0.37736786425275115
-0.5174787214128387,0.2985605022846147,-0.007435761520982797,0.2570883539798746
-0.3960340550716354,0.3526405649213189,0.17113996258405617,0.15671984534577402
-0.18883996296903455,0.39970066242120716,0.2950725901568023,0.08605909764925912
0.05241460876061383,0.4457083948883647,0.3341217725414381,0.04231873433521556
0.2718362998539016,0.48656538048063486,0.2829003293170999,0.0156612453895818
0.42573138189785814,0.5072268069223916,0.1626167462101994,-0.0035249293720144782
0.4939950601877965,0.48695752326234715,0.014437593470646057,-0.018820509686309526
0.482779918105467,0.4087073449769179,-0.11322808936010698,-0.025831868236137163
0.4179891383907486,0.26876181810997246,-0.17927597646512738,-0.014799279732142009
0.33255862176050405,0.08251830129252907,-0.1616237850944114,0.023453278610116632
0.25276298335665204,-0.11642615428577704,-0.06262457567188051,0.09081803588791364
0.18900622247824064,-0.2842155927868653,0.09301767725655509,0.1774037196184709
0.13462493008474752,-0.3793721894178159,0.26652425775760535,0.26141210128091863
0.0728789346153277,-0.37593308408496756,0.4163786155234085,0.31395891563034495
-0.011145554347548478,-0.27253701639571193,0.5090208093528544,0.3075583932848765
-0.11914457256904072,-0.09420418108086946,0.5259433925273934,0.22556371121881794
-0.2340758792176334,0.11397862744111632,0.465867648046367,0.06935170810336697
-0.32354199794077526,0.29930801028230736,0.34248094412692354,-0.13936774554057296
-0.35139294521305603,0.416047241292372,0.17948371083712167,-0.36225038514678926
-0.2932306236877441,0.4375139004306996,0.005027941799809383,-0.5532686750742285
-0.1494497693963459,0.36201512274362546,-0.15293325300214036,-0.6704832593848983
0.05007865522308962,0.21115140933582846,-0.2699021290917076,-0.6872674084699402
0.2526300576751162,0.021583217674397068,-0.32713986703725473,-0.5997070208677571
0.3991289150759672,-0.1665939822463089,-0.3137973714590909,-0.4279746658702548
0.44498052290258344,-0.32087887907258433,-0.229268437853896,-0.21120351278891705
0.37747564886022295,-0.42339796837357624,-0.08530518836709351,0.002751084881258628
0.22272666248500644,-0.4722542679018685,0.09336638835483638,0.1698187340896466
0.03862821422219551,-0.47764196652095664,0.2714027948297847,0.26100645964794217
-0.10452436789430417,-0.4549443483165825,0.40897695611248797,0.26934038443559766
-0.1492866198558292,-0.4178134930670707,0.47108925172273974,0.21054963662758797
-0.07306434061392245,-0.37382268580474354,0.43784525796862406,0.11735123761888325
0.10158401793237297,-0.3239422202976362,0.31240452197771135,0.029008518482350712
0.3128682152376006,-0.26540688323920275,0.12335145639354197,-0.020805258235813112
0.48060433221545734,-0.19619825332323867,-0.08038327142734888,-0.014287408207135872
0.5350315068092646,-0.11885856414932568,-0.24156041879617476,0.045134041434254896
0.4433614117752029,-0.04182463108195321,-0.31059484191152575,0.13404020887894125
0.2241669673507824,0.02233671314686173,-0.26065687760301826,0.21661900979123902
-0.05625786698653673,0.061026549098493914,-0.0969262163633197,0.2564527368789228
-0.30509160844127103,0.06628444842530096,0.14341116174138402,0.22896469278174914
-0.43485120921370873,0.03805593663498979,0.4009212422313376,0.13063321458504285
-0.3949276521199844,-0.015298108011266786,0.6106695341847801,-0.01810523179284095
-0.19151713713638363,-0.0794397351680381,0.7207472482572651,-0.1775269324355082
0.11155043119773847,-0.13842620380036486,0.7066624241827567,-0.29980757967557864
0.41203285587395816,-0.17926752987394845,0.5770307306198905,-0.3435346617165862
0.602465154480788,-0.19494920110275019,0.3689576102998187,-0.2871053883345531
0.6062284386746605,-0.184957503579688,0.13501996613903314,-0.1366663176266007
0.4042237307103228,-0.15348554851283605,-0.07344006381938407,0.07424243140952153
0.04295780356449341,-0.1065139188904407,-0.22092163531539777,0.29365328520307665
-0.37887204645356615,-0.049397735467979834,-0.2955132476552356,0.4662867727108142
-0.7409267703178142,0.013751226492534307,-0.30774203122495586,0.5502295606269552
-0.9387942444318559,0.07858353609252555,-0.2818448232190602,0.5298608786241253
-0.9162214970192528,0.13782322928656948,-0.243504950438946,0.42071256966641896
-0.6816287428358659,0.17911858965556282,-0.2091644452218608,0.2644356676371108
-0.3039470274432821,0.18526447549553157,-0.18106190317492638,0.1152612307550982
0.11025075027034648,0.13781441933035235,-0.14958522947910996,0.02222984435832287
0.45032713776944017,0.023645964862611404,-0.10141198422295959,0.013021862015133997
0.6347440019045739,-0.15749318832187978,-0.02949247033162168,0.08485503052787986
0.6333946697767444,-0.387393741749874,0.0598201491490573,0.2056709525504196
0.4727806739534479,-0.6285866395740174,0.14597452902622765,0.32540568142267756
0.22362171842301498,-0.8299105419004281,0.2005544345769464,0.39367331831480445
-0.023882434318271202,-0.9379258743775497,0.19845866323148054,0.37788577535935103
-0.18843358910463318,-0.9114406819148477,0.12943402461991083,0.27552696630460344
-0.2206050328710846,-0.7348903815923015,0.005040076161113497,0.11616377705498193
-0.11396724898208953,-0.4261159562274276,-0.14230188264328503,-0.04777822891928126
0.09763248622839978,-0.03541355259666638,-0.2685261969220541,-0.1585793617127445
0.3540732165118015,0.36475137723538364,-0.33249211329683465,-0.17328574879697978
0.5885261630403412,0.6970404204637074,-0.3107389316067088,-0.07943453495902598
0.745995871579659,0.8988520238398465,-0.2069299461531464,0.09902861246250416
0.795645719825836,0.9385646342750243,-0.052249845388375384,0.3078519147499376
0.7345608681310969,0.823530265956454,0.10376025043978462,0.47876085907640054
0.5836799459354012,0.5973168833104392,0.20897061145776008,0.5506423732880806
0.378828501736808,0.3269301106940744,0.2256498401055142,0.4887109269636974
0.1605068744538973,0.08379584191912319,0.1428235814845286,0.2954611493938542
-0.03461906192170846,-0.07583102556467458,-0.02018032509906247,0.010024302924749848
-0.17910417882993937,-0.12525936862501158,-0.2200352259671178,-0.3035570628023327
-0.2571044741492189,-0.07248049989761098,-0.4031514806799006,-0.5750128795785304
-0.2647588433092357,0.045123856046909085,-0.5219539066342236,-0.7472860128991233
-0.20958934822053676,0.17439849864658835,-0.5481896116307226,-0.7906482661620027
-0.10930386674935844,0.2637991364659728,-0.47914249230950706,-0.7075939840140147
0.01035256112645055,0.27903232328712263,-0.3354165472047705,-0.5279870699949307
0.11934956277973416,0.2122555261637203,-0.1520198068618326,-0.2972337329021378
0.18896987082440453,0.08240157201901002,0.033337744473127456,-0.0622892244088221
0.1985295462004919,-0.07288783430979631,0.19029700253579143,0.139577873384084
0.14146109703203663,-0.2106177197176443,0.30104055369056143,0.286051433182052
0.028503362824283163,-0.296492382436798,0.359766957949906,0.36860231824265666
-0.11380726860791414,-0.3151293381631204,0.3680564659998261,0.3870694236887827
-0.2497549438242864,-0.27340280228867014,0.32928031388637463,0.34363753809020936
-0.34470339109486353,-0.19627422575509068,0.24523506204111709,0.2396271226882186
-0.3759131599071874,-0.11692718416532431,0.11676023751787402,0.07674635343705204
-0.34021160824315316,-0.06476272752469682,-0.05209930871010155,-0.13802477934691643
-0.2555624099843542,-0.0553150716292238,-0.24879626608602406,-0.38683573359000256
-0.15555268565896652,-0.08532679607658715,-0.4491110940787963,-0.6383190667851805
-0.07833492380150532,-0.1344133148462135,-0.6186954851551548,-0.85059181730443
-0.053682559428590855,-0.17257404814601923,-0.7199608960450521,-0.9802544682209302
-0.09269245495771997,-0.17097108034316852,-0.7225233203717796,-0.9949698296694325
-0.1838879137432351,-0.11244401066862444,-0.6135652561609943,-0.8851924000246616
-0.2972625524765073,0.0015960305938710298,-0.40402675100447566,-0.6702847887108304
-0.39494452622450293,0.1500639563721187,-0.12776118224704794,-0.395875551010502
-0.44471552418022914,0.2972693867508859,0.16672644236942766,-0.1223663765194548
-0.4315233357992034,0.40269494733165606,0.429548143687681,0.09214609535680444
-0.3628192453849952,0.4326627868119876,0.6233018105709093,0.2089264298804364
-0.2657966842007522,0.37054781339223514,0.7327546318153201,0.21968490667300528
-0.17757698005647557,0.22262005793383666,0.7669918353789243,0.1476413484695835
-0.1319719433829188,0.017811109243181085,0.7534157724401935,0.03803571277054077
-0.14768316590522773,-0.1986508973287661,0.7259747887242847,-0.0585994195953736
-0.22221724960387046,-0.3761500046381623,0.7121014145416259,-0.104373718241967
-0.3336321726617823,-0.4713307147852039,0.7232293482766986,-0.08664297147173315
-0.44930490811770385,-0.45919275912615515,0.7522858032698612,-0.02069967913032228
-0.5383249310281364,-0.3396961298329549,0.7787945555882356,0.058301910831472716
-0.5828321110607411,-0.13805763301715804,0.7792540797425379,0.11092984854290103
-0.584089323764747,0.10146956124199401,0.7384342367050931,0.11040139722437417
-0.5611035293203186,0.3268326130373224,0.6569491706587917,0.05412758297746356
-0.5424038005649843,0.4915569588808316,0.5520153847769378,-0.03479202826671335
-0.5541024934489104,0.5667251963731784,0.4510721573135356,-0.11686342702751552
-0.6086885372138063,0.5482761056530985,0.38082934879228103,-0.15271615129490107
-0.6986793994506653,0.45751407447447834,0.3561736877225431,-0.12028064153766559
-0.797458192255876,0.33453824336646976,0.3734717504806615,-0.025581106030518403
-0.8670434786141143,0.2262990289191875,0.4111119243445276,0.09759489127785426
-0.8701312657340863,0.17260479269538656,0.4372926504688138,0.19961688819350762
-0.7823522888107407,0.1941325435934168,0.4221997905483499,0.23436198814000414
-0.6007358501453376,0.2860631336899722,0.3499417022873454,0.17865700932977518
-0.3457591970287414,0.4194134356951345,0.2256195314294252,0.04404382547049107
-0.05652318620219895,0.5498746137073981,0.07470162263902139,-0.12430649508050456
0.2192547039900566,0.6316426657596326,-0.06524428669939294,-0.2619730969878473
0.4373053286281454,0.6320706167171756,-0.15753428972294456,-0.30827417112838107
0.5674727811154651,0.5425472020488201,-0.17936932392479074,-0.22961710851202202
0.6002535128181529,0.3820226556109627,-0.1301458087012165,-0.03438675819202715
0.5478985346567486,0.19181177785724027,-0.032098261151113874,0.22670324866364427
0.4403223911789446,0.02305516696915171,0.07690782696371196,0.4757171071345059
0.31727727419723867,-0.07935791368980842,0.1558130890129681,0.6332794489878607
0.2188657154152393,-0.0913161989614213,0.1736362887382877,0.6461200865036465
0.17648407865538795,-0.017699676917704982,0.11905123528360606,0.506496583260193
0.20590295822362578,0.10858534665293304,0.0032240198841929674,0.25625205006569346
0.3036399108429303,0.23670878930612266,-0.1446488184790086,-0.026364457037226924
0.44722602264358124,0.3141288339115094,-0.2871345962898031,-0.2528055229009967
0.5994386740832521,0.3038034617620483,-0.39007557747407995,-0.3542121638560312
0.7160030161961415,0.19683372529048984,-0.4319605229783918,-0.30469617972266655
0.7555989290935693,0.016333768147188676,-0.4084359486996257,-0.12961315269357693
0.6903074767735478,-0.1889031011214717,-0.3312032515112349,0.10416999077118776
0.5141017543594697,-0.3590795472565196,-0.22253589527220785,0.31257213478437545
0.2469319200535665,-0.441819933077368,-0.10791966008333355,0.42448481236468244
-0.06738083231550648,-0.4085062324076516,-0.009482414383479635,0.40704744378048335
-0.36981145437479374,-0.26333969566815846,0.05797168820244365,0.27697151991818575
-0.5998458865525548,-0.042296513218528266,0.08788820738135895,0.09389042665027326
-0.7109388480883624,0.19758544260825603,0.08067399539728788,-0.06183409491319983
-0.6833790985094473,0.39505642124806667,0.041642051404422314,-0.1188587712069165
-0.5304749713323101,0.5022151219300061,-0.020558497458809527,-0.04150279230551473
-0.29562797285300313,0.497277126263354,-0.09457681046535742,0.1562029607997598
-0.04054232829698407,0.3887841954837474,-0.16653410166582408,0.41401419106870263
0.17229505690770436,0.2104135830822968,-0.2207491746564898,0.6452243045852446
0.2976345670359839,0.00864863664480472,-0.24187900272543594,0.7656757872742901
0.3202678698087181,-0.17220553586234638,-0.21855733885203135,0.7219117183210088
0.258331964542906,-0.30256418603885443,-0.14758748264267763,0.5088472770391008
0.15581739057123156,-0.37371739585591973,-0.03700701007523678,0.17120038197541287
0.06657556400975899,-0.39610718062782996,0.09367446640779674,-0.2113247280017028
0.035079998692577524,-0.39109306221293805,0.21694066287133107,-0.5495544220300976
0.08044819940640305,-0.3798075391589371,0.30392430810742715,-0.7721187092384697
0.18926058512096716,-0.37354596483831104,0.33235040328906196,-0.8454001767099771
0.31978313357699273,-0.3693296526223956,0.2930936179560475,-0.7800973677007748
0.4162889010019716,-0.35216714262226434,0.19292558803218565,-0.6232811487614345
0.42864038521482284,-0.3029200597284184,0.05228540558831504,-0.43982345684362095
0.33039892093558176,-0.20852608515842577,-0.10127400149540182,-0.2903601449468004
0.12916654165222793,-0.07042518213971596,-0.2416457389378702,-0.21346201274842527
-0.13448787653866479,0.09230649539503262,-0.351601780810609,-0.2174534730657226
-0.3992317544081526,0.24664398989672878,-0.4263779712585101,-0.28336326525224675
-0.602176845032409,0.3551058378969086,-0.47221490590400234,-0.37640354211672333
-0.6985791320655419,0.38784400843500666,-0.5007087597974811,-0.4606702350054401
-0.6754103026543937,0.33308543220238845,-0.5215690792838485,-0.5113176828083299
-0.5543683473161825,0.20216812285121089,-0.5370734855420751,-0.5202312088443953
-0.38357531591655586,0.027254596060419935,-0.5408158024338839,-0.49430131255051735
-0.22106433305325948,-0.14766518882994228,-0.5214949440380902,-0.44845179305304095
-0.11583350688406135,-0.27955234872248236,-0.4702164691630988,-0.3973709934739734
-0.09284273708357764,-0.33866470014566014,-0.38802646733279,-0.34982199410034076
-0.14671606624759714,-0.3164448377734174,-0.2899538171010824,-0.3076629243251648
-0.2457406419625456,-0.22650600256879047,-0.2029876907888947,-0.26918191757367255
-0.34420157292243153,-0.0986657416674554,-0.15780137448445608,-0.23421679852186914
-0.39841729708273926,0.031667578339061066,-0.1767528028206378,-0.20773719383437364
-0.3809230908271558,0.13495972852986457,-0.2626455745521034,-0.19944143371100984
-0.2882968716228149,0.19594794182309924,-0.3930516707757841,-0.21903481652348064
-0.14062634768369323,0.21630303695112363,-0.5234039079134916,-0.26922339683807966
0.026409628858955633,0.21103475035958164,-0.5990284974840461,-0.3399652749319182
0.1735120409731465,0.20037113830386336,-0.5728731510947802,-0.40741644639871716
0.269477533685306,0.20039400560684076,-0.4231798438437353,-0.439235741690944
0.29896918682084156,0.21602400940641114,-0.16477321553652025,-0.40516141325455196
0.2644693552492578,0.23894118801611336,0.15066434696798725,-0.289200433129645
0.18276676724135232,0.25109743310898075,0.4464646384013149,-0.09853230956968397
0.07810607730989261,0.23235169578806716,0.6420054228972311,0.13502700348681104
-0.025136758828883814,0.16922045611856043,0.6766156563752399,0.3625797837271613
-0.10782181158179308,0.06134284500773056,0.5287910453826582,0.5328219260203337
-0.15828263284448044,-0.0768572484324948,0.22441357171694434,0.6089293074899035
-0.17172460848505694,-0.22001023368769732,-0.16891852321781176,0.5814589264159274
-0.1481181922781048,-0.3397655675410426,-0.5599157876955321,0.472143639901472
-0.09017372400490947,-0.4139525942615148,-0.8585021684788182,0.3266185819407561
-0.002459224650775516,-0.43355343432718474,-1.0,0.19823668865721977
0.10822855162427687,-0.40492191041639447,-0.9613796467171226,0.12864720576914604
0.23199922698606887,-0.34647282903424415,-0.7650648143829024,0.13232167354108906
0.35563409480010144,-0.2811628646652579,-0.469839900883573,0.19103280387467986
0.463811271016945,-0.22769926340779545,-0.15240733850590435,0.2607554001395571
0.541838564032508,-0.19392508539901646,0.11423451826894858,0.28882440722011143
0.579075886210442,-0.17502101656405103,0.278967072838698,0.2351860692318925
0.5717181106461051,-0.15730730871478785,0.32236844426883704,0.08976815679309519
0.5237218654932952,-0.12620183288824013,0.2563994913721237,-0.12085370625008472
0.4453679735802213,-0.07513174228509682,0.1155732063951224,-0.3405354156142356
0.34994264086433563,-0.011603386583731334,-0.0563166777336374,-0.5023612754340332
0.2498404430804628,0.04250372734849114,-0.21904244013186802,-0.5526421855608422
0.1536524345405625,0.05728200910682726,-0.3444692696689301,-0.4713986140732702
0.06536245110747597,0.006072238517469803,-0.41904771949478403,-0.2815917481941305
-0.014188127434192913,-0.12216937460575196,-0.44101596054936437,-0.043250147721517654
-0.08446726665085486,-0.3141185645977365,-0.41485505190843786,0.16593995114303042
-0.14262247066561215,-0.5308297616556514,-0.3460858230351612,0.2770239860987512
-0.18257973913565026,-0.7155368753103799,-0.2387315039233611,0.25388354024435505
-0.19661690014473668,-0.808955758101327,-0.09615110594490485,0.10640311144680054
-0.178961521666295,-0.7677121483114341,0.0757786550479435,-0.11218996328862861
-0.1298776991176464,-0.5800031657579913,0.2652679189425629,-0.3231133783732867
-0.05823741866824856,-0.2730162524160353,0.4532221717323847,-0.44884438782582686
0.019015137045009827,0.09104316886452486,0.6151562162424329,-0.4396044742196021
0.08091400101898479,0.42991419311622014,0.726236336512813,-0.29024010391580196
0.10894604756344521,0.6632089158585112,0.7678693916190634,-0.04162793320769271
0.09367287557293871,0.7348161114311855,0.7335013657261443,0.233768304606433
0.03888339230950051,0.6288652030138305,0.6314637397374621,0.4569502458474996
-0.03862108775565994,0.3741757852576526,0.4837149863599665,0.5691030671356492
-0.11395088498229057,0.03567893054956163,0.3207475900925535,0.5505596181699192
-0.16228939936658104,-0.30456839186763546,0.1742144450462778,0.42548880156124697
-0.16746932186912608,-0.5708179368269812,0.06950846589295966,0.25098355725189714
-0.1278201733831813,-0.7141498883491235,0.020404285266692652,0.0948238944607713
-0.057030485280283254,-0.7237333011787483,0.02705712308976367,0.010172190500217691
0.02043739788453609,-0.6256033725675548,0.07751050103576294,0.016408951446353848
0.07781141473158086,-0.46990595303934574,0.1518302954534371,0.09293815716932072
0.09530375737280554,-0.3113707865546412,0.227397695805121,0.18798973975359293
0.06684329011022973,-0.18992279376287297,0.28387964997851967,0.23899109926264814
0.0018026277451739512,-0.11809566261648251,0.30683862554953356,0.19694609326435655
-0.07883883540100864,-0.07937360963368592,0.28957707775834807,0.045914859828496524
-0.1503565225206076,-0.03765367038563146,0.23335203077060643,-0.18943335593923388
-0.1931295307574168,0.04592333904455488,0.14636643876636068,-0.45085272979702207
-0.1991225294277762,0.1950962346859934,0.04193998491813136,-0.665551513299329
-0.17362846082898023,0.4061884245215662,-0.0638819279488898,-0.7704077808189713
-0.13178788415515091,0.6459707650818829,-0.1551225380326756,-0.732839890329408
-0.09144775914133584,0.8606003004759764,-0.21884861655148838,-0.5611479528826813
-0.065323713177261,0.9925997261972936,-0.24788681188053446,-0.30099874550782074
-0.05564262984137021,1.0,-0.24261730831361233,-0.019654762249241967
-0.05339908851981154,0.8710305905239208,-0.21114321709459777,0.21623258674498708
-0.04248942372772714,0.6293373276573327,-0.16742109143220718,0.36141205481088007
-0.0070413119250541945,0.3280274672468917,-0.12753421226443942,0.40435486591838543
0.060996961750166466,0.03467041148693832,-0.10500592496285163,0.36732295449411606
0.15702500744464204,-0.1876490844832511,-0.10658520639628226,0.2948694400821667
0.2636374281722196,-0.297042729044161,-0.13000934999962716,0.23550684650313483
0.35525556947552844,-0.28221889367733277,-0.16473414143275597,0.2234750872125785
0.4058480634790245,-0.16229208449353755,-0.1956341912696459,0.2671692317614721
0.39695683218241923,0.02188786395104821,-0.20855189632904353,0.3480754306256312
0.323263401582865,0.22106389126512507,-0.19575415166576024,0.4300714179579149
0.1939880433861165,0.3906515260996189,-0.15921030872852857,0.4751575160254708
0.030032347515670087,0.49949506567477464,-0.11026525035083995,0.4594540587190588
-0.1417241003977992,0.5324942234148975,-0.06556419692680505,0.3833854175723624
-0.29476832591042007,0.4879858491471435,-0.04053767496908805,0.27226842815463315
-0.40790276831762295,0.37273894149151193,-0.042815073080726365,0.16714263258850784
-0.46771936429100136,0.1978876788758215,-0.06815367467635017,0.10928339234143288
-0.4687650708324429,-0.022033726508146202,-0.10069759733260104,0.12413275504245595
-0.4124970260162918,-0.26698391705211943,-0.11784885104156842,0.21057549016512692
-0.3063238968152878,-0.5084330440407202,-0.09828491250749422,0.33955436277178125
-0.16344539925196136,-0.708781054636681,-0.030354784759851393,0.4626866594481172
-0.0031791780074700254,-0.8258229993989706,0.08224640835823147,0.5280132273678726
0.14941813406608626,-0.8227181841335445,0.21980766289265788,0.49752008732417413
0.2660325027969683,-0.6810350368303906,0.3515091142059108,0.3604652208026076
0.3203684396189856,-0.41213547196083106,0.44447648466900724,0.13798988814728685
0.2955141925273646,-0.06158243832273338,0.473999409102044,-0.12254477883147868
0.1912059142443739,0.2970738927920793,0.43141484979762545,-0.36161962026257694
0.02797111148818883,0.5792369722161242,0.3268985326604499,-0.5254008603127867
-0.1544906935157184,0.7128497814434719,0.1861592233587141,-0.5815996547549424
-0.3056678025068371,0.6613344121583026,0.04216577309679735,-0.5283590984942182
-0.37785207308468965,0.43777229299536397,-0.07522151237677654,-0.3935626527977113
-0.34117966331270966,0.10438184797219222,-0.1481323063934333,-0.22510791790331597
-0.19503296482424246,-0.24400314565489128,-0.17507472711673228,-0.07554966920959162
0.02871130706457992,-0.5081543224218165,-0.1694732907263867,0.0138316663143905
0.27274751712333445,-0.6155462868694139,-0.15310773256055019,0.02451920216396049
0.4704147235358212,-0.5438413996290725,-0.1469998652851331,-0.035566712700998884
0.5661085379653833,-0.32829475219562104,-0.16313030337152282,-0.1369367696160368
0.5333859793649133,-0.04983147563902009,-0.19995709032608883,-0.23991512922298158
0.3844010172595855,0.1927553807884958,-0.24323408618099832,-0.3085322578943565
0.1669272619078878,0.31723764253513703,-0.2716553597249709,-0.32232006687982345
-0.050622173426140525,0.2870337680477687,-0.2651170064328792,-0.282295165958463
-0.20151092781773738,0.12444143396112024,-0.2125145067340384,-0.2094529917303795
-0.242862103768117,-0.09713018438519799,-0.11626905865257206,-0.13657632891762445
-0.16998955534721918,-0.2796626207114401,0.007945060193167664,-0.09628149299433084
-0.01767496601465266,-0.33664310517653784,0.1360257699376903,-0.10933162305185191
0.15233609327485348,-0.2259036660053769,0.24297186770214932,-0.17703462028810077
0.27346485483650196,0.032896922687039865,0.310406527751947,-0.2801336450040262
0.2983753577124253,0.36299171601078856,0.3315412392249289,-0.3844775670995598
0.21645867286840886,0.656375494166703,0.3120771127881186,-0.4516127752750507
0.05838091564668567,0.8120352591985948,0.26705117566298775,-0.4509307150465259
-0.11413523021634354,0.7729936516014565,0.21502842617003823,-0.3695790165790905
-0.2298778622749031,0.5486645800705939,0.17182366339544342,-0.21709260238024905
-0.2335455896526302,0.213980216003505,0.14588023967184274,-0.02335874374597506
-0.10600651973733928,-0.11506383409033957,0.13663426250984254,0.16943426989620491
0.12781796972617387,-0.32128677299096153,0.13601604749650578,0.3184266884107579
0.40634374789410904,-0.32771626799049025,0.13215479798154398,0.39184412693598764
0.6514966272921169,-0.1257443781637718,0.11374403770512663,0.37747117967836014
0.7946561908894043,0.22025006835753952,0.07355770643604574,0.28547876936995936
0.799329638142004,0.5938708783328561,0.010179120266268701,0.14495260967413454
0.6726933006202387,0.8662236026614165,-0.07218142354203656,-0.004684383941878698
0.46209270184076434,0.9402492733193883,-0.16520624749967705,-0.1247306917184085
0.23789407428402423,0.7842893015492627,-0.2584332815103489,-0.18750712214913898
0.06883561958947389,0.443004402736369,-0.3408986409253009,-0.1830143936383337
-0.001443296530427997,0.021741259345555354,-0.4021423789025442,-0.12023869605227763
0.031425224917230196,-0.3501609809978783,-0.4327661816999725,-0.023018714163490647
0.13238779134244483,-0.5641707089055771,-0.42503319322898764,0.07803816581264739
0.2405870191952865,-0.5696679480060712,-0.3739522310143351,0.15503303564439302
0.29171264945070097,-0.3903328705996062,-0.27892242997270017,0.19081090888538868
0.24115042749262103,-0.11420637267032933,-0.14551733210715895,0.18327601535059138
0.0799300028381912,0.1388234046310551,0.013385218907340606,0.14489744317537512
-0.16181368561612694,0.26038656355146705,0.17796315017401731,0.09776259953410098
-0.4246999550237484,0.19239151771063437,0.3237836295924832,0.0658136208764358
-0.6395391148549374,-0.05248555050177392,0.42595527471114186,0.06665603007741659
-0.7494907778788583,-0.3956246754247148,0.4642582129810949,0.1053748138951756
-0.7274572948610952,-0.7206076999909857,0.42794553575266925,0.172155303376361
-0.5831803485812418,-0.9144942324895095,0.3188554366370121,0.2443959748724904
-0.3582481709813492,-0.9075716262997557,0.15186753339652015,0.2927422802792532
-0.11136590966760156,-0.697707791125758,-0.047548652434562244,0.2894061253313692
0.10065227220647807,-0.35108605147020794,-0.24815015038321944,0.2165314719443135
0.23964505562562904,0.020491529531216898,-0.4189409082642062,0.07235427824825029
0.2953050587396581,0.2974191363052966,-0.5349741453721364,-0.12653819616666723
0.2844242423182705,0.39191629048708243,-0.5816575269386658,-0.3475741756935748
0.24130317139079335,0.27596915686702117,-0.5567404168200416,-0.5487750926032027
0.2033125042242375,-0.011418629776110087,-0.4697641459969732,-0.6880846890585886
0.19689234486413323,-0.3792296800791736,-0.33931851689747694,-0.7332783509187575
0.22868558217873178,-0.7156072194445069,-0.18884211122691982,-0.6700646300785469
0.2843804882980522,-0.9239473920658217,-0.04188510808497986,-0.5063275981479326
0.33503318506597596,-0.9516534073620287,0.08225313987244934,-0.27129310409768514
0.3481574836906476,-0.8025827079664638,0.17173686878172092,-0.0095688002384236
0.29951243149627393,-0.5303904611127326,0.22370376104927622,0.22874415958203295
0.1816344610006143,-0.21667666371521513,0.24380712344324154,0.3996335311497058
0.006569495018007872,0.05732064828902042,0.24387985330510348,0.4756668024386122
-0.19763447744742554,0.23535467269982124,0.23821121234859588,0.4527209998567032
-0.39507551987232375,0.29927862344393086,0.23930940700821804,0.35109685856544
-0.5518735567822035,0.2676415907513815,0.25426713665128825,0.21052251750001552
-0.6446157293346989,0.1822262959156418,0.2828207283308846,0.08013444534232998
-0.6649937425432361,0.08899338806155214,0.3178146755069932,0.005907853737671944
-0.619693770215336,0.02112555687151999,0.34808724342129915,0.01878896356176877
-0.5261638048437216,-0.009888194692982582,0.362958087016429,0.12669089417747492
-0.40607112182764005,-0.012985643597179145,0.3568126375727283,0.3125258453631953
-0.2787534516701023,-0.008145770929692127,0.3320384307569875,0.5388020800781567
-0.15669584636377432,-0.01390368003177607,0.2989576896807886,0.7574765882195312
-0.0442020829932378,-0.037447914528202425,0.2723806254710747,0.9222717535650596
0.06070313991159812,-0.07129147911057176,0.26568866411591896,1.0
0.16214761305148956,-0.0973399463570524,0.2844841969398935,0.9778147113598786
0.2617263433075294,-0.09593853053711714,0.32233707276868123,0.8646108000055862
0.3550390576011099,-0.055501999963033406,0.36072111515525496,0.6866197686299895
0.4308004644042523,0.021647361725058482,0.37389888962875256,0.4789903913838385
0.473032661200212,0.1197179931470459,0.33767708368204225,0.27624575894808084
0.4658381685899674,0.21578574394349045,0.2392715010877801,0.10460735406326467
0.3993537786761369,0.28907728036266245,0.08467153888861256,-0.021729774375425833
0.27496273380939207,0.32904721833162776,-0.09967871748391433,-0.09985289835081444
0.10787442473930035,0.33873346951093525,-0.27236381010731464,-0.13404646802947842
-0.0741930702790086,0.33202523780412085,-0.3886464690642593,-0.13061474045632154
-0.23639954588233608,0.32618157662007324,-0.4148824958355899,-0.0940513052065086
-0.3451351896307442,0.3330215996645498,-0.34089077026146797,-0.026201378669174453
-0.3771576400902798,0.35277951832304444,-0.18568541205880323,0.07138953859779001
-0.3268195911967664,0.37344168575439746,0.006099996317920986,0.19327412590602505
-0.20898184887000446,0.37596848352891754,0.17669284022256546,0.3263606859836228
-0.056299458794222504,0.34318795600524704,0.2729726238695569,0.44895016721812175
0.0888016222306804,0.26845639188197357,0.2638310811206134,0.5338652127150139
0.1854536884361133,0.16015479621051879,0.1511154799218273,0.5553169094429521
0.20579071435118493,0.0397725743685291,-0.029951901811057866,0.4974686298727589
0.14306623522776518,-0.06595833227394941,-0.2215306602457397,0.361631808071162
0.013856912252668727,-0.1358003579235836,-0.3618747522315455,0.16912437712960032
-0.14649373859931614,-0.16313204428009717,-0.4058614147198795,-0.04191407482775645
-0.2939341705644093,-0.15940266031462763,-0.34032896870562945,-0.22542800427485907
-0.3882397875055649,-0.15003089593666122,-0.18879786689242295,-0.3396745133096993
-0.4041781630048935,-0.16392048379954868,-0.0037090881064688087,-0.35902720118673737
-0.3379001111667057,-0.2205014611963748,0.15135591827482361,-0.28152056915755347
-0.20673273845723197,-0.3194853225185489,0.22343706827292553,-0.12956481939038986
-0.042739177160762455,-0.4377672531295577,0.1883888845783991,0.05653067618737484
0.11755478856483303,-0.5353378066599408,0.059092635443412304,0.23020133203224552
0.2437029074209476,-0.568627079132433,-0.11928625859895244,0.35170112071934284
0.3187007329895082,-0.506714064929915,-0.28541813567132884,0.3984444371277969
0.3410537896408278,-0.34447053813423917,-0.38367807238461704,0.36947322048125103
0.3214766528031386,-0.10754943087933598,-0.3840429073707807,0.28299566992241965
0.2761138534799783,0.15308516207532505,-0.29293246139612555,0.1683387547822142
0.2193204165780352,0.3756598743486827,-0.15107572808993197,0.055488504617976345
0.1589440296163808,0.5064033813388544,-0.019061698602067554,-0.03399240455917479
0.09577943602303844,0.5163091255980197,0.04439999311876867,-0.09167047637664728
0.026954619430500763,0.41013099983520274,0.0038874774112274435,-0.12142575361902266
-0.04874687173432386,0.22457934215548428,-0.13918035371748416,-0.13415033132394114
-0.1264857142463796,0.016433258114592383,-0.3456235660772385,-0.14065529484915643
-0.1943407793585991,-0.15526858991672313,-0.5505813476345504,-0.14598810558037625
-0.2365821698376279,-0.24688832644927372,-0.6844602559649646,-0.14755244707116125
-0.2401459384248454,-0.24190887972122313,-0.6956127675291093,-0.13765272680681007
-0.20155608980224993,-0.15322314196695738,-0.5671272461613991,-0.10909495092921762
-0.13099341088850783,-0.015925798157839455,-0.3222683759480126,-0.061090044165661404
-0.05109033098616314,0.1261906953202905,-0.017081855016952238,-0.002505688475922276
0.009932740216469399,0.23529607675584413,0.2769730236679497,0.04940196808744737
0.02875460759106948,0.29022478744193597,0.4943019769592804,0.07470323083935866
-0.002786606482473779,0.2899796938217332,0.5933235450628221,0.05887600234579955
-0.07191428380248369,0.24971361998045224,0.5659149055388628,-5.676796714281015e-05
-0.14657059037716488,0.1916773116981169,0.43586349321279627,-0.08854410270589451
-0.18484540590168222,0.1352744329819601,0.24786741909141632,-0.18043371735521996
-0.14950623654266249,0.09029565938819507,0.05163957155417556,-0.2452765761688522
-0.022720994701645215,0.05574147438025936,-0.11314204661260016,-0.2592447218655081
0.18447545472948482,0.024124172475743604,-0.22621154948683167,-0.21462476787319867
0.43193848702253074,-0.011196248243168403,-0.2881136847583031,-0.12409962443270707
0.660291839018296,-0.04931165865374255,-0.31439321443892315,-0.017788705335229905
0.8082279010640783,-0.07902310717329532,-0.32580572088673104,0.06632991358270321
0.8317226245886048,-0.08163534669764798,-0.338777835255565,0.09543396926605974
0.7187084708364987,-0.038455077368485115,-0.3596492035098984,0.053660343002766495
0.49407756243946443,0.059943510525312035,-0.384272309348229,-0.05171172712236341
0.21307963311864433,0.20656699926326574,-0.4022105550123998,-0.19218374953880032
-0.054876671606258816,0.3762439641478805,-0.40301490441216176,-0.3276166803950675
-0.2467243217781388,0.5306054094136801,-0.3815238645767666,-0.42014546380603873
-0.323802761558562,0.6286171252145751,-0.33992654029071784,-0.4474001799164496
-0.28166977261079734,0.6393034248818771,-0.28600992562881333,-0.41013822569937264
-0.1487819353477497,0.5523142484232625,-0.2288000745281379,-0.3313712430670919
0.0249574878303394,0.3825673737516856,-0.17392704655829277,-0.2471971987193636
0.18538121453602163,0.1671452270692355,-0.12104622039274587,-0.19267037301391338
0.29085526238203946,-0.04475679939837248,-0.06458400445806882,-0.18798077036497732
0.3231169396694776,-0.2056803752116512,0.002546193026209167,-0.23020925845482862
0.2890920445906214,-0.2831396834719958,0.08405352222270329,-0.29393165861145787
0.21409956751628403,-0.26808134139026274,0.17661589780606204,-0.34066924317315755
0.129937457717689,-0.17605641232325267,0.26938493354843945,-0.3338291414411914
0.06289430166809193,-0.0410354253237984,0.34718413511803314,-0.25360656189539554
0.026230632838438298,0.09582182076085126,0.39624915517047765,-0.10617515986494196
0.01941990112049684,0.1986145760937553,0.4101139549791745,0.07652599710567566
0.033415508267982265,0.24636341574141932,0.3930053537703315,0.24668344420872046
0.05867943548070699,0.23703821976890185,0.35901511955109067,0.35684447607992964
0.09170286266347093,0.18513542160148305,0.32703066028395095,0.376702919672428
0.1366587555436422,0.11416754260802345,0.31322656132535953,0.3042708439230165
0.20124105532615838,0.04701867657535643,0.32408375999983347,0.16717240206884468
0.2886239737610248,-0.002373852309383621,0.35289218629979285,0.013315458098377688
0.3895693985065631,-0.03323185959368582,0.3814555933501376,-0.10592783361808929
0.4790761774592665,-0.056832126042704136,0.3867053584047673,-0.15408472741788118
0.520357781147463,-0.09075984720218278,0.34992650616798415,-0.12283912943683205
0.47592981611571966,-0.1507536215279015,0.26511150334853023,-0.035236653160041
0.32237159154680767,-0.2431169707038813,0.14309343894347634,0.06256974114132297
0.06323133888651652,-0.36039641169665115,0.009568376410110995,0.11831848774362595
-0.2654770943777723,-0.48187601146899406,-0.10262582350550246,0.09344027404108231
-0.6005191039765612,-0.5788234371323979,-0.16439986388919314,-0.021437147151069626
-0.8670129378114796,-0.6228746919062679,-0.16059313360576769,-0.20101511388887602
-1.0,-0.5949446967754891,-0.09568395658084466,-0.3921809445334917
-0.9650789481498274,-0.49188536788345777,0.0071971904339322434,-0.5311774639758413
-0.7709491147304472,-0.32880174526320416,0.11378260784592471,-0.5653797774445651
-0.46907584770529176,-0.13624448888101065,0.1901638517847044,-0.4722209604558906
-0.13989657028202987,0.046983285653377324,0.21424655807663187,-0.2686245172884944
0.13042378897715026,0.18338735271423665,0.18311616003085812,-0.007429050682849213
0.2753439761254204,0.24602187142327972,0.11370854112842815,0.23833096433076634
0.26719934023284153,0.22483364945929946,0.03655960850006484,0.3982895752287166
0.12411330219793477,0.12839680608604404,-0.015142064537473012,0.4272805930586328
-0.09755260847034594,-0.01933247064853455,-0.017339722354987805,0.32007811797672875
-0.32248227569414706,-0.1861753139480699,0.03637517310777348,0.1134044641410898
-0.4808175651158822,-0.3406280287723249,0.13241303077303276,-0.12557189873725197
-0.5295338046563913,-0.4598640154103745,0.24170451356694453,-0.32060407198535834
-0.46387736301239035,-0.5345353927366215,0.3294070416745308,-0.41073992790569885
-0.3155625142296423,-0.5690941427573811,0.36639628603232,-0.36987612851724255
-0.13904662413594446,-0.5777653339394027,0.3386540730474894,-0.21524477266594166
0.008792502193780095,-0.5776740579978848,0.2515317963432477,-0.0021558349725914385
0.08824553598744196,-0.5815220948870404,0.12772191868474012,0.19329832890699009
0.08891804394899633,-0.5923352489333166,-8.4802946520751e-05,0.2980938418628576
0.03066134966792754,-0.6020998327569063,-0.09919738545661007,0.2652178137619665
-0.046362112156935004,-0.5947863846671484,-0.14624523916330848,0.08863581315040246
-0.09832218481663899,-0.5527420713839949,-0.13297623204366127,-0.19419557859760275
-0.09475717058659083,-0.46422476386255773,-0.06707412950075459,-0.5128466321451973
-0.02986470790040289,-0.32937299854499974,0.0317278949897956,-0.7840703778662044
0.07574789704430994,-0.16234799393562452,0.13849945248249873,-0.9353990354112302
0.18307579350471806,0.011369886755042913,0.23046822852835444,-0.9251572812507488
0.24923704602724028,0.1618961148140875,0.2925868163740602,-0.7531924358211355
0.24309569197094238,0.263933035144679,0.31991550138486163,-0.45959860263713737
0.15644679630792127,0.30487726839524326,0.3166456677030997,-0.11236343651643942
0.0070426529946799495,0.28924824695405604,0.29267383811251185,0.21194276846169624
-0.16723948956873413,0.23777535724822246,0.2592412926236206,0.4485221583629325
-0.3207002563077732,0.18122418669696128,0.2251554060716053,0.559901056344695
-0.41413801220467006,0.15081468209600227,0.19461626998425535,0.5426302810613417
-0.4263436489324707,0.16827838882052554,0.16695111402391175,0.42397425767392916
-0.3592324385221226,0.23879669898309638,0.13790506322121912,0.2504681528313516
-0.23548729820814668,0.34917218988827425,0.10175905205533631,0.07248201558788157
-0.09017519184896258,0.4718972712236041,0.05350412731097319,-0.07022739580024892
0.0403583760158653,0.5738609521907946,-0.00948550300888053,-0.15774054428505163
0.12848867476607573,0.6269203053078907,-0.08652850619266993,-0.19173778416547985
0.16122623100778724,0.6169621561084359,-0.17345282084033245,-0.19011674063991002
0.14084425812129642,0.5485833197096964,-0.2630178777909061,-0.17704851966087898
0.08098248827762211,0.4439405452390569,-0.34580011870685307,-0.17233339479166251
0.00041314674091840267,0.33617686126422747,-0.41143557720660956,-0.1838432677116186
-0.08292311104230836,0.25950336925722056,-0.45011597711940227,-0.2055060473561468
-0.15561705353216956,0.23897445084624983,-0.4541721850468357,-0.22119266462415743
-0.20952031205492744,0.28297077489576883,-0.4194837253809873,-0.21274088655525464
-0.24017554632373642,0.380466540249511,-0.34640064119353187,-0.16891173459913045
-0.24452027846265187,0.503664597439277,-0.23992291476516162,-0.09179799297880066
-0.21953696447355198,0.6150423444188292,-0.10906691085879634,0.0018362415270687263
-0.16284145508624798,0.676733059734864,0.03440241676942977,0.08495791777069521
-0.07508074833888621,0.6597518557680326,0.17749281035662096,0.12899433581868797
0.03704730958494112,0.5508824679592359,0.3073328030258775,0.11387660830986812
0.15887404787779713,0.3558611389293261,0.4120736023664709,0.0358384880715256
0.26843420627684456,0.09849810776843079,0.48136802952690816,-0.08988285782621491
0.3403122846011646,-0.18374519394738068,0.506744770889309,-0.23257558521154323
0.3519796432170679,-0.4466402512715317,0.4823208507051285,-0.3547966305981157
0.2908230848370197,-0.6472259710901923,0.406140430653689,-0.42349236441307475
0.15952684283583773,-0.7516933496872166,0.2820130265674154,-0.4198032984770188
-0.02225903279239579,-0.7419358518801982,0.1212117612962987,-0.3442828482924903
-0.2210072034575677,-0.6197216612775904,-0.05696495837509774,-0.21582671271609924
-0.39674745684413754,-0.4076265286254882,-0.22673117309983556,-0.06477811747536194
-0.5130237512490983,-0.14618346706054575,-0.35988718079752996,0.07731621800509528
-0.5466432120779857,0.1127487510121342,-0.4319554073570338,0.18768706014600856
-0.49438531125983587,0.31561906297814907,-0.4289176683213226,0.2585921572075239
-0.3745923638293187,0.41817304630186075,-0.35243955619063577,0.29774538083340557
-0.22295468427050907,0.3954644516827598,-0.22149601787320308,0.3229615664095099
-0.08343057594102524,0.24836074100377614,-0.06915185388275587,0.35315992608829616
0.0033665520639516162,0.004523831515091008,0.06527765690211497,0.39919427692506065
0.011220808751216706,-0.2869374774443602,0.1468190005983879,0.4580364156428503
-0.06420210116277737,-0.5662908374534544,0.15510348875406135,0.5126015630870374
-0.20353842831803493,-0.777005613211856,0.090944291636613,0.5374163707365872
-0.3681879088634046,-0.879057928733616,-0.023245054885280447,0.5081496457937109
-0.5099936615516352,-0.8581251971896213,-0.14981274530840988,0.41155201854140305
-0.5836746683437194,-0.7281028126425348,-0.24739017580173392,0.2521280481109604
-0.5587787077947534,-0.526235676759895,-0.2840870536317669,0.052982152671697515
-0.4280072275660943,-0.3022974227501411,-0.2480858350140508,-0.1496630562073579
-0.20968592665774669,-0.10498995116556649,-0.152005442262282,-0.31652721087329955
0.056317710958293396,0.030495021390312366,-0.02934209241575243,-0.4165364551526774
0.31819589450591135,0.09026821473175194,0.0760882429717287,-0.43550177101008114
0.5248138823508381,0.08293424139451333,0.12437679081170572,-0.37935941695189695
0.638021316655992,0.034314540996709844,0.09275216957380782,-0.2710576816676678
0.6414408557696708,-0.022216424171873774,-0.016616630262642564,-0.14239322463915835
0.5434941295770884,-0.056517470070736084,-0.17690645714944325,-0.02379404296244763
0.37402744549107003,-0.0502560015378642,-0.34496453170267505,0.0643858067368726
0.1756714436845495,-0.000933820364648161,-0.47490056047651363,0.11622505484869489
-0.007502070572823235,0.07932522013215394,-0.5324028378435794,0.13913085250940965
-0.14079616800900688,0.1692146994819242,-0.5050346463442237,0.14819121863120294
-0.20623868735600898,0.24572413567994741,-0.4052073855105066,0.15849345882857188
-0.20467940448501082,0.29114984194609045,-0.265088583311464,0.17848620499796827
-0.15249752053346044,0.29766855565423705,-0.12546861454308444,0.20684321245529372
-0.07440791013882508,0.26858803554090055,-0.022597100613319984,0.23376996175133954
0.005056241645609754,0.21655207773951313,0.022480618747128152,0.24590258266168116
0.06858857463053147,0.15979214993387678,0.008652020124391827,0.23258774127193654
0.10958484683276279,0.11775994672303298,-0.047635565390296314,0.19091237149066215
0.13130563662299718,0.10719067070082963,-0.12043395988636751,0.1274955676741455
0.14251846764671408,0.13909819618275315,-0.1846803358765108,0.05645899831981187
0.15159636048367672,0.21672529036263893,-0.22493654617716893,-0.005437706789557222
0.16148579318893938,0.33430528976252244,-0.23939615163647376,-0.044414537769875834
0.1675132937133174,0.4766689760431465,-0.238073338266378,-0.05376583318042378
0.15885742160296068,0.6200681308143952,-0.23639835827057853,-0.034910558128652694
0.12309693213406504,0.734784120401727,-0.2471705579373541,0.004766649052114632
0.052071505839151024,0.7898890061679882,-0.27431639176052147,0.05607625371847233
-0.05322180282362562,0.7598650741354668,-0.31101129672725186,0.1121733894832383
-0.18065005463971634,0.6318618500876922,-0.3428375719450243,0.17077818919368987
-0.30880587251645497,0.41157466189783765,-0.354534399717026,0.23349254318175452
-0.41227020423433436,0.12550187347612418,-0.33739735182474767,0.3026163217494452
-0.46863711425302046,-0.18204799608078773,-0.29409617147460787,0.37707416741417693
-0.4650409475921037,-0.4574178909995772,-0.2387116679244634,0.4495665047000367
-0.40208880539981795,-0.6499408257208164,-0.19173333968972997,0.506615090517482
-0.2939666669080294,-0.7249845632047808,-0.17183857194035473,0.5319472872081972
-0.1647323727675998,-0.6738214649386148,-0.18766547551223023,0.5121601016603836
-0.04199305486574501,-0.5169892594601606,-0.23293469642420997,0.4424672938835649
0.0501051622535255,-0.29956706258741667,-0.28709548856610584,0.330071090298167
0.09658094497385121,-0.07925854851418641,-0.32160707394057186,0.1934730580930961
0.09458187739482818,0.0894590534838562,-0.30980226811054284,0.057574879004582254
0.05311466395904814,0.17043080195634402,-0.2368447742432767,-0.0538841863729227
-0.009990180659369102,0.15553271207109523,-0.1061390951858435,-0.12584553131614945
-0.07274309131329086,0.06595621559069478,0.06024758572512052,-0.15657352165591443
-0.11395089313742462,-0.05532896172092185,0.2274792397590572,-0.157597128930508
-0.11736171596128117,-0.157522150928895,0.358243968930645,-0.14889775238743463
-0.07439209008474039,-0.19791223486658002,0.42397944384316844,-0.15113577693774785
0.014668002965686107,-0.15477934011833447,0.4132676958238868,-0.17788536447196004
0.14076220102111908,-0.03337741000302178,0.33468154046985804,-0.23086268020587966
0.28722040034059726,0.13656300361664236,0.21334434707011554,-0.29995349609672295
0.43181487305276395,0.3106092891387076,0.08263721880738106,-0.36792388546845406
0.5497145364665247,0.44323832713546263,-0.025937331191734646,-0.41779929407806604
0.6173145045664178,0.5008627134368309,-0.09129209462310928,-0.4397996007566591
0.616673888890971,0.4703821273813951,-0.10705845136004141,-0.4348903544041491
0.5398928397795546,0.36113236135977284,-0.08071347437848551,-0.4134137901856116
0.3923887400489545,0.2003965820603529,-0.02848908577406851,-0.3893496713667507
0.19391799982357139,0.024630871020308923,0.0315838893763175,-0.3726776015490323
-0.02350913608821192,-0.13041626185522173,0.08574288300522628,-0.363259096313846
-0.22095756576471706,-0.23768942892603362,0.12759293536754576,-0.34919095504911174
-0.3603273150403019,-0.28307934972704346,0.15757377152313287,-0.31082864354680007
-0.41285918342101097,-0.2656884578010782,0.17967834507475153,-0.22930326822899888
-0.3662339890527954,-0.19519898831660476,0.19736103495269036,-0.09631006296713729
-0.22827046610095236,-0.08805976134038329,0.21073399066076604,0.07890504860243384
-0.026020546846844884,0.03600793627369816,0.2163941969436567,0.2686680623166733
0.1997216023368899,0.15649160675776314,0.20990500179139443,0.4332415275218782
0.40321140338128714,0.25377446788820973,0.1896507374597998,0.5327682796821319
0.5436450236234468,0.3107803369832452,0.16005333666604735,0.5407904217894004
0.5936776833682691,0.31522442319599836,0.1323037968538712,0.4544047310404016
0.5445486522225147,0.2624556232885862,0.12176563658716172,0.29703152009476963
0.4068026760812282,0.1580322739007445,0.14264877461511669,0.11228344966805877
0.2068243738370061,0.01864086039504565,0.20183881057647207,-0.049362952326709605
-0.01954843326190542,-0.12988417644190978,0.29435524960054726,-0.14666287493623836
-0.23450026637271448,-0.25779330261854444,0.40252650463937656,-0.16085028091644932
-0.4050035282090566,-0.33893952052327486,0.49971452015842843,-0.1012784209193389
-0.5076092088224388,-0.358415042769299,0.5577493900667916,-0.0013373248314047924
-0.5307748927364897,-0.3176410686413052,0.5557731357454272,0.0939832651233167
-0.47495717731101705,-0.23477271664742871,0.4875079118538348,0.14446889014409434
-0.35111749687845767,-0.13975420746735004,0.36434334284075004,0.1291067302478166
-0.17834319693122744,-0.06527856277830624,0.21297444160603793,0.05335363772728286
0.018939777174981517,-0.0365344496879778,0.06815311136031643,-0.05336731374086212
0.21399163022676546,-0.06327750970734246,-0.0372072855259354,-0.14898561845702513
0.3810301286913636,-0.13710509744251637,-0.08141209829620683,-0.194736158535329
0.49869863475283366,-0.23501027225968624,-0.05984825667335493,-0.16987843862055949
0.5534111865909281,-0.3279835974029107,0.01448744821875043,-0.07979078715406551
0.5419326100399563,-0.3915000022205169,0.11582330962636703,0.04549546150958513
0.47238665051219014,-0.41394959135130316,0.21407429203982414,0.16173895814695527
0.36303877284132896,-0.39980099114782386,0.28405859090895835,0.22605536260864992
0.23870071826484962,-0.3662940733358537,0.3124643799093715,0.2119388109455011
0.12531803233830457,-0.3349973907072407,0.30044345005372325,0.11835817443708822
0.0439772851593808,-0.3216451687728257,0.26126558648431214,-0.03019539553075531
0.005932079176703576,-0.328445242600605,0.2141417520287512,-0.19248139379858173
0.010112610182300839,-0.34216736982496315,0.17654143159713637,-0.3246915730181722
0.04394269261157719,-0.33907436042217026,0.15770068650926766,-0.39478892486037764
0.08732192566349929,-0.29499575783752696,0.1554636423758206,-0.3919043336466945
0.11865345378652066,-0.19665193283497745,0.15736237267591446,-0.32771926062065154
0.12114515829789418,-0.04961470625662856,0.14537685554274707,-0.22985064710705108
0.08751709394123769,0.12061350014638489,0.10263166507680825,-0.13020849429582493
0.021753038368912864,0.2753682162116458,0.019752592587226163,-0.053009091112017515
-0.0625268889872414,0.3753498910031407,-0.10115020125573859,-0.006993823739975759
-0.1464382010738275,0.39444667868579053,-0.24603025747909513,0.015457461400866325
-0.21149086883101653,0.3296588643769504,-0.3919750752309451,0.03244370073564013
-0.2447519778082537,0.20318888167983493,-0.5127343639168698,0.06266599663862778
-0.24198825479456992,0.0555893212238077,-0.5850203463064004,0.11579913396756837
-0.20799313037816386,-0.0677855812810818,-0.5938472173817287,0.18710331167142516
-0.15423496451845228,-0.1321831915673609,-0.5356406375970403,0.25845014873948596
-0.0947812458996995,-0.12505314120278246,-0.41860281756719553,0.30530478950272305
-0.041902228736399545,-0.05951447568592869,-0.26058663104323804,0.30681107008257513
-0.002724683497713761,0.031632051932163716,-0.08528206451953878,0.25490246833174374
0.022150684367824282,0.10909534304805801,0.0822628986612656,0.15876284020578194
0.03784625731917043,0.14246527864695738,0.21985541573208373,0.04279886601499086
0.052679585365758064,0.12185146842821744,0.3114534874497085,-0.0611830455005423
0.07483507913633902,0.061251146568301086,0.34921245676092516,-0.12467496584783769
0.10929469454506813,-0.007740314819765614,0.3341969868648101,-0.13205102315229858
0.155901629478814,-0.04951423190597274,0.2758094330325405,-0.0855217367565382
0.20902975071896412,-0.0400558026061812,0.19004793129218855,-0.0037438176583775564
0.25886116884057575,0.021631268938842492,0.09676856224319226,0.08523068565956593
0.29386879009054095,0.11103635769452896,0.016242893576016763,0.15391604392269
0.3038430318835953,0.18601029790180618,-0.034522248354265934,0.18455686931410203
0.28271659961132917,0.2024285213628742,-0.045062477170979706,0.17425604765486755
0.23050996390358455,0.13196083952132037,-0.013617519772053888,0.13448687157930192
0.15390760731274306,-0.02479764939193955,0.05242262466508609,0.08557086706764123
0.06524764148585674,-0.2351149406943653,0.13805854827841563,0.04851820351582175
-0.019964463613811285,-0.44261050614517505,0.22399849876649366,0.03742388517880467
-0.08656091719292268,-0.5849503055720461,0.291040065610277,0.055146492254288096
-0.12347313913258669,-0.6147776236141742,0.32445329817038376,0.09352791612896974
-0.12680676289753398,-0.5165281337334511,0.31723621126094653,0.13757984564779802
-0.10131781214650165,-0.3130372957494023,0.2713833698986417,0.1716081973455306
-0.05967314935398482,-0.0593293860005643,0.19685048444735403,0.18471632149241188
-0.019417714207115314,0.17455294945326963,0.10855196284679633,0.17366259095540854
0.0017605145764892313,0.3259600647453491,0.02228825643656545,0.14234829145812117
-0.008727029942138564,0.35970080700697765,-0.04921455096827993,0.09868315213319717
-0.054137228668081544,0.2789629675744981,-0.09905020731089821,0.05058963533133461
-0.12657146372457392,0.1234450955861904,-0.12697494816892244,0.0030642247411510064
-0.20836584981761488,-0.04454818070434086,-0.13826848633960828,-0.04249677652004071
-0.2765686844994002,-0.16121213881128715,-0.1411356622135329,-0.08671194122441786
-0.3093812849141802,-0.18236080563675874,-0.1435717274872155,-0.12951628885916477
-0.29271095292893995,-0.09752717003642691,-0.15069634578768754,-0.16804130805350564
-0.22480412639655437,0.06743684438949772,-0.16331909009502216,-0.19646642811723294
-0.11740579522085551,0.25974802938765,-0.17803556674148444,-0.20822944698153295
0.00708249051194727,0.41753553532935855,-0.18863913864305906,-0.19973195155681386
0.12171145041040722,0.4899405743211875,-0.18824414419348867,-0.17376181536321633
0.2025435361304298,0.45280647411241215,-0.17137141677623907,-0.14072782269700682
0.23532380109640202,0.31508403291482995,-0.13537009242522083,-0.11657428646143046
0.21916026822744286,0.11440004034656209,-0.08086887693448248,-0.11763182050599906
0.1660543990675125,-0.09611767706246119,-0.011329221533157284,-0.1540913504175431
0.0964673705467073,-0.26494541726633664,0.06793323828262536,-0.22463628447529185
0.032405069151210976,-0.3574440187849084,0.1507847137914883,-0.3146194826010302
-0.009688297499794742,-0.3645853444314643,0.23099163247865037,-0.39901147286909827
-0.02389883305665335,-0.302896866878767,0.30249078046578437,-0.44958020786848274
-0.016086266426592454,-0.2064209401987212,0.359354666452808,-0.44406833630643183
-0.0010797791617561548,-0.1139848628210471,0.3957765831311044,-0.3741944959859791
0.003142509083297657,-0.056274503336747446,0.406407846340537,-0.24953173352557634
-0.017721845039097007,-0.046830694664585955,0.3872083506243239,-0.0956736089559982
-0.06876915715442428,-0.07942690190826705,0.33669057519906476,0.05289419510953661
-0.14346656501623772,-0.13201792656312528,0.25716498789471204,0.1628897915603481
-0.22508348808865478,-0.17537350022047785,0.1554524828819695,0.21188680644410124
-0.29145726606606126,-0.1832663673509754,0.0425928675794346,0.19426995501136543
-0.32153317446746066,-0.14095651995520406,-0.06765342565907481,0.12159364245125757
-0.30163506020531305,-0.04958785559424658,-0.16132118048226643,0.01747583584494129
-0.22961352350093914,0.07442274238476679,-0.2272029212375017,-0.09089489816177634
-0.11576868904118233,0.20439881576910426,-0.25945648468366755,-0.18143440573509156
0.01953619612651874,0.31107911376837644,-0.25907173400335204,-0.24291746629553013
0.15071482015099585,0.3707107143080248,-0.2336869643051387,-0.2759737178666721
0.25281785494664377,0.3714591891442043,-0.19570691285976016,-0.2894003992187364
0.3068871365456084,0.3166517836284664,-0.15917767279817344,-0.293675821556555
0.30361884997026445,0.22421986704119623,-0.1362563667244463,-0.2945631144184372
0.2447399974415675,0.12256954940417485,-0.13424758502643397,-0.2895263068113407
0.14211379718215517,0.04383693729410233,-0.15401622277587418,-0.2684365715131148
0.015044545844837718,0.016000833589064102,-0.1901764421218705,-0.21824202884534125
-0.1135235227133732,0.055590462508235634,-0.23292966530508027,-0.12963569218522894
-0.22119375847407013,0.16270030577788,-0.27094946223661737,-0.0029284157894727257
-0.2900515326186362,0.3196668253667099,-0.29443787445099595,0.14937031709663015
-0.3098012567732671,0.49406087461210296,-0.29748684438298734,0.30447768718715906
-0.2796364817027426,0.6456735904582268,-0.279155051006174,0.4352341569710362
-0.20846104249406572,0.736105828805771,-0.24311080875847,0.5179150936740354
-0.11325018982582236,0.7386951022790053,-0.19614090111739343,0.5391926578687833
-0.015647182607298,0.6461383094279844,-0.14613259902488782,0.4998393117956378
0.0626863157547018,0.47351257372659017,-0.1002081070868996,0.41401236610841524
0.10501747583363943,0.25547954397298606,-0.06352246281143248,0.3045844315416471
0.10356982803041732,0.03804621355297904,-0.03891011696608603,0.1963466108236658
0.06146539528000121,-0.13310157668384567,-0.02721852643537185,0.10950198146336874
-0.008142930654233013,-0.22451112441939847,-0.02793602026656072,0.055508797152934476
-0.08571604160968808,-0.2236824420998568,-0.03969025562860618,0.0362352071755774
-0.15085933981888558,-0.14197261517880208,-0.060362029383701415,0.04604367456568626
-0.1881802631957994,-0.010753082346403825,-0.08684235068728877,0.07539582097971495
-0.1916964324083817,0.12805774397063124,-0.114724560017042,0.11425167425032919
-0.1663777790901902,0.2342148526324448,-0.13834012938077528,0.15399997374603827
-0.12626702935669315,0.28039787579245834,-0.1514496101860179,0.18762560672760248
-0.08972039507054755,0.2591223606089519,-0.1486145285485562,0.20881300291529378
-0.07327427258024938,0.18338632509765002,-0.1269147805452914,0.21122539192951284
-0.08613071620401294,0.08117862531134232,-0.08739769757932651,0.18903517995539917
-0.12707650302691903,-0.014071307996131825,-0.03558957859066518,0.1389914916071295
-0.18485136896942833,-0.0738341090817185,0.01937130102994187,0.06327956823738723
-0.24182734309255158,-0.08230681603599707,0.06696198344370495,-0.028331938714081736
-0.2797509563964965,-0.03950618716765711,0.09830993651039045,-0.11863065674001398
-0.28561957085733136,0.04081379378117594,0.1090806814464934,-0.18622569244843598
-0.25574637534408795,0.13706640756760985,0.10117029163589596,-0.2114818730697458
-0.19671360710783273,0.22704031276539405,0.08245022373300709,-0.18334314145629832
-0.12298485955094281,0.29375180270611456,0.0644285523540352,-0.10451033237571385
-0.05206490037076854,0.32815189226438907,0.058432243447310184,0.0073408635754296315
0.0011255191819442665,0.32837926483246754,0.07151414935870433,0.1233940694278659
0.0288037217959979,0.2967158293058437,0.10350801097498995,0.21184414741488714
0.03238855529017462,0.2362550553692611,0.14637745905510358,0.24788604652559365
0.02153253007691411,0.14920179093030805,0.18628840466327745,0.22210513057648554
0.01057963632126207,0.03774987267539637,0.20790341330177836,0.14411998613979315
0.013683481605830697,-0.0929362012358764,0.19957314059538747,0.03984389627569559
0.040143744810650125,-0.23135014058797507,0.15768918083450623,-0.05702288905061145
0.09133056260793335,-0.3580948581721616,0.08864040612842708,-0.11649636183502861
0.15998612728641307,-0.4478522503944368,0.007554012853771233,-0.12278616832216735
0.2319529205386451,-0.47519022121842774,-0.0659288486403042,-0.07991447651161995
0.2897259438958795,-0.4228046134587896,-0.11355819614921385,-0.010266650412795132
0.3168351856119379,-0.2894280862904608,-0.12414476430473995,0.05362463538855884
0.30198730454842865,-0.09423013719114992,-0.09709028110255723,0.08126410223303303
0.24207417434771364,0.12465494541002665,-0.042551609774445526,0.05599826872653129
0.1434738439529514,0.3180011651078574,0.021864466430043913,-0.017910845341404913
0.021415883545022846,0.43804592041375984,0.0767932580237831,-0.11569926454536282
-0.10250222253031352,0.45215271581687927,0.10727868752523066,-0.20011480503645981
-0.20428254777523402,0.35325542007761057,0.10732961825064063,-0.23439487165807402
-0.26235150640017535,0.16345798681218757,0.08133835553681684,-0.19571703919952016
-0.2623741456057267,-0.07084255464312214,0.04193152498929577,-0.08435637639062774
-0.20102545544964442,-0.29127898889493514,0.005075678896243774,0.07479304475045219
-0.08769950386231523,-0.44380311826880087,-0.015781024164753375,0.23905012062735545
0.05657361604462065,-0.4940644559269524,-0.014430278517311448,0.3609550420439451
0.20314173918222847,-0.43715340132851604,0.006175084424994002,0.4031389679198086
0.3220179898771944,-0.29866597184877736,0.03542649394600518,0.35010897330549734
0.3890056442405121,-0.12672623527094612,0.059359926929570005,0.21308334946137555
0.3917506810328785,0.02258945645206192,0.06610076710775555,0.02640077472398473
0.33288444634525777,0.10195493804865043,0.050399343546174355,-0.16313587334285545
0.22911901395892953,0.08655123634079363,0.015564000064058977,-0.31032870375008126
0.10633936673924274,-0.019196233430493773,-0.02791020730847824,-0.38444073070495544
-0.007958322755857504,-0.1837284287097071,-0.06646686438063534,-0.37683825412412075
-0.09256396652305152,-0.35838914364123553,-0.08877324331000419,-0.30135606450686303
-0.1382280435720454,-0.4920935897507639,-0.09012874409430394,-0.18783561732136986
-0.1492054778666427,-0.5460735884057197,-0.07429069581501277,-0.07148113826841561
-0.14014057795797025,-0.5043384542908355,-0.051993978811108635,0.018177544381038094
-0.1294168319869086,-0.37701078325611787,-0.036707918349579316,0.06515106387055224
-0.13141896381461807,-0.19599865229218488,-0.03924598832356385,0.0695293244830903
-0.15062639151305732,-0.004790468884800107,-0.06331004735388619,0.0445422813615578
-0.1798436346801412,0.1542151600442701,-0.10372505324478774,0.00984427125223223
-0.20334559560210744,0.25095983199490474,-0.14811497687581632,-0.016209222586333675
-0.20381312844260974,0.2744150811072172,-0.18145871169641195,-0.0225369771852188
-0.1703778474899194,0.233207372065042,-0.1918416916832982,-0.007779431080620007
-0.10451553197396767,0.15062644669744082,-0.17521694863290888,0.021078890680720892
-0.02121026735561758,0.056102163038148925,-0.13731235145359746,0.05280914749463494
0.05543849844770325,-0.023922404432214394,-0.09186296582583142,0.07683924026409951
0.10080559440299833,-0.07293442449923741,-0.05572785296790384,0.08702817943557083
0.09938086004334133,-0.08731068359751293,-0.042652217532047315,0.08309223123040285
0.051666600192134246,-0.07493274122366606,-0.057998743402685925,0.06952759673651111
-0.024645874366635265,-0.05049238553172774,-0.09646841559413985,0.052852209136580945
-0.10014564914789625,-0.029432119844431847,-0.14375594219305696,0.03851729294766714
-0.14418508179940406,-0.02264930554427414,-0.18162612161487288,0.028772779921863813
-0.13665518811415633,-0.03356601258076081,-0.1945960879418013,0.022212896481277646
-0.07656133280573645,-0.058175930256332054,-0.17575769455012996,0.014961752098065703
0.01616387237262953,-0.08760167571722194,-0.1295339088975142,0.00281268906161574
0.10680166600319456,-0.11190257124494213,-0.07025667864480431,-0.016651417286625635
0.15815135158102392,-0.1236077782680935,-0.016991011868294093,-0.04279285064552601
0.14472911060901492,-0.11975430264748856,0.013553566140573445,-0.07189966251623589
0.06359935716591357,-0.10192330278314975,0.013419011394187575,-0.09827423373814295
-0.0624726812653616,-0.0745967401501493,-0.013314700783914439,-0.1159048379092965
-0.1912242239976867,-0.042782134141429125,-0.05167677770944268,-0.12008207599666254
-0.27472780605939495,-0.010050266852605953,-0.08109829929601498,-0.10847724941290271
-0.276202356426319,0.02215584287586633,-0.08301475911959441,-0.08150266652164483
-0.18382303157448224,0.05372045351191328,-0.04803364851149068,-0.04205997925935856
-0.016381003640833024,0.08406514543305112,0.019999153007812104,0.0050731802149995954
0.18159414569392254,0.11037683666882354,0.10464067018823546,0.053995893252931214
0.3539020974072399,0.12693024538406686,0.18213172534512034,0.09848546832597638
0.4512238460936512,0.12616358093417793,0.22955790538337714,0.13287389812934253
0.4477170373932442,0.1014070482728836,0.23303762231775704,0.1530282429580709
0.3497763673442428,0.050356922078280915,0.19299696528359964,0.15733398839657414
0.19378180138714216,-0.022130530942801225,0.12456018329566643,0.1473936516913526
0.03354478058841454,-0.10333254367459467,0.05277995155267862,0.12804301350400385
-0.07816584947427357,-0.17483639979576548,0.004256985956449351,0.10637294098454006
-0.10751941645978458,-0.21736488312009225,-0.001995883872458039,0.08975652620078405
-0.05065798949253494,-0.21692744948192147,0.038724665683648185,0.08332699134206005
0.06593624678094431,-0.17024663775223695,0.11487697707097512,0.08774118852480477
0.1957123533141876,-0.08736978134342244,0.20225878243906417,0.09818699034781231
0.28913779777376125,0.009878682670136417,0.2719385337160642,0.1053223778233312
0.3114024083717232,0.09361080729919473,0.2998539862743998,0.09819985549701246
0.25443171664771874,0.13826517259901902,0.2748191410339887,0.06843428033398885
0.13907174291094615,0.12906756660243385,0.202230016207177,0.014226269414366685
0.006929441331380243,0.06766707172076566,0.10224182614517265,-0.05734425542160413
-0.09491819817192312,-0.02722791157330399,0.0030836810715319978,-0.1309340820466733
-0.13066020904698125,-0.12483300575514973,-0.06817889663977779,-0.18670693955990644
-0.08790315050733159,-0.19161003177422464,-0.09429506202429602,-0.2063393137354511
0.018934466666937388,-0.202059627658986,-0.07301676363210541,-0.17938213414116763
0.15484129948948328,-0.147429514866057,-0.017189507592149475,-0.10773851131507368
0.27738855940984924,-0.039301384958210235,0.050116025829393694,-0.006461993436272307
0.35179176312814414,0.09337202130008469,0.10361601248761824,0.09976262740997817
0.3623291605928662,0.21302186805038945,0.12415010284797745,0.1835982759958349
0.31617953328324316,0.28523717241076796,0.10452285395827458,0.22333800847089524
0.2387186758250158,0.28966376351396794,0.051002177423706926,0.20973207929486248
0.16251367814266435,0.2263410161587023,-0.019798252691824145,0.14896294959028736
0.1144748660764228,0.11529584272989297,-0.08731869433806692,0.06061922978541431
0.10607722303453865,-0.010477799738590905,-0.1343262274934226,-0.028762367601571456
0.13015242816009728,-0.11621920197373901,-0.1524676962905697,-0.09444004632801262
0.16509153750798733,-0.17686986222231665,-0.14424810430787569,-0.12149380034121521
0.1844469159899451,-0.1848020805633047,-0.12094492957111931,-0.10934078423709163
0.16796869924926375,-0.15113866672137327,-0.09745117450099575,-0.07116297204362715
0.10975726497902574,-0.10030979385109245,-0.08610545421973,-0.028480317920049552
0.020521358251451086,-0.05995068618278172,-0.0918486373557462,-0.0028508502700950174
-0.07667279148802791,-0.04994523608120505,-0.11046928597946223,-0.007724401357813021
-0.1552577916259284,-0.07472949681950312,-0.13050118445195316,-0.04342648736639694
-0.19505142183646793,-0.12175373608916658,-0.13796902863383095,-0.09711015741589822
-0.1893724920254609,-0.16669466562147828,-0.12214342923915215,-0.14769553333795374
-0.14682450068802358,-0.18345653257836,-0.08012981883291273,-0.17398271544838942
-0.08734135641724498,-0.15515244568107292,-0.018581097166716173,-0.1629472707419323
-0.03428933845043952,-0.08181877192143538,0.04809813268427054,-0.11514266882259734
-0.0058164738914828484,0.018227065404056712,0.102402293992452,-0.04517399200060717
-0.008740884197241993,0.11412917128878299,0.12955321147860605,0.023007946441745874
-0.0371066763315798,0.173405343727313,0.12242916079884808,0.06436529378053713
-0.07562979211734014,0.17409158864467403,0.08387042140442794,0.061670045320129645
-0.1063854933704813,0.11360623708265973,0.02559690753525623,0.011888803224034525
-0.11597286906691767,0.010916065556167502,-0.03581882529992783,-0.0722035987331762
-0.10041149438449895,-0.09902728510352944,-0.08446137457841518,-0.16575670155645197
-0.06609558901569393,-0.17680095886124436,-0.11013011176639151,-0.23963651229201163
-0.02676132177431407,-0.1919914375598095,-0.11123207377843942,-0.2696158231330284
0.002062461032083992,-0.13388116049476298,-0.09461291484828571,-0.24388736154537857
0.008831602215308437,-0.015525779427061605,-0.07252710386301126,-0.16648558460387397
-0.01015752233621398,0.13026147497803106,-0.057931278250310934,-0.055666818623975635
-0.050028726109307226,0.26163090325768684,-0.059810082210444385,0.061982995460343845
-0.09958476207716163,0.3413705046794343,-0.08014712724862444,0.15958051649531704
-0.14533487513254167,0.34877743879327755,-0.11349834037750184,0.21743101397587536
-0.17558141399133573,0.28568066076138976,-0.14916969999495278,0.22767664886731254
-0.18313014208934777,0.17471220599793022,-0.17509863011726287,0.19495145395469407
-0.16601109770646189,0.05070214829094293,-0.18200339273554403,0.1333088747527096
-0.1265425832345053,-0.051535179182199804,-0.16636464347893812,0.060872984037205674
-0.06970063558815001,-0.10860667361263485,-0.1313045712985415,-0.005778546428330411
-0.0018133188416210324,-0.11519741956343736,-0.08522141308091544,-0.05569198695797187
0.06988399944004242,-0.08391803434361704,-0.03881966296201158,-0.08506639558634811
0.13702621500290607,-0.03882922167199849,-0.0016719407573588297,-0.09625939889053842
0.18999329661877187,-0.005389075186643232,0.02049672806877943,-0.09515777348301756
0.21873692778276896,-0.0007188451305215999,0.026980454724174874,-0.08819486615393636
0.21494525040830437,-0.0277452960500818,0.02152086368404483,-0.08014345874086033
0.17511447211991482,-0.07514133919903787,0.010420793293927656,-0.073256386569843
0.10333571603553708,-0.12271845509515669,0.00017434790168455934,-0.06765513292950194
0.01231854803628391,-0.14990203043956546,-0.004503553866397437,-0.062375763583093664
-0.07841532266855473,-0.14389290280775022,-0.0016451390614718171,-0.05635390492152672
-0.14721201251622823,-0.10442623912482858,0.008138900300827338,-0.04886667565271706
-0.17663816622149928,-0.04350178596091869,0.022644770935275876,-0.0393854009446711
-0.15937536245922818,0.019535228185697424,0.03929695010180655,-0.027186795467503334
-0.10136556033950692,0.06542849558055043,0.056041969536252394,-0.01121917022002912
-0.020692721962075215,0.08198275947507763,0.07160855801071364,0.009446554972390667
0.05782598456489294,0.06794309641303867,0.08519043626329668,0.034642223514127796
0.11071183807099594,0.03249416021364712,0.09590379260364706,0.06207261815305758
0.12377433074046845,-0.009139963844373633,0.10246805188190745,0.08689746835149902
0.09700324624868258,-0.042032665081323646,0.10341792998561124,0.10244903332364452
0.044455736811242735,-0.05723426729196823,0.09784744601451954,0.10215080744132299
-0.011001509302530103,-0.05462191407037004,0.0863591931901015,0.08211407941220071
-0.04627826659713678,-0.042001138989332235,0.07170287435706774,0.04343615203206695
-0.04681741869388109,-0.03108408600138286,0.05863596385033134,-0.006860618846831691
-0.01219596776111216,-0.032173219711106614,0.05282319052372344,-0.05693576628975416
0.04363837935987532,-0.04978008319282055,0.05900212486638342,-0.09324112271477947
0.09769142671491902,-0.08088860241073594,0.07900899025130599,-0.10477569177517922
0.12685609631832603,-0.11639210679987066,0.11041922113206135,-0.08705348710386282
0.11705866847885443,-0.14490913304326614,0.1464252216072907,-0.04428415618165529
0.06906369737632322,-0.15726580194490336,0.17717895903749545,0.011222983457357878
-0.0013912532509782927,-0.14977899556093957,0.19230769892072103,0.062482217790943845
-0.06930002868921172,-0.12510785530996715,0.18386248666699886,0.09309827935861051
-0.10983104216669443,-0.09055363048435994,0.1487569503854308,0.09265326776575282
-0.1079153632871622,-0.05478209735845553,0.08988533539412018,0.06034344758600455
-0.06426631951963606,-0.024547936176176004,0.015534473505542988,0.005527761217687811
0.004559158193383974,-0.002872827388275765,-0.0627272043866637,-0.05510786737809954
0.07217515982788078,0.010648681846676115,-0.1329970303309773,-0.10288093644005258
0.11222759923430708,0.01780176632479181,-0.18588037623747475,-0.12315101418509884
0.1083616971404025,0.019202789010321287,-0.21636920459564812,-0.11000628992008225
0.06048050038638122,0.01274355376893406,-0.22427943750656187,-0.06799678738006211
-0.0151221381900732,-0.00595108334066666,-0.21329786107227217,-0.010345918727036822
-0.09182977618674348,-0.041030487456852886,-0.18916115071397313,0.04569261911223029
-0.14266921077188147,-0.09294697120085794,-0.157729980642664,0.08467460673090793
-0.15037503876954872,-0.1557206356851472,-0.12365106466990654,0.09795363173670496
-0.11372329743982847,-0.2165582123612939,-0.08996565472112424,0.08611562428830924
-0.04774963529578313,-0.25857642874606884,-0.05857478818851414,0.058103839389900214
0.022174300620122718,-0.266067165606535,-0.03110083991945913,0.027473757410432422
0.07007783398900633,-0.2305239444729603,-0.009545330988797063,0.007224307796078727
0.07917380966279407,-0.15506423410085124,0.003712554464489448,0.0051108388076866905
0.04794616068412191,-0.05523411414921651,0.006672607036205902,0.021104503775541607
-0.009727276165888261,0.04459792783618492,-0.0010920206881740032,0.04782906907044634
-0.07035662183109898,0.11839635783143825,-0.01740050247140554,0.0736993994959939
-0.11019105439937849,0.14685019862174256,-0.03720310030812638,0.08751580516440126
-0.11446544268493915,0.12403363032314325,-0.05343493186341779,0.08278214437890935
-0.08297459429096289,0.05981708894178617,-0.05887161330072089,0.0601727503043167
-0.0298941950692342,-0.02305359248680104,-0.04842062703903689,0.027294402257552867
0.02196526670668014,-0.0963775878749624,-0.021025668038615816,-0.0041061655545010164
0.05013432226221259,-0.13590766101851226,0.019577337910417922,-0.022423600035713937
0.041154206452162986,-0.1294401140565676,0.06563899623055264,-0.020397420462363754
-0.004393190614947942,-0.08069371780416727,0.10754209641854638,0.0022538664725015806
-0.07233435674822035,-0.007580568060868824,0.13662569922721388,0.03865954733168151
-0.14049864644182297,0.0644956045281538,0.14772095454708156,0.07708689002906303
-0.1871407349000597,0.11186431811847673,0.14051505013522358,0.10484548001038674
-0.1988521249023239,0.12097330305302609,0.11928262582295424,0.11243727595278832
-0.1749400566264882,0.09290222950431092,0.09112908130926635,0.09655909895726925
-0.12674593525553254,0.04242724486555079,0.06344321803152118,0.06101338566950045
-0.07242103621707843,-0.007914108710739911,0.04153892310410676,0.015323397298944535
-0.029446400342596043,-0.03646866863945687,0.027362351985953406,-0.02838883630653552
-0.007979467504701975,-0.030570822404969687,0.019690098588641593,-0.059175992611227995
-0.007642565710523452,0.008888650372076102,0.015623867194149054,-0.07046763750407568
-0.01886320094374704,0.06804749817784418,0.012648867369992559,-0.06174435270817216
-0.027971709449036486,0.12547958232884832,0.010289295286601649,-0.038274064457822415
-0.02374352099332676,0.16030735366885623,0.010568269714674311,-0.009128151184889494
-0.0025519460701259465,0.1599455148058032,0.016999851935015103,0.01580188075744482
0.030035588214984556,0.12461696529934596,0.032500471355590276,0.028828405588300333
0.061828703982072505,0.06705831213017173,0.05713355482331864,0.026642187139903198
0.0795779813481967,0.007662534900574046,0.08676484911059763,0.01106547441262529
0.07508768524515849,-0.0330121092317801,0.11341590645114506,-0.011741949335544894
0.049204455372635014,-0.0415316351690015,0.1274505319011321,-0.03331403672061222
0.011909749763285925,-0.016022152542060224,0.12095855878019023,-0.04552594880251574
-0.02160513197222705,0.0337360231134,0.09112076286904627,-0.04311105671162747
-0.037290199106347906,0.09037437095273951,0.04219828795514364,-0.025367871597430737
-0.02836310709456183,0.1354548439240989,-0.014820219099223585,0.003399078907302243
0.0014021703097433337,0.15592024825187867,-0.06507447540077003,0.034840842338660145
0.038707880451580315,0.14812781622406448,-0.09441380781910269,0.058718355658290235
0.0658057104271514,0.1181619435118304,-0.09420772389679431,0.06573562561801899
0.06765133670779794,0.07859690689573307,-0.06467897232442618,0.050338566955199254
0.038277352192604926,0.04320060108092833,-0.015459406062472914,0.01272247574184705
-0.01622858434619529,0.021739801689484535,0.03702265720368186,-0.040568798817191165
-0.0794389994531354,0.01684673744221181,0.07461406643473556,-0.09775289059890083
-0.13043583605267173,0.023965004951437437,0.08335718193572274,-0.1444923234212716
-0.1515768044144486,0.03412041297290195,0.058281216956521276,-0.1675596935936797
-0.13517220664306862,0.03817614857796779,0.005402375398777355,-0.15854759462236429
-0.08646451171466984,0.030746868179663704,-0.05982412612223886,-0.11657211597396407
-0.021736243873075684,0.012217727171743081,-0.11716876915633352,-0.049105176434743124
0.037728416910678776,-0.01181164213023624,-0.14791897754818722,0.02945922499503583
0.07348998253083526,-0.03324687590644914,-0.14074809666697258,0.10125992667347862
0.07658106021635921,-0.04511371457049151,-0.09525084480162986,0.14957535248608736
0.050391340111123166,-0.04450909009576107,-0.022018749707721805,0.16330643525769872
0.008775020830764447,-0.03369303725986012,0.06071411004303442,0.14002294332897092
-0.029777406160477166,-0.01895993592803051,0.1326977652831695,0.08663341250068539
-0.04954024301601577,-0.007866440801816059,0.1776956782771445,0.017427763506091043
-0.04359518561442253,-0.006046464533072497,0.18798132431791773,-0.04996107269080665
-0.01617932943242351,-0.014955676335320672,0.16594956354448817,-0.09948103243629232
0.01949114981765432,-0.03143836128438235,0.12249932182167024,-0.12099244323670423
0.04694461176113396,-0.0492101250964998,0.07291797090123736,-0.1127165238186481
0.053361692590921356,-0.06154840954190775,0.03176874804807086,-0.08111313420011587
0.03488115166011059,-0.06401299667798584,0.008505288949719565,-0.03832225573035009
-0.001790902909596608,-0.05606279459505643,0.0051690182299885855,0.001928641187892627
-0.04205267453940395,-0.040953556599139414,0.016729484447264995,0.028592428951554026
-0.06922979012360612,-0.024056891161218806,0.03370555490684002,0.036389521195623505
-0.07118919470265632,-0.010405827387680523,0.04598036187759118,0.026810487596824487
-0.0451148745027159,-0.0025676805910218093,0.0464263173567324,0.006864633528468547
0.001401853238023625,0.00024233424789159023,0.03315282319728208,-0.013838523420255034
0.05330690404909402,0.0014683722876117067,0.009766549448591316,-0.02657072985028609
0.09381120972483481,0.005309037145395358,-0.016241644870185604,-0.026315519157519982
0.11058676380694016,0.014495770366906902,-0.03626028851485288,-0.01304943154066059
0.1000017316689153,0.028777129705570437,-0.04345028766836938,0.008817682611179085
0.06782170399566942,0.04480853291102669,-0.03482411798628704,0.032469002537374496
0.026262231496149768,0.05751930757632182,-0.011948729343993408,0.05131592477072246
-0.011264264140209703,0.062370886663726595,0.01977645530874179,0.06124533166298484
-0.035493326204471536,0.05751670518531821,0.052861282897082355,0.06171460423362441
-0.04458285658241552,0.04489967494607809,0.07983143054679305,0.055422209320931025
-0.04408231806361625,0.029766633545793526,0.09504853526994617,0.046832386899035225
-0.04376380338654494,0.018751738861909683,0.0958011080043576,0.040231527491550734
-0.05277308002008912,0.017295743407942713,0.0825243074710634,0.03810232470471068
-0.07521257951066951,0.02746319731752537,0.05827754064233394,0.04040099343468336
-0.10803113782607428,0.047068088154767165,0.027766437028994024,0.04491444320014157
-0.14208451968161342,0.07048223089480296,-0.003779501532522889,0.0484337720759803
-0.16588000743077905,0.09080430342575367,-0.03163243725584436,0.04818394643743545
-0.17039373398180474,0.10250299113501612,-0.05235389279419232,0.04290413877050493
-0.15291440635350148,0.10345233915133704,-0.06427888168171728,0.033178111151574805
-0.11829280348033783,0.09553353763679638,-0.06766241826936409,0.020966857694626317
-0.07707529377568027,0.08357820763885478,-0.06446239668398375,0.008639493802614341
-0.04130714333476858,0.07312253182402838,-0.057756677005995787,-0.002011228985949315
-0.019761459052940855,0.06793857133354615,-0.0508607392338588,-0.010317821867926073
-0.014581177941713376,0.06840015166535067,-0.04631989346055275,-0.016634786341049125
-0.02072318043981592,0.07138638005101447,-0.04505253696024649,-0.021688612224914906
-0.02841892677742631,0.07177277887518828,-0.04595448792921587,-0.025750139808368176
-0.027606082479372105,0.06488019686550728,-0.04618958692797581,-0.028086084879281752
-0.012464340771345395,0.04882979409958531,-0.04218591893231207,-0.027019189633901933
0.0158540786609514,0.025767776110319968,-0.031087805751556133,-0.020639650274036164
0.04945685602605734,0.0013753725077355107,-0.012184092831930393,-0.007890361793182551
0.07683092835376476,-0.017213590611748555,0.012248505636053633,0.010461997291954548
0.08756914305173456,-0.024291541695828485,0.03711772146983849,0.03146043364246469
0.07674937085085784,-0.018093519740885043,0.055807752002496686,0.0504690069574871
0.04714414060375539,-0.0018933178885204172,0.062274565224146795,0.062481292369656036
0.008325800688768254,0.016846291735479225,0.05327085133203041,0.06379744841509336
-0.02699184132921495,0.02903916320104508,0.029885468228708165,0.05344653769259716
-0.04789490261585911,0.02734517079208336,-0.0022599359982806017,0.03377735233480191
-0.049479726473678945,0.009092444718699383,-0.034384764832204304,0.009922196449832254
-0.03461106405765013,-0.022360281100003033,-0.05715902505132692,-0.011748073406252764
-0.012508216525796081,-0.05837140973841827,-0.06372409987867501,-0.02567111566359406
0.005260935677902659,-0.08765435567836165,-0.05207853817552738,-0.028925298653583904
0.009731838008277753,-0.09990113599502702,-0.025935854872023,-0.022184105233757915
-0.001600255633674265,-0.0891430460283927,0.006341005005357667,-0.009433877147081129
-0.023620934319896286,-0.05571449189746919,0.03444726286324508,0.0034606422353482226
-0.045638589130247195,-0.0062014891429221786,0.04959375493326343,0.010840761948773587
-0.055822004664074505,0.048533137987116434,0.04751032034670745,0.009249853888870523
-0.04623860928703029,0.09651786788319021,0.029910346697444197,-0.001364649612416255
-0.0164331754705864,0.12796290538124147,0.003855736869308506,-0.01766034078322556
0.025943993090550236,0.1376563543897692,-0.020789860076814784,-0.03410130459457813
0.06777387171579975,0.12584367143539804,-0.034930511214768416,-0.04491135760796981
0.09537394060529092,0.09752546344031658,-0.03355018478988964,-0.04608306714567869
0.09975645971889942,0.060611529656474566,-0.01756053075146416,-0.036745423251678073
0.08016667350835771,0.023645682005260432,0.006503454736266516,-0.019438368254113332
0.04449409938288318,-0.006196732411237352,0.028846973021435632,0.0007628167336012227
0.006373771112998921,-0.024381233908511282,0.03999008399337494,0.017932972888020888
-0.01991197736842726,-0.029436922753053058,0.03425672625068214,0.027193036394707996
-0.024768793682227157,-0.02268966093534952,0.011908332853548956,0.02617984115823401
-0.00682234879647041,-0.007590785058069161,-0.02085289892355743,0.015636436901241273
0.026675292190869473,0.011110818940776625,-0.054006462112515585,-0.0010059469293584233
0.06266662809185417,0.028232010645682586,-0.0771826919357023,-0.018841441284003287
0.08720159197945136,0.0390426703782621,-0.0832177218440283,-0.03304636233721553
0.0905374024482799,0.04017925041526129,-0.070520403855967,-0.04026251038365555
0.0705077226862825,0.030494360545761785,-0.043432641244325346,-0.03940367350044602
0.03297151111946453,0.011618143096322708,-0.010511960328153911,-0.031713822424136236
-0.010686750256888188,-0.012063724832046475,0.01857857421587062,-0.02016107813467397
-0.047908558784078806,-0.0342323406412897,0.03640448945404143,-0.008440779975825772
-0.06941842505783336,-0.04823302840181034,0.04011216160903386,6.950664236859727e-05
-0.07210255782301855,-0.04909348404398394,0.03200348863351342,0.003112440426999914
-0.05934314919192154,-0.03533467210218983,0.018227207934291192,-4.801616141793702e-05
-0.03889981207824933,-0.009875994346700247,0.006181711574355247,-0.0086373798510383
-0.01938788985149954,0.020452143830721012,0.0016705605621056283,-0.02069435530132078
-0.00688148574979935,0.04681901202665378,0.006884642747657845,-0.03356515963405092
-0.0029977954164622077,0.06121149474989715,0.019908689568139945,-0.0444421193304766
-0.00510222346118253,0.059223609674322046,0.035826619217415326,-0.050865089994137344
-0.008335039466042249,0.04178140741456492,0.0488814989609968,-0.05114332998650499
-0.008403147095900471,0.01506638117233981,0.054772137931197985,-0.04466821028282853
-0.0038166041194049195,-0.011477900011670362,0.052174692710535,-0.03207624093274626
0.0034286905587507825,-0.028446160236900293,0.04294447998758342,-0.01520897969769524
0.008972873523965131,-0.029921921013672373,0.03101845385667591,0.0031724128840897345
0.008433270349501181,-0.01578490600159144,0.020567098849167496,0.019911187837517847
-0.00017611075941705362,0.008058952368617782,0.014223332061446799,0.03213315715103126
-0.015122009111517844,0.03171370980704581,0.012140693790997928,0.037918778260166756
-0.03140304278038474,0.0449231926144504,0.012246269462906889,0.03677357511529073
-0.04284110227879676,0.04097729377277942,0.011524662736646377,0.02973367400618357
-0.04491508582260164,0.019414806490519756,0.007722163159356924,0.019044104774777706
-0.03705994586689394,-0.013552000396809188,0.0006815155848164261,0.007486631215234284
-0.023335450760798394,-0.047127211266873394,-0.007319871657499384,-0.0024400419855151252
-0.011044878940955582,-0.06981125097741235,-0.012421612587253448,-0.009223455492089151
-0.0077722291315018175,-0.07363645708394465,-0.010892560571663374,-0.012692579253651195
-0.018027760969418258,-0.057149655966224525,-0.000982374881547954,-0.013913582676029419
-0.040928917149957285,-0.025979559769501025,0.015903124483884354,-0.014678864897747517
-0.0699789548298676,0.009264237554416783,0.035270384816804445,-0.01678735920604613
-0.09517372935739465,0.03698666001897557,0.05092312521542934,-0.021383507605328506
-0.10670375427050091,0.04897693233689914,0.057193095687908944,-0.028588185179439184
-0.09882355246300598,0.04346597590265427,0.05117401953744436,-0.03753158845571223
-0.07233106537512976,0.02567360899919256,0.03407080332030373,-0.04673667597419819
-0.03460616415346413,0.005612463854470578,0.01108302222942339,-0.05466883001012825
0.0028924272243866004,-0.00601427954040822,-0.010213090647341418,-0.060217284910758465
0.028756524378847747,-0.0022265202269943756,-0.02244573781069849,-0.06292521979813563
0.03579973198419655,0.017246274154403357,-0.021072677548659123,-0.06291305577811475
0.02364166653539594,0.045609119945865174,-0.006092747725258412,-0.06058501406154148
-0.0013154648697393312,0.07146642778495096,0.017793453136220435,-0.05630607624424835
-0.028514245291427678,0.08319748070520976,0.04265228795400357,-0.050240294854298616
-0.047437264370016295,0.07357286433219465,0.05990722599114371,-0.042449141695951154
-0.051708652946577886,0.04282341356602709,0.06314650347806697,-0.03320203943959017
-0.041476328141445695,-0.0010536175487691176,0.05018209857406162,-0.023319458765571673
-0.02313586490638286,-0.044919204923903853,0.023680060956981757,-0.014318060744505635
-0.006521200312510194,-0.07509777598280423,-0.009798371725022776,-0.008190020203788569
-0.0007033602909272116,-0.08225477845940882,-0.0419507947653861,-0.006807049454552698
-0.01009806519796933,-0.06473220314390839,-0.065301535210893,-0.011129741679778383
-0.032460929302284044,-0.02911180166193809,-0.07531342825457235,-0.020539609277116386
-0.05959314531013007,0.012178156046894694,-0.07139660767544788,-0.03262465846064544
-0.08049364862027059,0.045293247435195756,-0.05659969430977397,-0.04361686520161908
-0.0857112425361408,0.05978221142968053,-0.036236976143434664,-0.0494402231576345
-0.07116533041354113,0.05201828287099696,-0.016036074368380344,-0.04707003735777765
-0.03991012205383979,0.026060936668356245,-0.00047675762344586206,-0.03573363037556245
-0.001130897061013397,-0.008246665217069167,0.008172522479235722,-0.017479448117828776
0.03324395015939808,-0.03910424534812756,0.009938061010317174,0.0031754982517546953
0.052991778957270703,-0.056989344322369954,0.006504195744297851,0.020495447229526224
0.053370707666840926,-0.057715720364765764,0.0002430587420277974,0.029313874444897338
0.036762270810314204,-0.04327009795339858,-0.006663697378848054,0.02677313294966802
0.011571946147365949,-0.020295928826958687,-0.01272215986803109,0.013403309824064099
-0.011143011589917992,0.0029926029379907034,-0.017181816817648906,-0.0068741583180698205
-0.021969030887287997,0.020127208964571347,-0.01979712613225567,-0.02787251847897804
-0.016670146081030728,0.02859973404507166,-0.020540210085172057,-0.043053667864610956
0.002391188399574582,0.030180127287583763,-0.019467216658034175,-0.04760065588756947
0.027439429313480923,0.029374463382081283,-0.016796487896867485,-0.03994882617139369
0.04853644988460004,0.030830009307130573,-0.013095160707622035,-0.02225329611499625
0.05756003235053457,0.03689198308254913,-0.009380206126409453,0.00036410715369667796
0.05132536198008062,0.046391503686561454,-0.006969110867249078,0.021522428294233478
0.03265085268275785,0.055166938767829146,-0.007051168163817365,0.03564977445967644
0.00902085413941586,0.058047541256389834,-0.010123823554888962,0.03970333889089536
-0.010537334852295183,0.0513901226113067,-0.015558268667597809,0.033970192541386814
-0.01905480297187356,0.03502376686033956,-0.02155469055151162,0.02171483902579844
-0.014247429951392731,0.012717574468381124,-0.02560724291773106,0.007850474987193861
0.0008441403647537955,-0.009074385267957907,-0.025375245814963834,-0.0028544658322135867
0.019377158000104065,-0.023692964399231076,-0.01964890705172185,-0.007383358692124592
0.03368785368561364,-0.026948290159258922,-0.009005540351481614,-0.005340392682935361
0.038459333038840776,-0.018861724350640326,0.004168191120189473,0.0011768334801027767
0.03277246478637694,-0.0037281528475278207,0.016378601249878836,0.008587481288870989
0.020237960489927723,0.011552871496856945,0.02424288177536211,0.01329559883285623
0.007224941522299502,0.020208390024723223,0.025773601227774535,0.013052218575267852
-9.718838318119534e-06,0.018273527514539967,0.02120985443514865,0.007722498123974902
0.0019495576695580078,0.006129266678906165,0.013017803046284197,-0.0007812618914539724
0.012241713501952406,-0.011725608421563324,0.0049960092222252565,-0.00931806646683962
0.02617240189164113,-0.028562059063512325,0.0007846443182393596,-0.014735539079685313
0.03731916496128217,-0.03817958794573031,0.0023440287746501346,-0.015012649921055417
0.040381933923004626,-0.037395581504895255,0.009020101196954159,-0.009917743751340106
0.03355473712265776,-0.027246419117786344,0.017617418864623865,-0.0009824515690478237
0.019402765790151714,-0.012425053107546349,0.023520061417859454,0.009140096750770646
0.0038617476785716707,0.0007831837531109282,0.02248182330040041,0.01764494661649351
-0.006232480583812103,0.007181900924289557,0.012416747999696467,0.022493234122791493
-0.006056946660501134,0.004827878364747526,-0.0055176075006011256,0.022958226050122432
0.005061598016176647,-0.004229592396470601,-0.027011899150832595,0.019653440341641962
0.02319010026857765,-0.01493580984355492,-0.04590467311139567,0.014107007750623086
0.04122793367570985,-0.02151443344774079,-0.05625770220905071,0.008107081149008016
0.05167703366118403,-0.020068537062425496,-0.054460707914706995,0.0030960943035215657
0.049631147184429854,-0.010382474569261302,-0.04058362728086849,-0.0001721999303978429
0.034778085210313496,0.0038580783236697685,-0.01845812848829629,-0.0016402637911189673
0.01160626292458522,0.01654446948333309,0.005563428350049367,-0.0016970999576002843
-0.012268890200274352,0.02171831486252893,0.02473102151739571,-0.0008446311391282793
-0.028988351161688887,0.016164172152206335,0.034132534325784586,0.0005426349132416051
-0.03339376859386145,0.000922074605275178,0.03223427622351419,0.002266537505797287
-0.02487227575737436,-0.018942123842847044,0.021186300172288213,0.00418204520286771
-0.007397071271540087,-0.03625050960509828,0.005821367928112406,0.006017363744950186
0.012208773081013091,-0.044548370298589914,-0.008235009948286522,0.007281661657857788
0.02704887747764831,-0.0407033967744416,-0.0166063525043509,0.007353809468286802
0.03283488336681205,-0.026193278361047755,-0.017591725220107136,0.005741423191614291
0.02940389184788232,-0.006535546498773432,-0.012475746525464139,0.002394580481645241
0.020501028411434523,0.0109252466552282,-0.004672505199403672,-0.0020935405240486682
0.011974467805038254,0.019978268251087013,0.0018899724068599116,-0.006536551412909283
0.009172781854223284,0.018044266591806468,0.004457179432936716,-0.009488860064740074
0.014640707047776756,0.007181034845762684,0.002521406424319347,-0.009764356371208819
0.02706061686575097,-0.006825323924592883,-0.0021290821994758864,-0.006938930467123868
0.041852459104175475,-0.01691850435518882,-0.006361351550896305,-0.0016161582929716959
0.053150788594225826,-0.01777225243237612,-0.00721357393765152,0.004686775513916737
0.056311633460828535,-0.008093292547933518,-0.0033149478672473073,0.010027468076874272
0.04989491056060453,0.008735854042830416,0.004398809253517764,0.012736503638614418
0.03629960957073112,0.025961351657278666,0.012980547836717789,0.012059562132691236
0.020797193207389,0.03619734159513932,0.018657663094683953,0.008481034415747877
0.00937478336124953,0.03449132242409101,0.01841614307730717,0.003580077094674636
0.0062879433631551395,0.02046021166584579,0.011322295495277595,-0.0005483221679821124
0.012334382546966663,-0.0013922025207781749,-0.0009727816868473812,-0.0020969848364763583
0.024553506300755954,-0.02333313436312908,-0.014767121422046527,-0.0002645369348455601
0.037463694027617574,-0.03738861202596319,-0.025676931760876254,0.004400628633768449
0.04531698625209288,-0.038470882665895954,-0.030296393939368987,0.01017926384735219
0.04443986286926297,-0.026390278394571337,-0.027484934990195546,0.014827701264799978
0.0347050006893788,-0.005939874789306179,-0.018769440809604708,0.01644859476214195
0.019546938040639217,0.014985722194461443,-0.007706596018401661,0.01424762641123483
0.004537955169525451,0.02848653245969031,0.0015312873642584842,0.00887594773244817
-0.0048718659756050485,0.029731024762153162,0.005775031881879523,0.002216730971559722
-0.005515571709046399,0.018783778750601655,0.00403527473128967,-0.0033083751785606998
0.0023056649925017863,0.00046983857084242973,-0.0022224456775136294,-0.0056471871210308335
0.015073618714620669,-0.01764814170038191,-0.00979324793649442,-0.003887501690764684
0.027601868551291087,-0.028346291274948858,-0.015126776270405982,0.0014087757146114838
0.035213495782678635,-0.027620341988557055,-0.015818114649860854,0.008435430460113552
0.0356335661326151,-0.016214548917311625,-0.011585699684562847,0.014841383441355249
0.029819416860647895,0.0007977698289560747,-0.004346197063024954,0.01862183192486906
0.021408319556000185,0.0161823395924284,0.0026278121765755807,0.018850871235179187
0.015044099993361601,0.023553631231754652,0.006105227840283588,0.015972871803067397
0.014308446883009637,0.019987557029495406,0.004264012114193779,0.011549190423954499
0.02013767971568142,0.007174582299708898,-0.0025359595900391013,0.007575111393013125
0.03039109319687052,-0.00934172511285727,-0.011888076837594672,0.005651190530642844
0.040746326079336814,-0.022507957430694267,-0.020318200056353916,0.006345822567245975
0.04653785498867605,-0.026708440373410153,-0.02469725714664601,0.009001998010427182
0.04476044090018025,-0.020100167468853337,-0.02350268592195302,0.012056433087573239
0.03539302987331037,-0.005378771893586059,-0.017412583713052886,0.013729691541608172
0.021485296498823213,0.01133047217556517,-0.008996383575546666,0.012796988396370569
0.00796683961215033,0.02299163035239088,-0.0016399146881755583,0.00912090214063529
-0.0003289482285489889,0.024546897636474472,0.001844176625174506,0.003729300928660391
-0.0006092917400853475,0.01498977301582709,0.0003458118290887797,-0.0015889114010196553
0.0067667334762228975,-0.0022216562738485695,-0.005133705198211335,-0.0049996023080362715
0.01846404242783992,-0.020571155621228798,-0.011950779629141902,-0.0053546029492011525
0.029555017498359273,-0.03312530606795739,-0.016959332177098795,-0.002639651613927571
0.03553414910004614,-0.035323653592372814,-0.017839409209244303,0.002039424268959571
0.034132017839827826,-0.026780441733791575,-0.014060527039044585,0.006918959599453388
0.02618687226188283,-0.011373878685601918,-0.0070839908377904335,0.010291091599348287
0.015227539398332617,0.004394823615488144,0.00027060678815965885,0.011171794486094327
0.005956239184636853,0.014083147260279665,0.005020586965119933,0.009650410660217684
0.0022717328765218306,0.013921872752851214,0.005271356775848405,0.006784501138642021
0.005656010918263995,0.0042943893587991,0.0009989901369620302,0.004095227915694483
0.01458825320493738,-0.010510161714308006,-0.005960058691856313,0.00288442320029477
0.02521719091831412,-0.02414560521881088,-0.012701876737250309,0.0036661112052981614
0.032998848566084024,-0.030877927393760843,-0.016492049394457097,0.005953409799861798
0.034608867427774796,-0.02796426526970718,-0.015922991616270837,0.008488975539011012
0.02933091228834359,-0.016762159977064525,-0.011503105650955258,0.009818001060257884
0.019347177325547443,-0.0021232480445617158,-0.005429255638258898,0.00895672353479543
0.008817846610576378,0.009661441880621145,-0.0006382281537370547,0.005867732208595437
0.002140473886821118,0.013500607680885115,0.0004629823425084304,0.0015336164246968226
0.0021181847582768653,0.007627011679042118,-0.0029485608921245594,-0.002410779350434455
0.0087984810144272,-0.005671267018979918,-0.00972143177285452,-0.004340515694963404
0.01946091893937924,-0.021008346267250202,-0.017175328387054312,-0.0033236166802024314
0.02975199831976113,-0.032141260982061604,-0.022204036865486013,0.0004615744644977528
0.0354897462956448,-0.034559066892736676,-0.022579967337483766,0.005754784659748891
0.03438603962728475,-0.027346025976211046,-0.017915531386353146,0.01068536353293033
0.026974038998595132,-0.013550363179123462,-0.009874544694557537,0.013501089069650796
0.01636263427272412,0.0010877054570477102,-0.0015352629802855115,0.013260242058115403
0.006928664378740522,0.010515309719844775,0.0038417258733699318,0.010205235969551068
0.002497032073252978,0.010864540308382947,0.004138476753157778,0.005664208636755774
0.004766826112380707,0.0020348815626546044,-0.0007474574843406305,0.001518641927123266
0.012633591352646445,-0.012289605733460881,-0.008844951111592121,-0.0005483121310076074
0.02268101479959304,-0.02618781797943886,-0.01689566979858472,0.00028096511489845766
0.030627816401404436,-0.03396586070730719,-0.021667736396921974,0.003644636659238192
0.033120642337327456,-0.0325135536226379,-0.021261929179237547,0.008165052384442793
0.029124585499268312,-0.022577874202758877,-0.015877181688028586,0.012019560317901948
0.02033565699630856,-0.00843069948451442,-0.00772267842043296,0.013683111081918812
0.0104503177040005,0.003924553674815909,-0.00011294982358624452,0.012539397000120448
0.003603876429960621,0.009257989456613658,0.003883360744787112,0.009113751040413112
0.0026336918264408694,0.005288369298030585,0.0026883177433432077,0.004837966373060087
0.007892449700082103,-0.006373073116185568,-0.003154795406387423,0.0014495431144341776
0.017104062900820432,-0.02089836220602332,-0.011220109028808678,0.0002764143899473489
0.026318317745799413,-0.03225383286093482,-0.01820482032872025,0.0017022500387102277
0.03156271004306011,-0.03570947142743846,-0.021285797983451604,0.005029696102200594
0.030501290988493104,-0.029804886049043217,-0.019269068618528902,0.008792386989448368
0.023409912351217425,-0.016957577282248778,-0.013061948802705104,0.011380658960738609
0.013063882804442083,-0.0024632304460931497,-0.005278389278996973,0.011717525394187571
0.0035873923522665666,0.007695806015256584,0.0008543575569036606,0.009703284291249583
-0.0012548569491367403,0.009324943917580248,0.0028328650309696305,0.0062458421171784516
0.0003865671553208862,0.001750231092819836,-9.450862990582082e-05,0.0028677389602891432
0.007687234930344419,-0.01190614933172426,-0.006631416455348358,0.001057318592611399
0.017499105231272447,-0.02601944375850026,-0.013987417791547878,0.0016372080680846434
0.025660415266277613,-0.03478755113125163,-0.0190483873282817,0.004414683992631745
0.028718931507284107,-0.03462501531901473,-0.019675751269694106,0.008259703115042689
0.025353361759811063,-0.025636473902532715,-0.015595296355761267,0.011577234890257842
0.016905974058558686,-0.011562896541096728,-0.008508013230858135,0.012975825131751504
0.006810370179747393,0.0017734948163563844,-0.0013788387382836023,0.011852577853315885
-0.0008429375291927289,0.008879363081165858,0.002799903897113332,0.00864981162157839
-0.0030045295290797537,0.006857441749651876,0.002256235692047389,0.004675709476865696
0.001077136359715832,-0.0034056128678578166,-0.002820696277978807,0.0015631268221128602
0.009558536849284852,-0.0176185738884491,-0.010354225850421138,0.0005916057870015353
0.018781515196438166,-0.029871037002862144,-0.01723776240239993,0.0021547999764198137
0.02480204713801137,-0.03508292812214607,-0.02062098589928742,0.005595213072745983
0.02502943853171207,-0.031103615150476892,-0.019091663295926393,0.009475520951575233
0.019295409440546737,-0.019593623019393495,-0.013263320281089277,0.012174261206569543
0.009912270703466331,-0.00532752684229868,-0.005524995279406357,0.012558770702073684
0.0007008177627056883,0.005789660231719119,0.0009438440619545596,0.010455978952657015
-0.004603925008350569,0.009169019842811101,0.003486010046425537,0.006725424312795472
-0.0039046777308055607,0.0034341525233455633,0.001064127526366621,0.00290386961021638
0.002392409991187561,-0.009015653175604498,-0.005310833797049583,0.0005686549196126266
0.011554908639336838,-0.023005481547716037,-0.012997193471333086,0.0006836672944264174
0.01966650730943749,-0.03273106361546101,-0.018813680526421767,0.003199101221663236
0.023256923761807175,-0.034161151668885004,-0.020353020423498305,0.0070710191431292
0.020741205399591185,-0.026701887437754004,-0.01697518724278207,0.010692731896928938
