ch0,ch1,ch2,ch3
-0.005111605697082346,-0.028418773472616513,-0.00880568274373976,0.009991270664201295
-0.006355923842001162,-0.028694126459273418,-0.001803921100587166,0.01136306766022804
-0.0046887791054846095,-0.03103392804947909,0.00479178515578441,0.010955330392547742
-0.0008620812785420603,-0.03427947557726506,0.008259484785452834,0.008949023413049482
0.0034724479676520965,-0.03689848794583369,0.007177494174029336,0.006176580559537042
0.006448454861111706,-0.03761982853995008,0.0020099826811611037,0.003776377491474014
0.006761806716336532,-0.035958015090104,-0.005088980367728323,0.0027252836484629515
0.004215902265413588,-0.032410662944358654,-0.011170039717611564,0.0034412143480502147
-0.0001926222567939791,-0.028248240140294142,-0.013710051964439429,0.005617206536105786
-0.004685320408726749,-0.024984796634955748,-0.011654365941240944,0.008352562247915621
-0.007441047574268862,-0.02375033157484356,-0.00584925498755018,0.01052485946428209
-0.007356015010442373,-0.024825483987798408,0.0013126472218922415,0.011249020694959606
-0.004507935429249882,-0.027530899779063506,0.0068849673789597035,0.010235680573185761
-0.0001292913742325398,-0.03051561817824684,0.008585826034928162,0.00790395865416993
0.003901516400142848,-0.03232285679228406,0.005737226607749081,0.005205140281451903
0.00584129327836398,-0.03199670492779565,-0.0004617971268565305,0.0032317844468900364
0.004810953624728232,-0.029477108644777886,-0.007438650891698892,0.002773211975495088
0.001167735307497398,-0.02561961358264869,-0.0123158831820757,0.003998386476441541
-0.0036366553908262016,-0.02183328103457519,-0.013100646056673406,0.006393496361378432
-0.007655798608797718,-0.01948946779819048,-0.009502271240236464,0.008976767360354474
-0.00925865575753352,-0.019349349535077297,-0.0030414025384340204,0.010700346303410912
-0.00781312696006257,-0.021249556754790257,0.003590937732107916,0.010874335130628583
-0.0039568119717369905,-0.02417675531201053,0.00765493633938334,0.009441070631092492
0.0006609349971727048,-0.026698850855272276,0.007496731513692119,0.006990497085040986
0.0040617044655108046,-0.027570938542997102,0.0032254605072495448,0.004513614320159689
0.0047634705522443125,-0.026260717705993697,-0.0033461159138669064,0.0029969303801530654
0.002405013768840462,-0.0231716527465854,-0.009468952041613772,0.0030237295410480876
-0.0020932577775415874,-0.019468842337637696,-0.012610261070402903,0.0045429696821952395
-0.006903334096100899,-0.01657956423298028,-0.011509364731911864,0.006896774437374804
-0.01004708013309805,-0.015577992839601389,-0.00669677604509845,0.009091988071548306
-0.010224337051448517,-0.01671391435764002,-0.0002613820654542284,0.01020325222737199
-0.007366364782627478,-0.019286855876776247,0.00503529628134257,0.009743936027365842
-0.0026804988099728426,-0.021923672665455595,0.006926371800146541,0.007856794852607296
0.0018383294117465354,-0.023148660693621488,0.004599611508498994,0.005250995695053705
0.004231559498521271,-0.022011063187490767,-0.0009521520402312541,0.002914951906534017
0.0033968214517996645,-0.01850759235106155,-0.007338410213339577,0.0017234003149232907
-0.00043819246624003536,-0.013619463309498637,-0.011768207509550935,0.002096890332329161
-0.005789671348186103,-0.008941340616496726,-0.012222642893401638,0.003847469851305728
-0.010515977924033656,-0.006048646001940875,-0.008313652129978415,0.006267089583977377
-0.012698734430612268,-0.005859911944775964,-0.0014689744337159725,0.00841733422417029
-0.011444813149844696,-0.008256181265385524,0.005637860378341556,0.00950025901886648
-0.00727561383848636,-0.012116774852966194,0.010180297163490453,0.009161416677134122
-0.0019366876041018934,-0.015761530576013753,0.010344143516857866,0.007607693072935993
0.0023016942507420343,-0.01762296961617783,0.0060834880658388255,0.005499956647552367
0.0035714682351833662,-0.016876228993383487,-0.0008474718071068611,0.0036713923393231237
0.0011825868820687301,-0.013769676830724198,-0.007603432223901516,0.002789919630124908
-0.004072996991389597,-0.009519390652373949,-0.01140921184260034,0.0031009916464547864
-0.010219472943159304,-0.005807555417933198,-0.010697801766466954,0.004349841984976605
-0.01488208969899485,-0.004086445359904718,-0.005758561694216329,0.005906748442156678
-0.01624313239882128,-0.004970113246404722,0.0013705758772044152,0.007036803663519056
-0.013780797698696114,-0.007962217938914036,0.007723445338727519,0.007200242679162543
-0.008488839222584851,-0.011633900215237462,0.010603907353142901,0.006261857335630615
-0.002485021343508954,-0.014184492852635374,0.008674129895594643,0.00452958685736089
0.0018347926518017493,-0.014163202950089037,0.002491942105064617,0.0026143115213297556
0.0027544548410111656,-0.011064032051887402,-0.005716791223272503,0.0011749475794051597
-8.140546725718749e-05,-0.0055554823253198635,-0.01295209679730884,0.000656061472271314
-0.0055391097283751444,0.000748975301450733,-0.01663166363986633,0.0011232270375656716
-0.011470799325058933,0.005892178411085832,-0.015595364771545774,0.002257050969617724
-0.015596325092217714,0.008312674549055125,-0.01052029129256787,0.0035000511732043963
-0.016429841310523108,0.007435578821337116,-0.0035902795980611553,0.004289493687254964
-0.013871214071982184,0.003888238328915591,0.002429525216918013,0.004278396255035178
-0.009220844123935243,-0.0007380635574549675,0.005322440558171744,0.003457254590181668
-0.004614371990021913,-0.0044830038093399025,0.0042881182154538965,0.0021343145496992566
-0.002113287713344066,-0.005736644455638629,0.00020008221664487717,0.0007920683185561684
-0.002830067324560293,-0.0038097733372058663,-0.004835777900893507,-0.00011322769042676259
-0.006453070248734731,0.0008531194326546367,-0.008418572400992322,-0.0003234614071515975
-0.011372026699514716,0.00688313066307843,-0.008880249440592868,0.00014586126663964488
-0.015356654140757701,0.012520637909226497,-0.005969164997445123,0.001049661316643512
-0.016510673129819155,0.016257624989177058,-0.0009082270753208881,0.0020482363217321493
-0.014106175868062187,0.01734385368417478,0.00418360696493226,0.002867930865291651
-0.00894789064623492,0.015979046172001275,0.007246255405599523,0.0034154993042015322
-0.003106123035257437,0.013144897843024516,0.007191341038951324,0.003798379290950249
0.0008855727717471096,0.01017167827599936,0.004375609422285445,0.004246595543623268
0.0010514093517032257,0.008228171397208587,0.00042865632058365405,0.004975331200217712
-0.0031971269006582817,0.007936433582866713,-0.002491870625211453,0.0060518711028472
-0.010761437631809503,0.009244711195808912,-0.0026953796467353527,0.007326930454175802
-0.01921468317586408,0.011576026310914667,0.00023096584467519786,0.008461122624292293
-0.0256864196469682,0.014157026464386692,0.005157855895421212,0.009036035025391858
-0.02793079867821039,0.016367948007774427,0.009828832052820034,0.008704117737906738
-0.02516359761292976,0.01796286615305962,0.011798335195745442,0.00731698917275035
-0.018345999932864388,0.019081028304605993,0.009508163539171149,0.0049829656331419215
-0.00981254020462446,0.020069928281167885,0.0030476582426368203,0.0020355131057273276
-0.002397863922589302,0.021223791538685696,-0.005737141496033881,-0.0010692888878113544
0.001591372884666892,0.02257202385557398,-0.013857647780824925,-0.0038820258800250965
0.001162508256872217,0.023820239464592927,-0.018294702979096723,-0.006066184311915408
-0.0031083687786762097,0.024469214883983206,-0.01717284973980688,-0.007447411874936478
-0.009422754478353265,0.0240513762106919,-0.010526670220505583,-0.008000451427747086
-0.015537337788009996,0.02236949317201228,-0.00034564689593349115,-0.00779594411593446
-0.01964043716406838,0.019622289265909126,0.010130594648066439,-0.006943371107061487
-0.020972957414956042,0.01635537037422977,0.017596306488211654,-0.005561473472999754
-0.019962920107514534,0.013257600718091987,0.019882173862291186,-0.0037871811951809683
-0.017855764323828648,0.010894856909348884,0.01671044891343638,-0.0018091737065464631
-0.016034270216657095,0.00950198112409007,0.009717995490600727,0.00010462129541884165
-0.015343672003730156,0.008926597542633814,0.0017558128248074312,0.0016164186010955304
-0.015720570380828,0.008747817653359174,-0.004240805908362333,0.0023786814382347004
-0.016279420870270147,0.008511264604638096,-0.006354749342955584,0.0021325158287197506
-0.015802542144141455,0.007967037636626713,-0.004329860531126908,0.0008089769327203299
-0.013399535323636606,0.007195022896755088,0.0004801184913077805,-0.0014103693652349181
-0.009027512158255223,0.006554316206383044,0.005802531480700086,-0.004106050944309516
-0.0036262498307240215,0.006477341980737946,0.009464497638688828,-0.006712164241785433
0.0012055068527914191,0.007206364216228857,0.010303830139383548,-0.008661433783210139
0.003860149085179519,0.008604280852170397,0.00859650349728051,-0.009536686461485044
0.003415264555505391,0.010145102982199629,0.005839339823383179,-0.009178312083063744
6.195237283902438e-05,0.01111160937485529,0.004003343155453705,-0.0077140184177573136
-0.004933024598443381,0.01093134385891621,0.004595562644932725,-0.00550654852832146
-0.009731296005569597,0.009510170251128708,0.007943093361696806,-0.003044286742271675
-0.012687569271225446,0.007408848967009164,0.01301196715780189,-0.0008165782532656096
-0.013048243282458101,0.005762110018157212,0.017840748648654328,0.0007861119557158763
-0.011275642488322442,0.005941654390477105,0.020403168462267675,0.0015248773088937884
-0.008843309023530003,0.009072849119092882,0.019528511748202998,0.0013196498060792658
-0.007574052984739749,0.015583584739803633,0.015480825408644561,0.00023097353666263326
-0.008795362033601579,0.024962114520189437,0.009939581802439798,-0.0015602889233507472
-0.01267772014746721,0.03582686840642125,0.005375368911025762,-0.0037635719183107034
-0.018057239051748247,0.046293792460401925,0.004068932209968954,-0.005987028666161312
-0.022846798323159237,0.054513130134482425,0.007173696947395244,-0.0077657636525427075
-0.02488933746153092,0.05918421312277893,0.014207412255007053,-0.008631269029091686
-0.02290825979051893,0.05986960107573969,0.023184121823021146,-0.008224988569368962
-0.0171499342869187,0.05701288501053377,0.031336257784008704,-0.006429924222192061
-0.009423137811717195,0.05168236769147868,0.03613702208044899,-0.003469404139619799
-0.002480434439124586,0.04516602305987513,0.03621428359520177,8.304142034812819e-05
0.0010389105450344996,0.038588924254788666,0.03179692441703906,0.0034162045061759813
-0.0003103554736254952,0.032695367883075754,0.024530362586901826,0.00570396952657564
-0.0061210736602566864,0.027849672605944,0.016756922251475053,0.006374526307861693
-0.014191021761121119,0.024203492836177322,0.010570754157687167,0.005327952623797674
-0.02130928743018435,0.021902413469902224,0.007038371855941912,0.0030065968292501064
-0.024487769940240753,0.021195107852871507,0.005893542756085807,0.00026764239743937157
-0.022161013602081604,0.02236868470846275,0.005807198701308854,-0.001918144647300677
-0.014871375082312895,0.02553541374005495,0.005089194380080399,-0.002841317025251934
-0.00514569452547914,0.03038963954491374,0.00250252552075379,-0.0023573939391364498
0.00341644570552411,0.036091738909589687,-0.002165069069971762,-0.000984895580215181
0.007507320182925456,0.04139468276035271,-0.008010398809509883,0.00026775313240442073
0.005402928042413728,0.04502075801784263,-0.013427259804428845,0.0003065547990030774
-0.0023286307568537875,0.046166913359511785,-0.016823954184477463,-0.0015542848181712265
-0.01299458736010849,0.04492700982396937,-0.01731864606686243,-0.005205925455077027
-0.022774016770351506,0.04241593180153171,-0.015102148998956814,-0.009642101622013306
-0.028169894470332302,0.04047705952719877,-0.01131150182691966,-0.013220217028340198
-0.027358693162985143,0.04102009387628014,-0.0074795764265966815,-0.01422642085026406
-0.020912549413891104,0.04520555727824247,-0.004817538192396181,-0.011553571438735153
-0.011608961563574698,0.052791725063413994,-0.0036631127805933058,-0.005233464288797978
-0.0033967349156772764,0.06193815946780052,-0.003353749959346784,0.003405269078465221
8.46508116440431e-05,0.06961290043581515,-0.0025914378694120725,0.012057352458255064
-0.003138149740668324,0.07252567408886566,-0.0001395207600088663,0.01816477866446757
-0.012658965240849827,0.06829181831007093,0.004467681889016402,0.01980527918793776
-0.025887055896965362,0.05640995437508207,0.010541058084258682,0.01642148833970278
-0.039058005978871255,0.03866778748491122,0.01638359777112038,0.00910231887769545
-0.04865045185227758,0.018774446861492704,0.019940603415873573,0.0002786164707343609
-0.052646539386048664,0.001293185737139462,0.019694633105726146,-0.007090114245740829
-0.05114731788753319,-0.009786230479009362,0.015419122029714773,-0.010562065499919556
-0.04612200573244393,-0.012343641801756431,0.00844165889440458,-0.009112098944547117
-0.04042328266050506,-0.00682612711036746,0.001260631480188116,-0.0035390249022864014
-0.03649641764038328,0.003919336990712717,-0.003369445686936516,0.003792516930845526
-0.03532864468912699,0.01563795705081595,-0.003532156097274945,0.009803605890900713
-0.03607911736077392,0.024143344619025994,0.0010267119349424406,0.011845062261718739
-0.03654256290296916,0.026756575909886796,0.008706074870752733,0.00871025443303132
-0.03424869808042613,0.023195938596156977,0.01660250779397059,0.0011285360111438587
-0.02772823816935291,0.01560337157340003,0.021618656657475862,-0.008462684760519507
-0.017396854990121086,0.007708090831175351,0.02169734777735808,-0.01679920987213387
-0.00565535798944317,0.003441365202473017,0.016681629536794536,-0.02100464300552059
0.003879470090994299,0.005511599145343492,0.008435527405696194,-0.01968273231154638
0.007740021960685864,0.014453613387995999,0.0001505512222171746,-0.013468730530855868
0.004039175283130186,0.02848078828001121,-0.004906164341279049,-0.004820555160437461
-0.006610414352310612,0.04416610632722923,-0.004710132963057662,0.0028809318514599743
-0.02108418540875981,0.057674139281839926,0.0006691096746091246,0.00658608841289313
-0.034690515644719144,0.06607498726641864,0.009041229790128877,0.004707696873295891
-0.04274921728912729,0.06826169975265606,0.016924495832582646,-0.002305435200661672
-0.042226312286614276,0.06516218288357932,0.020916133066108712,-0.012174102355409609
-0.032813842565087556,0.0592139606951245,0.019062066316269343,-0.021692756345425373
-0.01704498836833484,0.053345369788568006,0.011673358005670462,-0.027977107408508405
0.0006050844334375195,0.049874862117067965,0.0012494401911811108,-0.029563397835807925
0.015302040324329162,0.04974202127666912,-0.008477455092172749,-0.026923920676240384
0.023534082787988242,0.05232799784357273,-0.014007770364102803,-0.02219368419476492
0.024276219718038276,0.055879054575895294,-0.013469941767986977,-0.01821810901236088
0.019221746898516044,0.05831557683546675,-0.007385006811499767,-0.017306618329261256
0.012019635001734034,0.058080439219295135,0.001514868997040981,-0.020200976274878275
0.006826566958944854,0.054698810009800654,0.009354700191805435,-0.025687733269781715
0.006727935849354602,0.04886819973669358,0.01265787688379563,-0.031029386347848124
0.012613383227753603,0.04210333295690031,0.0097539414551668,-0.033058208037791116
0.022903788329148012,0.03613578260938805,0.0014945633485500041,-0.029502173241995857
0.03419643385768823,0.032342312379995186,-0.009010706982449542,-0.02000628181026592
0.04255314649450155,0.03142528764520651,-0.017542601380999025,-0.006421628591142557
0.044931980071408965,0.03342555466353552,-0.02036159606602439,0.00778024412258939
0.04023573747976486,0.03798404797207533,-0.015625520840952065,0.018760020412222383
0.029620857939337046,0.04466020888328767,-0.004093844203284523,0.02374757945260113
0.016002990601148414,0.05311126535193222,0.011139721648522614,0.022093737514776363
0.0029930668016583404,0.06303437346365054,0.02576493693017979,0.015508494658436778
-0.0063130374841708845,0.07392259125852699,0.03577727146132591,0.007375344947582698
-0.010251390763456748,0.08480968139072737,0.03881706129834375,0.0014013719355109925
-0.008922728494532498,0.09421238159115673,0.03483074497583276,0.00013671625103957432
-0.00389476331677524,0.10039852629718873,0.025843452969778573,0.003961046027124199
0.0025349162622835403,0.1019466046748663,0.01498857156036959,0.010957370227793554
0.008185964556022409,0.09839128077340929,0.0052232908087537075,0.017740425671575497
0.011628235398736851,0.09065492272645245,-0.001742054311773806,0.02091669042663042
0.012408398925925379,0.08100363925681137,-0.0058920548318170535,0.01858372895261247
0.010869847280733114,0.07243708038649076,-0.008602755674176874,0.011241705747264873
0.0077314138076353105,0.06766217007890978,-0.011776776520039433,0.0017114994182133847
0.003663243048948751,0.06801110656707626,-0.016831256032672066,-0.00594960348038058
-0.0009435828144912536,0.07274549551302788,-0.02399128804848789,-0.008127587839519923
-0.005943039175879261,0.0790900311380323,-0.03218432690921583,-0.003253139047354088
-0.011209995132741658,0.08308243877336256,-0.03955157588175727,0.007351090437002975
-0.016394444700863726,0.08100314464128959,-0.04431478823726844,0.019778961789753722
-0.02082462453888519,0.07088675373726587,-0.045582463948984416,0.02895460551865353
-0.023642526054870973,0.053531782536204164,-0.0437144993862972,0.03064576250207879
-0.024125068589463828,0.03256590894947384,-0.040072190005692725,0.02329585808997614
-0.022036233112496275,0.01345320567200027,-0.03626860732765823,0.008917872464982985
-0.01782410964402869,0.0017300983205221954,-0.03327443989621512,-0.007378959681422099
-0.012539630719437615,0.0010741826784335935,-0.03081768869652688,-0.01914199699459194
-0.0074829396876564275,0.011913950761167254,-0.027400492112341086,-0.021009580561000028
-0.003718176288301844,0.03112444147918319,-0.020987396765484896,-0.010925318625326051
-0.001672311076767877,0.05297290449262499,-0.010109821396263461,0.008738385144950154
-0.0010088102828040228,0.07101683008437097,0.005084048101057714,0.03164978841566183
-0.0008482809556567355,0.08028900644854435,0.022327261737045245,0.04950422948035812
-0.0002466071108667106,0.07897593535188316,0.037583026066538724,0.05487624928407809
0.0012894729209158079,0.06896462526345824,0.04621406465103749,0.043932649046497525
0.0035047221134923896,0.055042961654792784,0.0445977952320517,0.018010883049744585
0.005487218453127526,0.04304001683906731,0.03159971263325263,-0.016553537728793352
0.006147901216220638,0.03759528021320671,0.00932815966851181,-0.05034946530849394
0.004896761532253706,0.040393968245122244,-0.01716744960068487,-0.07392950611028269
0.0022054527597022127,0.049538190110582206,-0.04121337023313359,-0.08092080864883344
-0.00024159396192377912,0.060299869008645604,-0.056426710583758984,-0.07012266925368102
4.510283804272763e-05,0.06697931289665297,-0.058587436839885106,-0.045858669829717195
0.005480437081452402,0.06517108940726031,-0.04683756320860208,-0.016467587976521685
0.017361921520052982,0.0535780253410662,-0.023821575691062455,0.008526627692966929
0.035083318703994525,0.034677628663732064,0.005237847802830793,0.02156854337681903
0.055966012673725966,0.013972466771845217,0.034164988431676,0.019457092311906204
0.07585242224213257,-0.001914160556211357,0.05757277818339731,0.004169195871947919
0.09030900371267032,-0.00760370231452705,0.07214223269002966,-0.01810041282966061
0.09602841308729172,-0.0009233365321692478,0.07707831590504556,-0.03927071340520433
0.0919114443476812,0.016252183080010446,0.07371419252842988,-0.05220146656115458
0.07940436698875648,0.03857800739204159,0.06454815954931746,-0.05300975681838777
0.061939512668332204,0.05901666529269579,0.05216840772912386,-0.042107002721726856
0.04367453213909392,0.07116689142989711,0.038493842802727135,-0.02368885874538538
0.028010033890965926,0.07131350735749907,0.02456232686777831,-0.003979217719698244
0.01646668759909518,0.059494619603690055,0.010827131646472738,0.01104780693407521
0.008371319245862995,0.03926039888304678,-0.0023009046197440732,0.017615961425487478
0.001480834106925919,0.01627797245373675,-0.014010819535334066,0.015109204946026935
-0.006713030898393409,-0.0036623250080099934,-0.023009373879730077,0.005817601255454679
-0.01754941223214203,-0.0165070709796461,-0.027856807729908718,-0.006287968544103551
-0.030262378087359123,-0.02103377822241677,-0.027555547954774405,-0.017167438830802316
-0.04198815174559183,-0.018869056048773127,-0.022090223455380732,-0.024044539863458527
-0.04878094096589938,-0.013531788849795202,-0.012629461989514878,-0.025988053575187305
-0.04727481043631918,-0.00894113382368063,-0.0012542116658447015,-0.023634745760258823
-0.03632747829490275,-0.007975090323131593,0.00969887711544614,-0.018324942883242042
-0.017938637812408217,-0.011580198767158911,0.01840241758334916,-0.011150656889817381
0.0030171875281641684,-0.018670804148022153,0.02407249757667908,-0.0024064962739014048
0.02025018992697437,-0.02673585738970647,0.02702903980245327,0.008299374550378588
0.02822882993961362,-0.0328232708589164,0.02825378084894981,0.021361796056714524
0.02426673980381129,-0.03448575089894633,0.028654274424189018,0.03630860938098693
0.0097021918806987,-0.03036248267346291,0.028391755620389706,0.05124522180425724
-0.010344679367735466,-0.02027808648358472,0.026618868853223513,0.06299113149549346
-0.02862556580564154,-0.004960812112715557,0.021797427103870372,0.06797289984041692
-0.03826980053957353,0.014382265458866944,0.01249882367774179,0.06357143192570051
-0.03523073579594987,0.03639468841748199,-0.0016518240848193708,0.04936522061028097
-0.01975036393009282,0.059684164831687696,-0.019330172011374127,0.02768795533179655
0.003731633728381349,0.08276380294009723,-0.03751760178864351,0.0031550655212674392
0.02821507953704802,0.1039843398424838,-0.05225170424188419,-0.01877553143790549
0.046717575008793255,0.12163138707771246,-0.05989764876071985,-0.03372297966141099
0.05481454507791066,0.13425646676792885,-0.058469689146480805,-0.04004707308213978
0.05216318520286309,0.1411442086051274,-0.04847115677257674,-0.03955672267275936
0.0424191055164915,0.14268133900013028,-0.032882326102463576,-0.036894400849867524
0.03158311999338404,0.14036870898247067,-0.01625112739920706,-0.037735295016072326
0.025442355974950124,0.13633775476679952,-0.003201232119290862,-0.046429406725049804
0.027144033644314544,0.1324585368768954,0.0030848523721800137,-0.06398664310721455
0.035904361556761105,0.12935989328205494,0.0018296276929086685,-0.08723598332193913
0.04741066499487818,0.1258074457689051,-0.0052894452506581065,-0.10958662416114077
0.05578784246126839,0.11882183894084916,-0.01499569261752531,-0.12322129931720158
0.05634003776311979,0.10466463940029647,-0.023798499695107275,-0.12198323704337673
0.047914462530524934,0.0804576856001083,-0.029321232843277662,-0.10390149145934123
0.03382828071911163,0.04587815213649431,-0.031023807318322827,-0.0723699588678057
0.02083623958674541,0.004233423759352765,-0.030046963964638067,-0.035444854922556106
0.01640270647248161,-0.03764729987010855,-0.028300140889948703,-0.003399622314091092
0.025273789112971883,-0.07088334323291298,-0.027257410545648373,0.014670509279212478
0.04672555585045616,-0.08704450961943493,-0.027062165286849283,0.014016019500581215
0.07371847702219539,-0.08091258793626346,-0.026403241400857258,-0.00397123278800241
0.09453922777964938,-0.05253930483456563,-0.023264922853866728,-0.03202312090729299
0.09658041187081873,-0.007796619670364939,-0.016224956465988163,-0.05929134284866756
0.07104009723911363,0.04290723112051338,-0.005671542557879119,-0.07491993013543588
0.016855174833533857,0.08743590623298456,0.0057191392433932325,-0.07167332622271716
-0.057680428705530015,0.11538402406151799,0.013623515706796704,-0.04836444879856975
-0.13643430073932236,0.1210420404696543,0.013719755474507543,-0.010240681727008386
-0.1998321447112374,0.10485907872137622,0.003741230099406206,0.03279923988127403
-0.23082073948297058,0.07290772395831396,-0.01494919860046288,0.0695248546986177
-0.22044690815358597,0.03456177183955565,-0.03706500774329018,0.09106607232916833
-0.17112833283514628,-0.0007608243943871279,-0.05473672001950358,0.09369941101292083
-0.09640036916577432,-0.026605759645003647,-0.06018737437169623,0.07978961507469118
-0.017084389904134977,-0.0411659790051264,-0.04883698581405903,0.05661389479298011
0.04496074700839064,-0.047080964693880886,-0.021633684290130375,0.033545274142128434
0.07349883563488555,-0.04951974825201646,0.014424953459847536,0.01863511229352699
0.062813885785304,-0.05337853942157824,0.04801366272528974,0.01581608087438318
0.01924423113486915,-0.06076336936622533,0.06704275096211572,0.023690849284382625
-0.04112605829364737,-0.0698080787669035,0.0629096494133804,0.036281765680656095
-0.09781518282867212,-0.07533973002027594,0.03392098990415741,0.045412820945780565
-0.13252795059289435,-0.07115340700389942,-0.013440050302797218,0.04383084844922165
-0.13479840352388253,-0.052989884615032255,-0.06601607257600182,0.027943293525771833
-0.10488281186805852,-0.020989821143616645,-0.10787827300840722,-0.0007766203237407424
-0.05306845131293926,0.01943813558063849,-0.12536522699509464,-0.03616772453107861
0.004209789540644729,0.058803682364790145,-0.11153074797011474,-0.06935798060748495
0.05000332141399488,0.08644333879418292,-0.068435365529951,-0.09161632809309248
0.07227669039529556,0.09412243461241267,-0.006459182108120089,-0.0970915371922575
0.06734584471875203,0.0789869988374351,0.05912676972170924,-0.08454025540344384
0.04032412673011172,0.044722237514314984,0.11311026466916954,-0.05753658676948147
0.002652755776556048,0.00042500004174796335,0.1450511724173768,-0.023190881079923027
-0.03221789482881277,-0.04244371021658186,0.152114418420417,0.010108935550411549
-0.05337497980323535,-0.07392260005814294,0.13910118594704934,0.03514665404552464
-0.055648274315144484,-0.08879936432781278,0.11581308046001734,0.047744224688817234
-0.040507882723820596,-0.08803265138252528,0.09287038920110462,0.047539759445066214
-0.014593023692317303,-0.07782393207142951,0.07764613487880197,0.037575703838126216
0.013332701441024124,-0.06671944011061598,0.07186972004349322,0.02298284134403249
0.03570628080882615,-0.061891683816796425,0.07174746167908497,0.009285866086768183
0.04850034095811464,-0.06608396439247492,0.07042493205724781,0.0008875524368302743
0.05180056551499497,-0.07646082476494465,0.061682184087315406,0.00013188400720383638
0.04861891444661268,-0.08587319711025031,0.04327471126503127,0.007087367733268865
0.04264718331709218,-0.0860931805504472,0.0184956961679945,0.01993986227512797
0.036040861544344126,-0.07176538479368827,-0.004730224458964603,0.03572849869656255
0.028244919186664996,-0.043477998912596356,-0.016899987678158705,0.05113527048138934
0.016379422266162666,-0.008625176751407804,-0.010925844566577822,0.06312610435106099
-0.002995524768847499,0.02046988886934826,0.014541365696008505,0.06937514559401853
-0.031531909163222786,0.030662110034467855,0.053835181191065055,0.06851308520551547
-0.06724279488286303,0.012918707123613272,0.09563549785973897,0.06027787586291933
-0.10406318530167666,-0.03372737091149972,0.1265407935517523,0.045608600890234885
-0.13318748866092178,-0.1007581348341515,0.13556336786165585,0.02664750692391404
-0.14582776185576593,-0.17199613704680977,0.11789979331618154,0.006557367632062198
-0.1364298227685133,-0.22824575957963475,0.0766023668353381,-0.010932666765899813
-0.10513280066796693,-0.2532905258239733,0.021571315620906025,-0.022257712082649258
-0.05846869361154769,-0.23924182304086694,-0.03371374416095992,-0.024900781246197674
-0.007902353493812892,-0.18938297942451687,-0.07649062569237709,-0.018189313758002718
0.03341130895577967,-0.11745722096817258,-0.09848620674431116,-0.0037213777886500195
0.054615142757655916,-0.04353693788893967,-0.09788809952788922,0.014795533971708729
0.05054644629211265,0.012225552541106613,-0.07898774259135567,0.03234331967990911
0.023384326462029797,0.035933025957260674,-0.04986812293343071,0.043865391117936206
-0.01801795995286101,0.024284270533721466,-0.01920544636516007,0.045664328707900555
-0.060888028848556715,-0.014503588874777507,0.006519380673102653,0.03649848980955638
-0.09244070424361887,-0.06348318911543042,0.024409247872012655,0.018015521274390822
-0.1036281956540461,-0.1025445006075928,0.034829610419966385,-0.0056447381221704784
-0.09151857085579884,-0.11493126504080246,0.03981818417126548,-0.028983351180156408
-0.05959882389721035,-0.09259593933973465,0.04116566201671665,-0.046676562066947445
-0.01603666597199572,-0.03870403961250685,0.03915504333347769,-0.05504221903015454
0.02937112654554797,0.033436141474796795,0.03254376811037129,-0.05298878239015614
0.06843190683600579,0.10456922470392753,0.019716752449219912,-0.04216474078158038
0.09685735806512095,0.15537829380441406,0.00033566828519732486,-0.02628454249699442
0.11492832778307589,0.17214440752512783,-0.02346091124650443,-0.009868986956885168
0.1264591745851623,0.15042801778399592,-0.04706226392163673,0.0031832363377251646
0.13661407270016945,0.09574607012247702,-0.06478097032277377,0.010736769608941906
0.14949964038757207,0.02124039617681747,-0.07213010955953256,0.012925409266943648
0.16646104763926517,-0.0567017601758197,-0.06797445109793154,0.011889044003132105
0.18566364187295775,-0.1233226072725986,-0.055489622574989475,0.01085657398102846
0.20300099839421762,-0.16927011431048158,-0.04130197819415001,0.012891961812739291
0.2138523518774259,-0.19217378842141253,-0.032953073963664134,0.01971630208092018
0.2149170433850126,-0.1957478891369011,-0.03561302853100058,0.030984180798101373
0.2053840260638826,-0.18701775494612644,-0.04940873369366303,0.04424468649151857
0.18702062311072978,-0.17287141208166862,-0.06861389802762033,0.05560538690635016
0.16324002919821867,-0.1572873119229302,-0.08327531048415861,0.06090545658299602
0.1376304095277314,-0.1402483519998939,-0.08286942001813113,0.057051678753213854
0.11262672035440172,-0.11866070100360127,-0.060688718589887225,0.043118265773614974
0.08890400439504698,-0.08880939245089259,-0.017231099901444197,0.02087037289426728
0.06571926196877378,-0.04928441900370121,0.03888206028604834,-0.005474708241754174
0.04198375832598066,-0.0031142713906003646,0.09306025395056823,-0.030224919015710568
0.017503646188780368,0.0418804707804909,0.12939510183494565,-0.047693295600844496
-0.00626341295468223,0.07484729034349757,0.13621071156312717,-0.05378482934471892
-0.026378879551498074,0.08530572622605537,0.11046580835225783,-0.04723419966918277
-0.03953908336480133,0.0670558854981282,0.059290825499101335,-0.030101541488694213
-0.04369208448284204,0.021161717269069118,-0.00204253265388882,-0.007316128183486553
-0.03941730845237531,-0.0432112392208018,-0.055095909099675065,0.014677876128683622
-0.030345684338322344,-0.11066197865918095,-0.08443113613855661,0.029840630978321212
-0.022242813549752917,-0.16377336388222288,-0.08273226677780089,0.03447671182522197
-0.020930236987542778,-0.18847812512823972,-0.05300869661080873,0.02858368161525982
-0.02976177013872954,-0.17886024258229685,-0.007091601406807062,0.01611378856595539
-0.047671552341316197,-0.13972246937715924,0.038965918274469595,0.003945377053927798
-0.06871755124354681,-0.08586200406458552,0.07080549406713679,-0.0002425429412035532
-0.08355687012383825,-0.038009207319849275,0.08073552015877282,0.009386297533225242
-0.08256551142456955,-0.01648650252393634,0.06989478633039928,0.034486372105007344
-0.059621949889424486,-0.034475000108996415,0.046868107368224866,0.0713179856080372
-0.015188278784406296,-0.0930421307750953,0.023423162427317158,0.1112080446248827
0.04257551025263428,-0.17966147173891175,0.009173318497969379,0.1427369693982376
0.09933422642154295,-0.27094301644066693,0.007380704135322658,0.15513467631397848
0.13850376943829756,-0.3389857705497572,0.013631280586737548,0.1419067488698429
0.14644909226007424,-0.3595749009300176,0.01792913650206403,0.10352735915719317
0.11726236289170527,-0.31976566662159045,0.009344035703895203,0.04822007916941559
0.05543861872909548,-0.22247080902825614,-0.018725921709249093,-0.009624326537945725
-0.024623469482242748,-0.08650562825459532,-0.06490739855001987,-0.05311879029013101
-0.10234153239939972,0.05809498500137562,-0.11943537449691748,-0.06766909304051945
-0.15683896132443967,0.17821090058142675,-0.16729204002782402,-0.045478696719091945
-0.17317178829828042,0.24684807234388084,-0.19377276690273257,0.011639358078257242
-0.14688365447198942,0.2506799637581061,-0.19031862381205053,0.09210352509517998
-0.08538702144709452,0.19365698987292645,-0.15826845272253898,0.17723796759047264
-0.0057000607347359985,0.0956184443242099,-0.10893606872702351,0.2460898548244885
0.07072689209841596,-0.0136294959878521,-0.05982900070647739,0.2810203388209932
0.12440148443867846,-0.10293385904724656,-0.028346237123696293,0.2724381450686875
0.14332217481174803,-0.14849917007791358,-0.025322371669577647,0.22129370452553382
0.1259110382348506,-0.14011733092855264,-0.05090774129953693,0.13863560888316157
0.08052521205666019,-0.08321527321931031,-0.0944239971221877,0.04242846218130455
0.021906477134655426,0.003639678481224844,-0.13832919438423438,-0.04735068727349225
-0.03405168349492735,0.0947458314762186,-0.16484417787185673,-0.11384495015123487
-0.07533872331323944,0.16477054664114044,-0.16274760829793658,-0.14719911606196634
-0.09696419380934143,0.1954564871637836,-0.1317513802097158,-0.1461869661454415
-0.10127698317457459,0.17970096316685297,-0.08276663160527246,-0.11734428324655194
-0.09561987693334385,0.12217648961683479,-0.033923091936940764,-0.07214830990431666
-0.08843781739987563,0.03681131464414716,-0.003817016158106728,-0.023322255481826162
-0.08546135497587938,-0.05765140695960613,-0.004517228244871278,0.018523386828150683
-0.08745576575849373,-0.14242795995674803,-0.036951930529162146,0.04698210976109626
-0.09033208838117938,-0.2024379651047359,-0.090398300155788,0.06030216356568529
-0.08744203033543059,-0.22830739264031813,-0.1462508746952109,0.060430917601081206
-0.07300839440102892,-0.21669334600756143,-0.184645842658119,0.051317824633717674
-0.04521267930474119,-0.16956131489159607,-0.19147318347323902,0.03725592233821351
-0.007631240884069258,-0.0932015920852015,-0.16320480167529183,0.021835559091872753
0.03159642990236955,0.002494996428035849,-0.10782761623403125,0.007679760335198191
0.06255084769287829,0.10449017445918726,-0.04165202393089474,-0.0032772434742142035
0.07715134948644936,0.1972322614017165,0.01670427326510934,-0.009436543940308016
0.07214859579179643,0.2640825782340042,0.052856620257564206,-0.00953303138805676
0.050274044542905606,0.28988511525836247,0.06130735390250876,-0.0031338674879241545
0.019069197949184942,0.2644388946058128,0.04659605932926504,0.00858783808889585
-0.01214400793209678,0.18597231402735612,0.020695871921794198,0.02230586687351639
-0.03592943535309801,0.06331709251173645,-0.0021892817186114455,0.03275126984117505
-0.049543190684704835,-0.08441551211578459,-0.011358031153945552,0.03394958677544648
-0.05571383408000662,-0.23119155270959132,-0.0037069077516581755,0.021291988883082445
-0.06104079649753413,-0.3499507244459325,0.015267824712496833,-0.006222166199543324
-0.07262925919916523,-0.41952574575994783,0.03379904721476673,-0.044492565790709086
-0.09432737323586618,-0.43046850645977414,0.038505171169768544,-0.084393753906511
-0.12414667851928855,-0.38778214740620726,0.01957294835116839,-0.11376363010451729
-0.15402853931214308,-0.309426086517854,-0.02542050578144404,-0.12094744541265388
-0.1722178877094737,-0.22082628158022086,-0.09032546748365579,-0.09886900399622092
-0.1674657861154773,-0.14701624181161774,-0.1621321724714804,-0.04823317530791981
-0.13351268170206085,-0.10493942009365016,-0.22480752168255339,0.021418908805479826
-0.07211646209809519,-0.09849477845639454,-0.26383670388122266,0.09346878454195376
0.0066260892338311115,-0.11803837366931887,-0.26997850597082884,0.1485340882433004
0.08693000861265356,-0.14453960185429257,-0.24120533699147062,0.17015067547694393
0.15209377130995386,-0.15695898268015093,-0.1825514584853482,0.15005148600260773
0.18972144219879417,-0.14025672873428535,-0.10430831857862177,0.09126281685580082
0.19552462343544905,-0.09119283704233194,-0.01941636247282276,0.00785258415010886
0.1743385055242446,-0.01984990547281819,0.05909510208596001,-0.07877961197824222
0.13801205124804478,0.053665904511545855,0.12008791930015615,-0.1460320863045834
0.10099086387336827,0.10616146973863147,0.15560783047075866,-0.17676651168336166
0.07525974452872593,0.11944514099467188,0.1616808244412354,-0.16438850755156373
0.06652375835760765,0.08668617241591846,0.13884009478269194,-0.11469508381255704
0.07299936281768521,0.014819628941836856,0.0924078107787852,-0.043877598114405225
0.0871565477684289,-0.07777037245295158,0.03227646030294773,0.026674260739777734
0.0995989614427358,-0.16734195267485302,-0.028208013967625917,0.07707165700857105
0.10344162901197926,-0.2323841997466332,-0.0745149247703295,0.09494890494948077
0.09737002108033058,-0.2599707120685785,-0.09417328184771884,0.0788766420748312
0.08611185569219411,-0.24871784732311544,-0.08026810979842387,0.03812734018116301
0.07811274089806895,-0.2075481694450949,-0.034066545768281664,-0.011014110803520842
0.08136372345212275,-0.15106960564951827,0.034352150594885764,-0.051055452321125884
0.09912464967389778,-0.09361357528873422,0.10809939479774114,-0.06920542668192177
0.12739871951336476,-0.04436084672533896,0.16788339036611105,-0.06139471434074269
0.15538052888262746,-0.005391945139245184,0.19765162295893093,-0.03311410725218558
0.16895229859806382,0.026811469350115053,0.18967681536603065,0.003107176125438998
0.15607623161959236,0.05737314206021481,0.1472795947239194,0.032609207975136625
0.11210052240006455,0.08854543387092928,0.08405983272276084,0.044129577897054684
0.042895809798917876,0.11694060572773299,0.01968377700235791,0.034013511617532896
-0.03557052271235701,0.13389923510725474,-0.026470512442056122,0.007654945361396263
-0.10136982048170573,0.12902827476174067,-0.04165459826721155,-0.022316276713294763
-0.13325511344807822,0.09548820548709563,-0.0238324366740609,-0.040478590796268386
-0.11764959268875058,0.0347123432391534,0.01798986828174305,-0.03419575374988634
-0.05360613943997803,-0.0416996068335246,0.0673357397430697,0.0015349370251789094
0.04601521398709476,-0.11414115749130051,0.10643263814467163,0.06157383541805482
0.15766425606875484,-0.1608212654354019,0.12269838096243164,0.13131815934680163
0.2535993202995748,-0.1652933945908673,0.1131098002530914,0.19040784653060167
0.3097414326880029,-0.12286817974036275,0.08481806134952015,0.21836642188705516
0.312432739166281,-0.04330622773865375,0.05181520121089157,0.20051810505964882
0.2620401688190374,0.05153743406111042,0.028994271763007576,0.13247103815645922
0.17239625293925248,0.13457147858700613,0.025978461169238787,0.02190583473396669
0.06640212673003776,0.18252285828984166,0.043204226041585615,-0.11280478254692604
-0.030720006401243297,0.18393199661593682,0.07186660875792876,-0.24674361195038502
-0.0984139584113705,0.14309780751898118,0.09779833860563948,-0.35424700399721637
-0.12598158768309164,0.07840461288986604,0.10775515659820539,-0.41486119580828945
-0.11463819628838585,0.01553316480259134,0.09555510963568073,-0.41799679471607454
-0.07612179754679127,-0.02200277686324535,0.06549411247334425,-0.3652128361582395
-0.028560708728780942,-0.02149468033050865,0.03147229252017652,-0.269680982728467
0.00900707333365176,0.014394831616114082,0.011942603034526818,-0.1530579692516048
0.0218654501082264,0.06888825605128386,0.022488157850278318,-0.0405711045899527
0.003269701388337987,0.1177277084600518,0.06887608845574525,0.04451817500478672
-0.044244407604037965,0.1386823430567264,0.14339130973487732,0.08582093745534977
-0.10998173977712093,0.12029031950338565,0.2261063671638723,0.07703095262081264
-0.1781574516248436,0.0664459818930003,0.2909076622363954,0.022778418582161626
-0.23206760212822874,-0.004996394168110703,0.31426649862715966,-0.06299188160991702
-0.2583712310484356,-0.06913674790311843,0.2836225669595721,-0.16067257979550262
-0.2505371114176595,-0.10384070004044961,0.2022848992888389,-0.2497621078789702
-0.2106855085713347,-0.09864790184884697,0.08896120662553672,-0.3135728362782885
-0.1493394646439778,-0.05924820767688646,-0.02803599936921046,-0.34271972328207023
-0.08298717785371795,-0.005644700487009048,-0.11991042328453907,-0.33654336743978236
-0.029835489002949384,0.03545985922012388,-0.16660855007786762,-0.30217028580293065
-0.004645489546394917,0.04124631285881075,-0.1628904948866382,-0.2515648900344007
-0.013958719163792028,0.0022820260363814434,-0.11914733341719572,-0.19750253559833889
-0.05317532530700239,-0.07281863524813809,-0.05679737007864259,-0.14971384278534403
-0.10668366649355762,-0.15959143281678206,-6.705155308842599e-05,-0.11239971611363199
-0.15151952947637554,-0.22621902269871047,0.03275751510853928,-0.08388375221149137
-0.16397686181381985,-0.24533280693855394,0.03540477748035209,-0.058468155119256314
-0.1274971059229675,-0.2047576268850965,0.014886711492537657,-0.029805310481004706
-0.039423507515769514,-0.11308514614798418,-0.012325006136156804,0.005458547580736453
0.08582934464190087,0.002227733630376936,-0.027592083468966067,0.04516379141701405
0.21881654170385548,0.10381083505583436,-0.01798661960130041,0.08130635194231937
0.32239920821324414,0.15731587265753388,0.018285418314113226,0.10222526661503445
0.36264469955534856,0.1437017060121763,0.07095920107705295,0.09673273450565392
0.32008760929155644,0.06635397198922122,0.12158766678922538,0.058841619641312314
0.19760798516401967,-0.04968608354129869,0.15069954631520147,-0.008602768518499122
0.021895888643348276,-0.16627727002521453,0.1454970251534584,-0.09285202039590694
-0.16266312855496093,-0.2455670548126736,0.1051742692823384,-0.1734449495976253
-0.306367733127432,-0.26344872007978803,0.041848520025012236,-0.22728626478853262
-0.3692639237720471,-0.21822113197438672,-0.023267913090609712,-0.235215669531048
-0.33408695789391973,-0.1312529946606467,-0.06708272068235857,-0.18805093176950274
-0.21263160210901413,-0.03930203641288124,-0.07264215823451292,-0.09011515137526654
-0.043035716726214354,0.018854669412598245,-0.03511368933508715,0.04104250888828611
0.12159069223503256,0.016746735336026303,0.036345640663767144,0.1788560364467245
0.2297792447116902,-0.049632328108091185,0.12144281582753728,0.29474388294453535
0.24819388491176683,-0.15952313892690342,0.19529880728595053,0.36583073745943867
0.1724567179634908,-0.2738814371366193,0.23644998011662607,0.38103583682767134
0.02852233799173076,-0.34847516383026433,0.2336498677466517,0.3436549143921125
-0.13603730380850196,-0.34910022847784133,0.18931850254430985,0.2696625568409239
-0.26799968814417124,-0.2636716268171196,0.11866331828752519,0.18232300338003135
-0.3262992810633787,-0.10703542814922855,0.04491239019678913,0.10486961708970191
-0.29554375992998994,0.0831313734795079,-0.007723119285672449,0.0536053429004753
-0.1905470621601846,0.2579136157046747,-0.021158872064830168,0.03359158184573909
-0.050322495454610865,0.3723121238820936,0.011444089275016106,0.03819695839758829
0.07628731227916369,0.39891621750797024,0.08388656348066419,0.052477123473540166
0.1481760251309538,0.3356869176402177,0.17876526428417128,0.059094096859979024
0.14641713926664426,0.20555281338898534,0.2722354046660478,0.04468389085621716
0.08040217795515503,0.04832589738328737,0.3403072906409969,0.00450651922266754
-0.01648021227152168,-0.09204684951641208,0.3650208387701977,-0.05612652160830052
-0.09994758845902003,-0.18051781593597124,0.3390019845801497,-0.12399767162102271
-0.13180679725496108,-0.20007587288870116,0.2673739659390223,-0.18281157323087271
-0.09449083465890534,-0.15440342049337474,0.16662628453325634,-0.21891947532538963
0.00225640499783288,-0.06383919424093257,0.06070217791868708,-0.22590229392458744
0.12501800446683795,0.04330272088330222,-0.02484643099205311,-0.20644150263025987
0.2292696901498759,0.14063199169269092,-0.069343700332912,-0.1709110880323254
0.2761269958392014,0.21131012724376225,-0.06259332721727169,-0.1333010144813166
0.24695295570873158,0.251094088904206,-0.00814144653283497,-0.10601529665832422
0.1503109228401472,0.2663823336340622,0.0768533969330774,-0.0954521702207605
0.0186417684399895,0.26873024998476447,0.16545242607529376,-0.0999523170805749
-0.10405629038948691,0.26847055362332434,0.22781616494583773,-0.11081986398463801
-0.1788386006314977,0.27014514851767024,0.23952273137337374,-0.11600154465503817
-0.18635988587290953,0.27147361960713456,0.18907427218333217,-0.10505259886273129
-0.13377154333688784,0.26598843277205564,0.08228645522772687,-0.07356095470071798
-0.05130547940603968,0.24790740795243446,-0.05807740439540888,-0.0254001612574114
0.020154273519837895,0.2168974120995067,-0.19777466309641076,0.028040852555023588
0.04570784916088309,0.18044784196578065,-0.3004248667291389,0.07142699624811305
0.010790256580973098,0.152569651705226,-0.3381339030567036,0.09062820152857273
-0.07245984090520238,0.1490601520882284,-0.30016193832444105,0.07767411851416901
-0.16949742943940407,0.1810260805725465,-0.19676925061592188,0.03379657973949971
-0.23691469734922133,0.24917362090156328,-0.05674566579467251,-0.030496926150950225
-0.24017248783493492,0.3412360889977309,0.08088532578976751,-0.09835599451846976
-0.16869103586370607,0.4338596747623643,0.17854065026498517,-0.1515417514857603
-0.042281095675253996,0.4986854190675725,0.2114440936073264,-0.1757487623329853
0.09397278431925771,0.5108262675001455,0.17496031006170668,-0.1645489863379264
0.1849573555729368,0.45699902592786074,0.08541527929737082,-0.12072160085181693
0.18560597697985473,0.34057222748306065,-0.025926407335038006,-0.054654663211940124
0.07852319870522963,0.18173722312614815,-0.12372048697681143,0.01948875699425384
-0.11743576217809408,0.012575829561553087,-0.18053334883843764,0.08840880108474089
-0.3510857983240113,-0.13155129082935027,-0.18582616215503484,0.14346313380110973
-0.5543287981271211,-0.2216899398107123,-0.1488178932348549,0.18234006988434057
-0.6639134162459276,-0.243117254631366,-0.09425787196050997,0.20815103895271417
-0.6420675722430124,-0.19898474859988985,-0.05265709612963111,0.22644997085023585
-0.4888966674698315,-0.10878730957100924,-0.048515929723460804,0.24145547978040635
-0.2423445848650497,-0.002261962733541303,-0.09081729725588157,0.25304549714370583
0.03411036988190412,0.08933203467733972,-0.1692496420766505,0.255806600572764
0.2716042066647219,0.14190939572786843,-0.25756177392826185,0.24065164304220166
0.41686891333652953,0.14473163167911324,-0.32287398504776943,0.19854122574349756
0.44699876852548914,0.10243665093404668,-0.3376118043385341,0.1250061573843409
0.37341629088568723,0.03260420064891652,-0.28977558914817914,0.02377386838733629
0.23444674337372456,-0.04016662210190164,-0.18785550700547662,-0.0919949482867144
0.07993093887001085,-0.09177896532677868,-0.05862443364699881,-0.20160550158665186
-0.04611309104354032,-0.105572023193718,0.06141550619086851,-0.28156143464967437
-0.11851301140970588,-0.07681995594485723,0.13791981332422848,-0.31183181567732793
-0.1354408038889106,-0.013760979364372887,0.14978020355515462,-0.28175178154509645
-0.1136736945716388,0.06487395729785729,0.09561784196535798,-0.19366434628224177
-0.07745385568572959,0.13496224157613107,-0.006394594752464487,-0.06304363140136678
-0.04603665597134644,0.17327390943629206,-0.12509473506553911,0.08509719906370423
-0.02516875794152061,0.16334077388977805,-0.22680654129902758,0.2225561672039501
-0.00581862423818039,0.09955523863385918,-0.28604101897752066,0.32522201621449104
0.029676050999446434,-0.011338493304836309,-0.29286458830481615,0.37914796591571964
0.09699022051750603,-0.15156454906648242,-0.2547424503180104,0.3836445170945052
0.19950100472972224,-0.2960486079128213,-0.19269757178656702,0.3505276992286052
0.3229177859298502,-0.41770133252753305,-0.13355468501787532,0.29983136715033254
0.4374565116953924,-0.49311968170472226,-0.10117955731288526,0.2533535848810761
0.5070813694350687,-0.5075195348537939,-0.10963446439477058,0.2280270187671039
0.5024377176330398,-0.45787002053119463,-0.1601568078865991,0.23109720360127603
0.41252602300926766,-0.35354676389559203,-0.24230993924295746,0.2584784483928562
0.2505286993458427,-0.21431529115171194,-0.3381952360192287,0.2966441474258918
0.05134950868620416,-0.06602386956792576,-0.4277909519739858,0.32732412171598574
-0.13848287443106874,0.0650800210529287,-0.49352628235472235,0.3334642660756174
-0.27505405922214304,0.15812219320009044,-0.5229628237164676,0.3045936805779479
-0.33044181787868576,0.20208308060612054,-0.5095111056419371,0.24001287771153973
-0.3005994682241656,0.1978616735011524,-0.45194988205677866,0.14895152349506793
-0.20518644276210807,0.15737278997719603,-0.3537818629972913,0.04779536321475304
-0.0797447181962462,0.09990099747153691,-0.22309261911089484,-0.04465210572344732
0.036674989320114995,0.04669400115557218,-0.07283224337773594,-0.112382734553765
0.113882314859648,0.015292339090157734,0.07925230973492331,-0.14633107788395353
0.13865054507781102,0.015181636413801625,0.21203439743673047,-0.146320716194035
0.1161398190790488,0.045961993478185574,0.3043568005859406,-0.12038080279610473
0.0648495217595264,0.09845627771493844,0.3399717692692981,-0.08178270785868634
0.007671520670543595,0.15826193666627653,0.31271474395210835,-0.04476893666064939
-0.037170300654978734,0.2104909734524697,0.2299527841794975,-0.020252025106610127
-0.06184100273054842,0.24410326163660168,0.11253224576554428,-0.012695316801581525
-0.06947423529750615,0.25444673765510306,-0.009530650230514446,-0.019002970518870305
-0.07004446751103038,0.24331035312127347,-0.1048404982546931,-0.029672864912463567
-0.07385610959582511,0.21672920427503173,-0.1496603422108951,-0.03186362297505792
-0.08577391355898967,0.18161460991193096,-0.13519728197403433,-0.013541732431814753
-0.10276045860820773,0.14269822945574656,-0.070457349239421,0.0323925808047
-0.11566813483121503,0.10110808285726415,0.020624263818148407,0.10510775718375247
-0.11427917499018342,0.05518494578867414,0.1070770073741716,0.19483232086368946
-0.09313733443030425,0.00316281909877925,0.1612413705806561,0.2842497286700396
-0.05537404214396109,-0.053536621721409196,0.1679826522645977,0.3521480418021679
-0.012626279652751222,-0.10804259465583131,0.12946947685887006,0.37860243601394766
0.019123340711622527,-0.14817441917556648,0.06374854821824186,0.3505056285514312
0.026128090183914186,-0.15945161881942188,-0.0024014733215305777,0.2660290579401038
0.003087329297993565,-0.1302423185381618,-0.043719894293720855,0.13669059767605107
-0.04376399858767788,-0.057271929386442245,-0.04600301686910948,-0.01384155088307594
-0.09821488511165251,0.05073159236983413,-0.011340376512000743,-0.15431767582161723
-0.1399113667766869,0.17308070386587,0.04295103165670683,-0.25304245975918427
-0.15228487074046032,0.2815067161519506,0.09131147955836216,-0.2859410194608342
-0.1294449356253255,0.34794317129823915,0.11018556395792628,-0.243432381508626
-0.07921106772374373,0.353375994608075,0.08758574528142216,-0.13405505792337624
-0.020919359631576154,0.29474297972858843,0.028235178752081043,0.01651974539182056
0.021318553637627365,0.18724384779295358,-0.04779490718164905,0.17125616805497484
0.02741818923186504,0.0608145106692542,-0.11255295507622153,0.2910747675508749
-0.011147867869255331,-0.04850623163205616,-0.14100386515393418,0.3453158791724459
-0.08797033905056713,-0.10971774759586397,-0.12102771058877675,0.3203712072871748
-0.1837644724773625,-0.10683710811106042,-0.05870369828001487,0.22381849799242476
-0.27307151913981115,-0.044231220100744074,0.023318276067183563,0.08256929130527602
-0.33303014300554584,0.0547320132844632,0.09395828278464183,-0.06471430220475523
-0.3508943938334163,0.15547927000657677,0.12545573813895528,-0.17887828902376718
-0.3275267522745488,0.2239396334200952,0.10436603514504687,-0.23188741841813454
-0.2757201849036227,0.23813788863071855,0.03759824791896902,-0.21518655814552276
-0.2142467201679279,0.19554999358212885,-0.048975613612399875,-0.14208718635570725
-0.1601766634887101,0.11349887982972047,-0.1191149483887067,-0.04326752409723316
-0.12261355408665489,0.022320980651438817,-0.13911665837155265,0.0433206114095335
-0.10032032727621464,-0.046321104133729536,-0.0904830093941805,0.08496741441946097
-0.08405655437765647,-0.07173598524034147,0.02223257213399455,0.0650712068337126
-0.06248130658695149,-0.05249996019259261,0.17137069812195735,-0.011288584868309847
-0.028995544853315704,-0.0074742901874031474,0.3141794727637558,-0.11904199774000383
0.013503532801003866,0.031128044841216024,0.4063607386485047,-0.2216520262447431
0.0521471047766441,0.03033406289464893,0.41667060103405557,-0.2837042418551686
0.06835109500327102,-0.029861903061174346,0.3376936981373002,-0.28332977382594865
0.045312127917095255,-0.1467956694109203,0.18917067278247604,-0.22017060265333382
-0.024126673285101548,-0.29335783609781374,0.012722884120785908,-0.11601538131162967
-0.13237308307311624,-0.4252856394613264,-0.14037038713809286,-0.007689297272803574
-0.25692231201542454,-0.4953607527593291,-0.22447605712211385,0.06554528428084194
-0.3655025579124663,-0.4697128926053,-0.21322338814800698,0.07585115184579291
-0.42494156802017335,-0.3404516021660036,-0.10730760351645628,0.017155000023811734
-0.41080254930515864,-0.1299506370872638,0.06573230478353273,-0.09174026452530906
-0.31457257532093935,0.11504596578657135,0.2594718749269149,-0.212577238937364
-0.1460930766514793,0.33773031579745133,0.4217285332850026,-0.2999991797892173
0.06937392146422931,0.4891309965676618,0.5089212349947257,-0.3168138405072354
0.29821058761991376,0.5434097801657582,0.4976035578030729,-0.24705104108062637
0.507114950315344,0.5051933183696438,0.39016265595923716,-0.10234491209474875
0.6705542151675108,0.40636778172318266,0.2134828470437691,0.08064135566394615
0.7749026663589058,0.29352175947360354,0.01134399136129872,0.2510362123670322
0.81856828610359,0.2105892789751464,-0.16709951304100212,0.3593351570359359
0.8088970040344653,0.18298429103318653,-0.2796051081949696,0.37263416309888897
0.7576360974276007,0.20897607350259365,-0.3008087076951026,0.28454730101007186
0.6769052433006623,0.26140994068866147,-0.22759946751084445,0.11664419922517638
0.5769922058153562,0.2990847536854748,-0.07889691776054295,-0.08888880801584902
0.4662124151775148,0.2835451203668051,0.10979824707482552,-0.2827271522519569
0.35205729527034113,0.19504061492790403,0.2955271840110064,-0.4234031576788763
0.24234684205960033,0.04169123057169563,0.4383526482048844,-0.4888283251435921
0.14528588485120753,-0.1416220800208256,0.5106513788828085,-0.48070680884168787
0.06806624547009878,-0.30436108081623986,0.5030103116326153,-0.420774371954871
0.014574476843351577,-0.39748885437907644,0.42534906793801724,-0.3406606078956771
-0.016597148031918484,-0.39053456070468595,0.30306136165074465,-0.2693169624805105
-0.03259799325348946,-0.2824610119129198,0.16923423344770439,-0.22263879829390504
-0.04458150123040825,-0.10249938809698643,0.055064559840456856,-0.19892757767236036
-0.06411233947087228,0.0992495432109222,-0.01885326108089385,-0.1815787815013731
-0.09895814347323939,0.2679984193586636,-0.04785665216604695,-0.14768223919357334
-0.14992705216207972,0.361466775421257,-0.043559214634716494,-0.07906627423672401
-0.21012432579295287,0.36213924810843556,-0.029066268426494325,0.028525135860302833
-0.26709368979641823,0.2806331614093968,-0.030516959543438263,0.16167931299049937
-0.3071495800299009,0.14957571013686038,-0.067639579343236,0.2924920481254524
-0.32028709981961745,0.010821813166606388,-0.1464257948237337,0.38759632843402164
-0.3037809233104024,-0.0989337862690517,-0.25642734328669414,0.4197916608237204
-0.26308939863800784,-0.1588712871919889,-0.3736881961317869,0.37804756847733517
-0.2097690023814951,-0.1675834417960981,-0.4684106633302096,0.27221785175196755
-0.15732360090780095,-0.13894093883606093,-0.5147724235278723,0.1306857397821183
-0.11674267241685393,-0.09281308370455414,-0.49948406048639166,-0.00832652077222895
-0.09356022430744532,-0.04501944329824994,-0.4260508333798602,-0.10881412362540023
-0.08754831915565932,-0.0008725082824612261,-0.3131987079320712,-0.14827849578389976
-0.09494952493376943,0.045135376411954566,-0.18803646057466353,-0.12442049934427267
-0.11197948608402741,0.10375338391220164,-0.07648489911286194,-0.0550527266126201
-0.13772300530514545,0.18237609954867331,0.005438634987904389,0.02858108569439425
-0.17480161182993645,0.2776497370820393,0.056176881946646884,0.09263951422721925
-0.2272324271971679,0.37301213432821706,0.08729422238323546,0.11188727113842455
-0.29629546921306443,0.44277763561535544,0.11679628507182566,0.077498613646793
-0.37636239421253537,0.4615053093908956,0.15980261123174455,-0.0009921898225686379
-0.4529721406001709,0.41496413547253314,0.22041097637820697,-0.09992978768829552
-0.5047426245243533,0.308062892418023,0.2882415426558888,-0.1901624912996278
-0.5091923093371399,0.16608276254916252,0.3413779324993538,-0.2468395298391316
-0.4507950549612796,0.0280931516364907,0.35487209548443804,-0.25695394168180613
-0.32834040038995793,-0.06545148989346405,0.31163351772333275,-0.22220806729523873
-0.15850309143783695,-0.08649965834122787,0.21133173987557288,-0.15658533472144712
0.026382198669552846,-0.029394207176523798,0.07344347805518885,-0.07993684989021094
0.18632267072138936,0.08682471189852176,-0.06733527553052512,-0.01023617670436914
0.28521065206397545,0.2248368276019455,-0.17215909284951825,0.042538107188189414
0.30212880644018536,0.34188583421318053,-0.21177177337400488,0.07872751103889644
0.23842112037641022,0.40427957841345985,-0.17777991603711335,0.10691682933463094
0.11781410073185886,0.3981388576037815,-0.08693992049342912,0.13855517139231888
-0.020757927438190927,0.33246306165709905,0.023651972149926547,0.1815985684410669
-0.1353631345419122,0.23359927847705075,0.10921146554234265,0.23579832852167273
-0.19419356048657507,0.13356948925315262,0.13344075820686993,0.29155308245195427
-0.18507897193289038,0.0570839419283407,0.08234110886648885,0.33282128084988644
-0.11813626043197147,0.012492286712001106,-0.029618442528513207,0.34300337741125536
-0.020770535344840337,-0.009778499409651314,-0.16362292037715606,0.31154641642768
0.07298744529750827,-0.030894580940566758,-0.26982415661350034,0.23872403138241818
0.13480083642751642,-0.0722965348127065,-0.3052668192427908,0.13670404817458495
0.15148674125918865,-0.14440305906506745,-0.24996568083509177,0.02638156190519927
0.1282917517004489,-0.2403709702350785,-0.11514358060325712,-0.06898087352567686
0.08508507749883724,-0.3378363426561045,0.05963996632852268,-0.1310777508482823
0.04729028065447388,-0.40815799128813657,0.21972866325826607,-0.15224504330748173
0.035332812460197746,-0.4293805701958111,0.3144030540655059,-0.1374690759115573
0.056821572223349874,-0.3973235208492226,0.3149084678658854,-0.10199314064038287
0.10445500356880222,-0.32970223940331084,0.224919092163845,-0.06537248679308269
0.16025232718396365,-0.2608870935568967,0.07953631478209817,-0.044108918944332796
0.2041244218561862,-0.22877541148806152,-0.06696013042038347,-0.04552198380858962
0.22305756059554852,-0.2587335433441355,-0.1603099582567405,-0.0650946660237563
0.21698588983812056,-0.3511909710974753,-0.16558206780497506,-0.08831101054285584
0.19885046633391823,-0.47845861768043935,-0.07969770663473588,-0.09640606012400826
0.18880183398661415,-0.5929598283853577,0.06729305827961328,-0.07403246400218798
0.20499165082071547,-0.6445449327611444,0.2226014685280164,-0.016109842545746107
0.254888726072883,-0.6006723458131988,0.32901607673112804,0.06867249614461989
0.3309162015418056,-0.461584199622286,0.34463424407149723,0.15913900607597833
0.4124701360965848,-0.26397838176684363,0.2571020739627487,0.2275222826663434
0.4737341739032615,-0.07071729140528231,0.08752986287019546,0.24819550501063525
0.494227215221678,0.05061604479623085,-0.11701059908370126,0.20643094863145892
0.46774343131426954,0.05298719787114066,-0.2994876696129947,0.10425133422640337
0.405831272346708,-0.07029789300256953,-0.4116532934593362,-0.038705708255096026
0.3340654425799803,-0.2791271968990348,-0.42907808115229235,-0.18982741777656217
0.2822797280116813,-0.4967946656501609,-0.3576307476709566,-0.31241865515555334
0.2724804903817586,-0.6342623261124124,-0.22976292551263697,-0.3761968952267246
0.309292199944495,-0.6205598347275307,-0.09253567609051033,-0.3661687334684009
0.3769822410421383,-0.42880789401756253,0.008033469036022936,-0.28712107247502217
0.4446252496111574,-0.08848118009529163,0.04088917176218921,-0.1623016578144555
0.477740052622935,0.32092353661213374,-0.0021690614658415883,-0.026668272753890436
0.45203908824009065,0.693253803378051,-0.1064162312305589,0.08322281799619427
0.36387529784484834,0.9285803686687231,-0.24092185062731628,0.1395829785017265
0.2330414288135444,0.9646823661477716,-0.3689374165190777,0.1308577797417626
0.09642620802771623,0.7966484127937301,-0.4581497925582079,0.0640928415505144
-0.005404936075200874,0.4781684498126706,-0.4877917304122514,-0.03835997230752261
-0.04374587231007076,0.1043415688377688,-0.4513363930482271,-0.14655839574013985
-0.013392017087795693,-0.21797289299445896,-0.3553377517451903,-0.23250357525999604
0.06435287044707294,-0.4022594204054207,-0.21613666773407,-0.27839264567586564
0.1488723071851847,-0.40649021968036464,-0.056251477285679065,-0.28101889567134486
0.1952950474188556,-0.2420606161616675,0.09853953493472961,-0.2511109414692507
0.17193153724369745,0.034247873208376245,0.22156640817384785,-0.20813264752566285
0.07346796295813496,0.3412823019421208,0.2880173703418463,-0.17257519060878418
-0.07533131376401848,0.5995313542847354,0.27894551663377054,-0.15855097459512837
-0.22723381574486287,0.7532439461797964,0.18648584051181805,-0.1692879068581788
-0.32905154208970866,0.782025247505767,0.018911153013546577,-0.19700620113702763
-0.3412041690638243,0.6996596753959776,-0.19683201532431338,-0.22703789184234136
-0.25315339176351265,0.5426279388034891,-0.4174483385719295,-0.24449892404211818
-0.08886409324350973,0.3540710262417807,-0.5915419117782557,-0.24089857788764216
0.10000473368421275,0.16971265313249378,-0.672643665173683,-0.21810480525700096
0.2510098231184696,0.010443118790255793,-0.6335749766872296,-0.188069372836615
0.3120343697635777,-0.11714432242082465,-0.4773325857010559,-0.1683031605342308
0.2591019669702363,-0.2144649983029038,-0.24000382395067946,-0.17470719635072324
0.10453952153340804,-0.28323521247787353,0.01660789981607255,-0.21441765278269903
-0.107392409817803,-0.32067734284683985,0.22155269676444622,-0.28141649763813403
-0.31576269332145873,-0.320006704455331,0.3159337993393553,-0.3567394808701452
-0.46358832930752303,-0.27564462363460124,0.27199105683636415,-0.41349382154263375
-0.5164272918210502,-0.19008530294100626,0.10340422329365671,-0.42515456686346054
-0.47243507447113653,-0.07837547129000008,-0.13732047202558406,-0.37437260295984603
-0.36060571132373664,0.03282947468250212,-0.37428662894768366,-0.25925702281175633
-0.2282815217647854,0.1121540371778255,-0.5318855503289049,-0.09490480920007131
-0.12287965764020438,0.13397242956796113,-0.5590268351841956,0.09043458592056691
-0.07472789936648307,0.08816036907194588,-0.4457192706877468,0.2633249680211386
-0.08724837792115953,-0.015238491354374894,-0.2261888643243941,0.39458665297903917
-0.13778106409230767,-0.14888844355027187,0.03274058033465894,0.46708596576551625
-0.18825585736785647,-0.2779102807657639,0.25416568961512087,0.47937073731693186
-0.201260398738324,-0.37281518365151634,0.376828546778563,0.44415732508775535
-0.15517370250963528,-0.4203568735966258,0.37518142722230097,0.38250065366247366
-0.052602361095071846,-0.42765206372227593,0.2668925615455264,0.315955518717173
0.08091264695643545,-0.417575126766318,0.10532788131765539,0.2596297149685212
0.2071452654519598,-0.4170863173953997,-0.04014453254876668,0.21853642129831943
0.29020781876376595,-0.4432889308047471,-0.10890882540810237,0.18828268767293252
0.31043845478141013,-0.49326489446421223,-0.07010658417318245,0.15941995588554295
0.27180913452147687,-0.542479201656958,0.06742697081286024,0.12339220496182174
0.2001001807145756,-0.5531699904770041,0.25952063525697294,0.07747875799617103
0.13266607189548923,-0.4899588972871133,0.4433625888525306,0.026638990559794313
0.10380230281292564,-0.33663354272703205,0.5602123602760892,-0.018488526095519747
0.13131729410592635,-0.1070889592894509,0.5758338670990075,-0.0465412828374567
0.20935445711096498,0.1547030596024815,0.49143828538761963,-0.05117814052546008
0.3100667207969845,0.38671462898308073,0.3415961469034818,-0.03505968530024951
0.39339306478632236,0.5291059886088418,0.18041854633591664,-0.010170097378467281
0.42121149193646235,0.5453784125151117,0.061503681031320895,0.005948832373951675
0.3706480003800424,0.43630397662398707,0.019171493874206635,-0.0032104172302719223
0.24181193405014764,0.24087657409482843,0.05769198305742908,-0.04620538067843416
0.05744251961243625,0.023298809585699853,0.15195942975778132,-0.11918170282606885
-0.14501153741529094,-0.14960506490767936,0.25868070295061113,-0.20581308953938374
-0.32566961210057715,-0.23227990447001506,0.33331501171374955,-0.2819523217869129
-0.4542904597219091,-0.21656668192288914,0.3461392257300581,-0.3234795995379855
-0.5179856053131213,-0.1337105024290821,0.29153393591740845,-0.3145415457608959
-0.5223385761956948,-0.04117385964517769,0.1875021451281423,-0.2531339558120725
-0.48629259500602723,0.000956034470388141,0.06633392040330839,-0.15191430261623745
-0.4334176669884108,-0.044999110509636654,-0.03932365007199702,-0.03389807282072464
-0.3832298143180288,-0.17760640430716412,-0.10920619819609349,0.07537669720903027
-0.3457879725847084,-0.35475024024986407,-0.14200191471346751,0.15628917396742487
-0.3211275462256062,-0.5082893682078242,-0.15349327736423024,0.20102832758485767
-0.3029584324358605,-0.5697529552796877,-0.16750286237619472,0.2147832812813484
-0.28435353534720026,-0.497437253748522,-0.20372904933684607,0.2119155300255019
-0.2625484136513452,-0.29442524866838315,-0.26766924300435846,0.20876431597242692
-0.24064435906409967,-0.010236622950125463,-0.3468184345761845,0.21605624798542072
-0.22559834483061036,0.2751065053966192,-0.414671358545183,0.2340332093824768
-0.2236676289467926,0.4791123926190016,-0.4408577455776786,0.25230940740123
-0.23567397128760598,0.5466999277590879,-0.4032925650282019,0.25454540260882946
-0.25455522216687515,0.47070851161624316,-0.29747989861528296,0.22604491264336024
-0.2666520657481868,0.29509520728060057,-0.13931769132972055,0.1611367014771799
-0.2564878731267521,0.09922594461434471,0.03962506026977802,0.06721485813841613
-0.2131766303433572,-0.031266096111695826,0.20243083861245903,-0.03640218149010945
-0.13574539530933663,-0.03645870899011656,0.3187231713962801,-0.12456271817528415
-0.03496467377406017,0.09486489554697006,0.3736446309188127,-0.1750576164431114
0.06936315825567824,0.31984884001089003,0.3707768255089481,-0.17664434680921565
0.15485054014222327,0.556041505980674,0.3283691198075448,-0.13307460891399683
0.2043107617103493,0.710636895736159,0.2708847005261338,-0.061399065949796584
0.21183574245092018,0.7139470925635654,0.21957369116128486,0.01490712668101106
0.18469682974928217,0.5449891735278259,0.18589094523854147,0.07532884226969194
0.1402029312503717,0.23993742008970895,0.1701104347354031,0.11042366064378613
0.09864927696564742,-0.11956852333305928,0.1651155306119882,0.12526979130091742
0.07508531443522004,-0.4339805734151835,0.16308990888617486,0.13664716176719413
0.07317145171726404,-0.6193383434849594,0.16164953460628825,0.1648727266057459
0.08364364531915823,-0.6348209528961378,0.1663271298786461,0.2234750887932098
0.08813578806137344,-0.49485336956682463,0.18806768139368318,0.3109703973234459
0.06700357827607001,-0.26202300381151905,0.236753885824935,0.40840027575785
0.008172613825084383,-0.024002654806309136,0.3137288868061313,0.4841729236586844
-0.08646065881233345,0.13677274239156714,0.40696314780541265,0.5048836484274243
-0.19970522884391503,0.16975102882956733,0.4915946529841651,0.4482857718528465
-0.30358933740545785,0.070174766144393,0.5364005816405335,0.31345008789007583
-0.3682780328767733,-0.12372942770381234,0.5142154977267654,0.12390852886327776
-0.3722724329656072,-0.34802173122019264,0.4124569368293215,-0.07797602637940083
-0.3102243926548814,-0.5374483193682077,0.2395584316021268,-0.24390773338579372
-0.19550478819092165,-0.6475756633489448,0.024453356322271382,-0.3354627448262174
-0.056515511984385196,-0.666825231608361,-0.19118125333420585,-0.3371152417329621
0.07205263042140203,-0.6149672722927448,-0.3654164044881307,-0.26157820384098757
0.16005066855397476,-0.5300352430624152,-0.4688812962475924,-0.14522467105973233
0.19113841363216136,-0.44991197928944804,-0.4932307955446494,-0.03497429999081761
0.16744325159018464,-0.3964237965677358,-0.4521713328458803,0.028744690796254274
0.10821267207714645,-0.3681925751954312,-0.3747378567031149,0.026752026570711775
0.04312637151754206,-0.34452958176362947,-0.2934616045610781,-0.03192756414109747
0.002673726896171663,-0.29799601749469995,-0.2320188549690839,-0.11364408016204516
0.008830927432700449,-0.20978977635027377,-0.19712832831841628,-0.17309334021414646
0.06895966281852302,-0.08117884159528799,-0.17778046263817762,-0.1709828737578603
0.1745845485563193,0.06393620328350554,-0.15197683733383988,-0.08982239417457497
0.3049982268311512,0.18643884568282104,-0.09816070166720471,0.05818085218609839
0.43411216365234173,0.24634729832690452,-0.006607578144293293,0.23431541893607125
0.5381178180551678,0.21824346840579434,0.11401507211511983,0.38674738701636163
0.6015589712101898,0.10155187428485009,0.237866421843657,0.46933533710897235
0.6202198311501103,-0.07841205466240651,0.33082013481550104,0.4589573722198164
0.6004326527742914,-0.27896818069148177,0.3638172038670008,0.3648000715641901
0.5555465695045597,-0.4547329723210559,0.32555140776849717,0.22588539415047273
0.5010128345077052,-0.5726628765303344,0.22936839676203702,0.09739405588545832
0.4496783406700773,-0.6217647009224334,0.11125417455252501,0.030523570770926767
0.40851696972345547,-0.6140594392514445,0.01904825265409212,0.05314630708967733
0.37740127432357645,-0.5769562012697551,-0.0036662394042242035,0.1584415997976293
0.3498923782194034,-0.5405579518165772,0.06658645121425323,0.30594884117272286
0.3155900710483799,-0.5252365542511831,0.22329231617251272,0.4350752730120175
0.26338767551049624,-0.5344068882547549,0.4297912977965875,0.4865721747638212
0.18495002835836527,-0.555047983898439,0.6292606421260615,0.42450377178681076
0.07776766177470702,-0.5652080091297035,0.7617152743033813,0.25087421433853907
-0.05283261499991879,-0.5448806963928149,0.782442344394377,0.007509150391752927
-0.19330058598178285,-0.48541138287846297,0.6757763038818846,-0.23583179499280932
-0.32353179417691874,-0.39343606881570087,0.45972586499368506,-0.4033481927306568
-0.42067412531298864,-0.2878580882247503,0.18009468593853442,-0.4378273059773699
-0.4645827415538283,-0.19142552227238147,-0.10372695685895167,-0.3197415103715956
-0.44377012805862964,-0.1207809227719992,-0.33641991590928444,-0.07440184707715007
-0.3601868602116439,-0.07944660646681218,-0.48200584298414306,0.2352059847346219
-0.2310896236789616,-0.05685750839792103,-0.5319491088379739,0.5274718869910429
-0.08678531893569635,-0.03385943612197031,-0.5039423068201474,0.7267586819924718
0.03585124407862305,0.007780213316521111,-0.43245803236692154,0.7855148913344089
0.10279121172863517,0.0761123156055065,-0.3548427438400168,0.6969153198359669
0.09268766869872176,0.1642229992979601,-0.29798607198574734,0.4943856960754797
0.004084897541722029,0.2522687543850977,-0.27006707078929776,0.2387993647032454
-0.14259755277148992,0.31572114290764364,-0.2598420411614995,-0.0018865769947127655
-0.3094823489440383,0.33644566867924464,-0.24318466690906612,-0.17358346537663177
-0.45122618816869703,0.31184284006802565,-0.1941061635840182,-0.2508655756207244
-0.5278308065402165,0.2578828824256315,-0.09610397496522181,-0.24131343833160976
-0.5163665609035275,0.20426938635103792,0.05018733998268636,-0.1788390559435131
-0.4178084185721886,0.18321396004297047,0.22558071015276376,-0.10909553163641021
-0.2566089587059269,0.21606437590800417,0.3974373458536422,-0.0724552791284816
-0.07295898359349831,0.30314553725201404,0.5293522947404415,-0.09042148732040145
0.08985916528869616,0.42113986115217245,0.5920643161254752,-0.15973164410102356
0.19890110746325368,0.5295138227577101,0.572003889633015,-0.25550708084792423
0.24130408774898812,0.5839856217321454,0.4748581824422496,-0.3416741701405124
0.2270772347715662,0.5522175634935297,0.32328349258354744,-0.38459701307359884
0.18403547286444588,0.42593541544791536,0.1498063028091771,-0.3651118084932279
0.14668973675072625,0.22493531107084025,-0.012602509415909314,-0.28505659001327144
0.1430142741239571,-0.008542394209006793,-0.13924214178652677,-0.16649932287997607
0.1837551927027868,-0.22299240625596872,-0.21908708430465523,-0.044375959396782676
0.2580469702380727,-0.3735224717219389,-0.25550351602585686,0.04469968683469774
0.33687767439073585,-0.4347008642801361,-0.2624570246750516,0.07371597373048919
0.38318088717341314,-0.4059821799068055,-0.2577898532915409,0.033187901026160045
0.365017448171465,-0.30830374867796134,-0.255969400861819,-0.06639611573787507
0.2672620176775691,-0.1738621177973131,-0.2627473883708784,-0.19791114092245984
0.09778404392491341,-0.03356686571563754,-0.2734527416095499,-0.32533229187455037
-0.11392207654048205,0.09273626735663988,-0.27541636787120144,-0.41341040680003277
-0.3250742346474682,0.19966009878840482,-0.2536696981388209,-0.4365832891228363
-0.49197995283112067,0.2925644117013232,-0.19797214270279326,-0.38494066504484864
-0.5822857338364387,0.37908509983327054,-0.10872496195867222,-0.2660672050442285
-0.5831859875367411,0.46022503161296296,0.0004226253067098684,-0.1027201751343992
-0.5032698681674658,0.5253988437052184,0.10452245867364585,0.07275238101854611
-0.3679739150466282,0.5539896367365358,0.17367982073041247,0.2257610809454003
-0.21073970155517593,0.5230309999002537,0.18219667726325733,0.32691734839261544
-0.06319796475453744,0.41783113500414015,0.1178102732349183,0.35805139568818456
0.052357038531662174,0.24090214339715738,-0.012005342709902968,0.31568514549403087
0.12615007911743314,0.0150789149769943,-0.17911702132076238,0.21137533464153543
0.15952771569600488,-0.22098855557609015,-0.3401981701453668,0.06894164023686106
0.1604312492778327,-0.4236561231033919,-0.4476724911262859,-0.08081059493188408
0.13811919208489595,-0.5574536549788904,-0.46337752037038243,-0.20675495962206675
0.099406356088108,-0.6055795488663711,-0.3710118064743344,-0.2840570311910164
0.04768118789851743,-0.5737080609285652,-0.183377280812227,-0.2992650445925569
-0.015442311109363999,-0.48577060266358724,0.058357373979277954,-0.2527216766119465
-0.0871690569208666,-0.3736155915481923,0.2939245793716716,-0.15777050160376188
-0.16108151533779527,-0.26491210355753203,0.45969814008074156,-0.03703834929504765
-0.22666043215523207,-0.17429943335651782,0.5066571565331793,0.0831611250419893
-0.2712068659135096,-0.10130934134535134,0.4153036302122003,0.1787744974034128
-0.2834379985525718,-0.035599328610587753,0.20283799578686887,0.23274389361680722
-0.25723151188269244,0.03321410524227301,-0.08000167025706757,0.23740862435354917
-0.1939088059905823,0.10595140040834404,-0.36198192438785226,0.19422783634755975
-0.10209341229160104,0.1693627698391318,-0.5707789993906002,0.11132930181339241
0.004750916677754274,0.199453129087775,-0.6531419921227364,1.9590897114867267e-05
0.11199975735436422,0.1719025431879419,-0.5898208098297715,-0.1284148781221477
0.20718864703538453,0.07547180266794948,-0.4007609435425885,-0.2645813506359511
0.2816623336405563,-0.07753088215436692,-0.1390142633223305,-0.4011473316140138
0.33011830773135875,-0.24902355357107112,0.12471470393632209,-0.5316652199951185
0.348693345188123,-0.383508209924229,0.3220978765973739,-0.6489654999972734
0.3330158618993071,-0.42514295758714477,0.40567027415000406,-0.7441664168998604
0.2777244530639476,-0.3378493960344536,0.36030103173117917,-0.8070378567849875
0.1782546305259158,-0.12095619003930595,0.20456358888352447,-0.8278398972525507
0.03450091399078996,0.18608446795625264,-0.017765940238185663,-0.800091617753433
-0.14519859687984707,0.5127150389992929,-0.2527357257721938,-0.7232829822149823
-0.34187422995990896,0.7778464757662635,-0.4525415101713161,-0.6044919842117686
-0.527286956216463,0.9153640804101573,-0.5878629288934707,-0.45821586241566853
-0.6693476579962265,0.8957773290415071,-0.6526505828417003,-0.3043151384283513
-0.7404189432074118,0.7362590727072921,-0.6606293182655992,-0.16456231094991308
-0.7258902792503362,0.4952651610270661,-0.6356834846101935,-0.058662803110157334
-0.6298715173985495,0.2533736625599322,-0.6002407055596308,-0.0006651916924835596
-0.4755214957089011,0.08691983348605513,-0.5661280657722859,0.003559759972365894
-0.29926955812054706,0.0435762391890444,-0.5310942089102595,-0.042538737780565695
-0.14039970972369975,0.12826010350838343,-0.48182480081104767,-0.1264216829378732
-0.029312238848659293,0.3039251756083429,-0.4017535918967725,-0.22791218649286485
0.02149746165008708,0.5063562096676771,-0.2802327678207074,-0.3217410738698815
0.020460059575494696,0.6670833773708331,-0.1192870208315572,-0.3811254846294453
-0.007288451115083829,0.7358450642696461,0.0647029830806402,-0.3822673788637626
-0.02999683690430581,0.6946230714169381,0.2449548155192779,-0.30938461075901014
-0.021668429126692666,0.5588538963490177,0.39223355771374246,-0.159433658052858
0.02783433052731088,0.3665345824972879,0.48367968852985216,0.054749589626171484
0.10877229548637263,0.1605671060137595,0.5092029115851767,0.3042919787765801
0.19522951362096222,-0.027981240451925477,0.47323499067591407,0.5480986588530404
0.25528328836727576,-0.18885491518545933,0.39155445517140847,0.7406434328472945
0.2639035301038832,-0.33057568687314226,0.28483492116910625,0.8423942025769693
0.21369061245173318,-0.4690078521177174,0.1717469428726279,0.8302972172091829
0.11923136318379232,-0.6122500376380129,0.06440703508568875,0.705144413156804
0.013141880745217119,-0.7492478978820083,-0.032233704627948494,0.4930760777526389
-0.06504742507516403,-0.8480280711115216,-0.11730808727325881,0.23997691030077922
-0.08326803387199533,-0.8653725366938149,-0.1891950901469361,-0.00026688324693430426
-0.029297851226198574,-0.7647278451794641,-0.24167813007662667,-0.1804865209112583
0.08353014835937864,-0.5352405059331777,-0.2634280877646998,-0.27340682058378124
0.21965677995478483,-0.20368792871808483,-0.24162795241406643,-0.2788624039736245
0.33277719364395114,0.16668861635583238,-0.16857042344969012,-0.2223339242615768
0.38160016255600404,0.4916077308381326,-0.048438717158197496,-0.1449220141269955
0.3443884628922807,0.6909830469746262,0.09905090557249185,-0.08791559873998757
0.2271286229104784,0.7153474676789201,0.24059764537901318,-0.07724072691562607
0.062381155208829725,0.563798767195078,0.33728644016849185,-0.11342594067847253
-0.10087244358081937,0.2864168957137717,0.3565680725120405,-0.17101804784204067
-0.2129229529783375,-0.030491502348318947,0.28432441990499996,-0.20811008621344682
-0.23920590865624852,-0.29174796964429417,0.13251637899334767,-0.1829149032027608
-0.1710074745828425,-0.42398369103995576,-0.06099262901411821,-0.07150094476929515
-0.0275477423808451,-0.39899184143266553,-0.2413590012783253,0.11998064273271129
0.15096595025302312,-0.2415987872211383,-0.35229966901774296,0.35358306145718427
0.31663296291353227,-0.019403355831522525,-0.3535972499470764,0.5697303024419802
0.42878561036473467,0.18178933264991642,-0.23486342427283663,0.706267600734359
0.46553819277316777,0.28795368566485396,-0.02073809871976536,0.7199190270393625
0.4284169114392218,0.26158426008962754,0.2346928084265146,0.6024285614061695
0.33914329065225074,0.11265591351880494,0.46298737953084845,0.3852316481424785
0.23040238577917158,-0.10753053383779772,0.6014721282781016,0.130440142157067
0.13432772418075048,-0.326654413870171,0.6121266311878357,-0.08914228079154098
0.07284818033333543,-0.4778369069594112,0.49320064846612904,-0.21413115038969274
0.05292730485072032,-0.522337655153814,0.2797851128123628,-0.21821767357445016
0.06761521214577378,-0.46039192731344525,0.03308020888888602,-0.11618384829736096
0.10159859833774953,-0.3268844642141048,-0.17826906529205264,0.042793796724526496
0.1384345591283416,-0.17441912887234834,-0.29887231072075376,0.1942361699714941
0.16640401097396845,-0.05102271083664657,-0.30283520936687525,0.2828652135273981
0.18091148716932248,0.018535649218761805,-0.20056489615925543,0.2833678308545251
0.18308888186930034,0.040607994304543614,-0.03425782123714828,0.20949928273668286
0.17596418828065544,0.047034852087598715,0.13617766624239447,0.10787039751651938
0.16052112597670756,0.07877966518870372,0.252042046635562,0.038535786523146695
0.13383321121579342,0.1658169042241123,0.2735308023915333,0.04963149293560023
0.09031850239034807,0.31164037711581216,0.19075426153304115,0.1558262795454868
0.0255600051227233,0.4888072136461954,0.025021706875398838,0.3292094715464168
-0.05921024268285677,0.6474692720107645,-0.17944187877274512,0.5067566404290708
-0.15435645546994256,0.7336522486591869,-0.3701594533475778,0.6122898716634435
-0.2426080240588848,0.7101657964872949,-0.5024326895829666,0.5851927615241324
-0.3036884133914687,0.5719664910923786,-0.5516256816224957,0.40522034147419406
-0.32142381400805936,0.34993335899065314,-0.5181477554971414,0.103760533823224
-0.2907000007320949,0.10148656452910648,-0.42419326230471077,-0.2433959100093034
-0.22139947303642418,-0.10847760166213562,-0.3040352847860892,-0.5399868722424862
-0.13737725375095042,-0.2292066489531114,-0.19162430919826492,-0.7018216196637969
-0.07030192471241051,-0.24026123928800888,-0.10981615962292032,-0.6863519348379444
-0.05013074059687247,-0.15642470506448355,-0.06464780526546865,-0.5083902986162021
-0.09535003741296497,-0.019912609852575206,-0.046098487053708746,-0.23584507642656777
-0.20635128081460652,0.11673980727595368,-0.03445608785579281,0.03351484114935223
-0.364311259519962,0.21033164682199318,-0.009559881463426343,0.20630608140324017
-0.5360589108969779,0.24170081947641142,0.04059441811720671,0.2266445003042537
-0.6833364500511733,0.22017590270793197,0.11492702761169588,0.09616064185685594
-0.7733660599139349,0.17663464594015685,0.19957446635402154,-0.12649819125186854
-0.7872613573039916,0.14849520588897278,0.273039688357103,-0.34676869801581395
-0.7236942937680423,0.16298916025618027,0.3141342814754146,-0.468505951799375
-0.5969954992719196,0.2255028070067529,0.3097857190084831,-0.42931284366343003
-0.43085405180129444,0.3175241014220082,0.259972099281084,-0.22414638010453272
-0.25024987525926096,0.40475326808140616,0.17816562851918202,0.09139880989411556
-0.07467265521285364,0.4518407709946241,0.08727454776679307,0.4194819724282604
0.08506123625925258,0.437630414738921,0.012591450510174842,0.6536739579638949
0.22566162396727601,0.3646987369483927,-0.025827732218006494,0.716003753805727
0.34693791079176417,0.259373829115297,-0.018887011615702647,0.5843107219732965
0.44643820190241384,0.16228330927261156,0.02940715545415803,0.3002949259682261
0.5158192992655517,0.11325252137735561,0.10378410142267641,-0.044464590356743924
0.5408558300541234,0.1365490973046521,0.1826213881095697,-0.3394724550375819
0.5054737028392611,0.23221304081875827,0.2441417775865917,-0.49232099145945096
0.3984989607857745,0.37667384924367886,0.27190787306244496,-0.4588753701860337
0.22059685886060773,0.5320993511372558,0.2581150559908459,-0.25643747082878493
-0.011403000516447109,0.66047686987752,0.20411072513292539,0.04412660690775367
-0.2648361162737029,0.7366765393721805,0.11855457005899064,0.3438873809391418
-0.4966984346001138,0.7553648655597506,0.01431546026794598,0.5495916231300102
-0.6630695526548581,0.7293311978635402,-0.09463814708820219,0.6037902196073759
-0.7298659657615738,0.6804281650310258,-0.1954467760424847,0.501306807104488
-0.681811955433091,0.6274034298433256,-0.27740769105214347,0.2872484223513882
-0.5269971325333098,0.5761489539349073,-0.3322303177478949,0.038426194808924924
-0.2956789335617018,0.5168041793747455,-0.3541903000008473,-0.1643116467516277
-0.03364435434425796,0.4291710689347985,-0.3407555026003495,-0.2626914740807612
0.20806060729882045,0.2942603113703542,-0.29377248338892725,-0.2375552222812952
0.38432877029555423,0.10699823556596433,-0.22069867914061234,-0.11057089356076381
0.4653257099374782,-0.1156403775412322,-0.1349607189789456,0.06801088851398582
0.4418412360859029,-0.33518471813621176,-0.054558253869230224,0.23981005734968286
0.32570448024849674,-0.5016119406367302,0.0014261584877933717,0.3588642171322565
0.14559501980354825,-0.5695455022477727,0.017877497331296812,0.4049615263474394
-0.06035874110550612,-0.5148341957001992,-0.011134185629583553,0.3858811943418764
-0.25320477564965965,-0.34513997401571195,-0.07882030501469488,0.32920661984700245
-0.4009672066461987,-0.10016065228900382,-0.1654623671676085,0.268208695828446
-0.4839854133197983,0.15912111595969322,-0.24225259629442983,0.22800496609499382
-0.49688744710732474,0.3686766690904036,-0.27857222448656876,0.21730641040871018
-0.44714592367437545,0.480834124330494,-0.2507794463039518,0.22815521667992314
-0.35095484594835175,0.4780493904174594,-0.14980516794343277,0.24248653800399556
-0.22773941570367223,0.3763374774628322,0.015025144456473516,0.24164075366868448
-0.0948579738696288,0.21750139317725747,0.21746510715724615,0.2141756452903133
0.03607960512568797,0.0534128458426981,0.4209458991946728,0.15866798830065823
0.1603548873097078,-0.0715987411879379,0.5883770470983598,0.08092325644377642
0.2785924434416146,-0.13376842461518465,0.6920540693580782,-0.01216858447037545
0.3932171331930765,-0.1339266019140777,0.7204494552103479,-0.11827836877800348
0.50429996251441,-0.09185378069997475,0.6796840953378006,-0.2412495158376616
0.6064577849024769,-0.03412959919738251,0.5893247110745119,-0.38724366036218927
0.6882026894785918,0.018904221940341335,0.47417946185556253,-0.5569120663141177
0.7343337068853424,0.06137039918375978,0.35521884374441565,-0.7374750412665202
0.7308414036489435,0.10187306723405941,0.24306256778352886,-0.8992854548871709
0.6707252984529863,0.1556127207073278,0.13648360419964664,-1.0
0.5585170656048078,0.23247483728765225,0.026417934877407862,-0.9963691257431385
0.41146024061661224,0.3268931510345135,-0.0962466782468247,-0.8601359896496202
0.2562725731932975,0.4147233281347882,-0.23244374034563212,-0.5921230910887362
0.12195431040541886,0.45947524341191515,-0.3699532427476589,-0.228430399526886
0.030692758571409223,0.4261801209215612,-0.484248752456506,0.16495516128199825
-0.01005371122302855,0.29758122825339733,-0.5455030489704877,0.5086953823548515
-0.0112034008069076,0.0857686720688213,-0.5295578555748854,0.7329703732173398
0.00049695136986011,-0.166397596993173,-0.4288146902702535,0.7990148996143469
-0.00889325699752791,-0.39604944637880024,-0.2586139587548169,0.7115465745506406
-0.06815042516749976,-0.5404346789706524,-0.05599602277175501,0.5171686815952209
-0.18881816117727349,-0.5595396709634868,0.12961045686452674,0.28871655353417275
-0.35780679381132136,-0.4527216227487507,0.25118047148394657,0.10065832714887728
-0.5378503895501563,-0.26244835533796995,0.2794718971738077,0.004109042598257723
-0.6765495107260497,-0.0626193134580794,0.2134744685181559,0.010396273227796776
-0.7217749230384009,0.0654219420413334,0.08181157890424275,0.0891763369904265
-0.6387899198599217,0.06126354967658081,-0.06599387541349855,0.1818502726913587
-0.42347809214955373,-0.09184667556961815,-0.17585795047560765,0.22538236706148682
-0.10698787514424342,-0.3584533660413598,-0.20764961166498302,0.17769404559749255
0.2502852689545656,-0.6603346770825216,-0.14939206875048228,0.03510409355792916
0.5739949818945949,-0.9014177935851111,-0.02192624212667677,-0.16486368120603806
0.7958981978670135,-1.0,0.12796109049256293,-0.3565907872307813
0.8724521183307299,-0.9172115140099044,0.24385246604286895,-0.47072295500731665
0.7961224810059953,-0.6716524773567463,0.27988429550822896,-0.4608133144004674
0.5959452560521167,-0.33475784879424647,0.21765462503365268,-0.3222782607053692
0.327442626205659,-0.008098339581038613,0.07368921576658052,-0.09639004454976391
0.05549424626938268,0.20984263759820893,-0.10544176271402624,0.14253545546731766
-0.1640288978489338,0.2561350407899558,-0.2588585193215686,0.31241737572038636
-0.297920686213972,0.12403417661417987,-0.3324916397518851,0.3521750133899455
-0.34058482315220845,-0.13520766466777495,-0.29805888070154607,0.24362073042043175
-0.30955407354977926,-0.42981127079069764,-0.1630179730118427,0.018527223019680482
-0.23426184620411508,-0.6580467919666337,0.0322059734703137,-0.25177041907484266
-0.14298117427028745,-0.7413409377527149,0.22882705487194746,-0.4806017801712817
-0.05311751362548798,-0.6487039519569523,0.3709071813028795,-0.595437657911871
0.031702291679099555,-0.4045546309948396,0.4254529944807814,-0.5622172807289241
0.11733255553888788,-0.0779900145338405,0.39401345591441533,-0.39606654033946587
0.21027973139416972,0.241988481644864,0.3114495732262086,-0.15489833131733913
0.30892128289289555,0.47613055319478137,0.23224931013825947,0.0814875257439826
0.39929339806560077,0.5790773008655867,0.20938560839104955,0.23912074582789253
0.45795831169552736,0.5500927688445656,0.2735449477667846,0.2745106348673835
0.46130103602351374,0.42769291245495655,0.420510083239346,0.18774148941411634
0.3975810601893357,0.27138436875200456,0.6115386547685523,0.01991297853350838
0.2764468110557903,0.13815592036377494,0.786793412080009,-0.16346786340847877
0.13115185169055432,0.06275628917740188,0.8870065527650549,-0.29661705499107305
0.011292989446328568,0.04875872244138231,0.8754148603842259,-0.3362226623188134
-0.03240885671486724,0.072860979737443,0.7517808358555202,-0.2748391730570184
0.03363243854342965,0.09961851527623389,0.5531418881064142,-0.14072238773984427
0.21120657642388013,0.0998838180053579,0.3407950143546121,0.014987729496967639
0.4651412749022357,0.06508549977110452,0.17814538434025723,0.13830186018957305
0.7304752164359853,0.011480218141105423,0.10752162311371341,0.19189306373556939
0.9304790424070681,-0.02721416304742214,0.13457297228563223,0.16700463328006407
1.0,-0.015569708984402644,0.22618154843594573,0.0839128727141004
0.9063958351571397,0.06611783072813779,0.3228965517144054,-0.01840719898472078
0.6608302285090859,0.21016684049904488,0.36152012466097966,-0.09876461278094777
0.3158302789529156,0.3808262057504649,0.2996290906130773,-0.129701023090253
-0.05031617769146124,0.5254169901202974,0.13294348936866537,-0.10682714369187456
-0.35718839535530905,0.5933819312877343,-0.10108660158238157,-0.048358168866501045
-0.5459670555945834,0.5560251890390898,-0.33516991751057224,0.014372895310773003
-0.5953688664979165,0.4191953999306809,-0.4955994441915766,0.05116406069039644
-0.5246883675015215,0.22364783091374096,-0.5289907124743237,0.04601711337706032
-0.38344616003297516,0.032397865161982176,-0.4227446476379341,0.003794691834937871
-0.23184071700132206,-0.09068148979588461,-0.21172355307578322,-0.052061281540222895
-0.1192991831989321,-0.10334393076208148,0.03157455481954338,-0.08965886051244726
-0.06881631915134256,-0.00027924546961512675,0.22024669486231677,-0.08245722178123607
-0.07236276353043658,0.1844994394322255,0.28177012518368033,-0.02118325544949114
-0.09837340954084847,0.38924856653769724,0.18248636708525634,0.08088669243442442
-0.10781034821852481,0.5459942630459859,-0.060621792266711105,0.19140841493076718
-0.072215337855017,0.6042051145967987,-0.3848877297684195,0.2699597766220735
0.013357241712201968,0.5480786784722679,-0.7019319714809814,0.2824496381493453
0.12746233565427595,0.40120836322491504,-0.925831905371366,0.21362987577988407
0.23037958253852928,0.2170145045778815,-1.0,0.07318790973101934
0.2798877507876747,0.058525201881980335,-0.9139075793985371,-0.10665711242461186
0.24844109130528125,-0.025039877791911143,-0.7044308765927096,-0.2810103537863058
0.13500654368331202,-0.0163132093348665,-0.4419134932128314,-0.4059601016871617
-0.03307726492524841,0.06409012498307633,-0.20615287724086415,-0.45124320148094366
-0.20900701212823342,0.1654902890378545,-0.06067659033267126,-0.40778041753558497
-0.34286317347960765,0.22609786175927443,-0.033865846291476494,-0.2880586074178588
-0.39926751062623,0.19600150886412382,-0.11276573377651972,-0.12002184537539112
-0.3697602330483893,0.05579021590228512,-0.25085639142171084,0.06265640076679528
-0.27534145842420277,-0.17590400280526675,-0.38630158338797355,0.23011228071588857
-0.15834058027261638,-0.4485539910564437,-0.46388153346569927,0.3624272550946568
-0.06675214834603316,-0.6971981748269906,-0.45301033564725784,0.45090872184062813
-0.036908638955458976,-0.8647933828842627,-0.35606551043048196,0.49519808304094926
-0.08084888455850973,-0.9213947213281762,-0.204930134377598,0.4984993009803916
-0.18285311860317852,-0.8734006446156101,-0.04778787496687438,0.4636810125007132
-0.306116914012734,-0.7598146205379636,0.06863335910928113,0.392199504824022
-0.4067790631884263,-0.6371954845233686,0.11501583862385463,0.2861416687778253
-0.4499150689197702,-0.5589627200601293,0.08834235484646184,0.15196475349648436
-0.42159453541774317,-0.556567490067534,0.01125555108501923,0.003495967828734543
-0.3327965639171104,-0.6291344885220554,-0.07717256152407086,-0.1380839644146383
-0.2141646713673721,-0.7449398795935318,-0.13551315047779702,-0.2482591449162183
-0.10400722143445,-0.853765659588192,-0.13384683643930215,-0.3063062414255081
-0.034314880758457976,-0.9053578726160946,-0.06288675456967276,-0.3029854539792825
-0.020030798405829064,-0.8672647905744657,0.06420005481035913,-0.2455677191725779
-0.055287527664271516,-0.7358601510341682,0.2171997483159779,-0.15763151724229313
-0.11749277748210185,-0.5370580162324976,0.35908243471512674,-0.07288713934357056
-0.17714900711784728,-0.3170191231899672,0.4573666379864189,-0.024605286564705783
-0.20928322820063364,-0.12661260715050418,0.49299301277984753,-0.0341311624768339
-0.20205871727907737,-0.0053087067375441966,0.46430743581768397,-0.10266176037603598
-0.15955882710384686,0.0300480451072316,0.3855789867564555,-0.20959591836176314
-0.09822146172223337,-0.011732305017506772,0.28122214691042136,-0.3185707881964038
-0.038922239077360775,-0.10154807176294406,0.17800257398409197,-0.38953616479490344
0.0017421600083933478,-0.20105289224211545,0.0977314986315523,-0.392902289491303
0.017393054896831225,-0.27503714442988186,0.05238328879137146,-0.3208142281754123
0.012876678711109958,-0.3008954333642409,0.04253954076807344,-0.19137966965586609
0.000395863692283239,-0.27255998066659753,0.05898855228098284,-0.043994527175908356
-0.007127012755311368,-0.19865511070449782,0.0865261356571946,0.07301350896572437
-0.0023045586840146517,-0.09675301564926161,0.1086652801635911,0.11845236033241731
0.013641062783799918,0.013318847642722176,0.11203151179210587,0.07263802056031118
0.032231576142125996,0.11445598016199535,0.08954150113171923,-0.054912945395685774
0.04271600716178371,0.19423734637834916,0.041859652192762976,-0.22729171434713855
0.03823515100259669,0.24428015457618793,-0.023011570472302352,-0.39114953624377624
0.02017121991826282,0.25865641393964095,-0.09185168003840154,-0.4933381568615633
-0.0015248182447955806,0.23327717384422267,-0.14962627654065444,-0.49783127470109806
-0.012449992918215943,0.16730853975427207,-0.1834837264154144,-0.3973884725978653
-0.0007113747237901986,0.06620901391367469,-0.18642650889334425,-0.2161523743012686
0.03625405146485304,-0.05537829005616057,-0.15965059706839205,-0.002361754585293587
0.08813669449520857,-0.17316760634388023,-0.11271355857301482,0.18640467834314658
0.13343346717832133,-0.25683443431476133,-0.06117617039086046,0.3006551169449113
0.14622401808978158,-0.27765252984621924,-0.02209922176548891,0.3135260480304925
0.10580117614143825,-0.21815346043544148,-0.008561829814430814,0.22796178683747675
0.005609443272082059,-0.08037398776811361,-0.024908354821788978,0.0745584300774433
-0.1419965245119003,0.11089095464128779,-0.06446073885014379,-0.09885331425554214
-0.3072360145885479,0.3120510614184836,-0.11083358617758064,-0.24224507451251612
-0.4504372554627531,0.471643058190759,-0.14287283855291338,-0.31814263096846357
-0.5332168439903191,0.5452587832591512,-0.14194330511796832,-0.3115753711489208
-0.529573091541287,0.5096733420752071,-0.09927723085684224,-0.23252380727737565
-0.4332265979492645,0.37117419696223986,-0.02078343583195969,-0.11072716349991293
-0.2589435756338005,0.16477024937736873,0.07269231499830126,0.014873767237719248
-0.03775047292626396,-0.055997040354288354,0.15028536136740842,0.10830183183237661
0.19195829340325316,-0.2355792104097971,0.18009236050389602,0.14642505216643972
0.39419368535146215,-0.33382808715034146,0.13958238718802446,0.1238033430107154
0.5428620351033263,-0.3383235735087461,0.024084931777175977,0.05166831630519228
0.6250423424094169,-0.2673079261816096,-0.14961557891149174,-0.04781861188649399
0.6399546010764764,-0.162175989674211,-0.3461238001360135,-0.14952445220981045
0.5951659859997327,-0.07218763200643712,-0.5202336919662105,-0.23266845806929776
0.5023682421025608,-0.03687339628252523,-0.629244605144022,-0.28533232285343185
0.3747197629742081,-0.07244175623743236,-0.6451339590456934,-0.30530579297393706
0.22651033989033084,-0.16702720047689684,-0.5628760438968824,-0.29784096488701345
0.07439625160275451,-0.2863619315119503,-0.40234479305723303,-0.27187141484628213
-0.06159739788928531,-0.38760623959905455,-0.2032074174382561,-0.2364790426688632
-0.15917907190899566,-0.43606450147901876,-0.014350470687664438,-0.1988715643842287
-0.1978824783584296,-0.41847369645311316,0.11901889084216313,-0.16417186304148793
-0.16540615519120402,-0.3478759548918102,0.1668850346808245,-0.13637539599555643
-0.06393565779522196,-0.2582844547811762,0.1214347388873953,-0.11932057600068507
0.08649144412265736,-0.1912225602992805,-0.002048118801271285,-0.11664485396468544
0.24991947582725485,-0.1792999169091577,-0.170161070282227,-0.1303809197772031
0.38228599452608686,-0.23311893636538425,-0.34039382508315064,-0.15874903009156177
0.443388034796394,-0.33654932003608345,-0.4714632718396387,-0.1943846136703291
0.4093571394360974,-0.4522380707644413,-0.5323010537180054,-0.22435079479032616
0.2812889827184643,-0.5353358319197028,-0.5078080035267984,-0.23270998656091482
0.08658895627558562,-0.5502897775127757,-0.4006410743435176,-0.20535556780408343
-0.1280823813146941,-0.4843672212134424,-0.22937413235944532,-0.13566145506291455
-0.3104426726773035,-0.3527854900847811,-0.024051924962224323,-0.028796240332406745
-0.4185104627870296,-0.19347650136631692,0.17965996904827003,0.0973589314904737
-0.4334924612413953,-0.053416293395595484,0.34670939895953706,0.2157776572667837
-0.3651693426091283,0.028376411292586386,0.448552407693638,0.29785589511030836
-0.24782642279373765,0.03482322337488427,0.4681615007846414,0.32287105324611237
-0.12806711949623273,-0.02344696675198721,0.40356948201031845,0.2861815497713182
-0.04872456946535793,-0.11263660591734521,0.26923109353251096,0.2030283761397759
-0.03448367192604427,-0.18882972274793536,0.09446364940134924,0.10598418204367432
-0.08420893893094374,-0.21457299331019558,-0.08144978439910396,0.03613599989060139
-0.17255238679087864,-0.17271953622127478,-0.21716714118957822,0.03032065897168118
-0.26007191110369465,-0.07235791513460925,-0.2788632472366233,0.10836273421700539
-0.30805125027547486,0.055308412216866526,-0.2492115298881291,0.26465207708996713
-0.2925909865239629,0.16943556525912837,-0.13311311528215988,0.46729919220504895
-0.2129182543921788,0.23551206300718905,0.0420304271138756,0.6657945678207056
-0.0910762989064402,0.23868132164967681,0.23236313147988097,0.8052959454689734
0.03664027717992336,0.18932006855210332,0.38889468409831957,0.8433185641622724
0.13314264134285705,0.1187683095254967,0.47118378805171085,0.7635475370220246
0.17384877356491896,0.06688349285298069,0.45934220149422217,0.5821624426696369
0.1549938370895561,0.0662153547946357,0.36043405654152094,0.3443165449408955
0.09409844490466437,0.12888286383643704,0.20682592911079917,0.11154712941412331
0.02270815131183703,0.24119922480316766,0.04651051422772549,-0.05612256857029588
-0.025667465805999632,0.36813719726330224,-0.07189726046405415,-0.11781161370323265
-0.027861430298920607,0.4659836795694718,-0.11483457357715145,-0.06355609144432976
0.020833715807253694,0.4984228785572088,-0.07498249046217575,0.08350593067713906
0.10542939858768631,0.4499882002521535,0.025935657142930765,0.2751688366476937
0.1969331067107899,0.3318201125678061,0.14400636081401175,0.45371262757267267
0.26251186910753765,0.1775755432601006,0.22766827355224897,0.5698451666180354
0.27623507509769074,0.031048410434512966,0.23529712161027452,0.5972010668541318
0.22661781470454848,-0.06982348161716301,0.14998648386669985,0.5388229917543927
0.1187037116350749,-0.10654412690137453,-0.0135577847879706,0.4238291681063861
-0.029331805073108796,-0.08613969326503045,-0.21256065963179355,0.29580316848004523
-0.1930361801676281,-0.03747185129595185,-0.3892348750117424,0.19717604104554629
-0.34892398045447537,0.0007997141179222858,-0.48918579954580554,0.15507225196483004
-0.47933779034536317,-0.0039509954070177,-0.47911328745207754,0.17337151836418468
-0.5735724074499395,-0.06468031776682213,-0.3579065138046925,0.23339024923711546
-0.6257790680002366,-0.16842545450567295,-0.1573867561538941,0.30247147761816734
-0.6316515136269287,-0.27990786424631237,0.06759484619649506,0.34701098751666826
-0.5863515782632085,-0.35382281276340416,0.2564268121766207,0.34501375111178645
-0.4853733267144403,-0.3514476128740695,0.36163085323310995,0.2936482787347255
-0.3284190103179142,-0.2555993809155449,0.3631225198495934,0.2092655880561019
-0.1245988279892769,-0.07853721949038091,0.27319398241423215,0.12020695837296298
0.10382305882490808,0.14009623721659675,0.13075163467052273,0.05537546007452601
0.32179050092718925,0.34468948359696877,-0.013012591912013233,0.03302189338696304
0.4872034469727145,0.48058018961195353,-0.11247426340163855,0.053978770585433246
0.5611941214263189,0.510782385937876,-0.14280384663303528,0.10178445183991389
0.5200163847776946,0.42700539221583633,-0.10742427741601648,0.14947445420593936
0.36451040204013996,0.251516503029061,-0.03530300588765868,0.17029336365620718
0.12344142992380368,0.029570334618401844,0.0307894867299904,0.1481447852527194
-0.15121585320857364,-0.18474669771520782,0.05083192520930897,0.08377194690987659
-0.3963487403269181,-0.34440547290645696,0.0030860461525657416,-0.005642780481891144
-0.5538823352146778,-0.4219528187297722,-0.10681538856171817,-0.0932191409541865
-0.5862620618984641,-0.41503094561655013,-0.24641143949162164,-0.15279300331627468
-0.486487591376837,-0.3438457142550807,-0.366476345455915,-0.1689547546979784
-0.27958959915927367,-0.2422406808099388,-0.41727044532779006,-0.1428464716718291
-0.015132603886793725,-0.14593115748198263,-0.36557272861074636,-0.0915138513799925
0.24686172191392036,-0.08195640962354975,-0.20683372477930115,-0.04110165383066241
0.45219936426137525,-0.06248014615533312,0.03160153837284694,-0.01654522537606891
0.5661318648907644,-0.08418491904246543,0.29734040799036154,-0.03174151417531918
0.5805101633128679,-0.13243815358845207,0.5277644807911627,-0.08397810826792244
0.5128977603055062,-0.18791853119370527,0.6682216793635879,-0.15474679576253353
0.39862635634543586,-0.23295226184143764,0.6879784212872807,-0.21661163675618353
0.27881257962069556,-0.2554501731891082,0.5890923582609727,-0.24348794533788992
0.18824856451819252,-0.2496781212634693,0.4056122379501946,-0.2204048215326328
0.1466573993398268,-0.21452610333265162,0.19348448219531839,-0.14905589289261414
0.1553548374924691,-0.15088342387133039,0.01430790955594201,-0.0470907069612765
0.19948240061395872,-0.05984735340485705,-0.08219738466886269,0.05848198325494473
0.2543401108980704,0.05717925772236044,-0.07192105197082507,0.1411564304473012
0.2934357105794062,0.19655899813420075,0.03751735313273629,0.18421966806121973
0.29583953378993,0.34976203157277874,0.20975031061551055,0.18591485324182694
0.25111544344093706,0.5016054770520573,0.39060017741018527,0.15858719636914087
0.16110414298723594,0.6308001938914741,0.52364099829542,0.12230820365244308
0.03875831495922303,0.7133514115511771,0.565906664982269,0.095649294830713
-0.09519636703412197,0.7281996286396606,0.4994184421961478,0.08738887247036885
-0.21682241608511707,0.6634939403316217,0.3355331666966103,0.09255185593842495
-0.30388581671571907,0.5214505515785234,0.1111903106020777,0.0944469422497911
-0.34040021252455,0.3200357323136155,-0.12163686630723558,0.07196169955615783
-0.32013780705434725,0.09062392915679562,-0.31020125974945817,0.009241631016877321
-0.2484326507016153,-0.12800354225033472,-0.4149804894155068,-0.096141921509662
-0.14165152946918957,-0.29784939824880263,-0.41963796197459474,-0.22992657537290673
-0.023992492506049692,-0.3899703910608598,-0.3343601435827944,-0.36433938236555097
0.07812720147349843,-0.39071557599010226,-0.19183147903416994,-0.46677783956287805
0.14301599039794982,-0.30441933347510697,-0.037123138488094586,-0.5108789429106999
0.16016569253722152,-0.1520075375058032,0.08557243391850634,-0.48586174387025466
0.1341019196503043,0.03398665209271367,0.14556801315250348,-0.4005932956548015
0.08392864567857584,0.2166811711419905,0.13404845387206404,-0.28075887897609936
0.038038996571584056,0.36263912308725604,0.06574066240264356,-0.16008767843352176
0.025088138350347497,0.44847856024287813,-0.026647873120947775,-0.06881721885822072
0.06384639750837162,0.4649653575111105,-0.1036363954916796,-0.02362087152853234
0.15535089507824715,0.4178762007164316,-0.13249404571889836,-0.022671819675717332
0.28041819304871296,0.3256219014582289,-0.09890839160700385,-0.047580278869760226
0.4040313083001574,0.2142801163358586,-0.012998702829482464,-0.0713538981377928
0.48580233764390196,0.11120177751058334,0.09257277330257455,-0.0692778201560222
0.49342200218030363,0.03864893518644816,0.1722854146143005,-0.02854677256313007
0.414608804654362,0.008931261261817909,0.1826458088022706,0.046992121789135005
0.26318288021416125,0.02219928726692038,0.09781933744707882,0.13871689201227616
0.07661627877210851,0.067443468156885,-0.07904182432152279,0.22089980094460207
-0.09474821796635916,0.1264394741207404,-0.31285859269237437,0.2711101656396842
-0.2036263516952664,0.17955859779458064,-0.5438076514312868,0.27924707181369096
-0.221636866977521,0.21176820900226104,-0.7032628076606526,0.25163352399824923
-0.14953732600834985,0.21700256453260913,-0.7342129043553286,0.2085144409917171
-0.018008363118908854,0.19950280713374186,-0.6100882936545634,0.17585671515554369
0.12170891555516297,0.17164285097795384,-0.3459376290250219,0.17457449488502486
0.2144769483140389,0.14892044020454673,0.0021626848425906546,0.21134732973334897
0.21971562802562594,0.14381688457249944,0.3501921594260171,0.27466141449143733
0.12534123510578238,0.16072968945777555,0.6086298523420334,0.3377821644864122
-0.04768808172140588,0.19392121029206993,0.7080023890802578,0.3677790178249526
-0.25190744144674404,0.22942496628819306,0.6199391057279154,0.3374388046205015
-0.4288037467657929,0.25041522700452634,0.3671091946293033,0.23577455120923713
-0.5279169305434435,0.24417976992104182,0.0185186217738038,0.07328086774048158
-0.5230348102872893,0.20806899179453872,-0.3290018849864688,-0.12006190645083008
-0.4199895418870926,0.1519750901708294,-0.5780087402068708,-0.30345898579621233
-0.25357078517281345,0.09603625736481035,-0.6584080629470082,-0.43771696171081487
-0.07493645042062233,0.0640042007432096,-0.5477716075022666,-0.49718392860868427
0.06578156655652871,0.07443471555175901,-0.27777260136625725,-0.4772138995454875
0.1354151838514362,0.13289182158904214,0.07533001888434077,-0.39477260007229004
0.1267193608454533,0.2282406922611762,0.4133450572382338,-0.2822024468773793
0.05756731084845107,0.3347964187117422,0.6450566015024499,-0.17647371098151923
-0.038716249226210885,0.4200068515491098,0.7125565166213099,-0.10765678278085744
-0.12773457075778194,0.4552241516910442,0.6069964887456926,-0.09040420290025393
-0.18736529252190764,0.42577511118280753,0.3691058717001814,-0.1209834323181888
-0.2149555693989143,0.3365455882630803,0.07463840415267232,-0.18036699648782245
-0.22582231387879764,0.21073941194486845,-0.19035312466765872,-0.2418309297310007
-0.2440189387832116,0.08189901599773791,-0.3563861467604005,-0.2801580449844144
-0.289401128503003,-0.018180220429267042,-0.3910154738426046,-0.27930836230296724
-0.3664739642163375,-0.07131018782489844,-0.3065943653066433,-0.23628717245800449
-0.4597756959792632,-0.08005559005450265,-0.1532707561757353,-0.16049531726392166
-0.5379382173771007,-0.06720935320556135,2.9599310732626427e-06,-0.0694568165396383
-0.5650812583218079,-0.0673803803027235,0.08983421571126614,0.01710352610223182
-0.5152050061636311,-0.11344685270386742,0.07993244134037936,0.0826451094973914
-0.383917147095856,-0.22272110595833608,-0.02721546084140463,0.1170859150318556
-0.1926995021453956,-0.3880525490508694,-0.19212603382289253,0.1174852404537408
0.016325621210894672,-0.5775347641983724,-0.35258271684336134,0.08672326276249978
0.19357007165064744,-0.7434739126474471,-0.4452814873736121,0.0313783786417925
0.2984664329880282,-0.8378762895553807,-0.4274394380073952,-0.04003593518526177
0.313277398525393,-0.8291729617082191,-0.29117018122818716,-0.11789574322724224
0.24912308257346177,-0.7141976375671735,-0.06605561719589471,-0.19155720326085005
0.1419331665744421,-0.5209009902600319,0.19057789402487255,-0.24948917212705835
0.039720535609881195,-0.30045690252232504,0.412058798341525,-0.2802906267832552
-0.01424299567508322,-0.11118271855484271,0.5430723129761728,-0.2749547897046054
0.0037167713499054148,0.0003069385590405012,0.5557890660178375,-0.22994064459358715
0.09008849904000162,0.014180997882712336,0.4563832100339061,-0.14988679881302416
0.21643988880644685,-0.05660312674851025,0.28036872172907656,-0.04853936347709617
0.34047857449032554,-0.1715269602468592,0.07902305027405572,0.05313526073578221
0.42165767301895735,-0.27715792013089513,-0.09795644145618752,0.13170900260359156
0.43551025598408327,-0.3260517771286628,-0.2174604368754563,0.1677903448220027
0.3815239045949381,-0.2932369136496328,-0.2707468155540942,0.1522177294821888
0.2819118693115674,-0.18449734856257108,-0.2719511077343412,0.08968923428966435
0.17210937288765676,-0.03364407907660847,-0.24870153720034516,-0.001775480732944702
0.08689584708939287,0.11006518650795001,-0.22894455707957495,-0.09579023932622426
0.04756291633638155,0.19968110541429113,-0.22919046075409014,-0.16563473494862427
0.054969239256559894,0.20703534474257845,-0.2485377410097565,-0.19279606307137873
0.09091034487610052,0.13206673243947017,-0.27042326773480924,-0.17308025321640483
0.12694424792949002,0.0018599587768918983,-0.27102016469052054,-0.1180407950273862
0.1369319762980634,-0.13992223319413216,-0.23070433948561309,-0.05102360529522836
0.10818189730464187,-0.24904169173278437,-0.14394083451832873,0.0009809079099763805
0.04673667160825485,-0.29608226252170294,-0.023652993407880667,0.016937803563824995
-0.02526579350368341,-0.2756245887419442,0.10168735807254232,-0.010547588485148755
-0.07904063725210249,-0.20609414148032495,0.19722210835616585,-0.07226419592485872
-0.09156891026599386,-0.12079509158666249,0.2337460967161183,-0.14536185274497543
-0.05592601627441258,-0.05397059514573805,0.19819938483740762,-0.2013836671349489
0.014733153278286901,-0.027504570100435048,0.09879467767171209,-0.21666333875086313
0.09131151122868342,-0.043446080447347976,-0.03704489021581015,-0.18145993397244523
0.1396009607659576,-0.08509618691518576,-0.1711548071629181,-0.10453567472840794
0.13369114694570128,-0.12592313788325654,-0.2664750127097499,-0.011384746413932745
0.0667245717424993,-0.1424331177209566,-0.2981636657932632,0.06351369926570058
-0.045322943474601224,-0.12555121360018384,-0.2603061793981458,0.08796464858317554
-0.16854775177590364,-0.08567705341853689,-0.16627025294574882,0.04312445532057761
-0.26309495090903345,-0.049133806833038765,-0.04307393572727007,-0.06936949732565247
-0.2978176140956319,-0.04722679285525784,0.07783800308365588,-0.2266820181051167
-0.2620825941910361,-0.1021915949115014,0.17000083187253545,-0.39084466611678953
-0.1701323119791295,-0.21572280868614688,0.21841664129330313,-0.5197321501199558
-0.0561290788259931,-0.3649495728441547,0.22142696412371268,-0.5794682868967215
0.038499403023135544,-0.50794685703014,0.18816374563733906,-0.5543285142374051
0.08083119408719944,-0.5971921987529782,0.1333646217149538,-0.4510541571748289
0.05944546708834724,-0.596213138510373,0.07203442567281806,-0.2963376674535734
-0.01038367034432456,-0.4932600849272385,0.016030517041395635,-0.12844648795511995
-0.09155511459768753,-0.3067628739388261,-0.026591512855157498,0.01421243431945443
-0.13865208182643252,-0.0802764744889919,-0.05011006571050491,0.10391869328340436
-0.11542345627647893,0.13149972941100926,-0.0492166129615205,0.1305400824921785
-0.009931534217236861,0.280696883066537,-0.018434801778560547,0.10260773374633132
0.15831732987778735,0.341774860220525,0.046157767481859874,0.042626612772253755
0.34225323735735796,0.318945450466905,0.14334040480440838,-0.021472382783566408
0.48129788517343747,0.24289796194360602,0.2630341883225441,-0.06571048493840935
0.5211319522709825,0.15817436119700679,0.38476860736258994,-0.07717682386280565
0.4325760792937652,0.10601176460281546,0.48011524216521956,-0.05674997997829439
0.22310758272436315,0.10912993312045066,0.5193805493520387,-0.016904392238499585
-0.06310785116188189,0.16415880204515956,0.4809492434120577,0.024232350811728948
-0.3569968482916177,0.24446728843698226,0.3601571314810594,0.05021466363267143
-0.5845654899138013,0.31217673741237273,0.17415260250555542,0.05233253842596168
-0.6887529722838087,0.33462605052194244,-0.039809675222375614,0.03232834499918464
-0.6461958325176591,0.29883544321127126,-0.23305315446610878,0.0010177906913102191
-0.47363681036586364,0.2182495729998599,-0.3589823402598966,-0.026449523596826906
-0.22211293704749663,0.12895880717204142,-0.38722303675282377,-0.03678836187650036
0.038992795915684185,0.07660312298714222,-0.3135795109797694,-0.023888036788846333
0.2427731095001999,0.09874644335652823,-0.16208932108984592,0.008708265895177408
0.34384929146838067,0.20931605101213585,0.02199046237727691,0.04901501482213133
0.32983191959570235,0.391044495495082,0.18628840727651358,0.08100710358068737
0.2220367923018582,0.5989673932520065,0.2879386234222817,0.09056547778957844
0.06587732437718316,0.7739913994861007,0.30707254613176543,0.07078147920892218
-0.085378510915265,0.861854346015211,0.25246832240330846,0.024691781178386732
-0.18789534527289478,0.830822147985763,0.1573050723340121,-0.03553948163130749
-0.22002659088776252,0.6819278321954432,0.0664490160809873,-0.09268614744316339
-0.18679303321663068,0.44826962843772494,0.0197484084249097,-0.1302983488634356
-0.11527558589243293,0.18382724463658662,0.03730848151287519,-0.13820662484473337
-0.04312976914818567,-0.05403605768765282,0.11207454974590084,-0.1157147439620188
-0.004523273411827455,-0.22210034199882703,0.21246320754281892,-0.07135000693285892
-0.018335806143175874,-0.30277843791169207,0.29415980126822044,-0.019298468776455958
-0.08236523865317529,-0.30592219699549694,0.3168527842379976,0.026129334615808682
-0.17502843382916855,-0.26097231589332626,0.2598292755629998,0.05592241331818515
-0.2634587451478482,-0.20300755668792633,0.13070343009554902,0.06962784743911957
-0.3148700507452205,-0.15832529002235018,-0.03601442475347734,0.07517597392271297
-0.30721752450971435,-0.13507427622466467,-0.1901456066838143,0.08528153861710489
-0.23573008702960702,-0.12226810892636071,-0.2829567382968053,0.11173824651652244
-0.11352951412675179,-0.09712195853433037,-0.28409688697375973,0.15978008650686681
0.03335188733200489,-0.03739521147672457,-0.1923281304029545,0.22475352951723684
0.17443421840437598,0.06646991923128802,-0.03622560255043917,0.29257340668874554
0.28368010516997405,0.2044536292905502,0.1353991413417494,0.34407208686134083
0.3459425922711872,0.34821965935323823,0.26994736356129456,0.36187428859022214
0.3592371874705285,0.46020909121693276,0.3285469758001391,0.33737918303359443
0.3327098762223876,0.5071590329240125,0.2985210407284495,0.2752167427134814
0.2816423637735827,0.47288514871777126,0.19658469599963496,0.1932898912105252
0.22166405607534548,0.36540000471670137,0.06190244665910391,0.11799756467249523
0.16429577096193615,0.21554821461803544,-0.058265238836179685,0.07595669509022343
0.11513804032226779,0.0675040433370296,-0.12506207117248314,0.08489276154329173
0.07481584209029774,-0.03550911613068145,-0.1208346855439306,0.14684295575428585
0.041694415473840236,-0.06518391007002265,-0.053908002969359305,0.24619878053527225
0.014801876361151841,-0.01685687539886175,0.04596120594788506,0.353572738584841
-0.004482602549405629,0.08994821587460558,0.1393724829726076,0.4345103034529136
-0.012695578439671396,0.21910566447049565,0.19173707678000512,0.46035717138316923
-0.006250351988664586,0.33065324053268236,0.18509235986072345,0.4177423329853962
0.015983508267219088,0.39407027492744434,0.12319511793131907,0.3134760547956249
0.05086324901497612,0.3974464016444722,0.028474658825963204,0.1731068881713791
0.09097208413781692,0.3496385103382538,-0.06751890164823136,0.03346155227768927
0.12667035306074456,0.2751949635857078,-0.1362354883211256,-0.0684986217293389
0.14947731839328213,0.20442750495503764,-0.1621562649878697,-0.10692429376945231
0.15537954119851088,0.16256927762183834,-0.1471319518410989,-0.07480071801269657
0.14656285558529475,0.16195100955226013,-0.107784244101402,0.014304383294406321
0.13062395836700605,0.19965791030264385,-0.06744001018773584,0.13092224839160058
0.11733550058739883,0.26085329956090747,-0.046088350869237085,0.23912167229575015
0.11411380112280073,0.3258024108218481,-0.05243305283675193,0.3075077067514318
0.1220214984753401,0.3774305017549023,-0.08109028929397001,0.318176255478377
0.13411155207960693,0.40640912176407734,-0.11580969371133296,0.2708487956283977
0.13713503549841266,0.41212334753934554,-0.1371612445173536,0.18115678563435325
0.11634832198473229,0.39979443953156735,-0.13139105954250765,0.07407156397163171
0.061842576730538626,0.37568086202002954,-0.09676825023922142,-0.024937688738210666
-0.02599547056656463,0.3429705856040049,-0.044837100963168994,-0.09783199590183571
-0.13422868534903246,0.30045312544303143,0.003910245062465029,-0.13838518720107404
-0.23967773370641782,0.24459057888387867,0.02816550446027539,-0.15185195654090264
-0.31553940286438575,0.17386546775473563,0.01444276565387364,-0.15055023337675663
-0.34038416293155654,0.09305562225841214,-0.037266670038894514,-0.14744487673208395
-0.30648796605456263,0.014937550987313596,-0.11311499245989354,-0.15041254556055766
-0.22436993456080828,-0.04204921134932174,-0.19048138493788444,-0.15941137692390142
-0.1214708968974495,-0.05984584555744077,-0.24653131240851284,-0.16749135417151864
-0.034816652385277334,-0.02839030301081934,-0.26687801541430095,-0.16498781897079484
0.0003679349751923329,0.048345508200723614,-0.2509176931907143,-0.14496787400528624
-0.03745683524644791,0.15077899837455042,-0.21170763133252046,-0.10753279556290604
-0.147759315157555,0.24795132203235035,-0.17040011152578194,-0.06108065556509641
-0.3061243662436978,0.3066849253098089,-0.14739844193316762,-0.019885166546936135
-0.47005350162459414,0.30270607912320396,-0.15372450991393896,0.0011544765593932322
-0.590916296108916,0.22972669026855147,-0.18605937653570426,-0.007417669996430542
-0.6284772645697525,0.10293848584254565,-0.22753884660427653,-0.04510361346337297
-0.5634348134124196,-0.044758032900221616,-0.2541738026350147,-0.10031936755347153
-0.4039220639778134,-0.1728472454522343,-0.24456136835487155,-0.15320960655226606
-0.1837960900861444,-0.2462830511847084,-0.1892009332119913,-0.18151751487502027
0.04682919874691378,-0.24700377501571225,-0.09575503932190756,-0.16750929490703223
0.23585109063892234,-0.17975728101680294,0.011990185473898735,-0.10360315567190773
0.3437649991861736,-0.0701072223667286,0.10141644928771751,0.005131421997164211
0.35404976801914545,0.04468543657056165,0.14223506645308848,0.14228445653711055
0.27628327725998386,0.12860832735595978,0.11762561463066275,0.28457606858950335
0.14135400772253945,0.1589774433350804,0.03133038878103391,0.40783552621329694
-0.009292537422662896,0.1333079757868224,-0.09199792667428668,0.4925160595673108
-0.13659737288221527,0.06861039793595124,-0.2135932587066424,0.5271956979450284
-0.21475043209285802,-0.006394477121360347,-0.29243754146116424,0.5094485941759895
-0.23666779344162325,-0.06299242340309956,-0.2983262564928304,0.4444966613398018
-0.21281793499283885,-0.08353925270985593,-0.22181656164807742,0.3427431467766789
-0.1644851654515169,-0.06761851237577947,-0.07774788159043658,0.21739664514260706
-0.11438744803850516,-0.031014568721176864,0.09884926002056857,0.08293693886050335
-0.07824784620349257,0.0019284772321168267,0.26313560866718577,-0.04557417752762036
-0.06026770486350233,0.009374195439550707,0.3737826159484421,-0.15297793486246625
-0.05376941680364352,-0.01806181378608149,0.4049824370211353,-0.2251443970665187
-0.046234726793504016,-0.07260420094204392,0.35341809937443375,-0.25122768613123075
-0.02633520110784864,-0.1318836725356317,0.23817612454254347,-0.22677846685069872
0.010074010021427415,-0.1678960437093782,0.09389142990883036,-0.15664554629793612
0.05745370819269641,-0.15885672220217997,-0.040457410146074256,-0.05618835374768709
0.10252418291822611,-0.09917441538958004,-0.13341739254325713,0.05042268559206392
0.12977406597303343,-0.003360917800221626,-0.16987298873854417,0.13512365874395235
0.12821940426285872,0.09803185678614473,-0.15422460715917297,0.17312984365736767
0.09660287815530388,0.16925188975872682,-0.10725916076997677,0.15028974452977067
0.04484508571084246,0.18302692469017376,-0.058051427467811244,0.06809564990234006
-0.00895815773071634,0.13184842923343837,-0.03371757526223351,-0.055685418726396575
-0.04494007594674052,0.03231539500261827,-0.05035972518607551,-0.19145051179943545
-0.04886359367983777,-0.07953148168550879,-0.10798891829049052,-0.3061982812271043
-0.017685477773345743,-0.1605929072394385,-0.1908298752436604,-0.37336796957023777
0.038891046151789226,-0.17652709602638306,-0.272673073471562,-0.38080203282715985
0.1015604922130271,-0.1152382353266086,-0.3254027073968418,-0.33404346684175035
0.14818662779542824,0.007085690564686039,-0.3279483449311168,-0.25372681307607375
0.1617729361028422,0.1499414187888406,-0.2729088303148065,-0.1679017538852255
0.13674569567426165,0.2614541761197434,-0.1689245266458988,-0.10198047710705439
0.08126832110193676,0.2959650831679124,-0.038231556179048894,-0.0699167060479639
0.014738348885415762,0.2301360792145228,0.08971369871852326,-0.06982622491341345
-0.038657658968416414,0.07183801434149176,0.18653266806329877,-0.08565494567244969
-0.05807288419586383,-0.14144942590413265,0.23266248325728628,-0.09426368174259875
-0.03300297068137935,-0.3543354444353458,0.22232189051521467,-0.07525924199355506
0.03319289765226657,-0.5113744895153814,0.1643940095960773,-0.019835428121803982
0.12434520078587404,-0.5749796285616394,0.07915445244231184,0.06478266635439948
0.21660290824471357,-0.5372840663656561,-0.008020823716004998,0.15707373602184138
0.28579591428882395,-0.4219797621406142,-0.07400813677083495,0.22859664004083222
0.3145509134383918,-0.27566556942578124,-0.10416851649380726,0.2543247085696175
0.29692571859500644,-0.15184862651111009,-0.09570573433494083,0.22210166981800988
0.23930668565386715,-0.09318649184453286,-0.05732370502764794,0.1376694890218249
0.1576285845237061,-0.11800020212561148,-0.005497976150694455,0.02334634185151773
0.07214040742517268,-0.21542823804925845,0.041316079152845915,-0.08920869411166449
0.0015676339829739437,-0.35047630347907616,0.06864216931179835,-0.16951150594273415
-0.041542666800439575,-0.4767915681383336,0.07024044288266204,-0.19821561823346015
-0.05314976817932189,-0.5524658026737436,0.04940467567980448,-0.17293471074673591
-0.037486905594512725,-0.5533946449801832,0.017033381090778496,-0.10793041689132261
-0.004848499357948818,-0.4798779522868175,-0.012736045324416731,-0.027991391045534476
0.03158135618222602,-0.354729999929248,-0.02776453302443878,0.04101486218773683
0.05885243084425983,-0.21418772356893687,-0.02220789210954428,0.08126786355480768
0.06667569461859918,-0.0952689089523431,0.001577004543806812,0.08840076375002964
0.0489712381062415,-0.024147612201833483,0.03411876941360127,0.07134176967968169
0.004685081383811838,-0.009357921623744844,0.06246856985690839,0.046968370077827025
-0.061910612645773536,-0.041603369591644776,0.07506112283180992,0.031968474679475785
-0.14138902441536078,-0.09946709971994998,0.06605425926644415,0.03532331415656277
-0.22000816277244406,-0.15831966603462788,0.037595313561560796,0.05446709046814314
-0.2815197148381907,-0.1988919194389777,-0.0007974042611992592,0.07660425887663815
-0.31007897175729326,-0.21252019113106943,-0.03552234854966144,0.08452459393507998
-0.2939544146449627,-0.2016553606256309,-0.05368414544143477,0.06441643399623596
-0.2292099136857905,-0.17616690819795824,-0.04768000510011023,0.012379091515839928
-0.12217650488719088,-0.14750116485361425,-0.017949299412156085,-0.06310847034144465
0.010421448812725767,-0.12332432732138826,0.027092751200306634,-0.14382836293290707
0.14428092806466755,-0.10476452519404375,0.07391220933158504,-0.20852945389761848
0.2529593236195351,-0.08706686758454456,0.10848747316969737,-0.24097382848013513
0.3146427867428141,-0.06297813334009367,0.12107537670169652,-0.2360386764379778
0.3182837646015884,-0.027102025422786308,0.10944393566580021,-0.2013783159533377
0.26710159524114185,0.020787135054156424,0.0794720043783151,-0.15397270854415165
0.17810890184265277,0.07487701649518295,0.0429699573706405,-0.11299719883792034
0.07753772499466681,0.1251500286007645,0.013562212182135474,-0.09197479335576264
-0.006603267690418184,0.16099527227401386,0.0021317718352665336,-0.09347979104254175
-0.052588067444107475,0.17497625207050305,0.013425042553754605,-0.10860853253020936
-0.051101075224821636,0.16516889056099227,0.04493035261284819,-0.12143898663333627
-0.007457758591279937,0.13520283326390586,0.08827194538193214,-0.11658265111542543
0.06078629514991132,0.09219093367643641,0.1324393292338288,-0.0865742756857403
0.13000333784511278,0.04364284291132087,0.16754684927008842,-0.03583542419361858
0.17833651472591774,-0.005165315186112622,0.1877152431695614,0.020671409017640894
0.19257272508685938,-0.052199236500778186,0.19210466572765078,0.06374712048531485
0.17177701760614728,-0.0977179741196054,0.18391669285503717,0.07868992021792763
0.12658334747178837,-0.1420038402439401,0.16799938217367363,0.06272820140009439
0.07456807850069587,-0.1830697817702761,0.1482101132376435,0.02774583776854752
0.033484407621199266,-0.21569403060298206,0.12571660727501743,-0.003316469156469541
0.01482991704150369,-0.23253374694214357,0.09895077944279111,-0.005413392524093205
0.02002146904915522,-0.2270768094455404,0.06517503440980858,0.037623038915702345
0.040452813334075535,-0.19724101570818103,0.022893736061638522,0.12452936489793921
0.06128767595380854,-0.14795607137809638,-0.026052422883840104,0.23431726276313747
0.06751396161222464,-0.09130744584987233,-0.0757678124662492,0.3318355809697536
0.05002198697039155,-0.04372252220425992,-0.11745367203243784,0.37973599092540544
0.009521888597946776,-0.020892669491271082,-0.14212914538426938,0.35270632065138185
-0.043067722659563934,-0.03215466475136632,-0.14391992115421376,0.2486032795275205
-0.08986613121902622,-0.07645887972776465,-0.12260151161639235,0.09190781416364532
-0.1117732919439985,-0.14162566714697292,-0.08430224198866866,-0.07245144186371286
-0.09477193940328035,-0.20746130693451217,-0.03994612051422414,-0.19332451947130538
-0.03474593229236902,-0.25188553207841446,-0.0018887328690456234,-0.2308963253791602
0.0606546967733531,-0.2580585608837132,0.02007470359116804,-0.1713317783897758
0.17356535210721089,-0.22004636301711902,0.021864643597701225,-0.033015318381310485
0.28027268110044734,-0.14501941903631238,0.006250958269004216,0.13828225666748334
0.35702062124352396,-0.051185387771120555,-0.018472668300261095,0.2840478760991245
0.38561691345697835,0.03783708730522048,-0.04178052878804313,0.3526154391299871
0.3574511801861325,0.10025172458649056,-0.05492557382070355,0.31690134230737055
0.27513800802262767,0.12245327491594901,-0.0541408060368951,0.1839829622596622
0.15169843022917193,0.10244564722191744,-0.04181060896345052,-0.006986873079004501
0.0077575357585345115,0.04934995289369593,-0.025173625936075403,-0.1979220049100534
-0.13246391238260452,-0.020533722895737218,-0.013076821267562103,-0.3314474047198295
-0.2455467381072575,-0.0894700353623421,-0.012063863789920836,-0.37015525874364336
-0.31296329756583685,-0.14369592758498956,-0.023352612905852946,-0.30871989640923536
-0.32431932397616386,-0.1766775372682057,-0.041927449863325944,-0.1746913462480013
-0.27931889987884617,-0.1893811304190833,-0.05816507539733706,-0.01786034214571396
-0.18809912918489335,-0.18793141897303914,-0.06143444920652381,0.10782500520641836
-0.069695542088176,-0.17997805751336743,-0.04433663685235138,0.16319841485474257
0.05136059760355135,-0.17141835957270685,-0.005975425927491465,0.1368836008035475
0.149918567919832,-0.16474487077654867,0.047018642965888965,0.047857069889232474
0.20569193272382308,-0.15941112973839613,0.10217317256381409,-0.06306695080152952
0.20810191937425151,-0.1536466017658413,0.14503708653206515,-0.1494127972591677
0.15913821243273793,-0.1465298327788756,0.16389049229909022,-0.1767358687823486
0.07322142082881243,-0.13910969665482198,0.15365544232187056,-0.13526254494295908
-0.02621233795143003,-0.13393509038652346,0.11764449271521957,-0.0429102744704926
-0.11272195302204709,-0.1332342605363062,0.0665514490346109,0.06222879957080062
-0.1639061616221977,-0.13675535163793437,0.015053521554569389,0.13693187324530048
-0.16745788326401082,-0.14056464841481617,-0.02279528192909086,0.14966285621777115
-0.12437098591284416,-0.13773840391029568,-0.0378271769497382,0.0928384527373142
-0.04824789832218581,-0.12101169839990447,-0.028307501538443452,-0.0140023114686409
0.0391314655813811,-0.08644188601220064,-3.5100131550401065e-05,-0.1312383610173133
0.11460099681745708,-0.03646989101920198,0.03588107983818134,-0.21374030608154726
0.16058765172567155,0.019231498963675157,0.0666942539216696,-0.22755696944631884
0.17003539153032748,0.06597710078990075,0.08186943168404907,-0.16258484723008187
0.14772921716881837,0.08896339347180948,0.07590614353748208,-0.03663680982120578
0.10771009684092171,0.07920210141630739,0.04939397212317196,0.11048555908188003
0.06780839212759407,0.03816298773985416,0.008218038698417958,0.23068264755201828
0.04328243323407687,-0.020996896459332056,-0.03856977752474565,0.28403914354782506
0.04178640622429724,-0.07662221485309999,-0.08136101824018568,0.25224893457788966
0.061330477822069795,-0.10551298030437656,-0.11223604717324119,0.14437822640121084
0.09175614571388363,-0.09141400333200832,-0.12629287767349917,-0.006789356677140337
0.11896507957427424,-0.031960000428300446,-0.12193306518235114,-0.15621389117742457
0.13019158963575078,0.05873037000992679,-0.10035129837326154,-0.2615976553709336
0.11834116363605912,0.15323487987950574,-0.0646622511704683,-0.29662860931201523
0.08390548637469679,0.21916315058834157,-0.019063495023815526,-0.25807604843562504
0.03398936321584328,0.23006153337732854,0.031758742792637594,-0.16474756116159245
-0.020874841617356886,0.1751630021165418,0.08299990471024384,-0.049276944616298536
-0.07064883138319275,0.06442367551370214,0.13004205335906366,0.05386311635402066
-0.10881339380978218,-0.0732325526426845,0.1688449702634578,0.11967889044766039
-0.1333877651629508,-0.19822933254575997,0.19644393727795165,0.1394676250151166
-0.14579311751990287,-0.27265205187470193,0.21140878093144982,0.12121754568175219
-0.1483835191710392,-0.27249961397198214,0.21402514220117824,0.08414331486776244
-0.1420361821007219,-0.1957097249385692,0.20600734352611114,0.04994782342303267
-0.12511303241665353,-0.06316007865983345,0.18973742586677234,0.03432051736981924
-0.09441445615777977,0.08777784040357932,0.16726571388074715,0.04173484268475149
-0.047747046566610045,0.21500682235376375,0.13948369135915292,0.06507790523185474
0.013135184358499112,0.284849542968754,0.10588675677763716,0.08970068484173005
0.08078466899751488,0.28218446797853036,0.0651494299890211,0.09988382019555885
0.1426930282349687,0.21426940756113239,0.016398686942275635,0.08503906881790176
0.18451472194559063,0.1071656539505107,-0.03927341866281999,0.04337579089332919
0.19492359197936432,-0.003775292059185117,-0.09771425584863606,-0.018011707033651677
0.17027440304068228,-0.08592308638768408,-0.1516317249525237,-0.08619629141509821
0.11707391772364079,-0.11971692600376085,-0.19181117762485403,-0.14703696807627226
0.050931978051402836,-0.10394270965438566,-0.20942606402408032,-0.18942087025944265
-0.008047278920353089,-0.05444352668840859,-0.19877739666016583,-0.20763954334205956
-0.04204368256355891,0.002879661972672821,-0.1595405550452757,-0.20141242550898558
-0.04208078775984914,0.041981632769929327,-0.09766745722375794,-0.17413698874247477
-0.011848990457990935,0.045852222919954555,-0.024486923801906552,-0.13060977017036474
0.03287591931378258,0.01179835160192276,0.04586147606868435,-0.07547074910610789
0.06932705301581568,-0.04875174913542039,0.09994492803242609,-0.013029003627707978
0.07575902135080546,-0.11545045241299988,0.12843806800444155,0.051747377874307006
0.03958991703952161,-0.16701182828011613,0.12834858231439897,0.1120128912926798
-0.03731698854689996,-0.18890425508480815,0.10338612343222947,0.15874379540782926
-0.138306009860106,-0.17801047988764981,0.06240508274949256,0.1820922486292405
-0.23685977995585314,-0.14280749893077102,0.01648124352545857,0.17428481685317443
-0.30522877527994413,-0.09935036297993827,-0.024393683970153006,0.1330584639503176
-0.32378165560168976,-0.06484636913378516,-0.05394156374076567,0.06411227778742351
-0.28776099268181254,-0.05134214568094794,-0.0707827571463516,-0.01880285666427357
-0.20900290636830335,-0.06179936210893218,-0.07794218041514012,-0.09673502702641894
-0.11196217991080479,-0.089770024362677,-0.0810190966882019,-0.15074014011566575
-0.025428682302893992,-0.12245883143086493,-0.08577566107821478,-0.16781479514027065
0.027127163630427602,-0.14573833197559788,-0.09601299800213295,-0.14543071344157268
0.0351587432692582,-0.1491045746515972,-0.11240353376272887,-0.09286938484163229
0.003941992501403182,-0.1287898596048916,-0.13253640294961314,-0.028613522083028493
-0.04815701359472949,-0.08812721808364858,-0.1519810423309724,0.025528296366823987
-0.09692090463109121,-0.035393936097736035,-0.1658532928357131,0.05164249678210284
-0.12129162665840117,0.01971149406332656,-0.17028169643788757,0.04177479304711387
-0.11083961670859536,0.06942460391377835,-0.16332032316613898,0.0006658832924167462
-0.06903144681499446,0.10983246743369239,-0.14514638415370976,-0.055870593615219205
-0.011257758906587537,0.14082617436598754,-0.11767729468925192,-0.10641274339101238
0.04144833903849784,0.16443777515777558,-0.08391946463544454,-0.13134683608402725
0.07050045971883273,0.1825528611251742,-0.047363232661325715,-0.11964812390231042
0.06655995242159538,0.19515269393674284,-0.01159370892378895,-0.0726784159153654
0.03253939814992813,0.19989592293356184,0.01991013861373336,-0.0037340880149821943
-0.018181972056598855,0.19318357620525262,0.04395495596527995,0.06640616326159779
-0.06746684762837732,0.172167351405927,0.05796450423248238,0.11629676690725685
-0.09971050786097517,0.13675147085469425,0.060508708796367584,0.13060909594386227
-0.10782630026001172,0.09065913168984976,0.05188365716217239,0.10461492752020136
-0.09561504618945313,0.04105104638438918,0.03444868578579618,0.045027448034684316
-0.07566309879593032,-0.0032035648472512044,0.012418694314987898,-0.03279328166155958
-0.06367415536623153,-0.03396290666726972,-0.009027228943496878,-0.11001081082352225
-0.07152403663063367,-0.046067285800870876,-0.02517755803564214,-0.16989872485115062
-0.10180981685536479,-0.038650106359900314,-0.03333332272123842,-0.20195608848913363
-0.14607257113278652,-0.015157816639799244,-0.03388838456721527,-0.20342392104553017
-0.18744707366054272,0.01776495883792893,-0.030440313848108764,-0.17817247238402514
-0.20678633674678043,0.05199795957233258,-0.02872685676342131,-0.13390890159225788
-0.1899755408677039,0.07965192118286492,-0.03461303367313729,-0.07913769609828011
-0.133688559304998,0.09431735656422761,-0.05175250340629759,-0.021139019002802108
-0.047413031018665994,0.09174621575148664,-0.07974911688413183,0.03446155047577529
0.049052754826994734,0.07015148449910158,-0.1135508226694283,0.08283493974794195
0.13177177180425018,0.030410066319890485,-0.14442883265339365,0.11876252226845149
0.1803320268591949,-0.02368332190666694,-0.1623536115513288,0.13622562540162703
0.1843221779804607,-0.08524797278507383,-0.15906923321285163,0.1294422497418662
0.14641196026742262,-0.1446208268678423,-0.13087991362982396,0.09521343112109201
0.08107723718044808,-0.1905512680182939,-0.080211721542248,0.03562715717793948
0.009552556248142507,-0.21244065861461534,-0.01539096076348944,-0.04026486808583958
-0.04713250553063013,-0.20328654528174955,0.05134073342661238,-0.11699822715669134
-0.07461521519854442,-0.16247961210375517,0.10697936033693946,-0.1758987106272761
-0.06905391536875446,-0.09733452501783149,0.14111419674248837,-0.20027674174234678
-0.0372925701979102,-0.022409357394223624,0.14848061149493505,-0.18099691554916353
0.006419186577166489,0.04369361137521128,0.12999808036419896,-0.1203938357224954
0.04576443064641007,0.08343515616230336,0.09209293438623802,-0.03285807501268482
0.06780210776365786,0.08588764739749263,0.04464702485393984,0.058537976667020326
0.06671763236608377,0.05083271397354025,-0.0017020447419422232,0.12861675146220966
0.0448417794073138,-0.010236786207921754,-0.038073902731665187,0.15789341077855348
0.010932181003787268,-0.07693868525377748,-0.059010933950197686,0.13902590965890518
-0.02337247229246829,-0.12606535195850027,-0.06300004372330119,0.07965054538417024
-0.047525740835664264,-0.13906824325260927,-0.05195540204001358,0.0004627568222873229
-0.05513004260814415,-0.10845801687432047,-0.030056730087172592,-0.07101890645560906
-0.0452401387254922,-0.040799509444722666,-0.0024304873620651013,-0.10908592230033326
-0.021791883742302526,0.04496272157532382,0.025939680250650802,-0.09809104178935531
0.008329576798650828,0.1235154143579818,0.050901285110114436,-0.03761443759483724
0.037724218793557335,0.1716142478430117,0.06946150753816716,0.05716332890819719
0.06057358786890068,0.17607030482487665,0.07991450094456345,0.16001450451395371
0.07385782448457179,0.13844169986236718,0.08191229159420872,0.24166264018803638
0.07756071148552326,0.07465925163498034,0.07651415873195372,0.27864278042191715
0.07407023442220458,0.009574914656032349,0.06612534286666454,0.26021289530776803
0.06714381315640681,-0.031753424016351874,0.0541824864295614,0.1912107850338655
0.060784363582488475,-0.03300632041044529,0.044503840065171975,0.09012193895827868
0.05824475621507302,0.007409081500763308,0.040376188456439144,-0.01682161696969728
0.06125283141728178,0.07551165745585225,0.043621466865385046,-0.10347947796570708
0.0695023620662715,0.1464140183615071,0.05397929812125529,-0.15106136095986256
0.08049074787867881,0.19290846914118961,0.06909126963142698,-0.15264958567589193
0.08983739195435186,0.1949597755565909,0.08517769423458561,-0.11385899351283943
0.09219841343235403,0.1467563480874114,0.09822840659546848,-0.04981680845283418
0.08274844370488309,0.05884053697597452,0.10530058421503256,0.020223038080436476
0.05895101599713269,-0.04540078722139245,0.10543720996455919,0.07872144155780719
0.022088456588424163,-0.1375949343273295,0.09984069370798539,0.114329802738426
-0.022088230652204176,-0.1937752572585325,0.09122241386946599,0.12384874558989581
-0.06408928578468545,-0.2019981583776681,0.08258836217934157,0.11148158495609611
-0.09289309457695027,-0.1655841693947461,0.07596880047718603,0.08608836214306864
-0.09917351265620605,-0.10100992399874975,0.07164075233331617,0.0576745572532886
-0.07859366427923792,-0.031414223149031764,0.06819444268094518,0.034376939001275975
-0.03399551157924417,0.021788234223633945,0.06343008630703637,0.02079724284776002
0.024478706359953292,0.04611648002453411,0.055690376289723474,0.017893509743924247
0.0816803993116191,0.041549078205932316,0.04500534568707088,0.02403707991113925
0.12167105860116775,0.01931362045508036,0.03346359268179371,0.036499598298937654
0.13260750962221696,-0.0033337307605884165,0.024531716045062334,0.05264204849146465
0.11066759197555734,-0.010180677312200306,0.021507632824711888,0.07038200380751329
0.06158504963568981,0.007740623565022559,0.02572069818928374,0.08795022014141148
-0.0008908430363325427,0.049073662793051524,0.0352895604166332,0.10331310182971827
-0.05923876268724086,0.10313494772194978,0.04510812670432422,0.11378175112361452
-0.09775214867894251,0.1543594008333625,0.04827846794474879,0.1162052501783185
-0.1075691927973062,0.18829936567953537,0.03861038576017196,0.10782600969358676
-0.08938142031839921,0.19680483008654714,0.013301183555428852,0.08750913302505739
-0.052848607355185095,0.18046731125990148,-0.025281963629730467,0.0568106795684875
-0.012924355165380907,0.14757802188707825,-0.06956129530243889,0.020332628775205936
0.015574055831177184,0.11024658429790271,-0.10869272094467304,-0.01496055830003308
0.023165086233201636,0.07939607436677369,-0.13198153791066553,-0.04140349164478722
0.00876864665051197,0.06069048219104439,-0.13263406673664288,-0.052815411326643955
-0.02046158708340105,0.05296125880509355,-0.11047939245297955,-0.04650778088142168
-0.052410564100543504,0.04961080401549108,-0.07257484838675034,-0.024409817763272702
-0.07506284182848386,0.04224091039506835,-0.03132193914844283,0.007139922547756543
-0.08134939059549798,0.024880320803245922,-0.0006159273589712445,0.038965421903101434
-0.07186533589840267,-0.002995286280874033,0.008701581340827762,0.061570292250443366
-0.054382593179062785,-0.03589724344376285,-0.007487701652325463,0.06786147497115655
-0.040353003601216644,-0.06440739499587375,-0.0450947022712173,0.05525555464250447
-0.03980810910877541,-0.07900581722931335,-0.093076735002115,0.026520592250925495
-0.05673190310213836,-0.07403382592139354,-0.13700927942121888,-0.010913646804678078
-0.08683713061989161,-0.050152081839252294,-0.16372834509419962,-0.04698397173048672
-0.11875464281943648,-0.014291118704218744,-0.1654236356574546,-0.07177116402889415
-0.13829643600951527,0.022875601077799367,-0.14178633816176212,-0.07822390374998599
-0.1342003255581872,0.050904496726211036,-0.09954910591129996,-0.06405520408509197
-0.10310583972598014,0.06340272817623982,-0.049719039755883584,-0.03229146631029338
-0.05172284949102338,0.06018754822510929,-0.0036299365295131246,0.009648060142232524
0.004822459861781526,0.046967667903387536,0.030683425735494825,0.0520425411565489
0.0480235857113008,0.03273582507822613,0.050492629441507605,0.08550980225357015
0.06263798773511817,0.025968678319735036,0.058162910355173715,0.103437859006185
0.042476992694793006,0.031176518187858507,0.05901719589586917,0.10353369276481625
-0.006883530577881951,0.047163480818260384,0.05831600350817215,0.08808855882633883
-0.06960127128752933,0.06763842685093156,0.058686953097347394,0.06293995928653548
-0.1248515326739335,0.0838614320508343,0.05907762653284014,0.035488179804187274
-0.15404754122792136,0.08821120875823713,0.05560995699913659,0.012391665153736103
-0.14738940150549715,0.07723119374844874,0.04387856985321685,-0.0023556664565110514
-0.10734114908340983,0.05297294466788669,0.021609621871904978,-0.008393320539795593
-0.047740465075441746,0.02217958917682046,-0.009558228736114532,-0.008740390282878674
0.011158348371533159,-0.0062698944894502675,-0.04402867024560392,-0.00843471691966043
0.04991515615248585,-0.024564630968187808,-0.07404023734016682,-0.012530591172180494
0.05678418725157484,-0.02852556916474069,-0.09258526409535084,-0.024126152127005702
0.03175818547430722,-0.018577275276857975,-0.09622077626431683,-0.043084971544500555
-0.013654925493624138,0.0011139123760094424,-0.08653329037108293,-0.06589401389595342
-0.06078256037298797,0.024804740401383637,-0.0695510692738125,-0.08672812911516774
-0.09062325293155306,0.04760462511150495,-0.053253815901316275,-0.09938694670869742
-0.09064982773388146,0.0670942613047651,-0.04415788743547415,-0.09946659287109251
-0.05912660265631647,0.08349031049050072,-0.04440252603566758,-0.0860310478757095
-0.005451235924570957,0.09841429508887861,-0.05062471410436247,-0.062196042074659945
0.05348053764568169,0.1129786996733441,-0.05521984538014326,-0.03438987442664543
0.09944119470119236,0.1262210141523739,-0.0496067704181973,-0.010496647873882416
0.11925019659900389,0.13475510128548332,-0.028243428279893443,0.0025307486004996498
0.10905666325391293,0.13393746485914165,0.008259944329568662,0.0008112684227466026
0.07507820295381051,0.12011450522186881,0.05232136360161775,-0.015273586817666428
0.03071059094285578,0.09295182220407937,0.09140464272721187,-0.04122753516995733
-0.008739339617519406,0.0567092598357481,0.11229859067560084,-0.0698639858904922
-0.03163161394588901,0.019697258571664964,0.10613189333046161,-0.09351642332607327
-0.03381037003476958,-0.008106898020468621,0.07220382684410144,-0.10628753523323813
-0.019359809252872204,-0.018495166594370522,0.01905574476441769,-0.10559713187878696
0.001779455702347231,-0.008200873655730771,-0.03781248064907394,-0.09255597811096601
0.018221729846458975,0.019514647487320517,-0.08092119400855395,-0.07112124754880024
0.021757059361268337,0.05563253478440112,-0.09677094096095135,-0.04642176808658483
0.01038909277093045,0.088370443358842,-0.08063121146845194,-0.022918805068417352
-0.011288329741050186,0.10736302118502737,-0.03836888203857582,-0.0030904145584942683
-0.03435894558387029,0.10746105652718317,0.015425625604934098,0.01290952514625144
-0.04944522819950039,0.0906571951843044,0.06240885267114579,0.02656822458332002
-0.05053947429433623,0.06532289763164446,0.08680206362318121,0.03966704335588379
-0.037274632240543865,0.04296990483472316,0.0807999843413552,0.05288904138216166
-0.014799153543964445,0.03373013692143696,0.04713948582665728,0.06500601812727452
0.008582588188473317,0.042287595943960345,-0.0020644935825372794,0.07302362613908858
0.024949592368060807,0.06586654816358087,-0.049745871982956415,0.07326166737895703
0.029990944343459343,0.09511489364987392,-0.07993069574169341,0.06294991141526367
0.024604930001133278,0.11760696507787126,-0.08319683496730408,0.041686855348726515
0.014257758021854874,0.12265801408723605,-0.059617820319087425,0.012135492843119638
0.0064201937465597015,0.10560172913604635,-0.01823278466827947,-0.020389797136659886
0.00718130946302606,0.06985459707155207,0.026614170175732428,-0.04936443747761708
0.018459646354679574,0.025921735886632897,0.060589303449521056,-0.06903505956975668
0.03697410039245459,-0.012327100303592412,0.07432055117786886,-0.07622672251457732
0.05541341566361735,-0.03271996228417431,0.06619934527007242,-0.07130740427423436
0.06535035766992864,-0.029257906118673592,0.042142089953730824,-0.057945557588661274
0.060741846475303514,-0.004286153743299575,0.012612023559852255,-0.04174402895037456
0.0406160662890399,0.032477495431544934,-0.011776668175092897,-0.02825220685112715
0.009860553624177633,0.06768506354727283,-0.024286468882231238,-0.021086207608226586
-0.022238147152534343,0.08942613269200418,-0.0241803132602988,-0.020836446255740063
-0.045184852530924205,0.09165881616224861,-0.016244525260317305,-0.02513380350751412
-0.051016070448606524,0.0762873083359711,-0.008087488172226704,-0.02980088563865402
-0.037205178785854075,0.05208576347125299,-0.006464951173070156,-0.03060726942726865
-0.007667937765348008,0.03090189426277173,-0.014216505097811265,-0.02493484106869935
0.028483579509057538,0.022644835172381493,-0.02907532904618303,-0.012720976810931045
0.05996466029979442,0.03105119614589116,-0.04478592198080416,0.0036461173201368918
0.07701829865638775,0.05193567102898356,-0.05398294801148797,0.02038015087763232
0.07448881773032873,0.07467404895031751,-0.05155357634854702,0.033825153680302845
0.05324411352973499,0.08640435066123739,-0.03702064343652372,0.041815403593616865
0.01955581010428852,0.07735343401933965,-0.014911951610562591,0.04431739604273198
-0.01721632849010807,0.045221032608165325,0.007061945422785818,0.0431222164690148
-0.04772536161654999,-0.003130093807996427,0.021270416145536066,0.040764074072826395
-0.06541657928045622,-0.0534348133808286,0.023498173348614246,0.03916835709842331
-0.0680935618812114,-0.08869634627774049,0.014935026732727385,0.03864453052856736
-0.05789325915665611,-0.09511672343948674,0.0019386296294730673,0.03768881825513737
-0.03988997551216858,-0.06713575047077679,-0.006404133220123335,0.03371075288495924
-0.020000389036672256,-0.009725375821887093,-0.0019830094637155876,0.024391872586514065
-0.0030156595270123612,0.06292756180732147,0.018836994424294293,0.009094026449383263
0.008582514773914007,0.13191175339992894,0.0533494457241429,-0.010316500451850653
0.014755559186565638,0.17967671161340412,0.09307444584869376,-0.0296471302240678
0.01715990320407397,0.1955786870324859,0.1266103414624846,-0.0435773066156659
0.017989510665091007,0.17897685064802185,0.143715758495646,-0.04747044221695891
0.018951047445793356,0.13887740566861437,0.13907277604543686,-0.03911800431372041
0.02075211190801525,0.09036945368993006,0.11429025959661746,-0.019725404557192423
0.023188602312561,0.04921869703978581,0.07737622984491496,0.006282255307375456
0.025633467920308527,0.026579679179207706,0.03987641295525817,0.03261160379987292
0.027579132108120456,0.025656720663544887,0.012763991190767814,0.05313877932613637
0.02892171076016525,0.041363219346705137,0.0026287499812483297,0.0638898161638371
0.02986030923151687,0.06290915709107808,0.009577386398448757,0.06423247298844686
0.030517011110283127,0.07820962208018058,0.02758170919322574,0.05684491092995831
0.030545172653333404,0.0784257442868958,0.0470675528846152,0.04649294350283887
0.029007075178941064,0.061011198794643826,0.058694082562140905,0.03810139446094517
0.024662543582769262,0.030283657637001974,0.056854063479727525,0.03486836745453421
0.0165874515849448,-0.004499783385333221,0.041582124368582586,0.03714104117732925
0.004845116348635755,-0.032682638278509334,0.018214256607393932,0.04246134888371712
-0.009136681148452749,-0.04596845587914304,-0.004970519540292467,0.046724036853915
-0.022733318570938767,-0.04103814216763592,-0.020127390758302707,0.04595391058389627
-0.03285747423799412,-0.02019645039707043,-0.022889154003874885,0.03797631843372394
-0.03702052345098379,0.009985440676375992,-0.013907501767004914,0.023315622228481703
-0.034306313284586394,0.04132418744293059,0.0016435831416547393,0.004982751949765588
-0.02583758690136137,0.06685886464888845,0.01632024534351156,-0.012729670081495082
-0.014494294794332894,0.08280028148317281,0.02345849647983416,-0.025924470304127596
-0.003938499472103735,0.0889843994825116,0.019788054917665457,-0.032546316938442225
0.002708438831251281,0.08786958084999964,0.006597337859640144,-0.033003566940335995
0.0040282842514859475,0.08269297245082118,-0.01095298298862948,-0.029726520448862738
0.0008400425262234972,0.0756797873418937,-0.026025060271253835,-0.025875841849338915
-0.004128153284199906,0.06709049316907541,-0.03288351381507021,-0.02377740462874381
-0.007325680945575396,0.05546485580169032,-0.029141658285062176,-0.0237799138593776
-0.005815151235869734,0.03887150822218932,-0.016611300270041637,-0.024056441101921636
0.001500612279794937,0.01652997838122558,-0.0004781840077266257,-0.02146963822322317
0.013345962778543087,-0.009983622497177217,0.012804689531807883,-0.013157267571557664
0.026452891826847638,-0.036551981840551126,0.018027491382317084,0.0018368371299202213
0.036716903764764594,-0.05751982506162129,0.01314199549305708,0.021617973714529063
0.0406870944267624,-0.06754549554343961,-0.0001262317514336305,0.041662357669569064
0.03681987826320493,-0.06359394065204213,-0.01713615823562582,0.05622004264914842
0.026021796904164878,-0.04628146900111883,-0.03223792887809288,0.060417406552111884
0.011288415344544568,-0.020013637796077986,-0.04091864798069818,0.05225410545541485
-0.00340062588915504,0.00819276412325284,-0.04133541243947322,0.033677797702005276
-0.014487422347330876,0.030821937826110046,-0.0346842410118606,0.010238003999607156
-0.019998222871598147,0.04217988813048034,-0.02435735583681945,-0.01064614358469455
-0.02003500710714738,0.04012678526320604,-0.014332581361321458,-0.02222497158912763
-0.016451359159527147,0.02664296197464825,-0.00751741302280547,-0.02084412995911205
-0.01189772755135756,0.0070690930815955795,-0.004733742829889992,-0.007341044465003286
-0.008663472614757958,-0.01168161657343782,-0.004709852026362088,0.013146673598649045
-0.007801691055449719,-0.023311089587049437,-0.004992732148797883,0.03293695691506976
-0.008879254312842233,-0.024001489423852315,-0.0033040652363935407,0.04451090426785657
-0.010414176820002235,-0.013393351105260413,0.0013002746720383494,0.043191571556009445
-0.010765938960461687,0.005553179577019713,0.007984712446267165,0.02880926047736999
-0.009056531511484596,0.02766464664908023,0.014575762172391893,0.005735805130787235
-0.0056977397049926245,0.047189475221510235,0.01865607023831711,-0.018726883691518346
-0.002281254433697596,0.05941224198739289,0.018783624251421778,-0.03700711297704718
-0.0008730256772340029,0.061778943777039255,0.015258879161288586,-0.04398650439937403
-0.003019283198350266,0.054284741102864555,0.010072160479340895,-0.038780669702705405
-0.008905163631891576,0.039137558178111556,0.006037540513531369,-0.024929928501634755
-0.01705087213302639,0.019920155113866803,0.005491338614163408,-0.008950937784517887
-0.02470806864493598,0.0005703174600142941,0.009139306546873378,0.002187717452190799
-0.028824204417139607,-0.01552430673575105,0.01558509461997323,0.0037078043518729963
-0.027199058985436418,-0.02612645061394147,0.021784342497477745,-0.005207803298292339
-0.019368480860515153,-0.03038520489492565,0.02426712119261592,-0.02116494774781425
-0.006853558714630716,-0.02875204354459643,0.020629655163769217,-0.037898667487191944
0.00733302875419608,-0.02267219794138048,0.010662990176360852,-0.048678187439417854
0.019732772918619027,-0.014150386562263653,-0.0033779823588001687,-0.048861312417352906
0.027627769313114826,-0.005271675324608499,-0.017510993316527838,-0.03764387807337807
0.02990481233133542,0.002255420198520177,-0.027494604522969188,-0.018368205970858437
0.027272063250651464,0.007464156409034943,-0.030442712450229278,0.0026968294186050113
0.02177219362712913,0.010324581012746716,-0.0259288649675734,0.018623557573812188
0.015823369231517885,0.011696383112969638,-0.01612596380469812,0.02428636868589064
0.011205807160091754,0.013009531578550504,-0.0049199686021498944,0.01811496976559104
0.008420312353662328,0.015721453676042274,0.003642470191255459,0.0025285236301112223
0.006674426045660139,0.020692141132951706,0.006938399666657496,-0.017055792490985874
0.004475199444146377,0.02768462476009196,0.004738757986015314,-0.03422171665561386
0.0005430621520776336,0.03519807406193735,-0.0008261880144412124,-0.0437945968714862
-0.005378573922911082,0.04075639237722836,-0.006279068147214028,-0.043509443800997624
-0.012198521526883851,0.041623734585524645,-0.008352178704367772,-0.03454640439370711
-0.01780713190457487,0.03575051665612263,-0.005430431741776769,-0.020820985069338525
-0.01994037299216899,0.02263576437196462,0.001728234054540874,-0.0073784973493430505
-0.017216137753827312,0.00377937307700106,0.010299478890398523,0.001455262306172998
-0.00988764798956504,-0.01749024980984369,0.01659846639306957,0.0034765868025902215
4.0207164118725876e-05,-0.03682155736969336,0.01767726874018932,-0.0009075112465317329
0.00942924836023345,-0.05005732193151267,0.012637245731058806,-0.009189191441056836
0.015150961940890948,-0.05447731245044925,0.003093910758490639,-0.017968593335891552
0.015312745339179501,-0.04964498345755816,-0.007417429991155677,-0.024324761039946585
0.010070297254181348,-0.03755545040695338,-0.01486435073530544,-0.026803415585434635
0.0016764595542715845,-0.022016426002095055,-0.016386760297967328,-0.025683016491743173
-0.0062877531115169555,-0.007460854267485376,-0.011519667474664595,-0.02250434362166198
-0.010227954387346146,0.002409058400318684,-0.002451011647221596,-0.019150905708394117
-0.007899820394154712,0.005688031383899221,0.006811506644217663,-0.01692639203502503
0.0007073358895257151,0.0026927331424165916,0.012041890630913614,-0.016035307640184373
0.013317013612555743,-0.0043723982249685295,0.010522220714560071,-0.01566314258857709
0.026172808734179993,-0.01235435857186823,0.002190891124695061,-0.01457120103289022
0.035402830026633365,-0.018332474242370295,-0.010262672314771078,-0.011892122429896273
0.03842059784484997,-0.02060847076845831,-0.02240867798489603,-0.007731553961258135
0.03482869633439387,-0.01916622477347965,-0.029797492667648785,-0.0032792172242604384
0.02648737415886232,-0.015476639159223938,-0.02970542052298304,-0.0003615712004653107
0.016737165873111234,-0.011773789308748978,-0.02220825319488824,-0.0006261434143357197
0.009092589658613101,-0.010117688664832416,-0.010153884607313913,-0.00472146151912386
0.005923533679961863,-0.01161670255841399,0.0019533465441253276,-0.011850755921720371
0.0076345981437221455,-0.0160928754349556,0.009708868371194689,-0.019925425842975075
0.01264555823320439,-0.022279020936632532,0.010503893231385524,-0.02628993635661301
0.018153230981169406,-0.028419859154104003,0.0044905721400180995,-0.028741166807469062
0.021346403198395786,-0.03299850818075711,-0.0055553977616554385,-0.026428177369786227
0.02057369760663714,-0.035281597591557724,-0.015401459767013287,-0.020252542017853634
0.01599549914417633,-0.03547589847969701,-0.021070971052021346,-0.012583270654455478
0.00946933049508094,-0.03446870907314845,-0.020408824977929358,-0.006375866894621982
0.0037327032422062208,-0.03330429695062273,-0.01387870339672915,-0.004029829854569039
0.0012305910881860252,-0.03265331343365527,-0.004291654476431062,-0.006432323196827808
0.0030730250625888964,-0.03251974744039392,0.004398120191000846,-0.012570264359106333
0.008548558870552846,-0.03231033823633537,0.008721425916040373,-0.0198736573211355
0.015388606318819593,-0.031219881945242143,0.007077757798837674,-0.025166826477303936
0.020671356856061824,-0.028739163740541036,0.0003208981204796207,-0.025865416649835635
0.021996490185678095,-0.025034879467187313,-0.008669690553822298,-0.020960511398781002
0.018456071318367046,-0.02100773122338784,-0.01622934510723999,-0.011414677957922002
0.011013135911928103,-0.017980657545551774,-0.019431247478748484,0.00017600929274297832
0.002140200372381514,-0.017139696643466488,-0.017259353246673808,0.010516569546721399
-0.005133509027681433,-0.01896991181246753,-0.010957018737083088,0.01678142915239826
-0.008384377472774596,-0.022944141367884394,-0.003427643483417388,0.01757317488703776
-0.006707115202795041,-0.027623911428832974,0.0020415497187738596,0.013321644358309077
-0.0010248046802165485,-0.031159697670495458,0.0031859846679732676,0.005999211547932395
0.006312949312402179,-0.03200442048118609,-0.0002904236425801323,-0.00170535358475545
0.012471191245308719,-0.029554082035180243,-0.006619186583727032,-0.007410846982225519
0.015230381945107575,-0.024447437105032027,-0.012749473683737302,-0.009862871372592095
0.013814752650996902,-0.01838793349244896,-0.01566952312084812,-0.009247337442907573
0.009135383884103761,-0.013543271965380247,-0.01370607965464928,-0.006912899883431259
0.0033736844941851356,-0.011751738522717431,-0.007254938897468755,-0.004656489241897233
-0.0009090910859707645,-0.013847255870278437,0.0013622598825888182,-0.003892512180069276
-0.0017727061467530773,-0.019371101567184627,0.008852782540039206,-0.005055488785320505
0.0013828694060613138,-0.026783951527335568,0.012318462108531759,-0.007471405393756527
0.00764532577466494,-0.03408980079628284,0.010462184901718314,-0.009726991857467811
0.015004754154806167,-0.039616293069218524,0.0041335795527906345,-0.010356252568148124
0.021164098841984842,-0.04263315676522267,-0.004011561782186383,-0.008536478993034094
0.02440959724123535,-0.04355834323155677,-0.010595771759310854,-0.004491632849220295
0.024200760884661648,-0.04367278667887647,-0.012899376351414128,0.0005667690932436466
0.021269631669708387,-0.04446924217335415,-0.00996694010082262,0.0049307191004569415
0.017225287139417726,-0.046914038379794264,-0.002988687920816688,0.007104883343030585
0.013855217894811743,-0.0509390314277898,0.0051940002171876635,0.006430165334572922
0.012422162678651708,-0.055387802677605145,0.011249642259582986,0.0033574710022660696
0.013235086618352257,-0.058452613634819316,0.012704414851342705,-0.0007422968997059817
0.015641697428576674,-0.058433287654198446,0.008926439393320877,-0.004149563588757904
0.018407459300015683,-0.054510358924294344,0.0013526351031003787,-0.005506520565230284
0.02029056581734441,-0.0472101795570631,-0.007120364790496822,-0.0043678839230972604
0.02055652474117677,-0.03835652700231467,-0.013317191909473143,-0.0013624336860355588
0.019221935619852595,-0.030505442086440435,-0.015044411398362526,0.00209917785576223
0.0169487309514896,-0.0260665669855091,-0.011917041617081115,0.004443818422544782
0.014666736448813285,-0.02644215235362185,-0.005427316820389081,0.004618941291477286
0.01311543759238657,-0.0315127285147084,0.0017482988733574264,0.0025498360856209107
0.01251875230107901,-0.039666956022977415,0.006893648610184016,-0.0008229455794689553
0.012533782334820193,-0.04836478638669182,0.008360373969156875,-0.003943297146114835
0.01248216062143361,-0.05502039879432549,0.0061788568259971005,-0.005309638016990094
0.011741657199837198,-0.057873898007860546,0.0019336599936338893,-0.004133902587535508
0.010104524925116647,-0.056533045422603796,-0.0020193486263243763,-0.0007104126794022922
0.007928031423600636,-0.05200079960882196,-0.0036398069740937893,0.003665628650537631
0.006001438222448701,-0.04620546533182352,-0.0021172415443718212,0.007204165835476819
0.0051866947288078755,-0.04123720680139183,0.0017807307750613529,0.008348303301189361
0.005996969615278663,-0.038594888715491694,0.006070527586449144,0.0064274425622043024
0.008309627690111251,-0.038724736569854465,0.008460491350075724,0.0019658104085689566
0.011353497451877742,-0.04100128739432405,0.007404232610662823,-0.003485516994454225
0.01398914936053781,-0.04411845643311606,0.0028365303838148474,-0.00793248643886918
0.015169021769611074,-0.046699595933625916,-0.0037343945812623293,-0.009708400596222026
0.014380301090741758,-0.047862756609752866,-0.009827137445589851,-0.008124726779684652
0.011875457569635501,-0.047515860843779956,-0.013029411492534202,-0.003743100426984269
0.0085836804867362,-0.04628458369847706,-0.012038304698410943,0.0018398793626992337
0.005733567337412684,-0.04513599962041608,-0.007249700202763685,0.006609533438211877
0.004343861134933767,-0.04488529494074656,-0.0006353434452806386,0.00890729762320251
0.004799277028871491,-0.04581080925927106,0.0050531590314721805,0.008057558870881328
0.006695177336289262,-0.04754236515961108,0.007426794062566549,0.004603947384311556
0.009021109244426694,-0.04925926386127629,0.005469611056693582,6.92533647730695e-05
0.010607270790251169,-0.050095385295963725,-1.2059677801789066e-05,-0.00365773082428017
0.01064274633034861,-0.04955994809769374,-0.006699707675713228,-0.005060202319830324
0.009040351641577151,-0.047780730420854955,-0.011712798395227366,-0.003564285446431972
0.006486187681680164,-0.04546037433137287,-0.01280912528326601,0.0002757965088763648
0.004146683006195002,-0.04356715944001532,-0.009335833202659058,0.005038644562793052
0.003154857960715814,-0.042901013222675345,-0.00253029776770993,0.009024647980579234
0.004096505074795558,-0.043731077290618474,0.004962477752468439,0.010928445761568633
0.006722166709695172,-0.04566896101333966,0.010163615495696696,0.01032520040816257
0.01001808621055975,-0.04783660132691052,0.010984738720410081,0.007784694619719583
0.01261669725484835,-0.04925605070767308,0.007095902541212212,0.00458317566029777
0.013379198035847674,-0.04928863297063323,7.412572804131767e-05,0.0021460539246532084
0.0119031569192905,-0.04792695675973585,-0.00723433521213782,0.0014587027418597326
0.00873271817337577,-0.04580632401589982,-0.011879064841969178,0.002687021630304146
0.0051697719053164105,-0.04392511824028502,-0.012018875148920798,0.005155056950394701
0.0027521217455724056,-0.04319331771498724,-0.007681939614526377,0.007675086421067991
0.002608883580053646,-0.04400746616749489,-0.0007564888519090544,0.009079999128447615
0.0049621898900320234,-0.04604366285428685,0.005786909847747751,0.008728298929719077
0.008990741493457074,-0.048368799277363865,0.009122489108115322,0.0067698570681777506
0.01312480099350453,-0.04983259340458389,0.007739906163458829,0.004066064519809611
0.015663242160972132,-0.04957797201580103,0.0020744025189860476,0.0018056364601583407
0.01546574828769629,-0.047449664648235565,-0.005665131871188343,0.0009847835775289064
0.0124357173477117,-0.044117141242233614,-0.012400762458701947,0.0019750188355336976
0.007589593176693333,-0.04084497223137592,-0.015450411073496654,0.004361892542790247
0.002674996991847427,-0.03899310894481673,-0.013631291813028794,0.007121467773594498
-0.0005146476530781976,-0.039448326301867696,-0.007746306113653602,0.009058006295804727
-0.0008539895800201107,-0.04222470581015469,-0.0002524224575177665,0.00931638161069952
0.0016625390621000727,-0.04640793010624847,0.005752105789513255,0.007751873528969712
0.00591785343621235,-0.0504795602463637,0.007803482316957172,0.005000545324234427
0.010122801574050556,-0.05289999198599204,0.005084387509961672,0.002219488044713697
0.0125390719062726,-0.05271810233560804,-0.0012451465939841517,0.0006048491571610683
0.012180539138733565,-0.04995894561430453,-0.008533664751668425,0.0008888549372415695
0.009206567225635415,-0.04562695368808774,-0.013739023340060755,0.0030262612531544632
0.004846161212200572,-0.04131691354207181,-0.01468808507575705,0.006202207290844221
0.0008841899748863944,-0.038585402028308055,-0.010974429253850023,0.009160090879802945
-0.001078865819245331,-0.03833506078446442,-0.0041235522265388675,0.010715257886626894
-0.00028856912861217047,-0.04046119694087655,0.0030414767732478746,0.010243017950816264
0.0028534223925859815,-0.04390485840253965,0.007570117370375347,0.007939632058275902
0.006958951678744477,-0.04709129943877074,0.007605202498016145,0.004748128747852254
0.010232373199654544,-0.048575259639212234,0.003149291806212632,0.001978508358320854
0.011219096178018303,-0.04762962034092831,-0.00393980637557224,0.0007773066114236408
0.009413125778433824,-0.04453704583481138,-0.010721150547724385,0.0016630923425638299
0.005471008395554667,-0.04046605212976241,-0.014389504004562686,0.004317178409071965
0.0009424709756020393,-0.036983650091328,-0.013435599672053718,0.007714142588045122
-0.002371408252670844,-0.03540603417893129,-0.008267634580879157,0.010537883758295676
-0.0031665948034583914,-0.03625514474250797,-0.0010376681015993668,0.011712863174398519
-0.0011801146866106942,-0.039044884014321955,0.005253756402105065,0.010834235259031653
0.0026972071617695284,-0.04248444600316068,0.008002691097290513,0.008323111104380604
0.006787563737767353,-0.04501390539198989,0.006080291881678047,0.005246272674400926
0.009321542387003967,-0.04545008911204401,0.000298319246281729,0.002876613616915075
0.009173913032097188,-0.04347548655206085,-0.006930190723877975,0.002175357742742247
0.006333886896239148,-0.03976821470877725,-0.01259325520032975,0.003407215182699225
0.0019132858923841599,-0.035719787535346624,-0.01432906058895621,0.006043434011981266
-0.002312416447000047,-0.03285805205910641,-0.01140408465284971,0.008988887225130178
-0.004640918206006829,-0.03221452257050333,-0.005015480708582363,0.011036951283561742
-0.004152230125837751,-0.033898061072530974,0.0022065367571703887,0.011364123595035615
-0.0010949797937059055,-0.03705110022356693,0.007289068629104045,0.009862160159944585
0.003212064445569051,-0.040205998427069393,0.008147292602925262,0.007174003703469026
0.006924117928560769,-0.041893419016739444,0.004445824540049253,0.004422130830286184
0.008435472446507922,-0.04125047754884647,-0.0022653227849172898,0.0027436742760770677
0.0070481041496606375,-0.0383768724164969,-0.00919525775923441,0.002824400404570688
0.0032652918232177353,-0.03429197430820686,-0.013469073439302235,0.0046220906103787
-0.0014132925010401072,-0.03051135045940546,-0.013317312353089947,0.007390521841188027
