ch0,ch1,ch2,ch3
-0.00045995964057297885,0.0032603890949979473,-0.0033484107514734087,0.0003513564161457238
-0.008113451016881025,0.0046725130582027765,-0.0036580592085618943,-0.0013094502474434594
-0.01766509144193312,0.004435696572316628,-0.0029117258372418652,-0.003766398274590438
-0.025173807392736298,0.002649725956847362,-0.001425810358287623,-0.005939711182588249
-0.027548225825895525,6.022513439184785e-05,0.00017727759866646998,-0.0068729046884967735
-0.023822356525769726,-0.002250134790606412,0.0012306570331261921,-0.0061235541377911
-0.01555112646525422,-0.0033115538645744373,0.001301130291490403,-0.003940512667801578
-0.006163792239425943,-0.0026713993084153693,0.00036796355218466877,-0.0011566015032684056
0.0004559893023884195,-0.0005847021368272174,-0.001171434488179722,0.0011569764632605331
0.0015755905053713532,0.0020888932453194983,-0.0026699636200444017,0.0021309202893919324
-0.003259247240062305,0.004239792338162437,-0.0035018490005250136,0.0014515881604317577
-0.012040254777747363,0.004968289918161938,-0.0033224713478453155,-0.0005159939319562119
-0.02113039025578881,0.003959182300976195,-0.002208864099898715,-0.0028842505302827644
-0.026769540435806753,0.0016156245830862236,-0.0006234358338283019,-0.004611820834014724
-0.026628996618054408,-0.0011039274522917702,0.0007822493753604717,-0.004931903029378067
-0.020772167083526062,-0.003079069960578918,0.001440191385913553,-0.0036640777947501203
-0.011625152205343724,-0.0034890901762625374,0.001100591730811102,-0.0012828986394228083
-0.0029704966930878362,-0.0021523909908919793,-6.9086467592588e-05,0.0012825827397964368
0.0016188047394574585,0.0003965642956237697,-0.0015603693370191156,0.003033687860597022
0.00025696865714071304,0.0031248242790548643,-0.0027411815525700866,0.0033120128935544874
-0.0064762679375865604,0.004923585529905881,-0.0031214090848220013,0.0020663771215606885
-0.015778108112499002,0.00506189916136162,-0.0025544162986549605,-0.00013084930573880162
-0.023785047901946493,0.003484784507671277,-0.001290561575923178,-0.00232193847833352
-0.027173847700631824,0.0008334704483097348,0.00013781815180866224,-0.0035562486255232505
-0.024538535427814367,-0.0018197581629211168,0.0011489016880655034,-0.0032748188714900378
-0.016973493568375676,-0.003411987976275447,0.0013609024844026417,-0.0015303920356894132
-0.007620942634384334,-0.003323354148921628,0.0007517575602758132,0.0010443152540416368
-0.0003693635195876344,-0.0016254216090613683,-0.00033873317538120313,0.003502956976883634
0.0017593246277393573,0.0009570061443171738,-0.0013641517071312594,0.004973618649473305
-0.0021331690478785894,0.0033530062074323716,-0.0018162588717714951,0.0050077648768715064
-0.010440858077193749,0.0045927035700072,-0.0014529297194243239,0.0037481980794494478
-0.01970836778729516,0.004208138697258944,-0.0004098322725114493,0.0018512135949879374
-0.026052903517307845,0.0024215144724177044,0.0008537920492360645,0.00020063861966769723
-0.0267676755432668,4.357605193291682e-05,0.0017534847507376047,-0.0004633747819175826
-0.021445354556994464,-0.0018741004450050155,0.0018376641411412204,0.00015489589226679173
-0.012157104657612858,-0.0024865111349185102,0.000994056425272211,0.0017997444463391096
-0.0026114235857907565,-0.0015143892436794428,-0.0004864116568159961,0.003790873190392496
0.0033627151489050012,0.0006359278684501828,-0.002019330389053002,0.005325494591146098
0.003385255361227551,0.003042997670658337,-0.002967167243159775,0.005824485992413118
-0.0024983891221996,0.004660650197077553,-0.0029103961686211223,0.0051749116399761215
-0.01183553384264873,0.00476524310745787,-0.001834213558743998,0.003767268914110886
-0.02077214109360468,0.003271965644933406,-0.00014907850826911148,0.002314435811359758
-0.02563331145994375,0.0007858301575403685,0.001467939610840571,0.0015327703728190273
-0.024429043176159133,-0.001637159492195069,0.0023484676130844703,0.001824539222003906
-0.01766684921275937,-0.002922366267257474,0.0021116686786716524,0.0030999956278261595
-0.008137957361483317,-0.0024245142606431867,0.0008296034768254983,0.004817339541056082
0.00023420960287050052,-0.00020516640788559532,-0.0009927039270314017,0.006224872735579098
0.004009368848639529,0.002977525954313998,-0.0026181835334009806,0.006701718607775513
0.0016455117056891379,0.005965967078469045,-0.003379610395995302,0.0060490204558364
-0.005867238478665857,0.007667728555774982,-0.002958806408460426,0.0046019838373703645
-0.01541352442641668,0.007498087867879698,-0.0015265641608654856,0.0031075204655269606
-0.023032099642359617,0.005618543402027394,0.00031767389459289025,0.0024119254268555896
-0.025541262817689436,0.0028719512334279876,0.0017855415931333082,0.0030862442028880797
-0.02184272763615428,0.00043889941596712357,0.0022235350450698806,0.005148292289327077
-0.013369420161352353,-0.0006455243105431969,0.0013891598450502989,0.008005356236798527
-0.0034950979834290946,8.257683808689012e-05,-0.00043500870363348966,0.01065349460750042
0.0038498407711197603,0.002322311572232286,-0.0025393983674706307,0.012063471851095225
0.005786779242755159,0.0051268345157825515,-0.004062002128601237,0.01160310535156364
0.0016613682226884038,0.007287484806706261,-0.00433159278193699,0.0093248281525257
-0.006699386270555343,0.007827467671676028,-0.0031425563479080035,0.005995511793750691
-0.015747793198105525,0.006403978927078794,-0.0008502451803803341,0.002844946747419379
-0.021678167426418416,0.0034542800144957597,0.0017534095293957955,0.001120735836623179
-0.02198858702628613,2.4983839031721312e-05,0.0037369911718342867,0.0016162579131480475
-0.016500077249042185,-0.002647485178272399,0.004383708671088899,0.004352889610868176
-0.007416642741287509,-0.003635985734869227,0.003464318521258183,0.008541363532030806
0.0015948409376498514,-0.002699274166805895,0.0013230614240099076,0.012841648078949667
0.006922806812901783,-0.0003831159236172441,-0.001255186371034654,0.01582722140241212
0.006500347964095299,0.0021963095354532625,-0.0033426571872206775,0.016482340362887204
0.0006524674993033203,0.0038012008408118783,-0.00421426240494688,0.014549662198873997
-0.008046234884302941,0.0035745193019582964,-0.003607920822001753,0.010604007743278963
-0.015842810865462093,0.0013960958193656567,-0.0018031058294956848,0.005832526685108067
-0.019363250402245357,-0.002048858667389938,0.0005056368698886038,0.0016108546594745215
-0.01701353839619477,-0.00551595417667068,0.002483478906946645,-0.0009631338074525621
-0.0096472627538416,-0.007665979521085689,0.003466954714966931,-0.0014081855365548246
-0.0002247378920478148,-0.007567018978313034,0.0031923370313609355,4.222412230908239e-05
0.007396684647422681,-0.005042414685035922,0.0018595970380062491,0.002599386629505113
0.010044695570370729,-0.000736418905579574,1.9768027965795296e-05,0.005256004361064348
0.006537525895601908,0.004118765703224119,-0.0016566294926937798,0.007159390916148495
-0.0018223720767351255,0.00813654830795099,-0.0026299779068191054,0.007879149493605212
-0.01176894543575953,0.010240554110336926,-0.002661368638160164,0.007481462553531269
-0.01939503051207722,0.009988465644868732,-0.0018436563637948397,0.006406823975622107
-0.021737202705660666,0.0076480727843153224,-0.0004979642222751073,0.005226951975398351
-0.01797762544273977,0.0040210939980259534,0.0010039732260612956,0.004397733481684692
-0.00977522953525139,0.00010750905578596191,0.0024047411013966387,0.004113696363483795
-0.0005941838175476511,-0.003244059031282146,0.0036395942575565008,0.004313771340212293
0.005694902836324743,-0.005564723446026973,0.0047994138315443705,0.004814571629371626
0.00637260567803395,-0.006802332269073303,0.006005387785482107,0.005489227989927502
0.0009585885916303952,-0.007185658757199492,0.007264136929549406,0.006392266665924863
-0.008603494696020437,-0.007007155549985092,0.008381021668816043,0.00776082133026568
-0.01872863953109461,-0.006441675873724251,0.008982274527975866,0.009885192439042895
-0.025614787080955548,-0.005488780523349135,0.008645908429834575,0.01290841752894318
-0.026729779988290035,-0.004056766940177829,0.007089848885095497,0.016654384337050892
-0.02176718138810928,-0.002130977943781614,0.004336415126018462,0.020578207853651748
-0.012703043670067905,7.689466416398753e-05,0.0007782384163706441,0.02388241936928106
-0.002956200915633174,0.002095968310000604,-0.0028904606162943746,0.02576916042813643
0.003984070734151386,0.0033216568490059928,-0.005858366352581506,0.025734089691816706
0.005894707558459657,0.003261133759220775,-0.007431071351590539,0.02378119538551595
0.0025844848179754983,0.001792928273431265,-0.0072286854238045855,0.020462543832819532
-0.0041949378468243426,-0.0006870072215379917,-0.005277226441634844,0.016714646774490888
-0.01161432478081917,-0.003323119192464525,-0.001968168702965907,0.01354624123583422
-0.017011163788401885,-0.0050687871230291354,0.0020867797275111264,0.011695917495578316
-0.01897146845989581,-0.00507722803466698,0.006240264634582621,0.01139443655287378
-0.017795573110508982,-0.003061620979229163,0.009959801826548927,0.01232717065635408
-0.015173242066754376,0.0005319554377936605,0.012895105676913493,0.01381166083504335
-0.013241771182380976,0.004630691529213214,0.01485721839868391,0.01511634952815545
-0.013468961434819664,0.0079028257124198,0.015747015632119624,0.0157861833847828
-0.015876257603763794,0.009258739090073874,0.01549154140257054,0.015835155213925287
-0.018964816669158415,0.00829165221707946,0.014036091417332922,0.01571898643645737
-0.020394304269676464,0.00547454967703968,0.011403445519840232,0.016092660454168264
-0.018125349362691938,0.002016481922199259,0.007787395874775633,0.01745045410218378
-0.011518514211597016,-0.0005870084003103378,0.0036184404629522327,0.019801840565130752
-0.0018819237680871945,-0.0011491280170603407,-0.0004583357897775094,0.022530724184680304
0.00781876704548564,0.0006956375855978768,-0.0037176252512246192,0.02451807970425995
0.014020602627393228,0.004270733481623434,-0.005570362177052238,0.02450447060881511
0.013988354934262384,0.008034327465333684,-0.005783499293760931,0.02156974965481039
0.007021426751940355,0.010109827073747248,-0.004606161151514278,0.015552369892400374
-0.0050773987045697475,0.008987094279434324,-0.0027301773582628446,0.0072432058555005115
-0.018507373703994204,0.0041373690309305915,-0.0010747662731995869,-0.0017346262196618976
-0.028792626061355346,-0.003693200792243711,-0.00045987476986840035,-0.009336239128213875
-0.03242453554137316,-0.012634714811943585,-0.0012882335032605135,-0.013666777047239889
-0.028178778746149928,-0.02025169937843268,-0.003365878413009205,-0.013527240997957834
-0.017574783718922377,-0.0243207755804222,-0.005945862412101967,-0.00875714756059161
-0.004277470924984521,-0.023558012857178505,-0.007994499380015747,-0.0002703528381562371
0.007338021651630305,-0.018042544119993318,-0.008586909279945251,0.010211978525465999
0.013897851075763818,-0.009191717357139235,-0.007277877687754028,0.02062696408155007
0.014336460515099585,0.0006969869424913726,-0.0042935374913961755,0.02907385061520302
0.01027052991897444,0.009170613561801136,-0.00045396931233047147,0.03420212572112927
0.00527847688349581,0.014357869490339285,0.003156019978862884,0.03539114423110781
0.0033612852660378553,0.015471382569955195,0.0056431660973847286,0.03271597807666297
0.007193126763725922,0.012922733732540596,0.006701793826573762,0.026770538723004174
0.016864158997075124,0.008042543517132175,0.006774461967387497,0.01845417523222958
0.029633285957369738,0.0025365698305779053,0.006888966475156799,0.008811467303382262
0.04081672065374777,-0.002109203323616089,0.00821417715480052,-0.0010403594308682658
0.04549287124672961,-0.005062887400322958,0.011500218706109006,-0.0099264282548245
0.04038086405852862,-0.006287379675829929,0.016632115263471768,-0.01664254122550508
0.02517608828702771,-0.006375064826398574,0.022499558766604144,-0.020064242495694842
0.0028300400790744365,-0.006178254327914406,0.027273314958351443,-0.019356782437041472
-0.021337375470388407,-0.006401849896407374,0.02902064806446265,-0.014237563225310923
-0.04136442166867723,-0.007319651855222232,0.026448925248767585,-0.005186946639944049
-0.05257516468464214,-0.008709079825156875,0.019496860245234775,0.006508849311106681
-0.05300953955693412,-0.010002530736264179,0.009529238745991748,0.01895509775168562
-0.0438626665302019,-0.0105680333705963,-0.0009744318204113284,0.030071116005632503
-0.028825625335393575,-0.009990260336489783,-0.009161231204659783,0.0381262735823889
-0.012631095304308905,-0.008237731249716539,-0.01273276461508951,0.042213612478612564
0.0006151853996130707,-0.005661552813304076,-0.010733128245210598,0.042485687527379246
0.008694001917690996,-0.0028463022240000743,-0.003906557710302424,0.04004935778979306
0.011698847827750679,-0.0003917455752282545,0.005519033319551383,0.03653733582550119
0.011554295765749635,0.0012777148311900884,0.014561462279950801,0.03349910112424488
0.010907935645331579,0.0020042777461050016,0.02047777225307022,0.031831907539738614
0.011897687719203133,0.0018703332500388603,0.0216733468291392,0.031469090783393126
0.015301171708396618,0.0010907346035783172,0.018205418259148783,0.03145359832081221
0.02037389394054173,-0.00010885275584223032,0.011705141220413075,0.03037995023777425
0.025371898408170803,-0.0015649675878305067,0.0047526362244086524,0.027042120376204445
0.028466934783222222,-0.0031736515499189233,-6.352786932347928e-05,0.021035906413960626
0.02861675752740088,-0.004831498265986842,-0.001060147354054437,0.01307031117306818
0.026003769281939343,-0.006373416703516394,0.0019798311387074666,0.004845420426666984
0.02187082006553192,-0.00756337851813977,0.007790570588964603,-0.0014820277930200324
0.017863557713658742,-0.00816550289904097,0.014139014206049846,-0.004061549002054687
0.01520980738414287,-0.008075740911508618,0.01866779546714683,-0.002058708722896513
0.01413279803531849,-0.007452713926466152,0.01974738519239994,0.003962032112193156
0.013780773395458357,-0.006771915757010319,0.01702709282249611,0.012141456844072895
0.012713922909238663,-0.006750346310347564,0.011496207480949499,0.019897805576311475
0.00972896508395688,-0.008141243925936632,0.005053370935276638,0.02477154878928145
0.004638054108593776,-0.0114588479943118,-0.00023743785256897718,0.02524115910422338
-0.0013746927731304347,-0.01673385557565002,-0.0029187176749171967,0.021214977783553416
-0.006019704999286073,-0.02340128482728508,-0.002655855129912732,0.014022707488498291
-0.00672145390622269,-0.030380155422314852,-0.0003208534064666801,0.005915857819147953
-0.0016721354255876484,-0.03633395904148461,0.0023687712716981796,-0.0007314873133194355
0.009317506174169316,-0.04003053117914962,0.003507690395981775,-0.0042221311645342
0.02454120671410316,-0.04067904032245989,0.0017114767662264419,-0.00404355859907874
0.040839096936696295,-0.038128268753547565,-0.0033725312463785445,-0.0009118080496634274
0.05461055784895168,-0.0328625268153727,-0.010916315442846236,0.003636789752676599
0.06301258449529475,-0.0258084910529572,-0.01915347953138181,0.00791892387388847
0.06487673733314153,-0.018036364693004334,-0.02590995857153597,0.010758647313129735
0.06098812682169903,-0.010473086312627172,-0.029237307641320327,0.011858312004694307
0.05362772190344628,-0.0037300473773564154,-0.02795163117735732,0.011748899322139624
0.04557812428670125,0.0019096566236332674,-0.021935452261849092,0.011364835970362943
0.039008600832865704,0.00637336510715201,-0.012149814897447583,0.011450269931412226
0.03469770059309413,0.009636834683908229,-0.0003919871255353602,0.01207753702287904
0.031903433171661576,0.011619745503458866,0.011109099516768249,0.01251202739609358
0.028913866085101537,0.012206027815395476,0.0201525699813861,0.011508150021250144
0.024021366933246024,0.011387240185437556,0.0249910380383833,0.007929245664788559
0.016483423754471704,0.009454696293789267,0.02466215560074672,0.0014301827040098599
0.00703838738237047,0.007124271548528079,0.01918974922340864,-0.007108035565052023
-0.0022657655210896605,0.005489082126668805,0.009627131274436236,-0.015621162004059668
-0.008876347518437869,0.005759436835074575,-0.0020821836398372787,-0.021427183382634402
-0.010844391540157207,0.008843057542421144,-0.013438873100204694,-0.02214297327048277
-0.007765019956131904,0.01490334712970935,-0.021894879031672414,-0.016619723813967733
-0.001133583567261527,0.02307199022910549,-0.02545391747566544,-0.005528245569060384
0.0060667111098029825,0.03146333922623101,-0.023226276366556727,0.00866519679979517
0.010415746557090022,0.03754668824283605,-0.015766382979400945,0.022372450606325187
0.009348754684066415,0.03880865975824229,-0.005045107247365977,0.031998983379869526
0.002183134182229034,0.033525881454069546,0.006002066681704834,0.03511479158604947
-0.009532032171051804,0.02140998268400451,0.014273749121932973,0.031256392285499666
-0.02249348160087304,0.003906502943310524,0.01743312851387268,0.022059051625811125
-0.03277439243613651,-0.015976905079418197,0.014672044575116632,0.01066047277232977
-0.03717990850839966,-0.03429909456000725,0.007026724021106767,0.0005875738499936277
-0.03431645931141587,-0.047118504019405226,-0.0029102901177962444,-0.005466929695842046
-0.024983945729665107,-0.051483896683018456,-0.011833922106504476,-0.006528382950806762
-0.011771860378063824,-0.04621400427713157,-0.0168669774610158,-0.0035628323027791556
0.001948085432474616,-0.03225231630433435,-0.016601909675692392,0.0010311601634686305
0.013215757732815376,-0.012496220325033459,-0.011649644278962609,0.004451371002727885
0.020396664300132115,0.008863520779603909,-0.004453959664081954,0.004632201035502859
0.02349085840186582,0.02733365134029513,0.00160980379758097,0.0010470252527741124
0.02377746089095678,0.03919997732421451,0.0035566694185998394,-0.00514099017808319
0.023012415476581675,0.04243787091692347,5.374092713770661e-05,-0.011633425896981192
0.02256818080545225,0.03722711243291047,-0.007874228714000172,-0.016027804604518928
0.0229005617201723,0.025932326972961824,-0.017015829608215006,-0.01690288352485652
0.023556894947297364,0.012527859142229055,-0.02302798033814894,-0.014508038332807624
0.0236802790729677,0.0015746000923026662,-0.022042722334972772,-0.010758705594479178
0.022732558325447447,-0.003027127775691327,-0.012256474657402282,-0.008513519692912114
0.021057138384618587,0.0007948207128007309,0.005104202315125315,-0.010397584278378925
0.01997640162744134,0.012517219395933676,0.025855350415051433,-0.017626309589608806
0.021335043308422643,0.028913253057772155,0.04402221326076785,-0.029298959375474762
0.026664043781587037,0.04471752365664763,0.05375320656338761,-0.04246207293285382
0.03633215798243567,0.05397404197756301,0.051339814864426424,-0.05295391465329074
0.04908414928023031,0.05176023128998983,0.0366283092122744,-0.05674336080452452
0.06221777169330002,0.0358169517527561,0.013295135179757724,-0.05128566501509688
0.07238386011114409,0.007570468159331369,-0.01215714987422539,-0.036407629137174914
0.07671979640685637,-0.02785320577013123,-0.032378311661126605,-0.014409518914213722
0.0738664698190438,-0.06275568584771446,-0.0414697264601259,0.010637870769824241
0.06444711208028797,-0.08891643621497677,-0.036831353249578425,0.034128822467052164
0.05079784487610699,-0.1000139974066965,-0.0199382609493022,0.052235875171390896
0.036049334592377885,-0.09367344089540607,0.004197259384028179,0.06284190571147238
0.022935964211460286,-0.07243177265413901,0.02866554151262731,0.06580464155458753
0.0128322504644036,-0.04319896066896071,0.04681697858069739,0.06254146192417837
0.005426899593715753,-0.015259489281622164,0.05419897451370998,0.05518546056115518
-0.0008261401914564904,0.002636105691603496,0.0496491796732742,0.04570911494468236
-0.007682094441563696,0.005174753673456546,0.035253996764323926,0.03538355455103321
-0.015974064334732137,-0.007615077895954518,0.015299455264132178,0.024756916152288668
-0.024915578837090648,-0.030187886511426957,-0.005314240431242497,0.014078273611757742
-0.032210457421081105,-0.053214453622721605,-0.02257865158555067,0.003878658306120008
-0.03499949814391949,-0.06674363470172527,-0.034286525707445094,-0.004655571960201358
-0.03129066384800173,-0.06376950619766983,-0.04011661349051806,-0.00978249283244039
-0.021261499701965645,-0.042962951905858617,-0.04101852608179461,-0.009808730661856495
-0.0078100114563354065,-0.009539419846937151,-0.03829224457306629,-0.003962638036905642
0.004012752676712372,0.026166637607083994,-0.03283732948916232,0.006875208906382082
0.008616472879992973,0.05205513262621887,-0.024913716365288358,0.01999304816495584
0.0020088249310415583,0.058460937167982466,-0.014476210975235972,0.031432175998700886
-0.01634404274517334,0.04175191555040645,-0.001846934493148922,0.0372251730836612
-0.04271133492374562,0.006007438504809177,0.011691055501478732,0.034865681405487785
-0.06978719937093443,-0.03792354016465854,0.023776438123549883,0.024421560111501595
-0.0887799501912928,-0.07578418122685196,0.031510793013978695,0.008773565227552972
-0.09226372506087355,-0.09461694632106475,0.032520895007358296,-0.007236591173378528
-0.0768207264139681,-0.08721567520513307,0.02612219924443501,-0.01853555982964675
-0.04451369618570287,-0.05475000788053441,0.014049052337360807,-0.021822214162052284
-0.0025982494138344476,-0.00658464909277791,0.0003345485891130705,-0.017060084931328955
0.03851113847478614,0.04271709642249963,-0.009761399013083046,-0.007792465035496869
0.06838656385087906,0.0782163254505661,-0.011484423523889252,-1.863347593246157e-05
0.07980004931146777,0.0895890477294087,-0.002378613372078097,7.814616002505775e-05
0.0709201213073941,0.07453804122319259,0.01654860874592356,-0.011231534646605127
0.04575337928577222,0.03942091757734619,0.0407949971668936,-0.033231036496751264
0.012703568285424282,-0.0031262356902207536,0.06357259903239852,-0.06027438561596311
-0.018226021258681332,-0.038714575724209215,0.07789904945385237,-0.08317467821922739
-0.03860231603968712,-0.05624837096660778,0.07886106209269345,-0.0921396598163556
-0.04401981416208738,-0.05167691971554695,0.06524612752114532,-0.0803069501328843
-0.0350496512293922,-0.02911627150910606,0.039948214629933775,-0.04661758480819694
-0.016448454040211117,0.0010267465770852518,0.008994219180960383,0.003094672433732728
0.004978336365759918,0.026192312648045692,-0.020455738817959968,0.05734953031893771
0.023005335494694037,0.03650268731282106,-0.042404363048015356,0.10233550811372547
0.034126390884226185,0.028485403174533436,-0.05378003300962914,0.12625493114915481
0.0384586163300212,0.006306346873716533,-0.055054263152915735,0.12322176582558765
0.039165480417729305,-0.01992096701744113,-0.04955137245984029,0.09531520863595595
0.04071985938555527,-0.038081583773517884,-0.04179312346263631,0.05198620527919298
0.046747993776510045,-0.038748737848795914,-0.03558189798961477,0.006928610309957959
0.058318126708269614,-0.0188375400792945,-0.032600029464359616,-0.026560392056506087
0.07333017491378845,0.017149065115525934,-0.03206285197439831,-0.04012948387311884
0.08721721386221044,0.05872987099401171,-0.03150845531954945,-0.03321437832123367
0.0946632430687991,0.0932730705006458,-0.02832516128448246,-0.01312202922227701
0.09166677078587397,0.1105734135256579,-0.021307449087395458,0.007726150553183335
0.07717008863798298,0.10644883865530282,-0.011522135918907887,0.016455233812593627
0.05365779866635728,0.0840293582180995,-0.0020651867042952472,0.004658245387111648
0.02652247017006682,0.052315501436615335,0.003226153336199138,-0.028193988874210308
0.002443846733500474,0.022634428115932553,0.0015725735430129582,-0.07411814483753221
-0.012636274426842082,0.004409724968430554,-0.007223790572959533,-0.11904926559078094
-0.015253024542033278,0.001883040459906409,-0.020243084917321737,-0.14753480977800587
-0.0053225876780748005,0.013003813992505435,-0.03222566651576763,-0.14807045426743537
0.014016168695301699,0.0308134240141727,-0.037447584436214126,-0.11720943353415977
0.037480094712705386,0.04665172827315766,-0.031995863226144866,-0.06099602231993555
0.059214611018440236,0.05380694032453634,-0.015530969700905175,0.0067894249316566
0.07432952097553512,0.05009440830797803,0.008223579881322095,0.06896767017439664
0.07995284814496276,0.03833487880276448,0.032550884424884574,0.11037516351034027
0.07557968831512282,0.024605654952805475,0.05004136238764377,0.12249394720819663
0.06275130015750072,0.015085992169758084,0.055285269599708864,0.10574237917392139
0.04429667558816735,0.012918685298652371,0.04692219489953074,0.06872545882354059
0.02344630356684122,0.01651063949434621,0.028224062899167936,0.024826810609323305
0.0030837375849832377,0.020088547512833215,0.00593678110955177,-0.012557266166723369
-0.01471921384049827,0.016355298076473637,-0.012216641665645218,-0.034415829949114435
-0.028867005053687948,0.00015797633922621092,-0.020428961980196916,-0.038636364316024116
-0.039172195632986136,-0.028426098898820834,-0.016973536120946042,-0.029864509609571
-0.046142054283030254,-0.0630254798554425,-0.004777407389100453,-0.016939850722103345
-0.05068090464925931,-0.09259946963207416,0.00984978328118714,-0.009008749460758095
-0.0537364609046133,-0.10531987783399648,0.019855036433995662,-0.011842620994339019
-0.05591537047751766,-0.0932945347263105,0.02041506614830305,-0.025730203112891988
-0.05712970225832254,-0.056260373022037624,0.011048278330214125,-0.045646756406322396
-0.056388957350014694,-0.002656341636764801,-0.004016982994092844,-0.06350162177186916
-0.051877017079563666,0.05256919275307115,-0.01742655147144758,-0.07147936082639594
-0.041410157518134885,0.09280356411849557,-0.021668057607553425,-0.06511547880905756
-0.023250919466840155,0.10557084912853029,-0.012278624954274639,-0.04491522122512882
0.0029134337826467764,0.0871225725306911,0.009988380721481982,-0.01594988762493863
0.035161303176124634,0.044009271462698604,0.03895222057160139,0.014309763749576484
0.06907138920551624,-0.009096576996991398,0.0649244234690861,0.03896988674709699
0.09827083289343563,-0.054647619487444066,0.07810326888720606,0.05425608741666199
0.11582068127605198,-0.07865878499916976,0.07218924038916585,0.06059775870358291
0.1161498432178459,-0.07593339905581571,0.04684344722138933,0.06186081184506444
0.0969831528398903,-0.05205991819054792,0.008020614840393651,0.06311683453412249
0.0606049029614303,-0.02132862744273065,-0.0339966921598354,0.0679493122998507
0.01392265192335658,-0.0012449235635872903,-0.0681578842544114,0.07649176501347629
-0.03286730662441945,-0.0056281004587359065,-0.08647326000667534,0.08508823385942035
-0.06876061141793426,-0.038875925349045645,-0.08667092154441948,0.08778491584889697
-0.08490738996927395,-0.09360426799541818,-0.0726816830314112,0.07907819363276501
-0.07717184870261622,-0.15265812121160985,-0.05278623078507975,0.056778918272525056
-0.047468942520341,-0.1948780479893456,-0.036165554400851334,0.023742715542759366
-0.0034046169701116053,-0.20259499271480713,-0.029220777719201084,-0.012380441760321114
0.04373189119527181,-0.16814873664414043,-0.0331227777186939,-0.04145394142906186
0.08205115578586017,-0.09704234426797166,-0.043570703727888085,-0.054456506024537166
0.10230309817745804,-0.00654611655934798,-0.05286256553374412,-0.047039871005350356
0.1003057441177842,0.07979271408709618,-0.05344981765080756,-0.021630880388612723
0.07786275340448,0.13980232505939438,-0.04152886338738424,0.012854582586791504
0.04195758859748311,0.1598039852539335,-0.019167651491810715,0.04375312123480363
0.0025524672705211976,0.13872194625802844,0.005989553258859409,0.058985449453801846
-0.030271073023465437,0.08783004504942528,0.02345108738365293,0.05146687748002906
-0.04894717155027228,0.026365595288273976,0.02406857511377328,0.021980683882750714
-0.050103092006965055,-0.025297453975049667,0.004080848000548937,-0.020609077470603244
-0.03491850113523845,-0.05242224044575123,-0.032626133001020054,-0.06200562406958265
-0.008254270172963566,-0.05026957916289273,-0.07506968985577617,-0.08716494206798114
0.02299994131769522,-0.02467374890975023,-0.10852185806155414,-0.0854436228445077
0.05175184223255632,0.011094641709158123,-0.11957620620910588,-0.05443152374138813
0.07217394803377986,0.041765387178915765,-0.1011372240233407,-0.0011181192506110969
0.08052640740298454,0.05565081168226469,-0.055481014089144555,0.06005133674031288
0.07534569010848807,0.048329279711548837,0.0058329026895075275,0.1116067322459554
0.0572277439301747,0.02326158740093691,0.06531591550428227,0.13849842897565579
0.028493242994576336,-0.01056501573087162,0.10511137703078789,0.13274886034159827
-0.007080131539931189,-0.042731640841623356,0.11288447578216208,0.09579167411987945
-0.044465374057456604,-0.06541472736982194,0.08600755620833915,0.03778255334474003
-0.07771005636047765,-0.07572894901167317,0.03257872191001674,-0.025807122210361775
-0.10060000837530976,-0.07560762409625667,-0.031092858720000584,-0.07911129813231216
-0.10777140567975044,-0.06955296336979121,-0.08567560805336544,-0.1106481067854135
-0.09614211888774754,-0.06149866539029954,-0.11490311401620643,-0.11642086238472327
-0.06627745805860255,-0.052359947371059444,-0.11050522168711326,-0.10043584203436595
-0.023158537390133505,-0.039473902672955065,-0.07437375378440887,-0.07263224043435793
0.024123275638316184,-0.018227843508214107,-0.017354427577962492,-0.0450712456217
0.06394907770451157,0.01486851457796673,0.04475939625243199,-0.027748873364489647
0.08481967321082078,0.059134832757405616,0.09651662608721887,-0.025427902749661932
0.07843985834181683,0.10824673331816621,0.12750294414834595,-0.03645091291556185
0.04235807946328435,0.15127656645353854,0.1348815851510963,-0.05377776611615162
-0.018699730963998757,0.1761227244877958,0.12308565993693694,-0.06774816997979206
-0.09334687867441267,0.1741235019599314,0.10103699042975707,-0.06955068419878296
-0.16592048781109825,0.14401990035556142,0.07814105842626924,-0.05423423737272597
-0.22017838694467937,0.09353625628437999,0.060672199912466744,-0.022338609087152246
-0.24332424029673133,0.03768225796178259,0.04990331854035785,0.02027022205925454
-0.22924002331143173,-0.005862519219851537,0.042573396113522344,0.06418682002533717
-0.1800123202955259,-0.02273229417115344,0.03333167867550545,0.09923033239821913
-0.10532910191855892,-0.007042005248145353,0.018020973871827637,0.11731538649787816
-0.01994196015640404,0.03625234071184891,-0.0036427553513204234,0.11461440360284061
0.06005990421672683,0.09280748613458287,-0.027165198481388656,0.09247429891935757
0.12110332238489704,0.14375670878049648,-0.04458094813903845,0.05693797155661769
0.15506399722945294,0.1722756224885716,-0.04750893777067212,0.017093388685019615
0.16055153921306428,0.16945607647491828,-0.030771254771726177,-0.017262907405074093
0.14233665595350561,0.13730693633597396,0.004870623907650988,-0.038047885506264575
0.1092544684418045,0.0877492160848448,0.05200989430659116,-0.040831915859794427
0.07132280340020267,0.03796969629997235,0.09832205070597014,-0.0258710319489815
0.036968568728696895,0.0038742337538569364,0.13021976806863475,0.0019848445828219595
0.01113303684777283,-0.005889889406990378,0.13719580504883758,0.034486749147997285
-0.005311329809497545,0.006920421435580065,0.11533246631657289,0.06202962285944708
-0.014833226295486097,0.031023802371971887,0.06872978619445379,0.07608973738137827
-0.021595029549496415,0.050183227282812874,0.008333169185560397,0.07147803975678034
-0.029511666014082536,0.0497206576459309,-0.05144264037287238,0.04782160114066613
-0.04066699904728475,0.022488239735114424,-0.0971263578898518,0.00982258603641424
-0.054566040230200896,-0.02799185858359075,-0.12012594587925546,-0.03387353899209074
-0.06839933895303088,-0.08843373911379558,-0.11887010178365257,-0.07299140414092031
-0.07816448721228976,-0.14041956153955498,-0.09850005737748174,-0.09853701351067229
-0.08022796584841353,-0.16702455640148642,-0.06833872487928476,-0.10547437136871787
-0.07278994323310124,-0.15895262986823044,-0.03814649775291206,-0.0943182966914356
-0.05676189735901916,-0.11789392602835008,-0.014575451507897711,-0.07105424464002151
-0.035760658570000665,-0.05587518871388103,0.0008824875408499913,-0.045284932699741653
-0.01520182151274432,0.00911012485682645,0.011742920492607495,-0.02708315188666786
-0.000757890789725974,0.05951252686175118,0.024297832624149213,-0.023508869294595187
0.003350181740912436,0.08425790564553143,0.04421423770066782,-0.03594653494064818
-0.004304552185145744,0.08216532910852062,0.07331599130334777,-0.05923568306197331
-0.02181409727175555,0.06154699141664275,0.10784915745637128,-0.08303165194044321
-0.04439746323143364,0.03625691218026729,0.13899781400947311,-0.09510087316291987
-0.0657613360473636,0.01979965395314762,0.15559169390479236,-0.08556844747103284
-0.07996906807423444,0.019817396172902704,0.14812212489136903,-0.05073921979715326
-0.08325111974469826,0.03508261563098683,0.1126525895959817,0.0048343597168152355
-0.07518545581875999,0.05612113023592856,0.05316872853327649,0.06885479925638599
-0.05885490419142809,0.0691724162546592,-0.01861384804083636,0.12435534689588298
-0.039902416000160715,0.061910036926298845,-0.08612781439501258,0.15449945910652146
-0.024758513795048884,0.0286841998194817,-0.13273830183182933,0.1476547903459537
-0.0185921960095741,-0.026745913358524078,-0.14695497419672637,0.10115691277283378
-0.02364004486555451,-0.09204260078728334,-0.12636500230570716,0.022561333931319632
-0.03845530867790486,-0.15036819946344873,-0.07891149382322145,-0.07203875601786973
-0.05831974591762735,-0.1861703264705079,-0.020942531399306536,-0.162137112533798
-0.0766738936986714,-0.19051055062316666,0.02752177112720453,-0.22814438930138797
-0.08708005791924982,-0.16398074990595612,0.04893820828021155,-0.2563529981310664
-0.08505947774686924,-0.11619170164420485,0.03392425267681374,-0.24214103611225044
-0.069206179027925,-0.062117819214022735,-0.015338641823499057,-0.19062202196733835
-0.04125561112236366,-0.016738762147403215,-0.08515377597247616,-0.11475619209263652
-0.005175575077340771,0.010001615470641392,-0.1539463837399264,-0.03167577383033884
0.03429662833691659,0.0160985013649521,-0.19851340367384926,0.041593320420319976
0.07306133745776437,0.007309849082572441,-0.2010666909907036,0.0918170162368619
0.1084581446633047,-0.005841209063732567,-0.1549461070030595,0.11180645953263346
0.13919586344984444,-0.012575885941049489,-0.06722136227531172,0.10095758796498418
0.16453995144289252,-0.006067243039761725,0.042700127548630416,0.06433287101665483
0.18323096862271462,0.014251991105869522,0.14815311074576853,0.010875745172792875
0.1927530692626961,0.04305223008552149,0.22255661474775798,-0.048599403562742234
0.18944524772073762,0.07181862302567886,0.24688840568076256,-0.10318459046757458
0.16958739563730973,0.09266861283669747,0.21509418273803832,-0.14325476399512
0.13113671653557793,0.10164148873395426,0.1358307457942432,-0.16151009137815217
0.07542662139836327,0.10010463802196821,0.030026297129578897,-0.15382367044028672
0.008034491382407654,0.09374174905302304,-0.07501756133112089,-0.11993440751403255
-0.061752758025857175,0.0896105721813077,-0.15323851093753382,-0.06383623074592822
-0.12295480416789825,0.09256757563143611,-0.18691167316499277,0.0064272270217213875
-0.16588915894984665,0.10262952266282781,-0.1711963455536549,0.07983187042848794
-0.1851779364486927,0.11446977353858093,-0.11489687957876897,0.144353416297725
-0.18168353604712478,0.11937873637978827,-0.03735835425115764,0.18955057161687255
-0.16256458468466148,0.10899820107330552,0.037438453747646726,0.20910450768998037
-0.1392526438317069,0.07937308817743319,0.08773853653177136,0.2025142117948283
-0.12388339345628704,0.033658213513160846,0.0997995288927603,0.1752870937902764
-0.12530551953400257,-0.017737787515922258,0.07101313183329666,0.13739081439721892
-0.14600816470907826,-0.05985474861465554,0.009670340702905742,0.10031322007899818
-0.1810542258467438,-0.0779375884129025,-0.06826756589508323,0.07359879354153338
-0.21945468202643603,-0.06264385451480338,-0.1441669639178249,0.06198015378415311
-0.24759174305962797,-0.01385814229996284,-0.20185156069354385,0.06408009380002033
-0.2535899382362085,0.05830502671220901,-0.23136482330511005,0.07314884708712503
-0.23120040411593676,0.1357861862320035,-0.2304644770162174,0.07959507888802192
-0.1819264429879869,0.19750867361019814,-0.2037690591063981,0.07442634410726393
-0.11471903569417252,0.22540189804666677,-0.16022435491020204,0.052382011487589294
-0.043391555536819774,0.2096044712384331,-0.10998624158662157,0.013654785764332752
0.0173512836436011,0.1512161826350592,-0.061812331572531964,-0.03637694666091773
0.055964984689496816,0.06179248602363317,-0.021668581206697433,-0.08923899804971686
0.06694764434725846,-0.040157688634752754,0.007325905620823496,-0.13642685181708236
0.051779539114178624,-0.13447057827801115,0.024030255835239163,-0.1722486701606457
0.01784547030633073,-0.20472064157754655,0.02819254729051265,-0.19536293013762746
-0.02408031943195561,-0.24208603900004805,0.019793796692961198,-0.20846588178353034
-0.06282981628817612,-0.24666414048802343,-0.0008549540560246576,-0.2163338881462643
-0.08936943952504146,-0.22609888618918453,-0.03239499335285946,-0.2230901289479944
-0.09825712548957677,-0.19223583532285507,-0.07157771573090092,-0.22987817885705797
-0.08792634638205352,-0.15706410472048637,-0.1129072095826479,-0.23395854081666084
-0.06012969444014484,-0.12928509737073576,-0.14919119503794545,-0.22966110599580528
-0.019069088992024016,-0.11248408143684639,-0.1730200075985237,-0.21085756050356208
0.029356111369750908,-0.10523936298816312,-0.17874793653985066,-0.17397134368331613
0.07804955171763357,-0.10282952437799478,-0.16426138206509214,-0.12028201466839669
0.11915321424243776,-0.09972195339004135,-0.13181861619621876,-0.05651755450450369
0.14476210588819727,-0.09188307717890654,-0.08755096929815823,0.006624011041420679
0.14816044355641164,-0.07814952003695928,-0.03971114441893766,0.05757511471211141
0.12549564578666816,-0.06032884286515878,0.0037564566713472643,0.08752466145110005
0.07741737656599568,-0.042181795858273495,0.03746717773147984,0.09324226987766013
0.009968673225093703,-0.027802121781824292,0.059861382991338835,0.07805481512876243
-0.06591186284604589,-0.020045752029732026,0.07304394178761268,0.05061509286849087
-0.13650404107915987,-0.019553596022114157,0.0813066018316675,0.021924927224951433
-0.18864093272257387,-0.02463280798877236,0.08895388085657922,0.0017131881452009093
-0.21329018287214335,-0.03193198084484151,0.09832251272018998,-0.00452353116384054
-0.20814017129080664,-0.0375875373353665,0.10879926032999106,0.0031928018900241936
-0.17815909291502355,-0.038409816265980855,0.11723140274181287,0.020044045315490686
-0.1337575296018922,-0.03273152219743104,0.11954996600322945,0.03870596997115778
-0.08707710160094093,-0.020712304363473315,0.11291847029392844,0.05219778577913433
-0.04770262619829055,-0.004101623927238418,0.09748711608500983,0.056145152906004143
-0.01941908218845225,0.014371230685203884,0.07697367153609215,0.04964336370269639
0.0006701345675335444,0.031735775838858844,0.05775737390446512,0.034556932938748224
0.020212842070828452,0.04542649004289146,0.04677788261129257,0.01377628987170386
0.04753436908872696,0.05370617123149508,0.04903384523245025,-0.01062028775170828
0.0870241272011502,0.055844536895772845,0.06566796237710641,-0.03836005234630904
0.13593652591172217,0.052109390727500655,0.09342207278786499,-0.070620635969688
0.18413404722478358,0.04365273686880437,0.12571979969211888,-0.10849090288453135
0.21720773495095813,0.0323483460024875,0.15499096503438234,-0.15101621712496743
0.22204283274670256,0.020586745685151866,0.17534842643972828,-0.19386214377745864
0.19278879410374272,0.010993530065281558,0.18457043443025728,-0.22942631895164808
0.13481371971622516,0.0060347491100832965,0.1846011202809777,-0.24862499168934696
0.06478542788700178,0.007516620349536102,0.18036291384045172,-0.24382736994793325
0.006374986329416022,0.016060182185325636,0.1773507973042899,-0.21183267104767514
-0.017252712843148315,0.030701567764560435,0.17897978190637212,-0.15564620147029767
0.00835264754554348,0.04879760141248368,0.184778880850784,-0.08419957306085851
0.08301257146279868,0.06637751715844675,0.19021009278127332,-0.009942040211083511
0.19065712022045025,0.07897110734556456,0.18825588762501863,0.05490409984085296
0.3034965136323182,0.08278614227125312,0.17220978519600133,0.1020418528231309
0.3904459423706989,0.07595180055086598,0.13860220725675002,0.129319559532846
0.42699976036898035,0.059448551191287266,0.0891012540998784,0.14057959274371476
0.40310314929966073,0.03735760338376232,0.03058997925152895,0.143176301630885
0.32618393719401323,0.01620510153145942,-0.0266958744118778,0.1441634729462664
0.21820037041152693,0.0034262968861692136,-0.07234453254855033,0.14673996405870746
0.10772860544104745,0.005268881169517115,-0.09912158930255317,0.14849658362939958
0.019950838056667856,0.024699771088223226,-0.1052790670701119,0.14231490117704163
-0.03179269431490865,0.05998160524208649,-0.09497896163559222,0.11968353132554804
-0.04978522217836417,0.1044815082376974,-0.07668767784025203,0.07514858207510092
-0.04968455548899661,0.14796308701269834,-0.060144571816585404,0.010038460890893889
-0.05315656192640754,0.17916376712287735,-0.053018131855460504,-0.06623605358981481
-0.07825861996293998,0.18900526214846589,-0.05844606216271219,-0.13813046796838385
-0.13132072359409455,0.17348193255582345,-0.07428811886912969,-0.18871365524269054
-0.20352388438208843,0.13524950925612148,-0.09425558584952226,-0.20558353742356206
-0.2735898804294853,0.083245820188273,-0.11038368095852626,-0.18571878746211623
-0.3156439035985803,0.030256275669097665,-0.11585345806210322,-0.13728366363213423
-0.3092917680024425,-0.010975622952657171,-0.10711657171387068,-0.07745464630388886
-0.24804975221653341,-0.03192619597396879,-0.08463143049911137,-0.026819270936625228
-0.1428402131764641,-0.0313621492516617,-0.05212108816789319,-0.0022497065808258334
-0.019114342288552577,-0.016139626042902897,-0.01485602027951976,-0.010841276934799766
0.0914161974046988,0.0007659824773751009,0.02219420639451651,-0.047230379148641484
0.1613947028994676,0.00458164901123719,0.05553764993738365,-0.09543063315133361
0.17683368097986688,-0.015875186491339142,0.08325129624168354,-0.13466544366333066
0.14119045342696945,-0.06353149393263503,0.10412765877860253,-0.14714722790910856
0.07306254937310853,-0.13082998992583014,0.11648683052278712,-0.12494697198606469
-0.0014899439075896363,-0.2009621561163093,0.11743695615588211,-0.07334430143819755
-0.05893878127064929,-0.25247323043471515,0.10316104237990902,-0.00928784418296951
-0.0866939847215247,-0.2659649002083306,0.07031051308668602,0.0446112911393955
-0.0867034737339038,-0.23078208178822865,0.01801345022981536,0.06844470045481889
-0.07297830690574796,-0.14940303213055614,-0.05038400580383196,0.052680917047533894
-0.0642217831320237,-0.037869785323791344,-0.1267435675726244,0.0022716410963700656
-0.07470909639341781,0.0781615302420071,-0.1992433000161624,-0.06444165376179052
-0.10726551641877678,0.17069936291370205,-0.2550350206955231,-0.1217773224503609
-0.1513336948223398,0.21777780009659697,-0.283665148379734,-0.14565580357664326
-0.18703387231682034,0.21017281773681912,-0.28009423962175956,-0.12227797308920314
-0.19363175902096494,0.1541897735006302,-0.24621724360612957,-0.053426328143829166
-0.15894030773600817,0.06949497199773737,-0.19029438042061522,0.04355223026863405
-0.08567356017357945,-0.01737321088053807,-0.12446320397298109,0.14114490281641254
0.008115710014319932,-0.08168205643353811,-0.061216228751260024,0.210611946063046
0.09505345523667484,-0.10844717350242074,-0.010105438722603926,0.23138354115955803
0.14881573572211326,-0.09693253487029785,0.02418452653479394,0.1976935445822675
0.1548574343446299,-0.06017695638585983,0.04182740926472901,0.1202296352876004
0.11713993441921516,-0.019755450578115133,0.04614227487514678,0.022342317516590052
0.057873226349866476,0.0023279377060819065,0.041100687594554784,-0.06776342148839198
0.00991638780700786,-0.008305766443051489,0.029270841204042004,-0.12610090824610348
0.004370818214026065,-0.05330801716316041,0.011174385399106767,-0.14016181458828408
0.05792530184208524,-0.12127089235584652,-0.013652587063238153,-0.1120432454554834
0.16484678273891618,-0.19222956997462737,-0.044446223866661715,-0.05664622154101504
0.2969650409371307,-0.24527168485533374,-0.07703674730899304,0.004133001112955617
0.4121064694138603,-0.26636507175238344,-0.10302347982292068,0.04900310331531689
0.46825975498622685,-0.25342849122755556,-0.11114853965562738,0.0640125720953712
0.43850687383146,-0.2167067640734261,-0.09079402991282357,0.04627268750003413
0.3213036967798816,-0.17429908295647303,-0.03651800563373579,0.003733337786717392
0.14225547839697217,-0.144561569158038,0.04812706319971441,-0.048496424646819344
-0.053445250553793254,-0.13834928907330377,0.14926146351442318,-0.09367393331442253
-0.21537651583661754,-0.15418792068977796,0.2448749872139886,-0.11874764749705115
-0.3040267233095337,-0.1783949880399218,0.31035517339148466,-0.11776398485421556
-0.3030589832934826,-0.19028442559688402,0.325834932523579,-0.09253340768537609
-0.22347079075423418,-0.17058923893249517,0.2829725877691289,-0.05079898983727733
-0.09838758053713696,-0.10989294289142805,0.18872030516548693,-0.002973064739474326
0.029373934282417715,-0.013712358622290487,0.06448666443710137,0.04118997715381773
0.12227640767393287,0.09797719970565912,-0.059396991226915725,0.07487673166324124
0.160091596830812,0.19693085685680844,-0.15235546690006152,0.09498344095261305
0.14478363193250124,0.25648942038216993,-0.19266137104086517,0.10160043326793007
0.09684872417210574,0.26153433041360474,-0.17394051418682943,0.09690235529519863
0.04497642998657715,0.21474963254394439,-0.10687672301905596,0.08418846994527454
0.013369069773212585,0.1366039548148572,-0.01549155903322784,0.06749756299685551
0.011808623931158849,0.05870537116398305,0.07077946455504004,0.05172705677416716
0.03233429973461174,0.01265420539100843,0.12654664597096363,0.042781560409007414
0.053690253668515306,0.018305167412184038,0.13827235581908356,0.04717071928446129
0.05158547254234263,0.07575691576995654,0.10783181020500794,0.07072715985380502
0.010489855720249604,0.16421089005563536,0.05074396991035337,0.11660540626411622
-0.06793253610564802,0.24845958999701995,-0.010135238600264032,0.1832156735032811
-0.16334494113623885,0.29101228880337937,-0.05309544759347798,0.2629954159259228
-0.24307957771153102,0.2657393973596209,-0.06516753916395253,0.3427814432078367
-0.2740762606784515,0.16820953288862625,-0.04618020163018547,0.40604122710257695
-0.23593733952694454,0.01890205285245552,-0.007979881580745977,0.4365420009564042
-0.13006514370815697,-0.1421181245469273,0.030694294891328456,0.4224540188706815
0.0187818071313358,-0.267509226707597,0.05162818629874156,0.35964305676000685
0.16939873334049885,-0.31790966007653,0.04402497590650399,0.2531159421107156
0.2772559058243425,-0.2750036508286056,0.008346979682006124,0.11616941949337443
0.309256068836625,-0.14793527235742737,-0.04420224756953103,-0.03246685145317845
0.2549159983126018,0.029151478983344435,-0.09620063911081948,-0.1725901203912475
0.13003392423862462,0.20765348535425596,-0.1307000178150469,-0.2864237444095608
-0.02839989425506736,0.3396013477808996,-0.13750457994191223,-0.3614581551418871
-0.17418456605192834,0.39227419493104443,-0.1166953093306586,-0.39172749062852436
-0.26654163099641276,0.35755158839055146,-0.07817553623820259,-0.37760665726933995
-0.2823648189089367,0.25309899530001384,-0.037554047394959364,-0.32465395525980595
-0.22208119884696856,0.1153146405998662,-0.010053559210835887,-0.24215058038133108
-0.10753611860267787,-0.01326197263332275,-0.004818835227382579,-0.1417917915813022
0.026813579653259628,-0.09763168279499625,-0.02176004580979822,-0.03660967821563459
0.14585410656396702,-0.12051414612515683,-0.052022960835259396,0.06012101298036182
0.22452361058937975,-0.08588040900922453,-0.08175322422102754,0.13632984631285652
0.25368213918905314,-0.015168190065309877,-0.0975763417837272,0.18306550221159806
0.23961313564596018,0.06191851865894232,-0.09162220094027043,0.19656496946892008
0.19811337726057957,0.11837040444584815,-0.06419069896709266,0.17975584242795667
0.14607851344857511,0.13859404083418436,-0.02315085282631925,0.14233510819045725
0.09419687928562381,0.12200961985028477,0.019523109562708068,0.09885576142209464
0.04362547260597346,0.08073691016429153,0.05257328418786815,0.06492530223416353
-0.012297725900974787,0.03283305604302529,0.06966689599039724,0.05244170853473199
-0.08238884883120724,-0.005891149556525229,0.07135826823385821,0.06541236494219978
-0.17068884255663228,-0.028128620186162984,0.06414871465903572,0.09799972682250062
-0.2714201660203463,-0.03704287713061081,0.0571985989727884,0.13587317441566976
-0.3681594625502065,-0.043435282239397535,0.058189751160881945,0.16084417732701506
-0.43781689041530214,-0.05957759353067938,0.07013509688127051,0.157493033584981
-0.45806252952589116,-0.09249409807350845,0.09047422761196189,0.11955203666952013
-0.41544461994015736,-0.13964167928463336,0.11277819221969701,0.05361368414318348
-0.3111293377421464,-0.1889048270134845,0.13024171868799042,-0.02154617878743477
-0.16205083269777382,-0.22302219204910328,0.1393474910677356,-0.08027836978235077
0.003064332646257046,-0.22671310498946282,0.1419829082353374,-0.0985366490887092
0.15149575930957482,-0.1936104706106431,0.14493009595733233,-0.06272007164036002
0.25553409539338734,-0.13009349150302427,0.15678123195989005,0.024325266811051374
0.29974489310258745,-0.054264342509266865,0.18348997551212617,0.14259543224980517
0.2842664884540654,0.00981091673817309,0.224467943851108,0.2602284912780179
0.2233683611931675,0.04059744134793997,0.271058883116233,0.34340148820432365
0.1401060885541019,0.02717006993504971,0.30836539636848576,0.36763900757251433
0.059091088214282654,-0.026245117422364857,0.32007606603901445,0.326615883853537
-0.0002312902063872924,-0.10115719216399183,0.2946610398233524,0.23517918057955736
-0.027879551986082444,-0.1710321417061724,0.23059273182321938,0.12517731383744732
-0.024351079340787216,-0.21075221232711383,0.13842364545948185,0.03515687751359752
0.0013256103000932567,-0.20593849605972728,0.03859767194869249,-0.0027918264591614604
0.0353263532693028,-0.15870266749368891,-0.04457514600976934,0.02540043947541293
0.06310697744223878,-0.08759426093423818,-0.09086169316457668,0.10989011806835525
0.07267200271420954,-0.021551276173326087,-0.09119863059247395,0.21898189619216815
0.05652212105097598,0.010185780217656726,-0.05131076915479677,0.30876276116502427
0.012389856328273356,-0.011251854374017104,0.009641298420685793,0.33732334593219515
-0.056792184382347975,-0.08683188004955611,0.06514851720514479,0.2789382814994939
-0.143296029246002,-0.1979425003277591,0.09022263841604605,0.13348473906425812
-0.23530075890936433,-0.31128973202807414,0.0700246050973673,-0.07211245489357516
-0.31815029830229996,-0.3888551492313147,0.005217765223273225,-0.2910148755154441
-0.3765133137665413,-0.3996805284325633,-0.08790922404201718,-0.4699726057943011
-0.3975145910144301,-0.32963945267312555,-0.18270103337239021,-0.5649109343177178
-0.37434910245110736,-0.1860550758069248,-0.25103490802287776,-0.5536823831487188
-0.30931758812146437,0.004235138947219536,-0.2728174975504538,-0.4420571506543223
-0.21496536447096545,0.20260059392766522,-0.24279773196836602,-0.26127933890182264
-0.11229807576069367,0.3695142626710823,-0.17233405091905812,-0.058247491598973584
-0.02589906258272265,0.47510747966150396,-0.08551149689929848,0.11833628173840559
0.023068796703229963,0.5061638821814252,-0.01097601178520546,0.23140257440609857
0.02396495420300481,0.4676816124014762,0.027660951802660087,0.2644817317598522
-0.01858030938916777,0.3790197986328861,0.019521085446424367,0.2238243882319881
-0.08430867329449994,0.2663988246237347,-0.030362961713102887,0.1336336114983494
-0.14215296804122607,0.15455236125135816,-0.10339428535049745,0.026548403650292703
-0.1592961533879472,0.06032550286170939,-0.17433174135252524,-0.06716260784932977
-0.1119309765533093,-0.009950531331463114,-0.22024122717052244,-0.12815310396815943
0.005698344343799411,-0.05899438663793887,-0.22827138537200728,-0.1518314460202374
0.17715779950923416,-0.09420076499008861,-0.19953345951318027,-0.1467975951887641
0.3664144877346248,-0.12246733944659385,-0.14781408636397755,-0.12905359972273056
0.5268897301557096,-0.1464015457766875,-0.09373017594101725,-0.11444022594842919
0.614560406867018,-0.16332424072255627,-0.05656729620468576,-0.112100501660529
0.6012280270879086,-0.1672315680873006,-0.046844594635835735,-0.1211563821976439
0.4838193078567082,-0.15263277267029962,-0.06234224013003957,-0.13150220693995796
0.28666911868656253,-0.11842973784534386,-0.08903436949569224,-0.1281535986939919
0.055844115637540555,-0.0700193144819188,-0.10656661694412081,-0.09743761396793121
-0.15298018094942997,-0.01855648935509448,-0.09625597266741959,-0.03280942638737868
-0.28957170898808915,0.02249458787661666,-0.04866822190620159,0.06167357654598699
-0.3227018880054803,0.042245269779751196,0.03202887238127826,0.17134859473667324
-0.248271117974768,0.03676944776031837,0.12858710339333043,0.2744220528431283
-0.08974897400331745,0.011158836549172517,0.21598102197169625,0.3478848585698758
0.10898006733621153,-0.02175720058624015,0.2696881617977931,0.3741518085402626
0.29603784076849865,-0.04577368915535992,0.27407004331577445,0.3465416202896854
0.42547488375782,-0.047287436060063436,0.22792283161477273,0.27205212660269423
0.4686965505469635,-0.02071847690817536,0.1452428230636223,0.1705992681365851
0.4203745230031442,0.0287088363669233,0.05091030290525568,0.07078306194792014
0.29763762619296535,0.08603535951103686,-0.027249949229497517,0.003110551849580069
0.13336769330954665,0.1313320980005371,-0.06733574132142094,-0.007737883324101799
-0.033958161304561044,0.1466337633824029,-0.060171953213118905,0.05029700119894375
-0.1706917642184892,0.1226381719428612,-0.011802138283826915,0.17257869903493323
-0.2557848608341714,0.06272570895573197,0.059079435818526795,0.3376542564405359
-0.28408414514502406,-0.017309384328050376,0.12776724434066786,0.5114228845211055
-0.26483489489324247,-0.09397236020577285,0.17190595310972828,0.6548510633819584
-0.2164965145043625,-0.14380966610138668,0.1787002927336553,0.7334853705749056
-0.15988996486134766,-0.15162058374348727,0.14857728171309073,0.7263643406464975
-0.11190104934456893,-0.1162862494835971,0.09419603340969619,0.6318747039017882
-0.08148611354098251,-0.052051212553191915,0.03533805553674166,0.4687390915641909
-0.06879929979340733,0.015440916935584316,-0.008383404953123683,0.2715656359697376
-0.06721690951173431,0.057289131699284866,-0.024367435625302657,0.0819298538866604
-0.06719657710408916,0.051112497662584216,-0.011045863182215575,-0.06265230107916285
-0.060493955115198846,-0.010746281999559685,0.02221937875673097,-0.1387239949922838
-0.04333289998286827,-0.11741376279624967,0.059157276619609026,-0.1428698083095442
-0.01760518108669711,-0.2415544577137747,0.08293490320931442,-0.09179673251776489
0.010121273978627375,-0.3469176543100733,0.08245699903480526,-0.01640802778633154
0.03130248233953832,-0.39916268222623175,0.05633306795855939,0.04832912187541478
0.03883590375289774,-0.37663096122663947,0.013134876136644429,0.07451871024049174
0.030019735365660383,-0.2776542679571052,-0.03204916420218412,0.049876890087349114
0.008050447960005576,-0.12200529919735818,-0.06340458103025944,-0.019115792829422263
-0.01847655376170905,0.054106069903761676,-0.07033650371843454,-0.11046882529155039
-0.03796905228811938,0.20808001596920794,-0.05136193927913267,-0.19518588859728672
-0.03943707324233027,0.3030295441108849,-0.014530212215470706,-0.2480342856129205
-0.016167311252715685,0.3183057033760715,0.025745894460349996,-0.25677003931500214
0.03173514397959402,0.2552997590449424,0.054234036301572336,-0.22651041598269858
0.09685559086562419,0.13683469372902887,0.06071208204069372,-0.17763445693656002
0.16634108969178066,0.00041710289567783104,0.04389455274815218,-0.1378978681242014
0.22569067746918298,-0.11254054695238373,0.011975205163691674,-0.1315600491593957
0.2633460531403197,-0.1682681239414553,-0.020438792700371366,-0.1694725442007342
0.2746018656319025,-0.1495757085906975,-0.03788340040620054,-0.2438295766181914
0.26345746917999857,-0.05971046105046989,-0.030031277852043757,-0.3296873429114809
0.2416124137763972,0.07971690936694563,0.0041161758703920515,-0.392962396994725
0.2247151791394935,0.23578450345572197,0.05543907058391418,-0.4022665886012876
0.22692742694244716,0.37392297001634783,0.10767985459644913,-0.3404749005482941
0.2555371701362745,0.4672088636491497,0.14318138379277912,-0.21189639363909266
0.30748287731638185,0.5026357337493782,0.14933982897258405,-0.04236366274054338
0.36914324531851395,0.4828226572101542,0.12342995573037006,0.12801838546836794
0.41972890591637085,0.42311488128201424,0.07400393944962702,0.2571659970494821
0.4374008012587806,0.34541695155987795,0.018263335134374593,0.3142674377277934
0.4062481641926893,0.27095223298434723,-0.02376763613217873,0.28952672702055793
0.32185178719115787,0.2142417587096761,-0.03628881967644368,0.1971023326222282
0.1935156804537711,0.17997502055523104,-0.01354925195116935,0.07024990051894738
0.042289093312120524,0.16336716053835879,0.03760127830395395,-0.049680080445379825
-0.10471175728871557,0.15344604723107252,0.09938055102590779,-0.12667924334221417
-0.22191246787012514,0.13786205557582437,0.14847434828236633,-0.14146918302829897
-0.29236766366758793,0.10750377469496407,0.16341736419799008,-0.0971155596544344
-0.3120306600806389,0.05947608089008488,0.13154198043158438,-0.017146137646049116
-0.28986937097831755,-0.0022992012092554817,0.05324032762491453,0.06301580068100615
-0.24392759733368416,-0.06874265904302233,-0.05780895249262709,0.10830069382391834
-0.1948313359438201,-0.12870667274439204,-0.17846937004485375,0.09580424428010278
-0.1590966610043686,-0.1723142802095277,-0.28275835446912745,0.022330782164848743
-0.14459154643748537,-0.19345136704173554,-0.34914084000975487,-0.09462061043375157
-0.14963619503547518,-0.1907543030295953,-0.36628804137554294,-0.2224962264013917
-0.16581588830959432,-0.16703618281290747,-0.33567892123302,-0.32389593444870435
-0.18315733760700595,-0.12763379674483755,-0.270483730527084,-0.3679520938174639
-0.19542691334820916,-0.07845584448700423,-0.19131885330676748,-0.33931751191415316
-0.20329566305129362,-0.02449448816901943,-0.1203237058736933,-0.24217988997468248
-0.2139981825437632,0.03073130189256171,-0.07534027335358703,-0.09843536353220923
-0.23756014974308798,0.08476765792872486,-0.06573459437842066,0.05900967733911997
-0.28112459507314563,0.13522662659778636,-0.0907425239492985,0.1954775482926912
-0.3437931359071101,0.17880070077301363,-0.1404206109332659,0.28346067895750093
-0.41434284752974504,0.21087709715803143,-0.1986112351019375,0.3088332316855403
-0.47316419620728534,0.2260861169951054,-0.24696696812010344,0.2729769474676867
-0.4981458765064744,0.21973017732170388,-0.26905461945760606,0.19078595690353847
-0.4726131151623297,0.18965647348120213,-0.2537773762262938,0.08564010466955975
-0.39243752313645,0.13789293729130228,-0.19765469292941087,-0.016940378834125882
-0.269494909448483,0.07135339556076832,-0.105747264385777,-0.09521517400254342
-0.12978787235208947,0.0011491972121492075,0.008844669815383578,-0.1354218077272838
-0.006399785485681673,-0.0595410256389382,0.12690528690494082,-0.13363642550118987
0.07064879847243677,-0.0986160281122634,0.22633758664932163,-0.09534483886309587
0.08431300233004484,-0.10839323963113,0.2863791575618382,-0.03323465346548426
0.036756767686970386,-0.08815403298171975,0.29214649704029816,0.036073930076961594
-0.050436081929764204,-0.04501612945013226,0.238532764990917,0.09564245654414433
-0.14243359449832324,0.007343052438859306,0.13233971185923046,0.13156752751122888
-0.2018916004188148,0.05199473422915579,-0.008278120878634243,0.1355976674507876
-0.2008219396127325,0.07335486660601936,-0.15738372311544355,0.10665400946302343
-0.1296917708039668,0.061852388276764154,-0.28728715331138577,0.051014167152879784
-0.000709640467478371,0.017299840895929123,-0.37557937217624826,-0.018916973712945245
0.1558435302868762,-0.05015640011518458,-0.41114280569772554,-0.0870941517412771
0.30107912430056694,-0.12201185809589236,-0.3971516530332342,-0.13714965352809375
0.3996872030366109,-0.1759756142515937,-0.34982565688308886,-0.15588156396737257
0.43089152853810314,-0.19199288827492525,-0.2929971803951077,-0.13614925011792597
0.3946639249276507,-0.15803922044623167,-0.24999212530057557,-0.07850740381580754
0.3112864505463288,-0.07395119986914263,-0.23539848725594448,0.008800899693120704
0.21454345974358452,0.04795594045941199,-0.24956454521942953,0.1114660802947595
0.1408686159237032,0.18581655031974656,-0.2779464528008412,0.21192859701194466
0.11799093475454454,0.31393610048468196,-0.2958777437489563,0.2927132776201593
0.15664659407359524,0.40964367711730354,-0.2774495216163374,0.3395578750480416
0.24779352515405598,0.45919221868183174,-0.20562694625392905,0.34376495013584896
0.3659108763156504,0.46086388961334473,-0.08007819453224466,0.3034731920773545
0.4770318145845707,0.42429900307887086,0.08024132497638194,0.2238086710589866
0.5487804974326628,0.36629053294648,0.2410464608481345,0.11604552252123264
0.5592711653958308,0.30447197901501877,0.36229489548706184,-0.004046577044830753
0.5023387737006935,0.2510624625565391,0.4104288939957393,-0.11851512086944888
0.3879220389120531,0.20884247806736403,0.3692606378533952,-0.2100497829144168
0.2380062871270203,0.17078247860238485,0.24576649909464007,-0.26508122930998707
0.07981945612308901,0.12347010415928367,0.06867108334416447,-0.2767208567219549
-0.06142155629181559,0.0531162821512252,-0.11988510312282688,-0.246891813162102
-0.16810813596210128,-0.048045823149766444,-0.2769239059088982,-0.1869059002906445
-0.23289483086975168,-0.1773566642651861,-0.3712902087595061,-0.11590362400985334
-0.2582188465613012,-0.32104398019202596,-0.3921736900275705,-0.05704727550496771
-0.2534570176517341,-0.4576586709224532,-0.3506942808669452,-0.03205208930295461
-0.23103381260061542,-0.5645269236328637,-0.2741725648446983,-0.055336764110534446
-0.20280490629826026,-0.6249623158019237,-0.1952650340750583,-0.12948689543530806
-0.1776211617427584,-0.6336307236414346,-0.13992637812792172,-0.24361875017561402
-0.16036362461027848,-0.5980673952965275,-0.11852211552771001,-0.37553536269645577
-0.15219518000222054,-0.5357153191442948,-0.12322080922721716,-0.4974354148457135
-0.15148491347405824,-0.4674996183487372,-0.13247639180028514,-0.5837197813362726
-0.15487438790323654,-0.41026579442501093,-0.1208095625783572,-0.6185791732312385
-0.15818273046718703,-0.3708860890874966,-0.07015965693186536,-0.6009002592395213
-0.1571243720359771,-0.34427262617828536,0.021490091826053857,-0.5447295652825361
-0.14798179154649532,-0.3161101461657822,0.13750614585556936,-0.4749114700813352
-0.12835777626390008,-0.26934853977002343,0.24710267487370827,-0.4191272727512555
-0.09795920560492556,-0.19203725762356166,0.3154305320933552,-0.39884255463492296
-0.05915564337731955,-0.08350226888087868,0.3157009085654192,-0.42213896286526914
-0.016953598503732775,0.043592481921255415,0.23903912556510984,-0.48085447936878034
0.02187522085763837,0.16626710368800496,0.09856931384497448,-0.5530399135506778
0.05048151742755901,0.2584003385937561,-0.07372070017421305,-0.609940628308753
0.06403496315757583,0.29952834585517524,-0.23625102512918045,-0.6251698184443184
0.0615307369501797,0.2820574705727985,-0.3500752612544943,-0.5830121223832592
0.046555815451721216,0.21419475902291854,-0.38995396991941733,-0.4831501654531968
0.026523882748262614,0.11744063603862027,-0.35071677632257564,-0.34040843281011685
0.010399822774297579,0.019490772243546707,-0.2471214845839566,-0.1798712499352878
0.005526627890113933,-0.054893997867940435,-0.10772247267189039,-0.029297156080069452
0.014610664370493725,-0.09172554418019833,0.034751888017966796,0.08845394624199228
0.03401980443173291,-0.09149566288769403,0.1530401230948126,0.16051046013114476
0.05422144968916497,-0.06747992050073406,0.23186546729456523,0.18527053869405757
0.06250888102375785,-0.03942143874936528,0.2696148150349191,0.17010435359788825
0.047350361429184064,-0.025136640580239514,0.27537561616885764,0.12702906658678495
0.003031806254266282,-0.033362596679264174,0.2631724712196912,0.06847285257530601
-0.06699484095939996,-0.0606502382804869,0.2460178773599873,0.004853375899792224
-0.14937150990461837,-0.09348767556843941,0.2320649628776322,-0.05543575426114165
-0.22326327630461715,-0.11473743969078742,0.22394549986434847,-0.10437455445373689
-0.2655122175448951,-0.11171449294049209,0.220854687338564,-0.1326622346980273
-0.25713979332883946,-0.08252202018855259,0.22176420248601442,-0.12976780814944963
-0.18928438298281436,-0.03790316679405295,0.22779105417934384,-0.08651721753734642
-0.06671725865242792,0.0023659205634315034,0.2423364612687466,0.0003862777396228819
0.09226171254576272,0.01730076308043938,0.2688424761484537,0.12384709332302202
0.25968196329030374,-0.006280194624963359,0.30732286381312496,0.2643750476677484
0.40450950755965087,-0.06722348728714912,0.35160498525187434,0.3925259525859452
0.500156274551408,-0.14883894036589485,0.38909352524341795,0.47609516918494305
0.530770711560415,-0.22388737610315673,0.4038486697852447,0.4902967356323038
0.49457545147743864,-0.2641926722048509,0.38226895434777614,0.42748469996244703
0.403437801120803,-0.25139857871258126,0.3193226073921263,0.3024880021203711
0.2790097089712895,-0.1847581600152199,0.22268945414680813,0.1507110721394282
0.14677876591238917,-0.08278903237519229,0.11267727463415772,0.018560569892800544
0.0299065537472291,0.0221601572484582,0.0172440865533968,-0.05132087271815462
-0.055366086027854707,0.09472136942780324,-0.03663657614080109,-0.03521393163763063
-0.1016396799175075,0.10888281833821216,-0.032429359341055695,0.061654922943818115
-0.10949088081806116,0.057399401433273434,0.02915644374897886,0.2044439232464474
-0.08466783129648962,-0.04530484352845575,0.12880670895201707,0.33854530097468266
-0.034773457960025164,-0.16793113988583203,0.23369276209688333,0.4073421084287674
0.03313112918486622,-0.2731326275213891,0.30770870627361885,0.37213172251504956
0.11312682540913635,-0.33043401301605896,0.3235758949439584,0.2272261603410848
0.19925529555218785,-0.3264870158580267,0.2726477513134871,0.004478251431045895
0.2834433720267859,-0.2688784919590421,0.168832809639326,-0.23508192497107275
0.3539192905837448,-0.18212795303954304,0.044959554197487185,-0.4203189063821351
0.39541447355525633,-0.09747054046818719,-0.05750886500939014,-0.49362912331076253
0.39176532091575533,-0.04039383312419559,-0.10214699444923463,-0.4310579461541536
0.33050047772052343,-0.020765612280305806,-0.07008449455599165,-0.251694697373691
0.2080109786819919,-0.0294042123883325,0.03290099990837694,-0.012655006159160811
0.033357158181081294,-0.04246158495401744,0.17723274840777403,0.20907505749671976
-0.1710699591327982,-0.031950498667261414,0.31820566589908406,0.34198850309811457
-0.3729322066797925,0.0216831350908263,0.40974499258610353,0.3439775601947872
-0.5369324986094867,0.11991780188077106,0.41882400706566525,0.21653185368743125
-0.6336285482999986,0.2433805429641604,0.3359062369297464,0.0042070109003820725
-0.6474506601623654,0.3572944529148964,0.17811033417774932,-0.22053454477873813
-0.5813087619803439,0.4233546022053784,-0.01581058327477489,-0.38188677961372514
-0.45609685985147846,0.41371632495046134,-0.19695339548159704,-0.42614815114548266
-0.3049809571454701,0.32186420368226387,-0.32050195520636976,-0.3392608693710945
-0.1640727279061722,0.16619173931998826,-0.35828299669986025,-0.1504977537142428
-0.06234754918800093,-0.015219197527657559,-0.3059280770603996,0.07870210765199172
-0.013995227959767851,-0.17686615388804194,-0.1827813917197168,0.2764998211541292
-0.015637273129967075,-0.28075057589802027,-0.02501462767319445,0.3851214894649619
-0.04923059720080953,-0.3085586326538142,0.1255704041318417,0.37936053056405233
-0.08954763819360449,-0.2667049824927065,0.23346590229201555,0.27283257089582275
-0.11355527270877681,-0.1824959069207708,0.27860050944136766,0.11029224526353189
-0.10837980027002037,-0.09296443001622565,0.2603158512522847,-0.050584124592670913
-0.0750913278759076,-0.030631458222061123,0.19551423006652763,-0.16082980294930904
-0.027091264340013018,-0.011539249359589065,0.11204811303302306,-0.19711644912287277
0.016110815244287136,-0.029983679576954,0.03965295782687919,-0.1678998611190144
0.03722525516982264,-0.061799189033692276,0.0011609030960908313,-0.10694932795041329
0.02832320285737139,-0.07480679796397638,0.006361302863185491,-0.05725395328507427
-0.006038398694967371,-0.04234934021726907,0.049917962421935656,-0.05188354880472528
-0.05097061999289502,0.04528415729984595,0.11355867170440773,-0.09939744826382312
-0.08785343441901054,0.17589573129579963,0.1716622262143964,-0.1795028199024383
-0.10272559860389059,0.3187548532893781,0.1986236826859596,-0.25062652960441456
-0.09297197100661549,0.43504551133882846,0.17608508564809058,-0.26644180993707395
-0.06934674296868058,0.4914907311813461,0.09826172880439657,-0.19494291826339763
-0.05212212153598387,0.4721346413729256,-0.025914074862982497,-0.03268063730426738
-0.06249869883159753,0.3840272165410893,-0.17438409144890185,0.19139642589543088
-0.112464450892301,0.2548842946209016,-0.3170053256586264,0.4241258276920085
-0.197215963854168,0.12377316274580956,-0.4229398003150897,0.6054551711109448
-0.29361612124262676,0.02836680513706072,-0.46864738695850733,0.6886137741871087
-0.3660932733040535,-0.006602125453015362,-0.4444297186798353,0.6558049660058399
-0.3785840112114845,0.02426789860506742,-0.3576455732016386,0.5237831590717893
-0.3086091259906091,0.10765283530780008,-0.2314238142965576,0.33742759004400524
-0.1583329754529335,0.21825634999163943,-0.0988469036532455,0.15380431758745355
0.041941769572936924,0.32864991703417085,0.006094769394847271,0.02258877123095732
0.24003423340491506,0.41823209861774513,0.05835627453878189,-0.030120633209130294
0.37672137314478066,0.4780258030248032,0.04956383636416346,-0.009000578967273012
0.40475654023282637,0.5099636920557225,-0.008959986887505997,0.054460930974469
0.3057987153101451,0.5216611582493441,-0.08919665563653303,0.1151699802220658
0.09920358727742494,0.5194802887316958,-0.15495313367716285,0.13171545283105499
-0.160997321814366,0.5032362506984527,-0.1735440675527757,0.08135654311765897
-0.4007926406320662,0.4650102213153181,-0.1270295856035831,-0.032521755557798404
-0.5484395101459502,0.39262229437270213,-0.019266791638464596,-0.182711340301975
-0.5573582000476004,0.27620740366221935,0.12384140165575207,-0.32880627494810805
-0.4221982570690529,0.11491914594732978,0.2614097946283032,-0.4317815661541374
-0.1825271480939541,-0.07934611746729489,0.3500258940902803,-0.4670005165367913
0.08755898224289323,-0.2831059062209142,0.35774699900918555,-0.43108142676437705
0.3010749653514761,-0.46718997218055464,0.2750702507028699,-0.3406465702842516
0.38450191350336166,-0.6052225330520639,0.11911654476651304,-0.224138034367914
0.3006816299192869,-0.6813839392553588,-0.07059730164529214,-0.11038984955161185
0.06106059830384595,-0.6943675798909874,-0.2436553623267084,-0.018581998229058167
-0.2766018848963149,-0.6559656808827798,-0.3539070152016365,0.04669536490044303
-0.6244055051563578,-0.5849218698345956,-0.3734171043407913,0.09381790976787709
-0.8894054192021608,-0.4986706187604186,-0.3006912363909045,0.13719410196323903
-1.0,-0.4065083904983908,-0.1605827580564405,0.1883224337231681
-0.9257410051732191,-0.3071918481557817,0.003910091656560407,0.24876833817227254
-0.6849110116535311,-0.19211821248172037,0.14504753853132538,0.30802445240075993
-0.33809025367494666,-0.052835289051968715,0.22439735099898472,0.34710911010528905
0.02981280751798749,0.11036347467602449,0.22295609195885005,0.3463843494449255
0.3333130586751954,0.2827313801496961,0.14435235781447187,0.2943791659625512
0.5087839880681169,0.4353182899072063,0.010715013805586432,0.19402446040414165
0.5293574529453533,0.5319963421765397,-0.146617487481897,0.06374289511938111
0.40873653857614123,0.5413183259844241,-0.29771829170719627,-0.06716285788086675
0.19386228304746864,0.4490752622852085,-0.4220702374579976,-0.1672199978733492
-0.0504464179597633,0.26670611830640406,-0.5113790966972258,-0.2124982275925673
-0.2598256708736757,0.03184187403650628,-0.5669502621345324,-0.1939382452421558
-0.3863716910499169,-0.20009570635332796,-0.5936553663880072,-0.11986688373803257
-0.4083293812917397,-0.3711017786041954,-0.5938366108685419,-0.013051576615180908
-0.33175166919464316,-0.437850255470196,-0.5643303028070076,0.09645364686984031
-0.18484993529540905,-0.38524737353358013,-0.4982169101504959,0.18010087446359863
-0.007612501962058756,-0.23153847497316388,-0.39058744102695614,0.2184010665144989
0.15989016640639328,-0.022976708815405658,-0.24554336387855402,0.20507139914085898
0.2873241835716931,0.18041597917837734,-0.08073350615152297,0.14697895703202635
0.3598742542871741,0.3234141387505918,0.07356273194406528,0.060532467655136285
0.37921141399291675,0.3724055471995967,0.18167021628008012,-0.03382570316091846
0.36016677814488635,0.32498095461413856,0.21419514828734654,-0.11711340492969774
0.3245444769660545,0.20928982136730404,0.1600274839405435,-0.17581362347715826
0.2939242517083633,0.07362202937850436,0.03379198119464345,-0.20374854239076684
0.28327105860279134,-0.030081819764064155,-0.12496151262798062,-0.20199642883228994
0.2968072012508496,-0.0631882017481328,-0.2617442821412286,-0.17749999640422776
0.327034550376906,-0.012252329308751914,-0.3237595819528491,-0.14104550790791157
0.35710857609151936,0.10779048812607363,-0.27784423005836506,-0.10501205104670124
0.3660299364559693,0.2596781438591727,-0.12336815204680898,-0.08097490644574541
0.3354212043755725,0.39659023155286527,0.10497267212046583,-0.0771515042078221
0.2561340992776607,0.47705589426159123,0.3462637626131375,-0.09589645548683376
0.13276166484108912,0.4770577203651333,0.5320158873992853,-0.13185772050745076
-0.015540184205624023,0.39571474574123294,0.6084236198921322,-0.17171341406734922
-0.1586513408750779,0.2533665546478159,0.5547025262212063,-0.19632185340529343
-0.2629823367981021,0.08349947188046934,0.3909821737702226,-0.18549918611079988
-0.3010350929459476,-0.07817066763758453,0.17262293906777512,-0.12461829171000381
-0.26027967007821595,-0.20360217178375742,-0.027536859418402098,-0.011180384079316758
-0.14845479552175767,-0.2783079934276523,-0.14323376134180102,0.14106170822597935
0.00678818495615024,-0.301993832584237,-0.13701196301324903,0.30256533177072475
0.16435908613128627,-0.2847211704125717,-0.012968653836917667,0.4339565332806762
0.28082147023123727,-0.2408015610642223,0.18449732926065773,0.49653963003429524
0.32295670426330786,-0.1830564506684748,0.38564756832410163,0.46455303008310694
0.277928530673823,-0.11945966202572963,0.5190310382236174,0.33524018632605607
0.15771511293199925,-0.05288567346350751,0.5356884385528506,0.13296145555866612
-0.003818869464477737,0.016693779270942684,0.42561202596183495,-0.09486602326960092
-0.1604903455111926,0.08912883161014452,0.22081248341301585,-0.2896528827294258
-0.2670913158585394,0.161811539343097,-0.016005370160075215,-0.39826896761030756
-0.2922308361801027,0.22925822774027474,-0.213162585487109,-0.3894205024802961
-0.22669584726930855,0.2845924407656475,-0.3145442406600446,-0.26441997580058685
-0.08483540340156852,0.32202804713942373,-0.2984593091403313,-0.05846757317794913
0.10113705035686353,0.3390070746999431,-0.18437577725649337,0.16853200754284026
0.29163979609059903,0.3368632560719033,-0.02536010965504258,0.34918460201249124
0.4512138220139276,0.3196290976620353,0.11096881379258224,0.4286667452613704
0.5571031791483687,0.29152333794450763,0.16622539069940745,0.38132588904724946
0.6023506061965349,0.2543251506340754,0.11150558513582981,0.21847665259161475
0.593067409526314,0.20595951694992373,-0.04281193448242177,-0.015179663499865305
0.5417929983321725,0.14112903201911772,-0.25088714254366495,-0.2554092219873959
0.46025418206718444,0.0539395808588591,-0.4472857405672855,-0.4381254030644762
0.35482498940537155,-0.05843959215272249,-0.5692205624855864,-0.5185681313614725
0.22659456883559373,-0.19257879400525493,-0.5774625752252023,-0.48388400518520014
0.07575601916297187,-0.3374856267324325,-0.46889135394745285,-0.3552570994486597
-0.0920488471518283,-0.47597467606509064,-0.27672090370520425,-0.17923473330825035
-0.2608672504654033,-0.5884957654267691,-0.058754726889642825,-0.011438894615597352
-0.4040703510664791,-0.6582674341208519,0.12194184239899462,0.10174201706816874
-0.48969480684330524,-0.6760349915075082,0.2171943526708862,0.13740796307577044
-0.49021178550947503,-0.642853773597704,0.20798153954341472,0.10183294386554957
-0.39328758812066095,-0.5699473600135981,0.10842344899152122,0.02607632250616646
-0.20920583865120915,-0.47565625396752975,-0.04118037576251074,-0.0465797979108852
0.028548992249091208,-0.3804203579761245,-0.1892033437414134,-0.07682071822245237
0.2707096615117898,-0.30131136583643703,-0.2899060565605718,-0.04353948654215925
0.4658031117080683,-0.24768484536332547,-0.3170646962279688,0.04858813016474498
0.5755238216897341,-0.21909134743209308,-0.26972540051340343,0.17052398445793404
0.5865306759025055,-0.20586935679745005,-0.16883330516176154,0.2785632151508813
0.51427489626055,-0.1921053452775185,-0.04675476567390748,0.3289072645832227
0.39716438186393677,-0.16010985930724997,0.06594675264716986,0.29226679907071446
0.28283343432315644,-0.09532720919000942,0.15147376592431191,0.16382923677276373
0.21123167332977805,0.009357706779485995,0.20966282528596275,-0.03441481965861091
0.20054027365547406,0.15073969271262477,0.25539232552868507,-0.25947692025004443
0.24102954489736408,0.3144026470350924,0.30997730473507945,-0.4592801894547609
0.29916768942664734,0.4761234219647949,0.3901363832110771,-0.5869115461754042
0.33058359553086336,0.6056012687123147,0.4988578951725003,-0.6129832009825038
0.2972431297450368,0.6721876876638507,0.6216498462650398,-0.5327008844496413
0.18262983952053774,0.6518202611595145,0.7296105113482951,-0.3660063904745586
-0.000578646018438526,0.5338421931718427,0.7882819441595144,-0.15125645345207522
-0.21313173379194106,0.32599495988920396,0.7692290186441353,0.0653303467815972
-0.40119676906902374,0.055843487943091207,0.6603935399252728,0.2412641378488792
-0.5134492443450339,-0.23257817119443835,0.47175026552197113,0.34725211828949776
-0.5172591118303721,-0.4870059825302303,0.234401736484692,0.3722976274682708
-0.4084601238358481,-0.658708958327375,-0.006610528719429664,0.32361751419350526
-0.21166829564016415,-0.7150255016700994,-0.203563447798853,0.2220636849907665
0.02839688587144892,-0.649135693937517,-0.31803635012383263,0.0948762663305495
0.26097908648436696,-0.4837689450017135,-0.33025231788476334,-0.03189280532022495
0.44348268577524413,-0.26693016704252664,-0.24338729722329255,-0.139139489764024
0.5509652544469288,-0.059978335599168056,-0.08203992111324819,-0.2172806226804148
0.5783158563374172,0.079137094036199,0.11430518258109792,-0.26536752588811285
0.535579538728867,0.11280937626623837,0.3007818184475065,-0.2875587254887964
0.43953345916472514,0.0356648139794478,0.4370878360148387,-0.28854694248831386
0.30578509619924465,-0.12267445162006575,0.4955931049233467,-0.2697833827532696
0.14492799697169076,-0.3054544029172283,0.4661045281622764,-0.22799364839823222
-0.03596467148741663,-0.4454779647483936,0.35675726594716073,-0.15663447995781296
-0.22798758479809997,-0.4858585984695918,0.19136935394715818,-0.04984922176744888
-0.41470580813629676,-0.39848822163251363,0.004168819661485078,0.09251651735050254
-0.5700138862513346,-0.19427258691908103,-0.16695753804969385,0.2608399396997308
-0.661967313657009,0.07843512636514952,-0.2875501856421097,0.43448541107961786
-0.6622286094165544,0.34711761359973675,-0.33297292354114466,0.5845058178647117
-0.5578801225551798,0.5362452381482318,-0.29322680367331755,0.680080583684494
-0.3606327955684903,0.5898273175051496,-0.1754180391889962,0.6970935873747542
-0.10876342430192062,0.4883228680666154,-0.003299637446855438,0.6262435138812272
0.14050459111460917,0.2545858360965563,0.1863667053910107,0.47786272942635544
0.32681872318125327,-0.05301158960547791,0.350364743649752,0.2813746030681786
0.40585159895831663,-0.35804573972074355,0.44757101306102504,0.07889255040918827
0.3650126612147784,-0.5885124937920149,0.4479272798220867,-0.08560689700096923
0.2295123802550041,-0.6972082250216203,0.33986134921678945,-0.1784653671026487
0.0556176015280464,-0.6737493441927547,0.13421594194104608,-0.18606857828139162
-0.08754858147672245,-0.5448091581495822,-0.13666888927203008,-0.11882026662000171
-0.14195509180568863,-0.3630421717433185,-0.4250031717583513,-0.007764111823446483
-0.08212470960866323,-0.1887782156927497,-0.6776914262017575,0.10536693204211972
0.07376493395966086,-0.07070550475275156,-0.8483409571760465,0.1816227690215945
0.2677436010683201,-0.03175976612427271,-0.9081921551769688,0.19742936946349018
0.4203551605432961,-0.06438127241147715,-0.85307952560236,0.15201775048167454
0.4577111367312766,-0.1359755972046431,-0.7044036982290673,0.06703192387441152
0.33823423547847126,-0.20200303707868367,-0.5036036831809638,-0.021695933857929568
0.06976776198254583,-0.22178816097279735,-0.30137354430091046,-0.0774496001044946
-0.2892621096941089,-0.17161916437366176,-0.14437429391450127,-0.07636414371687278
-0.6456436307170837,-0.05106448336530426,-0.06299754665311356,-0.016646175318060355
-0.8993814691441966,0.11892000424507444,-0.06357065675506175,0.08019083079902259
-0.974923886977345,0.3045951091991451,-0.12725443592521954,0.1767578295196394
-0.8454310880754201,0.47109858881721484,-0.21606054456830864,0.23343435088764924
-0.5421362927145791,0.5928241422252757,-0.28440644075906235,0.2234211049924075
-0.14574617683248964,0.6591063865240815,-0.29300633718017394,0.14371911829925257
0.23731093332734488,0.6738712880004265,-0.22114989711073285,0.017855054521141285
0.5061484131504915,0.650282227032822,-0.0737912654902901,-0.11095833493123895
0.5943479598984294,0.6031768836947989,0.11871468665377913,-0.19410243192268076
0.48776917528166935,0.542629245551415,0.3083168693059649,-0.19438884039219728
0.22631914214487936,0.47116515385106567,0.44235346169612316,-0.09950812093127773
-0.11000185120274902,0.38541017795191984,0.4783647991835335,0.0727800214369436
-0.42563984977969405,0.28099906701292704,0.3964199852651858,0.27972854493536436
-0.6366157422319172,0.1582127052057427,0.20540282967855453,0.4673348560373553
-0.6921343244881818,0.025555123419264882,-0.05859120340202404,0.5879993803495042
-0.5849986981779607,-0.10059241724929834,-0.3413311726695745,0.6159570461735543
-0.3490990714613917,-0.20040116244983902,-0.584427232356085,0.5551048744041526
-0.046262696591608976,-0.2574897311244567,-0.7402296259517601,0.43656525804376517
0.25246136538502206,-0.26552901292895426,-0.7834444494426475,0.30699684711370284
0.48518366817811154,-0.23176878775912324,-0.7162826596826488,0.21195336180983543
0.61242807442049,-0.17579158979566198,-0.565920398632916,0.180293776518529
0.622814037450502,-0.12360277802629811,-0.37534720234251573,0.2151493173367111
0.5313165087591849,-0.09898425200912227,-0.19060402996034426,0.2944538129089813
0.3721811424524155,-0.11516920898266955,-0.048370808337608706,0.38048603387784624
0.18934972975999514,-0.1698931449318873,0.03243495933576295,0.4345863093836738
0.026924380974820927,-0.24572625330147307,0.05282768422062565,0.43141442092099147
-0.07876383914675017,-0.3157118066035423,0.029572126405788747,0.36746198931343227
-0.10490225578778267,-0.35241672949434316,-0.013401014212508363,0.26085892779707304
-0.04573080819519389,-0.337252969628002,-0.054682497870109634,0.14291179186531386
0.08616315670582757,-0.2668124714934085,-0.08268021833660792,0.044975135541548576
0.26111704370445676,-0.1540185247274651,-0.09804147499750107,-0.014021074084348025
0.4367324915322787,-0.02374488396852544,-0.11058179877193672,-0.034430358091688436
0.5654616091464493,0.09548210281751134,-0.1321589763623784,-0.03447092806976889
0.6047258625161042,0.18071550773057568,-0.16846271149503692,-0.041186226511666126
0.527672664707289,0.22148947278242,-0.2131472972368169,-0.077495823976386
0.3317505516330923,0.22202215597264563,-0.2469372680608317,-0.15064497473867655
0.0421736317477448,0.198089984493404,-0.2425423898156804,-0.2468751997074372
-0.2916567106400523,0.16988630936830726,-0.17404350363670765,-0.33474760858572644
-0.6067525321346181,0.15361953483984941,-0.027620319207547213,-0.3761713454032373
-0.8418304783041188,0.1550279948573173,0.19026052952693243,-0.34112405508329996
-0.9531295084713634,0.16724517455910562,0.4504836227934769,-0.2204884644572768
-0.925997306146245,0.17381547686828897,0.7062421055185167,-0.03198695925731737
-0.7784892414150196,0.15573381025682292,0.9043868238573092,0.18331749400868838
-0.5555998563712078,0.09986226535625603,1.0,0.3730011455656399
-0.31573900525562004,0.005517388748434899,0.9697403738863116,0.4896195520695857
-0.11363678355508482,-0.11336906935557557,0.819648773327776,0.5056358479135572
0.0149195116959395,-0.23154415684286148,0.5846783389179755,0.4216549663956351
0.06171882637744971,-0.3202359519749019,0.31974577857781733,0.26512846861807976
0.045582090484361085,-0.3568391678260702,0.08478062406922392,0.0801755841652459
0.003203999087758371,-0.3330807292906997,-0.07179771173597578,-0.08762755349312218
-0.02518127961137732,-0.2586751361744373,-0.12617300409938118,-0.20590309169355756
-0.01024954865576277,-0.15896097327444378,-0.08481059243338801,-0.26435096190285423
0.056729524290360836,-0.0670614162923302,0.018966599915567192,-0.2749347175376766
0.16198076902548958,-0.013030062430785156,0.1363461879983536,-0.2637961196965238
0.2752443026437405,-0.013562891284462779,0.21870093954028183,-0.25842166240474324
0.3611239451877369,-0.06577818045674243,0.23261869420174539,-0.27527539480669666
0.3914632300934097,-0.14729489159324355,0.16961007877150458,-0.3127752911055147
0.3543813403422662,-0.22278908843265102,0.04758237325979694,-0.3522866669616065
0.25709692117051935,-0.2550589957549257,-0.09615375188215751,-0.36660690736246476
0.12208963451925643,-0.21710339402938336,-0.21786055523866638,-0.33246133314155907
-0.02144737513757416,-0.1013317827446338,-0.2819729025855334,-0.2419524124712757
-0.14740818839122466,0.07708511089875594,-0.27252784284513615,-0.10829681485044144
-0.24025870174629138,0.28383993291618353,-0.19776389255017915,0.03661898135059346
-0.2978441900900541,0.4749631037882453,-0.08654259637790536,0.15218685433013776
-0.32912494867918857,0.6091588210718482,0.022032796062202414,0.202960951195389
-0.3483577364583951,0.6591435195344972,0.09219267205114699,0.1713733239735063
-0.3683739387879823,0.6185272632992337,0.10364648046259317,0.06456774039268612
-0.39559699718010677,0.5022988875624025,0.05820341420260614,-0.08720873351791737
-0.42841059164524703,0.3410913215678315,-0.021337861134975412,-0.2401280473142188
-0.45895197245923836,0.17139434135003748,-0.09962016208139758,-0.3508315086925043
-0.4770367837143414,0.025080730604608047,-0.14159442584383614,-0.39005524036798594
-0.4742667512989377,-0.07836730259938483,-0.12542545158381763,-0.3511547749100304
-0.44662557286243565,-0.13467499530083324,-0.05099507775943008,-0.2508230030527583
-0.3948211075765526,-0.15223427675228854,0.05899759449611279,-0.12217755384504074
-0.322785945391942,-0.14571229450713932,0.16588245616557945,-0.003086576259814128
-0.23555525411487024,-0.1285960104238196,0.2276901116696477,0.07588780035930627
-0.13784918219889994,-0.1076663288484217,0.2135366318560905,0.0997331576138386
-0.03409347116322899,-0.08147698933325027,0.11495516511796601,0.07095036893307875
0.07035010186344354,-0.04323011675393084,-0.049678985952661354,0.00530711805349117
0.167795432668175,0.013367660007930065,-0.2392886911084802,-0.0762181268246969
0.24798500538609916,0.08792995689403148,-0.4016916216401231,-0.155672200116817
0.2997947939824066,0.16975965269249463,-0.4891047955636744,-0.22321354662425644
0.31468197918163227,0.23869061937576472,-0.47269899669866616,-0.27735202441301837
0.29059690389306925,0.2705930168072989,-0.35160080960546497,-0.32088845165246505
0.23450566553785843,0.24583799707726042,-0.15348615593831552,-0.35500222975498624
0.1619392522256559,0.15768689973942618,0.07341862221311875,-0.37470585005001283
0.0930764673318638,0.01733367089921593,0.27438406712782953,-0.3682120194900309
0.046367067562199736,-0.1466769706973079,0.40383530352673336,-0.32093357281061985
0.031962136043936835,-0.29502918029705794,0.4377375481234885,-0.2226332614819634
0.04763672182981225,-0.38844221873525603,0.37896737290762644,-0.07460402583785519
0.07917918572953186,-0.39932611450419203,0.25426388638010217,0.10658198156572363
0.10556920152251122,-0.32044715997760653,0.10410152057511456,0.2910576234870586
0.10728989641715919,-0.16764673617131187,-0.03093076906626455,0.4434288086717522
0.0746360107122993,0.024398520663876606,-0.1226585201142655,0.5339141567644421
0.012569611276074599,0.21205700993659587,-0.16272700140762095,0.5487800224681242
-0.06021981472169854,0.3550551304934709,-0.1627387896462725,0.4958660600381118
-0.11820630791294895,0.42724194769856033,-0.1475311249080058,0.40256069140429085
-0.1395683798699209,0.4224432123962342,-0.14432564112961785,0.30633185369791427
-0.11634563334862981,0.35382293937713744,-0.17178481952868532,0.24083826697155888
-0.0599399089723755,0.24745965595406955,-0.23286028487895177,0.22260661530754108
0.0008290637405848313,0.13280443393175662,-0.3138070857318303,0.24343592372661554
0.029163384280456627,0.03360875272814147,-0.38943536417370206,0.2718991685847872
-0.005727596478871088,-0.03752554816083394,-0.43241969677296166,0.26411291102277945
-0.11513089752113274,-0.07942007628678042,-0.42309827820461066,0.18046194022871248
-0.28313742464704883,-0.09799047453290048,-0.3561547772937569,0.0024876881469800926
-0.46830598497745546,-0.09971137097988518,-0.24186996174508024,-0.2563420979393985
-0.6149779909008553,-0.0860831975389725,-0.10175009407086075,-0.5504750002695692
-0.6709404214473133,-0.05178660422336734,0.0395260677481499,-0.8136790616642582
-0.6055499611351464,0.012438915437412712,0.1625600896754201,-0.9788677455985701
-0.42188832757627437,0.11327916688603935,0.25876447059137725,-1.0
-0.15831791684230687,0.2475234617943256,0.33091368023609574,-0.8685942103284171
0.12162375343339452,0.39740838934379535,0.3887297424964675,-0.618854686564276
0.34796891114077577,0.5313254060442124,0.44157857539420714,-0.31903934534461725
0.46556974294027764,0.6106421160270832,0.4915831547039263,-0.05130884912938336
0.45073954161764546,0.6009732246026827,0.5303476207572916,0.11368314035436765
0.31771371075534033,0.4842788463045265,0.5410427289789672,0.13918708218125564
0.11289090636107657,0.267449965798434,0.5053675092877739,0.03422251580408552
-0.10094048511195608,-0.016092590753980854,0.41274925135791085,-0.1492756396662854
-0.26476921587230323,-0.3130495244323193,0.2679513186464549,-0.3333807739074644
-0.3409472125645646,-0.5636083519834525,0.0935610899470912,-0.4398011523285978
-0.3223953520363956,-0.7175918444086175,-0.07440309007878648,-0.4158495682375088
-0.23085452312886953,-0.7483461733483635,-0.19690864008725803,-0.25217381520634163
-0.10564875481112011,-0.6599242074912088,-0.2450024135319115,0.013673695351702556
0.01223411918392963,-0.48524985661560693,-0.21086025808394945,0.3090741169383023
0.09452871283113397,-0.27588130582312037,-0.11242154111089661,0.5497096771186225
0.13331961139263704,-0.08670669820522005,0.010709339971221392,0.6667353546143929
0.13962156011352184,0.0395319712747927,0.10933280915222546,0.6287673382212597
0.13431763898898497,0.08310200998467379,0.1409320292912056,0.4514567692058732
0.13585301764878277,0.0504502661405728,0.08460577544285955,0.19160075771893284
0.15021423185536387,-0.030740064795144253,-0.05073981011609292,-0.07206303499278476
0.16758552618264722,-0.12236796371953754,-0.22819169983027887,-0.26478838543159594
0.16715420073897513,-0.18863111882950867,-0.39443918849954596,-0.33970168493078456
0.12802664496977023,-0.2063947153161464,-0.497490609812026,-0.2916579686625229
0.04153515182975174,-0.17016830417579884,-0.5044802685948362,-0.15660343717451122
-0.08054918276998523,-0.0907902561235354,-0.41332200103280814,0.0030259289248038084
-0.20590189285647745,0.010830451566656402,-0.2539784393268307,0.12156855863610183
-0.29046992931518784,0.11202709922855048,-0.0786990545907647,0.15385361783398088
-0.2934640803232989,0.19552634489139237,0.05552543375815062,0.09110146958832971
-0.19310939684231676,0.2531121064843267,0.10624386866811504,-0.03646002517212314
0.002860920242721632,0.2851343451672612,0.05983876519415784,-0.17105610126584836
0.25627712406354797,0.29690763810533555,-0.06415943269476589,-0.24877113774930096
0.5080776919924626,0.2941346880297243,-0.22019867174102298,-0.22330549639744973
0.6954109244462618,0.27957889638415945,-0.35266246826421693,-0.08368541449582816
0.7705727791547073,0.25235101261192894,-0.4149154530460881,0.1403420733979125
0.7153347054372574,0.20980651190032185,-0.38464389453684167,0.3871833899332845
0.5458396103926374,0.15079681480631638,-0.2701159689818684,0.5835074223912761
0.30660288243909856,0.07842003824848688,-0.10535436951862387,0.668635013473115
0.05598707648034918,0.0007102151256605941,0.06370883353304338,0.6147722781101739
-0.15159813892624885,-0.07127335422600162,0.19674380441297853,0.4361205576655845
-0.28062499895016196,-0.1272200989722,0.27357718636662265,0.18379615754441975
-0.3217251422834826,-0.16152376017793033,0.30036893786002095,-0.07155021844869495
-0.28957362138193676,-0.1755550683250991,0.3052169303798064,-0.26325643893947454
-0.21314861085266343,-0.17706315443270473,0.32503036063318036,-0.35007840924046474
-0.12277868290737795,-0.1767688509159659,0.38884360579772936,-0.3281285566543686
-0.03920011954045119,-0.18349617805670684,0.5041133463196137,-0.22937403659080782
0.031399727228142764,-0.1999313144948405,0.6514328681421804,-0.10757010868972075
0.09510004693269855,-0.22094900519264288,0.7899190807651169,-0.01698216269992276
0.1625338980702919,-0.2354300101257217,0.8714707508598891,0.008219500927837865
0.23971969338207988,-0.23101284440701425,0.8586865506507462,-0.033669215111766654
0.32183856777249764,-0.19989853434192126,0.7397568123436508,-0.11225017800954967
0.3929235811895359,-0.14323768585512608,0.5346685834586291,-0.1779258469205697
0.4317572031083904,-0.07206567401011268,0.2902176343437515,-0.1825062673906833
0.42149035568888965,-0.004082591462966971,0.06543189108692378,-0.0997898988189115
0.35875531041212905,0.042715315738835885,-0.0874539634228001,0.06169951036605649
0.25807285042130923,0.057154366025777725,-0.13969135169640487,0.25885931512936916
0.1491588798437121,0.039877411415392326,-0.09445809820100907,0.42741205768482043
0.06760290299932441,0.004020614190980781,0.015836702964229465,0.5040628469275416
0.04216961733919024,-0.02900128797078687,0.14219184219875214,0.4495810892627351
0.08353612902243743,-0.03723846169311504,0.23681475124649634,0.2644338483370859
0.1789639113438105,-0.006631761037188148,0.26952346321196946,-0.0089280964397206
0.2952959825231431,0.06313703195313414,0.23686541681648102,-0.2983871958529262
0.389556449434209,0.15775880209024676,0.1609147231260412,-0.5251601921765678
0.42350819820936114,0.2529120153319232,0.07863012110268179,-0.6297043364533158
0.3769325116342098,0.3227879339984016,0.026163916596617764,-0.5915964564328015
0.2547661312095688,0.3493657944925089,0.024293314894956338,-0.4364415826142493
0.08544878873171735,0.3289059136812959,0.07055330891725695,-0.2273163803067376
-0.08893090575211852,0.2731337394092283,0.14094479476791283,-0.043598732450098494
-0.2270734187649714,0.2046060678093372,0.2003323894636039,0.04560659873216068
-0.30219514012763377,0.14800751673706924,0.21728258352701663,0.004400074371909583
-0.3100588469837363,0.12073452452810983,0.1774080736301204,-0.15834623499353692
-0.26849793926732046,0.12643774310766123,0.0899089025039976,-0.3925166307172637
-0.20883773575587755,0.15406485228136246,-0.015322741009326665,-0.6238667739077548
-0.16265056799830166,0.1827969279815626,-0.09898131964007847,-0.7785985613203551
-0.1489923964558918,0.19093705961712645,-0.12768425620422114,-0.8068799322838347
-0.16702138355537374,0.1652124998479284,-0.08743569460197703,-0.6974363895828019
-0.1968010032852965,0.10673699386130704,0.010034799847598292,-0.47871601220485427
-0.207946066805117,0.031155873477056617,0.13061498379302455,-0.20697004816671632
-0.17277063019632433,-0.03721886275710184,0.22970896214846812,0.05386973563039911
-0.07886830588738297,-0.07507282829509454,0.26830585115684247,0.2530148819552332
0.06376244459238342,-0.06977143643653565,0.22723036674486594,0.36702310139235905
0.2239232499890582,-0.025177214369024262,0.11425109021272889,0.4028789900541981
0.3585443182624961,0.03884709691838243,-0.038607874919562996,0.3897903878721103
0.4269258308364052,0.09327097598154295,-0.18654633150296082,0.36374122233412265
0.4048586853648956,0.11060316099138218,-0.2879876862060626,0.35134669280607217
0.2936014037126531,0.07545007625528079,-0.31918220990248974,0.35947276915214166
0.12050460984139644,-0.009115964254988347,-0.2820742084771289,0.37451151019211915
-0.06899049688864997,-0.12187090319724961,-0.20265386678762742,0.37118861524359825
-0.22526963068156894,-0.2304012973202433,-0.12057555623782036,0.3268960052925536
-0.30969560456067907,-0.3021559038761648,-0.07404014736328553,0.23529742077638854
-0.30600840237527244,-0.31548654300443224,-0.08561277006603817,0.11321499263267294
-0.22440957255764232,-0.26662056167851655,-0.15418101003850662,-0.0025328696512193446
-0.09733263986460355,-0.1701109439806773,-0.2558670517192428,-0.06763684971313381
0.031326687553483716,-0.052839096413360334,-0.3533244507535499,-0.047596586902590936
0.11973579341890186,0.05590012571623779,-0.409762568065519,0.06688209970043896
0.14001159253243273,0.1342880429410968,-0.40239641388726655,0.25267532449446706
0.08497131354659031,0.17407880434924028,-0.3303948295569124,0.45862359764847466
-0.03177523199688481,0.18080958142228307,-0.21459928388958932,0.6206297326446576
-0.18163793883521318,0.16850981625188557,-0.08943112380106083,0.6824918849100601
-0.3302411583751607,0.1515598179422689,0.009713437317925365,0.6151346670086537
-0.4467723762664996,0.13746697615595838,0.05873940649004415,0.42721755082369706
-0.5107281082529155,0.12383393000395268,0.05229264644025649,0.1630313850481209
-0.5146290484649463,0.10088543328845075,0.0038726943890206606,-0.11189342914837277
-0.4628655643332087,0.05838960796391607,-0.060996902856314456,-0.3325871489692227
-0.36806471770586396,-0.006277373459597746,-0.11554987468355163,-0.4562092110471502
-0.24683795930417235,-0.08290555944917181,-0.14216629723315116,-0.4757177963542896
-0.11642124036143335,-0.14905054718332475,-0.1383971486779976,-0.4207250602358097
0.007162564833404699,-0.17705791760191603,-0.11653891776891008,-0.34518455506788276
0.1097381883544905,-0.1452727652792189,-0.09728724197582118,-0.30629279145231036
0.17930354770506454,-0.049073771302687974,-0.10029687636692049,-0.3421850327137818
0.2069105232536385,0.09308844244121617,-0.13557148359078722,-0.4565027722371219
0.18839628305191,0.2419533335466315,-0.19911337017383038,-0.6155135359023804
0.1264700959150743,0.34829737872957167,-0.27442909762781065,-0.7590200912873052
0.03206627373490971,0.3692327603111008,-0.3390816585042396,-0.8213878931597793
-0.07619582500155979,0.28434360157670663,-0.3734775343894677,-0.7553932893177095
-0.1750576485629848,0.10554684010267354,-0.3682653955438415,-0.5505356697710033
-0.24181500854039095,-0.12361914959127934,-0.3273962470696231,-0.2393318022808962
-0.26030266069398894,-0.33998895956071745,-0.2657457532249093,0.11075335144275157
-0.22572692322488497,-0.4806545276167831,-0.20245502617175581,0.4171523996477956
-0.14652592811666335,-0.5042370022257523,-0.15288389105453237,0.6072286498738502
-0.04229189839305538,-0.406137134558612,-0.12259097354542038,0.6402113300850394
0.06189537802951575,-0.22209013900456148,-0.10585953398328982,0.5189041825365425
0.14307182562702375,-0.01820517001103268,-0.08935447056221973,0.2875897289301698
0.1874803072555696,0.12967477767503732,-0.05932157845594825,0.017218226749261937
0.19473689254979912,0.1606480105208305,-0.009218190379963373,-0.21687752102245694
0.17755710603916686,0.049239602496139415,0.055576760864358546,-0.35726430919286223
0.15699989908342657,-0.18527320151368262,0.11817532358262169,-0.3795808657398412
0.1547305022167922,-0.48397751561979774,0.15583104528136954,-0.2962332754820119
0.18487557722562697,-0.7663138167975649,0.14875721827047392,-0.1483082101354928
0.24826036219660322,-0.9550429998039895,0.08864615697264415,0.010675466501095167
0.3310874822168351,-1.0,-0.01660322527571594,0.13310740549990954
0.40867693883824024,-0.8929515064316196,-0.1440586484486874,0.1914369605285203
0.4532157382954614,-0.6689744120914826,-0.262669043083358,0.18381461235139904
0.44311934431495836,-0.3943413948977474,-0.34349382998135547,0.13021807473272518
0.3710283655573084,-0.14533164832496845,-0.3694548242553808,0.06147425733765085
0.24783659542015088,0.014837600387860741,-0.3409127200435574,0.005892176290670571
0.101342065714883,0.05352757594843668,-0.2749136894109543,-0.021334853215368932
-0.030257932639722478,-0.02451660802275694,-0.19836343102505913,-0.022255052380776217
-0.10825798159282143,-0.1823608462941297,-0.1377343066736504,-0.01281639661711809
-0.10395354059215703,-0.3653247164016405,-0.10927498322234938,-0.013956299838207207
-0.006832912646585266,-0.519114159405646,-0.11352213576849371,-0.04103075784632529
0.1718009871273823,-0.6054063285892067,-0.13625319722491994,-0.09592095785345715
0.4007377624456854,-0.61017097889183,-0.1554946016531275,-0.16492744721391658
0.635746247230722,-0.5430220415470304,-0.15178614920719655,-0.22321065289884043
0.829602110374741,-0.4291901621278983,-0.11754730341067092,-0.24398623137201372
0.9426846234670209,-0.2980786883120566,-0.06164806167527363,-0.20889284632540692
0.9515506113101608,-0.17303307954231642,-0.007091334101046123,-0.11555831269975676
0.8535363910632792,-0.06583307213127103,0.0176014658933862,0.02050280216717491
0.6665240843597933,0.02289705307496158,-0.009832225429394027,0.17037711826109833
0.42422409055240495,0.09867104489618388,-0.09499742805531577,0.3009742422910794
0.16835700391779826,0.16652983430789445,-0.2220576690587643,0.3856208645721102
-0.06026938137101228,0.22614526680855182,-0.3568467827374551,0.41222375931306915
-0.22970752214964457,0.270829847373215,-0.457247697103338,0.3861529205438247
-0.3221751146930646,0.2906813675960599,-0.4874198429670767,0.3269641128535978
-0.33581840765887744,0.2781571811676756,-0.43084347399588335,0.26032239465142165
-0.28294265849582895,0.23328311335049945,-0.29735183203554133,0.2081874545090158
-0.1855384809544677,0.16588530497018084,-0.12131712406404997,0.18087896028478798
-0.0694744745327521,0.09357170145112845,0.04874570862675041,0.17388266664930466
0.041120987754020955,0.036085540627492106,0.16580244161277793,0.17048728867769453
0.12801178600587662,0.008287754035554594,0.19983815837666805,0.1492120461775058
0.18081504123346032,0.014702070077682096,0.1479058767558454,0.09325911276895131
0.19673578479579756,0.04798601360734823,0.03511351077386451,-0.0014949105619427871
0.178665501360146,0.09210442532525209,-0.09389632181534227,-0.12293597068932965
0.1326172951854526,0.12903318331377153,-0.190104165190645,-0.2449929165784987
0.0655062459433273,0.14631574773119002,-0.21671347801556137,-0.33514575542857333
-0.016022637435741022,0.14236363644636205,-0.16148594658256102,-0.36474253415292407
-0.1055489193712564,0.12723083255802894,-0.04059163081644779,-0.3187348780955155
-0.19600928890901223,0.11838414508114627,0.10729374315375843,-0.2016111441096082
-0.2787933255741739,0.13303005391232456,0.234536633396967,-0.037530256544459774
-0.34364832978021076,0.1800276643355307,0.3010186383157074,0.1354914751572751
-0.37993189156176516,0.25471565963302784,0.28786878432370383,0.27563086210485643
-0.37917254294162217,0.33896126625620987,0.20381555309484,0.34856208557954343
-0.338256102423064,0.4067698421668823,0.08212576660612361,0.3367159484508901
-0.2620970133771193,0.433619875500105,-0.030652544988663846,0.24388980566049778
-0.16458204261771622,0.4061459540617811,-0.09017418176580476,0.09403973870715199
-0.06696416317021744,0.32848782096538054,-0.06872333933721,-0.07521487423748398
0.006351668188934529,0.22270078921506392,0.03616926246853364,-0.2224050632645194
0.03378731898238242,0.12270671793905809,0.20153687271733609,-0.3125942483207346
0.0027601763175409823,0.0636015739036707,0.3868944166989712,-0.3256213078065693
-0.08581744480925056,0.06987296027635664,0.5472474988230401,-0.2602693924901995
-0.21626272725708215,0.14658257816517475,0.6466452507310073,-0.1336315438816918
-0.36078255580942714,0.2766450502010148,0.6678357252800298,0.02379483537854305
-0.4856400789012512,0.42530727362328713,0.6152034356995717,0.17577723802917486
-0.5593132281503383,0.5505108726059074,0.5106537304124588,0.28879089107308775
-0.5604570956544591,0.6158424419016122,0.384534812315854,0.33929308860666485
-0.48345348627402085,0.6019111138621235,0.2652021007647387,0.31835895951441606
-0.33997726937310085,0.5125126417513266,0.17095116633986018,0.23291716508065688
-0.1561409284250283,0.37363913048646574,0.10682326784909872,0.10357488649725968
0.0339532778647901,0.22568196012799183,0.06675598539806431,-0.040331696442238156
0.1964145776727348,0.11129124383306734,0.039512186731966194,-0.1673612665915677
0.30523836337623306,0.06263076582121017,0.015534684328255464,-0.2509092205283324
0.3474259455297579,0.091842552007535,-0.008218629297441422,-0.2750639703121769
0.3243660649564288,0.18745262994091877,-0.02733579218339592,-0.23813847079807005
0.24944806701873773,0.31760924109801975,-0.033028502309665614,-0.15302082931099148
0.14296600548161612,0.43904695901765506,-0.017623708520624958,-0.04408084847401709
0.026064138327106655,0.5091097219829238,0.020140467803145976,0.05888555233010557
-0.08442202872607302,0.49745217724303,0.0725273004821116,0.1284246593421188
-0.17884908401073993,0.3942964083575818,0.1242890702677947,0.14706110505364264
-0.25485140558556607,0.21319061345768373,0.15786743503044004,0.11274535860977339
-0.3150464331748654,-0.012260744871684853,0.16032831615225832,0.04038283356888982
-0.36349202583366785,-0.23667941077872842,0.12920348688713182,-0.04140174406726866
-0.40231166002120666,-0.41400210092705353,0.0746861280609634,-0.09783453429398842
-0.42970301361869306,-0.5085808718436933,0.016949872228391796,-0.0981287175676158
-0.4399697486816881,-0.5035961782866923,-0.020757824626666914,-0.025434372795109125
-0.4254822858211153,-0.4047947187456121,-0.0208740629097977,0.11640790635478927
-0.3798268085560085,-0.23870768015430424,0.021131826208435383,0.30166590316903263
-0.301035757768791,-0.04582790741576255,0.09376055469844005,0.4879520624014039
-0.19379378753350063,0.12955560649465628,0.17231072904654612,0.6268747208939746
-0.0698467258008201,0.25032189424662854,0.22690780029639057,0.6773133657007555
0.053619462532941926,0.29547964390538917,0.2331320747008555,0.6174897366571432
0.15728619386438467,0.26476190339012246,0.18152764196281337,0.4521076172571278
0.22389519643550032,0.1775707310751708,0.08246509846091567,0.21213582980795195
0.24229088565017182,0.06648859423234849,-0.03568925257798427,-0.05302515451476931
0.2102999160238859,-0.03288377282213085,-0.1348635106911188,-0.28887648280733996
0.13569297416532047,-0.0928601467388958,-0.17950253830198123,-0.45072311499590856
0.034898298980201484,-0.10210847091081077,-0.14870727142982204,-0.5155937566172587
-0.07035983760496305,-0.0689425836006709,-0.04414186503783673,-0.4874670887563279
-0.1578362601996629,-0.018288841673782336,0.10913694614704209,-0.394177055399347
-0.20991387762111008,0.016900451032137904,0.2694543474996312,-0.27704871208037835
-0.21790528615173269,0.007190372030206859,0.39087047776046274,-0.1767073634096752
-0.1843680657575372,-0.06252075673795476,0.4371795072992092,-0.11978817699967252
-0.12266725340438263,-0.18653167205022278,0.39302170972299694,-0.11098269186042342
-0.05364309127269698,-0.3385590498772978,0.26849758540006613,-0.13305292815113395
-2.7591437048637145e-06,-0.4788677687504905,0.09581047776843565,-0.1547112377606639
0.020234609924630758,-0.5662296633240483,-0.08090853212459775,-0.14353262726972255
-0.0005330254515162918,-0.5709358505340378,-0.21921429200320688,-0.07928824975393656
-0.0563519776211546,-0.4846105331367019,-0.29094711376371657,0.037095202246446954
-0.12838942290935554,-0.3235280302678925,-0.2897937998690329,0.18224215966548182
-0.18965560365207518,-0.1242390527388575,-0.23154897229603674,0.31730435997511325
-0.21279325319756207,0.06713096195871761,-0.14729312071608905,0.4008697389618971
-0.17888622449704752,0.20842054060109216,-0.07204201362816885,0.4033164849268999
-0.08467359174357311,0.27337063629446473,-0.03283197251133016,0.31754208826813884
0.05425398118771478,0.25810922461253705,-0.04023369542503214,0.16221347608483294
0.20571609147983982,0.18024795806746974,-0.08596557677359924,-0.023711320898336094
0.3285513377714149,0.07123450620220445,-0.14710020329617482,-0.19336289721575461
0.38378014683274336,-0.03508263644818657,-0.19509890803774452,-0.3069640827207367
0.34624957562175346,-0.11350376704697031,-0.20634630117909922,-0.3442418032684049
0.21326448438505236,-0.1542828479080714,-0.17050002644579174,-0.30995502006422393
0.00735563055111655,-0.16354235128494102,-0.09389480211416264,-0.23070989410034873
-0.2280695291330826,-0.15761644110679077,0.00292926921021103,-0.14435295507137974
-0.43934609869342073,-0.15392443688459095,0.09244050403505463,-0.08588005757371214
-0.5766276654530459,-0.16221937577853068,0.14936913405273555,-0.07500957166773248
-0.6074136665366137,-0.17979385103272502,0.1587465720826753,-0.10989899234413537
-0.5255282615698477,-0.19256763990830533,0.12008352521802265,-0.16917880302440536
-0.3528060315663743,-0.18157611966533246,0.0465315675055,-0.22138261669120501
-0.13289164798271227,-0.13216402907262467,-0.04032455548782337,-0.23810940573056671
0.08105104726655486,-0.04203638866172023,-0.11793721593187886,-0.20587730632578172
0.24105918036046103,0.07530831490583434,-0.16980273790611872,-0.13213147748623888
0.3171234118546515,0.1934652390311044,-0.18966711243197615,-0.04306724841989638
0.30422184250864864,0.28153835052738424,-0.18178341337677942,0.02599069428296852
0.22171234034186166,0.3150445390621736,-0.1575813113797695,0.044098064969818294
0.10558131893788773,0.285158945553309,-0.1303618522695577,-0.0029631691283988027
-0.0037279932374471533,0.2026449220194939,-0.11018565780803677,-0.10617362382457526
-0.07388076675472306,0.09474812138043155,-0.10082391698632286,-0.23514537764518448
-0.08961648930480431,-0.0040068896517243165,-0.09966334297584074,-0.347835102811737
-0.055463144286384373,-0.06381605487965487,-0.100220319309679,-0.404674210753733
0.008276642846350001,-0.06994691149590812,-0.09592126123672369,-0.3820618038756576
0.07447888782143311,-0.02754269050410751,-0.0834208119644878,-0.28040505333265486
0.11971608857161009,0.04096263665330892,-0.06407137612210666,-0.12389901125233602
0.132581698843241,0.10486034733117335,-0.04304705364716402,0.047743972936142826
0.11698699564360004,0.13718225687148555,-0.026671229486742738,0.19250720935764282
0.08947752771027175,0.12509913532074007,-0.0192607814855198,0.2794158694837646
0.07178001139998243,0.07467134943791938,-0.02097180980653457,0.2973185259225879
0.08147342308563835,0.008078532577417008,-0.02765445336870894,0.2562544446831213
0.12429708016328984,-0.04562576859075134,-0.032810647299164296,0.1814104011949339
0.19096280182798173,-0.06262961847592573,-0.03079135774763229,0.10242504817366678
0.2596750881697496,-0.03454820567975266,-0.019779091951430447,0.0424040887182851
0.30348588471603144,0.027458924808210793,-0.0031360992526464674,0.010873830288707443
0.2998613561117827,0.09647555247738834,0.011641469000117454,0.0031160045712907577
0.23903526528038915,0.1402757265224933,0.0161000517928215,0.005628768936545832
0.1281439247647743,0.13450311179565774,0.004906574682287844,0.004936564834755769
-0.01037702668765164,0.0734301717690695,-0.02089994901595655,-0.004361709393245545
-0.14563622385415953,-0.02610834717301998,-0.053009789648662896,-0.016024088162426495
-0.24803778488698955,-0.12952499803925074,-0.07796849633565804,-0.014830965093497692
-0.298598005646444,-0.19662886522296677,-0.08180361309526667,0.015503552858469754
-0.2946476900062355,-0.1968100305339921,-0.055556956272985854,0.08256408705196089
-0.2500058618602468,-0.1215983616211263,0.00038327344081627075,0.17805418260632702
-0.18962698363957295,0.010311638139159548,0.07497162834446708,0.276867455338487
-0.14061861913005527,0.1578393771406156,0.14902346745612008,0.343696367162851
-0.12274579871454444,0.2707877995225418,0.20097939383005187,0.3453848199587923
-0.14167354307307092,0.3070885174834954,0.2140778802404901,0.2646573392562702
-0.18722297771486773,0.2478909414866881,0.1824568476775456,0.10985380185506029
-0.23718387942753774,0.10497446145538862,0.11394433440366958,-0.08364446813846602
-0.2653416519253813,-0.0823802104255683,0.02836399658141974,-0.2617869862888536
-0.25097925453384445,-0.26016570640961323,-0.048288291878792106,-0.36791507345588026
-0.18666008459895553,-0.37768138821854347,-0.09198547746890244,-0.3613622868219063
-0.08170968285090292,-0.40449890681328876,-0.08846068184535257,-0.23214446226347668
0.03974478972429954,-0.34037423074842094,-0.03803912649347252,-0.006297717297375265
0.14555021472728233,-0.21463348083910305,0.04413783447980533,0.26053317173877893
0.20498233243461436,-0.07533645075610627,0.1326118603652052,0.49961168048486093
0.197965197850378,0.02781590600392826,0.19937392013451427,0.6504842596735347
0.12130009380106867,0.060654369499501856,0.22237555604257941,0.6801141635706349
-0.009860393502290643,0.015667785923293123,0.1920611525838011,0.5932808224409468
-0.16559677028949404,-0.08676421467248688,0.1139107095730142,0.43064145177246144
-0.3087175665941085,-0.2072168584060262,0.006342851627682994,0.25503198671972344
-0.40400579544744375,-0.3026398744448161,-0.10514930155712382,0.13059039544250972
-0.4267390909069943,-0.3424907184424384,-0.19559334794857663,0.10170967115897175
-0.36839286962797846,-0.31955830159899057,-0.24739905026237935,0.17882664551887223
-0.23833207128732622,-0.25152883147386834,-0.2544301911566722,0.33564641699453346
-0.0613868333333726,-0.1728714019396203,-0.22228665814758936,0.5184603140989384
0.12782618332527473,-0.12027733368879458,-0.16509710226835528,0.6641357784978412
0.2923539413178668,-0.11731033902001939,-0.10020992796189201,0.7205579842820945
0.4004500982215129,-0.1642146813224258,-0.04269547090883028,0.6627186997414358
0.4317125824940117,-0.23688234010279655,-0.0014096122534308273,0.4994052131508174
0.38074645233964527,-0.29552654473323714,0.022356557493147817,0.268840213028586
0.2578217498349953,-0.29993558938490905,0.033596387884878856,0.02541016942572251
0.0865394945659876,-0.2256549866285947,0.040500974383685155,-0.17754119853339845
-0.10099127906811906,-0.07500819330316005,0.0508632247592088,-0.3029250991237147
-0.27055546082181875,0.1213165843517937,0.06923569721583846,-0.3383517312078154
-0.39260876289881597,0.3129788635919126,0.09564862173603687,-0.29575498298848
-0.44809601766616214,0.4461150374543006,0.12604008178300358,-0.20336552296181007
-0.43207782084954444,0.4812836144664144,0.153961417258071,-0.0937322481164195
-0.35430879000477133,0.4069267807581955,0.17279494656171507,0.00752084892020875
-0.2365445418345187,0.24361563163272854,0.17772346406329606,0.08831066427643765
-0.10713428719664116,0.03760146449550142,0.1669496382036485,0.15033557880885612
0.005815091383009903,-0.15404687729174335,0.14202023042712864,0.20378040584948043
0.08096962308469421,-0.28153360257600824,0.10740101371539687,0.2593518063168649
0.10827441195514846,-0.31744259455577845,0.06957589682459743,0.3212518669035399
0.09024678280822784,-0.26383664309973753,0.035910259529137754,0.3839708243685707
0.039794620313261184,-0.1492590798357532,0.013408510717334765,0.43397793270922436
-0.024651946366366376,-0.01713681486279199,0.007420620431650624,0.4552954110507593
-0.08507908434113198,0.08997157981224854,0.020384262141918623,0.4364008614994427
-0.1289706457678495,0.14457515162012594,0.05081936114520157,0.37549445989310437
-0.15194279797503202,0.14200822233675933,0.0929316506235144,0.28198291544378135
-0.157232994993539,0.09939573277652008,0.13720845440103502,0.17367408045756966
-0.1524843749426837,0.046757854210548074,0.17221468279069133,0.07093651885792548
-0.14524540652449303,0.013994959365069847,0.18742363742196533,-0.009761528451350369
-0.13905415197294335,0.018823989541914297,0.17645976718913292,-0.06040050820561603
-0.1317141991674449,0.06015305942150178,0.13977850285541457,-0.08243210063227902
-0.11647731920909836,0.11916353976482799,0.0857495351172872,-0.08419572842101886
-0.08565447641873031,0.16739039502120012,0.029442578551923036,-0.07613461622324999
-0.03514069149657637,0.1784786708681442,-0.010912517902629456,-0.06604026414560428
0.032122897905264056,0.13900461076176426,-0.019009225858618955,-0.05639541417381939
0.10540495617569837,0.054224189130167424,0.014347293779790675,-0.04484432968511825
0.16879742388026775,-0.05337616640511059,0.087616877689,-0.027362485322534786
0.206484595937301,-0.1520930128890505,0.1878016814260688,-0.0024584063117721964
0.20881449790732257,-0.21249163112413716,0.29311992218159055,0.025749205698389413
0.17682685180331048,-0.21802382916627203,0.3784835265325184,0.047264790181577906
0.12329367807361909,-0.17083587525681684,0.4222218073378404,0.049209894345745096
0.06952217747993572,-0.0906837128716152,0.41200419068882627,0.02104891491898462
0.03873799820834833,-0.007468111928211678,0.3481029211135029,-0.04007585491365699
0.0482252510056439,0.04974656456186287,0.24296599667980676,-0.12625379572371007
0.10301325725520129,0.0631269011600168,0.11727122891608269,-0.21955748610285833
0.1934942037298533,0.032081772872128926,-0.0062096914618238,-0.29676929294684995
0.298033217824535,-0.02720270992184947,-0.1089025732203351,-0.3366211160982288
0.38984998543510124,-0.08836126797828651,-0.18084374408406864,-0.3270019673022964
0.44586035607762387,-0.12498652453394313,-0.22188967597783962,-0.26946540222516896
0.4543721706042527,-0.12047446952935867,-0.239559526605114,-0.17928006232918828
0.41885784336949716,-0.07395727365563642,-0.24453972001054353,-0.08087581681939249
0.35639077578753153,-0.00024403504589506393,-0.2456715752975275,-0.00023030836829569443
0.2912542827648223,0.07604076551676142,-0.24635022014346392,0.04313632294535865
0.24600794114900332,0.12979307061525294,-0.24365578167621152,0.04177011606704577
0.23326099600968062,0.1446918515981237,-0.23045083305325126,0.001631766620040229
0.2511786492936991,0.11896744012345095,-0.1995221322738294,-0.06107150567216332
0.2843960801791516,0.06564378741346194,-0.14805269424547596,-0.1261631432168712
0.3100230601746559,0.0073260851553523364,-0.08057541681790299,-0.1763965581075863
0.30652481187161496,-0.0323768131819264,-0.009127105717167187,-0.20240018344104707
0.26217432800642404,-0.037519296445423324,0.049625380507957915,-0.2040042108250398
0.17990647444136648,-0.005362283650058971,0.07937271161837148,-0.18781607919370102
0.07672752002619689,0.053165095694096116,0.06954270580689924,-0.16243871149294373
-0.022140438332182336,0.11809528238781682,0.019172577075651755,-0.13363426492072114
-0.0922283617396878,0.1682555168400044,-0.062115354196046704,-0.10166633927256714
-0.11857497461400789,0.1892742524314719,-0.15642073463655212,-0.062041508409100034
-0.10100915289977569,0.17874970694395168,-0.24241633439511376,-0.009335129189796723
-0.053997012534846525,0.14671318122869575,-0.3011622311559789,0.057639582598029905
-0.0011279123012392122,0.11133296118324548,-0.32103107533739017,0.13178016787006355
0.033675274630872394,0.09159419647527212,-0.3002645868321048,0.19691731842626642
0.034913405948997105,0.09978868267604063,-0.2465338147287407,0.23122734538772982
0.0009588997996471986,0.13666198664728668,-0.17388241768698848,0.21404583426172402
-0.055807507614491256,0.19101330910398193,-0.09823251958237492,0.13379294486077892
-0.11413865203100619,0.24384161320974154,-0.032965536949189196,-0.005965326623219555
-0.1522935684652094,0.2754278736517381,0.01411621473810925,-0.1848576952984606
-0.15636946659322234,0.2726718146540691,0.04175797417867755,-0.36954372967039906
-0.12536268876403067,0.23394713998185335,0.05422291466697144,-0.5221983423308303
-0.07102169834078431,0.16970101035328763,0.058952316608959235,-0.6110721911798527
-0.0126053034700944,0.09862406065547397,0.06387420254157185,-0.6196956446131962
0.03132586001373085,0.04085168597456712,0.07520250506801206,-0.5516394198497779
0.05076267884559537,0.010722453597295659,0.09618028345570805,-0.4291953453955497
0.048526556339558165,0.011736470825494331,0.12676849401879658,-0.2863882486897822
0.039132568590812995,0.03550477562391648,0.16396978519336183,-0.1586453166828678
0.04253101781331909,0.06499603060994634,0.20241484296390078,-0.07254920303119898
0.07509548275735407,0.08082766305631163,0.23500273267495833,-0.038998837820720805
0.14142612131116838,0.06828507247472258,0.25363995953351226,-0.051846544637493455
0.23037395854361178,0.022556362160729235,0.2502899673521258,-0.09213521741823884
0.31718958887959203,-0.04961534423795354,0.2185008717855304,-0.13612946327721626
0.3713975248704681,-0.13232460535016038,0.15531641220477582,-0.16410605225803251
0.3677536881248847,-0.2059537108641458,0.06311272067654866,-0.16676123476140178
0.29631552267735556,-0.2536557139453725,-0.04936271798333363,-0.14711134620422983
0.16777380430315986,-0.26657981189199503,-0.1674627716254342,-0.11750750309425625
0.01176273336284491,-0.2461137302465989,-0.2729740673324091,-0.09320172957918982
-0.13166034985618658,-0.2025698582622206,-0.3480334430976532,-0.08512793804954834
-0.22468138632539217,-0.15103316939987918,-0.37967485192107875,-0.09476572672988703
-0.24426014000421853,-0.10604277421412406,-0.3636181269336285,-0.11308920307662562
-0.19014159610069112,-0.07706677440128298,-0.3059372903990164,-0.12400898349740437
-0.0854262148408503,-0.06628607447821078,-0.22179762459577462,-0.11099251018448493
0.030696960749206418,-0.06923549848483124,-0.13138369076756,-0.06432956923424943
0.11574390097400968,-0.077751599028283,-0.0541405994438878,0.01376514820567232
0.13801188375456014,-0.08386495264088802,-0.0031429652935356317,0.10826250499469635
0.08721477240837987,-0.08303795213295237,0.018502233924049725,0.19518407849863464
-0.021904922681946465,-0.07554094147347652,0.01790866758793867,0.24905116397569937
-0.15420797019285667,-0.06559125479999915,0.009125187809287871,0.25143957054761834
-0.2654954766134987,-0.05880383076702977,0.0073759979278602275,0.19771684568357975
-0.3168016326142035,-0.059153149543350964,0.022834870923945295,0.09960283925119562
-0.28697087540168836,-0.06678263692292968,0.05620432603831563,-0.01743558215294265
-0.179495680410783,-0.0775897537682649,0.0978165586429303,-0.12124433517416774
-0.021546010452460823,-0.08474786192855369,0.13076326581639525,-0.18232902901775705
0.14431201862414994,-0.08151886012285438,0.13710764512155066,-0.1825869003491285
0.2729061216564074,-0.06418691335522911,0.10505390868549265,-0.12073098486065739
0.3296572408446308,-0.03390381308013977,0.03448884843959953,-0.0127721132243071
0.3001698292932846,0.003316760509760703,-0.06123681519905384,0.11253439431167292
0.19354386543664553,0.03847572862956123,-0.15818047887387338,0.22185022215580846
0.038835705257519976,0.0626184698845786,-0.22861794673166014,0.2865685503248848
-0.12379209722949525,0.06986163363590578,-0.24966137734581567,0.2905800774565108
-0.2542393674313874,0.05928580911747519,-0.2108398231279987,0.23435358306287107
-0.32257213340464214,0.03503043659770671,-0.1180538240396959,0.1343480164392795
-0.31536577397265525,0.004639736267075855,0.007526047932329528,0.018134384186657877
-0.23701877228989035,-0.023624112435275915,0.1353750373245673,-0.08323708213409668
-0.10639450608065082,-0.043426390993103484,0.23449129015132333,-0.14344858837806043
0.0495660936392571,-0.05197513399400257,0.28238673078061005,-0.14753636998323633
0.20303043874053794,-0.050097820267840876,0.2713110014472338,-0.09533844482005213
0.3312152968014704,-0.04093773402870705,0.20976511298562855,-0.001124399957753324
0.4198114428719284,-0.0280000547814348,0.11894270158051949,0.11023482950916412
0.46362403159451565,-0.013515761009696762,0.025415194431084455,0.2094015726083746
0.4650264801776097,0.0021023585414634335,-0.04742085855671388,0.2694323461350581
0.43129883678426867,0.019479264876405885,-0.08629089953457461,0.271784501659391
0.371931926218758,0.03859826833652854,-0.0911829909032556,0.21023701979843512
0.29663147994747935,0.057134801786988314,-0.07384674409542388,0.09205568507203883
0.21426165516407064,0.06980762180210975,-0.052417166232446175,-0.06364876812221236
0.13254101877109048,0.06938420369824706,-0.044212889103523466,-0.2298764760441781
0.058086692172301564,0.049276298359711146,-0.05929316348248397,-0.37712684867504653
-0.003578770311900738,0.006901684534017949,-0.09698689163394862,-0.4791397967828314
-0.048259675392796984,-0.05351352958793724,-0.14648870770922598,-0.5179009377634936
-0.07353208141373765,-0.12002659464506335,-0.19116214748062937,-0.48698373929681443
-0.07920929628022828,-0.17476122987944664,-0.21490998265770783,-0.3926078726745735
-0.06758824801065823,-0.19825600068456098,-0.20829997559743316,-0.25220874259277115
-0.0432987597653415,-0.17526397337403915,-0.17227945524400987,-0.09078668401076283
-0.01269878407872716,-0.10020761752698677,-0.11819607788954396,0.06423856875471548
0.017118648801683792,0.01960337470480108,-0.06413831095100052,0.18859500662580164
0.03955261158626916,0.16431387403695707,-0.028864253379922034,0.2659301961372492
0.0497524499147845,0.30566957545309564,-0.025380570435762726,0.2906972484697426
0.04568033369805318,0.41397629396628466,-0.05631658266495883,0.2684683694671579
0.02874302029472832,0.46590699465118224,-0.11261141723180466,0.21360214122235519
0.00377349100360336,0.45082478186826896,-0.17592904517542055,0.14486999541525628
-0.021788072798720762,0.37367575644384543,-0.22401600994334622,0.08020941716939382
-0.03951529037126474,0.2535333157805577,-0.2373104051344068,0.032042317278787216
-0.0421926923769757,0.11821460070379745,-0.2047723688009108,0.004470235043063026
-0.026109794593228035,-0.003398358446937777,-0.12721244083692648,-0.006861745557031613
0.007210105566518967,-0.08901263454032257,-0.017212252737039392,-0.01222505443113982
0.05051448036247972,-0.12829019343721834,0.10422149498719135,-0.02340956621486528
0.09198938852405689,-0.12443393317030751,0.21318767730548221,-0.04889417289980414
0.11805787640405399,-0.09172385094512767,0.2889633354513154,-0.09019661601034165
0.1172111117088937,-0.049997082815418724,0.31893202041546487,-0.14068490799277894
0.08380268554771489,-0.01796280572374022,0.3011241185370318,-0.18736625747660318
0.020560297685297595,-0.007499148441117677,0.2438810828346108,-0.21518893109692172
-0.06118805630319554,-0.02064070933918196,0.1629771424018806,-0.21250933290709287
-0.14393477827757412,-0.0500076849607531,0.07717977322072185,-0.17589189437255137
-0.20856164547075337,-0.0822869489331647,0.00354149609506249,-0.11251189006396439
-0.2397708680906425,-0.1034287557981789,-0.04635672034463381,-0.03912536953278353
-0.23067728752521202,-0.10376185846702042,-0.06837912855384347,0.022338773705705264
-0.18501155125639063,-0.0813708435886629,-0.06575391167832352,0.05136381506539346
-0.11609780091709243,-0.04273674347444014,-0.047221453887340774,0.035588568087421904
-0.04282992731458224,-0.0005705042180549932,-0.024103097233083407,-0.024503564291672865
0.01608708268409275,0.030343925293382996,-0.007152757346322195,-0.11462923074484456
0.04772431064358023,0.0379082981545783,-0.003981399326011385,-0.2100389928202406
0.04845829633396606,0.016576943292545082,-0.017585331954408895,-0.28232571292764835
0.024259271535438394,-0.030807355398263642,-0.04616032746573131,-0.3077220685940976
-0.012293759045717957,-0.09368085827270428,-0.08404851314907955,-0.27433146979777795
-0.047118071425527104,-0.15664885657273594,-0.12342585515764393,-0.18598346021994294
-0.06992490046542452,-0.2037035661834148,-0.15623724103733685,-0.06141855525174869
-0.07772155596636765,-0.22255989489866043,-0.17592218529744139,0.07102298027498222
-0.07522243033679497,-0.20793633343956125,-0.17860999320539692,0.1815853880627941
-0.07206998042230336,-0.16294943891250044,-0.16364277777308708,0.247589000886633
-0.07801617439257702,-0.09831456531417566,-0.13345209934802618,0.25955348971282693
-0.0980331809944875,-0.02960478896589311,-0.0929304467333524,0.22305165747416625
-0.12938051832288783,0.02671842046770822,-0.048487622956692976,0.15580312357900214
-0.1619140744373489,0.05751632632628781,-0.0069744898028882805,0.08109316713199387
-0.18165236379862967,0.05639589468717012,0.02538101288808556,0.019809146284147167
-0.17630348445321078,0.025495849290739524,0.04391855539035021,-0.016188605064189725
-0.14061811652817613,-0.024847335523026242,0.04628267648067049,-0.02715034188665676
-0.07941261547739764,-0.07855418218449074,0.03286326879922975,-0.024026342997349303
-0.006933040725295393,-0.11786855351162288,0.006845561558976893,-0.02319478175193498
0.05739487019883686,-0.1280944192696607,-0.02620582340464458,-0.039309379831293484
0.09538581200015883,-0.10181521927830904,-0.059242679983784526,-0.07889335399581493
0.09636195464425398,-0.04143348948498844,-0.08501676868020105,-0.13702282737687096
0.06093786951349897,0.04079792453007898,-0.09753266130571175,-0.19833291248178525
0.0008816933204974813,0.1254809897279406,-0.09335008011281042,-0.2420363866841315
-0.06493605091921344,0.19100125854213995,-0.07238977066150844,-0.24921377883452256
-0.11702893037319217,0.21948161362023574,-0.03797919202459399,-0.2098187749819116
-0.1418267711156605,0.20214413513360033,0.003938001957723992,-0.126927891488656
-0.13586130495001114,0.1424777048744892,0.04625801583654976,-0.016712352605324058
-0.10612609897041855,0.05610814340034477,0.08244198247973371,0.09591734662488331
-0.06660848716583384,-0.03284552326667827,0.10799561136313096,0.1845682340248335
-0.03245741417176407,-0.09810664933232868,0.12123913210555623,0.2291321578354769
-0.014133117854589006,-0.11857022751913052,0.12312580744996353,0.2215426659658782
-0.013836316883492393,-0.08450860483337203,0.11619997252798168,0.1677291059008697
-0.025556055028516152,-0.0007480924957469487,0.10311418738014902,0.08528511228375403
-0.03858799019894762,0.11426580196298976,0.08532157743453449,-0.002212656340353804
-0.04295326734474979,0.23338475836876307,0.06253090686811923,-0.07226354949043609
-0.034365213781472864,0.32829303188450937,0.03324255505187214,-0.10959007588234461
-0.01656942432157486,0.37744433182769926,-0.0037488370952669116,-0.10955126131664443
3.7905676560651934e-05,0.3720018484145175,-0.047441924604398,-0.07804055412067655
0.0030527258686553586,0.3179629837160414,-0.09313937010939713,-0.028298197710958276
-0.015901595041254383,0.2338275504783767,-0.13219028996950818,0.023982596962493757
-0.05629704934895484,0.14457316907497988,-0.15341545051728803,0.06549531026296153
-0.1071894854435696,0.07387622091557594,-0.14606929728046328,0.08860834016614003
-0.15001766889066825,0.03706770818035287,-0.10355589247911452,0.09234652943367093
-0.16495132281197186,0.0370488796581087,-0.026678940793043317,0.08120661536225164
-0.13854307979779587,0.06439229626579711,0.07483720392374556,0.06264910413943424
-0.06977602013689274,0.10145191327774997,0.183400620320932,0.044382249085812675
0.027953799585432187,0.1289738809210479,0.2772420496002283,0.0323585454916698
0.12995840940286418,0.1328911982027412,0.3359023940386208,0.02989341827818785
0.2076444939425459,0.10897573733110723,0.34596634484587613,0.03775447926312014
0.2377037070856476,0.06381094123076451,0.305244543758439,0.054712670694645256
0.2098989472565289,0.011860501235788537,0.22395493867059915,0.07802820773694927
0.13066975190841087,-0.030217082201734972,0.12232453451867685,0.10362646277997989
0.021242859806442783,-0.04990263276900102,0.025161660434203037,0.126118176553501
-0.08910906394217064,-0.04349150230865873,-0.04503745897847417,0.13909764266604835
-0.17229411925832477,-0.017421747083909537,-0.07434185903673773,0.13613736179569835
-0.2098972798433225,0.014213863646341727,-0.06103239630815988,0.11256381325130234
-0.19806339921459493,0.0350575556281407,-0.01547855254955877,0.0675914501989873
-0.14726261090129195,0.032808653992778936,0.04370235796928794,0.005965138484059527
-0.07732543002019689,0.004159317874087597,0.09592882447732384,-0.061836298223088886
-0.009823180034692264,-0.04349290854703893,0.12529740311263665,-0.12142879286523002
0.03927386845645637,-0.09424898262099446,0.12539017387265364,-0.15824864750886816
0.06400296549911826,-0.12912215425288293,0.10069299525956286,-0.16220041071210586
0.06849021974231569,-0.1327960907150725,0.0642433722544825,-0.1316575103952203
0.06306222435909681,-0.09935559211171797,0.03242862261065606,-0.07519508441233379
0.05827753998277883,-0.0349460567124859,0.018829758411506612,-0.01003464157038124
0.059499907771028,0.04363360794784721,0.02931007827053328,0.04272067813446407
0.06430002582101352,0.11399794748152964,0.06007218416264527,0.06476010604018785
0.06372830882368528,0.15523010353920214,0.09932265033767294,0.04697415506293166
0.04686021198239327,0.15456579077684257,0.13187820349816257,-0.0067222788767609554
0.0066399544541013355,0.11147249811840676,0.14498956984882447,-0.07976049173084475
-0.05551410467789975,0.0377801598600845,0.1332291724580049,-0.14770956073607494
-0.12840841800917918,-0.046140805525097625,0.10064045415890245,-0.1861334247262372
-0.19383047119661673,-0.11783504407288281,0.059351057237710725,-0.1789516576996231
-0.23248331041515075,-0.1596792509468776,0.025144412064199387,-0.12438975602773261
-0.2309157720935723,-0.16398851905736272,0.011595536223134166,-0.03629279712238774
-0.1868061588435113,-0.13471081729398,0.024904535376549256,0.05988763980745547
-0.11052449283698848,-0.08530145566337907,0.06131554389317146,0.13525868086079704
-0.022274118304457826,-0.033662546445337595,0.10808081310321574,0.16710267144919205
0.05423479149547488,0.004019434586936041,0.14765733513424623,0.1466284567939594
0.09933498719835807,0.01841499833653432,0.16366749572513403,0.08209515923260473
0.10348904752282195,0.009493777700408683,0.14653107867520823,-0.003890653457559191
0.0697959305402057,-0.014410343611783356,0.09680301333315226,-0.08206755271756898
0.012147681377599969,-0.04039773144467627,0.025075649594400548,-0.1265801911881894
-0.05013043399148439,-0.05618710172520638,-0.051478428797984345,-0.12390451085679559
-0.09907696962578455,-0.05479267683731309,-0.1146781450847139,-0.07748810236168786
-0.12382056890471033,-0.037058742704481194,-0.15107051090106466,-0.0064411433175725055
-0.12325303533443946,-0.01122890959505067,-0.15588183991757754,0.06129223789588628
-0.10491382153642075,0.010206292126121966,-0.13391854990709245,0.09889477949568785
-0.08081701901302345,0.015197948320287117,-0.09725866635773062,0.09026461155612851
-0.06206767545968089,-0.003320283272479601,-0.060694019859840936,0.03585415613155202
-0.05446377567306165,-0.04462371776546887,-0.036615219101798255,-0.047290844295715964
-0.056759137719763104,-0.1000679336143088,-0.03113106146567268,-0.13129218034675472
-0.062108597436887,-0.1556501840673879,-0.042673587058249036,-0.18696209788217555
-0.061906820520287925,-0.19636569901661374,-0.06338437837593537,-0.19375152618500024
-0.050287743964263436,-0.2108931790708676,-0.08257302875555,-0.14668105805377413
-0.027334397245658032,-0.19508377144244998,-0.09085196133537368,-0.05791999349088242
0.00037720109925464635,-0.15317271311892372,-0.08341543029953574,0.047414661664103186
0.022160685001845887,-0.09640864062523788,-0.061362157376710774,0.1396553904066643
0.027587553256963167,-0.03962875814720981,-0.030766456338797474,0.19419220790495434
0.01108986121200994,0.0030763499373257243,-5.8385126758573545e-05,0.19899441982536095
-0.025061289272024362,0.0222510819721298,0.02314542698185368,0.1576023016010027
-0.0706372088179331,0.015387546153771891,0.03451507316553751,0.08681909901676518
-0.11033271776083253,-0.012903240742312186,0.033922815138864186,0.010202409356535262
-0.128650819682215,-0.05273655464739402,0.02462952579465774,-0.05015501239625682
-0.11505462300019757,-0.09210045129326144,0.011279416092928322,-0.08062424354234494
-0.06757378178087468,-0.12027424380007928,-0.002316511560616791,-0.07950711699700731
0.006355181675408045,-0.13052020949250767,-0.014614999261466177,-0.05605964395689191
0.09202410187167072,-0.12137697186002212,-0.026403353818738276,-0.02579562325643281
0.1717383528906543,-0.09637068802302397,-0.039539306288492296,-0.004061017096206021
0.22974931663870415,-0.062438549254078324,-0.055018065645015206,-0.0003329996306938758
0.25623481153250244,-0.027683743661270428,-0.07132999387103706,-0.015240784167886684
0.24919998774865457,0.0008241904900930388,-0.08396798946558198,-0.041156213944174284
0.21398635566080507,0.018618013576663924,-0.08646437382697827,-0.06582910301859965
0.16090040620541698,0.024461362484281383,-0.07267888894232531,-0.07746654202298787
0.1020011643339301,0.02004476266856747,-0.03949211950057486,-0.06925323397300431
0.048160838808440805,0.009011819857147477,0.011182620910117931,-0.041681227652223464
0.007173350436770644,-0.004291446941364974,0.07196467593001107,-0.002005532062442894
-0.01686861523372956,-0.01595907088319532,0.13148560087233865,0.038732524527319484
-0.023215406569886455,-0.023288999476429387,0.17740456000769966,0.06980709295200795
-0.01366507337267492,-0.025062875140461564,0.1999848062172217,0.08442855758774624
0.008185695925956282,-0.021392966645066132,0.19501072041793424,0.08161051333258393
0.03744916487676899,-0.013293751592721961,0.16502838530101208,0.06579447799610165
0.06834300417789266,-0.002173837156011693,0.11847275883553599,0.04463715885490427
0.09477634466053168,0.010580695723345737,0.06698567187698792,0.026010888014348
0.1113421172578389,0.02382766407878014,0.021855836739433174,0.015436166672781072
0.1146363952283288,0.0366753186933932,-0.009204993814891932,0.014834845778067205
0.10448149167440571,0.04833213720279087,-0.023894505669535163,0.02284419422080263
0.08444288311588176,0.057910565617371436,-0.02523763318428689,0.03626144301089306
0.061144052093272505,0.0643110204986655,-0.01976494540788003,0.051776693385926144
0.04230129411207109,0.06628630210038465,-0.014729414155562276,0.06715114071771577
0.03396974037988,0.06272246197577948,-0.015427700457979294,0.08137411257070692
0.03796129064831423,0.05308442496419446,-0.02357363223698958,0.09389247509030145
0.05052412171498246,0.037888049974719784,-0.03721044906473772,0.10348558218531796
0.06304499339470664,0.019005865475046173,-0.05203571018440317,0.10754080178964237
0.06482389664590057,-0.00038031791183302177,-0.06348880281150507,0.1022907424897964
0.04712887575176763,-0.016286740834581592,-0.06871116070214815,0.08409545267161214
0.007107269088966761,-0.02485890256458679,-0.06761040631003123,0.051309827310662415
-0.05000250170479057,-0.0235232844406051,-0.06267461654648197,0.005917255880140626
-0.11143613908029941,-0.012022448461383731,-0.057712605596775504,-0.04589412235977338
-0.16036431337325438,0.007045036606670453,-0.05612385619057909,-0.0946683701550691
-0.1812656909991178,0.02847085367552246,-0.0594604297664847,-0.1299913277278313
-0.16540698582630348,0.04554903630511388,-0.06688016410031898,-0.14345335535714954
-0.11442849168179059,0.051851711829382474,-0.07568493344427839,-0.1312296089430295
-0.04058538589609345,0.04320393644370332,-0.08266514098859858,-0.09532966391612419
0.036666808294680456,0.01924875461175773,-0.08563018045629428,-0.04303573538457524
0.09672934897535614,-0.015961709728000092,-0.08443430925451625,0.015284273493134801
0.12452848370437457,-0.05466734092649805,-0.08103381588466238,0.06920056254486057
0.11545153526613393,-0.08732353173893044,-0.07853682373370559,0.11099714749168973
0.07675034459671008,-0.10526576575536775,-0.07965173902189499,0.13724185753883156
0.02483752405673801,-0.10333992054499494,-0.08521656208379813,0.14869150399699393
-0.0206253480622985,-0.08166117054120033,-0.09348061064428875,0.14874035479743586
-0.04376909423517393,-0.04587874261982959,-0.10051224516482059,0.14118585792958613
-0.0381694911603025,-0.005764591862037416,-0.10163943960245458,0.12832196668969748
-0.009069580532038027,0.027522259929097157,-0.09338455033035324,0.11018437726360225
0.02863867086341173,0.044693751498042784,-0.07511536583702605,0.0852431821117031
0.05594546530624311,0.04110359229329488,-0.04970615753074053,0.05218693506764786
0.05675967171196786,0.018140506626816204,-0.022865800103699378,0.011938949729616776
0.023896527594242788,-0.017225426170411055,-0.0013076330149623787,-0.031096406218754213
-0.03814890307659794,-0.05462114111708604,0.009595136884354904,-0.06927654267933836
-0.1146283106369548,-0.08348537177236327,0.0077923799904522605,-0.09356993696535831
-0.1856202320105912,-0.0962849046793562,-0.0045943142612750775,-0.09644780145999497
-0.23289913382335461,-0.09069359954945792,-0.021921814624601674,-0.07476862134148421
-0.2461083245915906,-0.07004168204504013,-0.036977338461047074,-0.031518800456402804
-0.22604744360183282,-0.041924233095956075,-0.043533960624037506,0.024368784312819247
-0.18397404689146243,-0.015475848063027842,-0.038565969732111474,0.08021918578419707
-0.13728467444254716,0.0017403231041472765,-0.023289452018445723,0.1232006439728079
-0.10323589111953879,0.006169292346060633,-0.0026221783205056287,0.1441213562807146
-0.0930174534194828,-0.0007779711868537184,0.016752973495333254,0.1401580219587539
-0.10827569088737468,-0.013520524785337312,0.02900682809614066,0.11558703965736654
-0.14121102030080326,-0.024516669911678234,0.03148208785771016,0.08027251840193517
-0.17802490475067992,-0.027063059896061004,0.025824997208263836,0.04643092219045499
-0.20428186734965426,-0.017679059322342268,0.01747460621478629,0.024763956546236095
-0.21012562661304138,0.0027490046887827546,0.013659062401543005,0.02123049880016757
-0.19345494950854833,0.029420478112747516,0.02060532138327217,0.03546502233316905
-0.16002831303335283,0.055443346687046674,0.040971224328382044,0.06125577776479164
-0.12067154432250139,0.07431610911317253,0.07244527576346224,0.08879613724958609
-0.0868386383865193,0.08214435781337316,0.10805304043256611,0.1078672066333886
-0.0663204655212311,0.07879822195130518,0.13810852620211336,0.11088123618032708
-0.06072613810964458,0.06763418125702642,0.1531719803235976,0.09486544608292867
-0.06557612564494447,0.053948486184682086,0.14702816580968733,0.061906947946758654
-0.07277685653878467,0.042795459009886086,0.11870061927896801,0.018127889525366005
-0.07432220692879049,0.0370211841491341,0.0728587475323754,-0.02828733650771949
-0.06564359605756849,0.03625640922335608,0.018525743526629022,-0.06927932912596207
-0.04725411044507183,0.037229098040551634,-0.033444133053612456,-0.09865065910272784
-0.024090537532739306,0.03524677847144623,-0.07327575423944815,-0.11296787958249571
-0.00293053114447073,0.026256021542629335,-0.09465899773055451,-0.11159710942092341
0.010945297938317063,0.008676346143502295,-0.09594059355246498,-0.0961243119347074
0.016378744829360817,-0.015696932182008728,-0.07989897384640822,-0.06953130443619505
0.01708694403853994,-0.042064598985282683,-0.052358477193498044,-0.03544563722544211
0.02016484917257604,-0.06412916774922729,-0.020240135289788085,0.002379424983376561
0.03289786273683611,-0.07617083798955886,0.010258560126018825,0.040370442118716696
0.05916499228651107,-0.0749282619204686,0.0348213670972231,0.07533769954029182
0.09692760021319421,-0.06060803157599731,0.05130143641156027,0.10468043384552689
0.13792170011738103,-0.036687135443944564,0.0592857842012308,0.12660845484571262
0.16984651557690783,-0.008628983777003536,0.059323575778460626,0.14029872443010757
0.1803844279351058,0.017969839708667636,0.05225461855833285,0.14587004042838397
0.16166230660143402,0.03909695627344635,0.038933440541448684,0.1441161643904081
0.11354617287489241,0.05328659463129172,0.020392806238429807,0.13606279777376248
0.04453260053006657,0.0615268061228239,-0.0017528354851519062,0.12253727165766247
-0.0301759661214825,0.06623337100948228,-0.024991874611937557,0.10398317797137592
-0.09285000234028337,0.0697712517022844,-0.04597803818847136,0.08067075453813444
-0.1283286731748898,0.07316239346942931,-0.061079561012230575,0.05326546680291154
-0.12839062637038157,0.07551893615222412,-0.06728347845233092,0.0235014316095004
-0.09401868756499411,0.07442857988004652,-0.06313262002935074,-0.005427993722089657
-0.03489616381191679,0.06712142994661605,-0.04931706877730189,-0.029115586326575554
0.03361433424736382,0.05192391908650722,-0.028648277649545903,-0.04295211656034976
0.09496968233381636,0.029382946088940622,-0.005370675084347299,-0.043693385774912843
0.1359765617447675,0.0025690637045042504,0.015980469900555558,-0.03104780995047387
0.14999532973135812,-0.023609777117186814,0.031789497541621844,-0.0085981093142409
0.1379775726794824,-0.0438609011522625,0.04022696979474419,0.016508595193556054
0.10724067810363615,-0.05419683379866679,0.04149430042878518,0.03527808846487585
0.068587622839876,-0.05323235769832237,0.03740792719485102,0.039631209447046886
0.03282043532121917,-0.04260177874994288,0.030532146475057004,0.025362948375634416
0.0077563442642254645,-0.02634045673101367,0.023225483102903656,-0.005774305661930052
-0.0034396175351414575,-0.009464491417590171,0.016968710506649658,-0.045772956703104696
-0.0023035234776316573,0.0037195787209392574,0.012196473574335636,-0.0822294421116448
0.00626428528828789,0.010950960429369777,0.00862387908690547,-0.1019833617918439
0.016106098754670492,0.012519277748765073,0.00584370759316691,-0.095463995336461
0.021936262865866765,0.010786660548523062,0.00386095170756712,-0.06029937065028462
0.020865851370364476,0.008954220370260876,0.003275063046891758,-0.0028640020984815797
0.012985409965724105,0.009583487795126407,0.004996992719184576,0.06294698518645579
0.0010050574651211447,0.013464817670468436,0.009620651834469996,0.11951455284876634
-0.010781003277898502,0.019275789112239435,0.01675414001498536,0.15075486749899106
-0.017808039300705004,0.0241542517907774,0.02467009007876901,0.14716475837245405
-0.0164495980999203,0.024948322452200834,0.030526129946394937,0.1089697087231439
-0.004856451496053121,0.019639831762852552,0.031173959194955362,0.04627085348286655
0.01668428662955393,0.00836973287309791,0.024312031143743387,-0.02392858604776342
0.045846289403612364,-0.00635246084912817,0.009553339480652921,-0.08288579015396627
0.07871434366140351,-0.020359631773640446,-0.011040366194940657,-0.11578945211231553
0.11046047930077275,-0.02921112567645798,-0.033243445485393666,-0.11608204951948958
0.13612839047744604,-0.029746942917528742,-0.05176335681707519,-0.08703837510040226
0.15142642385965463,-0.021244524356597412,-0.06183016926090988,-0.040147683022972794
0.15343811555076356,-0.005758040530955862,-0.06074855461164628,0.009063470803055317
0.14115789750458352,0.012480063742987942,-0.048861278812553297,0.04627807826831463
0.1157601463398196,0.028378419503657763,-0.029558270812175616,0.06289786007776012
0.08052768352996169,0.037561271769533826,-0.008293548689517252,0.05832752949606342
0.04040992960702991,0.03766002226617205,0.009076065235044296,0.03937762329522064
0.0012475067778850435,0.028906494733323684,0.018072699647228095,0.017162273125593167
-0.03122598269045139,0.013876528309817249,0.016898343513678672,0.0027287178498823566
-0.05243339918011298,-0.003466532313377162,0.006827714502611916,0.003040400846443993
-0.05985307758572488,-0.01905260636485965,-0.008407047698866856,0.01872310166936997
-0.053576024339895126,-0.02985945988492173,-0.023982465972750364,0.04427290471004252
-0.03638024423923061,-0.03458284544372037,-0.03558843680046476,0.07049405500944728
-0.013263615507449674,-0.03367439386306986,-0.0407003454310103,0.08813338970152812
0.009521010668594619,-0.028838912910002047,-0.03910116211882782,0.091295487487862
0.02577766035471529,-0.02225859759862271,-0.03253839601590333,0.07938273494208418
0.030780721845237658,-0.01586420920748081,-0.023731574277245884,0.05692453021256263
0.022483805300033816,-0.010896674846175368,-0.015176955072859377,0.031488443113080675
0.002212955268019663,-0.007842775644976695,-0.008241195264516853,0.010583093005892448
-0.025396899704597988,-0.006660674357519449,-0.002883574105484481,-0.0011984745681113238
-0.05331418052747858,-0.007105961600610284,0.0019355829527607645,-0.003698631181412299
-0.07375394741346772,-0.008964280172915392,0.0073966351038892725,-0.0008489526939591932
-0.08021109932879543,-0.012083140194872622,0.01393438756171637,0.0013219704796818244
-0.06937171899536031,-0.01622428587466843,0.02074811126028322,-0.0025310841804848535
-0.04234162196705664,-0.02086415536409587,0.02595227980212471,-0.014643384051108956
-0.0047475228022401325,-0.02510278958717329,0.027326681280550803,-0.03304115329767527
0.03445603033236448,-0.027786682828199828,0.023352800975839617,-0.05220036193929835
0.06526443374564155,-0.027836373010148983,0.01408071610625823,-0.06519457064758656
0.07941152687232335,-0.024651685955098313,0.0014200138750843777,-0.06648106227115672
0.07286833851851594,-0.01840563322616417,-0.01132639574295214,-0.05423105487623541
0.04726027001043424,-0.010066175159921401,-0.02055443874658254,-0.03129123993729725
0.00968196924598139,-0.0010960296616262218,-0.023674036059641593,-0.004392438515369617
-0.029140314680111464,0.00707252387802323,-0.020127053874857855,0.018111113556079653
-0.057860713123235145,0.01357497776584152,-0.01167933034745092,0.029137084429631855
-0.06781284262680419,0.018422993141208235,-0.0018288643238570518,0.02534065904679182
-0.05557036488537007,0.02242303361144241,0.005480868478539782,0.008257147769665314
-0.023942466529359482,0.026706218026540395,0.0073678591395077665,-0.0162736237279448
0.018934557273496574,0.03204818972935257,0.0031567912862936016,-0.04016469743233845
0.06212782352530358,0.03827376726564456,-0.005299239945561886,-0.05585664243552415
0.09523730822266806,0.04403831761456284,-0.014274638878608883,-0.0588114332970668
0.11143240494303916,0.04714623064678485,-0.019579739374837382,-0.048863657582675
0.10921030465643346,0.04535114424853657,-0.018193598263154885,-0.030009195954246594
0.0923418479306414,0.03736661933736057,-0.009488081927492812,-0.008785762623206477
0.06810830629037577,0.023690541506232288,0.004449315826173468,0.008108423788514875
0.04452755715812924,0.006871896066521214,0.01954846501742094,0.01607658764481071
0.027602732329219924,-0.008972305903255207,0.03129110987437163,0.013978824778107064
0.01957747134076447,-0.019308448789292113,0.036470784777299654,0.004165539023363245
0.01876925833733691,-0.020657452003821953,0.03449521888336375,-0.008727277550099154
0.02093374783205932,-0.011881650550994709,0.0277041376384113,-0.01969813782488044
0.021525732046030022,0.005192384567897083,0.020540654267977257,-0.025269365980760187
0.01789266231511562,0.026089316647356586,0.017853585774053438,-0.024659341127291862
0.010491583880982803,0.04489378456563634,0.022953619026572808,-0.01985540137938338
0.0026372731014852927,0.055988452300942695,0.036162961318935136,-0.014628235237936387
-0.0010972086225531608,0.05575699437653269,0.054435360466565594,-0.012910864144059469
0.0028588210998172084,0.04368333965682202,0.0722363734443976,-0.017172111415174968
0.015126929322480361,0.022476778852066764,0.08340430257041555,-0.027383145887707263
0.03261390330702497,-0.002815124200375255,0.08333614335791938,-0.04093300027296214
0.04932658205680642,-0.026396524936640763,0.07070380180464643,-0.05349472201635497
0.058521624280594826,-0.043470092457356745,0.048060255285273364,-0.0605098169067148
0.05537988166136403,-0.0515535030069503,0.021090227974260113,-0.05875955797428973
0.03914126363261342,-0.05094644419605413,-0.0032484674207711897,-0.047486366700098474
0.013804218516834695,-0.04424198881675419,-0.019039908268193524,-0.02870431939712674
-0.012971495929802427,-0.03511789916621931,-0.0233575385457579,-0.006622021905424905
-0.03242293166428983,-0.026888480803467514,-0.017150101841854132,0.013608847739563812
-0.03778082222311219,-0.021358716011846957,-0.004755711121201453,0.027404672738006952
-0.026743082934377986,-0.01838227011156156,0.007769290854817742,0.03204961157330315
-0.0023721485696247355,-0.016241505622641757,0.014892288021956013,0.02740536475820726
0.027950982988865652,-0.012650835982189483,0.013600839035883671,0.015851279681966028
0.05514428131184942,-0.005954247098938255,0.004433987273980562,0.0015102155985914046
0.07163728016423258,0.003972262932610627,-0.008813226143809465,-0.010984815369176532
0.0739700349318123,0.015474434542413967,-0.020587399639442602,-0.017816446202589462
0.06380482356776614,0.025628022739022704,-0.025715970448884882,-0.01703147704983536
0.046990974861232014,0.03130543955908401,-0.02140007769373988,-0.009037719536442713
0.03107766852614559,0.030390492907664254,-0.008334533411955085,0.0035655414962429645
0.022268889344530307,0.022675997921356064,0.009448047353671819,0.01675893382396372
0.02302279422302933,0.010099984059615055,0.02594740643509318,0.026257006767761028
0.03123189571537471,-0.0037766161525469005,0.03528342861959051,0.028730241231196153
0.04128528142376015,-0.014869831057702041,0.033755304700228306,0.02276463490129798
0.04656103909639855,-0.01986371877350184,0.02114732588644123,0.009295617313641268
0.042325325563385315,-0.01724648638760607,0.000834892870742054,-0.008610985219687724
0.027852214601712895,-0.007747471294042218,-0.021326658526260825,-0.026583985193475122
0.006891415455833275,0.005949473907113633,-0.038924955437546045,-0.04016096875389694
-0.013724322500009833,0.020088131337461235,-0.04705237735281634,-0.04605521681040549
-0.026788306812297356,0.030996493139096578,-0.043810374815037786,-0.04310835756854555
-0.027663064946922687,0.03612802376082151,-0.030778372366889042,-0.032636887550314846
-0.016266853806976973,0.03466894192302175,-0.01234212042768059,-0.018049069530801074
0.0027188934441454886,0.02756696193462063,0.0058342884040956736,-0.0038265418666454548
0.021542457205749158,0.017042923041198324,0.01863896065886494,0.005832666949982657
0.03233971782141835,0.0058082195804317165,0.023027975153463415,0.008293096276275915
0.030210543159655063,-0.003724671027140178,0.018759856295622757,0.003274682153432024
0.015206195556381813,-0.009995182716520296,0.0081797535444225,-0.00710524077945868
-0.007563909999176306,-0.012489642339753856,-0.004785643010440417,-0.019066801200271856
-0.029767701303216064,-0.011600490759070945,-0.01601567135180614,-0.028447347156032483
-0.04293298276898995,-0.008280660336659338,-0.022474859508838815,-0.03210477208470155
-0.04159656822704269,-0.003662023744511366,-0.02298384713855093,-0.02897158707691505
-0.02531669220491073,0.0012281340011532375,-0.01829887895016801,-0.020397273619807282
0.0012076110864126777,0.005598679398137514,-0.010569891242098735,-0.009655972247036872
0.029927804356353508,0.00890255635793158,-0.002444498628537089,-0.0007847401835728154
0.05242776710537385,0.010796435330962566,0.0038355176940969497,0.0028466568948336984
0.06292985979781285,0.011123108484293135,0.0070496608607332045,-0.0002643970523324891
0.060176104536344345,0.009942381612013683,0.0071757178153883695,-0.009204865279510496
0.047503804910350535,0.007579841430526256,0.005151670197566188,-0.020941684793125807
0.03116214816995046,0.00462893171284968,0.002381479225066574,-0.03135618580961247
0.017609401903009386,0.0018507630745608853,0.0001985142575082112,-0.03665114219905394
0.010913223996554372,-3.451889032416621e-05,-0.0005312066621873942,-0.034635258321326204
0.011300793223994663,-0.0006055817122952309,0.000426421928866373,-0.02543927346790128
0.015408420488832165,5.906407762209625e-05,0.002731509294264287,-0.011426694569812337
0.018068951828577956,0.0013431391313220974,0.0056686847209744245,0.003647211693648476
0.014841269309037128,0.002270588506476595,0.008383920556087634,0.015909437244056305
0.004187426208459032,0.0018636640258895088,0.01008402896899424,0.022614598520480506
-0.011640724279291751,-0.0004411869890364349,0.010172120271026978,0.022928998149791782
-0.027398350948951267,-0.004485966078528475,0.008333084007637371,0.018006387743029328
-0.03701163781888762,-0.009335459069662606,0.004595247021519764,0.010377099374107468
-0.03621122134537731,-0.013528878839360386,-0.0006236755614080272,0.002920848878522969
-0.024523708782094457,-0.015573894766343778,-0.006509684801301638,-0.0021704663096156107
-0.005754646770408179,-0.014512757207963922,-0.011928088115444574,-0.004057203329253345
0.01329671965136742,-0.010345351479385942,-0.015614749435818519,-0.0033283662944008385
0.02542579259449035,-0.004132689018683629,-0.01647341527955663,-0.001515548296600915
0.025900696795550085,0.0022836255646579103,-0.013911409683638144,-0.00028765087838150476
0.014470188200614428,0.0068659297918886595,-0.008101617776907606,-0.0006798057241093975
-0.004338427522290043,0.00806825379313875,-5.52217570713007e-05,-0.0026736393439633606
-0.022807098259718633,0.005378503715192827,0.008561745502613757,-0.005283570912161792
-0.03292992263075759,-0.00048723240311272954,0.01584668899082586,-0.007085246530368039
-0.029528597759043852,-0.007814962015343927,0.02019715615372846,-0.006938011498798195
-0.012373677973664385,-0.014466832902613122,0.020788096044754817,-0.004577709766941065
0.013526934610628772,-0.018589576396555712,0.017814594073654575,-0.0008174263467202187
0.03961232507401862,-0.019198829920669673,0.012398147532256931,0.002735988504145602
0.05680928898677039,-0.016430738830728805,0.006174864968789455,0.004334694773281747
0.05879347413532571,-0.011381909095551295,0.0007064359359224035,0.002839134349413866
0.0442535483702838,-0.005617284480364689,-0.0030701375449369316,-0.001752849512956139
0.01732647479495311,-0.0005504753673839633,-0.005143705510042184,-0.008226002795604776
-0.013929150718070717,0.003056482147913174,-0.006359693344938017,-0.014562956569974998
-0.04041617406370654,0.0052829409498017016,-0.00800021379151377,-0.018698245443137876
-0.05513973698674415,0.0068689989067767816,-0.011172789944599106,-0.019314466042482173
-0.05544442200829884,0.0087569527983743,-0.016248760539826632,-0.016363621146247738
-0.04356739595573677,0.011559900875988361,-0.022581718858334283,-0.011104026178538087
-0.02539327021540242,0.015189754701882807,-0.02863377496450328,-0.005634624282327373
-0.007981133396438307,0.018808378850383133,-0.032480532822495876,-0.0021069993817645393
0.0031282579254976618,0.021129662501364315,-0.03251487967786687,-0.0019214398598014011
0.005788016926010006,0.02095267286358295,-0.028084838914587292,-0.0052174807955076416
0.0016413160604343239,0.017706937288015416,-0.019817134866225262,-0.010851139017049807
-0.005007915299702669,0.011780870684995958,-0.009491807080252846,-0.016859020024293035
-0.009291957460531441,0.004487798946303598,0.0004983096601396874,-0.021220722018969837
-0.007933242107350216,-0.0023325078893184584,0.00791107317388587,-0.02261991447690852
-0.0005732440081034672,-0.006933045912768653,0.011363057747529597,-0.020913180978766117
0.010222675514012259,-0.00826612810368654,0.010723894496452627,-0.0171377380473019
0.02021498881220552,-0.006346246288578659,0.00705827303103326,-0.013073192639541115
0.02540897334419628,-0.0022314832334352505,0.002149631010129902,-0.010544074035074237
0.02380321182918845,0.002367538709569612,-0.0022019905353172094,-0.01074167455256954
0.016230306410044023,0.005700345520210551,-0.004833148707347033,-0.013822441863985669
0.005958037256907036,0.006578934305601239,-0.0055722744386568455,-0.018918804589989204
-0.002748889124813625,0.0047480752645714455,-0.005171147011097198,-0.024529522475115254
-0.0064722284059512605,0.0008977842824349612,-0.00485782267164634,-0.02911010932814052
-0.004096284204384409,-0.003666347043051484,-0.005707200986907219,-0.031617454129482685
0.002738178126617456,-0.007549202614811034,-0.00809613614592384,-0.03179938012701967
0.010364554839661887,-0.009775179644900276,-0.011472654720811944,-0.030139364084117524
0.014685656470515231,-0.010086222716675041,-0.014538802469047029,-0.0275155691097962
0.012952543748441535,-0.008930215058805762,-0.015776358093277543,-0.024748328764600678
0.004974654212710565,-0.007171027952493334,-0.01410265015435729,-0.02224461057580985
-0.006746543359838736,-0.005662051625925235,-0.009387182738935207,-0.019890868768951415
-0.018013725133382445,-0.004871867007576506,-0.0026116821404227556,-0.017225385948799
-0.024640669125238338,-0.004717216252591249,0.0044039206850007805,-0.013792144791216904
-0.02415755318371934,-0.004661665521123692,0.009614828315208535,-0.00949717146750831
-0.016808056357066045,-0.004021162214014668,0.011473377592470685,-0.004789776756632431
-0.0054313935340213485,-0.002330186533983592,0.009483641221037203,-0.0005732121316276658
0.00571175532661405,0.00039936075314636637,0.004375826993041763,0.0021252741122225615
0.012673796137539573,0.003642555410987337,-0.0021654697821842737,0.00258217355101745
0.013393316031652653,0.006563867931744364,-0.008112826669431408,0.0007106486177850993
0.008460717638104282,0.008366273463712914,-0.01181136952349386,-0.002857862560050427
0.0007738337026299374,0.00863096185289301,-0.012525706169883761,-0.006992667946087331
-0.005753756091451984,0.0074958992108119194,-0.0106167602694383,-0.01050054412884426
-0.007876878153392596,0.005592694602825247,-0.007295314500155442,-0.012597804568193404
-0.004384350540406122,0.0037680995647974376,-0.004065815056113205,-0.013213263150897681
0.003422415830397744,0.002712348361563328,-0.0020927627475015916,-0.012984653607365233
0.0123270618350271,0.002659367029198606,-0.0017463459520688997,-0.012940517267327659
0.01860636196025809,0.0032943287658545413,-0.0025054857469938223,-0.013997087832025277
0.019643197330935665,0.003914054388757912,-0.0032478746946340105,-0.016485961798328747
0.015056289162766495,0.003773713993206039,-0.0027982529160810467,-0.0199243816741074
0.006866515622885567,0.0024677708548460206,-0.0005017212844743993,-0.02314430176425533
-0.0013703967457302769,0.00017217007714806124,0.003420180902454436,-0.024746652165681074
-0.0060960009160231365,-0.0023706350728116745,0.007883672950781554,-0.02370512720488671
-0.005294017447278527,-0.004133500713256274,0.01132915439767177,-0.019869895869680854
0.0006122796574316419,-0.004245370252342389,0.012329804850891362,-0.01414962548136372
0.008899687286665934,-0.0024071463728336283,0.010180335472991752,-0.008272298506204997
0.015674599947252132,0.0009013988806588859,0.00522851233431148,-0.00419422357221328
0.017525730967669066,0.004529070475675612,-0.0011887263584169448,-0.00337428168750548
0.013007038086255623,0.007053165839475851,-0.0071885728525702885,-0.006195454465871383
0.0033209530193056913,0.007325778335741429,-0.011001015886019478,-0.011768856326105182
-0.00810003325389954,0.004951407721276185,-0.011594972630930915,-0.01821248305548406
-0.016957794110423578,0.0004977605577349034,-0.009036666615385424,-0.023312750192641993
-0.01984614798890852,-0.0046593605253043395,-0.004448288825981142,-0.025324491590886497
-0.015677794662125457,-0.00881297174145789,0.00041244875757523686,-0.02360591968029136
-0.0061848662304580275,-0.010549155280949204,0.0037891699178693276,-0.018844268377790782
0.004726558950157606,-0.009279893591166738,0.004540347201456826,-0.012783660627529312
0.012517560427776797,-0.005475185050731496,0.0025057492774292426,-0.007558650867354596
0.01383231878328767,-0.0004985381370144125,-0.0014975552329356918,-0.004889504045088819
0.007850816285172152,0.0038964991969562624,-0.006029577488402493,-0.005448320798246097
-0.003374522694634024,0.0062180538238295665,-0.00958219746849684,-0.008637536532366973
-0.015738292549300512,0.005785825428481822,-0.011117390631269953,-0.012860724476233912
-0.024726367815293786,0.0029677756492418367,-0.010390911846581164,-0.016173762398479875
-0.027217151377124563,-0.0009858035603250298,-0.007957082891263175,-0.017057790141671893
-0.02270854396250117,-0.004442997063241514,-0.004878584809382015,-0.015011268962519341
-0.013475106611490394,-0.006027644782192981,-0.0022762931787509476,-0.010733275594571243
-0.0035980409167084533,-0.005143619510527001,-0.0009056758353074677,-0.005833253385620601
0.0027286940581360522,-0.0021833854440984034,-0.000921252977309714,-0.002188590478389378
0.0029185588202033544,0.0016550359840502803,-0.0019035131996605057,-0.0012070495125453525
-0.0029660771185334037,0.004863128068487385,-0.0031119704349211025,-0.0032836043142516675
-0.012274301262891344,0.006227337734205757,-0.003839700692233891,-0.007659547516753253
-0.020897446638408926,0.005302899730922045,-0.0037132209076294683,-0.012730068773670097
-0.024998687990063214,0.0025704863563846755,-0.0028165013991913995,-0.016670163754878484
-0.02262494614745015,-0.0007801912624033073,-0.0016010248747826519,-0.01812759958839388
-0.014535200089825399,-0.003345685002532758,-0.0006378639910738261,-0.01671232399157663
-0.0039038476036052892,-0.004078910889034334,-0.00033266894510026497,-0.013099364962396345
0.004977915347053878,-0.002703652053630961,-0.0007341253611152797,-0.00871950321885968
0.008466955284110338,0.00019017834358949412,-0.0015191087650087002,-0.005174603389979985
0.005072054275597362,0.0034026048650363894,-0.0021559130769228515,-0.0036177232416205285
-0.00392242230945728,0.005620780655786241,-0.0021670224599842814,-0.004342635976937053
-0.014969657859397698,0.005951719325178178,-0.0013695006068903425,-0.0067344136932669715
-0.023699515605507794,0.004274417500634693,1.7766344438062797e-05,-0.009582521874879712
-0.026692997548577305,0.0012724246501998467,0.0014508132848657454,-0.011612628791990745
-0.022864952483924558,-0.001859815871004714,0.0022901773845865453,-0.012011428398889405
-0.013890425165365794,-0.003910844313079481,0.0020839615414238546,-0.010731295798294288
-0.0035037902711341873,-0.0041412009520268855,0.0007801472859225829,-0.008460411671261802
0.004037611817272015,-0.00256845217072359,-0.0012269319259306025,-0.006286068291190602
0.005692457105305166,6.369659623297488e-05,-0.00324044655062772,-0.005204687132573051
0.0008640981776873775,0.002612605505618219,-0.004537987791010617,-0.005690383776578922
-0.008381114173113347,0.004019378923174122,-0.004666386716060364,-0.007502540297673069
-0.01818863511496586,0.003744822071396826,-0.0036300845904595033,-0.00980714851328646
-0.024517238344162712,0.0019793815644332854,-0.0018923285629171215,-0.011552406701207914
-0.024804431982791374,-0.0004556893005411234,-0.00018661395998219394,-0.011932782139252357
-0.01901058247283716,-0.0024693587643042697,0.0007844705631188555,-0.010741311267727545
-0.009616105861662012,-0.003169186655431296,0.0006381586906529876,-0.00846040877513878
-0.0005794691615740407,-0.002239548070210344,-0.0005321146064048018,-0.006054372307194025
0.004308260112427158,-7.215882950231487e-05,-0.002198202617088576,-0.004553858591258346
0.0029902097779904648,0.002403562037297104,-0.003619517356860935,-0.004610349588120799
-0.004014320140145811,0.004116785408039423,-0.004153608561792985,-0.006210583374690431
-0.013836670265746993,0.004310408637360762,-0.0035257574498331187,-0.00867271917478028
-0.022455685008987075,0.002863581436231046,-0.0019454041619351588,-0.010926820640074716
-0.026365828311247824,0.00034655356426065745,-2.1085009944781576e-05,-0.011962338914578537
-0.024025219088201794,-0.002214760244036601,0.001490540772519597,-0.011254880554089217
-0.0164858913747282,-0.0037656888753235906,0.0019970553910875514,-0.008992917194693117
-0.006948688402984504,-0.003662615283218891,0.0013142300738876313,-0.006008490700829628
0.0005695069586743181,-0.001942052035381856,-0.0002594741185488271,-0.003439397142232212
0.0029022384942914287,0.0006931780840530698,-0.00206818027692223,-0.002262276701263631
-0.000956564876080609,0.003164789491272793,-0.00337090900609056,-0.002889940179337217
-0.00943999302327561,0.004465710024170494,-0.003647373397552909,-0.004999841763017941
-0.019061362489980575,0.004076720929898709,-0.0028103265813651766,-0.007664983897447567
-0.02586065005579647,0.002179969448102994,-0.0012369699552867816,-0.009733487541056718
-0.027044311336523852,-0.00041900829956856793,0.0003924657096483235,-0.010300412133660107
-0.022140041649911964,-0.00262780825141165,0.00138069741922398,-0.009077554209186154
-0.013189958576031066,-0.0035218861178146336,0.0013043054449262393,-0.006509349534767533
-0.0039040598274596152,-0.0027282869493569692,0.00018863014035197333,-0.003587904272310601
0.0018743742360639302,-0.0005790289657898525,-0.0015053398407784762,-0.0014441088686597565
0.0017561258453503855,0.002029167530275319,-0.0030754502592472478,-0.0008835958659951811
-0.004209782755186122,0.004009914375889163,-0.003872186338637563,-0.0020583027679140606
-0.013560604034806464,0.004540522111568026,-0.003568918034230584,-0.004407839711977488
-0.022441175264029035,0.003404895130173338,-0.00229624411385253,-0.006893380528807686
-0.027198413387033913,0.0010833204981429904,-0.0005853266583274257,-0.008426525993278495
-0.02588941065094713,-0.0014480468775517463,0.0008550612672904791,-0.008316035931928858
-0.01908043535482067,-0.0031243733761313823,0.0014339891431155343,-0.006548978174316041
-0.009608142375426284,-0.0032364016138914996,0.0009229348040193247,-0.003791892831375926
-0.0014035124149309117,-0.0017267542239887263,-0.0004519776958917379,-0.0011132011426873382
0.0021340403852447114,0.0007851861394671593,-0.0021074573904861183,0.00045749361245579176
